timestamp_sec,timestamp_nanosec,marker_id,x,y,z,rigid_id,rx,ry,rz,qx,qy,qz,qw,is_track,source_frame_id,source_timestamp
1786074909,415511245,1,76.17591857910156,114.7406005859375,33.10454177856445,,,,,,,,,,645254,5369
1786074909,415511245,,,,,5,-1495.3134765625,1021.4125366210938,-775.4774780273438,0.11286400258541107,-0.14914214611053467,-0.2700221538543701,0.9445139169692993,1,645254,5369
1786074909,423513907,1,75.73871612548828,113.95673370361328,32.22304153442383,,,,,,,,,,645255,5369
1786074909,423513907,,,,,5,-1495.3128662109375,1021.4303588867188,-775.4854125976562,0.11296015232801437,-0.14890548586845398,-0.27024605870246887,0.9444756507873535,1,645255,5369
1786074909,431448218,1,76.09061431884766,114.09595489501953,32.799102783203125,,,,,,,,,,645256,5369
1786074909,431448218,,,,,5,-1495.3460693359375,1021.4246215820312,-775.4513549804688,0.1129152849316597,-0.14906570315361023,-0.26993927359580994,0.9445434808731079,1,645256,5369
1786074909,440468093,1,75.96713256835938,114.03258514404297,32.736698150634766,,,,,,,,,,645257,5369
1786074909,440468093,,,,,5,-1495.3355712890625,1021.3978881835938,-775.4796752929688,0.11276031285524368,-0.14896394312381744,-0.269748330116272,0.9446325302124023,1,645257,5369
1786074909,448412420,1,76.04454803466797,114.09417724609375,32.75296401977539,,,,,,,,,,645258,5369
1786074909,448412420,,,,,5,-1495.3336181640625,1021.421875,-775.500732421875,0.1130400151014328,-0.14902198314666748,-0.26974189281463623,0.9445918202400208,1,645258,5369
1786074909,456430474,1,76.51932525634766,113.94937133789062,32.10285568237305,,,,,,,,,,645259,5370
1786074909,456430474,,,,,5,-1495.3543701171875,1021.4228515625,-775.4548950195312,0.11286177486181259,-0.14895722270011902,-0.27056607604026794,0.9443877339363098,1,645259,5370
1786074909,465368685,1,75.99240112304688,114.06466674804688,32.751800537109375,,,,,,,,,,645260,5370
1786074909,465368685,,,,,5,-1495.317138671875,1021.3905639648438,-775.5144653320312,0.11274103820323944,-0.14898280799388885,-0.269250750541687,0.9447738528251648,1,645260,5370
1786074909,473420980,1,76.58972930908203,114.18315887451172,32.9813117980957,,,,,,,,,,645261,5370
1786074909,473420980,,,,,5,-1495.3382568359375,1021.3756103515625,-775.46826171875,0.11273153871297836,-0.14903892576694489,-0.27021080255508423,0.9444920420646667,1,645261,5370
1786074909,481365498,1,76.05585479736328,114.01726531982422,32.7147102355957,,,,,,,,,,645262,5370
1786074909,481365498,,,,,5,-1495.3255615234375,1021.3878173828125,-775.4723510742188,0.11256479471921921,-0.14904659986495972,-0.2696426510810852,0.9446730017662048,1,645262,5370
1786074909,490255838,1,76.54131317138672,114.17076110839844,32.895320892333984,,,,,,,,,,645263,5370
1786074909,490255838,,,,,5,-1495.299072265625,1021.4457397460938,-775.5167846679688,0.11297396570444107,-0.14919233322143555,-0.27043527364730835,0.9443745613098145,1,645263,5370
1786074909,498358596,1,76.46531677246094,114.13013458251953,32.63679504394531,,,,,,,,,,645264,5370
1786074909,498358596,,,,,5,-1495.3299560546875,1021.4309692382812,-775.4954223632812,0.11300330609083176,-0.14907361567020416,-0.2697305381298065,0.9445914626121521,1,645264,5370
1786074909,507167048,1,75.72067260742188,113.91252899169922,32.18521499633789,,,,,,,,,,645265,5370
1786074909,507167048,,,,,5,-1495.306884765625,1021.4374389648438,-775.48876953125,0.11300397664308548,-0.14913049340248108,-0.26948240399360657,0.9446530938148499,1,645265,5370
1786074909,515273934,1,75.7148208618164,113.92365264892578,32.199283599853516,,,,,,,,,,645266,5370
1786074909,515273934,,,,,5,-1495.3157958984375,1021.3982543945312,-775.48046875,0.1129714846611023,-0.1491776704788208,-0.27004438638687134,0.9444890022277832,1,645266,5370
1786074909,523140821,1,75.9869613647461,114.079345703125,32.761714935302734,,,,,,,,,,645267,5370
1786074909,523140821,,,,,5,-1495.309814453125,1021.4296264648438,-775.5189819335938,0.11288786679506302,-0.14918939769268036,-0.27058494091033936,0.9443424940109253,1,645267,5370
1786074909,532270008,1,76.49317932128906,114.22684478759766,32.710330963134766,,,,,,,,,,645268,5370
1786074909,532270008,,,,,5,-1495.29541015625,1021.3902587890625,-775.5225219726562,0.11308202147483826,-0.1489112824201584,-0.27022966742515564,0.9444648623466492,1,645268,5370
1786074909,540291934,1,75.67581176757812,113.94935607910156,32.20034408569336,,,,,,,,,,645269,5370
1786074909,540291934,,,,,5,-1495.294921875,1021.4381103515625,-775.5157470703125,0.1129828691482544,-0.1491655558347702,-0.27055323123931885,0.9443440437316895,1,645269,5370
1786074909,548177605,1,76.4122085571289,114.12142944335938,32.58945846557617,,,,,,,,,,645270,5370
1786074909,548177605,,,,,5,-1495.3123779296875,1021.4443359375,-775.4912719726562,0.11290479451417923,-0.14897677302360535,-0.2703755795955658,0.9444340467453003,1,645270,5370
1786074909,557161224,1,75.74723815917969,113.89280700683594,32.1825065612793,,,,,,,,,,645271,5370
1786074909,557161224,,,,,5,-1495.3177490234375,1021.4310913085938,-775.4561767578125,0.11301583051681519,-0.14882659912109375,-0.26942047476768494,0.9447174072265625,1,645271,5370
1786074909,565416046,1,75.80697631835938,114.0750732421875,32.18926239013672,,,,,,,,,,645272,5370
1786074909,565416046,,,,,5,-1495.344482421875,1021.4111328125,-775.4622192382812,0.11289695650339127,-0.14895814657211304,-0.27007046341896057,0.9445251226425171,1,645272,5370
1786074909,573143989,1,75.91436767578125,114.05384826660156,32.7005500793457,,,,,,,,,,645273,5370
1786074909,573143989,,,,,5,-1495.3255615234375,1021.4340209960938,-775.4765014648438,0.11305871605873108,-0.1489524096250534,-0.26991042494773865,0.944552481174469,1,645273,5370
1786074909,582229656,1,76.13387298583984,114.72811126708984,33.10154724121094,,,,,,,,,,645274,5370
1786074909,582229656,,,,,5,-1495.3543701171875,1021.4068603515625,-775.4537353515625,0.11286569386720657,-0.14907124638557434,-0.270180344581604,0.9444796442985535,1,645274,5370
1786074909,590128895,1,76.55152893066406,114.26386260986328,33.01731491088867,,,,,,,,,,645275,5370
1786074909,590128895,,,,,5,-1495.3226318359375,1021.4021606445312,-775.468994140625,0.1128966212272644,-0.1489698737859726,-0.2698860168457031,0.9445761442184448,1,645275,5370
1786074909,598235301,1,76.02143859863281,114.06631469726562,32.793182373046875,,,,,,,,,,645276,5370
1786074909,598235301,,,,,5,-1495.346923828125,1021.4053955078125,-775.458251953125,0.11276844888925552,-0.14910133183002472,-0.27008816599845886,0.9445128440856934,1,645276,5370
1786074909,607029769,1,76.05747985839844,114.08683776855469,32.77523422241211,,,,,,,,,,645277,5370
1786074909,607029769,,,,,5,-1495.336181640625,1021.3681640625,-775.4810791015625,0.11273962259292603,-0.14912566542625427,-0.2704697251319885,0.9444032907485962,1,645277,5370
1786074909,615038255,1,75.68575286865234,113.93372344970703,32.223819732666016,,,,,,,,,,645278,5370
1786074909,615038255,,,,,5,-1495.3082275390625,1021.3933715820312,-775.4572143554688,0.11309348046779633,-0.14891839027404785,-0.27016451954841614,0.9444810152053833,1,645278,5370
1786074909,624617393,1,76.44157409667969,114.22740173339844,32.67006301879883,,,,,,,,,,645279,5370
1786074909,624617393,,,,,5,-1495.3402099609375,1021.3985595703125,-775.4476928710938,0.11281946301460266,-0.14906300604343414,-0.26981082558631897,0.9445920586585999,1,645279,5370
1786074909,632124825,1,76.59432983398438,114.31826782226562,33.017051696777344,,,,,,,,,,645280,5370
1786074909,632124825,,,,,5,-1495.362060546875,1021.4014892578125,-775.4730834960938,0.11279503256082535,-0.14915835857391357,-0.26972639560699463,0.9446040391921997,1,645280,5370
1786074909,640057375,1,76.60004425048828,114.30730438232422,33.03305435180664,,,,,,,,,,645281,5370
1786074909,640057375,,,,,5,-1495.359619140625,1021.41650390625,-775.4485473632812,0.1130073145031929,-0.1489497274160385,-0.27025359869003296,0.9444608688354492,1,645281,5370
1786074909,648975427,1,76.02510833740234,113.78024291992188,31.97264862060547,,,,,,,,,,645282,5370
1786074909,648975427,,,,,5,-1495.3419189453125,1021.3653564453125,-775.460205078125,0.11272139102220535,-0.1490980088710785,-0.27000731229782104,0.9445420503616333,1,645282,5370
1786074909,656979017,1,75.65144348144531,114.0785903930664,32.293582916259766,,,,,,,,,,645283,5370
1786074909,656979017,,,,,5,-1495.2684326171875,1021.4176025390625,-775.5341796875,0.11316557228565216,-0.14879004657268524,-0.2700135409832001,0.9445357918739319,1,645283,5370
1786074909,665173711,1,75.74925994873047,113.97924041748047,32.290828704833984,,,,,,,,,,645284,5370
1786074909,665173711,,,,,5,-1495.3480224609375,1021.4364624023438,-775.5037231445312,0.11283799260854721,-0.14904679358005524,-0.2690160870552063,0.9448190331459045,1,645284,5370
1786074909,673865235,1,76.0149917602539,114.09485626220703,32.83032989501953,,,,,,,,,,645285,5370
1786074909,673865235,,,,,5,-1495.3424072265625,1021.3981323242188,-775.4530029296875,0.11291919648647308,-0.14904941618442535,-0.2702995538711548,0.944442629814148,1,645285,5370
1786074909,681846490,1,75.6659927368164,113.9482192993164,32.238285064697266,,,,,,,,,,645286,5370
1786074909,681846490,,,,,5,-1495.3411865234375,1021.39990234375,-775.4606323242188,0.11290005594491959,-0.14897355437278748,-0.27012529969215393,0.9445066452026367,1,645286,5370
1786074909,690254079,1,76.03326416015625,114.06037902832031,32.75539016723633,,,,,,,,,,645287,5370
1786074909,690254079,,,,,5,-1495.3284912109375,1021.4391479492188,-775.5330200195312,0.11288013309240341,-0.14923226833343506,-0.2701994478702545,0.9444469809532166,1,645287,5370
1786074909,698747300,1,75.1737060546875,113.71538543701172,32.25153350830078,,,,,,,,,,645288,5370
1786074909,698747300,,,,,5,-1495.3299560546875,1021.43408203125,-775.4788208007812,0.11290806531906128,-0.1492462158203125,-0.27084022760391235,0.944257915019989,1,645288,5370
1786074909,706716458,1,76.59715270996094,114.30439758300781,33.08892822265625,,,,,,,,,,645289,5370
1786074909,706716458,,,,,5,-1495.3466796875,1021.4109497070312,-775.4708862304688,0.11281882971525192,-0.14919279515743256,-0.2698318064212799,0.9445655941963196,1,645289,5370
1786074909,714872336,1,75.6725082397461,113.92195892333984,32.1954231262207,,,,,,,,,,645290,5370
1786074909,714872336,,,,,5,-1495.30712890625,1021.41552734375,-775.4578857421875,0.11295776069164276,-0.14887115359306335,-0.27059629559516907,0.9443811178207397,1,645290,5370
1786074909,723807540,1,76.46522521972656,114.16587829589844,33.15327453613281,,,,,,,,,,645291,5370
1786074909,723807540,,,,,5,-1495.3416748046875,1021.3994140625,-775.4470825195312,0.11282983422279358,-0.14901667833328247,-0.26982012391090393,0.9445955157279968,1,645291,5370
1786074909,731623067,1,75.74378204345703,113.90350341796875,32.20664596557617,,,,,,,,,,645292,5370
1786074909,731623067,,,,,5,-1495.3162841796875,1021.40625,-775.4754638671875,0.11281055957078934,-0.1491260677576065,-0.26963505148887634,0.944633424282074,1,645292,5370
1786074909,740911261,1,75.93682861328125,114.06062316894531,32.72789764404297,,,,,,,,,,645293,5370
1786074909,740911261,,,,,5,-1495.3006591796875,1021.4520874023438,-775.517333984375,0.11301778256893158,-0.14905986189842224,-0.27043503522872925,0.9443903565406799,1,645293,5370
1786074909,748483205,1,75.1781234741211,113.5218505859375,31.290477752685547,,,,,,,,,,645294,5370
1786074909,748483205,,,,,5,-1495.3170166015625,1021.4127807617188,-775.4705200195312,0.11291604489088058,-0.1491936445236206,-0.26996099948883057,0.9445170164108276,1,645294,5370
1786074909,756563787,1,75.76051330566406,113.86973571777344,32.19136047363281,,,,,,,,,,645295,5370
1786074909,756563787,,,,,5,-1495.324462890625,1021.4244995117188,-775.5108032226562,0.11267980933189392,-0.1491970419883728,-0.270311176776886,0.944444477558136,1,645295,5370
1786074909,765081840,1,76.0562973022461,114.08839416503906,32.794673919677734,,,,,,,,,,645296,5370
1786074909,765081840,,,,,5,-1495.3387451171875,1021.4286499023438,-775.475341796875,0.11301666498184204,-0.14907382428646088,-0.26963189244270325,0.9446178674697876,1,645296,5370
1786074909,773439125,1,75.76360321044922,113.9837417602539,32.26766586303711,,,,,,,,,,645297,5370
1786074909,773439125,,,,,5,-1495.3197021484375,1021.42822265625,-775.4889526367188,0.11277469992637634,-0.1490507870912552,-0.27009591460227966,0.944517970085144,1,645297,5370
1786074909,781371804,1,75.77372741699219,113.95308685302734,32.26939392089844,,,,,,,,,,645298,5370
1786074909,781371804,,,,,5,-1495.306396484375,1021.37548828125,-775.4468383789062,0.11266392469406128,-0.14905476570129395,-0.2697097361087799,0.9446408152580261,1,645298,5370
1786074909,790481375,1,75.77532958984375,113.98098754882812,32.29438018798828,,,,,,,,,,645299,5370
1786074909,790481375,,,,,5,-1495.3621826171875,1021.4073486328125,-775.4699096679688,0.11278296262025833,-0.1488470584154129,-0.27034837007522583,0.9444767832756042,1,645299,5370
1786074909,798462725,1,76.60497283935547,114.30760955810547,33.00080490112305,,,,,,,,,,645300,5370
1786074909,798462725,,,,,5,-1495.315673828125,1021.3780517578125,-775.4714965820312,0.11295703053474426,-0.148858442902565,-0.2703937888145447,0.9444411396980286,1,645300,5370
1786074909,807292361,1,75.96343231201172,114.0889892578125,32.76559829711914,,,,,,,,,,645301,5370
1786074909,807292361,,,,,5,-1495.324462890625,1021.42529296875,-775.4732666015625,0.11309759318828583,-0.14884917438030243,-0.27076372504234314,0.9443197846412659,1,645301,5370
1786074909,815392943,1,76.59871673583984,114.28260040283203,33.04677963256836,,,,,,,,,,645302,5370
1786074909,815392943,,,,,5,-1495.343017578125,1021.4208374023438,-775.482421875,0.11298172920942307,-0.14899052679538727,-0.26985877752304077,0.9445703625679016,1,645302,5370
1786074909,823187414,1,75.7645034790039,113.62690734863281,31.389755249023438,,,,,,,,,,645303,5370
1786074909,823187414,,,,,5,-1495.3294677734375,1021.4244995117188,-775.5288696289062,0.11319757997989655,-0.14892105758190155,-0.2695182263851166,0.944652795791626,1,645303,5370
1786074909,832310873,1,75.70625305175781,113.87159729003906,32.91569137573242,,,,,,,,,,645304,5370
1786074909,832310873,,,,,5,-1495.32421875,1021.4456176757812,-775.4920043945312,0.1130412369966507,-0.14902228116989136,-0.2694578170776367,0.9446727633476257,1,645304,5370
1786074909,840361183,1,76.58165740966797,114.27693176269531,32.991455078125,,,,,,,,,,645305,5370
1786074909,840361183,,,,,5,-1495.332275390625,1021.4288330078125,-775.4788818359375,0.11296479403972626,-0.14899282157421112,-0.2695988416671753,0.9446463584899902,1,645305,5370
1786074909,848317222,1,75.9850845336914,114.00494384765625,32.69026565551758,,,,,,,,,,645306,5370
1786074909,848317222,,,,,5,-1495.322265625,1021.3759155273438,-775.4453125,0.11270517855882645,-0.14928676187992096,-0.2700407803058624,0.9445046782493591,1,645306,5370
1786074909,857297289,1,76.37095642089844,114.17778778076172,32.62904357910156,,,,,,,,,,645307,5370
1786074909,857297289,,,,,5,-1495.286376953125,1021.3987426757812,-775.4892578125,0.11322647333145142,-0.1486491560935974,-0.2694821357727051,0.9447025060653687,1,645307,5370
1786074909,865397103,1,75.63842010498047,113.95218658447266,32.24153518676758,,,,,,,,,,645308,5370
1786074909,865397103,,,,,5,-1495.3104248046875,1021.4287109375,-775.5111083984375,0.11287762224674225,-0.1492144912481308,-0.2703278958797455,0.9444133639335632,1,645308,5370
1786074909,873242678,1,75.67112731933594,113.94058227539062,32.236698150634766,,,,,,,,,,645309,5370
1786074909,873242678,,,,,5,-1495.2928466796875,1021.4320678710938,-775.5226440429688,0.11320983618497849,-0.1488979607820511,-0.2707606256008148,0.9442994594573975,1,645309,5370
1786074909,882263513,1,76.02455139160156,113.87876892089844,32.1949577331543,,,,,,,,,,645310,5370
1786074909,882263513,,,,,5,-1495.3272705078125,1021.42822265625,-775.4957885742188,0.11294858157634735,-0.14898164570331573,-0.2696146070957184,0.9446455240249634,1,645310,5370
1786074909,890141088,1,76.40203094482422,114.2303695678711,32.67607116699219,,,,,,,,,,645311,5370
1786074909,890141088,,,,,5,-1495.307861328125,1021.4033203125,-775.4690551757812,0.11321480572223663,-0.1487518548965454,-0.2702127993106842,0.9444788694381714,1,645311,5370
1786074909,898161799,1,76.6312484741211,114.91421508789062,32.95471954345703,,,,,,,,,,645312,5370
1786074909,898161799,,,,,5,-1495.3140869140625,1021.404296875,-775.465576171875,0.11291669309139252,-0.1490601897239685,-0.27011358737945557,0.944494366645813,1,645312,5370
1786074909,907009610,1,76.46273040771484,113.9679946899414,32.098419189453125,,,,,,,,,,645313,5370
1786074909,907009610,,,,,5,-1495.3115234375,1021.3650512695312,-775.4354858398438,0.11263073235750198,-0.14908139407634735,-0.27035751938819885,0.9444553256034851,1,645313,5370
1786074909,915039537,1,76.47708129882812,114.2374496459961,32.71348571777344,,,,,,,,,,645314,5370
1786074909,915039537,,,,,5,-1495.342529296875,1021.4050903320312,-775.4686889648438,0.11300866305828094,-0.14897207915782928,-0.27053120732307434,0.9443778395652771,1,645314,5370
1786074909,923106839,1,76.04227447509766,113.83971405029297,31.93248176574707,,,,,,,,,,645315,5370
1786074909,923106839,,,,,5,-1495.2938232421875,1021.40966796875,-775.4755249023438,0.11291942745447159,-0.14891617000102997,-0.2692513167858124,0.9447630047798157,1,645315,5370
1786074909,931955835,1,76.62711334228516,114.31366729736328,33.10444641113281,,,,,,,,,,645316,5370
1786074909,931955835,,,,,5,-1495.3287353515625,1021.4172973632812,-775.43505859375,0.11288221180438995,-0.1488415002822876,-0.269755095243454,0.9446353912353516,1,645316,5370
1786074909,939923841,1,75.74646759033203,113.98628234863281,32.26873016357422,,,,,,,,,,645317,5370
1786074909,939923841,,,,,5,-1495.3016357421875,1021.4168090820312,-775.4817504882812,0.11298977583646774,-0.14908309280872345,-0.26984044909477234,0.9445601105690002,1,645317,5370
1786074909,948928740,1,76.43219757080078,114.13465118408203,32.65044403076172,,,,,,,,,,645318,5370
1786074909,948928740,,,,,5,-1495.3441162109375,1021.3690795898438,-775.4655151367188,0.11260224133729935,-0.14915594458580017,-0.2699698209762573,0.9445579648017883,1,645318,5370
1786074909,956914219,1,75.65845489501953,113.96232604980469,32.20696258544922,,,,,,,,,,645319,5370
1786074909,956914219,,,,,5,-1495.29052734375,1021.4255981445312,-775.4899291992188,0.11303247511386871,-0.1488243192434311,-0.2695144712924957,0.9446889162063599,1,645319,5370
1786074909,965147665,1,76.54473876953125,114.2515640258789,32.803443908691406,,,,,,,,,,645320,5370
1786074909,965147665,,,,,5,-1495.3055419921875,1021.4070434570312,-775.4496459960938,0.11274226754903793,-0.14898622035980225,-0.2707294523715973,0.94435054063797,1,645320,5370
1786074909,973864277,1,75.75978088378906,114.01737976074219,32.27609634399414,,,,,,,,,,645321,5370
1786074909,973864277,,,,,5,-1495.3345947265625,1021.3778686523438,-775.494384765625,0.1126209944486618,-0.14904442429542542,-0.269748330116272,0.9446365237236023,1,645321,5370
1786074909,982154586,1,76.62669372558594,114.8902359008789,32.908538818359375,,,,,,,,,,645322,5370
1786074909,982154586,,,,,5,-1495.3404541015625,1021.3900756835938,-775.4539184570312,0.11283673346042633,-0.14896316826343536,-0.2696065902709961,0.944663941860199,1,645322,5370
1786074909,989912033,1,75.65443420410156,113.92745208740234,32.2340087890625,,,,,,,,,,645323,5370
1786074909,989912033,,,,,5,-1495.2869873046875,1021.39990234375,-775.4786376953125,0.11315704882144928,-0.14890338480472565,-0.26990655064582825,0.9445495009422302,1,645323,5370
1786074909,999067908,1,75.31269073486328,113.77788543701172,32.24753952026367,,,,,,,,,,645324,5370
1786074909,999067908,,,,,5,-1495.3197021484375,1021.4010009765625,-775.4503784179688,0.11287744343280792,-0.14880873262882233,-0.2697807252407074,0.9446338415145874,1,645324,5370
1786074910,6679020,1,76.0069808959961,114.09741973876953,32.73390579223633,,,,,,,,,,645325,5370
1786074910,6679020,,,,,5,-1495.30029296875,1021.3917846679688,-775.4688720703125,0.11284598708152771,-0.14888879656791687,-0.2696949243545532,0.9446495175361633,1,645325,5370
1786074910,14762803,1,76.4204330444336,114.21053314208984,32.672462463378906,,,,,,,,,,645326,5370
1786074910,14762803,,,,,5,-1495.3519287109375,1021.419921875,-775.4690551757812,0.11286559700965881,-0.14914433658123016,-0.269910603761673,0.9445452094078064,1,645326,5370
1786074910,23712440,1,75.75312042236328,113.94513702392578,32.237613677978516,,,,,,,,,,645327,5370
1786074910,23712440,,,,,5,-1495.3299560546875,1021.3720092773438,-775.45458984375,0.11264991015195847,-0.1489741951227188,-0.2697526812553406,0.944642961025238,1,645327,5370
1786074910,32083358,1,75.74964141845703,113.96305847167969,32.25754928588867,,,,,,,,,,645328,5370
1786074910,32083358,,,,,5,-1495.339599609375,1021.3869018554688,-775.4520874023438,0.1127728745341301,-0.149173766374588,-0.2702493369579315,0.9444547891616821,1,645328,5370
1786074910,40580900,1,76.43489074707031,114.12516021728516,33.13211441040039,,,,,,,,,,645329,5370
1786074910,40580900,,,,,5,-1495.3416748046875,1021.4002075195312,-775.4448852539062,0.11285848170518875,-0.14898140728473663,-0.2700255811214447,0.9445388913154602,1,645329,5370
1786074910,48606187,1,76.534912109375,114.30132293701172,33.01039505004883,,,,,,,,,,645330,5370
1786074910,48606187,,,,,5,-1495.3343505859375,1021.4337158203125,-775.49609375,0.11294984817504883,-0.1490865796804428,-0.2695673406124115,0.9446423053741455,1,645330,5370
1786074910,56685074,1,75.87842559814453,113.76124572753906,32.31010437011719,,,,,,,,,,645331,5370
1786074910,56685074,,,,,5,-1495.336669921875,1021.3923950195312,-775.4489135742188,0.11286423355340958,-0.14900389313697815,-0.27019062638282776,0.944487452507019,1,645331,5370
1786074910,65856694,1,76.5884780883789,114.26017761230469,33.04734420776367,,,,,,,,,,645332,5370
1786074910,65856694,,,,,5,-1495.3250732421875,1021.3783569335938,-775.4323120117188,0.11275342106819153,-0.14922693371772766,-0.27026212215423584,0.9444451332092285,1,645332,5370
1786074910,73657437,1,75.9906997680664,114.0850601196289,32.79515075683594,,,,,,,,,,645333,5370
1786074910,73657437,,,,,5,-1495.3004150390625,1021.38671875,-775.453125,0.11283031105995178,-0.14887845516204834,-0.27000892162323,0.9445632100105286,1,645333,5370
1786074910,81558245,1,75.7995376586914,114.00498962402344,32.274986267089844,,,,,,,,,,645334,5370
1786074910,81558245,,,,,5,-1495.310302734375,1021.404296875,-775.4722900390625,0.11286130547523499,-0.14916826784610748,-0.2694990336894989,0.944659411907196,1,645334,5370
1786074910,90511753,1,75.78939819335938,113.89271545410156,32.17787551879883,,,,,,,,,,645335,5370
1786074910,90511753,,,,,5,-1495.32080078125,1021.3875122070312,-775.4943237304688,0.1129680648446083,-0.14918860793113708,-0.27144768834114075,0.9440854787826538,1,645335,5370
1786074910,98547729,1,75.61048889160156,113.88983154296875,32.79606628417969,,,,,,,,,,645336,5370
1786074910,98547729,,,,,5,-1495.312255859375,1021.3863525390625,-775.4716796875,0.11307821422815323,-0.14914782345294952,-0.27017727494239807,0.9444430470466614,1,645336,5370
1786074910,106644184,1,76.59583282470703,114.31837463378906,33.07936477661133,,,,,,,,,,645337,5370
1786074910,106644184,,,,,5,-1495.3231201171875,1021.3762817382812,-775.4939575195312,0.112989142537117,-0.14908406138420105,-0.2704179584980011,0.9443948268890381,1,645337,5370
1786074910,115523452,1,76.15080261230469,114.46260833740234,32.537193298339844,,,,,,,,,,645338,5370
1786074910,115523452,,,,,5,-1495.335205078125,1021.3907470703125,-775.4630737304688,0.11291048675775528,-0.14879508316516876,-0.2699298858642578,0.9445894956588745,1,645338,5370
1786074910,123382212,1,76.62455749511719,114.11177825927734,32.37324905395508,,,,,,,,,,645339,5370
1786074910,123382212,,,,,5,-1495.34130859375,1021.4016723632812,-775.4699096679688,0.11269024759531021,-0.14930379390716553,-0.26944074034690857,0.9446750283241272,1,645339,5370
1786074910,131367083,1,75.7572250366211,113.9706039428711,32.28764343261719,,,,,,,,,,645340,5370
1786074910,131367083,,,,,5,-1495.330322265625,1021.42431640625,-775.5116577148438,0.11293250322341919,-0.14904893934726715,-0.2700115740299225,0.9445234537124634,1,645340,5370
1786074910,140372719,1,75.7063217163086,113.9202880859375,32.23553466796875,,,,,,,,,,645341,5370
1786074910,140372719,,,,,5,-1495.306640625,1021.41552734375,-775.4832763671875,0.11283187568187714,-0.1490366905927658,-0.26890575885772705,0.9448527693748474,1,645341,5370
1786074910,148391671,1,76.52279663085938,114.25596618652344,33.05277633666992,,,,,,,,,,645342,5370
1786074910,148391671,,,,,5,-1495.3001708984375,1021.4298706054688,-775.49853515625,0.11227879673242569,-0.14898698031902313,-0.26796767115592957,0.9451928734779358,1,645342,5370
1786074910,157227291,1,75.97553253173828,113.7846908569336,32.10002517700195,,,,,,,,,,645343,5370
1786074910,157227291,,,,,5,-1495.2974853515625,1021.4287109375,-775.5098876953125,0.11300870031118393,-0.1489264965057373,-0.2698558270931244,0.9445780515670776,1,645343,5370
1786074910,165282690,1,76.25650024414062,114.08778381347656,32.75088119506836,,,,,,,,,,645344,5370
1786074910,165282690,,,,,5,-1495.32421875,1021.3617553710938,-775.4660034179688,0.11255461722612381,-0.14895161986351013,-0.26979362964630127,0.9446461200714111,1,645344,5370
1786074910,173206090,1,75.93437957763672,113.72123718261719,31.88172721862793,,,,,,,,,,645345,5370
1786074910,173206090,,,,,5,-1495.3387451171875,1021.42724609375,-775.4998168945312,0.11291620135307312,-0.14912161231040955,-0.2696877121925354,0.9446064233779907,1,645345,5370
1786074910,182392238,1,76.57601928710938,114.2989273071289,33.05225372314453,,,,,,,,,,645346,5370
1786074910,182392238,,,,,5,-1495.3084716796875,1021.3974609375,-775.4767456054688,0.11294250935316086,-0.1489787995815277,-0.2707975208759308,0.9443082809448242,1,645346,5370
1786074910,190198966,1,75.7824478149414,113.97711181640625,32.2987174987793,,,,,,,,,,645347,5370
1786074910,190198966,,,,,5,-1495.275390625,1021.3843994140625,-775.47119140625,0.11298330873250961,-0.1489528864622116,-0.2705153524875641,0.9443883299827576,1,645347,5370
1786074910,198220253,1,75.67626190185547,113.89166259765625,32.85702896118164,,,,,,,,,,645348,5370
1786074910,198220253,,,,,5,-1495.2841796875,1021.4411010742188,-775.5255126953125,0.11299048364162445,-0.14900581538677216,-0.2700744867324829,0.9445052742958069,1,645348,5370
1786074910,207655296,1,76.41631317138672,114.18120574951172,32.66912078857422,,,,,,,,,,645349,5370
1786074910,207655296,,,,,5,-1495.330322265625,1021.4337158203125,-775.4869384765625,0.11288848519325256,-0.14915454387664795,-0.2706303596496582,0.9443349242210388,1,645349,5370
1786074910,215374152,1,75.70952606201172,113.91448211669922,32.20286178588867,,,,,,,,,,645350,5370
1786074910,215374152,,,,,5,-1495.312744140625,1021.38916015625,-775.4818115234375,0.11283227056264877,-0.14894555509090424,-0.2699098289012909,0.9445807933807373,1,645350,5370
1786074910,223505231,1,75.77146911621094,113.99700927734375,32.27959060668945,,,,,,,,,,645351,5370
1786074910,223505231,,,,,5,-1495.2841796875,1021.4239501953125,-775.4655151367188,0.11323879659175873,-0.14882972836494446,-0.2699871361255646,0.9445282816886902,1,645351,5370
1786074910,232068660,1,75.77345275878906,113.51394653320312,31.327051162719727,,,,,,,,,,645352,5370
1786074910,232068660,,,,,5,-1495.3343505859375,1021.3743286132812,-775.4501953125,0.1127818301320076,-0.1490878462791443,-0.27043598890304565,0.944413959980011,1,645352,5370
1786074910,240098299,1,75.77867126464844,113.97552490234375,32.27147674560547,,,,,,,,,,645353,5370
1786074910,240098299,,,,,5,-1495.3516845703125,1021.4078369140625,-775.4757690429688,0.11285195499658585,-0.1490730345249176,-0.26972660422325134,0.9446107745170593,1,645353,5370
1786074910,248223586,1,76.62226104736328,114.87801361083984,33.020076751708984,,,,,,,,,,645354,5370
1786074910,248223586,,,,,5,-1495.3221435546875,1021.3912353515625,-775.46435546875,0.11270181089639664,-0.14890959858894348,-0.2695508599281311,0.9447045922279358,1,645354,5370
1786074910,256963111,1,75.70936584472656,113.9450912475586,32.25738525390625,,,,,,,,,,645355,5370
1786074910,256963111,,,,,5,-1495.3226318359375,1021.40283203125,-775.4942626953125,0.11264396458864212,-0.1493540108203888,-0.2693910598754883,0.9446868896484375,1,645355,5370
1786074910,265180014,1,76.43316650390625,114.21768188476562,32.715919494628906,,,,,,,,,,645356,5370
1786074910,265180014,,,,,5,-1495.2869873046875,1021.4445190429688,-775.4789428710938,0.11292088776826859,-0.14904671907424927,-0.2707511782646179,0.9443134069442749,1,645356,5370
1786074910,274277426,1,75.71353912353516,113.8359375,32.13130187988281,,,,,,,,,,645357,5370
1786074910,274277426,,,,,5,-1495.31103515625,1021.4230346679688,-775.5145874023438,0.11284784227609634,-0.14903219044208527,-0.27054595947265625,0.9443832635879517,1,645357,5370
1786074910,281995258,1,75.80799865722656,114.015869140625,32.31156539916992,,,,,,,,,,645358,5370
1786074910,281995258,,,,,5,-1495.3328857421875,1021.4299926757812,-775.4837036132812,0.11288628727197647,-0.14921854436397552,-0.27027711272239685,0.9444262385368347,1,645358,5370
1786074910,290194465,1,75.75312042236328,113.99571990966797,32.28058624267578,,,,,,,,,,645359,5370
1786074910,290194465,,,,,5,-1495.3310546875,1021.3970947265625,-775.42578125,0.11289281398057938,-0.14907829463481903,-0.27026912569999695,0.9444498419761658,1,645359,5370
1786074910,298349639,1,76.44729614257812,114.18966674804688,32.712249755859375,,,,,,,,,,645360,5370
1786074910,298349639,,,,,5,-1495.3031005859375,1021.388671875,-775.4991455078125,0.11277107149362564,-0.14900757372379303,-0.2696569263935089,0.9446505904197693,1,645360,5370
1786074910,307273420,1,76.23542785644531,114.02091217041016,32.7159423828125,,,,,,,,,,645361,5370
1786074910,307273420,,,,,5,-1495.329345703125,1021.3591918945312,-775.4684448242188,0.11261682957410812,-0.1490722894668579,-0.2698473334312439,0.9446043372154236,1,645361,5370
1786074910,314870548,1,75.71221923828125,113.9660415649414,32.30931091308594,,,,,,,,,,645362,5370
1786074910,314870548,,,,,5,-1495.32080078125,1021.41748046875,-775.4862060546875,0.11281738430261612,-0.14888375997543335,-0.26947271823883057,0.9447171092033386,1,645362,5370
1786074910,323831897,1,75.8124771118164,113.65280151367188,31.41920280456543,,,,,,,,,,645363,5370
1786074910,323831897,,,,,5,-1495.304931640625,1021.4442749023438,-775.505859375,0.11301551759243011,-0.14889763295650482,-0.2698252499103546,0.94459068775177,1,645363,5370
1786074910,331781152,1,76.05096435546875,114.01917266845703,32.74726867675781,,,,,,,,,,645364,5370
1786074910,331781152,,,,,5,-1495.33740234375,1021.4205932617188,-775.4887084960938,0.11277364939451218,-0.14908985793590546,-0.26995787024497986,0.9445512890815735,1,645364,5370
1786074910,339746984,1,75.66791534423828,113.91584777832031,32.218727111816406,,,,,,,,,,645365,5370
1786074910,339746984,,,,,5,-1495.326171875,1021.3787231445312,-775.505615234375,0.11276718974113464,-0.14892834424972534,-0.2697959244251251,0.9446238279342651,1,645365,5370
1786074910,348753388,1,76.49581146240234,114.23226928710938,32.714229583740234,,,,,,,,,,645366,5370
1786074910,348753388,,,,,5,-1495.3199462890625,1021.4280395507812,-775.4928588867188,0.1129944920539856,-0.1490897536277771,-0.26957160234451294,0.944635272026062,1,645366,5370
1786074910,356764499,1,76.35356140136719,114.17839050292969,32.641597747802734,,,,,,,,,,645367,5370
1786074910,356764499,,,,,5,-1495.3218994140625,1021.38720703125,-775.4326171875,0.11274024099111557,-0.14907793700695038,-0.27006202936172485,0.9445275068283081,1,645367,5370
1786074910,364725818,1,76.52879333496094,113.91354370117188,32.4863395690918,,,,,,,,,,645368,5370
1786074910,364725818,,,,,5,-1495.3076171875,1021.3933715820312,-775.4762573242188,0.11263170093297958,-0.14896780252456665,-0.27071335911750793,0.944371223449707,1,645368,5370
1786074910,373800318,1,75.70033264160156,113.9330825805664,32.24535369873047,,,,,,,,,,645369,5370
1786074910,373800318,,,,,5,-1495.3111572265625,1021.4026489257812,-775.4523315429688,0.1129293292760849,-0.14880625903606415,-0.2700701355934143,0.9445452690124512,1,645369,5370
1786074910,381496071,1,75.74789428710938,114.00330352783203,32.302490234375,,,,,,,,,,645370,5370
1786074910,381496071,,,,,5,-1495.3421630859375,1021.4032592773438,-775.4542846679688,0.11290955543518066,-0.14904238283634186,-0.27003470063209534,0.9445205330848694,1,645370,5370
1786074910,390428971,1,76.04849243164062,114.01103973388672,32.790103912353516,,,,,,,,,,645371,5370
1786074910,390428971,,,,,5,-1495.3338623046875,1021.4200439453125,-775.4765014648438,0.11275922507047653,-0.14917904138565063,-0.2697664797306061,0.9445934891700745,1,645371,5370
1786074910,398532562,1,76.4525146484375,114.29638671875,32.572288513183594,,,,,,,,,,645372,5370
1786074910,398532562,,,,,5,-1495.3409423828125,1021.3678588867188,-775.4603271484375,0.11271188408136368,-0.14903482794761658,-0.26981639862060547,0.944607675075531,1,645372,5370
1786074910,406388538,1,75.79373931884766,113.96818542480469,32.277862548828125,,,,,,,,,,645373,5370
1786074910,406388538,,,,,5,-1495.321533203125,1021.3927001953125,-775.498779296875,0.11280813813209534,-0.14896853268146515,-0.2695464789867401,0.9446837306022644,1,645373,5370
1786074910,415510910,1,76.57954406738281,114.33009338378906,33.09329605102539,,,,,,,,,,645374,5370
1786074910,415510910,,,,,5,-1495.3179931640625,1021.376953125,-775.4729614257812,0.11282011866569519,-0.1489531546831131,-0.2699768841266632,0.9445619583129883,1,645374,5370
1786074910,423355333,1,76.4698486328125,114.2537612915039,32.73345184326172,,,,,,,,,,645375,5370
1786074910,423355333,,,,,5,-1495.3284912109375,1021.4102783203125,-775.4819946289062,0.11287000775337219,-0.1489979773759842,-0.2699490785598755,0.9445568323135376,1,645375,5370
1786074910,431480876,1,76.47291564941406,114.23615264892578,32.757713317871094,,,,,,,,,,645376,5370
1786074910,431480876,,,,,5,-1495.351806640625,1021.3715209960938,-775.4669799804688,0.1126539558172226,-0.14912757277488708,-0.270178884267807,0.9444963932037354,1,645376,5370
1786074910,440361073,1,76.22188568115234,114.0528335571289,32.71005630493164,,,,,,,,,,645377,5370
1786074910,440361073,,,,,5,-1495.347412109375,1021.3847045898438,-775.4749145507812,0.11268801242113113,-0.1491938978433609,-0.2700985074043274,0.9445049166679382,1,645377,5370
1786074910,448376472,1,75.25481414794922,113.81694793701172,32.26692581176758,,,,,,,,,,645378,5370
1786074910,448376472,,,,,5,-1495.3245849609375,1021.4061889648438,-775.4749145507812,0.1128166913986206,-0.14901074767112732,-0.2700765132904053,0.9445247650146484,1,645378,5370
1786074910,456328544,1,76.40080261230469,114.1868667602539,32.68062210083008,,,,,,,,,,645379,5371
1786074910,456328544,,,,,5,-1495.3084716796875,1021.4146728515625,-775.5341796875,0.11288429796695709,-0.14908872544765472,-0.2705285847187042,0.9443749189376831,1,645379,5371
1786074910,465339140,1,76.45056915283203,113.95703125,32.04365921020508,,,,,,,,,,645380,5371
1786074910,465339140,,,,,5,-1495.3114013671875,1021.3546142578125,-775.4540405273438,0.11263389885425568,-0.14902658760547638,-0.26988840103149414,0.9445977807044983,1,645380,5371
1786074910,473330347,1,75.9843978881836,114.06822204589844,32.768741607666016,,,,,,,,,,645381,5371
1786074910,473330347,,,,,5,-1495.3255615234375,1021.376953125,-775.4677124023438,0.11263331770896912,-0.14908111095428467,-0.2699478566646576,0.9445722699165344,1,645381,5371
1786074910,482351919,1,75.71759796142578,113.97831726074219,32.247314453125,,,,,,,,,,645382,5371
1786074910,482351919,,,,,5,-1495.3275146484375,1021.4273681640625,-775.5034790039062,0.11288342624902725,-0.1488797664642334,-0.26928991079330444,0.9447619318962097,1,645382,5371
1786074910,490176983,1,75.65755462646484,113.93061065673828,32.21502685546875,,,,,,,,,,645383,5371
1786074910,490176983,,,,,5,-1495.3076171875,1021.4093017578125,-775.4853515625,0.11286288499832153,-0.14888255298137665,-0.2705918252468109,0.9443919062614441,1,645383,5371
1786074910,498211934,1,75.69328308105469,113.97146606445312,32.22421646118164,,,,,,,,,,645384,5371
1786074910,498211934,,,,,5,-1495.3302001953125,1021.41748046875,-775.5134887695312,0.11277487128973007,-0.1491287797689438,-0.2698790431022644,0.9445675611495972,1,645384,5371
1786074910,507263234,1,76.02288055419922,114.06430053710938,32.76747512817383,,,,,,,,,,645385,5371
1786074910,507263234,,,,,5,-1495.3038330078125,1021.3778686523438,-775.4425048828125,0.11277750134468079,-0.1490616649389267,-0.27011924982070923,0.9445090889930725,1,645385,5371
1786074910,515251050,1,76.38929748535156,114.16547393798828,32.67025375366211,,,,,,,,,,645386,5371
1786074910,515251050,,,,,5,-1495.3170166015625,1021.3785400390625,-775.4732666015625,0.11283238977193832,-0.14897912740707397,-0.2697867453098297,0.944610595703125,1,645386,5371
1786074910,523282225,1,75.71116638183594,113.98289489746094,32.32783889770508,,,,,,,,,,645387,5371
1786074910,523282225,,,,,5,-1495.3218994140625,1021.3922119140625,-775.471923828125,0.11268722265958786,-0.14898987114429474,-0.26943445205688477,0.9447267651557922,1,645387,5371
1786074910,532192277,1,76.1390380859375,114.13020324707031,32.80485916137695,,,,,,,,,,645388,5371
1786074910,532192277,,,,,5,-1495.3416748046875,1021.3982543945312,-775.462158203125,0.11280699819326401,-0.14906015992164612,-0.2698858082294464,0.9445726275444031,1,645388,5371
1786074910,540007037,1,76.61837005615234,114.08926391601562,32.66187286376953,,,,,,,,,,645389,5371
1786074910,540007037,,,,,5,-1495.34375,1021.4147338867188,-775.4314575195312,0.11287429928779602,-0.14904926717281342,-0.27009961009025574,0.9445051550865173,1,645389,5371
1786074910,548067076,1,75.18103790283203,113.75648498535156,32.255558013916016,,,,,,,,,,645390,5371
1786074910,548067076,,,,,5,-1495.3265380859375,1021.4161376953125,-775.4962768554688,0.11294347792863846,-0.14909766614437103,-0.26949846744537354,0.944661021232605,1,645390,5371
1786074910,556928393,1,76.44483184814453,114.23381805419922,32.68443298339844,,,,,,,,,,645391,5371
1786074910,556928393,,,,,5,-1495.350830078125,1021.3778686523438,-775.4696655273438,0.11273978650569916,-0.1490260511636734,-0.27025797963142395,0.9444796442985535,1,645391,5371
1786074910,565067728,1,76.61331176757812,114.31600952148438,33.09048843383789,,,,,,,,,,645392,5371
1786074910,565067728,,,,,5,-1495.3028564453125,1021.4083862304688,-775.509765625,0.11291926354169846,-0.14897720515727997,-0.2694428265094757,0.944698691368103,1,645392,5371
1786074910,574039796,1,75.99341583251953,114.1564712524414,32.788368225097656,,,,,,,,,,645393,5371
1786074910,574039796,,,,,5,-1495.361328125,1021.4039306640625,-775.4563598632812,0.11282854527235031,-0.14906293153762817,-0.2698723375797272,0.9445734024047852,1,645393,5371
1786074910,581919708,1,76.81310272216797,113.63314819335938,31.68794059753418,,,,,,,,,,645394,5371
1786074910,581919708,,,,,5,-1495.33984375,1021.4491577148438,-775.5006103515625,0.11311561614274979,-0.14885646104812622,-0.2699246108531952,0.944556713104248,1,645394,5371
1786074910,590199618,1,76.37963104248047,114.19332122802734,32.6541748046875,,,,,,,,,,645395,5371
1786074910,590199618,,,,,5,-1495.3126220703125,1021.36572265625,-775.4785766601562,0.11243010312318802,-0.14917102456092834,-0.2693510949611664,0.9447526931762695,1,645395,5371
1786074910,597903306,1,76.41595458984375,114.21734619140625,32.7628059387207,,,,,,,,,,645396,5371
1786074910,597903306,,,,,5,-1495.298095703125,1021.3933715820312,-775.4618530273438,0.11275359988212585,-0.14906232059001923,-0.26952359080314636,0.9446821212768555,1,645396,5371
1786074910,606795951,1,75.76316833496094,113.9935073852539,32.3414306640625,,,,,,,,,,645397,5371
1786074910,606795951,,,,,5,-1495.3299560546875,1021.39453125,-775.4519653320312,0.11284218728542328,-0.14888811111450195,-0.26981863379478455,0.9446147084236145,1,645397,5371
1786074910,614916982,1,75.751953125,113.9088134765625,32.2006950378418,,,,,,,,,,645398,5371
1786074910,614916982,,,,,5,-1495.294677734375,1021.4125366210938,-775.5055541992188,0.11281438916921616,-0.14909227192401886,-0.26909908652305603,0.9447910785675049,1,645398,5371
1786074910,623965594,1,76.63832092285156,114.12089538574219,32.62324905395508,,,,,,,,,,645399,5371
1786074910,623965594,,,,,5,-1495.293212890625,1021.4244995117188,-775.4791870117188,0.11309622973203659,-0.14875631034374237,-0.2700030505657196,0.9445524215698242,1,645399,5371
1786074910,632007873,1,76.0170669555664,114.74139404296875,33.13048553466797,,,,,,,,,,645400,5371
1786074910,632007873,,,,,5,-1495.304931640625,1021.3767700195312,-775.4501953125,0.11281531304121017,-0.14892837405204773,-0.2700728178024292,0.944538950920105,1,645400,5371
1786074910,640116808,1,75.79598999023438,114.00342559814453,32.30604934692383,,,,,,,,,,645401,5371
1786074910,640116808,,,,,5,-1495.3192138671875,1021.423828125,-775.4943237304688,0.11281846463680267,-0.14927665889263153,-0.26949480175971985,0.9446485638618469,1,645401,5371
1786074910,648807693,1,75.7572250366211,114.0000228881836,32.300167083740234,,,,,,,,,,645402,5371
1786074910,648807693,,,,,5,-1495.268798828125,1021.4620971679688,-775.53076171875,0.11305530369281769,-0.14896345138549805,-0.26981693506240845,0.9445778131484985,1,645402,5371
1786074910,656699317,1,76.3841781616211,114.22565460205078,32.63905715942383,,,,,,,,,,645403,5371
1786074910,656699317,,,,,5,-1495.3199462890625,1021.4476928710938,-775.4791870117188,0.11294533312320709,-0.1489952802658081,-0.26969200372695923,0.9446215629577637,1,645403,5371
1786074910,664814108,1,76.6272201538086,114.3170394897461,33.08798599243164,,,,,,,,,,645404,5371
1786074910,664814108,,,,,5,-1495.34130859375,1021.41943359375,-775.5133056640625,0.11284834146499634,-0.14915624260902405,-0.2711775302886963,0.9441823363304138,1,645404,5371
1786074910,673620768,1,75.78759002685547,113.66339874267578,31.473329544067383,,,,,,,,,,645405,5371
1786074910,673620768,,,,,5,-1495.2821044921875,1021.4140014648438,-775.5177612304688,0.1128954216837883,-0.14909213781356812,-0.2705124020576477,0.9443778395652771,1,645405,5371
1786074910,681786375,1,75.76036071777344,113.96752166748047,32.310359954833984,,,,,,,,,,645406,5371
1786074910,681786375,,,,,5,-1495.3033447265625,1021.4386596679688,-775.4571533203125,0.11286858469247818,-0.14888951182365417,-0.2693466246128082,0.9447459578514099,1,645406,5371
1786074910,690598764,1,75.7324447631836,113.98603820800781,32.2629508972168,,,,,,,,,,645407,5371
1786074910,690598764,,,,,5,-1495.214111328125,1021.3132934570312,-775.5105590820312,0.11224673688411713,-0.1497410386800766,-0.2693098187446594,0.9446960091590881,1,645407,5371
1786074910,698533876,1,75.72499084472656,113.97472381591797,32.281490325927734,,,,,,,,,,645408,5371
1786074910,698533876,,,,,5,-1495.3043212890625,1021.3888549804688,-775.5015258789062,0.11284437030553818,-0.14889129996299744,-0.26992568373680115,0.9445832967758179,1,645408,5371
1786074910,706566011,1,76.4856185913086,114.2343978881836,32.652835845947266,,,,,,,,,,645409,5371
1786074910,706566011,,,,,5,-1495.3138427734375,1021.4203491210938,-775.5001831054688,0.11283300071954727,-0.14916445314884186,-0.2706654369831085,0.9443298578262329,1,645409,5371
1786074910,715593599,1,76.38822937011719,114.22312927246094,32.64168167114258,,,,,,,,,,645410,5371
1786074910,715593599,,,,,5,-1495.2928466796875,1021.4560546875,-775.500732421875,0.11293407529592514,-0.14893299341201782,-0.26982012391090393,0.9445963501930237,1,645410,5371
1786074910,723651078,1,75.76598358154297,113.95321655273438,32.290828704833984,,,,,,,,,,645411,5371
1786074910,723651078,,,,,5,-1495.3502197265625,1021.3768920898438,-775.467041015625,0.1128356084227562,-0.14903046190738678,-0.27064576745033264,0.9443563222885132,1,645411,5371
1786074910,731546638,1,75.74808502197266,113.98194885253906,32.29075622558594,,,,,,,,,,645412,5371
1786074910,731546638,,,,,5,-1495.3558349609375,1021.40966796875,-775.4750366210938,0.11278834193944931,-0.1492154896259308,-0.26960232853889465,0.9446312189102173,1,645412,5371
1786074910,740520882,1,76.41023254394531,114.18377685546875,32.644065856933594,,,,,,,,,,645413,5371
1786074910,740520882,,,,,5,-1495.3101806640625,1021.4249267578125,-775.495361328125,0.11306805163621902,-0.14903178811073303,-0.2697300612926483,0.9445903301239014,1,645413,5371
1786074910,748412729,1,75.96337890625,114.05768585205078,32.737632751464844,,,,,,,,,,645414,5371
1786074910,748412729,,,,,5,-1495.330078125,1021.4041137695312,-775.5108032226562,0.11264942586421967,-0.149246484041214,-0.2707488238811493,0.9443148970603943,1,645414,5371
1786074910,756405889,1,76.44660186767578,114.10453033447266,32.03620910644531,,,,,,,,,,645415,5371
1786074910,756405889,,,,,5,-1495.3345947265625,1021.3843994140625,-775.4432983398438,0.11282579600811005,-0.14895838499069214,-0.2703147530555725,0.9444637298583984,1,645415,5371
1786074910,765572836,1,75.7577133178711,113.89834594726562,32.212738037109375,,,,,,,,,,645416,5371
1786074910,765572836,,,,,5,-1495.310302734375,1021.4054565429688,-775.4756469726562,0.11291348189115524,-0.14879700541496277,-0.2691088020801544,0.9448230266571045,1,645416,5371
1786074910,773341516,1,75.73564147949219,114.0219497680664,32.226898193359375,,,,,,,,,,645417,5371
1786074910,773341516,,,,,5,-1495.3382568359375,1021.4026489257812,-775.4761352539062,0.11289570480585098,-0.14903201162815094,-0.2701011598110199,0.9445047974586487,1,645417,5371
1786074910,782588752,1,75.65979766845703,113.8960189819336,32.20417404174805,,,,,,,,,,645418,5371
1786074910,782588752,,,,,5,-1495.2894287109375,1021.4401245117188,-775.5167846679688,0.11313404887914658,-0.14897115528583527,-0.27064818143844604,0.9443293213844299,1,645418,5371
1786074910,790378584,1,76.1632080078125,114.4380874633789,32.480865478515625,,,,,,,,,,645419,5371
1786074910,790378584,,,,,5,-1495.3160400390625,1021.455078125,-775.5226440429688,0.11315973848104477,-0.1490371972322464,-0.27060946822166443,0.9443269968032837,1,645419,5371
1786074910,798319455,1,76.03054809570312,114.0743179321289,32.74943161010742,,,,,,,,,,645420,5371
1786074910,798319455,,,,,5,-1495.3255615234375,1021.3710327148438,-775.4993896484375,0.1126653179526329,-0.14905527234077454,-0.26999861001968384,0.9445580244064331,1,645420,5371
1786074910,807308676,1,75.79059600830078,113.97720336914062,32.28238296508789,,,,,,,,,,645421,5371
1786074910,807308676,,,,,5,-1495.3349609375,1021.4083251953125,-775.4693603515625,0.11279747635126114,-0.14898715913295746,-0.26959457993507385,0.9446684122085571,1,645421,5371
1786074910,815518378,1,75.655029296875,113.89054107666016,32.191707611083984,,,,,,,,,,645422,5371
1786074910,815518378,,,,,5,-1495.3175048828125,1021.3964233398438,-775.458984375,0.11291590332984924,-0.14889132976531982,-0.2699499726295471,0.944567859172821,1,645422,5371
1786074910,823230162,1,75.79859161376953,113.9073257446289,32.299171447753906,,,,,,,,,,645423,5371
1786074910,823230162,,,,,5,-1495.32861328125,1021.3707885742188,-775.47998046875,0.11266428977251053,-0.1490897387266159,-0.2697010040283203,0.9446377754211426,1,645423,5371
1786074910,831701656,1,76.12338256835938,113.85014343261719,32.24950408935547,,,,,,,,,,645424,5371
1786074910,831701656,,,,,5,-1495.3468017578125,1021.3992309570312,-775.4903564453125,0.11285411566495895,-0.14907206594944,-0.27013707160949707,0.9444932341575623,1,645424,5371
1786074910,840195742,1,75.67405700683594,113.94473266601562,32.20039749145508,,,,,,,,,,645425,5371
1786074910,840195742,,,,,5,-1495.3328857421875,1021.4168090820312,-775.4559936523438,0.11298277974128723,-0.14905105531215668,-0.27018383145332336,0.9444677829742432,1,645425,5371
1786074910,848130117,1,76.46812438964844,114.25911712646484,32.70010757446289,,,,,,,,,,645426,5371
1786074910,848130117,,,,,5,-1495.326416015625,1021.4094848632812,-775.4581909179688,0.1128092110157013,-0.14912880957126617,-0.26985791325569153,0.9445695281028748,1,645426,5371
1786074910,857114858,1,75.77733612060547,113.98027801513672,32.26101303100586,,,,,,,,,,645427,5371
1786074910,857114858,,,,,5,-1495.3275146484375,1021.4464721679688,-775.4686889648438,0.11312437057495117,-0.14902736246585846,-0.26959228515625,0.9446236491203308,1,645427,5371
1786074910,865169169,1,76.61297607421875,114.28723907470703,33.05077362060547,,,,,,,,,,645428,5371
1786074910,865169169,,,,,5,-1495.3289794921875,1021.4138793945312,-775.4181518554688,0.11291960626840591,-0.14903534948825836,-0.2702130675315857,0.9444695115089417,1,645428,5371
1786074910,873160568,1,76.44209289550781,113.95055389404297,32.08927536010742,,,,,,,,,,645429,5371
1786074910,873160568,,,,,5,-1495.306396484375,1021.4846801757812,-775.4898071289062,0.11327114701271057,-0.14905031025409698,-0.27076455950737,0.9442670941352844,1,645429,5371
1786074910,882170588,1,76.46543884277344,114.15101623535156,32.65898132324219,,,,,,,,,,645430,5371
1786074910,882170588,,,,,5,-1495.3348388671875,1021.4127197265625,-775.4468994140625,0.1129198893904686,-0.14884212613105774,-0.269677072763443,0.9446530938148499,1,645430,5371
1786074910,890068996,1,76.02554321289062,114.11062622070312,32.738529205322266,,,,,,,,,,645431,5371
1786074910,890068996,,,,,5,-1495.336669921875,1021.3855590820312,-775.4230346679688,0.1128610223531723,-0.1491340845823288,-0.27053019404411316,0.9443701505661011,1,645431,5371
1786074910,898035563,1,76.4479751586914,114.2569580078125,32.71512222290039,,,,,,,,,,645432,5371
1786074910,898035563,,,,,5,-1495.294921875,1021.3922729492188,-775.4699096679688,0.1131633073091507,-0.1488669514656067,-0.27072563767433167,0.9443200826644897,1,645432,5371
1786074910,906994864,1,76.43069458007812,114.24293518066406,32.68385314941406,,,,,,,,,,645433,5371
1786074910,906994864,,,,,5,-1495.20556640625,1021.357421875,-775.4937133789062,0.11246686428785324,-0.14955592155456543,-0.2690823972225189,0.9447638988494873,1,645433,5371
1786074910,915043895,1,76.41565704345703,114.20560455322266,32.69831466674805,,,,,,,,,,645434,5371
1786074910,915043895,,,,,5,-1495.314208984375,1021.4322509765625,-775.4732055664062,0.11296961456537247,-0.14875845611095428,-0.26994016766548157,0.9445852041244507,1,645434,5371
1786074910,923919835,1,75.73603820800781,113.86483001708984,32.83815383911133,,,,,,,,,,645435,5371
1786074910,923919835,,,,,5,-1495.2926025390625,1021.3894653320312,-775.4848022460938,0.11280207335948944,-0.1490270495414734,-0.26961469650268555,0.9446558356285095,1,645435,5371
1786074910,931919011,1,76.0213851928711,114.08899688720703,32.825660705566406,,,,,,,,,,645436,5371
1786074910,931919011,,,,,5,-1495.335205078125,1021.3956909179688,-775.4478149414062,0.1131165474653244,-0.14887361228466034,-0.2702906131744385,0.944449245929718,1,645436,5371
1786074910,940040234,1,76.78205871582031,114.92455291748047,33.16410446166992,,,,,,,,,,645437,5371
1786074910,940040234,,,,,5,-1495.3291015625,1021.4078369140625,-775.4515991210938,0.11287756264209747,-0.14894293248653412,-0.26982757449150085,0.9445992708206177,1,645437,5371
1786074910,947893841,1,76.61663055419922,114.26628875732422,33.037841796875,,,,,,,,,,645438,5371
1786074910,947893841,,,,,5,-1495.2977294921875,1021.4186401367188,-775.4821166992188,0.11303209513425827,-0.14884169399738312,-0.26966607570648193,0.944642961025238,1,645438,5371
1786074910,956888022,1,76.03911590576172,114.11808013916016,32.83545684814453,,,,,,,,,,645439,5371
1786074910,956888022,,,,,5,-1495.3323974609375,1021.4301147460938,-775.4613037109375,0.11307810246944427,-0.1488966941833496,-0.26992928981781006,0.944553554058075,1,645439,5371
1786074910,964824701,1,76.4369125366211,114.21282958984375,32.68253707885742,,,,,,,,,,645440,5371
1786074910,964824701,,,,,5,-1495.347412109375,1021.4161987304688,-775.4713134765625,0.11277812719345093,-0.1491742879152298,-0.26983335614204407,0.9445729851722717,1,645440,5371
1786074910,973763969,1,76.62193298339844,114.31249237060547,33.049835205078125,,,,,,,,,,645441,5371
1786074910,973763969,,,,,5,-1495.3642578125,1021.4088134765625,-775.4677124023438,0.11301466077566147,-0.14885802567005157,-0.27027684450149536,0.9444678425788879,1,645441,5371
1786074910,981853289,1,76.55453491210938,114.27392578125,33.01914978027344,,,,,,,,,,645442,5371
1786074910,981853289,,,,,5,-1495.3095703125,1021.43896484375,-775.46728515625,0.1129905954003334,-0.1490972638130188,-0.26964935660362244,0.9446122646331787,1,645442,5371
1786074910,989812912,1,75.7051010131836,113.84998321533203,32.10755920410156,,,,,,,,,,645443,5371
1786074910,989812912,,,,,5,-1495.351318359375,1021.3800659179688,-775.4511108398438,0.11272967606782913,-0.14911732077598572,-0.270268976688385,0.9444632530212402,1,645443,5371
1786074910,998656885,1,76.06124114990234,113.99600219726562,32.75428771972656,,,,,,,,,,645444,5371
1786074910,998656885,,,,,5,-1495.2777099609375,1021.4223022460938,-775.4524536132812,0.11303561180830002,-0.14900155365467072,-0.2693706750869751,0.9447014331817627,1,645444,5371
1786074911,6597245,1,75.75833892822266,113.92945098876953,32.27626037597656,,,,,,,,,,645445,5371
1786074911,6597245,,,,,5,-1495.313232421875,1021.4168090820312,-775.4576416015625,0.11287877708673477,-0.1491999477148056,-0.26968204975128174,0.9446000456809998,1,645445,5371
1786074911,15633826,1,76.38742065429688,114.17818450927734,32.63169479370117,,,,,,,,,,645446,5371
1786074911,15633826,,,,,5,-1495.3345947265625,1021.3876953125,-775.4632568359375,0.11288107931613922,-0.14885953068733215,-0.27003613114356995,0.944552481174469,1,645446,5371
1786074911,23634250,1,76.48500061035156,114.18244934082031,32.673126220703125,,,,,,,,,,645447,5371
1786074911,23634250,,,,,5,-1495.3154296875,1021.3956909179688,-775.4567260742188,0.11285430192947388,-0.14894384145736694,-0.2697528302669525,0.9446233510971069,1,645447,5371
1786074911,31593042,1,76.0521469116211,114.01647186279297,32.7788200378418,,,,,,,,,,645448,5371
1786074911,31593042,,,,,5,-1495.2890625,1021.43408203125,-775.5160522460938,0.11297224462032318,-0.14906486868858337,-0.2706640958786011,0.9443294405937195,1,645448,5371
1786074911,40547415,1,75.7957534790039,113.93251037597656,32.197330474853516,,,,,,,,,,645449,5371
1786074911,40547415,,,,,5,-1495.3173828125,1021.4522705078125,-775.4747924804688,0.11307848989963531,-0.14901202917099,-0.2697509825229645,0.9445862174034119,1,645449,5371
1786074911,48630591,1,75.86882781982422,114.63764190673828,32.64278793334961,,,,,,,,,,645450,5371
1786074911,48630591,,,,,5,-1495.2957763671875,1021.4000244140625,-775.4368896484375,0.11284752190113068,-0.14885137975215912,-0.2699534595012665,0.9445813894271851,1,645450,5371
1786074911,56539080,1,76.48780059814453,114.20509338378906,32.70070266723633,,,,,,,,,,645451,5371
1786074911,56539080,,,,,5,-1495.2747802734375,1021.4119262695312,-775.4436645507812,0.11294357478618622,-0.1489306092262268,-0.2694762647151947,0.9446935057640076,1,645451,5371
1786074911,65440173,1,75.83282470703125,114.65568542480469,32.69464874267578,,,,,,,,,,645452,5371
1786074911,65440173,,,,,5,-1495.3099365234375,1021.4332885742188,-775.50439453125,0.11289379745721817,-0.14904189109802246,-0.27040401101112366,0.944416880607605,1,645452,5371
1786074911,73410933,1,75.71356201171875,113.84119415283203,32.1519889831543,,,,,,,,,,645453,5371
1786074911,73410933,,,,,5,-1495.3070068359375,1021.4309692382812,-775.4495239257812,0.11307940632104874,-0.14886139333248138,-0.26944833993911743,0.9446961879730225,1,645453,5371
1786074911,81459485,1,75.90018463134766,114.1349105834961,32.72562789916992,,,,,,,,,,645454,5371
1786074911,81459485,,,,,5,-1495.325439453125,1021.3888549804688,-775.4652709960938,0.11307666450738907,-0.14879338443279266,-0.2706897258758545,0.944352388381958,1,645454,5371
1786074911,90368675,1,76.02596282958984,114.1311264038086,32.76042175292969,,,,,,,,,,645455,5371
1786074911,90368675,,,,,5,-1495.3319091796875,1021.3860473632812,-775.4719848632812,0.11274740099906921,-0.14893293380737305,-0.27015745639801025,0.9445221424102783,1,645455,5371
1786074911,98358155,1,75.78400421142578,114.0822525024414,32.16461944580078,,,,,,,,,,645456,5371
1786074911,98358155,,,,,5,-1495.3128662109375,1021.4066772460938,-775.4855346679688,0.11289242655038834,-0.14920595288276672,-0.2700078785419464,0.94450443983078,1,645456,5371
1786074911,106426419,1,76.19212341308594,113.92540740966797,32.39586639404297,,,,,,,,,,645457,5371
1786074911,106426419,,,,,5,-1495.313720703125,1021.4136962890625,-775.5045776367188,0.11263072490692139,-0.14917925000190735,-0.2692955434322357,0.9447433352470398,1,645457,5371
1786074911,115324120,1,75.9947509765625,113.62828826904297,31.797876358032227,,,,,,,,,,645458,5371
1786074911,115324120,,,,,5,-1495.3187255859375,1021.3674926757812,-775.4578247070312,0.11307431012392044,-0.14884817600250244,-0.2699432671070099,0.9445576071739197,1,645458,5371
1786074911,123300545,1,76.70573425292969,114.12275695800781,32.68498229980469,,,,,,,,,,645459,5371
1786074911,123300545,,,,,5,-1495.3074951171875,1021.4129028320312,-775.5079956054688,0.11261536926031113,-0.1491519808769226,-0.2700793445110321,0.9445256590843201,1,645459,5371
1786074911,132341734,1,75.72819519042969,113.99118041992188,32.23344421386719,,,,,,,,,,645460,5371
1786074911,132341734,,,,,5,-1495.3150634765625,1021.4015502929688,-775.4872436523438,0.11280892789363861,-0.14887301623821259,-0.26952844858169556,0.9447038769721985,1,645460,5371
1786074911,140244526,1,75.77287292480469,113.96160888671875,32.29764175415039,,,,,,,,,,645461,5371
1786074911,140244526,,,,,5,-1495.2325439453125,1021.3717041015625,-775.4996337890625,0.11256558448076248,-0.14971548318862915,-0.2694210410118103,0.9446303844451904,1,645461,5371
1786074911,148272502,1,76.37895202636719,114.19046783447266,32.62357711791992,,,,,,,,,,645462,5371
1786074911,148272502,,,,,5,-1495.3529052734375,1021.4338989257812,-775.50244140625,0.11306403577327728,-0.14911097288131714,-0.2698267996311188,0.9445507526397705,1,645462,5371
1786074911,157509562,1,76.5938491821289,114.32437133789062,33.029273986816406,,,,,,,,,,645463,5371
1786074911,157509562,,,,,5,-1495.317138671875,1021.4266967773438,-775.4527587890625,0.11292068660259247,-0.14906439185142517,-0.26995620131492615,0.9445383548736572,1,645463,5371
1786074911,165295747,1,76.50424194335938,114.23433685302734,32.684593200683594,,,,,,,,,,645464,5371
1786074911,165295747,,,,,5,-1495.3114013671875,1021.37451171875,-775.4684448242188,0.11275597661733627,-0.14917461574077606,-0.27034708857536316,0.944428563117981,1,645464,5371
1786074911,173242732,1,76.65673828125,114.09737396240234,32.3988151550293,,,,,,,,,,645465,5371
1786074911,173242732,,,,,5,-1495.365478515625,1021.3873291015625,-775.4820556640625,0.11252907663583755,-0.1491449922323227,-0.26979130506515503,0.9446192979812622,1,645465,5371
1786074911,182252337,1,76.38434600830078,114.21522521972656,32.62675476074219,,,,,,,,,,645466,5371
1786074911,182252337,,,,,5,-1495.296875,1021.4013061523438,-775.4921264648438,0.11274267733097076,-0.14898212254047394,-0.269416481256485,0.9447265267372131,1,645466,5371
1786074911,190587160,1,76.46626281738281,114.24247741699219,32.7183952331543,,,,,,,,,,645467,5371
1786074911,190587160,,,,,5,-1495.2239990234375,1021.3352661132812,-775.4915771484375,0.11251534521579742,-0.1496860831975937,-0.2700096070766449,0.9444729685783386,1,645467,5371
1786074911,198052386,1,76.45188903808594,114.20789337158203,32.65005874633789,,,,,,,,,,645468,5371
1786074911,198052386,,,,,5,-1495.3304443359375,1021.4010620117188,-775.4904174804688,0.11287930607795715,-0.1491769254207611,-0.2701326012611389,0.944474995136261,1,645468,5371
1786074911,207067623,1,75.70753479003906,113.90872955322266,32.171199798583984,,,,,,,,,,645469,5371
1786074911,207067623,,,,,5,-1495.2879638671875,1021.4073486328125,-775.4849243164062,0.1130203977227211,-0.14886179566383362,-0.27010297775268555,0.9445161819458008,1,645469,5371
1786074911,215193038,1,76.38151550292969,114.20696258544922,32.650699615478516,,,,,,,,,,645470,5371
1786074911,215193038,,,,,5,-1495.3353271484375,1021.4207153320312,-775.4760131835938,0.1121789887547493,-0.14912332594394684,-0.2691574692726135,0.9448451995849609,1,645470,5371
1786074911,223083255,1,75.97710418701172,114.03118133544922,32.73938751220703,,,,,,,,,,645471,5371
1786074911,223083255,,,,,5,-1495.2972412109375,1021.3375244140625,-775.4981689453125,0.11307299137115479,-0.1487833857536316,-0.2706715762615204,0.9443596005439758,1,645471,5371
1786074911,231951932,1,76.51097869873047,114.28612518310547,33.00361633300781,,,,,,,,,,645472,5371
1786074911,231951932,,,,,5,-1495.3182373046875,1021.421875,-775.4799194335938,0.11307068169116974,-0.1489650160074234,-0.2700789272785187,0.9445009231567383,1,645472,5371
1786074911,240162980,1,76.47438049316406,114.21287536621094,32.68263244628906,,,,,,,,,,645473,5371
1786074911,240162980,,,,,5,-1495.336669921875,1021.40087890625,-775.4335327148438,0.11302446573972702,-0.14893798530101776,-0.27058619260787964,0.9443654417991638,1,645473,5371
1786074911,247938445,1,76.75069427490234,113.10062408447266,33.68033981323242,,,,,,,,,,645474,5371
1786074911,247938445,,,,,5,-1495.3509521484375,1021.3588256835938,-775.4672241210938,0.1128619983792305,-0.14915162324905396,-0.2709486484527588,0.9442471861839294,1,645474,5371
1786074911,256818738,1,75.77888488769531,113.92328643798828,32.20830154418945,,,,,,,,,,645475,5371
1786074911,256818738,,,,,5,-1495.347900390625,1021.3870239257812,-775.4672241210938,0.11266373842954636,-0.14904280006885529,-0.2698947489261627,0.9445898532867432,1,645475,5371
1786074911,264889690,1,75.98974609375,114.15556335449219,32.809566497802734,,,,,,,,,,645476,5371
1786074911,264889690,,,,,5,-1495.2679443359375,1021.4097900390625,-775.4873046875,0.11275918036699295,-0.1489192545413971,-0.2693237066268921,0.9447609186172485,1,645476,5371
1786074911,273785504,1,75.70804595947266,113.9279556274414,32.204429626464844,,,,,,,,,,645477,5371
1786074911,273785504,,,,,5,-1495.32080078125,1021.3866577148438,-775.4497680664062,0.11274818331003189,-0.14901813864707947,-0.26979967951774597,0.9446108937263489,1,645477,5371
1786074911,281899655,1,75.84524536132812,114.66338348388672,32.696414947509766,,,,,,,,,,645478,5371
1786074911,281899655,,,,,5,-1495.3109130859375,1021.3970947265625,-775.4633178710938,0.11309672892093658,-0.14891119301319122,-0.2700282335281372,0.9445207118988037,1,645478,5371
1786074911,289824144,1,75.77092742919922,113.95588684082031,32.27921676635742,,,,,,,,,,645479,5371
1786074911,289824144,,,,,5,-1495.3519287109375,1021.4135131835938,-775.4695434570312,0.11290604621171951,-0.14892646670341492,-0.26949214935302734,0.9446942806243896,1,645479,5371
1786074911,298865429,1,75.8228759765625,114.01254272460938,32.25934600830078,,,,,,,,,,645480,5371
1786074911,298865429,,,,,5,-1495.3460693359375,1021.396484375,-775.4713745117188,0.11279463022947311,-0.14908269047737122,-0.2702733874320984,0.9444596767425537,1,645480,5371
1786074911,306716061,1,76.62487030029297,114.31695556640625,33.07792282104492,,,,,,,,,,645481,5371
1786074911,306716061,,,,,5,-1495.3109130859375,1021.3815307617188,-775.4940185546875,0.1126997321844101,-0.1490362286567688,-0.27015188336372375,0.9445131421089172,1,645481,5371
1786074911,314695078,1,75.67993927001953,113.93961334228516,32.23527908325195,,,,,,,,,,645482,5371
1786074911,314695078,,,,,5,-1495.3177490234375,1021.4301147460938,-775.5243530273438,0.11283551901578903,-0.14914795756340027,-0.270532488822937,0.9443703293800354,1,645482,5371
1786074911,323862986,1,76.46798706054688,114.25164794921875,32.66872024536133,,,,,,,,,,645483,5371
1786074911,323862986,,,,,5,-1495.21435546875,1021.3543090820312,-775.5086059570312,0.11246419697999954,-0.14960673451423645,-0.2691822052001953,0.9447277784347534,1,645483,5371
1786074911,331709683,1,76.43782043457031,114.24877166748047,32.7249870300293,,,,,,,,,,645484,5371
1786074911,331709683,,,,,5,-1495.3372802734375,1021.4345703125,-775.4887084960938,0.11305107921361923,-0.14896619319915771,-0.27031412720680237,0.9444358348846436,1,645484,5371
1786074911,339574971,1,75.69795989990234,113.96768951416016,32.29454803466797,,,,,,,,,,645485,5371
1786074911,339574971,,,,,5,-1495.325439453125,1021.4072265625,-775.5096435546875,0.11282581090927124,-0.1491771638393402,-0.2698269486427307,0.9445686340332031,1,645485,5371
1786074911,349247647,1,75.7238998413086,113.99211120605469,32.25606918334961,,,,,,,,,,645486,5371
1786074911,349247647,,,,,5,-1495.2972412109375,1021.4483642578125,-775.480712890625,0.11287453770637512,-0.14928466081619263,-0.2691079378128052,0.944750964641571,1,645486,5371
1786074911,356830664,1,76.36248779296875,114.19401550292969,32.683738708496094,,,,,,,,,,645487,5371
1786074911,356830664,,,,,5,-1495.3536376953125,1021.37451171875,-775.4796142578125,0.11272158473730087,-0.1490774303674698,-0.27049317955970764,0.9444063305854797,1,645487,5371
1786074911,364026835,1,75.77667999267578,113.65076446533203,31.43524169921875,,,,,,,,,,645488,5371
1786074911,364026835,,,,,5,-1495.340576171875,1021.427734375,-775.47509765625,0.1129101887345314,-0.14907898008823395,-0.2698312997817993,0.9445729851722717,1,645488,5371
1786074911,373599030,1,76.15873718261719,114.72808837890625,33.16999816894531,,,,,,,,,,645489,5371
1786074911,373599030,,,,,5,-1495.3104248046875,1021.3644409179688,-775.4512939453125,0.11269285529851913,-0.1489068567752838,-0.2703306972980499,0.9444831609725952,1,645489,5371
1786074911,381665054,1,76.48672485351562,113.98235321044922,32.168128967285156,,,,,,,,,,645490,5371
1786074911,381665054,,,,,5,-1495.3551025390625,1021.4086303710938,-775.4636840820312,0.11280808597803116,-0.1490764617919922,-0.26965248584747314,0.9446364641189575,1,645490,5371
1786074911,390883170,1,75.79631805419922,113.97421264648438,32.269107818603516,,,,,,,,,,645491,5371
1786074911,390883170,,,,,5,-1495.3240966796875,1021.4312744140625,-775.4354858398438,0.11277975887060165,-0.14910678565502167,-0.2697402238845825,0.9446099996566772,1,645491,5371
1786074911,398466572,1,76.62367248535156,114.28905487060547,33.08066177368164,,,,,,,,,,645492,5371
1786074911,398466572,,,,,5,-1495.3355712890625,1021.4129028320312,-775.443115234375,0.11290829628705978,-0.14900745451450348,-0.2701815366744995,0.9444843530654907,1,645492,5371
1786074911,406353844,1,75.84741973876953,114.12214660644531,32.276771545410156,,,,,,,,,,645493,5371
1786074911,406353844,,,,,5,-1495.287353515625,1021.4154663085938,-775.4589233398438,0.11286304891109467,-0.14901860058307648,-0.26935526728630066,0.944723904132843,1,645493,5371
1786074911,415358041,1,76.36282348632812,114.2467269897461,32.68662643432617,,,,,,,,,,645494,5371
1786074911,415358041,,,,,5,-1495.326171875,1021.4225463867188,-775.4957885742188,0.11271760612726212,-0.14924754202365875,-0.2703195810317993,0.9444296360015869,1,645494,5371
1786074911,423656513,1,76.27123260498047,113.96509552001953,32.52927780151367,,,,,,,,,,645495,5371
1786074911,423656513,,,,,5,-1495.3355712890625,1021.412109375,-775.4547729492188,0.11294026672840118,-0.1490810364484787,-0.27005907893180847,0.944503903388977,1,645495,5371
1786074911,431377898,1,75.64358520507812,113.92633819580078,32.23516082763672,,,,,,,,,,645496,5371
1786074911,431377898,,,,,5,-1495.2955322265625,1021.40576171875,-775.4816284179688,0.11296971887350082,-0.14879530668258667,-0.2697051465511322,0.944646418094635,1,645496,5371
1786074911,440381903,1,76.00923156738281,114.12393951416016,32.81223678588867,,,,,,,,,,645497,5371
1786074911,440381903,,,,,5,-1495.3150634765625,1021.4367065429688,-775.5216674804688,0.11298245936632156,-0.14888425171375275,-0.2695481777191162,0.9446757435798645,1,645497,5371
1786074911,448394871,1,75.94160461425781,114.09256744384766,32.745399475097656,,,,,,,,,,645498,5371
1786074911,448394871,,,,,5,-1495.31640625,1021.4141845703125,-775.5136108398438,0.11286868155002594,-0.14906297624111176,-0.26995790004730225,0.9445441365242004,1,645498,5371
1786074911,456396063,1,76.44782257080078,114.1322021484375,33.16858673095703,,,,,,,,,,645499,5372
1786074911,456396063,,,,,5,-1495.3031005859375,1021.3785400390625,-775.4549560546875,0.11274738609790802,-0.14913605153560638,-0.2700101137161255,0.9445321559906006,1,645499,5372
1786074911,465239845,1,75.74153137207031,114.59475708007812,32.61065673828125,,,,,,,,,,645500,5372
1786074911,465239845,,,,,5,-1495.3409423828125,1021.4210815429688,-775.45849609375,0.11294297128915787,-0.14899839460849762,-0.2698975205421448,0.9445627331733704,1,645500,5372
1786074911,473326061,1,76.42688751220703,114.24800872802734,32.685638427734375,,,,,,,,,,645501,5372
1786074911,473326061,,,,,5,-1495.3250732421875,1021.3994140625,-775.4813842773438,0.11290109157562256,-0.14897823333740234,-0.2698522210121155,0.9445838928222656,1,645501,5372
1786074911,481261365,1,75.66971588134766,113.83090209960938,32.165809631347656,,,,,,,,,,645502,5372
1786074911,481261365,,,,,5,-1495.3157958984375,1021.4381713867188,-775.4664916992188,0.11301884800195694,-0.14869676530361176,-0.26987791061401367,0.9446069002151489,1,645502,5372
1786074911,490260090,1,75.66536712646484,113.91454315185547,32.19462966918945,,,,,,,,,,645503,5372
1786074911,490260090,,,,,5,-1495.314453125,1021.4078369140625,-775.4642944335938,0.11290230602025986,-0.14908994734287262,-0.27011004090309143,0.9444924592971802,1,645503,5372
1786074911,498144131,1,75.74267578125,113.98265838623047,32.25385665893555,,,,,,,,,,645504,5372
1786074911,498144131,,,,,5,-1495.294921875,1021.4550170898438,-775.5244140625,0.11246949434280396,-0.14908137917518616,-0.2681300640106201,0.9451093077659607,1,645504,5372
1786074911,507143656,1,76.07133483886719,113.748291015625,32.14241409301758,,,,,,,,,,645505,5372
1786074911,507143656,,,,,5,-1495.322998046875,1021.4030151367188,-775.465087890625,0.11286666244268417,-0.14885780215263367,-0.26986417174339294,0.9446036219596863,1,645505,5372
1786074911,515210896,1,76.43187713623047,114.20610809326172,32.71921920776367,,,,,,,,,,645506,5372
1786074911,515210896,,,,,5,-1495.322509765625,1021.4306030273438,-775.4860229492188,0.11310745775699615,-0.14898166060447693,-0.2700863480567932,0.9444918036460876,1,645506,5372
1786074911,523038488,1,75.70740509033203,113.94159698486328,32.209144592285156,,,,,,,,,,645507,5372
1786074911,523038488,,,,,5,-1495.329833984375,1021.4125366210938,-775.4894409179688,0.11278778314590454,-0.14918175339698792,-0.26968076825141907,0.9446142315864563,1,645507,5372
1786074911,532117629,1,75.84593200683594,114.5456771850586,32.559295654296875,,,,,,,,,,645508,5372
1786074911,532117629,,,,,5,-1495.3251953125,1021.4168090820312,-775.4544067382812,0.11272729933261871,-0.1490628570318222,-0.269520103931427,0.9446861743927002,1,645508,5372
1786074911,540165541,1,76.4541244506836,114.22268676757812,32.71916580200195,,,,,,,,,,645509,5372
1786074911,540165541,,,,,5,-1495.2869873046875,1021.4435424804688,-775.5359497070312,0.11312493681907654,-0.14898571372032166,-0.27000200748443604,0.9445130825042725,1,645509,5372
1786074911,548054158,1,75.66423797607422,113.93431091308594,32.219871520996094,,,,,,,,,,645510,5372
1786074911,548054158,,,,,5,-1495.3275146484375,1021.3939819335938,-775.4739379882812,0.11297380924224854,-0.14894536137580872,-0.27075493335723877,0.9443219304084778,1,645510,5372
1786074911,556909299,1,76.42605590820312,114.19137573242188,32.64219284057617,,,,,,,,,,645511,5372
1786074911,556909299,,,,,5,-1495.3388671875,1021.4276733398438,-775.4816284179688,0.11297536641359329,-0.1489662528038025,-0.2702072560787201,0.9444753527641296,1,645511,5372
1786074911,565040379,1,76.44158172607422,114.17998504638672,32.65544891357422,,,,,,,,,,645512,5372
1786074911,565040379,,,,,5,-1495.338623046875,1021.4108276367188,-775.4479370117188,0.11289939284324646,-0.14916729927062988,-0.26996225118637085,0.9445227980613708,1,645512,5372
1786074911,573943552,1,75.73518371582031,113.96311950683594,32.249847412109375,,,,,,,,,,645513,5372
1786074911,573943552,,,,,5,-1495.3272705078125,1021.4366455078125,-775.496826171875,0.11306089907884598,-0.14905770123004913,-0.2697775959968567,0.9445735812187195,1,645513,5372
1786074911,582038472,1,75.97122955322266,113.99309539794922,32.734352111816406,,,,,,,,,,645514,5372
1786074911,582038472,,,,,5,-1495.318359375,1021.44140625,-775.4775390625,0.11291517317295074,-0.14908525347709656,-0.2694051265716553,0.9446929693222046,1,645514,5372
1786074911,589911537,1,76.44183349609375,114.20808410644531,32.68644332885742,,,,,,,,,,645515,5372
1786074911,589911537,,,,,5,-1495.338134765625,1021.44091796875,-775.5228271484375,0.11227906495332718,-0.14920160174369812,-0.2688438594341278,0.9449102282524109,1,645515,5372
1786074911,598913718,1,76.29983520507812,114.05461120605469,32.800018310546875,,,,,,,,,,645516,5372
1786074911,598913718,,,,,5,-1495.3333740234375,1021.4281616210938,-775.4417114257812,0.11293165385723114,-0.14903652667999268,-0.26903557777404785,0.9448038339614868,1,645516,5372
1786074911,607052062,1,76.05143737792969,114.01708984375,32.71866226196289,,,,,,,,,,645517,5372
1786074911,607052062,,,,,5,-1495.3438720703125,1021.4066772460938,-775.4661865234375,0.11280468851327896,-0.149221733212471,-0.26981866359710693,0.9445664882659912,1,645517,5372
1786074911,614840390,1,76.52639770507812,114.01040649414062,32.11616134643555,,,,,,,,,,645518,5372
1786074911,614840390,,,,,5,-1495.3265380859375,1021.3829345703125,-775.4752807617188,0.11274895817041397,-0.14885981380939484,-0.26987722516059875,0.9446135759353638,1,645518,5372
1786074911,623735436,1,76.01937103271484,114.08057403564453,32.756370544433594,,,,,,,,,,645519,5372
1786074911,623735436,,,,,5,-1495.364501953125,1021.4201049804688,-775.47607421875,0.11287654936313629,-0.14914174377918243,-0.26972585916519165,0.9445971250534058,1,645519,5372
1786074911,631770740,1,75.68429565429688,113.91985321044922,32.74796676635742,,,,,,,,,,645520,5372
1786074911,631770740,,,,,5,-1495.3316650390625,1021.4183959960938,-775.4782104492188,0.11296219378709793,-0.1488630175590515,-0.26989665627479553,0.9445821046829224,1,645520,5372
1786074911,639762524,1,75.23977661132812,113.78311920166016,32.276737213134766,,,,,,,,,,645521,5372
1786074911,639762524,,,,,5,-1495.3096923828125,1021.38671875,-775.4902954101562,0.11268524825572968,-0.14895440638065338,-0.270396888256073,0.9444576501846313,1,645521,5372
1786074911,648758529,1,76.02246856689453,114.03448486328125,32.797245025634766,,,,,,,,,,645522,5372
1786074911,648758529,,,,,5,-1495.3385009765625,1021.3985595703125,-775.4697875976562,0.1130041778087616,-0.14891092479228973,-0.27006059885025024,0.9445226788520813,1,645522,5372
1786074911,656924649,1,75.67278289794922,113.92972564697266,32.208221435546875,,,,,,,,,,645523,5372
1786074911,656924649,,,,,5,-1495.3001708984375,1021.3998413085938,-775.48583984375,0.11295266449451447,-0.14889061450958252,-0.2700144350528717,0.9445451498031616,1,645523,5372
1786074911,664811569,1,75.77420043945312,113.9542465209961,32.252925872802734,,,,,,,,,,645524,5372
1786074911,664811569,,,,,5,-1495.274169921875,1021.3932495117188,-775.4696655273438,0.1130567342042923,-0.14873014390468597,-0.2698216140270233,0.9446131587028503,1,645524,5372
1786074911,673600983,1,75.75745391845703,113.98212432861328,32.308563232421875,,,,,,,,,,645525,5372
1786074911,673600983,,,,,5,-1495.27294921875,1021.40283203125,-775.46728515625,0.11283053457736969,-0.14890630543231964,-0.2699839174747467,0.944566011428833,1,645525,5372
1786074911,681587231,1,76.46366882324219,114.21867370605469,32.69395065307617,,,,,,,,,,645526,5372
1786074911,681587231,,,,,5,-1495.3504638671875,1021.3958129882812,-775.4747314453125,0.11311344802379608,-0.1489846408367157,-0.27061688899993896,0.9443386793136597,1,645526,5372
1786074911,690474437,1,76.07093811035156,113.98960876464844,32.759613037109375,,,,,,,,,,645527,5372
1786074911,690474437,,,,,5,-1495.334716796875,1021.3980712890625,-775.5025634765625,0.11278000473976135,-0.14904950559139252,-0.27096065878868103,0.9442696571350098,1,645527,5372
1786074911,698575565,1,75.67315673828125,113.92530822753906,32.1887321472168,,,,,,,,,,645528,5372
1786074911,698575565,,,,,5,-1495.3636474609375,1021.4218139648438,-775.4585571289062,0.11289844661951065,-0.14896175265312195,-0.270272821187973,0.9444665908813477,1,645528,5372
1786074911,706852884,1,76.62419128417969,114.2717514038086,32.979637145996094,,,,,,,,,,645529,5372
1786074911,706852884,,,,,5,-1495.2869873046875,1021.4213256835938,-775.517578125,0.11285093426704407,-0.1488809734582901,-0.2703653573989868,0.9444584846496582,1,645529,5372
1786074911,715554362,1,75.67716979980469,113.94402313232422,32.2547721862793,,,,,,,,,,645530,5372
1786074911,715554362,,,,,5,-1495.3182373046875,1021.41064453125,-775.4990234375,0.11294587701559067,-0.1491134613752365,-0.27020278573036194,0.944456934928894,1,645530,5372
1786074911,723553282,1,75.65269470214844,113.9226303100586,32.185340881347656,,,,,,,,,,645531,5372
1786074911,723553282,,,,,5,-1495.3104248046875,1021.40185546875,-775.4844970703125,0.11311933398246765,-0.14900627732276917,-0.2707698941230774,0.944290816783905,1,645531,5372
1786074911,731454763,1,75.76717376708984,113.93865203857422,32.26735305786133,,,,,,,,,,645532,5372
1786074911,731454763,,,,,5,-1495.34228515625,1021.4677734375,-775.5160522460938,0.11239327490329742,-0.1492013782262802,-0.2688298523426056,0.9449006915092468,1,645532,5372
1786074911,740367824,1,75.76862335205078,113.99824523925781,32.27678298950195,,,,,,,,,,645533,5372
1786074911,740367824,,,,,5,-1495.3138427734375,1021.3988647460938,-775.487060546875,0.11281123012304306,-0.14913037419319153,-0.26982948184013367,0.944577157497406,1,645533,5372
1786074911,748609687,1,75.78237915039062,113.94408416748047,32.26109313964844,,,,,,,,,,645534,5372
1786074911,748609687,,,,,5,-1495.3441162109375,1021.4143676757812,-775.4524536132812,0.11284047365188599,-0.14923344552516937,-0.26965534687042236,0.9446070194244385,1,645534,5372
1786074911,756324224,1,75.67210388183594,113.94697570800781,32.21458435058594,,,,,,,,,,645535,5372
1786074911,756324224,,,,,5,-1495.34423828125,1021.4335327148438,-775.4815673828125,0.11282353103160858,-0.14892353117465973,-0.26966023445129395,0.9446566104888916,1,645535,5372
1786074911,765390085,1,76.73486328125,113.18785858154297,33.234710693359375,,,,,,,,,,645536,5372
1786074911,765390085,,,,,5,-1495.3067626953125,1021.4203491210938,-775.4786376953125,0.11310188472270966,-0.1488010585308075,-0.2696414887905121,0.9446479678153992,1,645536,5372
1786074911,773380846,1,76.4524154663086,114.20753479003906,32.69932556152344,,,,,,,,,,645537,5372
1786074911,773380846,,,,,5,-1495.3382568359375,1021.3829345703125,-775.4750366210938,0.11256951093673706,-0.14914926886558533,-0.2698594629764557,0.9445943236351013,1,645537,5372
1786074911,781224630,1,75.71106719970703,113.80265045166016,32.81486511230469,,,,,,,,,,645538,5372
1786074911,781224630,,,,,5,-1495.32373046875,1021.4220581054688,-775.5128173828125,0.1129671260714531,-0.14905251562595367,-0.2697012722492218,0.9446073770523071,1,645538,5372
1786074911,790234587,1,75.70457458496094,113.8317642211914,32.12551498413086,,,,,,,,,,645539,5372
1786074911,790234587,,,,,5,-1495.3079833984375,1021.4328002929688,-775.4913940429688,0.11289460957050323,-0.14887161552906036,-0.2704009711742401,0.9444445371627808,1,645539,5372
1786074911,798226468,1,75.92398071289062,114.08901977539062,32.727813720703125,,,,,,,,,,645540,5372
1786074911,798226468,,,,,5,-1495.3533935546875,1021.4039306640625,-775.4888916015625,0.11290591210126877,-0.14892631769180298,-0.26983314752578735,0.9445968866348267,1,645540,5372
1786074911,807134633,1,76.00812530517578,114.00637817382812,32.70576477050781,,,,,,,,,,645541,5372
1786074911,807134633,,,,,5,-1495.301025390625,1021.42919921875,-775.4962158203125,0.11301695555448532,-0.14905883371829987,-0.26993879675865173,0.944532573223114,1,645541,5372
1786074911,815297809,1,75.78050994873047,113.88246154785156,32.156192779541016,,,,,,,,,,645542,5372
1786074911,815297809,,,,,5,-1495.3377685546875,1021.4413452148438,-775.5114135742188,0.11300109326839447,-0.1490216702222824,-0.26954787969589233,0.9446519613265991,1,645542,5372
1786074911,823278201,1,75.77064514160156,113.86849212646484,32.169837951660156,,,,,,,,,,645543,5372
1786074911,823278201,,,,,5,-1495.294189453125,1021.40576171875,-775.498291015625,0.1129666417837143,-0.14914168417453766,-0.27009519934654236,0.9444807171821594,1,645543,5372
1786074911,832180606,1,75.74365234375,113.97149658203125,32.30939483642578,,,,,,,,,,645544,5372
1786074911,832180606,,,,,5,-1495.3109130859375,1021.4304809570312,-775.5322875976562,0.11302001774311066,-0.14888063073158264,-0.26962926983833313,0.9446487426757812,1,645544,5372
1786074911,840297062,1,76.03516387939453,114.10482788085938,32.7989616394043,,,,,,,,,,645545,5372
1786074911,840297062,,,,,5,-1495.2828369140625,1021.4329223632812,-775.5221557617188,0.11307872831821442,-0.14890067279338837,-0.2703610062599182,0.9444293975830078,1,645545,5372
1786074911,848092591,1,76.43770599365234,113.94454956054688,32.06163787841797,,,,,,,,,,645546,5372
1786074911,848092591,,,,,5,-1495.3118896484375,1021.4539184570312,-775.545654296875,0.11303375661373138,-0.1492101550102234,-0.27043473720550537,0.9443647861480713,1,645546,5372
1786074911,857050068,1,75.70559692382812,113.96097564697266,32.28007125854492,,,,,,,,,,645547,5372
1786074911,857050068,,,,,5,-1495.3062744140625,1021.4408569335938,-775.4749145507812,0.11301011592149734,-0.14902512729167938,-0.26984792947769165,0.9445646405220032,1,645547,5372
1786074911,865039100,1,75.78046417236328,113.96599578857422,32.24886703491211,,,,,,,,,,645548,5372
1786074911,865039100,,,,,5,-1495.298828125,1021.4478759765625,-775.5382690429688,0.1129482090473175,-0.14895252883434296,-0.2699597477912903,0.9445515871047974,1,645548,5372
1786074911,872983525,1,76.41551208496094,114.20104217529297,32.699462890625,,,,,,,,,,645549,5372
1786074911,872983525,,,,,5,-1495.2760009765625,1021.3863525390625,-775.48291015625,0.1129235252737999,-0.1488974392414093,-0.2698195278644562,0.9446032643318176,1,645549,5372
1786074911,882052617,1,76.62714385986328,114.31092071533203,33.0443115234375,,,,,,,,,,645550,5372
1786074911,882052617,,,,,5,-1495.2996826171875,1021.41015625,-775.5426635742188,0.11280737817287445,-0.14927436411380768,-0.26959532499313354,0.944621741771698,1,645550,5372
1786074911,890148657,1,76.39006042480469,114.14744567871094,32.63216781616211,,,,,,,,,,645551,5372
1786074911,890148657,,,,,5,-1495.332275390625,1021.4093627929688,-775.5004272460938,0.11310146749019623,-0.14887242019176483,-0.27015912532806396,0.9444888830184937,1,645551,5372
1786074911,898045530,1,76.46920013427734,114.2037582397461,32.680118560791016,,,,,,,,,,645552,5372
1786074911,898045530,,,,,5,-1495.3189697265625,1021.4602661132812,-775.4921264648438,0.1123400628566742,-0.14911797642707825,-0.2685244083404541,0.9450069665908813,1,645552,5372
1786074911,906921855,1,76.3132553100586,114.02874755859375,32.772193908691406,,,,,,,,,,645553,5372
1786074911,906921855,,,,,5,-1495.3328857421875,1021.4262084960938,-775.5145874023438,0.11272259056568146,-0.14923880994319916,-0.26908597350120544,0.9447826743125916,1,645553,5372
1786074911,914984711,1,76.44477844238281,114.19831848144531,32.67839431762695,,,,,,,,,,645554,5372
1786074911,914984711,,,,,5,-1495.3084716796875,1021.3927001953125,-775.4937133789062,0.11281662434339523,-0.14908543229103088,-0.2697327733039856,0.9446110725402832,1,645554,5372
1786074911,923793517,1,76.4384536743164,114.28494262695312,32.56593704223633,,,,,,,,,,645555,5372
1786074911,923793517,,,,,5,-1495.2904052734375,1021.4207153320312,-775.4940795898438,0.1130155622959137,-0.14883962273597717,-0.2692767381668091,0.9447562098503113,1,645555,5372
1786074911,931811733,1,76.53812408447266,114.21939849853516,33.01458740234375,,,,,,,,,,645556,5372
1786074911,931811733,,,,,5,-1495.3157958984375,1021.41064453125,-775.4950561523438,0.11277692019939423,-0.14927242696285248,-0.26950564980506897,0.9446512460708618,1,645556,5372
1786074911,939883773,1,76.41669464111328,114.18219757080078,32.6064567565918,,,,,,,,,,645557,5372
1786074911,939883773,,,,,5,-1495.33740234375,1021.4154663085938,-775.4506225585938,0.11289902776479721,-0.14897596836090088,-0.27014461159706116,0.9445008635520935,1,645557,5372
1786074911,948914434,1,76.27259063720703,114.06726837158203,32.757137298583984,,,,,,,,,,645558,5372
1786074911,948914434,,,,,5,-1495.2899169921875,1021.3922119140625,-775.4950561523438,0.1129126101732254,-0.1490182876586914,-0.2694177031517029,0.9447001218795776,1,645558,5372
1786074911,957037130,1,76.47093963623047,114.19364166259766,32.67034912109375,,,,,,,,,,645559,5372
1786074911,957037130,,,,,5,-1495.3306884765625,1021.43359375,-775.5145263671875,0.1128900870680809,-0.14891332387924194,-0.26948270201683044,0.9447009563446045,1,645559,5372
1786074911,964796211,1,76.04017639160156,114.05006408691406,32.71373748779297,,,,,,,,,,645560,5372
1786074911,964796211,,,,,5,-1495.2982177734375,1021.4332275390625,-775.5225830078125,0.11294525116682053,-0.1490708291530609,-0.269558846950531,0.9446476697921753,1,645560,5372
1786074911,973715896,1,75.78402709960938,113.95084381103516,32.25262451171875,,,,,,,,,,645561,5372
1786074911,973715896,,,,,5,-1495.3460693359375,1021.3720703125,-775.4940795898438,0.11268732696771622,-0.14925533533096313,-0.2704369127750397,0.9443983435630798,1,645561,5372
1786074911,981712384,1,75.80154418945312,113.870849609375,32.214176177978516,,,,,,,,,,645562,5372
1786074911,981712384,,,,,5,-1495.2874755859375,1021.4434814453125,-775.5601806640625,0.11295648664236069,-0.1489667147397995,-0.27056625485420227,0.9443747401237488,1,645562,5372
1786074911,989752232,1,76.4554214477539,114.21512603759766,32.66463851928711,,,,,,,,,,645563,5372
1786074911,989752232,,,,,5,-1495.2835693359375,1021.4174194335938,-775.4880981445312,0.1128782406449318,-0.14897966384887695,-0.26931139826774597,0.9447407722473145,1,645563,5372
1786074911,998629358,1,75.76770782470703,113.97510528564453,32.258235931396484,,,,,,,,,,645564,5372
1786074911,998629358,,,,,5,-1495.3348388671875,1021.3927001953125,-775.458740234375,0.11280598491430283,-0.14903271198272705,-0.27051976323127747,0.9443956613540649,1,645564,5372
1786074912,6883094,1,76.42642211914062,114.1800537109375,32.61288833618164,,,,,,,,,,645565,5372
1786074912,6883094,,,,,5,-1495.326416015625,1021.4319458007812,-775.4933471679688,0.11290907114744186,-0.14912670850753784,-0.26960569620132446,0.9446299076080322,1,645565,5372
1786074912,14627743,1,75.6629409790039,113.92478942871094,32.23384094238281,,,,,,,,,,645566,5372
1786074912,14627743,,,,,5,-1495.3255615234375,1021.4290161132812,-775.5001831054688,0.11294097453355789,-0.14887581765651703,-0.2696457505226135,0.9446542263031006,1,645566,5372
1786074912,23566502,1,76.43742370605469,114.22722625732422,32.6839599609375,,,,,,,,,,645567,5372
1786074912,23566502,,,,,5,-1495.2757568359375,1021.4216918945312,-775.4916381835938,0.11280834674835205,-0.14903347194194794,-0.27114585041999817,0.944215714931488,1,645567,5372
1786074912,31777070,1,76.61650848388672,114.31359100341797,33.02375793457031,,,,,,,,,,645568,5372
1786074912,31777070,,,,,5,-1495.3021240234375,1021.4443359375,-775.4765014648438,0.11300036311149597,-0.1490393579006195,-0.2698574960231781,0.9445608258247375,1,645568,5372
1786074912,40542389,1,75.77684783935547,113.93226623535156,32.25476837158203,,,,,,,,,,645569,5372
1786074912,40542389,,,,,5,-1495.3336181640625,1021.3619995117188,-775.5204467773438,0.11250113695859909,-0.14890791475772858,-0.26977992057800293,0.9446632862091064,1,645569,5372
1786074912,48585278,1,75.7756118774414,113.87300872802734,32.21500015258789,,,,,,,,,,645570,5372
1786074912,48585278,,,,,5,-1495.34765625,1021.4098510742188,-775.4779663085938,0.1127220168709755,-0.14899788796901703,-0.2695220708847046,0.9446964263916016,1,645570,5372
1786074912,56521959,1,75.69476318359375,113.91738891601562,32.208065032958984,,,,,,,,,,645571,5372
1786074912,56521959,,,,,5,-1495.31103515625,1021.4396362304688,-775.4988403320312,0.11297465115785599,-0.14921119809150696,-0.2708730101585388,0.9442460536956787,1,645571,5372
1786074912,65477037,1,75.77058410644531,113.95372009277344,32.2771110534668,,,,,,,,,,645572,5372
1786074912,65477037,,,,,5,-1495.3175048828125,1021.3857421875,-775.4839477539062,0.11268860101699829,-0.14913713932037354,-0.2703391909599304,0.9444449543952942,1,645572,5372
1786074912,73779829,1,76.59481048583984,114.2668228149414,33.076297760009766,,,,,,,,,,645573,5372
1786074912,73779829,,,,,5,-1495.333251953125,1021.4050903320312,-775.4661254882812,0.11281266063451767,-0.14900682866573334,-0.2700662314891815,0.9445288181304932,1,645573,5372
1786074912,81407871,1,75.74151611328125,113.95985412597656,32.28007888793945,,,,,,,,,,645574,5372
1786074912,81407871,,,,,5,-1495.3182373046875,1021.4482421875,-775.4801635742188,0.11300419270992279,-0.14909818768501282,-0.2696434259414673,0.9446122646331787,1,645574,5372
1786074912,90561829,1,75.67544555664062,113.90728759765625,32.24960708618164,,,,,,,,,,645575,5372
1786074912,90561829,,,,,5,-1495.3133544921875,1021.4226684570312,-775.4891967773438,0.11291466653347015,-0.1488621085882187,-0.26957184076309204,0.9446806311607361,1,645575,5372
1786074912,98318095,1,75.7157974243164,113.92938995361328,32.22085952758789,,,,,,,,,,645576,5372
1786074912,98318095,,,,,5,-1495.34375,1021.40966796875,-775.4503784179688,0.11274521797895432,-0.1490790992975235,-0.26960116624832153,0.9446582198143005,1,645576,5372
1786074912,107648692,1,76.43645477294922,113.95108795166016,32.034610748291016,,,,,,,,,,645577,5372
1786074912,107648692,,,,,5,-1495.3363037109375,1021.4104614257812,-775.4696655273438,0.11282282322645187,-0.148859903216362,-0.27007919549942017,0.9445469975471497,1,645577,5372
1786074912,115425693,1,75.79041290283203,113.97777557373047,32.287322998046875,,,,,,,,,,645578,5372
1786074912,115425693,,,,,5,-1495.3524169921875,1021.4213256835938,-775.4662475585938,0.11272910982370377,-0.14897140860557556,-0.26945552229881287,0.9447187185287476,1,645578,5372
1786074912,123351655,1,76.30056762695312,114.01388549804688,32.71903610229492,,,,,,,,,,645579,5372
1786074912,123351655,,,,,5,-1495.3255615234375,1021.39892578125,-775.4906616210938,0.11289408802986145,-0.1490289717912674,-0.27026885747909546,0.9444575309753418,1,645579,5372
1786074912,132239437,1,76.31299591064453,114.05812072753906,32.75630187988281,,,,,,,,,,645580,5372
1786074912,132239437,,,,,5,-1495.3216552734375,1021.4180908203125,-775.5205078125,0.11301246285438538,-0.1488574892282486,-0.2695324420928955,0.9446808695793152,1,645580,5372
1786074912,140303094,1,76.01056671142578,114.76470184326172,33.08015441894531,,,,,,,,,,645581,5372
1786074912,140303094,,,,,5,-1495.3173828125,1021.439453125,-775.5413208007812,0.11313160508871078,-0.1490756720304489,-0.27103191614151,0.9442031383514404,1,645581,5372
1786074912,148136447,1,76.54241943359375,114.25179290771484,33.03955841064453,,,,,,,,,,645582,5372
1786074912,148136447,,,,,5,-1495.3387451171875,1021.37646484375,-775.4769897460938,0.11265284568071365,-0.14918425679206848,-0.2699967622756958,0.9445396661758423,1,645582,5372
1786074912,157275205,1,76.40459442138672,114.2068099975586,32.686004638671875,,,,,,,,,,645583,5372
1786074912,157275205,,,,,5,-1495.3265380859375,1021.43359375,-775.4911499023438,0.11290100961923599,-0.148872971534729,-0.2693202793598175,0.9447521567344666,1,645583,5372
1786074912,165100494,1,76.02918243408203,114.12818145751953,32.787715911865234,,,,,,,,,,645584,5372
1786074912,165100494,,,,,5,-1495.3221435546875,1021.4076538085938,-775.4962158203125,0.1128249391913414,-0.14897668361663818,-0.2701096534729004,0.944519579410553,1,645584,5372
1786074912,173061720,1,75.7830810546875,113.98346710205078,32.26820755004883,,,,,,,,,,645585,5372
1786074912,173061720,,,,,5,-1495.29296875,1021.4288330078125,-775.5362548828125,0.11286798119544983,-0.14911611378192902,-0.26955172419548035,0.9446519017219543,1,645585,5372
1786074912,182108157,1,76.63143157958984,114.2851333618164,33.04210662841797,,,,,,,,,,645586,5372
1786074912,182108157,,,,,5,-1495.3206787109375,1021.4052734375,-775.4639282226562,0.11291099339723587,-0.1490476131439209,-0.2699183225631714,0.9445528388023376,1,645586,5372
1786074912,190101094,1,75.64897918701172,113.91757202148438,32.164031982421875,,,,,,,,,,645587,5372
1786074912,190101094,,,,,5,-1495.3101806640625,1021.3898315429688,-775.46533203125,0.11275842040777206,-0.14901979267597198,-0.27000099420547485,0.9445518255233765,1,645587,5372
1786074912,198256495,1,75.7005844116211,113.91448211669922,32.17385482788086,,,,,,,,,,645588,5372
1786074912,198256495,,,,,5,-1495.3275146484375,1021.41748046875,-775.5006713867188,0.11232204735279083,-0.1489328294992447,-0.26954028010368347,0.9447490572929382,1,645588,5372
1786074912,206974262,1,75.71409606933594,113.90682983398438,32.219566345214844,,,,,,,,,,645589,5372
1786074912,206974262,,,,,5,-1495.3258056640625,1021.4276733398438,-775.4646606445312,0.11277944594621658,-0.14901769161224365,-0.26975905895233154,0.9446187019348145,1,645589,5372
1786074912,214940895,1,75.6824951171875,113.90528869628906,32.19081497192383,,,,,,,,,,645590,5372
1786074912,214940895,,,,,5,-1495.324462890625,1021.3718872070312,-775.4933471679688,0.11266233772039413,-0.1488666534423828,-0.27003413438796997,0.9445779919624329,1,645590,5372
1786074912,224002341,1,75.77674102783203,114.00519561767578,32.2608528137207,,,,,,,,,,645591,5372
1786074912,224002341,,,,,5,-1495.3424072265625,1021.4267578125,-775.50732421875,0.11291777342557907,-0.14906878769397736,-0.26929783821105957,0.9447258114814758,1,645591,5372
1786074912,231952686,1,76.44888305664062,114.2128677368164,32.70149230957031,,,,,,,,,,645592,5372
1786074912,231952686,,,,,5,-1495.3421630859375,1021.4470825195312,-775.522705078125,0.11300145834684372,-0.14900033175945282,-0.26979923248291016,0.9445834755897522,1,645592,5372
1786074912,240248726,1,76.01982879638672,114.04122161865234,32.76755905151367,,,,,,,,,,645593,5372
1786074912,240248726,,,,,5,-1495.322509765625,1021.4057006835938,-775.4574584960938,0.11271501332521439,-0.14913728833198547,-0.26980483531951904,0.9445945620536804,1,645593,5372
1786074912,247932096,1,76.44910430908203,114.21681213378906,32.692726135253906,,,,,,,,,,645594,5372
1786074912,247932096,,,,,5,-1495.36083984375,1021.4186401367188,-775.468994140625,0.1127965897321701,-0.14912724494934082,-0.26982343196868896,0.9445810914039612,1,645594,5372
1786074912,257126022,1,76.04891967773438,114.1170654296875,32.79729461669922,,,,,,,,,,645595,5372
1786074912,257126022,,,,,5,-1495.334228515625,1021.4363403320312,-775.48828125,0.11286245286464691,-0.14913243055343628,-0.26921725273132324,0.9447453022003174,1,645595,5372
1786074912,264926767,1,76.0221939086914,114.10658264160156,32.75227737426758,,,,,,,,,,645596,5372
1786074912,264926767,,,,,5,-1495.3270263671875,1021.4196166992188,-775.4317016601562,0.11285937577486038,-0.14922760426998138,-0.2698908746242523,0.944538414478302,1,645596,5372
1786074912,274196245,1,75.78216552734375,113.95313262939453,32.30839920043945,,,,,,,,,,645597,5372
1786074912,274196245,,,,,5,-1495.332275390625,1021.4472045898438,-775.4942626953125,0.11313241720199585,-0.14902645349502563,-0.26959869265556335,0.9446210861206055,1,645597,5372
1786074912,281760255,1,76.4758529663086,114.18939208984375,32.66740036010742,,,,,,,,,,645598,5372
1786074912,281760255,,,,,5,-1495.3265380859375,1021.4197387695312,-775.4805908203125,0.11277612298727036,-0.14920192956924438,-0.270644873380661,0.9443366527557373,1,645598,5372
1786074912,289869735,1,75.66727447509766,113.9328384399414,32.199920654296875,,,,,,,,,,645599,5372
1786074912,289869735,,,,,5,-1495.3465576171875,1021.3951416015625,-775.4740600585938,0.11276096105575562,-0.14905650913715363,-0.27046138048171997,0.9444140791893005,1,645599,5372
1786074912,298664270,1,75.68350219726562,113.96952056884766,32.23884201049805,,,,,,,,,,645600,5372
1786074912,298664270,,,,,5,-1495.3309326171875,1021.4068603515625,-775.4567260742188,0.11261612921953201,-0.14923779666423798,-0.2699003517627716,0.9445631504058838,1,645600,5372
1786074912,306743479,1,76.4024887084961,114.18187713623047,32.659183502197266,,,,,,,,,,645601,5372
1786074912,306743479,,,,,5,-1495.3311767578125,1021.38037109375,-775.4410400390625,0.11265070736408234,-0.14932814240455627,-0.2700101435184479,0.9445133209228516,1,645601,5372
1786074912,315890941,1,76.49496459960938,114.20677185058594,32.68208312988281,,,,,,,,,,645602,5372
1786074912,315890941,,,,,5,-1495.35107421875,1021.4440307617188,-775.4772338867188,0.11305932700634003,-0.14892363548278809,-0.26982831954956055,0.9445803165435791,1,645602,5372
1786074912,323727974,1,76.30583190917969,113.93669891357422,32.527626037597656,,,,,,,,,,645603,5372
1786074912,323727974,,,,,5,-1495.2816162109375,1021.4190673828125,-775.4871826171875,0.11294065415859222,-0.1488625854253769,-0.2694648504257202,0.9447079300880432,1,645603,5372
1786074912,331611183,1,75.12030792236328,113.76756286621094,32.21166229248047,,,,,,,,,,645604,5372
1786074912,331611183,,,,,5,-1495.3228759765625,1021.4376831054688,-775.5032958984375,0.11297805607318878,-0.1491674780845642,-0.2696850299835205,0.9445925951004028,1,645604,5372
1786074912,340638581,1,75.80963134765625,113.54725646972656,31.357770919799805,,,,,,,,,,645605,5372
1786074912,340638581,,,,,5,-1495.318359375,1021.3853759765625,-775.4715576171875,0.11281151324510574,-0.14901041984558105,-0.2697717845439911,0.944612443447113,1,645605,5372
1786074912,348523487,1,76.30638122558594,114.09745788574219,32.779884338378906,,,,,,,,,,645606,5372
1786074912,348523487,,,,,5,-1495.3211669921875,1021.4111328125,-775.4553833007812,0.1127561405301094,-0.14903108775615692,-0.26994630694389343,0.9445660710334778,1,645606,5372
1786074912,356634023,1,76.57726287841797,114.27531433105469,33.06101608276367,,,,,,,,,,645607,5372
1786074912,356634023,,,,,5,-1495.3074951171875,1021.4146728515625,-775.4481811523438,0.11274906992912292,-0.14914533495903015,-0.2700556218624115,0.9445175528526306,1,645607,5372
1786074912,365523086,1,76.47911071777344,114.20323181152344,32.70248031616211,,,,,,,,,,645608,5372
1786074912,365523086,,,,,5,-1495.318359375,1021.4397583007812,-775.5214233398438,0.112149178981781,-0.14895464479923248,-0.2681160271167755,0.9451713562011719,1,645608,5372
1786074912,373486071,1,76.12991333007812,113.88114929199219,32.25083541870117,,,,,,,,,,645609,5372
1786074912,373486071,,,,,5,-1495.3306884765625,1021.3967895507812,-775.4725341796875,0.11257363855838776,-0.14899924397468567,-0.269428014755249,0.9447407722473145,1,645609,5372
1786074912,381424096,1,75.84457397460938,114.0182876586914,32.36769485473633,,,,,,,,,,645610,5372
1786074912,381424096,,,,,5,-1495.3499755859375,1021.3978881835938,-775.4454956054688,0.1127173900604248,-0.1490696221590042,-0.2705317437648773,0.94439697265625,1,645610,5372
1786074912,390533126,1,75.70408630371094,113.87055206298828,32.23792266845703,,,,,,,,,,645611,5372
1786074912,390533126,,,,,5,-1495.326171875,1021.4058837890625,-775.4520874023438,0.1129239872097969,-0.14904044568538666,-0.2697223424911499,0.9446084499359131,1,645611,5372
1786074912,398395183,1,75.1895751953125,113.73444366455078,32.193359375,,,,,,,,,,645612,5372
1786074912,398395183,,,,,5,-1495.30859375,1021.4281616210938,-775.4889526367188,0.11308976262807846,-0.14875315129756927,-0.2700461745262146,0.9445412755012512,1,645612,5372
1786074912,406427736,1,75.76583099365234,113.95244598388672,32.27799606323242,,,,,,,,,,645613,5372
1786074912,406427736,,,,,5,-1495.3743896484375,1021.41162109375,-775.476318359375,0.1129722073674202,-0.14908914268016815,-0.2702030837535858,0.9444575905799866,1,645613,5372
1786074912,415327806,1,76.35773468017578,114.17818450927734,32.66239547729492,,,,,,,,,,645614,5372
1786074912,415327806,,,,,5,-1495.318115234375,1021.4034423828125,-775.4998168945312,0.11277217417955399,-0.1490478664636612,-0.26997050642967224,0.9445545673370361,1,645614,5372
1786074912,422879113,1,76.60223388671875,114.25140380859375,33.01103210449219,,,,,,,,,,645615,5372
1786074912,422879113,,,,,5,-1495.32568359375,1021.38623046875,-775.4901733398438,0.11281047761440277,-0.14910483360290527,-0.26970764994621277,0.9446160793304443,1,645615,5372
1786074912,432314766,1,75.8902816772461,113.99114990234375,32.69670486450195,,,,,,,,,,645616,5372
1786074912,432314766,,,,,5,-1495.3397216796875,1021.3842163085938,-775.4548950195312,0.11276054382324219,-0.14894500374794006,-0.2702517807483673,0.9444916844367981,1,645616,5372
1786074912,440465366,1,76.39478302001953,114.16735076904297,32.652523040771484,,,,,,,,,,645617,5372
1786074912,440465366,,,,,5,-1495.3365478515625,1021.4259033203125,-775.4600219726562,0.11294614523649216,-0.1492568701505661,-0.2700982987880707,0.9444641470909119,1,645617,5372
1786074912,448312479,1,76.43463134765625,114.25900268554688,32.650691986083984,,,,,,,,,,645618,5372
1786074912,448312479,,,,,5,-1495.3529052734375,1021.4024658203125,-775.4667358398438,0.11269162595272064,-0.14919514954090118,-0.2702089846134186,0.9444726705551147,1,645618,5372
1786074912,457208870,1,75.78031921386719,113.9669189453125,32.267303466796875,,,,,,,,,,645619,5373
1786074912,457208870,,,,,5,-1495.32568359375,1021.3976440429688,-775.4624633789062,0.11276457458734512,-0.1492341160774231,-0.2699599266052246,0.9445289373397827,1,645619,5373
1786074912,465141391,1,75.78392791748047,113.9853286743164,32.29762649536133,,,,,,,,,,645620,5373
1786074912,465141391,,,,,5,-1495.3431396484375,1021.4180908203125,-775.4733276367188,0.11292680352926254,-0.1489313393831253,-0.27005863189697266,0.9445291757583618,1,645620,5373
1786074912,473219384,1,76.00260925292969,114.09416961669922,32.77642822265625,,,,,,,,,,645621,5373
1786074912,473219384,,,,,5,-1495.3486328125,1021.4010009765625,-775.4721069335938,0.11280059069395065,-0.14913268387317657,-0.2699373662471771,0.9445472359657288,1,645621,5373
1786074912,482146430,1,75.5782241821289,113.83993530273438,32.63032150268555,,,,,,,,,,645622,5373
1786074912,482146430,,,,,5,-1495.3563232421875,1021.3760986328125,-775.5032348632812,0.11272341012954712,-0.1491401195526123,-0.27048423886299133,0.9443987607955933,1,645622,5373
1786074912,490168263,1,76.62833404541016,114.24962615966797,33.06297302246094,,,,,,,,,,645623,5373
1786074912,490168263,,,,,5,-1495.3353271484375,1021.4039916992188,-775.4533081054688,0.11263887584209442,-0.1491786390542984,-0.2700021266937256,0.9445406794548035,1,645623,5373
1786074912,498017680,1,76.52308654785156,114.28772735595703,33.02421951293945,,,,,,,,,,645624,5373
1786074912,498017680,,,,,5,-1495.334716796875,1021.4384155273438,-775.509765625,0.11287517100572586,-0.1491192877292633,-0.2709307074546814,0.9442559480667114,1,645624,5373
1786074912,507082710,1,76.40026092529297,114.22867584228516,32.74187469482422,,,,,,,,,,645625,5373
1786074912,507082710,,,,,5,-1495.3392333984375,1021.4375,-775.5187377929688,0.11292389035224915,-0.14901483058929443,-0.2697581946849823,0.9446021914482117,1,645625,5373
1786074912,514964000,1,75.73872375488281,113.89605712890625,32.22358703613281,,,,,,,,,,645626,5373
1786074912,514964000,,,,,5,-1495.3343505859375,1021.4220581054688,-775.4678344726562,0.11277785152196884,-0.14885462820529938,-0.2695848345756531,0.944694459438324,1,645626,5373
1786074912,523928518,1,75.62093353271484,113.93429565429688,32.21236801147461,,,,,,,,,,645627,5373
1786074912,523928518,,,,,5,-1495.35205078125,1021.3770751953125,-775.4800415039062,0.11275877803564072,-0.14902620017528534,-0.27069082856178284,0.9443533420562744,1,645627,5373
1786074912,531880623,1,76.63603973388672,114.29473114013672,33.09129333496094,,,,,,,,,,645628,5373
1786074912,531880623,,,,,5,-1495.2840576171875,1021.4434814453125,-775.5067138671875,0.11313857138156891,-0.14882566034793854,-0.2702662944793701,0.9444611668586731,1,645628,5373
1786074912,540030712,1,75.7648696899414,113.9836654663086,32.263614654541016,,,,,,,,,,645629,5373
1786074912,540030712,,,,,5,-1495.3397216796875,1021.4406127929688,-775.5001831054688,0.1129637360572815,-0.1491142064332962,-0.2696109414100647,0.9446238875389099,1,645629,5373
1786074912,547850401,1,76.0198745727539,114.13042449951172,32.74132537841797,,,,,,,,,,645630,5373
1786074912,547850401,,,,,5,-1495.3367919921875,1021.4505004882812,-775.478271484375,0.112968809902668,-0.14905449748039246,-0.26945337653160095,0.9446775317192078,1,645630,5373
1786074912,556947399,1,76.618896484375,114.18839263916016,32.95426559448242,,,,,,,,,,645631,5373
1786074912,556947399,,,,,5,-1495.340087890625,1021.4176025390625,-775.4746704101562,0.11273052543401718,-0.14887875318527222,-0.2693493068218231,0.9447634220123291,1,645631,5373
1786074912,564904112,1,75.760498046875,113.98553466796875,32.2512321472168,,,,,,,,,,645632,5373
1786074912,564904112,,,,,5,-1495.3275146484375,1021.4075317382812,-775.4520874023438,0.11291591823101044,-0.14882846176624298,-0.269893616437912,0.9445937871932983,1,645632,5373
1786074912,574284117,1,75.282958984375,113.780029296875,32.24802017211914,,,,,,,,,,645633,5373
1786074912,574284117,,,,,5,-1495.3367919921875,1021.3972778320312,-775.4703369140625,0.11277983337640762,-0.14887478947639465,-0.2700394093990326,0.944561243057251,1,645633,5373
1786074912,581782303,1,76.52890014648438,114.2950668334961,33.057029724121094,,,,,,,,,,645634,5373
1786074912,581782303,,,,,5,-1495.314453125,1021.4097900390625,-775.447998046875,0.11288059502840042,-0.14889666438102722,-0.2698245346546173,0.944607138633728,1,645634,5373
1786074912,589668681,1,75.75616455078125,113.9649887084961,32.263912200927734,,,,,,,,,,645635,5373
1786074912,589668681,,,,,5,-1495.3082275390625,1021.41064453125,-775.4899291992188,0.11295962333679199,-0.14899444580078125,-0.2696545124053955,0.9446307420730591,1,645635,5373
1786074912,598682543,1,75.71735382080078,113.8288803100586,32.12089157104492,,,,,,,,,,645636,5373
1786074912,598682543,,,,,5,-1495.3475341796875,1021.4564819335938,-775.4892578125,0.11284751445055008,-0.14929044246673584,-0.2703428268432617,0.9444007277488708,1,645636,5373
1786074912,606760888,1,75.6861801147461,113.92825317382812,32.254364013671875,,,,,,,,,,645637,5373
1786074912,606760888,,,,,5,-1495.302001953125,1021.4002075195312,-775.4463500976562,0.11276151239871979,-0.1489720493555069,-0.26979491114616394,0.9446178078651428,1,645637,5373
1786074912,614664289,1,75.7680892944336,113.99122619628906,32.32930374145508,,,,,,,,,,645638,5373
1786074912,614664289,,,,,5,-1495.2943115234375,1021.4251098632812,-775.4990844726562,0.1132679358124733,-0.1488523781299591,-0.2698308229446411,0.9445658326148987,1,645638,5373
1786074912,623745063,1,75.74903869628906,113.94744110107422,32.24985885620117,,,,,,,,,,645639,5373
1786074912,623745063,,,,,5,-1495.31787109375,1021.4468994140625,-775.467041015625,0.11292379349470139,-0.14923466742038727,-0.2706630229949951,0.9443086981773376,1,645639,5373
1786074912,631796976,1,76.4831771850586,114.21125793457031,32.66834259033203,,,,,,,,,,645640,5373
1786074912,631796976,,,,,5,-1495.3004150390625,1021.4343872070312,-775.4850463867188,0.11303530633449554,-0.14887337386608124,-0.26958611607551575,0.9446604251861572,1,645640,5373
1786074912,640658934,1,75.94332122802734,114.1081771850586,32.74759292602539,,,,,,,,,,645641,5373
1786074912,640658934,,,,,5,-1495.3248291015625,1021.388671875,-775.4898681640625,0.11272098869085312,-0.14899471402168274,-0.26976221799850464,0.9446285367012024,1,645641,5373
1786074912,648540831,1,76.6072998046875,114.2902603149414,33.0419921875,,,,,,,,,,645642,5373
1786074912,648540831,,,,,5,-1495.3392333984375,1021.4097900390625,-775.4828491210938,0.11263304203748703,-0.14921027421951294,-0.2694089710712433,0.9447057247161865,1,645642,5373
1786074912,656704552,1,76.56593322753906,114.31780242919922,33.07202911376953,,,,,,,,,,645643,5373
1786074912,656704552,,,,,5,-1495.328369140625,1021.4267578125,-775.5003662109375,0.11273881793022156,-0.14916257560253143,-0.2695322334766388,0.9446654319763184,1,645643,5373
1786074912,664499281,1,76.44538879394531,114.15262603759766,32.63526153564453,,,,,,,,,,645644,5373
1786074912,664499281,,,,,5,-1495.26171875,1021.4522705078125,-775.5403442382812,0.11305485665798187,-0.14893405139446259,-0.2700735032558441,0.9445092082023621,1,645644,5373
1786074912,673741239,1,76.65445709228516,114.25907135009766,33.05319595336914,,,,,,,,,,645645,5373
1786074912,673741239,,,,,5,-1495.353515625,1021.4146728515625,-775.4848022460938,0.11287935823202133,-0.1491694152355194,-0.2699241042137146,0.9445356726646423,1,645645,5373
1786074912,681419041,1,75.77522277832031,113.95767211914062,32.19941329956055,,,,,,,,,,645646,5373
1786074912,681419041,,,,,5,-1495.3436279296875,1021.4010009765625,-775.4759521484375,0.11290305852890015,-0.14904750883579254,-0.2703830599784851,0.9444208741188049,1,645646,5373
1786074912,690349319,1,75.66240692138672,113.86321258544922,32.149200439453125,,,,,,,,,,645647,5373
1786074912,690349319,,,,,5,-1495.3277587890625,1021.4220581054688,-775.468505859375,0.11278814822435379,-0.14906588196754456,-0.26963263750076294,0.9446461796760559,1,645647,5373
1786074912,698351376,1,75.72966003417969,113.9682388305664,32.26734161376953,,,,,,,,,,645648,5373
1786074912,698351376,,,,,5,-1495.2835693359375,1021.4205322265625,-775.5029296875,0.11295054852962494,-0.1490010917186737,-0.27059632539749146,0.9443614482879639,1,645648,5373
1786074912,706385625,1,75.75529479980469,113.90084838867188,32.15715789794922,,,,,,,,,,645649,5373
1786074912,706385625,,,,,5,-1495.3211669921875,1021.3738403320312,-775.4654541015625,0.1126336008310318,-0.14927779138088226,-0.2700788080692291,0.9445038437843323,1,645649,5373
1786074912,715518559,1,76.38859558105469,114.18853759765625,32.637046813964844,,,,,,,,,,645650,5373
1786074912,715518559,,,,,5,-1495.29541015625,1021.3922119140625,-775.5724487304688,0.11291705071926117,-0.14891880750656128,-0.27009737491607666,0.9445212483406067,1,645650,5373
1786074912,723474408,1,76.45825958251953,114.22050476074219,32.67280960083008,,,,,,,,,,645651,5373
1786074912,723474408,,,,,5,-1495.3115234375,1021.39697265625,-775.4703979492188,0.11273463070392609,-0.1488734483718872,-0.2695927023887634,0.9446943402290344,1,645651,5373
1786074912,731311825,1,75.76643371582031,113.98309326171875,32.22563934326172,,,,,,,,,,645652,5373
1786074912,731311825,,,,,5,-1495.3177490234375,1021.4240112304688,-775.5205078125,0.1129578948020935,-0.14906756579875946,-0.27046841382980347,0.9443867802619934,1,645652,5373
1786074912,740566519,1,75.84613037109375,113.99811553955078,32.35348129272461,,,,,,,,,,645653,5373
1786074912,740566519,,,,,5,-1495.3311767578125,1021.3828125,-775.4805297851562,0.11288930475711823,-0.14909592270851135,-0.27072474360466003,0.9443169832229614,1,645653,5373
1786074912,748203009,1,76.54415130615234,114.04557037353516,32.13720703125,,,,,,,,,,645654,5373
1786074912,748203009,,,,,5,-1495.322265625,1021.4506225585938,-775.5018310546875,0.11238845437765121,-0.14898329973220825,-0.2684624195098877,0.9450401067733765,1,645654,5373
1786074912,757177255,1,75.91056060791016,114.1159896850586,32.70602798461914,,,,,,,,,,645655,5373
1786074912,757177255,,,,,5,-1495.3194580078125,1021.4205322265625,-775.5079345703125,0.1128930151462555,-0.1490153968334198,-0.2696997821331024,0.9446225762367249,1,645655,5373
1786074912,765214256,1,75.14447784423828,113.6416244506836,32.13945770263672,,,,,,,,,,645656,5373
1786074912,765214256,,,,,5,-1495.3284912109375,1021.3893432617188,-775.4658203125,0.11273270845413208,-0.14914512634277344,-0.2699612081050873,0.9445465803146362,1,645656,5373
1786074912,773109849,1,76.33062744140625,114.21003723144531,32.681053161621094,,,,,,,,,,645657,5373
1786074912,773109849,,,,,5,-1495.326416015625,1021.4496459960938,-775.4834594726562,0.11312805861234665,-0.14885111153125763,-0.2698572874069214,0.9445754289627075,1,645657,5373
1786074912,782128479,1,76.7733154296875,114.21300506591797,32.795318603515625,,,,,,,,,,645658,5373
1786074912,782128479,,,,,5,-1495.302001953125,1021.4014892578125,-775.4652709960938,0.11284856498241425,-0.14897355437278748,-0.2698255777359009,0.9445984959602356,1,645658,5373
1786074912,790530119,1,75.99409484863281,114.16100311279297,32.766658782958984,,,,,,,,,,645659,5373
1786074912,790530119,,,,,5,-1495.349853515625,1021.4509887695312,-775.4888916015625,0.11309591680765152,-0.14908823370933533,-0.26987603306770325,0.9445363879203796,1,645659,5373
1786074912,798245137,1,75.75953674316406,113.97327423095703,32.24177551269531,,,,,,,,,,645660,5373
1786074912,798245137,,,,,5,-1495.3095703125,1021.39794921875,-775.4642333984375,0.11291823536157608,-0.1489158570766449,-0.2698591351509094,0.9445897936820984,1,645660,5373
1786074912,807131287,1,76.45782470703125,114.22779083251953,32.71586227416992,,,,,,,,,,645661,5373
1786074912,807131287,,,,,5,-1495.3284912109375,1021.4548950195312,-775.5430908203125,0.11297552287578583,-0.14914116263389587,-0.2705436944961548,0.9443514347076416,1,645661,5373
1786074912,815044192,1,75.97481536865234,114.03954315185547,32.74319839477539,,,,,,,,,,645662,5373
1786074912,815044192,,,,,5,-1495.3251953125,1021.3858642578125,-775.4699096679688,0.11276999861001968,-0.14916442334651947,-0.2699472904205322,0.9445430040359497,1,645662,5373
1786074912,822910442,1,75.70294952392578,113.93132019042969,32.21865463256836,,,,,,,,,,645663,5373
1786074912,822910442,,,,,5,-1495.352783203125,1021.4219970703125,-775.4738159179688,0.11287583410739899,-0.1491204798221588,-0.27007338404655457,0.9445012211799622,1,645663,5373
1786074912,831883600,1,75.6321792602539,113.86038208007812,32.138328552246094,,,,,,,,,,645664,5373
1786074912,831883600,,,,,5,-1495.320068359375,1021.4027709960938,-775.4629516601562,0.11287994682788849,-0.1489640325307846,-0.26991578936576843,0.9445704221725464,1,645664,5373
1786074912,840233016,1,75.7186508178711,113.92256927490234,32.22393035888672,,,,,,,,,,645665,5373
1786074912,840233016,,,,,5,-1495.3240966796875,1021.4218139648438,-775.4338989257812,0.11291907727718353,-0.14919574558734894,-0.26990658044815063,0.9445317983627319,1,645665,5373
1786074912,849049054,1,76.44683837890625,114.20693969726562,32.71015930175781,,,,,,,,,,645666,5373
1786074912,849049054,,,,,5,-1495.302978515625,1021.41845703125,-775.50244140625,0.11317230761051178,-0.14878816902637482,-0.27090227603912354,0.944280743598938,1,645666,5373
1786074912,856880584,1,75.72433471679688,113.94733428955078,32.255035400390625,,,,,,,,,,645667,5373
1786074912,856880584,,,,,5,-1495.3157958984375,1021.40673828125,-775.4876098632812,0.11275305598974228,-0.1489103138446808,-0.2696612775325775,0.9446667432785034,1,645667,5373
1786074912,864845393,1,76.38734436035156,114.19815826416016,32.6071662902832,,,,,,,,,,645668,5373
1786074912,864845393,,,,,5,-1495.2711181640625,1021.4491577148438,-775.52197265625,0.11294889450073242,-0.14904482662677765,-0.26984506845474243,0.9445696473121643,1,645668,5373
1786074912,873754679,1,75.76549530029297,113.97687530517578,32.23895263671875,,,,,,,,,,645669,5373
1786074912,873754679,,,,,5,-1495.321044921875,1021.443359375,-775.4661865234375,0.11307327449321747,-0.14894011616706848,-0.2698550224304199,0.944568395614624,1,645669,5373
1786074912,881760160,1,76.4654541015625,114.23145294189453,32.63003921508789,,,,,,,,,,645670,5373
1786074912,881760160,,,,,5,-1495.291748046875,1021.43017578125,-775.50048828125,0.1130194142460823,-0.14895464479923248,-0.270759642124176,0.9443138837814331,1,645670,5373
1786074912,889869481,1,76.49330139160156,114.19930267333984,32.6873779296875,,,,,,,,,,645671,5373
1786074912,889869481,,,,,5,-1495.286376953125,1021.4757080078125,-775.50537109375,0.11320053786039352,-0.14891748130321503,-0.2708562910556793,0.944270133972168,1,645671,5373
1786074912,898719855,1,75.74369049072266,113.94676971435547,32.25718688964844,,,,,,,,,,645672,5373
1786074912,898719855,,,,,5,-1495.2952880859375,1021.4406127929688,-775.5321655273438,0.11290472745895386,-0.14934134483337402,-0.27045977115631104,0.944352388381958,1,645672,5373
1786074912,906715512,1,76.20470428466797,113.91879272460938,32.696876525878906,,,,,,,,,,645673,5373
1786074912,906715512,,,,,5,-1495.2861328125,1021.419921875,-775.5537719726562,0.11281345039606094,-0.14912410080432892,-0.2704271674156189,0.9444068670272827,1,645673,5373
1786074912,914680994,1,75.6700210571289,113.9638671875,32.216339111328125,,,,,,,,,,645674,5373
1786074912,914680994,,,,,5,-1495.291015625,1021.36962890625,-775.4791259765625,0.11282350867986679,-0.14892689883708954,-0.27014145255088806,0.9445185661315918,1,645674,5373
1786074912,923606952,1,76.42681884765625,114.16050720214844,32.638450622558594,,,,,,,,,,645675,5373
1786074912,923606952,,,,,5,-1495.3388671875,1021.3917236328125,-775.48486328125,0.11293055862188339,-0.14882245659828186,-0.27013665437698364,0.9445235729217529,1,645675,5373
1786074912,931563537,1,75.76068115234375,113.9827880859375,32.24335479736328,,,,,,,,,,645676,5373
1786074912,931563537,,,,,5,-1495.298583984375,1021.3981323242188,-775.4522705078125,0.11291111260652542,-0.14888139069080353,-0.2701137661933899,0.9445232152938843,1,645676,5373
1786074912,939585082,1,75.73029327392578,114.01058959960938,32.28477478027344,,,,,,,,,,645677,5373
1786074912,939585082,,,,,5,-1495.3033447265625,1021.3978881835938,-775.4503784179688,0.11301148682832718,-0.14884239435195923,-0.2703365087509155,0.9444535374641418,1,645677,5373
1786074912,948577824,1,75.74440002441406,113.97027587890625,32.31867980957031,,,,,,,,,,645678,5373
1786074912,948577824,,,,,5,-1495.3021240234375,1021.4303588867188,-775.4760131835938,0.11302099376916885,-0.14873376488685608,-0.2695852220058441,0.9446843266487122,1,645678,5373
1786074912,956057674,1,75.7480697631836,113.99543762207031,32.25608825683594,,,,,,,,,,645679,5373
1786074912,956057674,,,,,5,-1495.285400390625,1021.4269409179688,-775.4762573242188,0.11298543959856033,-0.14892730116844177,-0.26950281858444214,0.9446816444396973,1,645679,5373
1786074912,965777359,1,75.76612854003906,113.98658752441406,32.2582893371582,,,,,,,,,,645680,5373
1786074912,965777359,,,,,5,-1495.3040771484375,1021.4686889648438,-775.4979858398438,0.11310958117246628,-0.1491830199956894,-0.27023670077323914,0.9444167017936707,1,645680,5373
1786074912,973649880,1,76.27227783203125,114.08036041259766,32.80815887451172,,,,,,,,,,645681,5373
1786074912,973649880,,,,,5,-1495.315673828125,1021.4318237304688,-775.4591064453125,0.11301671713590622,-0.14904485642910004,-0.2697960138320923,0.9445756673812866,1,645681,5373
1786074912,981607777,1,75.7066879272461,113.9182357788086,32.19544219970703,,,,,,,,,,645682,5373
1786074912,981607777,,,,,5,-1495.320068359375,1021.3953247070312,-775.446044921875,0.11300398409366608,-0.14898084104061127,-0.2704531252384186,0.9443992972373962,1,645682,5373
1786074912,990776039,1,75.75331115722656,113.88327026367188,32.23691940307617,,,,,,,,,,645683,5373
1786074912,990776039,,,,,5,-1495.3297119140625,1021.416015625,-775.4844970703125,0.11302530765533447,-0.1488783359527588,-0.2697107493877411,0.9446253180503845,1,645683,5373
1786074912,998504400,1,76.44615173339844,114.16036987304688,32.64350891113281,,,,,,,,,,645684,5373
1786074912,998504400,,,,,5,-1495.3048095703125,1021.4287109375,-775.5130615234375,0.11293062567710876,-0.14904417097568512,-0.2698446810245514,0.9445720911026001,1,645684,5373
1786074913,6359546,1,75.73128509521484,113.88137817382812,32.220184326171875,,,,,,,,,,645685,5373
1786074913,6359546,,,,,5,-1495.3424072265625,1021.4397583007812,-775.4825439453125,0.11303988099098206,-0.14900881052017212,-0.26964735984802246,0.9446209669113159,1,645685,5373
1786074913,15303393,1,76.44023132324219,114.26985168457031,32.68952941894531,,,,,,,,,,645686,5373
1786074913,15303393,,,,,5,-1495.32275390625,1021.443359375,-775.4908447265625,0.11298027634620667,-0.14892883598804474,-0.2696409225463867,0.9446426033973694,1,645686,5373
1786074913,23355275,1,75.76838684082031,114.04595947265625,32.186309814453125,,,,,,,,,,645687,5373
1786074913,23355275,,,,,5,-1495.2947998046875,1021.4483642578125,-775.4910278320312,0.11310096085071564,-0.14913201332092285,-0.2707335650920868,0.9442834258079529,1,645687,5373
1786074913,31397749,1,76.44699096679688,114.21930694580078,32.69080352783203,,,,,,,,,,645688,5373
1786074913,31397749,,,,,5,-1495.301025390625,1021.3818359375,-775.45654296875,0.11278313398361206,-0.1489231437444687,-0.27013885974884033,0.9445247650146484,1,645688,5373
1786074913,40436860,1,76.34957122802734,114.194091796875,32.68143844604492,,,,,,,,,,645689,5373
1786074913,40436860,,,,,5,-1495.3515625,1021.4015502929688,-775.4645385742188,0.11291180551052094,-0.14905786514282227,-0.27007246017456055,0.9445070624351501,1,645689,5373
1786074913,48337862,1,76.25760650634766,112.89458465576172,32.77583694458008,,,,,,,,,,645690,5373
1786074913,48337862,,,,,5,-1495.335205078125,1021.408203125,-775.4700317382812,0.1128414049744606,-0.14914487302303314,-0.27005231380462646,0.9445075392723083,1,645690,5373
1786074913,56269744,1,75.68186950683594,113.63069152832031,31.39370346069336,,,,,,,,,,645691,5373
1786074913,56269744,,,,,5,-1495.3009033203125,1021.4187622070312,-775.4876098632812,0.11283520609140396,-0.14903831481933594,-0.2692072093486786,0.9447664022445679,1,645691,5373
1786074913,65288535,1,75.73877716064453,113.98736572265625,32.26667022705078,,,,,,,,,,645692,5373
1786074913,65288535,,,,,5,-1495.2874755859375,1021.45556640625,-775.4859619140625,0.11316972225904465,-0.148806631565094,-0.2703419625759125,0.9444388151168823,1,645692,5373
1786074913,73231489,1,76.24596405029297,112.88642883300781,32.802581787109375,,,,,,,,,,645693,5373
1786074913,73231489,,,,,5,-1495.3411865234375,1021.3699340820312,-775.4628295898438,0.11265549808740616,-0.149073988199234,-0.27062469720840454,0.944377064704895,1,645693,5373
1786074913,82233448,1,75.77245330810547,113.8996810913086,32.22980499267578,,,,,,,,,,645694,5373
1786074913,82233448,,,,,5,-1495.3123779296875,1021.4192504882812,-775.4970092773438,0.11297821253538132,-0.1491151750087738,-0.2700166404247284,0.944506049156189,1,645694,5373
1786074913,90246738,1,76.39056396484375,114.19410705566406,32.63072967529297,,,,,,,,,,645695,5373
1786074913,90246738,,,,,5,-1495.3209228515625,1021.41796875,-775.4859008789062,0.11293839663267136,-0.14906683564186096,-0.27010881900787354,0.9444921612739563,1,645695,5373
1786074913,98117372,1,76.43492126464844,114.30083465576172,32.54921340942383,,,,,,,,,,645696,5373
1786074913,98117372,,,,,5,-1495.295654296875,1021.4164428710938,-775.4603271484375,0.11297512799501419,-0.14898207783699036,-0.2694490849971771,0.9446895122528076,1,645696,5373
1786074913,107077571,1,76.00239562988281,114.0730209350586,32.799583435058594,,,,,,,,,,645697,5373
1786074913,107077571,,,,,5,-1495.34375,1021.4132690429688,-775.4308471679688,0.11266063898801804,-0.14904427528381348,-0.2702121436595917,0.9444992542266846,1,645697,5373
1786074913,115090477,1,75.7374038696289,113.93990325927734,32.27455139160156,,,,,,,,,,645698,5373
1786074913,115090477,,,,,5,-1495.3221435546875,1021.3798217773438,-775.44287109375,0.11282072961330414,-0.14897599816322327,-0.27040624618530273,0.9444354176521301,1,645698,5373
1786074913,123050327,1,76.68962860107422,114.05939483642578,32.442161560058594,,,,,,,,,,645699,5373
1786074913,123050327,,,,,5,-1495.3187255859375,1021.4053955078125,-775.4649047851562,0.11290986835956573,-0.1490808129310608,-0.26992133259773254,0.9445468783378601,1,645699,5373
1786074913,132037086,1,76.4232406616211,114.17288970947266,32.671119689941406,,,,,,,,,,645700,5373
1786074913,132037086,,,,,5,-1495.3021240234375,1021.4498901367188,-775.5292358398438,0.1132344976067543,-0.14888057112693787,-0.27047014236450195,0.9443826675415039,1,645700,5373
1786074913,140206087,1,76.28064727783203,114.04317474365234,32.79264450073242,,,,,,,,,,645701,5373
1786074913,140206087,,,,,5,-1495.287353515625,1021.4093017578125,-775.5714721679688,0.11308354139328003,-0.14910374581813812,-0.2704656720161438,0.9443666934967041,1,645701,5373
1786074913,148299857,1,75.76182556152344,113.95319366455078,32.28911590576172,,,,,,,,,,645702,5373
1786074913,148299857,,,,,5,-1495.3314208984375,1021.4474487304688,-775.4835815429688,0.11287911236286163,-0.14923331141471863,-0.2690216600894928,0.9447831511497498,1,645702,5373
1786074913,157450071,1,75.71578216552734,113.97357940673828,32.2679443359375,,,,,,,,,,645703,5373
1786074913,157450071,,,,,5,-1495.29931640625,1021.43603515625,-775.4879760742188,0.1129753515124321,-0.14887236058712006,-0.2691909968852997,0.9447803497314453,1,645703,5373
1786074913,164979458,1,76.54000854492188,114.23796844482422,32.999000549316406,,,,,,,,,,645704,5373
1786074913,164979458,,,,,5,-1495.3270263671875,1021.4523315429688,-775.4934692382812,0.11293569207191467,-0.14908058941364288,-0.26949748396873474,0.9446648359298706,1,645704,5373
1786074913,173948137,1,75.72720336914062,113.97306060791016,32.266746520996094,,,,,,,,,,645705,5373
1786074913,173948137,,,,,5,-1495.338623046875,1021.4049072265625,-775.4515380859375,0.11298967152833939,-0.14886532723903656,-0.2700648307800293,0.9445303678512573,1,645705,5373
1786074913,182133523,1,75.78462982177734,113.65034484863281,31.438217163085938,,,,,,,,,,645706,5373
1786074913,182133523,,,,,5,-1495.3021240234375,1021.4049682617188,-775.4794921875,0.112796850502491,-0.14894190430641174,-0.2694687843322754,0.9447115063667297,1,645706,5373
1786074913,190106525,1,75.68091583251953,113.93019104003906,32.19718551635742,,,,,,,,,,645707,5373
1786074913,190106525,,,,,5,-1495.309814453125,1021.404296875,-775.4503173828125,0.11290721595287323,-0.14894349873065948,-0.2699318528175354,0.9445657730102539,1,645707,5373
1786074913,198885956,1,75.71673583984375,113.8412094116211,32.17444610595703,,,,,,,,,,645708,5373
1786074913,198885956,,,,,5,-1495.2938232421875,1021.46240234375,-775.5174560546875,0.11317367851734161,-0.14887015521526337,-0.27004048228263855,0.9445145130157471,1,645708,5373
1786074913,206795726,1,75.75946044921875,113.86682891845703,32.181949615478516,,,,,,,,,,645709,5373
1786074913,206795726,,,,,5,-1495.3394775390625,1021.3839721679688,-775.4906616210938,0.11274721473455429,-0.14883892238140106,-0.2701004147529602,0.9445531964302063,1,645709,5373
1786074913,214788536,1,75.78564453125,113.98037719726562,32.24128341674805,,,,,,,,,,645710,5373
1786074913,214788536,,,,,5,-1495.3138427734375,1021.4234619140625,-775.4853515625,0.11304845660924911,-0.1489873081445694,-0.26980552077293396,0.944578230381012,1,645710,5373
1786074913,223700095,1,76.29700469970703,113.96141052246094,32.719444274902344,,,,,,,,,,645711,5373
1786074913,223700095,,,,,5,-1495.273681640625,1021.4567260742188,-775.5148315429688,0.1131024956703186,-0.1489870846271515,-0.270162969827652,0.9444695711135864,1,645711,5373
1786074913,231708873,1,76.0276870727539,113.80701446533203,31.97406005859375,,,,,,,,,,645712,5373
1786074913,231708873,,,,,5,-1495.3245849609375,1021.4150390625,-775.4923706054688,0.1129838153719902,-0.1491537243127823,-0.2701030969619751,0.9444745182991028,1,645712,5373
1786074913,239744787,1,76.46522521972656,114.21994018554688,32.67665100097656,,,,,,,,,,645713,5373
1786074913,239744787,,,,,5,-1495.2996826171875,1021.4130249023438,-775.4752807617188,0.11306000500917435,-0.14880725741386414,-0.269838809967041,0.9445956945419312,1,645713,5373
1786074913,248665978,1,76.45414733886719,114.2208480834961,32.68781661987305,,,,,,,,,,645714,5373
1786074913,248665978,,,,,5,-1495.2977294921875,1021.3933715820312,-775.5128784179688,0.11297646909952164,-0.14891114830970764,-0.2708851099014282,0.9442898035049438,1,645714,5373
1786074913,256879427,1,75.6809310913086,113.91658020019531,32.20240783691406,,,,,,,,,,645715,5373
1786074913,256879427,,,,,5,-1495.3367919921875,1021.4127197265625,-775.46435546875,0.11281241476535797,-0.1490412950515747,-0.2697247564792633,0.9446209669113159,1,645715,5373
1786074913,264641838,1,76.51539611816406,114.28221893310547,33.01708221435547,,,,,,,,,,645716,5373
1786074913,264641838,,,,,5,-1495.34326171875,1021.4125366210938,-775.4671020507812,0.11282728612422943,-0.14901942014694214,-0.2693258821964264,0.9447364807128906,1,645716,5373
1786074913,273731925,1,75.68008422851562,113.94737243652344,32.22065734863281,,,,,,,,,,645717,5373
1786074913,273731925,,,,,5,-1495.3543701171875,1021.4005737304688,-775.4909057617188,0.11259038746356964,-0.14916960895061493,-0.269635945558548,0.9446524977684021,1,645717,5373
1786074913,281633663,1,76.63301849365234,114.23739624023438,33.01960372924805,,,,,,,,,,645718,5373
1786074913,281633663,,,,,5,-1495.3138427734375,1021.38916015625,-775.4437255859375,0.11289650201797485,-0.1489046812057495,-0.2702235281467438,0.9444899559020996,1,645718,5373
1786074913,290584262,1,75.74602508544922,113.96126556396484,32.263999938964844,,,,,,,,,,645719,5373
1786074913,290584262,,,,,5,-1495.3319091796875,1021.4168090820312,-775.468505859375,0.11292714625597,-0.1487041711807251,-0.27002713084220886,0.9445740580558777,1,645719,5373
1786074913,298535024,1,75.97234344482422,114.04850006103516,32.75654602050781,,,,,,,,,,645720,5373
1786074913,298535024,,,,,5,-1495.31640625,1021.4252319335938,-775.4783325195312,0.1129412055015564,-0.14896747469902039,-0.2691535949707031,0.9447801113128662,1,645720,5373
1786074913,306707353,1,75.97318267822266,114.04476928710938,32.69575881958008,,,,,,,,,,645721,5373
1786074913,306707353,,,,,5,-1495.2847900390625,1021.3430786132812,-775.4960327148438,0.11288896203041077,-0.14900824427604675,-0.2702219486236572,0.9444749355316162,1,645721,5373
1786074913,315155234,1,76.04457092285156,114.08428955078125,32.79240798950195,,,,,,,,,,645722,5373
1786074913,315155234,,,,,5,-1495.3204345703125,1021.4392700195312,-775.4710083007812,0.11300840973854065,-0.14901034533977509,-0.26979556679725647,0.9445821642875671,1,645722,5373
1786074913,323830154,1,76.42288970947266,114.19845581054688,32.69476318359375,,,,,,,,,,645723,5373
1786074913,323830154,,,,,5,-1495.339599609375,1021.4478759765625,-775.4945678710938,0.11283989250659943,-0.1490078717470169,-0.2693386971950531,0.9447330832481384,1,645723,5373
1786074913,331389813,1,75.72962188720703,113.9850845336914,32.27112579345703,,,,,,,,,,645724,5373
1786074913,331389813,,,,,5,-1495.3304443359375,1021.4201049804688,-775.490234375,0.11280038207769394,-0.1490098536014557,-0.2698133587837219,0.9446020126342773,1,645724,5373
1786074913,340334588,1,76.44212341308594,114.17955017089844,32.69333267211914,,,,,,,,,,645725,5373
1786074913,340334588,,,,,5,-1495.3406982421875,1021.4603881835938,-775.4721069335938,0.11300963163375854,-0.14885099232196808,-0.27099815011024475,0.9442628622055054,1,645725,5373
1786074913,348449574,1,75.6535873413086,113.95345306396484,32.18284606933594,,,,,,,,,,645726,5373
1786074913,348449574,,,,,5,-1495.3345947265625,1021.4552612304688,-775.474609375,0.11290577054023743,-0.1490069478750229,-0.2694203853607178,0.9447019696235657,1,645726,5373
1786074913,356441327,1,76.42047119140625,114.09344482421875,32.6474723815918,,,,,,,,,,645727,5373
1786074913,356441327,,,,,5,-1495.2879638671875,1021.4205932617188,-775.5377807617188,0.11314312368631363,-0.14901518821716309,-0.269221693277359,0.9447290301322937,1,645727,5373
1786074913,365455830,1,75.77518463134766,113.96978759765625,32.31290054321289,,,,,,,,,,645728,5373
1786074913,365455830,,,,,5,-1495.3372802734375,1021.3947143554688,-775.485595703125,0.11281874775886536,-0.1489844024181366,-0.2696993350982666,0.9446364641189575,1,645728,5373
1786074913,373365792,1,76.57597351074219,114.04841613769531,32.352867126464844,,,,,,,,,,645729,5373
1786074913,373365792,,,,,5,-1495.3453369140625,1021.4003295898438,-775.4656372070312,0.11294004321098328,-0.14882014691829681,-0.27004843950271606,0.9445480704307556,1,645729,5373
1786074913,381327242,1,75.25640106201172,113.7752685546875,32.26968765258789,,,,,,,,,,645730,5373
1786074913,381327242,,,,,5,-1495.2835693359375,1021.3930053710938,-775.5003662109375,0.1129678413271904,-0.14903469383716583,-0.27048543095588684,0.9443858861923218,1,645730,5373
1786074913,390432273,1,75.77289581298828,113.98148345947266,32.246402740478516,,,,,,,,,,645731,5373
1786074913,390432273,,,,,5,-1495.3236083984375,1021.4323120117188,-775.5018920898438,0.11307823657989502,-0.14881449937820435,-0.26954856514930725,0.9446752071380615,1,645731,5373
1786074913,398286203,1,75.68502807617188,113.91409301757812,32.183563232421875,,,,,,,,,,645732,5373
1786074913,398286203,,,,,5,-1495.3209228515625,1021.4306640625,-775.4872436523438,0.11297248303890228,-0.1490103304386139,-0.2696731388568878,0.9446214437484741,1,645732,5373
1786074913,406124166,1,76.47339630126953,114.21551513671875,32.69548416137695,,,,,,,,,,645733,5373
1786074913,406124166,,,,,5,-1495.31103515625,1021.4072265625,-775.4927368164062,0.11275724321603775,-0.1491335779428482,-0.26937565207481384,0.9447125792503357,1,645733,5373
1786074913,415131149,1,75.95111083984375,113.64910888671875,31.809917449951172,,,,,,,,,,645734,5373
1786074913,415131149,,,,,5,-1495.3505859375,1021.4140014648438,-775.46533203125,0.11299438029527664,-0.14905385673046112,-0.27022960782051086,0.9444528222084045,1,645734,5373
1786074913,423050039,1,75.96698760986328,113.97152709960938,32.67995071411133,,,,,,,,,,645735,5373
1786074913,423050039,,,,,5,-1495.312255859375,1021.4426879882812,-775.4977416992188,0.11295256018638611,-0.14916478097438812,-0.2693455219268799,0.9446929097175598,1,645735,5373
1786074913,432101886,1,76.42996215820312,114.21400451660156,32.708438873291016,,,,,,,,,,645736,5373
1786074913,432101886,,,,,5,-1495.3792724609375,1021.4517822265625,-775.5045776367188,0.11292318999767303,-0.149281844496727,-0.2707473039627075,0.9442771077156067,1,645736,5373
1786074913,440254439,1,76.46599578857422,114.21880340576172,32.72554397583008,,,,,,,,,,645737,5373
1786074913,440254439,,,,,5,-1495.3050537109375,1021.43408203125,-775.48779296875,0.11298657208681107,-0.14910894632339478,-0.2696135938167572,0.944621205329895,1,645737,5373
1786074913,448120817,1,76.40485382080078,114.21194458007812,32.74296569824219,,,,,,,,,,645738,5373
1786074913,448120817,,,,,5,-1495.3404541015625,1021.4309692382812,-775.50830078125,0.11296413838863373,-0.14921028912067413,-0.2694762349128723,0.9446471333503723,1,645738,5373
1786074913,457192760,1,75.62938690185547,113.93583679199219,32.229461669921875,,,,,,,,,,645739,5374
1786074913,457192760,,,,,5,-1495.32177734375,1021.4376831054688,-775.4976196289062,0.1128445416688919,-0.149090975522995,-0.2694072127342224,0.9446998238563538,1,645739,5374
1786074913,465049890,1,75.68524932861328,113.93338775634766,32.25971221923828,,,,,,,,,,645740,5374
1786074913,465049890,,,,,5,-1495.3402099609375,1021.4244384765625,-775.498046875,0.1128220409154892,-0.1490929275751114,-0.2691383957862854,0.9447788596153259,1,645740,5374
1786074913,473082188,1,76.03479766845703,113.96794128417969,32.738311767578125,,,,,,,,,,645741,5374
1786074913,473082188,,,,,5,-1495.3323974609375,1021.4124145507812,-775.48681640625,0.11279412358999252,-0.14912676811218262,-0.2697591185569763,0.9445998668670654,1,645741,5374
1786074913,482291346,1,75.76156616210938,113.95244598388672,32.321495056152344,,,,,,,,,,645742,5374
1786074913,482291346,,,,,5,-1495.3203125,1021.4227905273438,-775.4876708984375,0.11296819895505905,-0.1490098536014557,-0.2694171369075775,0.944694995880127,1,645742,5374
1786074913,489667550,1,76.62445068359375,114.03982543945312,32.46205520629883,,,,,,,,,,645743,5374
1786074913,489667550,,,,,5,-1495.3121337890625,1021.4240112304688,-775.4804077148438,0.11301253736019135,-0.14890819787979126,-0.2693876624107361,0.9447141885757446,1,645743,5374
1786074913,498235526,1,75.75894165039062,113.98140716552734,32.2292366027832,,,,,,,,,,645744,5374
1786074913,498235526,,,,,5,-1495.3297119140625,1021.3985595703125,-775.4427490234375,0.1129237487912178,-0.14900095760822296,-0.2699814736843109,0.9445406794548035,1,645744,5374
1786074913,507049454,1,76.4801025390625,114.22560119628906,32.65000915527344,,,,,,,,,,645745,5374
1786074913,507049454,,,,,5,-1495.3353271484375,1021.3889770507812,-775.4559936523438,0.11278747022151947,-0.14877939224243164,-0.2698461413383484,0.94463050365448,1,645745,5374
1786074913,515027032,1,76.64424133300781,114.28112030029297,33.04391860961914,,,,,,,,,,645746,5374
1786074913,515027032,,,,,5,-1495.345947265625,1021.4280395507812,-775.457763671875,0.11294294893741608,-0.14894068241119385,-0.2702103555202484,0.9444823861122131,1,645746,5374
1786074913,524146014,1,75.967041015625,113.98470306396484,32.74413299560547,,,,,,,,,,645747,5374
1786074913,524146014,,,,,5,-1495.3232421875,1021.419921875,-775.50537109375,0.1129564493894577,-0.14915680885314941,-0.2697380483150482,0.9445817470550537,1,645747,5374
1786074913,532126024,1,76.09144592285156,114.77639770507812,33.072811126708984,,,,,,,,,,645748,5374
1786074913,532126024,,,,,5,-1495.342041015625,1021.3923950195312,-775.4583129882812,0.11276008933782578,-0.14905303716659546,-0.26984912157058716,0.9445897936820984,1,645748,5374
1786074913,539975442,1,76.40956115722656,114.22933197021484,32.72121047973633,,,,,,,,,,645749,5374
1786074913,539975442,,,,,5,-1495.3074951171875,1021.3919067382812,-775.523193359375,0.11313468217849731,-0.1486666351556778,-0.26953035593032837,0.944696843624115,1,645749,5374
1786074913,549203577,1,76.6268539428711,114.26886749267578,33.02997970581055,,,,,,,,,,645750,5374
1786074913,549203577,,,,,5,-1495.30029296875,1021.4119262695312,-775.4700317382812,0.11285533010959625,-0.14883650839328766,-0.26944583654403687,0.9447277188301086,1,645750,5374
1786074913,557802881,1,76.41654968261719,114.14521026611328,32.64982604980469,,,,,,,,,,645751,5374
1786074913,557802881,,,,,5,-1495.3126220703125,1021.4081420898438,-775.5038452148438,0.11291174590587616,-0.14901496469974518,-0.26922664046287537,0.9447552561759949,1,645751,5374
1786074913,565147181,1,75.66295623779297,113.5966567993164,31.351171493530273,,,,,,,,,,645752,5374
1786074913,565147181,,,,,5,-1495.3349609375,1021.4089965820312,-775.5114135742188,0.11266246438026428,-0.14910061657428741,-0.26970019936561584,0.9446365237236023,1,645752,5374
1786074913,573658197,1,75.7865982055664,113.94413757324219,32.294593811035156,,,,,,,,,,645753,5374
1786074913,573658197,,,,,5,-1495.33349609375,1021.4298095703125,-775.4331665039062,0.1128159910440445,-0.14917396008968353,-0.2697836458683014,0.9445826411247253,1,645753,5374
1786074913,581691199,1,76.35541534423828,114.14127349853516,32.6363410949707,,,,,,,,,,645754,5374
1786074913,581691199,,,,,5,-1495.3204345703125,1021.5040893554688,-775.5148315429688,0.11250817030668259,-0.1489323377609253,-0.26837530732154846,0.9450586438179016,1,645754,5374
1786074913,589655849,1,75.76497650146484,113.96549987792969,32.266910552978516,,,,,,,,,,645755,5374
1786074913,589655849,,,,,5,-1495.3077392578125,1021.4359741210938,-775.4718017578125,0.11295883357524872,-0.14900937676429749,-0.2695327699184418,0.9446632266044617,1,645755,5374
1786074913,598665584,1,76.53849029541016,114.2828140258789,32.977657318115234,,,,,,,,,,645756,5374
1786074913,598665584,,,,,5,-1495.2884521484375,1021.3868408203125,-775.4757690429688,0.11280018091201782,-0.14910592138767242,-0.26976245641708374,0.9446014761924744,1,645756,5374
1786074913,606773017,1,76.0229721069336,114.66694641113281,33.03840255737305,,,,,,,,,,645757,5374
1786074913,606773017,,,,,5,-1495.3367919921875,1021.3923950195312,-775.461669921875,0.11283143609762192,-0.14894308149814606,-0.26970791816711426,0.9446389675140381,1,645757,5374
1786074913,614611747,1,76.03185272216797,114.67586517333984,33.05541229248047,,,,,,,,,,645758,5374
1786074913,614611747,,,,,5,-1495.3485107421875,1021.4102783203125,-775.485107421875,0.11287100613117218,-0.1489894688129425,-0.27017274498939514,0.9444940686225891,1,645758,5374
1786074913,623502891,1,75.13897705078125,113.73703002929688,32.23670959472656,,,,,,,,,,645759,5374
1786074913,623502891,,,,,5,-1495.3438720703125,1021.431640625,-775.5110473632812,0.11301066726446152,-0.14891144633293152,-0.2705861032009125,0.9443713426589966,1,645759,5374
1786074913,631521908,1,75.77064514160156,113.91576385498047,32.22584915161133,,,,,,,,,,645760,5374
1786074913,631521908,,,,,5,-1495.3194580078125,1021.4324340820312,-775.4487915039062,0.11296547949314117,-0.14886099100112915,-0.26948100328445435,0.9447005987167358,1,645760,5374
1786074913,640442908,1,75.71067810058594,113.91039276123047,32.23231887817383,,,,,,,,,,645761,5374
1786074913,640442908,,,,,5,-1495.2974853515625,1021.4251098632812,-775.4823608398438,0.11293476819992065,-0.14884242415428162,-0.2691781520843506,0.9447935223579407,1,645761,5374
1786074913,648492101,1,75.95245361328125,113.99720001220703,32.7003173828125,,,,,,,,,,645762,5374
1786074913,648492101,,,,,5,-1495.3095703125,1021.4156494140625,-775.473388671875,0.11294229328632355,-0.14895595610141754,-0.26926836371421814,0.9447490572929382,1,645762,5374
1786074913,656489167,1,75.78667449951172,113.99600982666016,32.31475830078125,,,,,,,,,,645763,5374
1786074913,656489167,,,,,5,-1495.3231201171875,1021.3570556640625,-775.440185546875,0.11266278475522995,-0.14898893237113953,-0.2699308395385742,0.9445881843566895,1,645763,5374
1786074913,665491382,1,75.81791687011719,113.97714233398438,32.26860809326172,,,,,,,,,,645764,5374
1786074913,665491382,,,,,5,-1495.3148193359375,1021.4197387695312,-775.47705078125,0.11306587606668472,-0.14886122941970825,-0.26943621039390564,0.9447013735771179,1,645764,5374
1786074913,673419712,1,76.4449234008789,114.21121978759766,32.667354583740234,,,,,,,,,,645765,5374
1786074913,673419712,,,,,5,-1495.3267822265625,1021.4208984375,-775.4375610351562,0.11296238750219345,-0.14882367849349976,-0.2696336805820465,0.944663405418396,1,645765,5374
1786074913,681351754,1,75.74201965332031,113.8851318359375,32.200782775878906,,,,,,,,,,645766,5374
1786074913,681351754,,,,,5,-1495.320068359375,1021.3853759765625,-775.4649047851562,0.11280441284179688,-0.14893943071365356,-0.26995372772216797,0.9445725679397583,1,645766,5374
1786074913,690515569,1,76.41227722167969,114.1463851928711,32.57223129272461,,,,,,,,,,645767,5374
1786074913,690515569,,,,,5,-1495.33203125,1021.3888549804688,-775.4625854492188,0.1128731220960617,-0.14887166023254395,-0.2696332633495331,0.9446666240692139,1,645767,5374
1786074913,698325467,1,75.69941711425781,113.49070739746094,31.3070011138916,,,,,,,,,,645768,5374
1786074913,698325467,,,,,5,-1495.31103515625,1021.4244995117188,-775.4913330078125,0.11303231120109558,-0.14888903498649597,-0.2694135904312134,0.9447075128555298,1,645768,5374
1786074913,706301093,1,75.17857360839844,113.68296813964844,32.22034454345703,,,,,,,,,,645769,5374
1786074913,706301093,,,,,5,-1495.3372802734375,1021.4464111328125,-775.4715576171875,0.11292201280593872,-0.14916054904460907,-0.2690048813819885,0.944794237613678,1,645769,5374
1786074913,715292556,1,76.40129089355469,114.11603546142578,32.54240798950195,,,,,,,,,,645770,5374
1786074913,715292556,,,,,5,-1495.3182373046875,1021.4198608398438,-775.4777221679688,0.11295358836650848,-0.14872778952121735,-0.2698817849159241,0.9446086287498474,1,645770,5374
1786074913,723423894,1,75.75875854492188,113.93033599853516,32.22478103637695,,,,,,,,,,645771,5374
1786074913,723423894,,,,,5,-1495.3358154296875,1021.4441528320312,-775.5128173828125,0.11307394504547119,-0.14906862378120422,-0.26959559321403503,0.9446220993995667,1,645771,5374
1786074913,731266560,1,76.13847351074219,112.87875366210938,32.7347297668457,,,,,,,,,,645772,5374
1786074913,731266560,,,,,5,-1495.3206787109375,1021.4031372070312,-775.4566650390625,0.11295269429683685,-0.1488587111234665,-0.2698400318622589,0.9446001648902893,1,645772,5374
1786074913,740230407,1,75.78973388671875,113.88832092285156,32.20949172973633,,,,,,,,,,645773,5374
1786074913,740230407,,,,,5,-1495.3460693359375,1021.3754272460938,-775.474365234375,0.11270304024219513,-0.14905856549739838,-0.2703000009059906,0.9444668292999268,1,645773,5374
1786074913,748239249,1,76.28778839111328,114.08633422851562,32.711002349853516,,,,,,,,,,645774,5374
1786074913,748239249,,,,,5,-1495.3094482421875,1021.4183959960938,-775.4806518554688,0.11305274069309235,-0.14887380599975586,-0.2695528268814087,0.944667637348175,1,645774,5374
1786074913,757432887,1,75.66832733154297,113.85124206542969,32.147621154785156,,,,,,,,,,645775,5374
1786074913,757432887,,,,,5,-1495.296875,1021.4229736328125,-775.4585571289062,0.11323684453964233,-0.14879021048545837,-0.2700141370296478,0.9445269703865051,1,645775,5374
1786074913,765084034,1,76.48861694335938,114.25733184814453,32.69838333129883,,,,,,,,,,645776,5374
1786074913,765084034,,,,,5,-1495.333984375,1021.4221801757812,-775.4889526367188,0.1130242720246315,-0.14892935752868652,-0.27025100588798523,0.9444628953933716,1,645776,5374
1786074913,773100140,1,76.42591094970703,114.24972534179688,32.62455749511719,,,,,,,,,,645777,5374
1786074913,773100140,,,,,5,-1495.3040771484375,1021.4544067382812,-775.4982299804688,0.1129675880074501,-0.14913877844810486,-0.2699863910675049,0.9445122480392456,1,645777,5374
1786074913,782264242,1,76.11637878417969,113.8643798828125,32.28585433959961,,,,,,,,,,645778,5374
1786074913,782264242,,,,,5,-1495.334716796875,1021.4298706054688,-775.4902954101562,0.1130969449877739,-0.1490815430879593,-0.26977816224098206,0.9445652961730957,1,645778,5374
1786074913,790111357,1,75.71083068847656,113.97358703613281,32.2595100402832,,,,,,,,,,645779,5374
1786074913,790111357,,,,,5,-1495.3397216796875,1021.40625,-775.4826049804688,0.11294694989919662,-0.14904114603996277,-0.26957738399505615,0.9446470141410828,1,645779,5374
1786074913,798088487,1,75.77072143554688,114.00044250488281,32.251827239990234,,,,,,,,,,645780,5374
1786074913,798088487,,,,,5,-1495.341552734375,1021.4088134765625,-775.4557495117188,0.11279761046171188,-0.14911185204982758,-0.27002859115600586,0.9445248246192932,1,645780,5374
1786074913,807011214,1,75.77955627441406,113.97288513183594,32.26902770996094,,,,,,,,,,645781,5374
1786074913,807011214,,,,,5,-1495.3099365234375,1021.3865356445312,-775.474365234375,0.11282934248447418,-0.14884400367736816,-0.2697490453720093,0.944642961025238,1,645781,5374
1786074913,814946488,1,75.68314361572266,113.90983581542969,32.20497512817383,,,,,,,,,,645782,5374
1786074913,814946488,,,,,5,-1495.3011474609375,1021.3912963867188,-775.4691772460938,0.11281891167163849,-0.14898443222045898,-0.269571989774704,0.9446728229522705,1,645782,5374
1786074913,823935327,1,76.69049835205078,114.10548400878906,32.69738006591797,,,,,,,,,,645783,5374
1786074913,823935327,,,,,5,-1495.3116455078125,1021.4166259765625,-775.4826049804688,0.11304202675819397,-0.14882683753967285,-0.26960843801498413,0.9446606040000916,1,645783,5374
1786074913,831935113,1,76.44164276123047,114.22613525390625,32.710514068603516,,,,,,,,,,645784,5374
1786074913,831935113,,,,,5,-1495.343994140625,1021.38232421875,-775.4926147460938,0.11277258396148682,-0.14905591309070587,-0.26965850591659546,0.9446422457695007,1,645784,5374
1786074913,839822387,1,75.7789306640625,113.84667205810547,32.20401382446289,,,,,,,,,,645785,5374
1786074913,839822387,,,,,5,-1495.3372802734375,1021.43896484375,-775.4866333007812,0.11294373869895935,-0.14908556640148163,-0.2695910930633545,0.9446364045143127,1,645785,5374
1786074913,848930394,1,76.42688751220703,114.19082641601562,32.645668029785156,,,,,,,,,,645786,5374
1786074913,848930394,,,,,5,-1495.343017578125,1021.4323120117188,-775.4873046875,0.11293274909257889,-0.14909063279628754,-0.26939812302589417,0.9446919560432434,1,645786,5374
1786074913,856947651,1,76.47635650634766,114.17411804199219,32.653594970703125,,,,,,,,,,645787,5374
1786074913,856947651,,,,,5,-1495.3763427734375,1021.4138793945312,-775.4669799804688,0.11280758678913116,-0.14908947050571442,-0.26956069469451904,0.9446607232093811,1,645787,5374
1786074913,864773070,1,75.74385070800781,113.97727966308594,32.25632858276367,,,,,,,,,,645788,5374
1786074913,864773070,,,,,5,-1495.3172607421875,1021.4521484375,-775.5018920898438,0.113020159304142,-0.1490403562784195,-0.27008485794067383,0.9444933533668518,1,645788,5374
1786074913,873769973,1,75.77909851074219,114.00035858154297,32.29130172729492,,,,,,,,,,645789,5374
1786074913,873769973,,,,,5,-1495.3338623046875,1021.3973999023438,-775.4420776367188,0.11291670054197311,-0.1487022042274475,-0.27020248770713806,0.9445253610610962,1,645789,5374
1786074913,881851230,1,76.37113952636719,114.19100952148438,32.673675537109375,,,,,,,,,,645790,5374
1786074913,881851230,,,,,5,-1495.3082275390625,1021.4347534179688,-775.4689331054688,0.1129676103591919,-0.14889931678771973,-0.2692539393901825,0.9447590708732605,1,645790,5374
1786074913,889666345,1,75.76171112060547,113.95582580566406,32.27180862426758,,,,,,,,,,645791,5374
1786074913,889666345,,,,,5,-1495.3175048828125,1021.4547729492188,-775.5150756835938,0.11307421326637268,-0.1490909308195114,-0.27002203464508057,0.9444968700408936,1,645791,5374
1786074913,898819695,1,75.98371887207031,114.10115051269531,32.742271423339844,,,,,,,,,,645792,5374
1786074913,898819695,,,,,5,-1495.303466796875,1021.4169311523438,-775.469970703125,0.11308354884386063,-0.1487622857093811,-0.2695249021053314,0.9446894526481628,1,645792,5374
1786074913,906660569,1,75.7676010131836,113.99178314208984,32.276397705078125,,,,,,,,,,645793,5374
1786074913,906660569,,,,,5,-1495.311767578125,1021.4172973632812,-775.486328125,0.11277744919061661,-0.14897112548351288,-0.26943832635879517,0.9447178244590759,1,645793,5374
1786074913,914624387,1,76.42162322998047,112.76592254638672,32.695133209228516,,,,,,,,,,645794,5374
1786074913,914624387,,,,,5,-1495.3480224609375,1021.4202270507812,-775.4315795898438,0.11285178363323212,-0.1490415334701538,-0.2698189318180084,0.9445892572402954,1,645794,5374
1786074913,923547883,1,76.66876220703125,114.85334777832031,32.86708450317383,,,,,,,,,,645795,5374
1786074913,923547883,,,,,5,-1495.345947265625,1021.4332275390625,-775.4850463867188,0.11285115033388138,-0.14914275705814362,-0.2695736885070801,0.9446433186531067,1,645795,5374
1786074913,931582420,1,76.55573272705078,113.87215423583984,32.06655502319336,,,,,,,,,,645796,5374
1786074913,931582420,,,,,5,-1495.324462890625,1021.36669921875,-775.4513549804688,0.11272995173931122,-0.1489938646554947,-0.27001744508743286,0.9445546865463257,1,645796,5374
1786074913,940901115,1,75.6809310913086,113.91339111328125,32.22868728637695,,,,,,,,,,645797,5374
1786074913,940901115,,,,,5,-1495.3162841796875,1021.4454345703125,-775.5003051757812,0.11302052438259125,-0.1490347683429718,-0.26972439885139465,0.9445971846580505,1,645797,5374
1786074913,948590725,1,75.79962158203125,113.93257904052734,32.24420166015625,,,,,,,,,,645798,5374
1786074913,948590725,,,,,5,-1495.3353271484375,1021.4268798828125,-775.51318359375,0.11322943866252899,-0.14872246980667114,-0.26994892954826355,0.944557249546051,1,645798,5374
1786074913,956699183,1,76.68350219726562,114.23289489746094,32.973350524902344,,,,,,,,,,645799,5374
1786074913,956699183,,,,,5,-1495.3245849609375,1021.4064331054688,-775.4503173828125,0.1128721684217453,-0.14910662174224854,-0.2708742916584015,0.9442744851112366,1,645799,5374
1786074913,965570646,1,75.69833374023438,113.93580627441406,32.174766540527344,,,,,,,,,,645800,5374
1786074913,965570646,,,,,5,-1495.3243408203125,1021.4065551757812,-775.4786376953125,0.11276758462190628,-0.14915227890014648,-0.2697330713272095,0.944606363773346,1,645800,5374
1786074913,973592448,1,76.0389633178711,114.06784057617188,32.77072525024414,,,,,,,,,,645801,5374
1786074913,973592448,,,,,5,-1495.2554931640625,1021.4210205078125,-775.5263671875,0.11305413395166397,-0.1489112377166748,-0.2705336809158325,0.9443811774253845,1,645801,5374
1786074913,981443914,1,75.79926300048828,113.9778823852539,32.27062225341797,,,,,,,,,,645802,5374
1786074913,981443914,,,,,5,-1495.3173828125,1021.3902587890625,-775.4740600585938,0.11295288801193237,-0.14906534552574158,-0.27029430866241455,0.944437563419342,1,645802,5374
1786074913,990771152,1,76.61907196044922,114.23309326171875,32.97565841674805,,,,,,,,,,645803,5374
1786074913,990771152,,,,,5,-1495.3184814453125,1021.4552001953125,-775.5299072265625,0.11317688226699829,-0.14910948276519775,-0.2703106701374054,0.9443990588188171,1,645803,5374
1786074913,998345275,1,76.40064239501953,114.27582550048828,32.65932846069336,,,,,,,,,,645804,5374
1786074913,998345275,,,,,5,-1495.3128662109375,1021.39501953125,-775.4408569335938,0.11273064464330673,-0.14919595420360565,-0.2700362205505371,0.9445172548294067,1,645804,5374
1786074914,6375845,1,76.6271743774414,114.30497741699219,33.029197692871094,,,,,,,,,,645805,5374
1786074914,6375845,,,,,5,-1495.3365478515625,1021.4058837890625,-775.4396362304688,0.11280256509780884,-0.1490936279296875,-0.27003493905067444,0.9445251822471619,1,645805,5374
1786074914,15297550,1,76.0586166381836,114.02566528320312,32.736114501953125,,,,,,,,,,645806,5374
1786074914,15297550,,,,,5,-1495.3013916015625,1021.3845825195312,-775.491455078125,0.11284694820642471,-0.1489412486553192,-0.26978883147239685,0.9446142911911011,1,645806,5374
1786074914,22823897,1,76.0063247680664,114.06133270263672,32.746036529541016,,,,,,,,,,645807,5374
1786074914,22823897,,,,,5,-1495.3004150390625,1021.4302978515625,-775.4716186523438,0.11302881687879562,-0.1488310992717743,-0.26940760016441345,0.9447186589241028,1,645807,5374
1786074914,31234243,1,76.43728637695312,114.24281311035156,32.68986129760742,,,,,,,,,,645808,5374
1786074914,31234243,,,,,5,-1495.3040771484375,1021.4190673828125,-775.4898681640625,0.112891785800457,-0.14915770292282104,-0.26952362060546875,0.9446504712104797,1,645808,5374
1786074914,40369835,1,75.7349853515625,113.85848236083984,32.894065856933594,,,,,,,,,,645809,5374
1786074914,40369835,,,,,5,-1495.3289794921875,1021.3895874023438,-775.44189453125,0.1127825528383255,-0.1489119529724121,-0.2697813808917999,0.9446287155151367,1,645809,5374
1786074914,48219286,1,75.74819946289062,113.98551177978516,32.22547912597656,,,,,,,,,,645810,5374
1786074914,48219286,,,,,5,-1495.3349609375,1021.4054565429688,-775.4971313476562,0.1130601093173027,-0.1487707644701004,-0.2700185477733612,0.9445499181747437,1,645810,5374
1786074914,57431133,1,76.4765625,113.97190856933594,32.075923919677734,,,,,,,,,,645811,5374
1786074914,57431133,,,,,5,-1495.3319091796875,1021.4219970703125,-775.4962158203125,0.11298970133066177,-0.14910465478897095,-0.2696632146835327,0.9446074366569519,1,645811,5374
1786074914,65112265,1,76.1104507446289,114.08256530761719,32.80121612548828,,,,,,,,,,645812,5374
1786074914,65112265,,,,,5,-1495.2884521484375,1021.3892822265625,-775.4757080078125,0.11275995522737503,-0.1489107459783554,-0.26978689432144165,0.9446300268173218,1,645812,5374
1786074914,73061395,1,75.77276611328125,114.00105285644531,32.27760314941406,,,,,,,,,,645813,5374
1786074914,73061395,,,,,5,-1495.3023681640625,1021.4259643554688,-775.46484375,0.11302170157432556,-0.14898717403411865,-0.2698913812637329,0.9445568919181824,1,645813,5374
1786074914,82190235,1,75.89231872558594,113.94921875,32.282501220703125,,,,,,,,,,645814,5374
1786074914,82190235,,,,,5,-1495.318115234375,1021.3756713867188,-775.4406127929688,0.11287955939769745,-0.14888210594654083,-0.27038049697875977,0.9444506764411926,1,645814,5374
1786074914,90015110,1,76.67414855957031,114.91291809082031,32.970027923583984,,,,,,,,,,645815,5374
1786074914,90015110,,,,,5,-1495.3375244140625,1021.4329223632812,-775.4840698242188,0.11291540414094925,-0.14927631616592407,-0.2699301540851593,0.9445127844810486,1,645815,5374
1786074914,98100177,1,75.68101501464844,113.88109588623047,32.15517807006836,,,,,,,,,,645816,5374
1786074914,98100177,,,,,5,-1495.2471923828125,1021.3399658203125,-775.5001831054688,0.11231997609138489,-0.1497844159603119,-0.2695504128932953,0.9446119070053101,1,645816,5374
1786074914,107135704,1,75.7591781616211,113.97930908203125,32.264923095703125,,,,,,,,,,645817,5374
1786074914,107135704,,,,,5,-1495.3450927734375,1021.4083251953125,-775.4541625976562,0.11276854574680328,-0.14909903705120087,-0.2696191668510437,0.9446471333503723,1,645817,5374
1786074914,114943812,1,76.39720916748047,114.16094207763672,32.671199798583984,,,,,,,,,,645818,5374
1786074914,114943812,,,,,5,-1495.345947265625,1021.4020385742188,-775.4747924804688,0.11281759291887283,-0.14889496564865112,-0.2695317566394806,0.9446984529495239,1,645818,5374
1786074914,122949614,1,75.71483612060547,113.93155670166016,32.19601821899414,,,,,,,,,,645819,5374
1786074914,122949614,,,,,5,-1495.3143310546875,1021.36181640625,-775.4467163085938,0.11258433014154434,-0.14912381768226624,-0.2697659730911255,0.9446232914924622,1,645819,5374
1786074914,131917174,1,76.49955749511719,114.25546264648438,32.703426361083984,,,,,,,,,,645820,5374
1786074914,131917174,,,,,5,-1495.3282470703125,1021.3961791992188,-775.4484252929688,0.11295843869447708,-0.1489284634590149,-0.26964321732521057,0.944644570350647,1,645820,5374
1786074914,139971073,1,76.07642364501953,114.11287689208984,32.825565338134766,,,,,,,,,,645821,5374
1786074914,139971073,,,,,5,-1495.3524169921875,1021.4156494140625,-775.44384765625,0.11286645382642746,-0.1490534245967865,-0.270113080739975,0.9445015788078308,1,645821,5374
1786074914,149264680,1,76.46407318115234,114.22940826416016,32.66720962524414,,,,,,,,,,645822,5374
1786074914,149264680,,,,,5,-1495.3358154296875,1021.4025268554688,-775.4483642578125,0.11292436718940735,-0.14895130693912506,-0.2703481614589691,0.9444434642791748,1,645822,5374
1786074914,157224435,1,75.78845977783203,114.02568817138672,32.250946044921875,,,,,,,,,,645823,5374
1786074914,157224435,,,,,5,-1495.33056640625,1021.4345703125,-775.4979248046875,0.11295770108699799,-0.14901500940322876,-0.26926547288894653,0.9447386860847473,1,645823,5374
1786074914,164840766,1,76.67156982421875,114.31964874267578,33.0352783203125,,,,,,,,,,645824,5374
1786074914,164840766,,,,,5,-1495.3477783203125,1021.4205322265625,-775.4276733398438,0.11276539415121078,-0.14903892576694489,-0.2699976861476898,0.9445488452911377,1,645824,5374
1786074914,173886150,1,76.39569854736328,114.16928100585938,32.62796401977539,,,,,,,,,,645825,5374
1786074914,173886150,,,,,5,-1495.3553466796875,1021.4044189453125,-775.4658203125,0.11290314048528671,-0.1489742398262024,-0.2699618637561798,0.9445528984069824,1,645825,5374
1786074914,181778257,1,76.00788879394531,114.08045959472656,32.721858978271484,,,,,,,,,,645826,5374
1786074914,181778257,,,,,5,-1495.333740234375,1021.4325561523438,-775.4759521484375,0.11285599321126938,-0.14897644519805908,-0.2688608467578888,0.9448722004890442,1,645826,5374
1786074914,189842396,1,76.64561462402344,114.32606506347656,33.01388931274414,,,,,,,,,,645827,5374
1786074914,189842396,,,,,5,-1495.32958984375,1021.396484375,-775.4534912109375,0.1128748208284378,-0.14882831275463104,-0.26981785893440247,0.9446204304695129,1,645827,5374
1786074914,198745604,1,75.77110290527344,113.98237609863281,32.264766693115234,,,,,,,,,,645828,5374
1786074914,198745604,,,,,5,-1495.347900390625,1021.4180908203125,-775.4338989257812,0.11306630074977875,-0.14908353984355927,-0.2703508734703064,0.9444048404693604,1,645828,5374
1786074914,206693551,1,75.94589233398438,114.14836120605469,32.740882873535156,,,,,,,,,,645829,5374
1786074914,206693551,,,,,5,-1495.3172607421875,1021.43701171875,-775.4702758789062,0.11309921741485596,-0.14897586405277252,-0.26993682980537415,0.9445363283157349,1,645829,5374
1786074914,214687065,1,75.70952606201172,113.580322265625,31.356435775756836,,,,,,,,,,645830,5374
1786074914,214687065,,,,,5,-1495.3363037109375,1021.3668212890625,-775.4635620117188,0.11274632811546326,-0.1489596962928772,-0.2697467803955078,0.9446353912353516,1,645830,5374
1786074914,223779617,1,76.0831069946289,114.11602020263672,32.82598114013672,,,,,,,,,,645831,5374
1786074914,223779617,,,,,5,-1495.32958984375,1021.4017944335938,-775.4646606445312,0.1127939373254776,-0.14897949993610382,-0.26950517296791077,0.9446955323219299,1,645831,5374
1786074914,231560396,1,75.79917907714844,113.875,32.18011474609375,,,,,,,,,,645832,5374
1786074914,231560396,,,,,5,-1495.3138427734375,1021.4129028320312,-775.46923828125,0.11285122483968735,-0.14889858663082123,-0.26930493116378784,0.9447585344314575,1,645832,5374
1786074914,239633623,1,75.702880859375,113.82019805908203,32.13210678100586,,,,,,,,,,645833,5374
1786074914,239633623,,,,,5,-1495.3291015625,1021.4390869140625,-775.4657592773438,0.11290190368890762,-0.1491430252790451,-0.27041810750961304,0.944395899772644,1,645833,5374
1786074914,248623007,1,76.60102844238281,114.28150177001953,33.05817794799805,,,,,,,,,,645834,5374
1786074914,248623007,,,,,5,-1495.3365478515625,1021.4271850585938,-775.4776611328125,0.11282577365636826,-0.1489737182855606,-0.2690635919570923,0.9448185563087463,1,645834,5374
1786074914,256474762,1,75.8457260131836,114.07445526123047,32.22029495239258,,,,,,,,,,645835,5374
1786074914,256474762,,,,,5,-1495.368408203125,1021.4136962890625,-775.4619140625,0.11267699301242828,-0.14907611906528473,-0.2695388197898865,0.9446846842765808,1,645835,5374
1786074914,265567985,1,75.74273681640625,113.79535675048828,32.10232925415039,,,,,,,,,,645836,5374
1786074914,265567985,,,,,5,-1495.338623046875,1021.4052734375,-775.4447631835938,0.11287079751491547,-0.14877751469612122,-0.26970374584198,0.9446614384651184,1,645836,5374
1786074914,273564796,1,75.70816040039062,113.92125701904297,32.189395904541016,,,,,,,,,,645837,5374
1786074914,273564796,,,,,5,-1495.3460693359375,1021.4086303710938,-775.4371337890625,0.11284712702035904,-0.14912298321723938,-0.2697531282901764,0.9445957541465759,1,645837,5374
1786074914,281468039,1,76.41004180908203,114.11251831054688,32.589778900146484,,,,,,,,,,645838,5374
1786074914,281468039,,,,,5,-1495.33984375,1021.4078979492188,-775.4352416992188,0.11292903125286102,-0.14899641275405884,-0.27003833651542664,0.9445244669914246,1,645838,5374
1786074914,290465967,1,75.7342758178711,113.92411804199219,32.25703811645508,,,,,,,,,,645839,5374
1786074914,290465967,,,,,5,-1495.3150634765625,1021.4080200195312,-775.4962768554688,0.1129150390625,-0.14898964762687683,-0.26920536160469055,0.9447649717330933,1,645839,5374
1786074914,298369978,1,76.45943450927734,114.20388793945312,32.70337677001953,,,,,,,,,,645840,5374
1786074914,298369978,,,,,5,-1495.3629150390625,1021.4068603515625,-775.4749755859375,0.11282294988632202,-0.1490427553653717,-0.26970064640045166,0.9446263909339905,1,645840,5374
1786074914,306303237,1,76.21990203857422,113.91752624511719,32.6422004699707,,,,,,,,,,645841,5374
1786074914,306303237,,,,,5,-1495.335205078125,1021.4005126953125,-775.4815673828125,0.11274873465299606,-0.14916568994522095,-0.26976242661476135,0.9445981383323669,1,645841,5374
1786074914,315303245,1,75.79419708251953,113.88957977294922,32.22378158569336,,,,,,,,,,645842,5374
1786074914,315303245,,,,,5,-1495.2972412109375,1021.3771362304688,-775.4826049804688,0.11291743069887161,-0.14896319806575775,-0.2698882818222046,0.9445739984512329,1,645842,5374
1786074914,323442263,1,76.12545776367188,113.81094360351562,32.24468231201172,,,,,,,,,,645843,5374
1786074914,323442263,,,,,5,-1495.3216552734375,1021.4142456054688,-775.4909057617188,0.1129554882645607,-0.14918789267539978,-0.2697475850582123,0.9445741772651672,1,645843,5374
1786074914,331245634,1,75.76025390625,113.9824447631836,32.22769546508789,,,,,,,,,,645844,5374
1786074914,331245634,,,,,5,-1495.34033203125,1021.3837280273438,-775.4560546875,0.1128038838505745,-0.14893336594104767,-0.2698240280151367,0.944610595703125,1,645844,5374
1786074914,340406826,1,75.81539916992188,113.95823669433594,32.25687789916992,,,,,,,,,,645845,5374
1786074914,340406826,,,,,5,-1495.2987060546875,1021.3857421875,-775.4694213867188,0.11293108761310577,-0.14889389276504517,-0.26973339915275574,0.944627583026886,1,645845,5374
1786074914,348298517,1,75.77708435058594,113.95628356933594,32.21229934692383,,,,,,,,,,645846,5374
1786074914,348298517,,,,,5,-1495.3365478515625,1021.4382934570312,-775.4448852539062,0.1129303127527237,-0.1490137130022049,-0.269625723361969,0.9446395039558411,1,645846,5374
1786074914,357500348,1,76.41539001464844,114.18265533447266,32.60707473754883,,,,,,,,,,645847,5374
1786074914,357500348,,,,,5,-1495.3231201171875,1021.404296875,-775.4573364257812,0.11294613033533096,-0.14882244169712067,-0.2700757086277008,0.9445391893386841,1,645847,5374
1786074914,365317511,1,76.28890228271484,114.10482025146484,32.62325668334961,,,,,,,,,,645848,5374
1786074914,365317511,,,,,5,-1495.362548828125,1021.4122314453125,-775.4491577148438,0.11288488656282425,-0.149121955037117,-0.2701965570449829,0.9444646835327148,1,645848,5374
1786074914,373232626,1,76.48450469970703,114.18190002441406,32.681575775146484,,,,,,,,,,645849,5374
1786074914,373232626,,,,,5,-1495.3369140625,1021.4459838867188,-775.4667358398438,0.11293177306652069,-0.14907902479171753,-0.27051442861557007,0.9443747997283936,1,645849,5374
1786074914,382187930,1,75.83763885498047,114.01532745361328,32.26831817626953,,,,,,,,,,645850,5374
1786074914,382187930,,,,,5,-1495.3013916015625,1021.45458984375,-775.4970703125,0.11298667639493942,-0.148870587348938,-0.2699280381202698,0.944568932056427,1,645850,5374
1786074914,390205765,1,75.78678894042969,113.9677734375,32.26068878173828,,,,,,,,,,645851,5374
1786074914,390205765,,,,,5,-1495.3267822265625,1021.4099731445312,-775.4325561523438,0.11293727159500122,-0.14887447655200958,-0.26974207162857056,0.9446273446083069,1,645851,5374
1786074914,398334287,1,75.82966613769531,113.96743774414062,32.231407165527344,,,,,,,,,,645852,5374
1786074914,398334287,,,,,5,-1495.32177734375,1021.4527587890625,-775.5126953125,0.1122092679142952,-0.14925190806388855,-0.2697228193283081,0.9446601271629333,1,645852,5374
1786074914,407217271,1,76.80557250976562,114.83768463134766,33.233612060546875,,,,,,,,,,645853,5374
1786074914,407217271,,,,,5,-1495.3212890625,1021.42041015625,-775.47216796875,0.11296266317367554,-0.14886474609375,-0.26960018277168274,0.9446664452552795,1,645853,5374
1786074914,415058018,1,76.47437286376953,114.20092010498047,32.6725959777832,,,,,,,,,,645854,5374
1786074914,415058018,,,,,5,-1495.3221435546875,1021.3731689453125,-775.4353637695312,0.11270991712808609,-0.14887145161628723,-0.2703361213207245,0.9444851279258728,1,645854,5374
1786074914,423061069,1,75.79330444335938,114.47071075439453,32.47762680053711,,,,,,,,,,645855,5374
1786074914,423061069,,,,,5,-1495.28857421875,1021.4127807617188,-775.4887084960938,0.1129164919257164,-0.14884956181049347,-0.2685467600822449,0.9449741840362549,1,645855,5374
1786074914,431972309,1,75.7833251953125,113.93767547607422,32.253822326660156,,,,,,,,,,645856,5374
1786074914,431972309,,,,,5,-1495.320068359375,1021.4057006835938,-775.4817504882812,0.11309845745563507,-0.1490240842103958,-0.2703617811203003,0.9444073438644409,1,645856,5374
1786074914,439947168,1,75.99163818359375,114.05976104736328,32.72727584838867,,,,,,,,,,645857,5374
1786074914,439947168,,,,,5,-1495.3265380859375,1021.3564453125,-775.45654296875,0.11264137923717499,-0.1488843858242035,-0.27014756202697754,0.9445452094078064,1,645857,5374
1786074914,447966698,1,75.79253387451172,113.68343353271484,31.458736419677734,,,,,,,,,,645858,5374
1786074914,447966698,,,,,5,-1495.3115234375,1021.4239501953125,-775.4746704101562,0.11292358487844467,-0.14881689846515656,-0.2693433165550232,0.9447518587112427,1,645858,5374
1786074914,457054322,1,75.81388854980469,113.93350982666016,32.23236083984375,,,,,,,,,,645859,5375
1786074914,457054322,,,,,5,-1495.2916259765625,1021.4091186523438,-775.4695434570312,0.11304369568824768,-0.1489144265651703,-0.26979053020477295,0.9445945620536804,1,645859,5375
1786074914,464965789,1,76.01211547851562,114.04115295410156,32.774864196777344,,,,,,,,,,645860,5375
1786074914,464965789,,,,,5,-1495.3057861328125,1021.4176025390625,-775.4828491210938,0.11296602338552475,-0.1486969143152237,-0.2696063816547394,0.9446907043457031,1,645860,5375
1786074914,473878885,1,76.65707397460938,114.27124786376953,32.9894905090332,,,,,,,,,,645861,5375
1786074914,473878885,,,,,5,-1495.3489990234375,1021.43408203125,-775.4828491210938,0.11299227923154831,-0.1490255445241928,-0.2694697380065918,0.9446746706962585,1,645861,5375
1786074914,481858160,1,76.43220520019531,114.20912170410156,32.643333435058594,,,,,,,,,,645862,5375
1786074914,481858160,,,,,5,-1495.3387451171875,1021.4293212890625,-775.4995727539062,0.11294237524271011,-0.1491435021162033,-0.26934704184532166,0.9446970820426941,1,645862,5375
1786074914,489868955,1,75.71754455566406,113.92654418945312,32.21817398071289,,,,,,,,,,645863,5375
1786074914,489868955,,,,,5,-1495.3289794921875,1021.4359741210938,-775.4713745117188,0.11297973990440369,-0.149015873670578,-0.2697610557079315,0.9445945620536804,1,645863,5375
1786074914,498774595,1,76.57078552246094,114.23219299316406,33.004783630371094,,,,,,,,,,645864,5375
1786074914,498774595,,,,,5,-1495.2998046875,1021.4390869140625,-775.5070190429688,0.1128833219408989,-0.1490698605775833,-0.27070122957229614,0.9443285465240479,1,645864,5375
1786074914,506966637,1,75.7706527709961,113.94654846191406,32.22292709350586,,,,,,,,,,645865,5375
1786074914,506966637,,,,,5,-1495.3275146484375,1021.4434814453125,-775.4559936523438,0.11295855045318604,-0.1490515023469925,-0.2696060538291931,0.9446357488632202,1,645865,5375
1786074914,514830232,1,75.76253509521484,113.83566284179688,32.841976165771484,,,,,,,,,,645866,5375
1786074914,514830232,,,,,5,-1495.3436279296875,1021.4216918945312,-775.48681640625,0.11292806267738342,-0.14901387691497803,-0.26965802907943726,0.9446304440498352,1,645866,5375
1786074914,524007711,1,75.74271392822266,113.92765045166016,32.23524856567383,,,,,,,,,,645867,5375
1786074914,524007711,,,,,5,-1495.3076171875,1021.3914184570312,-775.4724731445312,0.1128227710723877,-0.14896121621131897,-0.2696922719478607,0.9446415901184082,1,645867,5375
1786074914,531729611,1,75.80767059326172,113.95973205566406,32.257789611816406,,,,,,,,,,645868,5375
1786074914,531729611,,,,,5,-1495.3218994140625,1021.4365234375,-775.45263671875,0.112995944917202,-0.14890547096729279,-0.2696910798549652,0.9446300864219666,1,645868,5375
1786074914,539666934,1,76.45689392089844,114.1926040649414,32.65748977661133,,,,,,,,,,645869,5375
1786074914,539666934,,,,,5,-1495.3165283203125,1021.4732666015625,-775.5341186523438,0.11243516206741333,-0.14911076426506042,-0.26813942193984985,0.9451061487197876,1,645869,5375
1786074914,548705758,1,76.00897216796875,114.01140594482422,32.69789505004883,,,,,,,,,,645870,5375
1786074914,548705758,,,,,5,-1495.3724365234375,1021.4096069335938,-775.4745483398438,0.11274299025535583,-0.14908519387245178,-0.2700720727443695,0.9445229768753052,1,645870,5375
1786074914,556042026,1,75.78667449951172,113.99080657958984,32.26216506958008,,,,,,,,,,645871,5375
1786074914,556042026,,,,,5,-1495.3170166015625,1021.41845703125,-775.466552734375,0.11332616209983826,-0.14878419041633606,-0.27037328481674194,0.9444144368171692,1,645871,5375
1786074914,564665011,1,76.50138092041016,114.19497680664062,32.70653533935547,,,,,,,,,,645872,5375
1786074914,564665011,,,,,5,-1495.282958984375,1021.4125366210938,-775.5057373046875,0.11296554654836655,-0.14897258579730988,-0.26948311924934387,0.9446824789047241,1,645872,5375
1786074914,573555323,1,76.05522155761719,114.0926742553711,32.77878189086914,,,,,,,,,,645873,5375
1786074914,573555323,,,,,5,-1495.263916015625,1021.4179077148438,-775.5292358398438,0.11307825893163681,-0.14874710142612457,-0.26984408497810364,0.9446014165878296,1,645873,5375
1786074914,581525222,1,76.5549545288086,113.99098205566406,32.14704132080078,,,,,,,,,,645874,5375
1786074914,581525222,,,,,5,-1495.344482421875,1021.4240112304688,-775.4869995117188,0.11283466964960098,-0.1490904688835144,-0.26928067207336426,0.9447371959686279,1,645874,5375
1786074914,590527918,1,76.49846649169922,114.19502258300781,32.68928146362305,,,,,,,,,,645875,5375
1786074914,590527918,,,,,5,-1495.2958984375,1021.4633178710938,-775.4896850585938,0.11318866163492203,-0.14894436299800873,-0.27009934186935425,0.9444841742515564,1,645875,5375
1786074914,598648280,1,75.7113037109375,113.9245376586914,32.20553970336914,,,,,,,,,,645876,5375
1786074914,598648280,,,,,5,-1495.29150390625,1021.4290161132812,-775.4457397460938,0.11307387799024582,-0.14877362549304962,-0.2695816159248352,0.9446727633476257,1,645876,5375
1786074914,606551875,1,75.78499603271484,113.94657135009766,32.22842788696289,,,,,,,,,,645877,5375
1786074914,606551875,,,,,5,-1495.3240966796875,1021.4323120117188,-775.4762573242188,0.11288239806890488,-0.14906586706638336,-0.26968303322792053,0.9446206092834473,1,645877,5375
1786074914,615471595,1,76.02659606933594,114.05207061767578,32.74045181274414,,,,,,,,,,645878,5375
1786074914,615471595,,,,,5,-1495.3489990234375,1021.43017578125,-775.4937133789062,0.11289151757955551,-0.149083212018013,-0.2695867419242859,0.9446442127227783,1,645878,5375
1786074914,623781493,1,76.062744140625,114.00591278076172,32.70236587524414,,,,,,,,,,645879,5375
1786074914,623781493,,,,,5,-1495.2933349609375,1021.4814453125,-775.4977416992188,0.11238626390695572,-0.1489986628293991,-0.2678642272949219,0.9452075958251953,1,645879,5375
1786074914,631369313,1,76.58170318603516,114.27356719970703,32.98783493041992,,,,,,,,,,645880,5375
1786074914,631369313,,,,,5,-1495.2939453125,1021.43798828125,-775.4728393554688,0.11294639855623245,-0.14884477853775024,-0.2697165906429291,0.9446381330490112,1,645880,5375
1786074914,640669032,1,76.60104370117188,114.267578125,33.024627685546875,,,,,,,,,,645881,5375
1786074914,640669032,,,,,5,-1495.3138427734375,1021.4505004882812,-775.5167236328125,0.11297047883272171,-0.1491130143404007,-0.27011820673942566,0.9444783329963684,1,645881,5375
1786074914,648420307,1,75.73291778564453,113.8469009399414,32.15379333496094,,,,,,,,,,645882,5375
1786074914,648420307,,,,,5,-1495.2884521484375,1021.44189453125,-775.4657592773438,0.11295416206121445,-0.14887213706970215,-0.27045968174934387,0.9444205164909363,1,645882,5375
1786074914,656336734,1,75.9823989868164,114.04973602294922,32.71319580078125,,,,,,,,,,645883,5375
1786074914,656336734,,,,,5,-1495.333251953125,1021.390625,-775.4638061523438,0.1127856895327568,-0.14891430735588074,-0.2697242200374603,0.9446443319320679,1,645883,5375
1786074914,665598181,1,76.47697448730469,114.18698120117188,32.66196060180664,,,,,,,,,,645884,5375
1786074914,665598181,,,,,5,-1495.3123779296875,1021.4371337890625,-775.4671020507812,0.11302981525659561,-0.1488383710384369,-0.2697214186191559,0.9446278810501099,1,645884,5375
1786074914,673313873,1,75.81358337402344,113.9874038696289,32.24940490722656,,,,,,,,,,645885,5375
1786074914,673313873,,,,,5,-1495.338134765625,1021.4498901367188,-775.4777221679688,0.11290522664785385,-0.1491306871175766,-0.27040529251098633,0.9444011449813843,1,645885,5375
1786074914,681298876,1,75.81073760986328,113.99467468261719,32.2273063659668,,,,,,,,,,645886,5375
1786074914,681298876,,,,,5,-1495.31201171875,1021.4740600585938,-775.4762573242188,0.11301472783088684,-0.14907774329185486,-0.27007734775543213,0.9444901943206787,1,645886,5375
1786074914,690226276,1,76.05634307861328,114.03321075439453,32.6717643737793,,,,,,,,,,645887,5375
1786074914,690226276,,,,,5,-1495.292236328125,1021.4364624023438,-775.495849609375,0.11294461786746979,-0.14879105985164642,-0.27058759331703186,0.9443976879119873,1,645887,5375
1786074914,698211022,1,75.74270629882812,113.93833923339844,32.23544692993164,,,,,,,,,,645888,5375
1786074914,698211022,,,,,5,-1495.3116455078125,1021.4500122070312,-775.5167846679688,0.11286783963441849,-0.1490568220615387,-0.27047163248062134,0.9443982243537903,1,645888,5375
1786074914,707232118,1,75.71595764160156,113.9214096069336,32.161170959472656,,,,,,,,,,645889,5375
1786074914,707232118,,,,,5,-1495.329345703125,1021.4205932617188,-775.4833984375,0.11294778436422348,-0.14889396727085114,-0.2693796455860138,0.9447264671325684,1,645889,5375
1786074914,715279681,1,76.10307312011719,113.98655700683594,32.739280700683594,,,,,,,,,,645890,5375
1786074914,715279681,,,,,5,-1495.3016357421875,1021.4591064453125,-775.4957885742188,0.11310825496912003,-0.14885549247264862,-0.2703309655189514,0.944441556930542,1,645890,5375
1786074914,723047724,1,75.77619171142578,113.96563720703125,32.20415496826172,,,,,,,,,,645891,5375
1786074914,723047724,,,,,5,-1495.3023681640625,1021.4226684570312,-775.49072265625,0.11296013742685318,-0.14896608889102936,-0.26952654123306274,0.9446717500686646,1,645891,5375
1786074914,732128404,1,75.66699981689453,113.95527648925781,32.216514587402344,,,,,,,,,,645892,5375
1786074914,732128404,,,,,5,-1495.303955078125,1021.4176635742188,-775.4812622070312,0.11298192292451859,-0.14894509315490723,-0.26932036876678467,0.9447311758995056,1,645892,5375
1786074914,740261118,1,76.59375,114.29792022705078,32.988914489746094,,,,,,,,,,645893,5375
1786074914,740261118,,,,,5,-1495.31640625,1021.4781494140625,-775.4907836914062,0.11303402483463287,-0.14918090403079987,-0.27031007409095764,0.9444050788879395,1,645893,5375
1786074914,748088809,1,75.79995727539062,113.84435272216797,32.1876220703125,,,,,,,,,,645894,5375
1786074914,748088809,,,,,5,-1495.302734375,1021.4376831054688,-775.478271484375,0.11299923062324524,-0.14888304471969604,-0.26964014768600464,0.9446476697921753,1,645894,5375
1786074914,757759567,1,76.02468872070312,114.0259780883789,32.67979049682617,,,,,,,,,,645895,5375
1786074914,757759567,,,,,5,-1495.3211669921875,1021.4503784179688,-775.4559936523438,0.11297943443059921,-0.148977130651474,-0.26976996660232544,0.9445981979370117,1,645895,5375
1786074914,765092124,1,76.05596923828125,114.07234954833984,32.783992767333984,,,,,,,,,,645896,5375
1786074914,765092124,,,,,5,-1495.298828125,1021.4623413085938,-775.458740234375,0.11314762383699417,-0.14900611340999603,-0.2702171802520752,0.9444456100463867,1,645896,5375
1786074914,772964647,1,75.79129028320312,113.87139892578125,32.222625732421875,,,,,,,,,,645897,5375
1786074914,772964647,,,,,5,-1495.3240966796875,1021.4347534179688,-775.4844970703125,0.11295019090175629,-0.14907900989055634,-0.2697159945964813,0.9446009993553162,1,645897,5375
1786074914,782246254,1,75.8225326538086,113.94542694091797,32.25790023803711,,,,,,,,,,645898,5375
1786074914,782246254,,,,,5,-1495.3323974609375,1021.4480590820312,-775.5057983398438,0.11285252869129181,-0.14884792268276215,-0.2693503797054291,0.9447534084320068,1,645898,5375
1786074914,790322744,1,75.69740295410156,113.93223571777344,32.21757507324219,,,,,,,,,,645899,5375
1786074914,790322744,,,,,5,-1495.33935546875,1021.4280395507812,-775.5075073242188,0.11306460946798325,-0.1490919291973114,-0.2698000371456146,0.9445613026618958,1,645899,5375
1786074914,798147812,1,75.74285888671875,113.94873809814453,32.18411636352539,,,,,,,,,,645900,5375
1786074914,798147812,,,,,5,-1495.308837890625,1021.4186401367188,-775.4608764648438,0.1130819171667099,-0.14879004657268524,-0.26969656348228455,0.9446364641189575,1,645900,5375
1786074914,808030793,1,76.60893249511719,114.29741668701172,33.037445068359375,,,,,,,,,,645901,5375
1786074914,808030793,,,,,5,-1495.2978515625,1021.4207153320312,-775.4537353515625,0.11306778341531754,-0.14885103702545166,-0.2695615291595459,0.9446670413017273,1,645901,5375
1786074914,815105302,1,76.41512298583984,114.15995025634766,32.619380950927734,,,,,,,,,,645902,5375
1786074914,815105302,,,,,5,-1495.3480224609375,1021.39404296875,-775.4535522460938,0.1127985417842865,-0.14914296567440033,-0.27029702067375183,0.9444429278373718,1,645902,5375
1786074914,822905249,1,76.59225463867188,114.10467529296875,32.60250473022461,,,,,,,,,,645903,5375
1786074914,822905249,,,,,5,-1495.3558349609375,1021.3949584960938,-775.4573364257812,0.11282102018594742,-0.14913927018642426,-0.27033528685569763,0.9444299340248108,1,645903,5375
1786074914,831831018,1,76.36936950683594,114.03201293945312,32.69131851196289,,,,,,,,,,645904,5375
1786074914,831831018,,,,,5,-1495.3001708984375,1021.4296264648438,-775.476806640625,0.11298932880163193,-0.14890508353710175,-0.2692861557006836,0.9447463750839233,1,645904,5375
1786074914,839855188,1,75.95844268798828,114.0729751586914,32.72490310668945,,,,,,,,,,645905,5375
1786074914,839855188,,,,,5,-1495.3363037109375,1021.4304809570312,-775.4794311523438,0.1129312664270401,-0.1489371955394745,-0.26939529180526733,0.9447171688079834,1,645905,5375
1786074914,848845564,1,75.72949981689453,113.92613983154297,32.20291519165039,,,,,,,,,,645906,5375
1786074914,848845564,,,,,5,-1495.32861328125,1021.4042358398438,-775.50439453125,0.11290907114744186,-0.1490301489830017,-0.2701523005962372,0.9444889426231384,1,645906,5375
1786074914,856766759,1,75.77599334716797,113.99222564697266,32.23137283325195,,,,,,,,,,645907,5375
1786074914,856766759,,,,,5,-1495.3206787109375,1021.4334106445312,-775.4757690429688,0.11310975253582001,-0.1488402634859085,-0.26972922682762146,0.9446157813072205,1,645907,5375
1786074914,864688914,1,76.56245422363281,114.24280548095703,33.015228271484375,,,,,,,,,,645908,5375
1786074914,864688914,,,,,5,-1495.3187255859375,1021.4266967773438,-775.4500122070312,0.11280722171068192,-0.14910894632339478,-0.2696067988872528,0.9446445107460022,1,645908,5375
1786074914,873714394,1,76.07359313964844,114.10587310791016,32.784915924072266,,,,,,,,,,645909,5375
1786074914,873714394,,,,,5,-1495.3385009765625,1021.4127197265625,-775.4541015625,0.11268362402915955,-0.14902928471565247,-0.26959529519081116,0.9446751475334167,1,645909,5375
1786074914,881675813,1,76.4456787109375,114.21820831298828,32.69621276855469,,,,,,,,,,645910,5375
1786074914,881675813,,,,,5,-1495.3333740234375,1021.4332885742188,-775.4944458007812,0.11305088549852371,-0.14902828633785248,-0.2697043716907501,0.9446003437042236,1,645910,5375
1786074914,889684943,1,76.40180969238281,114.18106079101562,32.6702766418457,,,,,,,,,,645911,5375
1786074914,889684943,,,,,5,-1495.3387451171875,1021.43310546875,-775.4425659179688,0.11288344860076904,-0.14901751279830933,-0.2698386311531067,0.9445836544036865,1,645911,5375
1786074914,898794743,1,76.50605010986328,113.95942687988281,32.08259963989258,,,,,,,,,,645912,5375
1786074914,898794743,,,,,5,-1495.3270263671875,1021.4324340820312,-775.457275390625,0.11305714398622513,-0.1490735411643982,-0.26976603269577026,0.9445747137069702,1,645912,5375
1786074914,906585986,1,76.03125,114.0831069946289,32.772735595703125,,,,,,,,,,645913,5375
1786074914,906585986,,,,,5,-1495.3193359375,1021.4285278320312,-775.4828491210938,0.1129075363278389,-0.14891155064105988,-0.2692005932331085,0.9447795748710632,1,645913,5375
1786074914,914565229,1,76.02046966552734,113.99417877197266,32.75815963745117,,,,,,,,,,645914,5375
1786074914,914565229,,,,,5,-1495.3333740234375,1021.4384155273438,-775.4581909179688,0.11309541016817093,-0.14899687469005585,-0.26989686489105225,0.9445449113845825,1,645914,5375
1786074914,923776148,1,76.45925903320312,114.21282958984375,32.69900131225586,,,,,,,,,,645915,5375
1786074914,923776148,,,,,5,-1495.3505859375,1021.4113159179688,-775.4877319335938,0.11282780766487122,-0.14895786345005035,-0.27039557695388794,0.944440484046936,1,645915,5375
1786074914,931778943,1,75.77558135986328,113.9664077758789,32.304080963134766,,,,,,,,,,645916,5375
1786074914,931778943,,,,,5,-1495.3353271484375,1021.4402465820312,-775.4572143554688,0.11293868720531464,-0.1489640474319458,-0.26931482553482056,0.9447349309921265,1,645916,5375
1786074914,940736423,1,76.023193359375,114.03778076171875,32.76200866699219,,,,,,,,,,645917,5375
1786074914,940736423,,,,,5,-1495.3367919921875,1021.4369506835938,-775.4644165039062,0.11313275992870331,-0.1488071233034134,-0.2698342204093933,0.9445882439613342,1,645917,5375
1786074914,948592338,1,75.71746063232422,113.92745971679688,32.22161102294922,,,,,,,,,,645918,5375
1786074914,948592338,,,,,5,-1495.2935791015625,1021.4674682617188,-775.5202026367188,0.11303731054067612,-0.14912809431552887,-0.270297646522522,0.9444165825843811,1,645918,5375
1786074914,956462557,1,76.52481842041016,114.28524780273438,33.00962448120117,,,,,,,,,,645919,5375
1786074914,956462557,,,,,5,-1495.3173828125,1021.4598999023438,-775.5397338867188,0.11307651549577713,-0.14892558753490448,-0.2702368199825287,0.9444612264633179,1,645919,5375
1786074914,965435301,1,76.4636001586914,114.20433807373047,32.65424728393555,,,,,,,,,,645920,5375
1786074914,965435301,,,,,5,-1495.3160400390625,1021.4215087890625,-775.4741821289062,0.11301016062498093,-0.14915218949317932,-0.2696216404438019,0.9446092247962952,1,645920,5375
1786074914,973764015,1,76.59841918945312,114.28844451904297,33.03759002685547,,,,,,,,,,645921,5375
1786074914,973764015,,,,,5,-1495.3387451171875,1021.3876953125,-775.4606323242188,0.11283479630947113,-0.1487765908241272,-0.2700726389884949,0.9445605874061584,1,645921,5375
1786074914,981623354,1,75.77159118652344,113.94490814208984,32.19209289550781,,,,,,,,,,645922,5375
1786074914,981623354,,,,,5,-1495.3670654296875,1021.4454956054688,-775.4838256835938,0.11304102092981339,-0.14915326237678528,-0.26961567997932434,0.9446070194244385,1,645922,5375
1786074914,990839489,1,75.78973388671875,113.97333526611328,32.330711364746094,,,,,,,,,,645923,5375
1786074914,990839489,,,,,5,-1495.3016357421875,1021.4273681640625,-775.4899291992188,0.11308760195970535,-0.14887458086013794,-0.26938679814338684,0.9447107315063477,1,645923,5375
1786074914,998421645,1,76.05948638916016,114.04824829101562,32.754737854003906,,,,,,,,,,645924,5375
1786074914,998421645,,,,,5,-1495.27099609375,1021.4031372070312,-775.5263061523438,0.11329691112041473,-0.14899595081806183,-0.27119308710098267,0.9441496133804321,1,645924,5375
1786074915,6312184,1,75.74998474121094,113.96295928955078,32.277809143066406,,,,,,,,,,645925,5375
1786074915,6312184,,,,,5,-1495.3228759765625,1021.4152221679688,-775.4696044921875,0.11300592124462128,-0.1488300859928131,-0.269591361284256,0.944669246673584,1,645925,5375
1786074915,15339169,1,76.49523162841797,114.19259643554688,32.637149810791016,,,,,,,,,,645926,5375
1786074915,15339169,,,,,5,-1495.3304443359375,1021.4053955078125,-775.4436645507812,0.1128719225525856,-0.14883644878864288,-0.2697508931159973,0.9446386694908142,1,645926,5375
1786074915,23366508,1,76.4133529663086,114.11289978027344,32.59859085083008,,,,,,,,,,645927,5375
1786074915,23366508,,,,,5,-1495.3406982421875,1021.359375,-775.4542846679688,0.11276178061962128,-0.14866283535957336,-0.2708013355731964,0.9443785548210144,1,645927,5375
1786074915,31300632,1,76.41543579101562,114.18635559082031,32.609718322753906,,,,,,,,,,645928,5375
1786074915,31300632,,,,,5,-1495.3583984375,1021.419921875,-775.4586181640625,0.11293666064739227,-0.14890478551387787,-0.2701547145843506,0.9445047378540039,1,645928,5375
1786074915,40304513,1,75.76834106445312,113.99542999267578,32.22087478637695,,,,,,,,,,645929,5375
1786074915,40304513,,,,,5,-1495.3463134765625,1021.4105834960938,-775.454833984375,0.11281060427427292,-0.14907322824001312,-0.26986801624298096,0.9445751905441284,1,645929,5375
1786074915,48242477,1,75.6839828491211,113.89995574951172,32.17440414428711,,,,,,,,,,645930,5375
1786074915,48242477,,,,,5,-1495.3294677734375,1021.3936767578125,-775.4454956054688,0.11289124190807343,-0.1487719565629959,-0.26978597044944763,0.9446364045143127,1,645930,5375
1786074915,57325973,1,75.75959777832031,113.98358917236328,32.239784240722656,,,,,,,,,,645931,5375
1786074915,57325973,,,,,5,-1495.2882080078125,1021.3878784179688,-775.4812622070312,0.11285129934549332,-0.14882797002792358,-0.26979970932006836,0.9446284174919128,1,645931,5375
1786074915,65408289,1,76.60093688964844,114.8672866821289,32.866722106933594,,,,,,,,,,645932,5375
1786074915,65408289,,,,,5,-1495.3436279296875,1021.4078979492188,-775.4451904296875,0.11293204128742218,-0.14905425906181335,-0.2699121832847595,0.9445511102676392,1,645932,5375
1786074915,73156269,1,76.49190521240234,114.24519348144531,32.68474197387695,,,,,,,,,,645933,5375
1786074915,73156269,,,,,5,-1495.2886962890625,1021.44580078125,-775.5011596679688,0.11311966925859451,-0.14888374507427216,-0.27017486095428467,0.9444804787635803,1,645933,5375
1786074915,82097622,1,76.54463195800781,114.20442962646484,33.005699157714844,,,,,,,,,,645934,5375
1786074915,82097622,,,,,5,-1495.291015625,1021.4351806640625,-775.5343017578125,0.11325693130493164,-0.14873145520687103,-0.27007654309272766,0.9445160031318665,1,645934,5375
1786074915,89559747,1,75.77971649169922,113.98310089111328,32.28989791870117,,,,,,,,,,645935,5375
1786074915,89559747,,,,,5,-1495.3212890625,1021.47705078125,-775.5224609375,0.11244221031665802,-0.14892792701721191,-0.2677993178367615,0.9452305436134338,1,645935,5375
1786074915,98007309,1,75.67050170898438,113.88153076171875,32.21806335449219,,,,,,,,,,645936,5375
1786074915,98007309,,,,,5,-1495.3450927734375,1021.4273681640625,-775.4934692382812,0.11295323073863983,-0.1490020453929901,-0.26953068375587463,0.9446656703948975,1,645936,5375
1786074915,107155797,1,75.7873306274414,114.01789093017578,32.24272155761719,,,,,,,,,,645937,5375
1786074915,107155797,,,,,5,-1495.3231201171875,1021.4215087890625,-775.503662109375,0.1128120869398117,-0.149161234498024,-0.2693735659122467,0.9447023272514343,1,645937,5375
1786074915,115288481,1,75.77265930175781,113.98110961914062,32.236175537109375,,,,,,,,,,645938,5375
1786074915,115288481,,,,,5,-1495.2852783203125,1021.3845825195312,-775.4899291992188,0.11285177618265152,-0.14896652102470398,-0.2698434293270111,0.944594144821167,1,645938,5375
1786074915,123056589,1,76.17034912109375,114.6962661743164,33.072025299072266,,,,,,,,,,645939,5375
1786074915,123056589,,,,,5,-1495.3028564453125,1021.4262084960938,-775.4738159179688,0.11283878237009048,-0.14878296852111816,-0.2695056200027466,0.9447210431098938,1,645939,5375
1786074915,131929654,1,75.76569366455078,114.01105499267578,32.28943634033203,,,,,,,,,,645940,5375
1786074915,131929654,,,,,5,-1495.310791015625,1021.4381713867188,-775.474365234375,0.11293143779039383,-0.14904217422008514,-0.26958760619163513,0.9446458220481873,1,645940,5375
1786074915,139861057,1,76.70683288574219,114.10498046875,32.659847259521484,,,,,,,,,,645941,5375
1786074915,139861057,,,,,5,-1495.3128662109375,1021.4013671875,-775.4921264648438,0.11281189322471619,-0.14911910891532898,-0.26983290910720825,0.9445777535438538,1,645941,5375
1786074915,149108906,1,76.41918182373047,114.17049407958984,32.63493347167969,,,,,,,,,,645942,5375
1786074915,149108906,,,,,5,-1495.319580078125,1021.4094848632812,-775.4921264648438,0.11280247569084167,-0.1490759700536728,-0.2698395848274231,0.9445838332176208,1,645942,5375
1786074915,156825942,1,75.69139862060547,113.90882110595703,32.84053421020508,,,,,,,,,,645943,5375
1786074915,156825942,,,,,5,-1495.303955078125,1021.3875122070312,-775.4857177734375,0.11281554400920868,-0.14884890615940094,-0.2699056565761566,0.9445992112159729,1,645943,5375
1786074915,164881601,1,75.79460906982422,113.95751190185547,32.302024841308594,,,,,,,,,,645944,5375
1786074915,164881601,,,,,5,-1495.3271484375,1021.4232788085938,-775.4821166992188,0.11284330487251282,-0.14910699427127838,-0.26917707920074463,0.9447631239891052,1,645944,5375
1786074915,174559496,1,76.48004913330078,114.20982360839844,32.667625427246094,,,,,,,,,,645945,5375
1786074915,174559496,,,,,5,-1495.3487548828125,1021.4096069335938,-775.4755249023438,0.11280926316976547,-0.14921170473098755,-0.2695886194705963,0.9446331858634949,1,645945,5375
1786074915,182010997,1,76.31658172607422,112.86727142333984,32.73985290527344,,,,,,,,,,645946,5375
1786074915,182010997,,,,,5,-1495.3095703125,1021.4197387695312,-775.4830322265625,0.1130727082490921,-0.1488684117794037,-0.2696530520915985,0.9446374177932739,1,645946,5375
1786074915,189772481,1,76.42366790771484,114.16819763183594,32.6175537109375,,,,,,,,,,645947,5375
1786074915,189772481,,,,,5,-1495.3267822265625,1021.4257202148438,-775.474365234375,0.11287102848291397,-0.14902257919311523,-0.27023962140083313,0.9444697499275208,1,645947,5375
1786074915,198824202,1,76.20646667480469,112.91304779052734,32.755332946777344,,,,,,,,,,645948,5375
1786074915,198824202,,,,,5,-1495.282470703125,1021.42333984375,-775.462158203125,0.11291715502738953,-0.14879275858402252,-0.2693912386894226,0.9447426795959473,1,645948,5375
1786074915,206704534,1,76.7552719116211,113.27558135986328,33.250064849853516,,,,,,,,,,645949,5375
1786074915,206704534,,,,,5,-1495.2991943359375,1021.40625,-775.4917602539062,0.11287319660186768,-0.14915414154529572,-0.2699783444404602,0.9445234537124634,1,645949,5375
1786074915,214857377,1,75.7378921508789,113.9634780883789,32.2503776550293,,,,,,,,,,645950,5375
1786074915,214857377,,,,,5,-1495.340087890625,1021.3821411132812,-775.4614868164062,0.1126469150185585,-0.14924883842468262,-0.2700541317462921,0.9445137977600098,1,645950,5375
1786074915,223613706,1,75.65689086914062,113.85261535644531,32.13010787963867,,,,,,,,,,645951,5375
1786074915,223613706,,,,,5,-1495.325439453125,1021.3938598632812,-775.4540405273438,0.11282473057508469,-0.1488589644432068,-0.26986443996429443,0.9446083307266235,1,645951,5375
1786074915,231665974,1,75.76310729980469,113.99185943603516,32.23421096801758,,,,,,,,,,645952,5375
1786074915,231665974,,,,,5,-1495.3082275390625,1021.38818359375,-775.4990844726562,0.11274351179599762,-0.14900349080562592,-0.26957494020462036,0.9446778297424316,1,645952,5375
1786074915,239925857,1,75.69163513183594,113.96881866455078,32.17698669433594,,,,,,,,,,645953,5375
1786074915,239925857,,,,,5,-1495.3135986328125,1021.4436645507812,-775.5155639648438,0.11304821074008942,-0.1491641253232956,-0.27060019969940186,0.944322943687439,1,645953,5375
1786074915,248614762,1,75.7891616821289,113.95014190673828,32.29533386230469,,,,,,,,,,645954,5375
1786074915,248614762,,,,,5,-1495.3428955078125,1021.4055786132812,-775.4468383789062,0.11283531785011292,-0.14909334480762482,-0.27021604776382446,0.9444696307182312,1,645954,5375
1786074915,256604534,1,76.59258270263672,114.31627655029297,33.03025817871094,,,,,,,,,,645955,5375
1786074915,256604534,,,,,5,-1495.317626953125,1021.4136962890625,-775.481201171875,0.11301156878471375,-0.1488427221775055,-0.27034813165664673,0.9444502592086792,1,645955,5375
1786074915,265535199,1,76.47867584228516,114.14276123046875,32.63548278808594,,,,,,,,,,645956,5375
1786074915,265535199,,,,,5,-1495.3519287109375,1021.3898315429688,-775.4625244140625,0.11265135556459427,-0.14909140765666962,-0.26985713839530945,0.9445944428443909,1,645956,5375
1786074915,273652874,1,75.8138427734375,113.94368743896484,32.26481628417969,,,,,,,,,,645957,5375
1786074915,273652874,,,,,5,-1495.307861328125,1021.3902587890625,-775.483642578125,0.11303998529911041,-0.1490410566329956,-0.2705138027667999,0.9443680644035339,1,645957,5375
1786074915,281502678,1,76.61589813232422,114.31305694580078,33.05293655395508,,,,,,,,,,645958,5375
1786074915,281502678,,,,,5,-1495.30908203125,1021.43505859375,-775.5244140625,0.11297806352376938,-0.14919914305210114,-0.270622193813324,0.9443195462226868,1,645958,5375
1786074915,290545887,1,76.08587646484375,114.08563232421875,32.83430099487305,,,,,,,,,,645959,5375
1786074915,290545887,,,,,5,-1495.2965087890625,1021.3857421875,-775.5010375976562,0.11288134008646011,-0.1490240842103958,-0.269814133644104,0.9445899724960327,1,645959,5375
1786074915,298491370,1,76.05271911621094,114.11113739013672,32.84329605102539,,,,,,,,,,645960,5375
1786074915,298491370,,,,,5,-1495.2996826171875,1021.3801879882812,-775.4902954101562,0.11278896033763885,-0.14896288514137268,-0.2694976329803467,0.9447007775306702,1,645960,5375
1786074915,306361910,1,75.68708038330078,113.91253662109375,32.19573974609375,,,,,,,,,,645961,5375
1786074915,306361910,,,,,5,-1495.314697265625,1021.3952026367188,-775.4942626953125,0.11292378604412079,-0.14890219271183014,-0.2699105739593506,0.9445765018463135,1,645961,5375
1786074915,315355071,1,76.54939270019531,114.24746704101562,32.97732925415039,,,,,,,,,,645962,5375
1786074915,315355071,,,,,5,-1495.2825927734375,1021.41650390625,-775.5156860351562,0.11287958920001984,-0.14900697767734528,-0.2702373266220093,0.9444718956947327,1,645962,5375
1786074915,323414954,1,76.6050796508789,114.30858612060547,33.03179168701172,,,,,,,,,,645963,5375
1786074915,323414954,,,,,5,-1495.288818359375,1021.3865356445312,-775.4765625,0.11287850141525269,-0.14892157912254333,-0.26977023482322693,0.9446189999580383,1,645963,5375
1786074915,331402358,1,76.59082794189453,114.81937408447266,32.94076156616211,,,,,,,,,,645964,5375
1786074915,331402358,,,,,5,-1495.2054443359375,1021.3385009765625,-775.4861450195312,0.11233369261026382,-0.1496647447347641,-0.26865482330322266,0.9448843002319336,1,645964,5375
1786074915,340491070,1,76.53575134277344,114.09728240966797,32.73360824584961,,,,,,,,,,645965,5375
1786074915,340491070,,,,,5,-1495.33984375,1021.4010620117188,-775.4817504882812,0.11277306079864502,-0.1491328328847885,-0.2698383033275604,0.9445787668228149,1,645965,5375
1786074915,348317642,1,75.96124267578125,114.05184936523438,32.71393585205078,,,,,,,,,,645966,5375
1786074915,348317642,,,,,5,-1495.3511962890625,1021.4035034179688,-775.4682006835938,0.11292526125907898,-0.14889368414878845,-0.270174503326416,0.9445022344589233,1,645966,5375
1786074915,357232947,1,75.71377563476562,113.90901947021484,32.2307243347168,,,,,,,,,,645967,5375
1786074915,357232947,,,,,5,-1495.3070068359375,1021.4189453125,-775.4835815429688,0.11297891288995743,-0.148847758769989,-0.26976820826530457,0.9446191787719727,1,645967,5375
1786074915,365300767,1,75.82811737060547,113.95317077636719,32.262184143066406,,,,,,,,,,645968,5375
1786074915,365300767,,,,,5,-1495.3245849609375,1021.4275512695312,-775.4562377929688,0.11296044290065765,-0.1489401012659073,-0.2695287764072418,0.9446751475334167,1,645968,5375
1786074915,373140555,1,75.81047821044922,113.97087860107422,32.304527282714844,,,,,,,,,,645969,5375
1786074915,373140555,,,,,5,-1495.349609375,1021.4343872070312,-775.4904174804688,0.11287683248519897,-0.14904621243476868,-0.26966431736946106,0.9446296691894531,1,645969,5375
1786074915,382180595,1,75.82864379882812,114.0082015991211,32.26557159423828,,,,,,,,,,645970,5375
1786074915,382180595,,,,,5,-1495.3228759765625,1021.4359741210938,-775.4724731445312,0.11298925429582596,-0.1491944044828415,-0.26939958333969116,0.9446684122085571,1,645970,5375
1786074915,390094847,1,76.4656982421875,114.24542236328125,32.73377227783203,,,,,,,,,,645971,5375
1786074915,390094847,,,,,5,-1495.3193359375,1021.4273681640625,-775.5005493164062,0.1128787249326706,-0.14909489452838898,-0.2693432569503784,0.9447133541107178,1,645971,5375
1786074915,398127594,1,75.768310546875,113.98065948486328,32.26661682128906,,,,,,,,,,645972,5375
1786074915,398127594,,,,,5,-1495.3336181640625,1021.4398803710938,-775.4735717773438,0.11293349415063858,-0.14915938675403595,-0.269430547952652,0.9446717500686646,1,645972,5375
1786074915,407071731,1,76.4635238647461,114.2325668334961,32.68241882324219,,,,,,,,,,645973,5375
1786074915,407071731,,,,,5,-1495.2110595703125,1021.3705444335938,-775.5079345703125,0.11257059872150421,-0.14942918717861176,-0.26913854479789734,0.9447557330131531,1,645973,5375
1786074915,415631774,1,76.46875762939453,113.95059967041016,32.09307098388672,,,,,,,,,,645974,5375
1786074915,415631774,,,,,5,-1495.3189697265625,1021.4373168945312,-775.4786376953125,0.11300095915794373,-0.14901594817638397,-0.269637793302536,0.9446272850036621,1,645974,5375
1786074915,423240138,1,76.4688491821289,114.18666076660156,32.715274810791016,,,,,,,,,,645975,5375
1786074915,423240138,,,,,5,-1495.326904296875,1021.3809814453125,-775.4578247070312,0.11312661319971085,-0.14893124997615814,-0.2710689306259155,0.9442158937454224,1,645975,5375
1786074915,432069875,1,76.53083038330078,114.1379165649414,32.6529426574707,,,,,,,,,,645976,5375
1786074915,432069875,,,,,5,-1495.3021240234375,1021.400390625,-775.4207763671875,0.11299313604831696,-0.14891216158866882,-0.2700066864490509,0.9445391297340393,1,645976,5375
1786074915,440017823,1,75.77184295654297,114.53980255126953,32.61298370361328,,,,,,,,,,645977,5375
1786074915,440017823,,,,,5,-1495.320556640625,1021.4192504882812,-775.4901733398438,0.11293303966522217,-0.1491103619337082,-0.2696191966533661,0.944625735282898,1,645977,5375
1786074915,447994890,1,76.41736602783203,114.16596221923828,32.65085983276367,,,,,,,,,,645978,5375
1786074915,447994890,,,,,5,-1495.2879638671875,1021.43408203125,-775.5184936523438,0.11301469802856445,-0.1488472819328308,-0.2702704966068268,0.9444713592529297,1,645978,5375
1786074915,456954707,1,76.50682067871094,114.25917053222656,32.70027542114258,,,,,,,,,,645979,5376
1786074915,456954707,,,,,5,-1495.31640625,1021.4322509765625,-775.4671630859375,0.11291272193193436,-0.149135023355484,-0.2697199583053589,0.9445955753326416,1,645979,5376
1786074915,464878207,1,76.60723876953125,114.26537322998047,32.957088470458984,,,,,,,,,,645980,5376
1786074915,464878207,,,,,5,-1495.3040771484375,1021.4335327148438,-775.4656372070312,0.1124102994799614,-0.1489185094833374,-0.2687497138977051,0.9449660778045654,1,645980,5376
1786074915,474182695,1,75.76422119140625,113.95268249511719,32.26665496826172,,,,,,,,,,645981,5376
1786074915,474182695,,,,,5,-1495.2994384765625,1021.4189453125,-775.4728393554688,0.11297748237848282,-0.1488427072763443,-0.26933959126472473,0.9447424411773682,1,645981,5376
1786074915,482148851,1,75.75601959228516,113.987548828125,32.31031799316406,,,,,,,,,,645982,5376
1786074915,482148851,,,,,5,-1495.3056640625,1021.4343872070312,-775.4797973632812,0.11304736137390137,-0.1488444060087204,-0.2696835994720459,0.9446355700492859,1,645982,5376
1786074915,489837791,1,75.72396087646484,113.90824127197266,32.17583084106445,,,,,,,,,,645983,5376
1786074915,489837791,,,,,5,-1495.3297119140625,1021.4138793945312,-775.4503173828125,0.11281194537878036,-0.14923745393753052,-0.2696797251701355,0.9446028470993042,1,645983,5376
1786074915,499153287,1,75.97895812988281,114.0804443359375,32.68484878540039,,,,,,,,,,645984,5376
1786074915,499153287,,,,,5,-1495.3154296875,1021.4111328125,-775.4880981445312,0.11322378367185593,-0.14883995056152344,-0.2704053521156311,0.9444088935852051,1,645984,5376
1786074915,506743700,1,76.59510040283203,114.29113006591797,33.04637145996094,,,,,,,,,,645985,5376
1786074915,506743700,,,,,5,-1495.297607421875,1021.4296264648438,-775.4805908203125,0.1129542663693428,-0.14892767369747162,-0.26932308077812195,0.9447364211082458,1,645985,5376
1786074915,514729055,1,76.47823333740234,114.2413558959961,32.66739273071289,,,,,,,,,,645986,5376
1786074915,514729055,,,,,5,-1495.2999267578125,1021.4117431640625,-775.4960327148438,0.11296483129262924,-0.14882071316242218,-0.269613116979599,0.9446693062782288,1,645986,5376
1786074915,523677096,1,75.95489501953125,114.06413269042969,32.74440002441406,,,,,,,,,,645987,5376
1786074915,523677096,,,,,5,-1495.294921875,1021.4496459960938,-775.4542236328125,0.11288569122552872,-0.14919887483119965,-0.269327849149704,0.9447004795074463,1,645987,5376
1786074915,531722196,1,76.48882293701172,114.1949234008789,32.727115631103516,,,,,,,,,,645988,5376
1786074915,531722196,,,,,5,-1495.29638671875,1021.4722900390625,-775.50830078125,0.11320503056049347,-0.14912554621696472,-0.27050936222076416,0.9443362355232239,1,645988,5376
1786074915,539659039,1,76.56158447265625,114.25354766845703,32.74837112426758,,,,,,,,,,645989,5376
1786074915,539659039,,,,,5,-1495.3187255859375,1021.4072265625,-775.44775390625,0.11299964040517807,-0.14905467629432678,-0.2705521881580353,0.9443597197532654,1,645989,5376
1786074915,548643400,1,75.73776245117188,113.94633483886719,32.17127227783203,,,,,,,,,,645990,5376
1786074915,548643400,,,,,5,-1495.3497314453125,1021.4169311523438,-775.4623413085938,0.11284450441598892,-0.14925532042980194,-0.2696272134780884,0.944611132144928,1,645990,5376
1786074915,556584180,1,76.37964630126953,114.17613983154297,32.64059066772461,,,,,,,,,,645991,5376
1786074915,556584180,,,,,5,-1495.3519287109375,1021.4081420898438,-775.4461059570312,0.11288942396640778,-0.14908507466316223,-0.2702147364616394,0.9444648027420044,1,645991,5376
1786074915,565591101,1,75.76136016845703,113.9307861328125,32.256072998046875,,,,,,,,,,645992,5376
1786074915,565591101,,,,,5,-1495.284423828125,1021.4033203125,-775.4923706054688,0.1132667288184166,-0.14871451258659363,-0.2697104513645172,0.9446221590042114,1,645992,5376
1786074915,573609128,1,76.67045593261719,114.09207916259766,32.3959846496582,,,,,,,,,,645993,5376
1786074915,573609128,,,,,5,-1495.31787109375,1021.443359375,-775.4691772460938,0.11299051344394684,-0.14900074899196625,-0.26962369680404663,0.9446348547935486,1,645993,5376
1786074915,581531412,1,76.52082824707031,113.98762512207031,32.17144775390625,,,,,,,,,,645994,5376
1786074915,581531412,,,,,5,-1495.3101806640625,1021.4288940429688,-775.4813842773438,0.11299082636833191,-0.14915132522583008,-0.269462525844574,0.9446570873260498,1,645994,5376
1786074915,590487197,1,75.79763793945312,113.96757507324219,32.263572692871094,,,,,,,,,,645995,5376
1786074915,590487197,,,,,5,-1495.331787109375,1021.4049682617188,-775.4541015625,0.11266821622848511,-0.14911048114299774,-0.26968494057655334,0.9446385502815247,1,645995,5376
1786074915,598456072,1,75.78092193603516,113.7132339477539,32.87104034423828,,,,,,,,,,645996,5376
1786074915,598456072,,,,,5,-1495.315673828125,1021.3956298828125,-775.489013671875,0.11281371116638184,-0.14893747866153717,-0.2697407007217407,0.9446326494216919,1,645996,5376
1786074915,606531283,1,75.84077453613281,113.63331604003906,31.421850204467773,,,,,,,,,,645997,5376
1786074915,606531283,,,,,5,-1495.28076171875,1021.4287109375,-775.4832153320312,0.11282836645841599,-0.14882436394691467,-0.2690933346748352,0.9448332190513611,1,645997,5376
1786074915,614920286,1,75.67158508300781,113.87049865722656,32.78296661376953,,,,,,,,,,645998,5376
1786074915,614920286,,,,,5,-1495.2757568359375,1021.4218139648438,-775.4557495117188,0.11309834569692612,-0.14879295229911804,-0.2697529196739197,0.9446179270744324,1,645998,5376
1786074915,623539048,1,76.28101348876953,113.94737243652344,32.63410186767578,,,,,,,,,,645999,5376
1786074915,623539048,,,,,5,-1495.342529296875,1021.3977661132812,-775.4797973632812,0.11274683475494385,-0.14925836026668549,-0.26967954635620117,0.9446074366569519,1,645999,5376
1786074915,631388788,1,75.70289611816406,113.85820770263672,32.112396240234375,,,,,,,,,,646000,5376
1786074915,631388788,,,,,5,-1495.327880859375,1021.4347534179688,-775.4744262695312,0.1130765974521637,-0.14900507032871246,-0.26990821957588196,0.944542646408081,1,646000,5376
1786074915,640388637,1,76.59114074707031,114.33761596679688,33.03002166748047,,,,,,,,,,646001,5376
1786074915,640388637,,,,,5,-1495.3011474609375,1021.41015625,-775.470947265625,0.11307801306247711,-0.1490308791399002,-0.2704542577266693,0.9443822503089905,1,646001,5376
1786074915,648356584,1,76.00946807861328,114.00389099121094,32.642173767089844,,,,,,,,,,646002,5376
1786074915,648356584,,,,,5,-1495.31591796875,1021.4179077148438,-775.4815063476562,0.11294371634721756,-0.14883586764335632,-0.2694292366504669,0.9447219967842102,1,646002,5376
1786074915,656390323,1,76.49188995361328,113.9878921508789,32.13905334472656,,,,,,,,,,646003,5376
1786074915,656390323,,,,,5,-1495.2828369140625,1021.4304809570312,-775.475830078125,0.11302661150693893,-0.14889778196811676,-0.26953116059303284,0.9446732401847839,1,646003,5376
1786074915,665349948,1,76.04183197021484,114.05677795410156,32.78716278076172,,,,,,,,,,646004,5376
1786074915,665349948,,,,,5,-1495.3525390625,1021.43115234375,-775.4616088867188,0.11295200139284134,-0.1490054428577423,-0.2695947289466858,0.9446470737457275,1,646004,5376
1786074915,673556135,1,75.71417999267578,113.93502807617188,32.22664260864258,,,,,,,,,,646005,5376
1786074915,673556135,,,,,5,-1495.341552734375,1021.4309692382812,-775.4723510742188,0.11301805078983307,-0.14886978268623352,-0.2699334919452667,0.9445638060569763,1,646005,5376
1786074915,681296692,1,75.71315002441406,113.93804168701172,32.21049880981445,,,,,,,,,,646006,5376
1786074915,681296692,,,,,5,-1495.2987060546875,1021.3871459960938,-775.50146484375,0.1128426119685173,-0.14891669154167175,-0.2695671617984772,0.9446820020675659,1,646006,5376
1786074915,690277436,1,75.6891860961914,113.93299865722656,32.20783233642578,,,,,,,,,,646007,5376
1786074915,690277436,,,,,5,-1495.3043212890625,1021.4454956054688,-775.51904296875,0.11303062736988068,-0.1490706503391266,-0.27009767293930054,0.9444836974143982,1,646007,5376
1786074915,698191272,1,76.52025604248047,114.19498443603516,32.69786834716797,,,,,,,,,,646008,5376
1786074915,698191272,,,,,5,-1495.3271484375,1021.462890625,-775.4606323242188,0.1130731925368309,-0.14889390766620636,-0.2696536183357239,0.9446333050727844,1,646008,5376
1786074915,707196145,1,75.82693481445312,113.93331146240234,32.28245162963867,,,,,,,,,,646009,5376
1786074915,707196145,,,,,5,-1495.3206787109375,1021.3934936523438,-775.4453125,0.11285566538572311,-0.14916662871837616,-0.270349383354187,0.9444174766540527,1,646009,5376
1786074915,715084285,1,76.11570739746094,114.08700561523438,32.82182312011719,,,,,,,,,,646010,5376
1786074915,715084285,,,,,5,-1495.2808837890625,1021.4020385742188,-775.4216918945312,0.11279051005840302,-0.14884257316589355,-0.2700035274028778,0.9445751905441284,1,646010,5376
1786074915,723117032,1,76.45890808105469,114.18025970458984,32.68273162841797,,,,,,,,,,646011,5376
1786074915,723117032,,,,,5,-1495.3348388671875,1021.4120483398438,-775.4816284179688,0.11291718482971191,-0.14916634559631348,-0.26995259523391724,0.9445235729217529,1,646011,5376
1786074915,732066737,1,75.79786682128906,113.94203186035156,32.29408645629883,,,,,,,,,,646012,5376
1786074915,732066737,,,,,5,-1495.28955078125,1021.4124145507812,-775.4820556640625,0.11292337626218796,-0.1489669382572174,-0.26958000659942627,0.9446607232093811,1,646012,5376
1786074915,740092861,1,76.51909637451172,114.18644714355469,32.660274505615234,,,,,,,,,,646013,5376
1786074915,740092861,,,,,5,-1495.3050537109375,1021.4039916992188,-775.4714965820312,0.1128353551030159,-0.14908502995967865,-0.27065056562423706,0.9443463683128357,1,646013,5376
1786074915,748089576,1,75.69540405273438,113.9441146850586,32.20386505126953,,,,,,,,,,646014,5376
1786074915,748089576,,,,,5,-1495.3031005859375,1021.3650512695312,-775.4535522460938,0.1126270741224289,-0.1489889919757843,-0.26989784836769104,0.944601833820343,1,646014,5376
1786074915,757010225,1,75.81475067138672,113.96206665039062,32.2641487121582,,,,,,,,,,646015,5376
1786074915,757010225,,,,,5,-1495.2952880859375,1021.4328002929688,-775.4794311523438,0.1130313128232956,-0.1487700492143631,-0.26936420798301697,0.944740355014801,1,646015,5376
1786074915,765025885,1,75.98667907714844,114.05046081542969,32.74773025512695,,,,,,,,,,646016,5376
1786074915,765025885,,,,,5,-1495.3363037109375,1021.40673828125,-775.4629516601562,0.11294982582330704,-0.14906077086925507,-0.27025899291038513,0.9444486498832703,1,646016,5376
1786074915,773205000,1,75.83535766601562,114.6511001586914,32.705814361572266,,,,,,,,,,646017,5376
1786074915,773205000,,,,,5,-1495.3046875,1021.3899536132812,-775.51416015625,0.1127937063574791,-0.14911063015460968,-0.2697538733482361,0.9446039199829102,1,646017,5376
1786074915,781994385,1,75.76994323730469,113.98236846923828,32.2772331237793,,,,,,,,,,646018,5376
1786074915,781994385,,,,,5,-1495.3079833984375,1021.4456176757812,-775.4556274414062,0.11303073167800903,-0.14871178567409515,-0.2693502604961395,0.9447536468505859,1,646018,5376
1786074915,790271996,1,76.76647186279297,114.7955093383789,33.117095947265625,,,,,,,,,,646019,5376
1786074915,790271996,,,,,5,-1495.340087890625,1021.4031372070312,-775.4741821289062,0.11268769204616547,-0.14906319975852966,-0.2695651948451996,0.9446778893470764,1,646019,5376
1786074915,799463300,1,76.04981231689453,114.12445068359375,32.82560348510742,,,,,,,,,,646020,5376
1786074915,799463300,,,,,5,-1495.3133544921875,1021.4520874023438,-775.4725341796875,0.11311671882867813,-0.14900095760822296,-0.26967453956604004,0.9446051716804504,1,646020,5376
1786074915,806842097,1,75.6826171875,113.87213134765625,32.192771911621094,,,,,,,,,,646021,5376
1786074915,806842097,,,,,5,-1495.309326171875,1021.4192504882812,-775.4928588867188,0.11290574818849564,-0.14912907779216766,-0.2695480287075043,0.9446463584899902,1,646021,5376
1786074915,815553019,1,76.51144409179688,114.19615936279297,32.70854949951172,,,,,,,,,,646022,5376
1786074915,815553019,,,,,5,-1495.31103515625,1021.4208984375,-775.4788208007812,0.11286400258541107,-0.14932818710803986,-0.2695804834365845,0.9446106553077698,1,646022,5376
1786074915,824082821,1,75.9765396118164,114.0006332397461,32.69612503051758,,,,,,,,,,646023,5376
1786074915,824082821,,,,,5,-1495.3314208984375,1021.4179077148438,-775.4645385742188,0.11287762224674225,-0.14915837347507477,-0.26983344554901123,0.9445636868476868,1,646023,5376
1786074915,831768081,1,76.42752075195312,114.20249938964844,32.584781646728516,,,,,,,,,,646024,5376
1786074915,831768081,,,,,5,-1495.3345947265625,1021.4402465820312,-775.4735717773438,0.11293111741542816,-0.14898908138275146,-0.2696634531021118,0.9446324110031128,1,646024,5376
1786074915,839680381,1,76.48271942138672,114.19303894042969,32.688392639160156,,,,,,,,,,646025,5376
1786074915,839680381,,,,,5,-1495.31591796875,1021.4151611328125,-775.4725952148438,0.11305709183216095,-0.14897271990776062,-0.27005645632743835,0.9445077776908875,1,646025,5376
1786074915,848695750,1,76.47561645507812,114.22998809814453,32.696224212646484,,,,,,,,,,646026,5376
1786074915,848695750,,,,,5,-1495.3519287109375,1021.3853759765625,-775.4595336914062,0.11252252757549286,-0.1492365300655365,-0.26975759863853455,0.9446153044700623,1,646026,5376
1786074915,856641521,1,75.70145416259766,113.89927673339844,32.197052001953125,,,,,,,,,,646027,5376
1786074915,856641521,,,,,5,-1495.2904052734375,1021.4262084960938,-775.4661254882812,0.11296425759792328,-0.14893905818462372,-0.26941171288490295,0.9447082877159119,1,646027,5376
1786074915,864641629,1,75.81022644042969,113.9873046875,32.25698471069336,,,,,,,,,,646028,5376
1786074915,864641629,,,,,5,-1495.3529052734375,1021.3863525390625,-775.4615478515625,0.1127055361866951,-0.14927126467227936,-0.2703683078289032,0.944413423538208,1,646028,5376
1786074915,873596486,1,76.50767517089844,114.17219543457031,32.666690826416016,,,,,,,,,,646029,5376
1786074915,873596486,,,,,5,-1495.29345703125,1021.4005737304688,-775.4808959960938,0.11282757669687271,-0.14900816977024078,-0.2702522873878479,0.9444735050201416,1,646029,5376
1786074915,881652945,1,76.06731414794922,114.11293029785156,32.802860260009766,,,,,,,,,,646030,5376
1786074915,881652945,,,,,5,-1495.3253173828125,1021.4247436523438,-775.4444580078125,0.1128513365983963,-0.14908847212791443,-0.2698422968387604,0.944575309753418,1,646030,5376
1786074915,890570074,1,76.43387603759766,114.16702270507812,32.69568634033203,,,,,,,,,,646031,5376
1786074915,890570074,,,,,5,-1495.3101806640625,1021.4081420898438,-775.4849243164062,0.11279434710741043,-0.14889968931674957,-0.26973143219947815,0.9446435570716858,1,646031,5376
1786074915,898584518,1,75.3145980834961,113.80364990234375,32.27378463745117,,,,,,,,,,646032,5376
1786074915,898584518,,,,,5,-1495.35107421875,1021.4586181640625,-775.4918823242188,0.11226577311754227,-0.14930866658687592,-0.2680370509624481,0.945124089717865,1,646032,5376
1786074915,906559409,1,75.69437408447266,113.94153594970703,32.212921142578125,,,,,,,,,,646033,5376
1786074915,906559409,,,,,5,-1495.322021484375,1021.4064331054688,-775.4874267578125,0.11274897307157516,-0.14928050339221954,-0.269484281539917,0.9446593523025513,1,646033,5376
1786074915,915543930,1,76.51473999023438,114.20050048828125,32.71405029296875,,,,,,,,,,646034,5376
1786074915,915543930,,,,,5,-1495.3436279296875,1021.3740234375,-775.47900390625,0.11250165104866028,-0.14911332726478577,-0.2694505453109741,0.9447247982025146,1,646034,5376
1786074915,923459302,1,75.79613494873047,113.97622680664062,32.260860443115234,,,,,,,,,,646035,5376
1786074915,923459302,,,,,5,-1495.3355712890625,1021.4181518554688,-775.44091796875,0.11284811794757843,-0.14882434904575348,-0.26985034346580505,0.9446149468421936,1,646035,5376
1786074915,931482513,1,75.98131561279297,114.02608489990234,32.698333740234375,,,,,,,,,,646036,5376
1786074915,931482513,,,,,5,-1495.3272705078125,1021.4072265625,-775.4522705078125,0.11295725405216217,-0.14879068732261658,-0.2698456645011902,0.9446086287498474,1,646036,5376
1786074915,940535770,1,76.51082611083984,114.1545181274414,32.60313034057617,,,,,,,,,,646037,5376
1786074915,940535770,,,,,5,-1495.315185546875,1021.4459838867188,-775.4788208007812,0.11302989721298218,-0.14907707273960114,-0.26958397030830383,0.944629430770874,1,646037,5376
1786074915,948452358,1,76.02580261230469,114.12480926513672,32.76913070678711,,,,,,,,,,646038,5376
1786074915,948452358,,,,,5,-1495.2974853515625,1021.38671875,-775.4767456054688,0.11268778890371323,-0.14896832406520844,-0.2698766887187958,0.9446038603782654,1,646038,5376
1786074915,956709297,1,76.46957397460938,114.23129272460938,32.64957809448242,,,,,,,,,,646039,5376
1786074915,956709297,,,,,5,-1495.3731689453125,1021.4205932617188,-775.4625854492188,0.11292917281389236,-0.14883701503276825,-0.27002355456352234,0.944553792476654,1,646039,5376
1786074915,964409693,1,75.9792251586914,114.0440902709961,32.75191879272461,,,,,,,,,,646040,5376
1786074915,964409693,,,,,5,-1495.3446044921875,1021.375,-775.478515625,0.11273637413978577,-0.14912143349647522,-0.27045920491218567,0.9444073438644409,1,646040,5376
1786074915,973529477,1,76.4880142211914,114.20347595214844,32.64332962036133,,,,,,,,,,646041,5376
1786074915,973529477,,,,,5,-1495.3275146484375,1021.4181518554688,-775.5282592773438,0.11278587579727173,-0.14918239414691925,-0.2693254053592682,0.9447157382965088,1,646041,5376
1786074915,981366385,1,76.62535095214844,114.31402587890625,33.0480842590332,,,,,,,,,,646042,5376
1786074915,981366385,,,,,5,-1495.3114013671875,1021.3982543945312,-775.4636840820312,0.11287324130535126,-0.1487562209367752,-0.2702232003211975,0.9445161819458008,1,646042,5376
1786074915,990217338,1,75.7606430053711,113.44808959960938,31.252117156982422,,,,,,,,,,646043,5376
1786074915,990217338,,,,,5,-1495.3203125,1021.3836059570312,-775.46826171875,0.11273070424795151,-0.14923705160617828,-0.2700220048427582,0.9445149302482605,1,646043,5376
1786074915,998229702,1,75.80973815917969,113.9686508178711,32.28456497192383,,,,,,,,,,646044,5376
1786074915,998229702,,,,,5,-1495.3494873046875,1021.40478515625,-775.4515991210938,0.11311688274145126,-0.14893166720867157,-0.2707049250602722,0.9443213939666748,1,646044,5376
1786074916,7361871,1,75.7120132446289,113.9261703491211,32.21684646606445,,,,,,,,,,646045,5376
1786074916,7361871,,,,,5,-1495.3392333984375,1021.4156494140625,-775.4432373046875,0.11290467530488968,-0.14898574352264404,-0.26993510127067566,0.9445586204528809,1,646045,5376
1786074916,15326907,1,75.76909637451172,113.96636962890625,32.29072189331055,,,,,,,,,,646046,5376
1786074916,15326907,,,,,5,-1495.3023681640625,1021.44970703125,-775.51611328125,0.11236514151096344,-0.14889644086360931,-0.2684571146965027,0.9450580477714539,1,646046,5376
1786074916,23589543,1,76.4613037109375,114.16746520996094,32.66019058227539,,,,,,,,,,646047,5376
1786074916,23589543,,,,,5,-1495.3021240234375,1021.4037475585938,-775.5304565429688,0.11288201808929443,-0.14926378428936005,-0.269647479057312,0.9445995688438416,1,646047,5376
1786074916,31220948,1,75.69963073730469,113.46412658691406,31.22820472717285,,,,,,,,,,646048,5376
1786074916,31220948,,,,,5,-1495.30859375,1021.3974609375,-775.4932861328125,0.11291275173425674,-0.14893987774848938,-0.26997458934783936,0.9445536136627197,1,646048,5376
1786074916,40161470,1,76.64924621582031,114.28598022460938,33.06947708129883,,,,,,,,,,646049,5376
1786074916,40161470,,,,,5,-1495.3050537109375,1021.3895874023438,-775.464111328125,0.11271113157272339,-0.1489509642124176,-0.2695395350456238,0.9447001218795776,1,646049,5376
1786074916,48191498,1,75.71256256103516,113.80007934570312,32.134552001953125,,,,,,,,,,646050,5376
1786074916,48191498,,,,,5,-1495.321533203125,1021.4075317382812,-775.4779052734375,0.11308421939611435,-0.1488991230726242,-0.27063703536987305,0.9443498253822327,1,646050,5376
1786074916,57190516,1,75.9876937866211,114.06690979003906,32.75376510620117,,,,,,,,,,646051,5376
1786074916,57190516,,,,,5,-1495.349609375,1021.4273681640625,-775.5025024414062,0.11297839134931564,-0.1490110456943512,-0.2695406675338745,0.9446583390235901,1,646051,5376
1786074916,66376510,1,75.90216827392578,114.6142578125,32.667354583740234,,,,,,,,,,646052,5376
1786074916,66376510,,,,,5,-1495.3546142578125,1021.4102783203125,-775.5089721679688,0.11280106008052826,-0.14899611473083496,-0.2697342336177826,0.9446266889572144,1,646052,5376
1786074916,73063501,1,75.78412628173828,113.92961883544922,32.24491882324219,,,,,,,,,,646053,5376
1786074916,73063501,,,,,5,-1495.3287353515625,1021.427734375,-775.4854736328125,0.1130671575665474,-0.14903144538402557,-0.26960667967796326,0.9446257948875427,1,646053,5376
1786074916,82100183,1,76.41500091552734,114.18551635742188,32.65334701538086,,,,,,,,,,646054,5376
1786074916,82100183,,,,,5,-1495.302978515625,1021.4356689453125,-775.5118408203125,0.11301858723163605,-0.14889955520629883,-0.27016013860702515,0.9444942474365234,1,646054,5376
1786074916,90215363,1,75.72954559326172,113.93052673339844,32.24998092651367,,,,,,,,,,646055,5376
1786074916,90215363,,,,,5,-1495.334228515625,1021.431640625,-775.4923706054688,0.11297847330570221,-0.14920304715633392,-0.26908808946609497,0.9447571635246277,1,646055,5376
1786074916,98430287,1,75.80767822265625,113.95771789550781,32.30260467529297,,,,,,,,,,646056,5376
1786074916,98430287,,,,,5,-1495.339111328125,1021.4158325195312,-775.5017700195312,0.11290758103132248,-0.14906135201454163,-0.26929691433906555,0.9447284936904907,1,646056,5376
1786074916,107148505,1,75.24433135986328,113.73009490966797,32.17430114746094,,,,,,,,,,646057,5376
1786074916,107148505,,,,,5,-1495.3133544921875,1021.4193725585938,-775.5082397460938,0.11315177381038666,-0.14901067316532135,-0.26990774273872375,0.9445329308509827,1,646057,5376
1786074916,115091525,1,75.96031951904297,114.03083801269531,32.7356071472168,,,,,,,,,,646058,5376
1786074916,115091525,,,,,5,-1495.3336181640625,1021.4220581054688,-775.4723510742188,0.1128709688782692,-0.14918909966945648,-0.2697622776031494,0.9445798993110657,1,646058,5376
1786074916,123105522,1,75.68732452392578,113.90442657470703,32.204307556152344,,,,,,,,,,646059,5376
1786074916,123105522,,,,,5,-1495.347900390625,1021.4280395507812,-775.5010375976562,0.11301613599061966,-0.14892765879631042,-0.269798219203949,0.9445935487747192,1,646059,5376
1786074916,131962460,1,76.52091217041016,114.23944854736328,32.679901123046875,,,,,,,,,,646060,5376
1786074916,131962460,,,,,5,-1495.34521484375,1021.4019775390625,-775.4592895507812,0.11279935389757156,-0.14901334047317505,-0.269834965467453,0.944595456123352,1,646060,5376
1786074916,139910600,1,76.49851989746094,114.19957733154297,32.686668395996094,,,,,,,,,,646061,5376
1786074916,139910600,,,,,5,-1495.3485107421875,1021.4088134765625,-775.4775390625,0.11294481158256531,-0.14887529611587524,-0.2698802947998047,0.9445868730545044,1,646061,5376
1786074916,148363763,1,76.0826416015625,114.08820343017578,32.8250846862793,,,,,,,,,,646062,5376
1786074916,148363763,,,,,5,-1495.3094482421875,1021.4147338867188,-775.529296875,0.11325628310441971,-0.14882822334766388,-0.26972299814224243,0.9446019530296326,1,646062,5376
1786074916,156859614,1,75.77877044677734,113.95391082763672,32.253395080566406,,,,,,,,,,646063,5376
1786074916,156859614,,,,,5,-1495.3114013671875,1021.42919921875,-775.4857788085938,0.11305265128612518,-0.14887511730194092,-0.2695508599281311,0.9446679949760437,1,646063,5376
1786074916,164873035,1,75.75692749023438,113.91657257080078,32.1782112121582,,,,,,,,,,646064,5376
1786074916,164873035,,,,,5,-1495.3397216796875,1021.4265747070312,-775.4432373046875,0.11294081062078476,-0.14923667907714844,-0.26987096667289734,0.9445329308509827,1,646064,5376
1786074916,173819541,1,75.95301055908203,114.05101013183594,32.70882797241211,,,,,,,,,,646065,5376
1786074916,173819541,,,,,5,-1495.3251953125,1021.4844970703125,-775.5333862304688,0.11237122118473053,-0.14919641613960266,-0.2678753137588501,0.9451751112937927,1,646065,5376
1786074916,181842497,1,75.74376678466797,113.80493927001953,32.115848541259766,,,,,,,,,,646066,5376
1786074916,181842497,,,,,5,-1495.3675537109375,1021.4105834960938,-775.4715576171875,0.11286162585020065,-0.14911527931690216,-0.269806832075119,0.9445800185203552,1,646066,5376
1786074916,189824493,1,75.77819061279297,114.01354217529297,32.31755828857422,,,,,,,,,,646067,5376
1786074916,189824493,,,,,5,-1495.320556640625,1021.4226684570312,-775.4848022460938,0.11295083165168762,-0.14887504279613495,-0.27058303356170654,0.9443850517272949,1,646067,5376
1786074916,199081910,1,75.69879913330078,113.91851806640625,32.19849395751953,,,,,,,,,,646068,5376
1786074916,199081910,,,,,5,-1495.306640625,1021.4304809570312,-775.4735717773438,0.11304594576358795,-0.1487615704536438,-0.2697771191596985,0.9446221590042114,1,646068,5376
1786074916,206755203,1,75.75099182128906,113.48419952392578,31.241899490356445,,,,,,,,,,646069,5376
1786074916,206755203,,,,,5,-1495.343505859375,1021.4052124023438,-775.4841918945312,0.11271444708108902,-0.14922291040420532,-0.26928773522377014,0.9447285532951355,1,646069,5376
1786074916,214905903,1,76.43421936035156,114.1744613647461,32.611785888671875,,,,,,,,,,646070,5376
1786074916,214905903,,,,,5,-1495.327392578125,1021.4432983398438,-775.4835205078125,0.11300963908433914,-0.14901326596736908,-0.2709372043609619,0.9442546367645264,1,646070,5376
1786074916,223685434,1,76.70089721679688,114.37271881103516,33.104061126708984,,,,,,,,,,646071,5376
1786074916,223685434,,,,,5,-1495.3272705078125,1021.3810424804688,-775.4381103515625,0.11272748559713364,-0.1490006148815155,-0.27020546793937683,0.9445000886917114,1,646071,5376
1786074916,231760422,1,76.1075439453125,114.09907531738281,32.793190002441406,,,,,,,,,,646072,5376
1786074916,231760422,,,,,5,-1495.3438720703125,1021.4146728515625,-775.4371337890625,0.11271825432777405,-0.14917129278182983,-0.2697280943393707,0.9446107149124146,1,646072,5376
1786074916,239826034,1,76.61724853515625,114.20796203613281,32.994300842285156,,,,,,,,,,646073,5376
1786074916,239826034,,,,,5,-1495.340087890625,1021.4070434570312,-775.4345703125,0.1128932386636734,-0.1488533765077591,-0.2701929211616516,0.9445070624351501,1,646073,5376
1786074916,248654076,1,76.52039337158203,114.23365020751953,32.7230110168457,,,,,,,,,,646074,5376
1786074916,248654076,,,,,5,-1495.3231201171875,1021.4111328125,-775.4974975585938,0.11279337853193283,-0.1491367369890213,-0.2697978913784027,0.944587230682373,1,646074,5376
1786074916,256734376,1,75.31714630126953,113.75345611572266,32.299339294433594,,,,,,,,,,646075,5376
1786074916,256734376,,,,,5,-1495.3245849609375,1021.4385986328125,-775.5003051757812,0.11294658482074738,-0.1492554098367691,-0.2695105969905853,0.9446321725845337,1,646075,5376
1786074916,264619797,1,75.70349884033203,113.80683898925781,32.106258392333984,,,,,,,,,,646076,5376
1786074916,264619797,,,,,5,-1495.2996826171875,1021.3963012695312,-775.4925537109375,0.11264251917600632,-0.14906412363052368,-0.26926955580711365,0.944767415523529,1,646076,5376
1786074916,273570879,1,76.5095443725586,114.02452850341797,32.624427795410156,,,,,,,,,,646077,5376
1786074916,273570879,,,,,5,-1495.3338623046875,1021.4031372070312,-775.461181640625,0.11286260187625885,-0.1488959789276123,-0.26954007148742676,0.9446904063224792,1,646077,5376
1786074916,281574315,1,75.8034896850586,113.95443725585938,32.31460952758789,,,,,,,,,,646078,5376
1786074916,281574315,,,,,5,-1495.3170166015625,1021.3971557617188,-775.4862670898438,0.11284150183200836,-0.14909012615680695,-0.269809365272522,0.9445855617523193,1,646078,5376
1786074916,290525493,1,75.73246765136719,113.94827270507812,32.23344802856445,,,,,,,,,,646079,5376
1786074916,290525493,,,,,5,-1495.3194580078125,1021.4326171875,-775.5253295898438,0.11302559077739716,-0.14902423322200775,-0.2695084810256958,0.9446598887443542,1,646079,5376
1786074916,298878400,1,76.40281677246094,114.17074584960938,32.64963150024414,,,,,,,,,,646080,5376
1786074916,298878400,,,,,5,-1495.3377685546875,1021.4343872070312,-775.4904174804688,0.1129138395190239,-0.14899979531764984,-0.26945996284484863,0.944691002368927,1,646080,5376
1786074916,306799789,1,76.42239379882812,114.19332885742188,32.62534713745117,,,,,,,,,,646081,5376
1786074916,306799789,,,,,5,-1495.30712890625,1021.4407348632812,-775.45068359375,0.11287005245685577,-0.14906448125839233,-0.269252210855484,0.9447451829910278,1,646081,5376
1786074916,314487386,1,76.440185546875,114.18740844726562,32.64337158203125,,,,,,,,,,646082,5376
1786074916,314487386,,,,,5,-1495.3277587890625,1021.4384155273438,-775.48828125,0.1130952313542366,-0.14914709329605103,-0.2697441279888153,0.9445647597312927,1,646082,5376
1786074916,323506532,1,76.51055908203125,114.25619506835938,32.68667221069336,,,,,,,,,,646083,5376
1786074916,323506532,,,,,5,-1495.3067626953125,1021.4136962890625,-775.4860229492188,0.11293630301952362,-0.14889021217823029,-0.2692515254020691,0.9447649121284485,1,646083,5376
1786074916,331417872,1,75.79583740234375,113.97317504882812,32.2483024597168,,,,,,,,,,646084,5376
1786074916,331417872,,,,,5,-1495.3548583984375,1021.4037475585938,-775.4716796875,0.11282182484865189,-0.14932335913181305,-0.26962146162986755,0.944604754447937,1,646084,5376
1786074916,340324410,1,76.0145492553711,114.01587677001953,32.75518798828125,,,,,,,,,,646085,5376
1786074916,340324410,,,,,5,-1495.336181640625,1021.43212890625,-775.4959716796875,0.11291217058897018,-0.1488531082868576,-0.2690415382385254,0.944833517074585,1,646085,5376
1786074916,348298599,1,76.44344329833984,114.17440032958984,32.677738189697266,,,,,,,,,,646086,5376
1786074916,348298599,,,,,5,-1495.333740234375,1021.4312744140625,-775.4667358398438,0.11299443989992142,-0.14901579916477203,-0.2696567475795746,0.9446225166320801,1,646086,5376
1786074916,356328851,1,76.48562622070312,114.14386749267578,32.61496353149414,,,,,,,,,,646087,5376
1786074916,356328851,,,,,5,-1495.3209228515625,1021.412109375,-775.4957275390625,0.11318060010671616,-0.14883992075920105,-0.26972365379333496,0.9446089863777161,1,646087,5376
1786074916,365445692,1,76.52489471435547,114.3565673828125,32.98439025878906,,,,,,,,,,646088,5376
1786074916,365445692,,,,,5,-1495.314453125,1021.4495239257812,-775.5149536132812,0.1129385381937027,-0.14917083084583282,-0.2698438763618469,0.9445513486862183,1,646088,5376
1786074916,373291401,1,76.0781021118164,114.09049224853516,32.775142669677734,,,,,,,,,,646089,5376
1786074916,373291401,,,,,5,-1495.3074951171875,1021.4024658203125,-775.4710083007812,0.112720787525177,-0.1490766704082489,-0.26926761865615845,0.9447566866874695,1,646089,5376
1786074916,381408725,1,76.42174530029297,114.19390106201172,32.62715148925781,,,,,,,,,,646090,5376
1786074916,381408725,,,,,5,-1495.3099365234375,1021.4322509765625,-775.4349365234375,0.11303678900003433,-0.14881044626235962,-0.2696506381034851,0.94465172290802,1,646090,5376
1786074916,390245855,1,75.79765319824219,113.84807586669922,32.23751449584961,,,,,,,,,,646091,5376
1786074916,390245855,,,,,5,-1495.2850341796875,1021.3990478515625,-775.4896850585938,0.11299437284469604,-0.1489468663930893,-0.26970919966697693,0.9446186423301697,1,646091,5376
1786074916,398334763,1,76.1142578125,113.92244720458984,32.29951477050781,,,,,,,,,,646092,5376
1786074916,398334763,,,,,5,-1495.3089599609375,1021.4361572265625,-775.4703979492188,0.1129557192325592,-0.14899183809757233,-0.2695481777191162,0.9446619749069214,1,646092,5376
1786074916,406367415,1,75.68648529052734,113.9139404296875,32.187705993652344,,,,,,,,,,646093,5376
1786074916,406367415,,,,,5,-1495.313720703125,1021.4446411132812,-775.4574584960938,0.11291506886482239,-0.14903514087200165,-0.2696266174316406,0.9446377754211426,1,646093,5376
1786074916,415270593,1,75.72846221923828,113.9207992553711,32.195499420166016,,,,,,,,,,646094,5376
1786074916,415270593,,,,,5,-1495.32421875,1021.4053955078125,-775.46826171875,0.11288110166788101,-0.1489536166191101,-0.26935961842536926,0.9447306990623474,1,646094,5376
1786074916,423515117,1,76.01980590820312,113.96556091308594,32.67058181762695,,,,,,,,,,646095,5376
1786074916,423515117,,,,,5,-1495.3116455078125,1021.41162109375,-775.492431640625,0.11294545978307724,-0.14890503883361816,-0.26933738589286804,0.9447371363639832,1,646095,5376
1786074916,431090682,1,76.32238006591797,113.18521881103516,33.13591766357422,,,,,,,,,,646096,5376
1786074916,431090682,,,,,5,-1495.3343505859375,1021.4066772460938,-775.5016479492188,0.11277445405721664,-0.14905193448066711,-0.2696308195590973,0.9446506500244141,1,646096,5376
1786074916,439995076,1,76.4218978881836,114.07391357421875,32.59755325317383,,,,,,,,,,646097,5376
1786074916,439995076,,,,,5,-1495.3338623046875,1021.4237670898438,-775.4923095703125,0.11285585910081863,-0.14876137673854828,-0.2698119580745697,0.9446347951889038,1,646097,5376
1786074916,448047697,1,76.56070709228516,114.29776000976562,32.97600173950195,,,,,,,,,,646098,5376
1786074916,448047697,,,,,5,-1495.322021484375,1021.4054565429688,-775.5033569335938,0.1122044026851654,-0.1490645855665207,-0.2686042785644531,0.9450088739395142,1,646098,5376
1786074916,456961819,1,76.04114532470703,114.11190032958984,32.76436996459961,,,,,,,,,,646099,5377
1786074916,456961819,,,,,5,-1495.2901611328125,1021.4156494140625,-775.4928588867188,0.11292893439531326,-0.14893607795238495,-0.2701316177845001,0.944507360458374,1,646099,5377
1786074916,464987239,1,75.83564758300781,113.97819519042969,32.25374221801758,,,,,,,,,,646100,5377
1786074916,464987239,,,,,5,-1495.303955078125,1021.4578247070312,-775.5174560546875,0.1124117374420166,-0.1489802598953247,-0.2682461738586426,0.9450992345809937,1,646100,5377
1786074916,473200115,1,75.78620910644531,113.96066284179688,32.268428802490234,,,,,,,,,,646101,5377
1786074916,473200115,,,,,5,-1495.3251953125,1021.4255981445312,-775.476806640625,0.11301713436841965,-0.14903303980827332,-0.2695356607437134,0.9446516633033752,1,646101,5377
1786074916,482134525,1,75.7827377319336,113.97428894042969,32.30870819091797,,,,,,,,,,646102,5377
1786074916,482134525,,,,,5,-1495.3209228515625,1021.44482421875,-775.4435424804688,0.11310666799545288,-0.14883920550346375,-0.2699667513370514,0.944548487663269,1,646102,5377
1786074916,490060937,1,76.10029602050781,113.94792938232422,32.7410774230957,,,,,,,,,,646103,5377
1786074916,490060937,,,,,5,-1495.2908935546875,1021.4107666015625,-775.4425659179688,0.11292261630296707,-0.14882731437683105,-0.26997795701026917,0.9445691108703613,1,646103,5377
1786074916,498038997,1,75.71369934082031,113.95884704589844,32.199623107910156,,,,,,,,,,646104,5377
1786074916,498038997,,,,,5,-1495.3416748046875,1021.4022827148438,-775.4385986328125,0.11282598972320557,-0.14914949238300323,-0.270006388425827,0.9445218443870544,1,646104,5377
1786074916,507318943,1,76.67863464355469,114.06182098388672,32.58070373535156,,,,,,,,,,646105,5377
