timestamp_sec,timestamp_nanosec,marker_id,x,y,z,rigid_id,rx,ry,rz,qx,qy,qz,qw,is_track,source_frame_id,source_timestamp
1786071832,350136428,1,-203.3248291015625,105.4435043334961,-758.3776245117188,,,,,,,,,,275969,2292
1786071832,350136428,,,,,5,-1495.6322021484375,1021.8689575195312,-775.7510375976562,0.1107170432806015,-0.15055036544799805,-0.2671847343444824,0.9453511238098145,1,275969,2292
1786071832,358022577,1,-202.83352661132812,105.92282104492188,-758.2186279296875,,,,,,,,,,275970,2292
1786071832,358022577,,,,,5,-1495.6566162109375,1021.8984375,-775.7716064453125,0.11053679138422012,-0.1506020724773407,-0.26671501994132996,0.9454964995384216,1,275970,2292
1786071832,365927162,1,-203.13656616210938,106.1434555053711,-758.60888671875,,,,,,,,,,275971,2292
1786071832,365927162,,,,,5,-1495.6273193359375,1021.8622436523438,-775.7587890625,0.11063005030155182,-0.15085922181606293,-0.26666921377182007,0.9454575777053833,1,275971,2292
1786071832,375069930,1,-203.47389221191406,105.94804382324219,-758.4974365234375,,,,,,,,,,275972,2292
1786071832,375069930,,,,,5,-1495.771728515625,1021.8984375,-775.7621459960938,0.11123266816139221,-0.14999505877494812,-0.2678937613964081,0.945178210735321,1,275972,2292
1786071832,382932939,1,-203.30650329589844,105.51545715332031,-758.3624877929688,,,,,,,,,,275973,2292
1786071832,382932939,,,,,5,-1495.6102294921875,1021.8638916015625,-775.8070678710938,0.1107172816991806,-0.15064264833927155,-0.2670896053314209,0.9453632831573486,1,275973,2292
1786071832,390933925,1,-203.1112060546875,105.5444107055664,-758.162353515625,,,,,,,,,,275974,2292
1786071832,390933925,,,,,5,-1495.58935546875,1021.9132080078125,-775.7869873046875,0.11049430072307587,-0.15052530169487,-0.2666783928871155,0.9455240368843079,1,275974,2292
1786071832,399941884,1,-203.18238830566406,105.388916015625,-758.302734375,,,,,,,,,,275975,2292
1786071832,399941884,,,,,5,-1495.6551513671875,1021.8484497070312,-775.7438354492188,0.11075472831726074,-0.1507127285003662,-0.2677202522754669,0.9451692700386047,1,275975,2292
1786071832,407906864,1,-203.20172119140625,105.39118194580078,-758.2783813476562,,,,,,,,,,275976,2292
1786071832,407906864,,,,,5,-1495.629150390625,1021.8102416992188,-775.7891845703125,0.11094870418310165,-0.15047210454940796,-0.2670103907585144,0.945385754108429,1,275976,2292
1786071832,416084268,1,-203.14395141601562,105.39496612548828,-758.2908935546875,,,,,,,,,,275977,2292
1786071832,416084268,,,,,5,-1495.6519775390625,1021.8792114257812,-775.75732421875,0.1106046736240387,-0.15075160562992096,-0.2665514051914215,0.945510983467102,1,275977,2292
1786071832,424905088,1,-203.35147094726562,105.44405364990234,-758.3873291015625,,,,,,,,,,275978,2292
1786071832,424905088,,,,,5,-1495.632568359375,1021.8817749023438,-775.7394409179688,0.11078140884637833,-0.15097688138484955,-0.2667630612850189,0.9453946948051453,1,275978,2292
1786071832,432975719,1,-203.2174072265625,105.60238647460938,-758.2874755859375,,,,,,,,,,275979,2292
1786071832,432975719,,,,,5,-1495.656005859375,1021.8697509765625,-775.7700805664062,0.11075622588396072,-0.1506587713956833,-0.26702719926834106,0.9453737139701843,1,275979,2292
1786071832,441918834,1,-203.1290283203125,105.39207458496094,-758.3233642578125,,,,,,,,,,275980,2293
1786071832,441918834,,,,,5,-1495.662109375,1021.8800048828125,-775.75341796875,0.11077965050935745,-0.1507742702960968,-0.267111599445343,0.9453287124633789,1,275980,2293
1786071832,449797526,1,-203.33154296875,105.5452880859375,-758.3392944335938,,,,,,,,,,275981,2293
1786071832,449797526,,,,,5,-1495.6859130859375,1021.8685913085938,-775.7839965820312,0.1107649877667427,-0.15070977807044983,-0.2669059932231903,0.9453988075256348,1,275981,2293
1786071832,457636370,1,-203.5714111328125,106.22142791748047,-758.5750732421875,,,,,,,,,,275982,2293
1786071832,457636370,,,,,5,-1495.6402587890625,1021.81591796875,-775.7879638671875,0.11075908690690994,-0.15058843791484833,-0.2665036916732788,0.9455323815345764,1,275982,2293
1786071832,466695123,1,-203.33937072753906,105.48806762695312,-758.36279296875,,,,,,,,,,275983,2293
1786071832,466695123,,,,,5,-1495.6529541015625,1021.8684692382812,-775.7673950195312,0.11097025871276855,-0.15064211189746857,-0.26774361729621887,0.9451486468315125,1,275983,2293
1786071832,474643811,1,-203.02052307128906,105.5988540649414,-758.2265625,,,,,,,,,,275984,2293
1786071832,474643811,,,,,5,-1495.6798095703125,1021.8705444335938,-775.7431030273438,0.11076813191175461,-0.15053604543209076,-0.26743975281715393,0.9452752470970154,1,275984,2293
1786071832,482941781,1,-203.32957458496094,105.51122283935547,-758.3440551757812,,,,,,,,,,275985,2293
1786071832,482941781,,,,,5,-1495.6497802734375,1021.8878784179688,-775.7561645507812,0.11066276580095291,-0.15096983313560486,-0.26692092418670654,0.9453650712966919,1,275985,2293
1786071832,491677113,1,-202.83811950683594,105.88419342041016,-758.2257080078125,,,,,,,,,,275986,2293
1786071832,491677113,,,,,5,-1495.633544921875,1021.8564453125,-775.7655639648438,0.11079134792089462,-0.15092696249485016,-0.26661697030067444,0.9454426169395447,1,275986,2293
1786071832,499734943,1,-203.37181091308594,105.47857666015625,-758.409912109375,,,,,,,,,,275987,2293
1786071832,499734943,,,,,5,-1495.6717529296875,1021.8634643554688,-775.7521362304688,0.11080989241600037,-0.15070664882659912,-0.2674088478088379,0.9452518820762634,1,275987,2293
1786071832,507562553,1,-203.0189666748047,105.61707305908203,-758.161376953125,,,,,,,,,,275988,2293
1786071832,507562553,,,,,5,-1495.669677734375,1021.8699340820312,-775.7623291015625,0.11063829064369202,-0.15078724920749664,-0.26689818501472473,0.9454036355018616,1,275988,2293
1786071832,516632475,1,-203.34689331054688,105.48322296142578,-758.3668823242188,,,,,,,,,,275989,2293
1786071832,516632475,,,,,5,-1495.7821044921875,1021.9104614257812,-775.6940307617188,0.11145829409360886,-0.1500122845172882,-0.2682121992111206,0.9450585246086121,1,275989,2293
1786071832,524516000,1,-203.21780395507812,105.32916259765625,-758.3316650390625,,,,,,,,,,275990,2293
1786071832,524516000,,,,,5,-1495.787353515625,1021.9482421875,-775.7395629882812,0.11117556691169739,-0.14987532794475555,-0.26718786358833313,0.9454036355018616,1,275990,2293
1786071832,532445613,1,-203.1818084716797,105.18553924560547,-758.4773559570312,,,,,,,,,,275991,2293
1786071832,532445613,,,,,5,-1495.6572265625,1021.8825073242188,-775.7749633789062,0.11082983762025833,-0.150682270526886,-0.26666274666786194,0.9454641938209534,1,275991,2293
1786071832,541425823,1,-203.40211486816406,105.39627838134766,-758.4273071289062,,,,,,,,,,275992,2293
1786071832,541425823,,,,,5,-1495.6595458984375,1021.8546752929688,-775.7521362304688,0.11063416302204132,-0.15088842809200287,-0.2667634189128876,0.9454258680343628,1,275992,2293
1786071832,549829221,1,-203.36178588867188,105.44998168945312,-758.3578491210938,,,,,,,,,,275993,2293
1786071832,549829221,,,,,5,-1495.6463623046875,1021.8629150390625,-775.7520141601562,0.11087391525506973,-0.15089218318462372,-0.26720696687698364,0.945271909236908,1,275993,2293
1786071832,558506718,1,-203.27371215820312,105.1327896118164,-758.4612426757812,,,,,,,,,,275994,2293
1786071832,558506718,,,,,5,-1495.686279296875,1021.8692626953125,-775.7493896484375,0.11062479764223099,-0.15086500346660614,-0.2669459283351898,0.9453792572021484,1,275994,2293
1786071832,566476787,1,-204.16082763671875,104.48357391357422,-758.5654296875,,,,,,,,,,275995,2293
1786071832,566476787,,,,,5,-1495.643798828125,1021.8679809570312,-775.7665405273438,0.11055683344602585,-0.15083876252174377,-0.26635846495628357,0.9455569982528687,1,275995,2293
1786071832,574385180,1,-203.18374633789062,105.67003631591797,-758.2846069335938,,,,,,,,,,275996,2293
1786071832,574385180,,,,,5,-1495.6365966796875,1021.849609375,-775.7391967773438,0.11078924685716629,-0.15061932802200317,-0.267179012298584,0.9453333616256714,1,275996,2293
1786071832,583369166,1,-203.38323974609375,105.48941802978516,-758.4115600585938,,,,,,,,,,275997,2293
1786071832,583369166,,,,,5,-1495.6568603515625,1021.8687744140625,-775.7457885742188,0.110838383436203,-0.15071207284927368,-0.2672329545021057,0.9452975392341614,1,275997,2293
1786071832,591461850,1,-203.43357849121094,105.41191101074219,-758.4337768554688,,,,,,,,,,275998,2293
1786071832,591461850,,,,,5,-1495.6815185546875,1021.8593139648438,-775.75927734375,0.11076594144105911,-0.15068456530570984,-0.2669026255607605,0.9454036355018616,1,275998,2293
1786071832,599370467,1,-203.0636444091797,105.5448989868164,-758.172607421875,,,,,,,,,,275999,2293
1786071832,599370467,,,,,5,-1495.658935546875,1021.8721923828125,-775.7513427734375,0.11083915084600449,-0.15062081813812256,-0.26683369278907776,0.9454246759414673,1,275999,2293
1786071832,608272647,1,-203.3535614013672,105.4839859008789,-758.4147338867188,,,,,,,,,,276000,2293
1786071832,608272647,,,,,5,-1495.6519775390625,1021.8712158203125,-775.74072265625,0.11063791066408157,-0.15084309875965118,-0.26665613055229187,0.9454629421234131,1,276000,2293
1786071832,616870257,1,-203.3814697265625,105.46002960205078,-758.4393310546875,,,,,,,,,,276001,2293
1786071832,616870257,,,,,5,-1495.651611328125,1021.86328125,-775.7311401367188,0.11103323101997375,-0.15073415637016296,-0.26734045147895813,0.9452405571937561,1,276001,2293
1786071832,624432601,1,-203.4813232421875,105.90892028808594,-758.5230102539062,,,,,,,,,,276002,2293
1786071832,624432601,,,,,5,-1495.667724609375,1021.8759155273438,-775.7636108398438,0.11096062511205673,-0.15061096847057343,-0.2671121060848236,0.9453334808349609,1,276002,2293
1786071832,633212389,1,-203.03672790527344,105.44331359863281,-758.2525634765625,,,,,,,,,,276003,2293
1786071832,633212389,,,,,5,-1495.6676025390625,1021.83447265625,-775.7736206054688,0.11080006510019302,-0.15042220056056976,-0.2668859362602234,0.945446252822876,1,276003,2293
1786071832,641125615,1,-203.32965087890625,105.50749969482422,-758.3955688476562,,,,,,,,,,276004,2293
1786071832,641125615,,,,,5,-1495.64697265625,1021.8226928710938,-775.7973022460938,0.11058052629232407,-0.15066790580749512,-0.26645204424858093,0.9455551505088806,1,276004,2293
1786071832,649351540,1,-203.14276123046875,105.3859634399414,-758.2236938476562,,,,,,,,,,276005,2293
1786071832,649351540,,,,,5,-1495.6719970703125,1021.8345947265625,-775.71923828125,0.11090033501386642,-0.15076495707035065,-0.2676659822463989,0.9451593160629272,1,276005,2293
1786071832,658320740,1,-203.36338806152344,105.50809478759766,-758.4300537109375,,,,,,,,,,276006,2293
1786071832,658320740,,,,,5,-1495.651611328125,1021.8339233398438,-775.722412109375,0.11060140281915665,-0.15094073116779327,-0.26699772477149963,0.945355236530304,1,276006,2293
1786071832,666107830,1,-203.0675506591797,105.00083923339844,-758.466552734375,,,,,,,,,,276007,2293
1786071832,666107830,,,,,5,-1495.661376953125,1021.8185424804688,-775.7144775390625,0.11054279655218124,-0.1508275419473648,-0.26680734753608704,0.9454339146614075,1,276007,2293
1786071832,674621297,1,-203.03538513183594,104.99288177490234,-758.4351196289062,,,,,,,,,,276008,2293
1786071832,674621297,,,,,5,-1495.677001953125,1021.8477783203125,-775.7445068359375,0.11059180647134781,-0.15077950060367584,-0.26703161001205444,0.9453724026679993,1,276008,2293
1786071832,683068447,1,-203.2549591064453,105.24920654296875,-758.5555419921875,,,,,,,,,,276009,2293
1786071832,683068447,,,,,5,-1495.652099609375,1021.8427124023438,-775.7474975585938,0.11058716475963593,-0.15090902149677277,-0.26658928394317627,0.9454771280288696,1,276009,2293
1786071832,691214645,1,-203.19253540039062,105.31704711914062,-758.2691040039062,,,,,,,,,,276010,2293
1786071832,691214645,,,,,5,-1495.7926025390625,1021.9200439453125,-775.714599609375,0.11146374046802521,-0.15011686086654663,-0.2685433328151703,0.9449473023414612,1,276010,2293
1786071832,700294393,1,-203.38548278808594,105.47771453857422,-758.3374633789062,,,,,,,,,,276011,2293
1786071832,700294393,,,,,5,-1495.67822265625,1021.8555908203125,-775.7736206054688,0.11063867807388306,-0.15068048238754272,-0.2665315270423889,0.9455239772796631,1,276011,2293
1786071832,708010270,1,-203.23590087890625,105.12425231933594,-758.4920654296875,,,,,,,,,,276012,2293
1786071832,708010270,,,,,5,-1495.648193359375,1021.86083984375,-775.7467651367188,0.11071489006280899,-0.15068715810775757,-0.2672422230243683,0.9453132152557373,1,276012,2293
1786071832,715921416,1,-203.18455505371094,105.37981414794922,-758.27001953125,,,,,,,,,,276013,2293
1786071832,715921416,,,,,5,-1495.6318359375,1021.8598022460938,-775.7631225585938,0.11068420112133026,-0.15073929727077484,-0.26690974831581116,0.9454025626182556,1,276013,2293
1786071832,725053014,1,-203.35630798339844,105.4939956665039,-758.402099609375,,,,,,,,,,276014,2293
1786071832,725053014,,,,,5,-1495.64306640625,1021.8361206054688,-775.7836303710938,0.11074282974004745,-0.1507217437028885,-0.2667369544506073,0.9454470276832581,1,276014,2293
1786071832,732849610,1,-203.43997192382812,105.62828826904297,-758.7686767578125,,,,,,,,,,276015,2293
1786071832,732849610,,,,,5,-1495.6746826171875,1021.8649291992188,-775.7854614257812,0.11089138686656952,-0.15047398209571838,-0.2671496272087097,0.9453527331352234,1,276015,2293
1786071832,740964282,1,-203.23239135742188,105.46357727050781,-758.3359985351562,,,,,,,,,,276016,2293
1786071832,740964282,,,,,5,-1495.6512451171875,1021.8637084960938,-775.7774658203125,0.11074165999889374,-0.15057875216007233,-0.26693394780158997,0.9454146027565002,1,276016,2293
1786071832,749891874,1,-203.20339965820312,105.5455551147461,-758.6520385742188,,,,,,,,,,276017,2293
1786071832,749891874,,,,,5,-1495.6529541015625,1021.90576171875,-775.7963256835938,0.11020583659410477,-0.15080626308918,-0.2660714387893677,0.945684015750885,1,276017,2293
1786071832,757792458,1,-203.1685791015625,105.33919525146484,-758.29296875,,,,,,,,,,276018,2293
1786071832,757792458,,,,,5,-1495.650146484375,1021.8490600585938,-775.759033203125,0.11116773635149002,-0.15062102675437927,-0.2676115930080414,0.9451661705970764,1,276018,2293
1786071832,765878900,1,-203.17823791503906,105.73482513427734,-758.4137573242188,,,,,,,,,,276019,2293
1786071832,765878900,,,,,5,-1495.5748291015625,1021.8466796875,-775.843505859375,0.11072444915771484,-0.1505526304244995,-0.26664435863494873,0.9455024003982544,1,276019,2293
1786071832,774793466,1,-203.2122039794922,105.34129333496094,-758.3230590820312,,,,,,,,,,276020,2293
1786071832,774793466,,,,,5,-1495.6392822265625,1021.9002075195312,-775.7933959960938,0.11068597435951233,-0.15056249499320984,-0.2669801712036133,0.9454105496406555,1,276020,2293
1786071832,782836956,1,-203.16778564453125,105.37260437011719,-758.2655639648438,,,,,,,,,,276021,2293
1786071832,782836956,,,,,5,-1495.6251220703125,1021.8521728515625,-775.8010864257812,0.11071977764368057,-0.15050432085990906,-0.26661017537117004,0.9455202221870422,1,276021,2293
1786071832,791749218,1,-202.70916748046875,106.58277130126953,-758.603271484375,,,,,,,,,,276022,2293
1786071832,791749218,,,,,5,-1495.6419677734375,1021.9137573242188,-775.8466796875,0.11022816598415375,-0.1505715698003769,-0.265688419342041,0.945826530456543,1,276022,2293
1786071832,799834028,1,-203.4049530029297,105.44495391845703,-758.3758544921875,,,,,,,,,,276023,2293
1786071832,799834028,,,,,5,-1495.62109375,1021.88916015625,-775.7606811523438,0.11053331941366196,-0.15079276263713837,-0.26672059297561646,0.9454650282859802,1,276023,2293
1786071832,807606492,1,-203.18899536132812,105.33301544189453,-758.2521362304688,,,,,,,,,,276024,2293
1786071832,807606492,,,,,5,-1495.6419677734375,1021.8662109375,-775.7675170898438,0.11044913530349731,-0.1507643610239029,-0.2667677104473114,0.945466160774231,1,276024,2293
1786071832,816748684,1,-203.1731719970703,105.39996337890625,-758.3197021484375,,,,,,,,,,276025,2293
1786071832,816748684,,,,,5,-1495.6229248046875,1021.8541870117188,-775.7813110351562,0.11076555401086807,-0.1508292406797409,-0.26643621921539307,0.9455121159553528,1,276025,2293
1786071832,824760264,1,-203.1448974609375,105.3452377319336,-758.3275146484375,,,,,,,,,,276026,2293
1786071832,824760264,,,,,5,-1495.628173828125,1021.8871459960938,-775.7818603515625,0.11040209978818893,-0.15067943930625916,-0.26619890332221985,0.9456454515457153,1,276026,2293
1786071832,832660432,1,-203.20213317871094,105.3082275390625,-758.2787475585938,,,,,,,,,,276027,2293
1786071832,832660432,,,,,5,-1495.6353759765625,1021.8760986328125,-775.8031616210938,0.11081442981958389,-0.15034328401088715,-0.266932874917984,0.9454436898231506,1,276027,2293
1786071832,841607868,1,-203.33140563964844,105.48783111572266,-758.366943359375,,,,,,,,,,276028,2293
1786071832,841607868,,,,,5,-1495.64111328125,1021.8966674804688,-775.7899780273438,0.11095546931028366,-0.15043412148952484,-0.2673816978931427,0.9452860355377197,1,276028,2293
1786071832,849670658,1,-203.359130859375,105.44304656982422,-758.3186645507812,,,,,,,,,,276029,2293
1786071832,849670658,,,,,5,-1495.66796875,1021.912109375,-775.7804565429688,0.11087001860141754,-0.15030811727046967,-0.2675498127937317,0.945268452167511,1,276029,2293
1786071832,857532642,1,-203.0448760986328,105.01087188720703,-758.48388671875,,,,,,,,,,276030,2293
1786071832,857532642,,,,,5,-1495.7523193359375,1021.9641723632812,-775.7298583984375,0.11145804077386856,-0.14966526627540588,-0.26804521679878235,0.9451610445976257,1,276030,2293
1786071832,866481838,1,-203.42471313476562,105.94108581542969,-758.55224609375,,,,,,,,,,276031,2293
1786071832,866481838,,,,,5,-1495.6483154296875,1021.8699340820312,-775.7455444335938,0.11061884462833405,-0.15070012211799622,-0.2669704854488373,0.9453993439674377,1,276031,2293
1786071832,874512366,1,-203.23382568359375,105.23147583007812,-758.5802612304688,,,,,,,,,,276032,2293
1786071832,874512366,,,,,5,-1495.6025390625,1021.8565673828125,-775.7203979492188,0.11058259755373001,-0.1508885771036148,-0.2673918902873993,0.945254385471344,1,276032,2293
1786071832,882507048,1,-203.1956787109375,105.5,-758.318603515625,,,,,,,,,,276033,2293
1786071832,882507048,,,,,5,-1495.5970458984375,1021.8052978515625,-775.7767944335938,0.11056312173604965,-0.15084406733512878,-0.267101913690567,0.9453456997871399,1,276033,2293
1786071832,891499356,1,-203.3474578857422,105.51411437988281,-758.3379516601562,,,,,,,,,,276034,2293
1786071832,891499356,,,,,5,-1495.779541015625,1021.9371948242188,-775.7447509765625,0.11129395663738251,-0.14964939653873444,-0.26816120743751526,0.9451498985290527,1,276034,2293
1786071832,899462447,1,-203.3312225341797,105.44853210449219,-758.3379516601562,,,,,,,,,,276035,2293
1786071832,899462447,,,,,5,-1495.630126953125,1021.8736572265625,-775.7750854492188,0.11069857329130173,-0.15076717734336853,-0.26660698652267456,0.9454817771911621,1,276035,2293
1786071832,908429759,1,-203.21714782714844,105.32577514648438,-758.302001953125,,,,,,,,,,276036,2293
1786071832,908429759,,,,,5,-1495.615478515625,1021.8795166015625,-775.7848510742188,0.11083536595106125,-0.15069466829299927,-0.26653724908828735,0.9454969763755798,1,276036,2293
1786071832,916393042,1,-203.1977996826172,105.33900451660156,-758.302978515625,,,,,,,,,,276037,2293
1786071832,916393042,,,,,5,-1495.6551513671875,1021.8954467773438,-775.7904052734375,0.11051579564809799,-0.15070372819900513,-0.2664729356765747,0.9455510973930359,1,276037,2293
1786071832,924637978,1,-203.614013671875,105.92652893066406,-758.6315307617188,,,,,,,,,,276038,2293
1786071832,924637978,,,,,5,-1495.6285400390625,1021.8939819335938,-775.7900390625,0.11089345067739487,-0.1506950706243515,-0.2666870951652527,0.9454478621482849,1,276038,2293
1786071832,932390822,1,-203.08290100097656,105.96984100341797,-758.5879516601562,,,,,,,,,,276039,2293
1786071832,932390822,,,,,5,-1495.6361083984375,1021.865234375,-775.7806396484375,0.11068239063024521,-0.1505407691001892,-0.2662534713745117,0.9456194043159485,1,276039,2293
1786071832,941409855,1,-203.37904357910156,105.45382690429688,-758.348388671875,,,,,,,,,,276040,2293
1786071832,941409855,,,,,5,-1495.607666015625,1021.8820190429688,-775.7738647460938,0.1107601523399353,-0.15076281130313873,-0.26618313789367676,0.9455947279930115,1,276040,2293
1786071832,949344974,1,-203.20025634765625,105.3573226928711,-758.2760009765625,,,,,,,,,,276041,2293
1786071832,949344974,,,,,5,-1495.6278076171875,1021.8796997070312,-775.7872314453125,0.11097715049982071,-0.15043236315250397,-0.267765611410141,0.9451749920845032,1,276041,2293
1786071832,958168386,1,-203.1734619140625,105.40869140625,-758.3060913085938,,,,,,,,,,276042,2293
1786071832,958168386,,,,,5,-1495.62939453125,1021.8733520507812,-775.7774658203125,0.11061177402734756,-0.1507575958967209,-0.2667600214481354,0.9454502463340759,1,276042,2293
1786071832,966376419,1,-203.18798828125,105.38328552246094,-758.3156127929688,,,,,,,,,,276043,2293
1786071832,966376419,,,,,5,-1495.6463623046875,1021.8710327148438,-775.8207397460938,0.11060644686222076,-0.15051035583019257,-0.26629170775413513,0.9456223249435425,1,276043,2293
1786071832,974158133,1,-203.4358367919922,105.91419219970703,-758.540283203125,,,,,,,,,,276044,2293
1786071832,974158133,,,,,5,-1495.700927734375,1021.8938598632812,-775.755126953125,0.111536905169487,-0.15000873804092407,-0.26791173219680786,0.9451350569725037,1,276044,2293
1786071832,983224055,1,-203.3345184326172,105.4984130859375,-758.4467163085938,,,,,,,,,,276045,2293
1786071832,983224055,,,,,5,-1495.6021728515625,1021.8479614257812,-775.7900390625,0.11058782041072845,-0.15058130025863647,-0.26743897795677185,0.9452893137931824,1,276045,2293
1786071832,991423478,1,-203.31875610351562,105.46060943603516,-758.3919677734375,,,,,,,,,,276046,2293
1786071832,991423478,,,,,5,-1495.59619140625,1021.8646850585938,-775.8178100585938,0.11066056787967682,-0.15070857107639313,-0.26715195178985596,0.9453417658805847,1,276046,2293
1786071832,999168385,1,-203.248291015625,105.3057632446289,-758.3142700195312,,,,,,,,,,276047,2293
1786071832,999168385,,,,,5,-1495.597900390625,1021.8934936523438,-775.81982421875,0.11048141121864319,-0.15049885213375092,-0.26654940843582153,0.9455661773681641,1,276047,2293
1786071833,8160917,1,-203.04994201660156,105.0553970336914,-758.5968017578125,,,,,,,,,,276048,2293
1786071833,8160917,,,,,5,-1495.6656494140625,1021.8743286132812,-775.75537109375,0.11083818972110748,-0.1506294161081314,-0.26668915152549744,0.9454641342163086,1,276048,2293
1786071833,16180211,1,-203.35943603515625,105.48004913330078,-758.3983154296875,,,,,,,,,,276049,2293
1786071833,16180211,,,,,5,-1495.6546630859375,1021.8471069335938,-775.7448120117188,0.11081212013959885,-0.1505989283323288,-0.2672193944454193,0.9453224539756775,1,276049,2293
1786071833,25084535,1,-203.31643676757812,105.4891128540039,-758.392822265625,,,,,,,,,,276050,2293
1786071833,25084535,,,,,5,-1495.6409912109375,1021.8505859375,-775.7680053710938,0.11070539802312851,-0.15081843733787537,-0.26640427112579346,0.9455299377441406,1,276050,2293
1786071833,33044009,1,-203.31454467773438,105.5091323852539,-758.3720092773438,,,,,,,,,,276051,2293
1786071833,33044009,,,,,5,-1495.7425537109375,1021.8971557617188,-775.731689453125,0.11133956909179688,-0.14989684522151947,-0.26738664507865906,0.9453248381614685,1,276051,2293
1786071833,41098862,1,-202.967041015625,105.88697814941406,-758.3513793945312,,,,,,,,,,276052,2293
1786071833,41098862,,,,,5,-1495.6507568359375,1021.8407592773438,-775.7543334960938,0.11080639064311981,-0.15073217451572418,-0.2673623263835907,0.9452613592147827,1,276052,2293
1786071833,50035096,1,-202.74874877929688,105.98614501953125,-758.1981201171875,,,,,,,,,,276053,2293
1786071833,50035096,,,,,5,-1495.7659912109375,1021.9039306640625,-775.7059326171875,0.11116491258144379,-0.15002860128879547,-0.2677578330039978,0.9452192187309265,1,276053,2293
1786071833,58100542,1,-203.1165313720703,105.30179595947266,-758.4812622070312,,,,,,,,,,276054,2293
1786071833,58100542,,,,,5,-1495.66259765625,1021.8728637695312,-775.7704467773438,0.11090707033872604,-0.15060710906982422,-0.2665817439556122,0.9454900026321411,1,276054,2293
1786071833,65932537,1,-203.20237731933594,105.64387512207031,-758.2928466796875,,,,,,,,,,276055,2293
1786071833,65932537,,,,,5,-1495.7626953125,1021.9228515625,-775.7169189453125,0.11137653887271881,-0.1498125195503235,-0.2677493989467621,0.9452310800552368,1,276055,2293
1786071833,75089452,1,-203.3363037109375,105.47578430175781,-758.3638916015625,,,,,,,,,,276056,2293
1786071833,75089452,,,,,5,-1495.6473388671875,1021.8770751953125,-775.7542114257812,0.11079166829586029,-0.1506693810224533,-0.266806036233902,0.9454302787780762,1,276056,2293
1786071833,82909349,1,-203.3405303955078,105.57405853271484,-758.476318359375,,,,,,,,,,276057,2293
1786071833,82909349,,,,,5,-1495.6470947265625,1021.85107421875,-775.7560424804688,0.11068946123123169,-0.15068039298057556,-0.2673400044441223,0.9452897906303406,1,276057,2293
1786071833,90966442,1,-203.365966796875,105.47093963623047,-758.4339599609375,,,,,,,,,,276058,2293
1786071833,90966442,,,,,5,-1495.6429443359375,1021.8480834960938,-775.7413940429688,0.11068344861268997,-0.15083853900432587,-0.26670828461647034,0.9454436302185059,1,276058,2293
1786071833,99802465,1,-203.09661865234375,106.0315933227539,-758.499755859375,,,,,,,,,,276059,2293
1786071833,99802465,,,,,5,-1495.615478515625,1021.8263549804688,-775.78125,0.11091495305299759,-0.15060056746006012,-0.2666431665420532,0.945472776889801,1,276059,2293
1786071833,107980732,1,-203.01077270507812,105.90117645263672,-758.4262084960938,,,,,,,,,,276060,2293
1786071833,107980732,,,,,5,-1495.6495361328125,1021.8762817382812,-775.7178955078125,0.11082260310649872,-0.15080207586288452,-0.26706239581108093,0.9453331232070923,1,276060,2293
1786071833,115829466,1,-203.19308471679688,105.65171813964844,-758.3416137695312,,,,,,,,,,276061,2293
1786071833,115829466,,,,,5,-1495.7664794921875,1021.9143676757812,-775.7164306640625,0.11116504669189453,-0.15005719661712646,-0.26733651757240295,0.9453341364860535,1,276061,2293
1786071833,124967114,1,-203.1812744140625,105.3752212524414,-758.2865600585938,,,,,,,,,,276062,2293
1786071833,124967114,,,,,5,-1495.6427001953125,1021.8632202148438,-775.741455078125,0.1109076589345932,-0.15054304897785187,-0.26720017194747925,0.945325493812561,1,276062,2293
1786071833,132747739,1,-203.36114501953125,105.42084503173828,-758.3475341796875,,,,,,,,,,276063,2293
1786071833,132747739,,,,,5,-1495.6761474609375,1021.8765869140625,-775.7682495117188,0.1108521893620491,-0.15035192668437958,-0.26731041073799133,0.945331335067749,1,276063,2293
1786071833,141837121,1,-203.31597900390625,105.52239990234375,-758.3306884765625,,,,,,,,,,276064,2293
1786071833,141837121,,,,,5,-1495.65673828125,1021.873046875,-775.7771606445312,0.11090493202209473,-0.15062057971954346,-0.2668839395046234,0.9454029202461243,1,276064,2293
1786071833,149603376,1,-203.3035430908203,105.49295043945312,-758.3303833007812,,,,,,,,,,276065,2293
1786071833,149603376,,,,,5,-1495.6474609375,1021.8850708007812,-775.7600708007812,0.11081297695636749,-0.1505783349275589,-0.26698824763298035,0.9453908801078796,1,276065,2293
1786071833,157706333,1,-203.3458709716797,105.40369415283203,-758.3892822265625,,,,,,,,,,276066,2293
1786071833,157706333,,,,,5,-1495.6412353515625,1021.8428955078125,-775.7345581054688,0.11089330911636353,-0.150643453001976,-0.2674768567085266,0.9452329874038696,1,276066,2293
1786071833,166607040,1,-203.25973510742188,105.10029602050781,-758.5257568359375,,,,,,,,,,276067,2293
1786071833,166607040,,,,,5,-1495.6644287109375,1021.8527221679688,-775.741455078125,0.11068335920572281,-0.15083302557468414,-0.266887903213501,0.9453938007354736,1,276067,2293
1786071833,174721008,1,-203.22779846191406,105.33631896972656,-758.2460327148438,,,,,,,,,,276068,2293
1786071833,174721008,,,,,5,-1495.627685546875,1021.8643798828125,-775.76708984375,0.11070732027292252,-0.15089188516139984,-0.2669670879840851,0.9453593492507935,1,276068,2293
1786071833,182583537,1,-203.17739868164062,105.38298034667969,-758.2286987304688,,,,,,,,,,276069,2293
1786071833,182583537,,,,,5,-1495.655029296875,1021.8331298828125,-775.7736206054688,0.11085787415504456,-0.15074622631072998,-0.2669923007488251,0.9453577995300293,1,276069,2293
1786071833,191688634,1,-203.25601196289062,105.55435943603516,-758.2391357421875,,,,,,,,,,276070,2293
1786071833,191688634,,,,,5,-1495.6419677734375,1021.8856811523438,-775.77099609375,0.11091890186071396,-0.15080538392066956,-0.2665211856365204,0.9454740881919861,1,276070,2293
1786071833,199558236,1,-203.31288146972656,105.49140167236328,-758.3902587890625,,,,,,,,,,276071,2293
1786071833,199558236,,,,,5,-1495.615234375,1021.8671875,-775.8076782226562,0.11048021167516708,-0.15075886249542236,-0.265890508890152,0.9457103610038757,1,276071,2293
1786071833,207021842,1,-204.10243225097656,104.35723876953125,-758.7369384765625,,,,,,,,,,276072,2293
1786071833,207021842,,,,,5,-1495.5692138671875,1021.8836059570312,-775.8639526367188,0.11089378595352173,-0.15093711018562317,-0.26734551787376404,0.9452232718467712,1,276072,2293
1786071833,216426195,1,-203.39697265625,105.42547607421875,-758.3946533203125,,,,,,,,,,276073,2293
1786071833,216426195,,,,,5,-1495.5164794921875,1021.8757934570312,-775.9667358398438,0.11087112128734589,-0.1511581838130951,-0.2669966518878937,0.9452892541885376,1,276073,2293
1786071833,224506236,1,-203.40057373046875,105.58685302734375,-758.3825073242188,,,,,,,,,,276074,2293
1786071833,224506236,,,,,5,-1495.623046875,1021.8135986328125,-775.8027954101562,0.1107456311583519,-0.150531604886055,-0.2667098641395569,0.9454848170280457,1,276074,2293
1786071833,233860276,1,-203.17919921875,105.2614517211914,-758.3204956054688,,,,,,,,,,276075,2293
1786071833,233860276,,,,,5,-1495.6610107421875,1021.8915405273438,-775.7825927734375,0.11081434786319733,-0.15041397511959076,-0.2668875455856323,0.9454454183578491,1,276075,2293
1786071833,241433502,1,-203.31695556640625,105.53829193115234,-758.3430786132812,,,,,,,,,,276076,2293
1786071833,241433502,,,,,5,-1495.656982421875,1021.8449096679688,-775.7276000976562,0.11073914915323257,-0.15080644190311432,-0.26657620072364807,0.9454796314239502,1,276076,2293
1786071833,249349001,1,-203.3143768310547,105.59237670898438,-758.4695434570312,,,,,,,,,,276077,2293
1786071833,249349001,,,,,5,-1495.624755859375,1021.8368530273438,-775.8096313476562,0.11094123125076294,-0.15047456324100494,-0.26645946502685547,0.945541501045227,1,276077,2293
1786071833,258396391,1,-203.53347778320312,104.739013671875,-758.1422729492188,,,,,,,,,,276078,2293
1786071833,258396391,,,,,5,-1495.6302490234375,1021.84912109375,-775.7885131835938,0.11111164093017578,-0.15063348412513733,-0.26677531003952026,0.9454071521759033,1,276078,2293
1786071833,266255239,1,-203.17132568359375,105.63500213623047,-758.3237915039062,,,,,,,,,,276079,2293
1786071833,266255239,,,,,5,-1495.6456298828125,1021.8595581054688,-775.768310546875,0.11065812408924103,-0.15040917694568634,-0.2669712007045746,0.9454407691955566,1,276079,2293
1786071833,274377401,1,-202.97235107421875,105.5963363647461,-758.1715698242188,,,,,,,,,,276080,2293
1786071833,274377401,,,,,5,-1495.6019287109375,1021.88818359375,-775.9419555664062,0.11095286160707474,-0.15061597526073456,-0.26581525802612305,0.9456989765167236,1,276080,2293
1786071833,283250614,1,-203.33058166503906,105.48429107666016,-758.3840942382812,,,,,,,,,,276081,2293
1786071833,283250614,,,,,5,-1495.688720703125,1021.8200073242188,-775.7786254882812,0.11055265367031097,-0.15041473507881165,-0.2666706442832947,0.9455370306968689,1,276081,2293
1786071833,291384138,1,-203.0433349609375,105.00870513916016,-758.4476318359375,,,,,,,,,,276082,2293
1786071833,291384138,,,,,5,-1495.6595458984375,1021.8261108398438,-775.7515869140625,0.11058284342288971,-0.15056021511554718,-0.2667522728443146,0.945487380027771,1,276082,2293
1786071833,299217029,1,-202.74453735351562,105.95694732666016,-758.2698364257812,,,,,,,,,,276083,2293
1786071833,299217029,,,,,5,-1495.6790771484375,1021.8322143554688,-775.775634765625,0.11046141386032104,-0.15038706362247467,-0.26685410737991333,0.9455004334449768,1,276083,2293
1786071833,308224668,1,-203.1762237548828,105.38299560546875,-758.2836303710938,,,,,,,,,,276084,2293
1786071833,308224668,,,,,5,-1495.6488037109375,1021.8292236328125,-775.7376708984375,0.11084374785423279,-0.1505689173936844,-0.2674608826637268,0.9452551603317261,1,276084,2293
1786071833,316081883,1,-203.17654418945312,105.36234283447266,-758.2849731445312,,,,,,,,,,276085,2293
1786071833,316081883,,,,,5,-1495.6595458984375,1021.8201293945312,-775.7457885742188,0.11052852123975754,-0.1506388783454895,-0.26717013120651245,0.9453632831573486,1,276085,2293
1786071833,325123225,1,-203.23220825195312,105.31571197509766,-758.3250732421875,,,,,,,,,,276086,2293
1786071833,325123225,,,,,5,-1495.683349609375,1021.8515625,-775.7664794921875,0.11051822453737259,-0.15044637024402618,-0.2674519121646881,0.9453153610229492,1,276086,2293
1786071833,333045668,1,-203.12371826171875,105.11773681640625,-758.4610595703125,,,,,,,,,,276087,2293
1786071833,333045668,,,,,5,-1495.6676025390625,1021.8497314453125,-775.7345581054688,0.11085524410009384,-0.1507202535867691,-0.26788556575775146,0.945109486579895,1,276087,2293
1786071833,341038173,1,-203.42356872558594,105.60011291503906,-758.328369140625,,,,,,,,,,276088,2293
1786071833,341038173,,,,,5,-1495.6527099609375,1021.8114624023438,-775.7950439453125,0.11086515337228775,-0.15047483146190643,-0.2671734094619751,0.9453489780426025,1,276088,2293
1786071833,350004365,1,-202.75460815429688,105.93749237060547,-758.2376098632812,,,,,,,,,,276089,2293
1786071833,350004365,,,,,5,-1495.6685791015625,1021.8450317382812,-775.7731323242188,0.11082806438207626,-0.1505596786737442,-0.26792940497398376,0.9451257586479187,1,276089,2293
1786071833,358267032,1,-203.43405151367188,105.85572052001953,-758.5531005859375,,,,,,,,,,276090,2293
1786071833,358267032,,,,,5,-1495.6806640625,1021.8244018554688,-775.7748413085938,0.11035573482513428,-0.15060846507549286,-0.26704588532447815,0.9454233050346375,1,276090,2293
1786071833,366024517,1,-203.21908569335938,105.44002532958984,-758.3129272460938,,,,,,,,,,276091,2293
1786071833,366024517,,,,,5,-1495.6619873046875,1021.85205078125,-775.7816162109375,0.11060747504234314,-0.1505831629037857,-0.26733481884002686,0.9453163146972656,1,276091,2293
1786071833,374977554,1,-203.32272338867188,105.46630096435547,-758.4048461914062,,,,,,,,,,276092,2293
1786071833,374977554,,,,,5,-1495.629150390625,1021.8309936523438,-775.7479858398438,0.11035183072090149,-0.15073250234127045,-0.2667594850063324,0.9454848766326904,1,276092,2293
1786071833,382916737,1,-203.32174682617188,105.50945281982422,-758.3904418945312,,,,,,,,,,276093,2293
1786071833,382916737,,,,,5,-1495.671630859375,1021.8412475585938,-775.763427734375,0.11066904664039612,-0.15037868916988373,-0.2679358720779419,0.9451714754104614,1,276093,2293
1786071833,390954242,1,-203.32467651367188,105.51470184326172,-758.3701171875,,,,,,,,,,276094,2293
1786071833,390954242,,,,,5,-1495.64892578125,1021.8494262695312,-775.7665405273438,0.11083255708217621,-0.15040552616119385,-0.26782557368278503,0.9451792240142822,1,276094,2293
1786071833,399818526,1,-203.24826049804688,105.52548217773438,-758.3017578125,,,,,,,,,,276095,2293
1786071833,399818526,,,,,5,-1495.670166015625,1021.8380737304688,-775.7680053710938,0.11062601208686829,-0.15049804747104645,-0.2674032747745514,0.945308268070221,1,276095,2293
1786071833,407834972,1,-203.21498107910156,105.38429260253906,-758.2810668945312,,,,,,,,,,276096,2293
1786071833,407834972,,,,,5,-1495.677978515625,1021.7907104492188,-775.759521484375,0.11070182919502258,-0.15050087869167328,-0.2671162486076355,0.9453801512718201,1,276096,2293
1786071833,415835382,1,-203.3099365234375,105.51438903808594,-758.3823852539062,,,,,,,,,,276097,2293
1786071833,415835382,,,,,5,-1495.6329345703125,1021.8372192382812,-775.7509765625,0.11052525788545609,-0.15076692402362823,-0.2675248980522156,0.9452428221702576,1,276097,2293
1786071833,425015661,1,-203.2216796875,105.25830841064453,-758.3848266601562,,,,,,,,,,276098,2293
1786071833,425015661,,,,,5,-1495.6231689453125,1021.84375,-775.8009643554688,0.11057742685079575,-0.1506083607673645,-0.26695966720581055,0.9454218149185181,1,276098,2293
1786071833,432961630,1,-203.18487548828125,105.63516998291016,-758.3480834960938,,,,,,,,,,276099,2293
1786071833,432961630,,,,,5,-1495.6190185546875,1021.8306884765625,-775.7783813476562,0.11052094399929047,-0.1506723314523697,-0.2671130299568176,0.9453748464584351,1,276099,2293
1786071833,441808791,1,-203.50210571289062,106.140869140625,-758.536865234375,,,,,,,,,,276100,2294
1786071833,441808791,,,,,5,-1495.6444091796875,1021.86474609375,-775.7728881835938,0.11075389385223389,-0.15038388967514038,-0.26767498254776,0.9452345967292786,1,276100,2294
1786071833,449815826,1,-203.42138671875,105.46812438964844,-758.3960571289062,,,,,,,,,,276101,2294
1786071833,449815826,,,,,5,-1495.64697265625,1021.8754272460938,-775.771728515625,0.11070230603218079,-0.15050412714481354,-0.26756128668785095,0.9452537298202515,1,276101,2294
1786071833,457742943,1,-203.1856231689453,105.27528381347656,-758.2672119140625,,,,,,,,,,276102,2294
1786071833,457742943,,,,,5,-1495.6395263671875,1021.8527221679688,-775.7622680664062,0.11078658699989319,-0.15049786865711212,-0.26778507232666016,0.9451814293861389,1,276102,2294
1786071833,466879214,1,-203.03814697265625,104.97942352294922,-758.4934692382812,,,,,,,,,,276103,2294
1786071833,466879214,,,,,5,-1495.6365966796875,1021.86181640625,-775.7926635742188,0.11042885482311249,-0.1506199985742569,-0.2668223977088928,0.9454761147499084,1,276103,2294
1786071833,474690917,1,-203.18589782714844,105.24205780029297,-758.5387573242188,,,,,,,,,,276104,2294
1786071833,474690917,,,,,5,-1495.642822265625,1021.8578491210938,-775.7426147460938,0.11060836911201477,-0.15047016739845276,-0.26721009612083435,0.9453694224357605,1,276104,2294
1786071833,482619058,1,-203.16769409179688,105.41773223876953,-758.2803955078125,,,,,,,,,,276105,2294
1786071833,482619058,,,,,5,-1495.6689453125,1021.8851928710938,-775.788818359375,0.11099900305271149,-0.15059904754161835,-0.2682046592235565,0.945021390914917,1,276105,2294
1786071833,491639275,1,-203.35830688476562,105.46379089355469,-758.397216796875,,,,,,,,,,276106,2294
1786071833,491639275,,,,,5,-1495.6351318359375,1021.87890625,-775.7911376953125,0.11038760095834732,-0.1505625993013382,-0.2666865885257721,0.9455283284187317,1,276106,2294
1786071833,499831722,1,-203.35577392578125,105.42518615722656,-758.4263916015625,,,,,,,,,,276107,2294
1786071833,499831722,,,,,5,-1495.641357421875,1021.8536987304688,-775.77197265625,0.11047881841659546,-0.15052124857902527,-0.2679350674152374,0.9451712369918823,1,276107,2294
1786071833,507535340,1,-202.8109893798828,106.09884643554688,-758.4158935546875,,,,,,,,,,276108,2294
1786071833,507535340,,,,,5,-1495.6307373046875,1021.8528442382812,-775.7383422851562,0.11062624305486679,-0.15055304765701294,-0.2678341865539551,0.9451775550842285,1,276108,2294
1786071833,516707810,1,-203.16726684570312,105.3665771484375,-758.2953491210938,,,,,,,,,,276109,2294
1786071833,516707810,,,,,5,-1495.594482421875,1021.908203125,-775.8251342773438,0.11083895713090897,-0.15059100091457367,-0.2668667435646057,0.9454200863838196,1,276109,2294
1786071833,524599240,1,-203.4550323486328,104.28926849365234,-758.3988037109375,,,,,,,,,,276110,2294
1786071833,524599240,,,,,5,-1495.5819091796875,1021.8829956054688,-775.8441772460938,0.1109941154718399,-0.15032176673412323,-0.26732689142227173,0.9453147649765015,1,276110,2294
1786071833,532767618,1,-203.13409423828125,105.4569091796875,-758.2227783203125,,,,,,,,,,276111,2294
1786071833,532767618,,,,,5,-1495.5653076171875,1021.892578125,-775.8378295898438,0.11069395393133163,-0.150722473859787,-0.26664525270462036,0.9454787373542786,1,276111,2294
1786071833,541554512,1,-202.7874755859375,105.89738464355469,-758.276611328125,,,,,,,,,,276112,2294
1786071833,541554512,,,,,5,-1495.551025390625,1021.8803100585938,-775.8361206054688,0.11074450612068176,-0.15085507929325104,-0.2665519118309021,0.9454779624938965,1,276112,2294
1786071833,549592017,1,-203.3856658935547,105.41886901855469,-758.4075317382812,,,,,,,,,,276113,2294
1786071833,549592017,,,,,5,-1495.5888671875,1021.8898315429688,-775.8173828125,0.11140979081392288,-0.15026652812957764,-0.26812320947647095,0.9450491666793823,1,276113,2294
1786071833,558496533,1,-203.33853149414062,105.45172882080078,-758.40625,,,,,,,,,,276114,2294
1786071833,558496533,,,,,5,-1495.5931396484375,1021.8798217773438,-775.8464965820312,0.11081356555223465,-0.15045611560344696,-0.2671436369419098,0.9453664422035217,1,276114,2294
1786071833,566423169,1,-203.24542236328125,105.15830993652344,-758.487060546875,,,,,,,,,,276115,2294
1786071833,566423169,,,,,5,-1495.6981201171875,1021.9493408203125,-775.7764892578125,0.11115297675132751,-0.15050220489501953,-0.2683953642845154,0.9449646472930908,1,276115,2294
1786071833,574418395,1,-203.18218994140625,105.38516235351562,-758.2850341796875,,,,,,,,,,276116,2294
1786071833,574418395,,,,,5,-1495.8131103515625,1021.9979858398438,-775.7421875,0.11143321543931961,-0.14964444935321808,-0.2689397633075714,0.9449131488800049,1,276116,2294
1786071833,583336769,1,-203.16297912597656,105.34829711914062,-758.3428955078125,,,,,,,,,,276117,2294
1786071833,583336769,,,,,5,-1495.6419677734375,1021.9470825195312,-775.7908325195312,0.11103221774101257,-0.15074522793293,-0.2676798701286316,0.9451428651809692,1,276117,2294
1786071833,591317336,1,-203.2298583984375,105.28917694091797,-758.2877807617188,,,,,,,,,,276118,2294
1786071833,591317336,,,,,5,-1495.6419677734375,1021.9351806640625,-775.7659912109375,0.11087889224290848,-0.15065310895442963,-0.267567902803421,0.9452073574066162,1,276118,2294
1786071833,599780809,1,-203.25131225585938,105.50128936767578,-758.273681640625,,,,,,,,,,276119,2294
1786071833,599780809,,,,,5,-1495.7705078125,1022.0042114257812,-775.7439575195312,0.11170824617147446,-0.149581640958786,-0.26889193058013916,0.9449041485786438,1,276119,2294
1786071833,608275904,1,-203.36090087890625,105.41797637939453,-758.3764038085938,,,,,,,,,,276120,2294
1786071833,608275904,,,,,5,-1495.72314453125,1022.0134887695312,-775.7391967773438,0.11142759025096893,-0.14967389404773712,-0.2697034180164337,0.9446913599967957,1,276120,2294
1786071833,616243796,1,-203.34158325195312,105.46524810791016,-758.4209594726562,,,,,,,,,,276121,2294
1786071833,616243796,,,,,5,-1495.673095703125,1021.9032592773438,-775.7649536132812,0.11104074865579605,-0.1508098989725113,-0.2681417763233185,0.9450007081031799,1,276121,2294
1786071833,624204679,1,-203.4427490234375,105.87482452392578,-758.5460205078125,,,,,,,,,,276122,2294
1786071833,624204679,,,,,5,-1495.7568359375,1021.943359375,-775.7205200195312,0.11106935888528824,-0.1502741128206253,-0.2680445909500122,0.9451103806495667,1,276122,2294
1786071833,633517880,1,-203.13734436035156,105.32484436035156,-758.3124389648438,,,,,,,,,,276123,2294
1786071833,633517880,,,,,5,-1495.748779296875,1021.9301147460938,-775.7568359375,0.11077918112277985,-0.15024182200431824,-0.2678287625312805,0.9452106952667236,1,276123,2294
1786071833,641199990,1,-203.22216796875,105.5665512084961,-758.3812255859375,,,,,,,,,,276124,2294
1786071833,641199990,,,,,5,-1495.8819580078125,1022.0087280273438,-775.6788940429688,0.11159303039312363,-0.14936167001724243,-0.26947349309921265,0.9447869062423706,1,276124,2294
1786071833,649308485,1,-203.3135528564453,105.45582580566406,-758.3780517578125,,,,,,,,,,276125,2294
1786071833,649308485,,,,,5,-1495.7418212890625,1021.8873901367188,-775.7145385742188,0.11083211749792099,-0.15040624141693115,-0.26842162013053894,0.9450100660324097,1,276125,2294
1786071833,658130105,1,-203.29566955566406,105.48036193847656,-758.3525390625,,,,,,,,,,276126,2294
1786071833,658130105,,,,,5,-1495.760986328125,1021.9349975585938,-775.7091674804688,0.11098438501358032,-0.15013737976551056,-0.2687274217605591,0.9449480175971985,1,276126,2294
1786071833,666116177,1,-203.32106018066406,105.51065826416016,-758.3492431640625,,,,,,,,,,276127,2294
1786071833,666116177,,,,,5,-1495.8807373046875,1022.0082397460938,-775.6546020507812,0.11153270304203033,-0.14929260313510895,-0.26953983306884766,0.9447859525680542,1,276127,2294
1786071833,675121223,1,-203.24090576171875,105.60509490966797,-758.411865234375,,,,,,,,,,276128,2294
1786071833,675121223,,,,,5,-1495.904296875,1021.9814453125,-775.6766967773438,0.1119236946105957,-0.14920443296432495,-0.27015793323516846,0.9445772171020508,1,276128,2294
1786071833,683075577,1,-202.95726013183594,105.92350006103516,-758.4096069335938,,,,,,,,,,276129,2294
1786071833,683075577,,,,,5,-1495.780517578125,1021.9230346679688,-775.7399291992188,0.1109708771109581,-0.15026013553142548,-0.26839059591293335,0.9450258612632751,1,276129,2294
1786071833,690993572,1,-203.21249389648438,105.6055908203125,-758.32666015625,,,,,,,,,,276130,2294
1786071833,690993572,,,,,5,-1495.7677001953125,1021.9069213867188,-775.7263793945312,0.11087655276060104,-0.15021109580993652,-0.26853275299072266,0.945004403591156,1,276130,2294
1786071833,700004892,1,-203.30233764648438,105.48734283447266,-758.3917846679688,,,,,,,,,,276131,2294
1786071833,700004892,,,,,5,-1495.9088134765625,1021.98291015625,-775.672119140625,0.11178120225667953,-0.14963969588279724,-0.27006441354751587,0.9445518851280212,1,276131,2294
1786071833,707983826,1,-203.3561553955078,105.48986053466797,-758.3658447265625,,,,,,,,,,276132,2294
1786071833,707983826,,,,,5,-1495.7733154296875,1021.88671875,-775.7154541015625,0.1107613742351532,-0.15030911564826965,-0.26824721693992615,0.9450834393501282,1,276132,2294
1786071833,715981644,1,-203.177490234375,105.67108917236328,-758.3549194335938,,,,,,,,,,276133,2294
1786071833,715981644,,,,,5,-1495.7806396484375,1021.8959350585938,-775.7314453125,0.11112196743488312,-0.15007169544696808,-0.2688378393650055,0.9449109435081482,1,276133,2294
1786071833,724884559,1,-203.1938934326172,105.25958251953125,-758.3291015625,,,,,,,,,,276134,2294
1786071833,724884559,,,,,5,-1495.7806396484375,1021.9104614257812,-775.7125854492188,0.11063472926616669,-0.15036413073539734,-0.26853495836257935,0.9450078010559082,1,276134,2294
1786071833,732861670,1,-203.15948486328125,105.8375244140625,-758.464111328125,,,,,,,,,,276135,2294
1786071833,732861670,,,,,5,-1495.7705078125,1021.8977661132812,-775.728271484375,0.11064030230045319,-0.1503632813692093,-0.26825380325317383,0.9450870752334595,1,276135,2294
1786071833,740538243,1,-203.159912109375,105.37425231933594,-758.29248046875,,,,,,,,,,276136,2294
1786071833,740538243,,,,,5,-1495.7879638671875,1021.91015625,-775.7206420898438,0.11084755510091782,-0.150522843003273,-0.2681864798069,0.9450564980506897,1,276136,2294
1786071833,749807723,1,-203.35313415527344,105.48735046386719,-758.4152221679688,,,,,,,,,,276137,2294
1786071833,749807723,,,,,5,-1495.890380859375,1021.9658203125,-775.6716918945312,0.11133415997028351,-0.14958103001117706,-0.26881980895996094,0.9449689388275146,1,276137,2294
1786071833,757768990,1,-203.31436157226562,105.5084228515625,-758.3551635742188,,,,,,,,,,276138,2294
1786071833,757768990,,,,,5,-1495.76708984375,1021.8600463867188,-775.7498168945312,0.1110616996884346,-0.1500862091779709,-0.2684779167175293,0.9450181126594543,1,276138,2294
1786071833,765802495,1,-203.23226928710938,105.35901641845703,-758.2958374023438,,,,,,,,,,276139,2294
1786071833,765802495,,,,,5,-1495.900390625,1021.978515625,-775.6477661132812,0.11171597242355347,-0.14941100776195526,-0.27020391821861267,0.9445558786392212,1,276139,2294
1786071833,774776464,1,-203.25975036621094,106.15351104736328,-758.4410400390625,,,,,,,,,,276140,2294
1786071833,774776464,,,,,5,-1495.796630859375,1021.90771484375,-775.7393798828125,0.11104455590248108,-0.15038610994815826,-0.2683505415916443,0.9450085759162903,1,276140,2294
1786071833,782635696,1,-203.26358032226562,105.60829162597656,-758.397705078125,,,,,,,,,,276141,2294
1786071833,782635696,,,,,5,-1495.8880615234375,1021.9523315429688,-775.6959228515625,0.11197876185178757,-0.14906492829322815,-0.27008092403411865,0.944614589214325,1,276141,2294
1786071833,791654633,1,-203.19728088378906,105.36336517333984,-758.258056640625,,,,,,,,,,276142,2294
1786071833,791654633,,,,,5,-1495.7646484375,1021.8998413085938,-775.7191162109375,0.11061898618936539,-0.15044055879116058,-0.2679097652435303,0.9451748728752136,1,276142,2294
1786071833,799743732,1,-203.21742248535156,105.25748443603516,-758.30517578125,,,,,,,,,,276143,2294
1786071833,799743732,,,,,5,-1495.890625,1021.939453125,-775.6580810546875,0.11142019927501678,-0.14954683184623718,-0.26926153898239136,0.9448383450508118,1,276143,2294
1786071833,807642459,1,-203.37074279785156,105.48181915283203,-758.365966796875,,,,,,,,,,276144,2294
1786071833,807642459,,,,,5,-1495.8243408203125,1021.9252319335938,-775.7445678710938,0.11107002943754196,-0.15011587738990784,-0.2688477039337158,0.9449072480201721,1,276144,2294
1786071833,816558817,1,-203.0315704345703,104.79061126708984,-758.5352783203125,,,,,,,,,,276145,2294
1786071833,816558817,,,,,5,-1495.7607421875,1021.8878173828125,-775.7323608398438,0.11107951402664185,-0.15035095810890198,-0.26864898204803467,0.9449251890182495,1,276145,2294
1786071833,824647148,1,-203.30307006835938,105.47549438476562,-758.3698120117188,,,,,,,,,,276146,2294
1786071833,824647148,,,,,5,-1495.75,1021.8858642578125,-775.7096557617188,0.11120400577783585,-0.1500655859708786,-0.2687470018863678,0.9449281096458435,1,276146,2294
1786071833,832610175,1,-203.38247680664062,105.44725799560547,-758.3352661132812,,,,,,,,,,276147,2294
1786071833,832610175,,,,,5,-1495.7806396484375,1021.8773803710938,-775.7005004882812,0.11135856062173843,-0.15000174939632416,-0.2692292332649231,0.9447827339172363,1,276147,2294
1786071833,841565581,1,-203.27781677246094,105.26720428466797,-758.303955078125,,,,,,,,,,276148,2294
1786071833,841565581,,,,,5,-1495.7464599609375,1021.8834228515625,-775.7577514648438,0.11080905795097351,-0.150064617395401,-0.2671572268009186,0.945425271987915,1,276148,2294
1786071833,849835961,1,-203.06150817871094,105.48666381835938,-758.266357421875,,,,,,,,,,276149,2294
1786071833,849835961,,,,,5,-1495.766357421875,1021.8606567382812,-775.7267456054688,0.11098750680685043,-0.15044498443603516,-0.26860126852989197,0.9449346661567688,1,276149,2294
1786071833,857541597,1,-203.37533569335938,105.43328094482422,-758.30078125,,,,,,,,,,276150,2294
1786071833,857541597,,,,,5,-1495.7703857421875,1021.9237670898438,-775.7339477539062,0.11086864769458771,-0.1501864641904831,-0.26805078983306885,0.9451460838317871,1,276150,2294
1786071833,866608543,1,-203.195556640625,105.62417602539062,-758.3377075195312,,,,,,,,,,276151,2294
1786071833,866608543,,,,,5,-1495.7623291015625,1021.9223022460938,-775.7377319335938,0.11078155040740967,-0.1500905156135559,-0.2679055333137512,0.9452126622200012,1,276151,2294
1786071833,874469055,1,-202.724853515625,105.9711685180664,-758.1815185546875,,,,,,,,,,276152,2294
1786071833,874469055,,,,,5,-1495.7293701171875,1021.8890991210938,-775.7891845703125,0.1109311655163765,-0.1501738578081131,-0.2673581540584564,0.9453368186950684,1,276152,2294
1786071833,883467668,1,-203.08973693847656,104.97627258300781,-758.4921264648438,,,,,,,,,,276153,2294
1786071833,883467668,,,,,5,-1495.78759765625,1021.90673828125,-775.6942749023438,0.11101186275482178,-0.15020693838596344,-0.26885315775871277,0.9448980093002319,1,276153,2294
1786071833,891421478,1,-203.42933654785156,105.68331146240234,-758.7280883789062,,,,,,,,,,276154,2294
1786071833,891421478,,,,,5,-1495.8065185546875,1021.8892822265625,-775.7540893554688,0.11068826168775558,-0.14987798035144806,-0.26817846298217773,0.9451799988746643,1,276154,2294
1786071833,899652844,1,-203.07688903808594,104.89147186279297,-758.4623413085938,,,,,,,,,,276155,2294
1786071833,899652844,,,,,5,-1495.7945556640625,1021.9111328125,-775.6806030273438,0.11091995984315872,-0.1502390056848526,-0.2686299979686737,0.9449672102928162,1,276155,2294
1786071833,908437497,1,-203.08106994628906,105.30425262451172,-758.4456787109375,,,,,,,,,,276156,2294
1786071833,908437497,,,,,5,-1495.8001708984375,1021.9212036132812,-775.7217407226562,0.11089859902858734,-0.15000444650650024,-0.26809996366500854,0.9451574683189392,1,276156,2294
1786071833,916501599,1,-203.39231872558594,105.36283874511719,-758.3341674804688,,,,,,,,,,276157,2294
1786071833,916501599,,,,,5,-1495.9013671875,1021.9967041015625,-775.6881713867188,0.11147818714380264,-0.14931164681911469,-0.26913315057754517,0.9449052214622498,1,276157,2294
1786071833,924369697,1,-203.225830078125,105.2796401977539,-758.2742309570312,,,,,,,,,,276158,2294
1786071833,924369697,,,,,5,-1495.7474365234375,1021.8889770507812,-775.748779296875,0.11130177974700928,-0.15014897286891937,-0.2681339681148529,0.9450774788856506,1,276158,2294
1786071833,933373207,1,-203.0060272216797,105.95491027832031,-758.445556640625,,,,,,,,,,276159,2294
1786071833,933373207,,,,,5,-1495.7685546875,1021.8795166015625,-775.7084350585938,0.11091238260269165,-0.15029305219650269,-0.2683548331260681,0.9450376629829407,1,276159,2294
1786071833,941309413,1,-203.3092041015625,105.12491607666016,-758.4962768554688,,,,,,,,,,276160,2294
1786071833,941309413,,,,,5,-1495.79541015625,1021.9244384765625,-775.7201538085938,0.11114709079265594,-0.15003718435764313,-0.26888203620910645,0.9449009299278259,1,276160,2294
1786071833,949634365,1,-203.30552673339844,105.48604583740234,-758.4100341796875,,,,,,,,,,276161,2294
1786071833,949634365,,,,,5,-1495.7601318359375,1021.8768920898438,-775.7506713867188,0.11113037914037704,-0.149987131357193,-0.26790568232536316,0.9451879858970642,1,276161,2294
1786071833,958289618,1,-203.25390625,105.18315887451172,-758.44970703125,,,,,,,,,,276162,2294
1786071833,958289618,,,,,5,-1495.7608642578125,1021.9111328125,-775.7311401367188,0.11111276596784592,-0.15011663734912872,-0.2685551941394806,0.9449852705001831,1,276162,2294
1786071833,966346359,1,-203.3620147705078,105.43775939941406,-758.4074096679688,,,,,,,,,,276163,2294
1786071833,966346359,,,,,5,-1495.7974853515625,1021.9218139648438,-775.7554931640625,0.11099076271057129,-0.14968936145305634,-0.26801764965057373,0.945219874382019,1,276163,2294
1786071833,975275295,1,-203.3841094970703,105.48534393310547,-758.4144287109375,,,,,,,,,,276164,2294
1786071833,975275295,,,,,5,-1495.7547607421875,1021.88037109375,-775.7467651367188,0.11074963212013245,-0.15017057955265045,-0.26831769943237305,0.9450867772102356,1,276164,2294
1786071833,983169829,1,-203.36837768554688,105.47449493408203,-758.3524169921875,,,,,,,,,,276165,2294
1786071833,983169829,,,,,5,-1495.7174072265625,1021.8622436523438,-775.77099609375,0.11043264716863632,-0.15023040771484375,-0.26703396439552307,0.9454777836799622,1,276165,2294
1786071833,991187043,1,-203.1409912109375,105.35648345947266,-758.2808227539062,,,,,,,,,,276166,2294
1786071833,991187043,,,,,5,-1495.710693359375,1021.8351440429688,-775.7882080078125,0.11089638620615005,-0.1503286063671112,-0.26769256591796875,0.9452217817306519,1,276166,2294
1786071834,86982,1,-203.44900512695312,105.91067504882812,-758.5775756835938,,,,,,,,,,276167,2294
1786071834,86982,,,,,5,-1495.6890869140625,1021.8474731445312,-775.8292846679688,0.11084014922380447,-0.14983801543712616,-0.26731666922569275,0.9454125761985779,1,276167,2294
1786071834,8100035,1,-203.15834045410156,105.73786926269531,-758.5191650390625,,,,,,,,,,276168,2294
1786071834,8100035,,,,,5,-1495.8304443359375,1021.9623413085938,-775.7909545898438,0.11102133989334106,-0.14909571409225464,-0.26720333099365234,0.9455406069755554,1,276168,2294
1786071834,16051828,1,-203.17919921875,105.65020751953125,-758.3350219726562,,,,,,,,,,276169,2294
1786071834,16051828,,,,,5,-1495.7012939453125,1021.8697509765625,-775.792724609375,0.110875204205513,-0.15002965927124023,-0.2676723599433899,0.9452773332595825,1,276169,2294
1786071834,25238028,1,-203.40740966796875,105.51556396484375,-758.4208984375,,,,,,,,,,276170,2294
1786071834,25238028,,,,,5,-1495.676513671875,1021.8698120117188,-775.7970581054688,0.11069604009389877,-0.1503472775220871,-0.26713600754737854,0.9453997015953064,1,276170,2294
1786071834,33080041,1,-203.30174255371094,105.5134506225586,-758.3893432617188,,,,,,,,,,276171,2294
1786071834,33080041,,,,,5,-1495.700439453125,1021.8515014648438,-775.8395385742188,0.11100438982248306,-0.1500106155872345,-0.2670196294784546,0.9454498887062073,1,276171,2294
1786071834,40877918,1,-203.5337371826172,105.40045166015625,-758.2189331054688,,,,,,,,,,276172,2294
1786071834,40877918,,,,,5,-1495.7034912109375,1021.8556518554688,-775.7994995117188,0.11100000888109207,-0.15007846057415009,-0.2674889862537384,0.9453068971633911,1,276172,2294
1786071834,49839724,1,-203.32057189941406,105.53324890136719,-758.4149169921875,,,,,,,,,,276173,2294
1786071834,49839724,,,,,5,-1495.53662109375,1021.8767700195312,-775.7905883789062,0.11077038943767548,-0.15147410333156586,-0.26500585675239563,0.9458104968070984,1,276173,2294
1786071834,57822051,1,-203.31817626953125,105.46915435791016,-758.3556518554688,,,,,,,,,,276174,2294
1786071834,57822051,,,,,5,-1495.746337890625,1021.9086303710938,-775.7999877929688,0.11051955074071884,-0.15016406774520874,-0.2660936713218689,0.9457432627677917,1,276174,2294
1786071834,65860196,1,-203.21835327148438,105.15521240234375,-758.5496826171875,,,,,,,,,,276175,2294
1786071834,65860196,,,,,5,-1495.6859130859375,1021.8922119140625,-775.7930908203125,0.11081129312515259,-0.1502634733915329,-0.26720184087753296,0.9453808069229126,1,276175,2294
1786071834,74919461,1,-203.38934326171875,105.3465347290039,-758.3766479492188,,,,,,,,,,276176,2294
1786071834,74919461,,,,,5,-1495.6214599609375,1021.8795776367188,-775.8082885742188,0.11117478460073471,-0.15001007914543152,-0.26728498935699463,0.9453549385070801,1,276176,2294
1786071834,82889626,1,-203.16799926757812,105.36678314208984,-758.3650512695312,,,,,,,,,,276177,2294
1786071834,82889626,,,,,5,-1495.6998291015625,1021.9119262695312,-775.81005859375,0.11097100377082825,-0.149983212351799,-0.2675567865371704,0.9453061819076538,1,276177,2294
1786071834,90894005,1,-203.0463104248047,105.50397491455078,-758.240478515625,,,,,,,,,,276178,2294
1786071834,90894005,,,,,5,-1495.8079833984375,1021.9574584960938,-775.7681884765625,0.11138900369405746,-0.14918139576911926,-0.26734811067581177,0.9454429745674133,1,276178,2294
1786071834,100055657,1,-203.15611267089844,105.61199951171875,-758.3599243164062,,,,,,,,,,276179,2294
1786071834,100055657,,,,,5,-1495.8197021484375,1021.9127197265625,-775.7596435546875,0.11076993495225906,-0.14948055148124695,-0.2668715715408325,0.94560307264328,1,276179,2294
1786071834,107882723,1,-203.21397399902344,105.16613006591797,-758.49658203125,,,,,,,,,,276180,2294
1786071834,107882723,,,,,5,-1495.6181640625,1021.8922119140625,-775.8777465820312,0.11098805069923401,-0.15021784603595734,-0.2667270600795746,0.945501446723938,1,276180,2294
1786071834,115843510,1,-203.06822204589844,105.50131225585938,-758.249755859375,,,,,,,,,,276181,2294
1786071834,115843510,,,,,5,-1495.6365966796875,1021.8914184570312,-775.8290405273438,0.11065416783094406,-0.15053895115852356,-0.2665480077266693,0.9455400109291077,1,276181,2294
1786071834,124962658,1,-203.14596557617188,105.34381866455078,-758.341552734375,,,,,,,,,,276182,2294
1786071834,124962658,,,,,5,-1495.61181640625,1021.90576171875,-775.85498046875,0.1107320562005043,-0.150531604886055,-0.2664414644241333,0.945561945438385,1,276182,2294
1786071834,132835908,1,-203.33351135253906,105.28827667236328,-758.1159057617188,,,,,,,,,,276183,2294
1786071834,132835908,,,,,5,-1495.5931396484375,1021.8842163085938,-775.8632202148438,0.11084505915641785,-0.15038107335567474,-0.2664639949798584,0.9455663561820984,1,276183,2294
1786071834,141732807,1,-202.82418823242188,105.79167175292969,-758.209716796875,,,,,,,,,,276184,2294
1786071834,141732807,,,,,5,-1495.632080078125,1021.8834838867188,-775.857421875,0.11093822121620178,-0.15021395683288574,-0.2665681838989258,0.9455526471138,1,276184,2294
1786071834,149743203,1,-203.15179443359375,105.40213775634766,-758.29443359375,,,,,,,,,,276185,2294
1786071834,149743203,,,,,5,-1495.6278076171875,1021.88232421875,-775.8370971679688,0.11072705686092377,-0.15045477449893951,-0.26658764481544495,0.9455336928367615,1,276185,2294
1786071834,157800616,1,-203.00299072265625,106.60746765136719,-758.659423828125,,,,,,,,,,276186,2294
1786071834,157800616,,,,,5,-1495.706787109375,1021.8590698242188,-775.8361206054688,0.11062941700220108,-0.14977790415287018,-0.2676648795604706,0.9453480839729309,1,276186,2294
1786071834,166809887,1,-203.39297485351562,105.45645141601562,-758.3779296875,,,,,,,,,,276187,2294
1786071834,166809887,,,,,5,-1495.5799560546875,1021.8679809570312,-775.8461303710938,0.11096230149269104,-0.15065106749534607,-0.2663378417491913,0.9455452561378479,1,276187,2294
1786071834,174744557,1,-203.3186798095703,105.50466918945312,-758.3153686523438,,,,,,,,,,276188,2294
1786071834,174744557,,,,,5,-1495.5970458984375,1021.8963012695312,-775.8529663085938,0.11109456419944763,-0.1503446251153946,-0.2665270268917084,0.9455252289772034,1,276188,2294
1786071834,182682044,1,-203.17257690429688,105.4013671875,-758.2347412109375,,,,,,,,,,276189,2294
1786071834,182682044,,,,,5,-1495.5897216796875,1021.8739624023438,-775.862060546875,0.11085361242294312,-0.15049883723258972,-0.2660367488861084,0.945667028427124,1,276189,2294
1786071834,191625063,1,-203.32574462890625,105.46973419189453,-758.3876342773438,,,,,,,,,,276190,2294
1786071834,191625063,,,,,5,-1495.5843505859375,1021.8892822265625,-775.8668823242188,0.11093620210886002,-0.15041682124137878,-0.26577192544937134,0.9457448124885559,1,276190,2294
1786071834,199557172,1,-204.08424377441406,104.23665618896484,-758.7529296875,,,,,,,,,,276191,2294
1786071834,199557172,,,,,5,-1495.5980224609375,1021.90234375,-775.8095092773438,0.1107795462012291,-0.15091180801391602,-0.26662468910217285,0.9454442858695984,1,276191,2294
1786071834,207525993,1,-203.40103149414062,106.17182922363281,-758.6053466796875,,,,,,,,,,276192,2294
1786071834,207525993,,,,,5,-1495.5687255859375,1021.8983764648438,-775.8596801757812,0.11107977479696274,-0.15052098035812378,-0.2662501037120819,0.9455769062042236,1,276192,2294
1786071834,216693278,1,-203.34075927734375,105.45420837402344,-758.4163818359375,,,,,,,,,,276193,2294
1786071834,216693278,,,,,5,-1495.6240234375,1021.9044799804688,-775.8258666992188,0.11091461032629013,-0.1505054384469986,-0.26652291417121887,0.945521891117096,1,276193,2294
1786071834,224514807,1,-203.103515625,104.92511749267578,-758.458251953125,,,,,,,,,,276194,2294
1786071834,224514807,,,,,5,-1495.59912109375,1021.9073486328125,-775.8287963867188,0.11081353574991226,-0.15065187215805054,-0.26635268330574036,0.9455583691596985,1,276194,2294
1786071834,233495593,1,-203.21702575683594,105.37438201904297,-758.2654418945312,,,,,,,,,,276195,2294
1786071834,233495593,,,,,5,-1495.618408203125,1021.8917236328125,-775.8432006835938,0.1107173040509224,-0.15061503648757935,-0.2663145661354065,0.9455863237380981,1,276195,2294
1786071834,241421269,1,-202.83840942382812,106.08007049560547,-758.2933959960938,,,,,,,,,,276196,2294
1786071834,241421269,,,,,5,-1495.6151123046875,1021.9083251953125,-775.8602905273438,0.11087912321090698,-0.15047454833984375,-0.26620423793792725,0.9456207156181335,1,276196,2294
1786071834,249448020,1,-202.95083618164062,106.06209564208984,-758.388916015625,,,,,,,,,,276197,2294
1786071834,249448020,,,,,5,-1495.578125,1021.8591918945312,-775.8594970703125,0.11077945679426193,-0.15064485371112823,-0.26643359661102295,0.9455406665802002,1,276197,2294
1786071834,258359513,1,-202.93896484375,106.04387664794922,-758.4038696289062,,,,,,,,,,276198,2294
1786071834,258359513,,,,,5,-1495.6048583984375,1021.8734741210938,-775.8655395507812,0.11111965775489807,-0.15035803616046906,-0.26620686054229736,0.9456102252006531,1,276198,2294
1786071834,266336399,1,-203.19342041015625,105.16729736328125,-758.43505859375,,,,,,,,,,276199,2294
1786071834,266336399,,,,,5,-1495.714111328125,1021.9465942382812,-775.7984008789062,0.11133016645908356,-0.1499222069978714,-0.26700422167778015,0.9454299807548523,1,276199,2294
1786071834,274287681,1,-203.58897399902344,105.98934936523438,-758.6680297851562,,,,,,,,,,276200,2294
1786071834,274287681,,,,,5,-1495.619384765625,1021.9264526367188,-775.77294921875,0.11164837330579758,-0.1502685695886612,-0.26774030923843384,0.9451292753219604,1,276200,2294
1786071834,283323773,1,-203.38522338867188,105.4018325805664,-758.4094848632812,,,,,,,,,,276201,2294
1786071834,283323773,,,,,5,-1495.6776123046875,1021.9876098632812,-775.7918701171875,0.11192882061004639,-0.15009050071239471,-0.2680518329143524,0.945035994052887,1,276201,2294
1786071834,291297426,1,-203.3544158935547,105.47648620605469,-758.3729858398438,,,,,,,,,,276202,2294
1786071834,291297426,,,,,5,-1495.6728515625,1022.0877075195312,-775.6832885742188,0.11341193318367004,-0.14970029890537262,-0.270478755235672,0.9442293047904968,1,276202,2294
1786071834,299569472,1,-203.19326782226562,105.36553192138672,-758.2893676757812,,,,,,,,,,276203,2294
1786071834,299569472,,,,,5,-1495.6337890625,1021.9522705078125,-775.75390625,0.11190513521432877,-0.1501760184764862,-0.26784470677375793,0.9450839161872864,1,276203,2294
1786071834,308245721,1,-202.79751586914062,106.0099105834961,-758.3519287109375,,,,,,,,,,276204,2294
1786071834,308245721,,,,,5,-1495.53759765625,1021.9773559570312,-775.6843872070312,0.11155170947313309,-0.151264026761055,-0.26564058661460876,0.9455742835998535,1,276204,2294
1786071834,316241010,1,-203.35867309570312,105.4601821899414,-758.4228515625,,,,,,,,,,276205,2294
1786071834,316241010,,,,,5,-1495.560302734375,1021.9662475585938,-775.7203979492188,0.11174541711807251,-0.15094831585884094,-0.26682233810424805,0.9452689290046692,1,276205,2294
1786071834,324280692,1,-203.38502502441406,105.39977264404297,-758.42236328125,,,,,,,,,,276206,2294
1786071834,324280692,,,,,5,-1495.5928955078125,1021.9814453125,-775.7023315429688,0.11147096753120422,-0.1511128693819046,-0.2664059102535248,0.9453924894332886,1,276206,2294
1786071834,333225759,1,-203.1823272705078,104.87012481689453,-758.3495483398438,,,,,,,,,,276207,2294
1786071834,333225759,,,,,5,-1495.56982421875,1021.9574584960938,-775.7328491210938,0.11182471364736557,-0.15096722543239594,-0.2668048143386841,0.9452614784240723,1,276207,2294
1786071834,341240444,1,-203.55117797851562,104.74960327148438,-758.1300048828125,,,,,,,,,,276208,2294
1786071834,341240444,,,,,5,-1495.71533203125,1022.0845947265625,-775.6985473632812,0.11188412457704544,-0.1512124091386795,-0.2700185179710388,0.9443023800849915,1,276208,2294
1786071834,349102973,1,-203.41615295410156,105.61073303222656,-758.754150390625,,,,,,,,,,276209,2294
1786071834,349102973,,,,,5,-1495.70703125,1022.1239624023438,-775.6942138671875,0.11199043691158295,-0.15078768134117126,-0.26938825845718384,0.9445376396179199,1,276209,2294
1786071834,358070124,1,-204.2616424560547,104.50607299804688,-758.679931640625,,,,,,,,,,276210,2294
1786071834,358070124,,,,,5,-1495.670166015625,1022.1283569335938,-775.6857299804688,0.11163410544395447,-0.15124887228012085,-0.2688981592655182,0.9446455836296082,1,276210,2294
1786071834,366015196,1,-203.35557556152344,105.43768310546875,-758.3885498046875,,,,,,,,,,276211,2294
1786071834,366015196,,,,,5,-1495.7332763671875,1022.12548828125,-775.7008666992188,0.11200506240129471,-0.15073424577713013,-0.2698333263397217,0.9444173574447632,1,276211,2294
1786071834,375124070,1,-203.010986328125,104.97835540771484,-758.4727172851562,,,,,,,,,,276212,2294
1786071834,375124070,,,,,5,-1495.6923828125,1022.1101684570312,-775.7079467773438,0.11193357408046722,-0.15098416805267334,-0.26901963353157043,0.9446179270744324,1,276212,2294
1786071834,383138499,1,-203.16941833496094,105.39119720458984,-758.2532348632812,,,,,,,,,,276213,2294
1786071834,383138499,,,,,5,-1495.66455078125,1022.1161499023438,-775.6378784179688,0.11153858155012131,-0.15129028260707855,-0.2688788175582886,0.9446558356285095,1,276213,2294
1786071834,391082195,1,-203.64520263671875,105.92572021484375,-758.6775512695312,,,,,,,,,,276214,2294
1786071834,391082195,,,,,5,-1495.6988525390625,1022.0753784179688,-775.6804809570312,0.11187849193811417,-0.1509746015071869,-0.2694810628890991,0.9444945454597473,1,276214,2294
1786071834,400010011,1,-203.38339233398438,105.42851257324219,-758.3602905273438,,,,,,,,,,276215,2294
1786071834,400010011,,,,,5,-1495.6805419921875,1022.0865478515625,-775.6946411132812,0.11192802339792252,-0.15102969110012054,-0.26954206824302673,0.9444624781608582,1,276215,2294
1786071834,408103847,1,-203.21585083007812,105.35372161865234,-758.313232421875,,,,,,,,,,276216,2294
1786071834,408103847,,,,,5,-1495.6824951171875,1022.0929565429688,-775.6950073242188,0.11172192543745041,-0.15097181499004364,-0.26878610253334045,0.9447115659713745,1,276216,2294
1786071834,416032852,1,-203.3533935546875,105.49131774902344,-758.3811645507812,,,,,,,,,,276217,2294
1786071834,416032852,,,,,5,-1495.696044921875,1022.1221923828125,-775.7181396484375,0.11204329878091812,-0.15079069137573242,-0.26891711354255676,0.9446650743484497,1,276217,2294
1786071834,425123290,1,-203.05380249023438,105.49650573730469,-758.2262573242188,,,,,,,,,,276218,2294
1786071834,425123290,,,,,5,-1495.83642578125,1022.2154541015625,-775.6588134765625,0.11274320632219315,-0.14990097284317017,-0.2705249786376953,0.9442641139030457,1,276218,2294
1786071834,432743118,1,-203.28817749023438,105.60826110839844,-758.427490234375,,,,,,,,,,276219,2294
1786071834,432743118,,,,,5,-1495.697998046875,1022.10546875,-775.7118530273438,0.11144357919692993,-0.15162931382656097,-0.2685618996620178,0.9447028636932373,1,276219,2294
1786071834,441871259,1,-203.32940673828125,105.5198974609375,-758.4744873046875,,,,,,,,,,276220,2295
1786071834,441871259,,,,,5,-1495.702392578125,1022.1170043945312,-775.7071533203125,0.11192016303539276,-0.15060950815677643,-0.26918408274650574,0.9446325302124023,1,276220,2295
1786071834,449829166,1,-203.32662963867188,105.47442626953125,-758.4087524414062,,,,,,,,,,276221,2295
1786071834,449829166,,,,,5,-1495.7105712890625,1022.123046875,-775.7166748046875,0.111850805580616,-0.1507875919342041,-0.26937413215637207,0.9445582032203674,1,276221,2295
1786071834,457769661,1,-203.20355224609375,105.36089324951172,-758.2667846679688,,,,,,,,,,276222,2295
1786071834,457769661,,,,,5,-1495.6676025390625,1022.0813598632812,-775.6973266601562,0.11197690665721893,-0.15104849636554718,-0.26929914951324463,0.9445229172706604,1,276222,2295
1786071834,466710119,1,-203.11737060546875,105.37923431396484,-758.2606811523438,,,,,,,,,,276223,2295
1786071834,466710119,,,,,5,-1495.7353515625,1022.1322631835938,-775.6716918945312,0.11180094629526138,-0.1514698565006256,-0.2695678472518921,0.9443995952606201,1,276223,2295
1786071834,474669594,1,-203.2886199951172,105.52176666259766,-758.3645629882812,,,,,,,,,,276224,2295
1786071834,474669594,,,,,5,-1495.6416015625,1022.1098022460938,-775.6674194335938,0.11186263710260391,-0.15143215656280518,-0.2693380117416382,0.9444639086723328,1,276224,2295
1786071834,482680886,1,-202.89892578125,105.65261840820312,-758.5457763671875,,,,,,,,,,276225,2295
1786071834,482680886,,,,,5,-1495.74853515625,1022.0985717773438,-775.6888427734375,0.1120283380150795,-0.15035074949264526,-0.27119171619415283,0.9440866112709045,1,276225,2295
1786071834,491713618,1,-203.1890411376953,105.489501953125,-758.3099975585938,,,,,,,,,,276226,2295
1786071834,491713618,,,,,5,-1495.652587890625,1022.0714721679688,-775.7012329101562,0.11223624646663666,-0.15069709718227386,-0.27084076404571533,0.9441073536872864,1,276226,2295
1786071834,499663555,1,-203.30445861816406,105.47945404052734,-758.3609008789062,,,,,,,,,,276227,2295
1786071834,499663555,,,,,5,-1495.7047119140625,1022.0802612304688,-775.7267456054688,0.1121855229139328,-0.1503494679927826,-0.27032312750816345,0.944317102432251,1,276227,2295
1786071834,507623510,1,-203.13893127441406,104.8571548461914,-758.5140991210938,,,,,,,,,,276228,2295
1786071834,507623510,,,,,5,-1495.700439453125,1022.1146850585938,-775.7181396484375,0.11228103190660477,-0.15053758025169373,-0.2705458104610443,0.9442121386528015,1,276228,2295
1786071834,516627404,1,-203.340087890625,105.48607635498047,-758.385498046875,,,,,,,,,,276229,2295
1786071834,516627404,,,,,5,-1495.6947021484375,1022.087890625,-775.6884765625,0.11181843280792236,-0.15087547898292542,-0.2703772485256195,0.9442613124847412,1,276229,2295
1786071834,524558650,1,-203.25927734375,105.51129150390625,-758.74365234375,,,,,,,,,,276230,2295
1786071834,524558650,,,,,5,-1495.6961669921875,1022.0656127929688,-775.6930541992188,0.11211054027080536,-0.1508239358663559,-0.27084413170814514,0.9441012144088745,1,276230,2295
1786071834,532536048,1,-203.15045166015625,105.90901947021484,-758.5098876953125,,,,,,,,,,276231,2295
1786071834,532536048,,,,,5,-1495.724609375,1022.12158203125,-775.7013549804688,0.11199034750461578,-0.15060046315193176,-0.27067652344703674,0.9441991448402405,1,276231,2295
1786071834,541496798,1,-203.20913696289062,105.33133697509766,-758.3317260742188,,,,,,,,,,276232,2295
1786071834,541496798,,,,,5,-1495.7373046875,1022.1218872070312,-775.7186889648438,0.11219576746225357,-0.15051846206188202,-0.27117136120796204,0.9440458416938782,1,276232,2295
1786071834,549499929,1,-203.37008666992188,105.4386978149414,-758.39892578125,,,,,,,,,,276233,2295
1786071834,549499929,,,,,5,-1495.69677734375,1022.0988159179688,-775.7193603515625,0.11197882890701294,-0.15021374821662903,-0.27073806524276733,0.9442445039749146,1,276233,2295
1786071834,558615236,1,-203.1805419921875,105.38861083984375,-758.3262329101562,,,,,,,,,,276234,2295
1786071834,558615236,,,,,5,-1495.671875,1022.095703125,-775.6810913085938,0.11176422238349915,-0.1509372442960739,-0.27016252279281616,0.9443193078041077,1,276234,2295
1786071834,566468739,1,-203.47337341308594,105.91522979736328,-758.58056640625,,,,,,,,,,276235,2295
1786071834,566468739,,,,,5,-1495.712158203125,1022.0951538085938,-775.6779174804688,0.11183223873376846,-0.15098921954631805,-0.2706841230392456,0.9441534876823425,1,276235,2295
1786071834,574533865,1,-203.2156982421875,105.25028991699219,-758.3671264648438,,,,,,,,,,276236,2295
1786071834,574533865,,,,,5,-1495.6920166015625,1022.08447265625,-775.6852416992188,0.11206033825874329,-0.1506538838148117,-0.2705625295639038,0.944214940071106,1,276236,2295
1786071834,583351261,1,-203.20545959472656,105.6400375366211,-758.30810546875,,,,,,,,,,276237,2295
1786071834,583351261,,,,,5,-1495.6656494140625,1022.0730590820312,-775.701416015625,0.11213179677724838,-0.15078987181186676,-0.2702190577983856,0.9442830681800842,1,276237,2295
1786071834,591357720,1,-203.30221557617188,105.49800872802734,-758.4068603515625,,,,,,,,,,276238,2295
1786071834,591357720,,,,,5,-1495.6649169921875,1022.0686645507812,-775.6906127929688,0.11206710338592529,-0.1507641077041626,-0.270296573638916,0.9442726969718933,1,276238,2295
1786071834,599530227,1,-203.41275024414062,105.41507720947266,-758.4254150390625,,,,,,,,,,276239,2295
1786071834,599530227,,,,,5,-1495.699462890625,1022.1100463867188,-775.7164916992188,0.11204375326633453,-0.1506510078907013,-0.27069172263145447,0.9441803097724915,1,276239,2295
1786071834,608405873,1,-203.14291381835938,105.38549041748047,-758.2725219726562,,,,,,,,,,276240,2295
1786071834,608405873,,,,,5,-1495.6995849609375,1022.109375,-775.7230224609375,0.11221808940172195,-0.15043874084949493,-0.2702535092830658,0.944318950176239,1,276240,2295
1786071834,616398506,1,-203.30458068847656,105.52893829345703,-758.386474609375,,,,,,,,,,276241,2295
1786071834,616398506,,,,,5,-1495.7265625,1022.11572265625,-775.6908569335938,0.11215994507074356,-0.15066662430763245,-0.2708936333656311,0.9441061615943909,1,276241,2295
1786071834,624691259,1,-203.30569458007812,105.57945251464844,-758.4585571289062,,,,,,,,,,276242,2295
1786071834,624691259,,,,,5,-1495.701171875,1022.0921020507812,-775.7066650390625,0.11222627758979797,-0.15038077533245087,-0.270554780960083,0.9442410469055176,1,276242,2295
1786071834,633202229,1,-203.31967163085938,105.46581268310547,-758.3480224609375,,,,,,,,,,276243,2295
1786071834,633202229,,,,,5,-1495.7010498046875,1022.1222534179688,-775.6967163085938,0.11199062317609787,-0.15066416561603546,-0.27063700556755066,0.9442002773284912,1,276243,2295
1786071834,641275165,1,-203.21446228027344,105.3026351928711,-758.3198852539062,,,,,,,,,,276244,2295
1786071834,641275165,,,,,5,-1495.6434326171875,1022.0513916015625,-775.6942749023438,0.11203896254301071,-0.15059712529182434,-0.2703620493412018,0.9442839622497559,1,276244,2295
1786071834,649228239,1,-202.96957397460938,105.9541015625,-758.4082641601562,,,,,,,,,,276245,2295
1786071834,649228239,,,,,5,-1495.689453125,1022.0769653320312,-775.6956176757812,0.1118859350681305,-0.15078385174274445,-0.2708797752857208,0.9441240429878235,1,276245,2295
1786071834,658509369,1,-203.32522583007812,105.58447265625,-758.4260864257812,,,,,,,,,,276246,2295
1786071834,658509369,,,,,5,-1495.681884765625,1022.0673828125,-775.67822265625,0.11217579990625381,-0.15076535940170288,-0.27072468400001526,0.9441368579864502,1,276246,2295
1786071834,666196057,1,-203.0929412841797,106.08745574951172,-758.439697265625,,,,,,,,,,276247,2295
1786071834,666196057,,,,,5,-1495.701904296875,1022.0955200195312,-775.7190551757812,0.11221413314342499,-0.15034179389476776,-0.2705095708370209,0.9442616105079651,1,276247,2295
1786071834,675160424,1,-203.1973419189453,105.64060974121094,-758.3731079101562,,,,,,,,,,276248,2295
1786071834,675160424,,,,,5,-1495.7154541015625,1022.09228515625,-775.7025756835938,0.11180801689624786,-0.15057291090488434,-0.27034813165664673,0.9443191289901733,1,276248,2295
1786071834,683098806,1,-204.31385803222656,104.07508850097656,-758.5243530273438,,,,,,,,,,276249,2295
1786071834,683098806,,,,,5,-1495.6240234375,1021.9945678710938,-775.7634887695312,0.11053620278835297,-0.15153999626636505,-0.2678757905960083,0.9450184106826782,1,276249,2295
1786071834,691116404,1,-203.18873596191406,105.3903579711914,-758.2655029296875,,,,,,,,,,276250,2295
1786071834,691116404,,,,,5,-1495.5841064453125,1021.9771728515625,-775.7263793945312,0.11069135367870331,-0.1515885591506958,-0.268293559551239,0.9448740482330322,1,276250,2295
1786071834,700067616,1,-203.34652709960938,105.44738006591797,-758.4168701171875,,,,,,,,,,276251,2295
1786071834,700067616,,,,,5,-1495.6851806640625,1021.96044921875,-775.8116455078125,0.11094560474157333,-0.15019460022449493,-0.2694166302680969,0.9447472095489502,1,276251,2295
1786071834,708075420,1,-203.2823944091797,105.5163345336914,-758.3406982421875,,,,,,,,,,276252,2295
1786071834,708075420,,,,,5,-1495.472900390625,1021.8580322265625,-775.7421264648438,0.109804168343544,-0.15214189887046814,-0.26395249366760254,0.9461104869842529,1,276252,2295
1786071834,716069813,1,-203.20152282714844,105.18876647949219,-758.443603515625,,,,,,,,,,276253,2295
1786071834,716069813,,,,,5,-1495.5029296875,1021.80419921875,-775.8054809570312,0.11049254983663559,-0.15105174481868744,-0.26634520292282104,0.9455342888832092,1,276253,2295
1786071834,725023618,1,-203.34503173828125,105.45455169677734,-758.3991088867188,,,,,,,,,,276254,2295
1786071834,725023618,,,,,5,-1495.4827880859375,1021.8151245117188,-775.828857421875,0.11026759445667267,-0.1511467695236206,-0.2657373547554016,0.9457162618637085,1,276254,2295
1786071834,732933964,1,-203.36251831054688,105.44534301757812,-758.3134155273438,,,,,,,,,,276255,2295
1786071834,732933964,,,,,5,-1495.47265625,1021.7888793945312,-775.8113403320312,0.11030827462673187,-0.15108025074005127,-0.26540428400039673,0.9458157420158386,1,276255,2295
1786071834,740973070,1,-203.23727416992188,105.77344512939453,-758.2913208007812,,,,,,,,,,276256,2295
1786071834,740973070,,,,,5,-1495.50048828125,1021.8347778320312,-775.7666015625,0.11022583395242691,-0.15128809213638306,-0.26610267162323,0.945595920085907,1,276256,2295
1786071834,749930203,1,-203.00234985351562,106.08648681640625,-758.514404296875,,,,,,,,,,276257,2295
1786071834,749930203,,,,,5,-1495.5240478515625,1021.8072509765625,-775.7800903320312,0.11028140783309937,-0.15110763907432556,-0.26674482226371765,0.9454373717308044,1,276257,2295
1786071834,758094068,1,-203.3691864013672,105.43822479248047,-758.374755859375,,,,,,,,,,276258,2295
1786071834,758094068,,,,,5,-1495.514892578125,1021.76904296875,-775.8343505859375,0.11028914153575897,-0.15101943910121918,-0.26570335030555725,0.94574373960495,1,276258,2295
1786071834,765869284,1,-203.1754150390625,105.6298599243164,-758.341064453125,,,,,,,,,,276259,2295
1786071834,765869284,,,,,5,-1495.6177978515625,1021.8615112304688,-775.8885498046875,0.11046542972326279,-0.15036529302597046,-0.267052561044693,0.9454473257064819,1,276259,2295
1786071834,774865785,1,-203.24876403808594,105.34146881103516,-758.1952514648438,,,,,,,,,,276260,2295
1786071834,774865785,,,,,5,-1495.5853271484375,1021.8788452148438,-775.8546142578125,0.11070200055837631,-0.1506192535161972,-0.26739299297332764,0.9452829360961914,1,276260,2295
1786071834,782894041,1,-203.0394287109375,105.49331665039062,-758.193359375,,,,,,,,,,276261,2295
1786071834,782894041,,,,,5,-1495.5360107421875,1021.8472900390625,-775.8700561523438,0.11084412038326263,-0.1504821479320526,-0.2671300768852234,0.9453625679016113,1,276261,2295
1786071834,791781529,1,-203.25804138183594,105.46588134765625,-758.3241577148438,,,,,,,,,,276262,2295
1786071834,791781529,,,,,5,-1495.56494140625,1021.8543090820312,-775.8389892578125,0.11036324501037598,-0.15061302483081818,-0.2660951614379883,0.9456896781921387,1,276262,2295
1786071834,799821883,1,-203.1601104736328,105.37644958496094,-758.227294921875,,,,,,,,,,276263,2295
1786071834,799821883,,,,,5,-1495.5546875,1021.8572387695312,-775.80078125,0.11100238561630249,-0.15057221055030823,-0.26797354221343994,0.9450908899307251,1,276263,2295
1786071834,807221477,1,-203.3282012939453,105.43977355957031,-758.3875122070312,,,,,,,,,,276264,2295
1786071834,807221477,,,,,5,-1495.6392822265625,1021.8728637695312,-775.8792724609375,0.11122135818004608,-0.14983785152435303,-0.2687978148460388,0.9449477195739746,1,276264,2295
1786071834,816563579,1,-203.32240295410156,105.48491668701172,-758.332275390625,,,,,,,,,,276265,2295
1786071834,816563579,,,,,5,-1495.5863037109375,1021.8770751953125,-775.8681640625,0.11075769364833832,-0.15034893155097961,-0.26734408736228943,0.9453332424163818,1,276265,2295
1786071834,824566646,1,-203.3136749267578,105.47594451904297,-758.3834838867188,,,,,,,,,,276266,2295
1786071834,824566646,,,,,5,-1495.5560302734375,1021.8492431640625,-775.8922729492188,0.11100971698760986,-0.15046927332878113,-0.2668120563030243,0.9454348683357239,1,276266,2295
1786071834,832657121,1,-203.13018798828125,105.38543701171875,-758.2391967773438,,,,,,,,,,276267,2295
1786071834,832657121,,,,,5,-1495.5828857421875,1021.8605346679688,-775.8836669921875,0.11072477698326111,-0.15043404698371887,-0.2669718563556671,0.9454288482666016,1,276267,2295
1786071834,841596107,1,-203.16233825683594,105.3523178100586,-758.2703247070312,,,,,,,,,,276268,2295
1786071834,841596107,,,,,5,-1495.6282958984375,1021.8922729492188,-775.87890625,0.11077290028333664,-0.15019051730632782,-0.26739799976348877,0.9453414678573608,1,276268,2295
1786071834,849593637,1,-203.29364013671875,105.52393341064453,-758.39404296875,,,,,,,,,,276269,2295
1786071834,849593637,,,,,5,-1495.599365234375,1021.8658447265625,-775.8519897460938,0.11089463531970978,-0.15042994916439056,-0.2677069306373596,0.9452016949653625,1,276269,2295
1786071834,857540629,1,-203.3868408203125,105.44084167480469,-758.3853149414062,,,,,,,,,,276270,2295
1786071834,857540629,,,,,5,-1495.7259521484375,1021.9215087890625,-775.8336791992188,0.11143141984939575,-0.1494363695383072,-0.26797667145729065,0.9452196955680847,1,276270,2295
1786071834,866403473,1,-203.21029663085938,105.32770538330078,-758.2718505859375,,,,,,,,,,276271,2295
1786071834,866403473,,,,,5,-1495.5943603515625,1021.8634643554688,-775.883544921875,0.11083652824163437,-0.1502138376235962,-0.2674533724784851,0.9453147053718567,1,276271,2295
1786071834,874494685,1,-203.34352111816406,105.43978881835938,-758.39892578125,,,,,,,,,,276272,2295
1786071834,874494685,,,,,5,-1495.5657958984375,1021.8698120117188,-775.8549194335938,0.110991932451725,-0.15038296580314636,-0.2671615183353424,0.9453520178794861,1,276272,2295
1786071834,883398720,1,-203.36212158203125,105.43548583984375,-758.39990234375,,,,,,,,,,276273,2295
1786071834,883398720,,,,,5,-1495.619873046875,1021.9049072265625,-775.838134765625,0.1108388677239418,-0.1501873880624771,-0.2676779329776764,0.9452549815177917,1,276273,2295
1786071834,891407644,1,-203.3876953125,105.66996002197266,-758.3151245117188,,,,,,,,,,276274,2295
1786071834,891407644,,,,,5,-1495.59912109375,1021.8824462890625,-775.83544921875,0.110682412981987,-0.1504957377910614,-0.2670843303203583,0.9453921914100647,1,276274,2295
1786071834,899403894,1,-203.28268432617188,105.53675079345703,-758.3532104492188,,,,,,,,,,276275,2295
1786071834,899403894,,,,,5,-1495.5953369140625,1021.8741455078125,-775.8515625,0.11084748059511185,-0.1505459100008011,-0.26750901341438293,0.9452447295188904,1,276275,2295
1786071834,908335967,1,-203.1591796875,105.47217559814453,-758.3532104492188,,,,,,,,,,276276,2295
1786071834,908335967,,,,,5,-1495.5966796875,1021.8577270507812,-775.8523559570312,0.1105177104473114,-0.1502818763256073,-0.26705440878868103,0.945453941822052,1,276276,2295
1786071834,916392932,1,-203.1828155517578,105.3746337890625,-758.2533569335938,,,,,,,,,,276277,2295
1786071834,916392932,,,,,5,-1495.5860595703125,1021.8864135742188,-775.9002075195312,0.11071387678384781,-0.15026038885116577,-0.2669450640678406,0.9454652667045593,1,276277,2295
1786071834,924279881,1,-203.17337036132812,105.38980102539062,-758.27490234375,,,,,,,,,,276278,2295
1786071834,924279881,,,,,5,-1495.5743408203125,1021.8812866210938,-775.8786010742188,0.11103753000497818,-0.15030138194561005,-0.26727044582366943,0.945328950881958,1,276278,2295
1786071834,933250361,1,-203.3054962158203,105.50086975097656,-758.2913208007812,,,,,,,,,,276279,2295
1786071834,933250361,,,,,5,-1495.5955810546875,1021.8986206054688,-775.8446655273438,0.11079300194978714,-0.1505097895860672,-0.26721516251564026,0.9453400373458862,1,276279,2295
1786071834,941215981,1,-203.07212829589844,104.99223327636719,-758.4298095703125,,,,,,,,,,276280,2295
1786071834,941215981,,,,,5,-1495.5728759765625,1021.8782348632812,-775.8378295898438,0.11085350811481476,-0.15046662092208862,-0.2674609124660492,0.9452704191207886,1,276280,2295
1786071834,949241548,1,-204.08258056640625,104.24625396728516,-758.7803955078125,,,,,,,,,,276281,2295
1786071834,949241548,,,,,5,-1495.6021728515625,1021.9027709960938,-775.8536376953125,0.11084897071123123,-0.15038105845451355,-0.26726213097572327,0.9453406929969788,1,276281,2295
1786071834,958117130,1,-203.3424835205078,105.43286895751953,-758.3261108398438,,,,,,,,,,276282,2295
1786071834,958117130,,,,,5,-1495.6170654296875,1021.88671875,-775.8673095703125,0.1109895333647728,-0.15044595301151276,-0.2680046856403351,0.9451037049293518,1,276282,2295
1786071834,966309897,1,-203.1632537841797,105.37464141845703,-758.2569580078125,,,,,,,,,,276283,2295
1786071834,966309897,,,,,5,-1495.5892333984375,1021.8736572265625,-775.8775024414062,0.11101076751947403,-0.1503937840461731,-0.2675762474536896,0.9452307224273682,1,276283,2295
1786071834,975213004,1,-203.15679931640625,105.3655776977539,-758.2466430664062,,,,,,,,,,276284,2295
1786071834,975213004,,,,,5,-1495.6170654296875,1021.8931884765625,-775.8290405273438,0.11076416075229645,-0.15040910243988037,-0.2672828435897827,0.9453403353691101,1,276284,2295
1786071834,983074989,1,-203.30101013183594,105.62177276611328,-758.3924560546875,,,,,,,,,,276285,2295
1786071834,983074989,,,,,5,-1495.6116943359375,1021.8627319335938,-775.8546142578125,0.11103928089141846,-0.15033364295959473,-0.2677519917488098,0.9451872110366821,1,276285,2295
1786071834,991231108,1,-203.18031311035156,105.35054016113281,-758.302001953125,,,,,,,,,,276286,2295
1786071834,991231108,,,,,5,-1495.6920166015625,1021.9195556640625,-775.8303833007812,0.11151351034641266,-0.14944182336330414,-0.2685573995113373,0.9450443983078003,1,276286,2295
1786071835,106466,1,-203.14505004882812,105.39576721191406,-758.2866821289062,,,,,,,,,,276287,2295
1786071835,106466,,,,,5,-1495.6080322265625,1021.8800659179688,-775.8380737304688,0.11111888289451599,-0.15043331682682037,-0.268046498298645,0.9450787305831909,1,276287,2295
1786071835,8170185,1,-202.94285583496094,105.67474365234375,-758.106689453125,,,,,,,,,,276288,2295
1786071835,8170185,,,,,5,-1495.5706787109375,1021.8572387695312,-775.86279296875,0.11130879819393158,-0.1500483602285385,-0.26827722787857056,0.9450519680976868,1,276288,2295
1786071835,16115033,1,-203.3491973876953,105.46735382080078,-758.3654174804688,,,,,,,,,,276289,2295
1786071835,16115033,,,,,5,-1495.5780029296875,1021.8947143554688,-775.8544921875,0.11084389686584473,-0.1503947675228119,-0.2672521471977234,0.945341944694519,1,276289,2295
1786071835,25264938,1,-202.97166442871094,105.93037414550781,-758.3865356445312,,,,,,,,,,276290,2295
1786071835,25264938,,,,,5,-1495.5789794921875,1021.8761596679688,-775.8163452148438,0.11100338399410248,-0.15041287243366241,-0.2680707573890686,0.9450885057449341,1,276290,2295
1786071835,33156720,1,-203.33990478515625,105.49188995361328,-758.3724365234375,,,,,,,,,,276291,2295
1786071835,33156720,,,,,5,-1495.5849609375,1021.8773803710938,-775.8319091796875,0.11100300401449203,-0.15039843320846558,-0.2672687768936157,0.9453179240226746,1,276291,2295
1786071835,40988747,1,-203.15850830078125,105.42274475097656,-758.2063598632812,,,,,,,,,,276292,2295
1786071835,40988747,,,,,5,-1495.6658935546875,1021.9130249023438,-775.8148803710938,0.1114058643579483,-0.14954771101474762,-0.26807186007499695,0.9451780915260315,1,276292,2295
1786071835,49985792,1,-202.97775268554688,105.93201446533203,-758.4288940429688,,,,,,,,,,276293,2295
1786071835,49985792,,,,,5,-1495.5931396484375,1021.8743286132812,-775.8251342773438,0.1110084056854248,-0.15044568479061127,-0.26763907074928284,0.9452050924301147,1,276293,2295
1786071835,58096175,1,-203.25927734375,105.25142669677734,-758.3355102539062,,,,,,,,,,276294,2295
1786071835,58096175,,,,,5,-1495.5975341796875,1021.8724975585938,-775.8325805664062,0.11107026040554047,-0.15042206645011902,-0.2684766352176666,0.9449639320373535,1,276294,2295
1786071835,65907398,1,-202.99749755859375,105.5849838256836,-758.2112426757812,,,,,,,,,,276295,2295
1786071835,65907398,,,,,5,-1495.577392578125,1021.8671875,-775.8510131835938,0.11079477518796921,-0.15048927068710327,-0.2672814428806305,0.9453244209289551,1,276295,2295
1786071835,74921790,1,-203.23069763183594,105.425048828125,-758.3477172851562,,,,,,,,,,276296,2295
1786071835,74921790,,,,,5,-1495.5931396484375,1021.8816528320312,-775.8296508789062,0.1109747588634491,-0.1503739356994629,-0.2677994668483734,0.945175051689148,1,276296,2295
1786071835,83047376,1,-203.17660522460938,105.17022705078125,-758.4356079101562,,,,,,,,,,276297,2295
1786071835,83047376,,,,,5,-1495.6065673828125,1021.8770751953125,-775.8292846679688,0.1111193373799324,-0.1502094715833664,-0.2683914303779602,0.9450162649154663,1,276297,2295
1786071835,90811870,1,-203.22669982910156,105.32784271240234,-758.2193603515625,,,,,,,,,,276298,2295
1786071835,90811870,,,,,5,-1495.6009521484375,1021.87255859375,-775.8422241210938,0.1110086441040039,-0.1502845734357834,-0.2677120864391327,0.9452099204063416,1,276298,2295
1786071835,100030429,1,-203.34335327148438,105.46405792236328,-758.3939208984375,,,,,,,,,,276299,2295
1786071835,100030429,,,,,5,-1495.5394287109375,1021.8389892578125,-775.8272094726562,0.11118786036968231,-0.15027457475662231,-0.2678939402103424,0.9451388716697693,1,276299,2295
1786071835,107873498,1,-203.2044219970703,105.33678436279297,-758.2843017578125,,,,,,,,,,276300,2295
1786071835,107873498,,,,,5,-1495.6048583984375,1021.8429565429688,-775.8673706054688,0.11082009971141815,-0.15034033358097076,-0.26779595017433167,0.9451994895935059,1,276300,2295
1786071835,115724856,1,-203.11427307128906,104.8901138305664,-758.4442138671875,,,,,,,,,,276301,2295
1786071835,115724856,,,,,5,-1495.5740966796875,1021.8515014648438,-775.88232421875,0.11122366786003113,-0.15050816535949707,-0.2674996554851532,0.9452093839645386,1,276301,2295
1786071835,124751699,1,-203.21527099609375,105.55303192138672,-758.1873168945312,,,,,,,,,,276302,2295
1786071835,124751699,,,,,5,-1495.709228515625,1021.9080200195312,-775.7852172851562,0.11160527169704437,-0.149704709649086,-0.26889368891716003,0.9448963403701782,1,276302,2295
1786071835,132683489,1,-203.04283142089844,104.98474884033203,-758.4075927734375,,,,,,,,,,276303,2295
1786071835,132683489,,,,,5,-1495.5693359375,1021.8297119140625,-775.84912109375,0.11121337860822678,-0.15019890666007996,-0.2677466869354248,0.9451897144317627,1,276303,2295
1786071835,141679733,1,-203.36050415039062,105.6076889038086,-758.2828979492188,,,,,,,,,,276304,2295
1786071835,141679733,,,,,5,-1495.583984375,1021.8536376953125,-775.8803100585938,0.11113382130861282,-0.15016768872737885,-0.26803117990493774,0.9451234936714172,1,276304,2295
1786071835,149683024,1,-203.20277404785156,105.32518768310547,-758.266845703125,,,,,,,,,,276305,2295
1786071835,149683024,,,,,5,-1495.7010498046875,1021.9130859375,-775.8034057617188,0.11161482334136963,-0.14966793358325958,-0.268462210893631,0.9450236558914185,1,276305,2295
1786071835,157622879,1,-203.3018798828125,105.49478912353516,-758.2883911132812,,,,,,,,,,276306,2295
1786071835,157622879,,,,,5,-1495.5697021484375,1021.8515625,-775.8588256835938,0.11115489155054092,-0.15006542205810547,-0.26778337359428406,0.9452073574066162,1,276306,2295
1786071835,166626038,1,-203.4254913330078,105.98126220703125,-758.5200805664062,,,,,,,,,,276307,2295
1786071835,166626038,,,,,5,-1495.671875,1021.9176025390625,-775.8001098632812,0.11163295805454254,-0.14974074065685272,-0.26872625946998596,0.9449349641799927,1,276307,2295
1786071835,174673081,1,-203.12110900878906,105.39918518066406,-758.252197265625,,,,,,,,,,276308,2295
1786071835,174673081,,,,,5,-1495.5550537109375,1021.8536987304688,-775.8630981445312,0.11100485175848007,-0.15022437274456024,-0.2673920691013336,0.9453105926513672,1,276308,2295
1786071835,182568736,1,-203.1298370361328,105.40040588378906,-758.2152709960938,,,,,,,,,,276309,2295
1786071835,182568736,,,,,5,-1495.6014404296875,1021.8688354492188,-775.8555908203125,0.11088191717863083,-0.15026338398456573,-0.2671172320842743,0.9453965425491333,1,276309,2295
1786071835,191551666,1,-203.22171020507812,105.32088470458984,-758.2570190429688,,,,,,,,,,276310,2295
1786071835,191551666,,,,,5,-1495.5596923828125,1021.8578491210938,-775.8375854492188,0.1111953854560852,-0.15041576325893402,-0.2678024470806122,0.9451415538787842,1,276310,2295
1786071835,199813213,1,-202.9799346923828,105.84550476074219,-758.1516723632812,,,,,,,,,,276311,2295
1786071835,199813213,,,,,5,-1495.5999755859375,1021.8811645507812,-775.8121337890625,0.11129025369882584,-0.15048648416996002,-0.26860207319259644,0.9448921084403992,1,276311,2295
1786071835,207531619,1,-203.3209686279297,105.45683288574219,-758.3860473632812,,,,,,,,,,276312,2295
1786071835,207531619,,,,,5,-1495.5716552734375,1021.8756103515625,-775.8307495117188,0.11092548072338104,-0.15038424730300903,-0.2677927315235138,0.9451810121536255,1,276312,2295
1786071835,216470445,1,-203.51573181152344,105.35374450683594,-758.2491455078125,,,,,,,,,,276313,2295
1786071835,216470445,,,,,5,-1495.585205078125,1021.8801879882812,-775.867431640625,0.11094402521848679,-0.1503324955701828,-0.2675018012523651,0.9452695846557617,1,276313,2295
1786071835,224518512,1,-203.1818084716797,105.36335754394531,-758.2679443359375,,,,,,,,,,276314,2295
1786071835,224518512,,,,,5,-1495.5855712890625,1021.8899536132812,-775.81298828125,0.11091958731412888,-0.15050682425498962,-0.26776430010795593,0.9451703429222107,1,276314,2295
1786071835,233459611,1,-203.16461181640625,105.37982940673828,-758.2288818359375,,,,,,,,,,276315,2295
1786071835,233459611,,,,,5,-1495.5426025390625,1021.8463134765625,-775.8320922851562,0.11129481345415115,-0.15011225640773773,-0.26814770698547363,0.9450803399085999,1,276315,2295
1786071835,241414925,1,-203.37571716308594,105.44122314453125,-758.4060668945312,,,,,,,,,,276316,2295
1786071835,241414925,,,,,5,-1495.5599365234375,1021.8439331054688,-775.880859375,0.11102087050676346,-0.15021465718746185,-0.2671307623386383,0.9453840851783752,1,276316,2295
1786071835,249313588,1,-203.826171875,104.88452911376953,-758.9012451171875,,,,,,,,,,276317,2295
1786071835,249313588,,,,,5,-1495.59521484375,1021.86376953125,-775.8624877929688,0.11096300929784775,-0.15035541355609894,-0.2678437829017639,0.9451667666435242,1,276317,2295
1786071835,258359058,1,-203.08106994628906,106.65313720703125,-758.793212890625,,,,,,,,,,276318,2295
1786071835,258359058,,,,,5,-1495.58203125,1021.8857421875,-775.8474731445312,0.1111045852303505,-0.15049295127391815,-0.26799213886260986,0.9450860023498535,1,276318,2295
1786071835,266316292,1,-203.00962829589844,106.10441589355469,-758.4679565429688,,,,,,,,,,276319,2295
1786071835,266316292,,,,,5,-1495.5716552734375,1021.8678588867188,-775.8500366210938,0.11117011308670044,-0.15013562142848969,-0.2677387595176697,0.9452071189880371,1,276319,2295
1786071835,274426932,1,-203.3678436279297,105.42840576171875,-758.3799438476562,,,,,,,,,,276320,2295
1786071835,274426932,,,,,5,-1495.5806884765625,1021.8635864257812,-775.8278198242188,0.11098256707191467,-0.15035255253314972,-0.2679363489151001,0.945138692855835,1,276320,2295
1786071835,283317205,1,-203.20721435546875,105.11925506591797,-758.4742431640625,,,,,,,,,,276321,2295
1786071835,283317205,,,,,5,-1495.6011962890625,1021.8751831054688,-775.8348999023438,0.11091728508472443,-0.15057820081710815,-0.2678312361240387,0.9451403021812439,1,276321,2295
1786071835,291334450,1,-203.35609436035156,105.47126007080078,-758.3924560546875,,,,,,,,,,276322,2295
1786071835,291334450,,,,,5,-1495.5531005859375,1021.8629150390625,-775.8444213867188,0.11124376207590103,-0.1501871794462204,-0.2681378722190857,0.945077121257782,1,276322,2295
1786071835,299241403,1,-203.35874938964844,105.50346374511719,-758.3690795898438,,,,,,,,,,276323,2295
1786071835,299241403,,,,,5,-1495.5706787109375,1021.8829956054688,-775.827880859375,0.11101613193750381,-0.1504208743572235,-0.26803088188171387,0.945097029209137,1,276323,2295
1786071835,308244593,1,-203.2388153076172,105.59224700927734,-758.2797241210938,,,,,,,,,,276324,2295
1786071835,308244593,,,,,5,-1495.5589599609375,1021.900390625,-775.86572265625,0.11076884716749191,-0.15035033226013184,-0.2672451138496399,0.9453597068786621,1,276324,2295
1786071835,316120628,1,-203.19793701171875,105.30038452148438,-758.2944946289062,,,,,,,,,,276325,2295
1786071835,316120628,,,,,5,-1495.5863037109375,1021.8800659179688,-775.8504028320312,0.11090436577796936,-0.15039066970348358,-0.2674897313117981,0.9452681541442871,1,276325,2295
1786071835,325225854,1,-203.32876586914062,105.52779388427734,-758.3043212890625,,,,,,,,,,276326,2295
1786071835,325225854,,,,,5,-1495.576904296875,1021.8623046875,-775.847412109375,0.11111782491207123,-0.1501111537218094,-0.2678384780883789,0.9451888203620911,1,276326,2295
1786071835,333126565,1,-203.1106719970703,105.34881591796875,-758.2907104492188,,,,,,,,,,276327,2295
1786071835,333126565,,,,,5,-1495.5853271484375,1021.8504028320312,-775.8688354492188,0.11111419647932053,-0.1501987874507904,-0.2676943838596344,0.9452162384986877,1,276327,2295
1786071835,340633955,1,-203.18177795410156,105.40833282470703,-758.3515625,,,,,,,,,,276328,2295
1786071835,340633955,,,,,5,-1495.5521240234375,1021.8568725585938,-775.8500366210938,0.1107892245054245,-0.15047232806682587,-0.2677772045135498,0.9451873898506165,1,276328,2295
1786071835,350103249,1,-203.3107452392578,105.48833465576172,-758.392822265625,,,,,,,,,,276329,2295
1786071835,350103249,,,,,5,-1495.603271484375,1021.9000854492188,-775.8048706054688,0.11119864881038666,-0.15037475526332855,-0.26821714639663696,0.9450300931930542,1,276329,2295
1786071835,358144883,1,-203.24537658691406,105.28739166259766,-758.3484497070312,,,,,,,,,,276330,2295
1786071835,358144883,,,,,5,-1495.5560302734375,1021.8356323242188,-775.8333740234375,0.11083406209945679,-0.1504502147436142,-0.26734045147895813,0.9453092217445374,1,276330,2295
1786071835,365986832,1,-204.18997192382812,104.6111831665039,-758.5672607421875,,,,,,,,,,276331,2295
1786071835,365986832,,,,,5,-1495.56884765625,1021.8622436523438,-775.83203125,0.1108093187212944,-0.15050072968006134,-0.2672499418258667,0.9453297257423401,1,276331,2295
1786071835,375182378,1,-202.74464416503906,105.98222351074219,-758.1981201171875,,,,,,,,,,276332,2295
1786071835,375182378,,,,,5,-1495.5650634765625,1021.873046875,-775.8351440429688,0.11081662774085999,-0.15052025020122528,-0.2676314115524292,0.9452178478240967,1,276332,2295
1786071835,383001634,1,-203.37298583984375,105.67609405517578,-758.3153076171875,,,,,,,,,,276333,2295
1786071835,383001634,,,,,5,-1495.5848388671875,1021.8600463867188,-775.8378295898438,0.11092402040958405,-0.15043973922729492,-0.2676330506801605,0.9452176094055176,1,276333,2295
1786071835,391004989,1,-203.309814453125,105.49720001220703,-758.3966064453125,,,,,,,,,,276334,2295
1786071835,391004989,,,,,5,-1495.5809326171875,1021.869140625,-775.8432006835938,0.11095790565013885,-0.15047457814216614,-0.26778268814086914,0.945165753364563,1,276334,2295
1786071835,399883964,1,-203.11402893066406,106.31558227539062,-758.6451416015625,,,,,,,,,,276335,2295
1786071835,399883964,,,,,5,-1495.5830078125,1021.8508911132812,-775.8709716796875,0.1109713688492775,-0.15040288865566254,-0.2675882577896118,0.9452306032180786,1,276335,2295
1786071835,407889880,1,-203.18125915527344,105.34463500976562,-758.2979736328125,,,,,,,,,,276336,2295
1786071835,407889880,,,,,5,-1495.5609130859375,1021.8433837890625,-775.8395385742188,0.11121731251478195,-0.15034033358097076,-0.2679307460784912,0.9451146125793457,1,276336,2295
1786071835,415827462,1,-203.1931915283203,105.38504791259766,-758.276123046875,,,,,,,,,,276337,2295
1786071835,415827462,,,,,5,-1495.5936279296875,1021.8703002929688,-775.8270874023438,0.11110005527734756,-0.15046237409114838,-0.26785603165626526,0.9451302886009216,1,276337,2295
1786071835,425079979,1,-203.06771850585938,104.95272064208984,-758.4352416992188,,,,,,,,,,276338,2295
1786071835,425079979,,,,,5,-1495.5582275390625,1021.8451538085938,-775.8626708984375,0.11112667620182037,-0.1504204124212265,-0.2674962282180786,0.945235550403595,1,276338,2295
1786071835,432918023,1,-203.38558959960938,105.432861328125,-758.3624877929688,,,,,,,,,,276339,2295
1786071835,432918023,,,,,5,-1495.6029052734375,1021.8588256835938,-775.8599853515625,0.1110505759716034,-0.15037353336811066,-0.26799026131629944,0.9451120495796204,1,276339,2295
1786071835,441768609,1,-203.22427368164062,105.29588317871094,-758.2835693359375,,,,,,,,,,276340,2296
1786071835,441768609,,,,,5,-1495.6781005859375,1021.9181518554688,-775.7907104492188,0.11144484579563141,-0.14968673884868622,-0.26833653450012207,0.9450765252113342,1,276340,2296
1786071835,449802529,1,-203.04736328125,104.8900375366211,-758.4595336914062,,,,,,,,,,276341,2296
1786071835,449802529,,,,,5,-1495.690673828125,1021.8976440429688,-775.8214721679688,0.11166918277740479,-0.1495596468448639,-0.2682657539844513,0.9450902342796326,1,276341,2296
1786071835,457850373,1,-202.73831176757812,105.9562759399414,-758.2010498046875,,,,,,,,,,276342,2296
1786071835,457850373,,,,,5,-1495.5760498046875,1021.8645629882812,-775.8031616210938,0.11107639968395233,-0.15051116049289703,-0.2681209146976471,0.9450500011444092,1,276342,2296
1786071835,466673625,1,-203.46682739257812,105.96756744384766,-758.516845703125,,,,,,,,,,276343,2296
1786071835,466673625,,,,,5,-1495.5799560546875,1021.8689575195312,-775.8228149414062,0.11106771230697632,-0.15020911395549774,-0.2675212025642395,0.9452690482139587,1,276343,2296
1786071835,474736127,1,-203.38681030273438,105.6603012084961,-758.6539306640625,,,,,,,,,,276344,2296
1786071835,474736127,,,,,5,-1495.5865478515625,1021.8919067382812,-775.84375,0.11127875000238419,-0.15013501048088074,-0.26816752552986145,0.9450728893280029,1,276344,2296
1786071835,482657387,1,-203.2887420654297,105.52391052246094,-758.3047485351562,,,,,,,,,,276345,2296
1786071835,482657387,,,,,5,-1495.5943603515625,1021.8560791015625,-775.8333740234375,0.11064863950014114,-0.15019498765468597,-0.2678970694541931,0.945214033126831,1,276345,2296
1786071835,491706538,1,-203.3230438232422,105.43620300292969,-758.3748779296875,,,,,,,,,,276346,2296
1786071835,491706538,,,,,5,-1495.5882568359375,1021.8515014648438,-775.8223266601562,0.11125810444355011,-0.15045341849327087,-0.2682144343852997,0.94501131772995,1,276346,2296
1786071835,499673630,1,-203.1888885498047,105.33698272705078,-758.2865600585938,,,,,,,,,,276347,2296
1786071835,499673630,,,,,5,-1495.707763671875,1021.9332275390625,-775.7841186523438,0.11138755828142166,-0.14949658513069153,-0.26842591166496277,0.9450879096984863,1,276347,2296
1786071835,507744165,1,-203.14657592773438,105.41519165039062,-758.2066650390625,,,,,,,,,,276348,2296
1786071835,507744165,,,,,5,-1495.57470703125,1021.8927001953125,-775.8318481445312,0.11072858422994614,-0.1504659652709961,-0.2666842043399811,0.9455044865608215,1,276348,2296
1786071835,516657227,1,-203.346923828125,105.50431060791016,-758.3711547851562,,,,,,,,,,276349,2296
1786071835,516657227,,,,,5,-1495.5933837890625,1021.8681640625,-775.8425903320312,0.11082951724529266,-0.15041780471801758,-0.2679138481616974,0.9451525807380676,1,276349,2296
1786071835,524775963,1,-202.80125427246094,105.73439025878906,-758.4349975585938,,,,,,,,,,276350,2296
1786071835,524775963,,,,,5,-1495.5584716796875,1021.8308715820312,-775.8251342773438,0.11113810539245605,-0.15020118653774261,-0.2679350972175598,0.9451448321342468,1,276350,2296
1786071835,532524486,1,-203.13198852539062,105.38823699951172,-758.2589111328125,,,,,,,,,,276351,2296
1786071835,532524486,,,,,5,-1495.576171875,1021.8585205078125,-775.8507690429688,0.11116450279951096,-0.15006248652935028,-0.26791495084762573,0.9451695084571838,1,276351,2296
1786071835,541757192,1,-203.32843017578125,105.50170135498047,-758.3836059570312,,,,,,,,,,276352,2296
1786071835,541757192,,,,,5,-1495.5633544921875,1021.8614501953125,-775.8419799804688,0.11115766316652298,-0.15025833249092102,-0.26763883233070374,0.9452173709869385,1,276352,2296
1786071835,549518517,1,-203.2587890625,105.18318176269531,-758.4373168945312,,,,,,,,,,276353,2296
1786071835,549518517,,,,,5,-1495.56982421875,1021.88818359375,-775.8069458007812,0.11087062209844589,-0.15025155246257782,-0.2676377594470978,0.9452524781227112,1,276353,2296
1786071835,558626207,1,-202.8013153076172,105.86944580078125,-758.2508544921875,,,,,,,,,,276354,2296
1786071835,558626207,,,,,5,-1495.59326171875,1021.8571166992188,-775.8639526367188,0.1110483705997467,-0.15010765194892883,-0.26772791147232056,0.9452288746833801,1,276354,2296
1786071835,566460826,1,-203.2038116455078,105.34516906738281,-758.2683715820312,,,,,,,,,,276355,2296
1786071835,566460826,,,,,5,-1495.683837890625,1021.9332885742188,-775.8058471679688,0.1114371046423912,-0.14963789284229279,-0.2685486078262329,0.9450249075889587,1,276355,2296
1786071835,574471799,1,-203.24046325683594,105.13636016845703,-758.4784545898438,,,,,,,,,,276356,2296
1786071835,574471799,,,,,5,-1495.6986083984375,1021.9365234375,-775.7947998046875,0.11136402189731598,-0.14966467022895813,-0.2683687210083008,0.9450805187225342,1,276356,2296
1786071835,583450920,1,-203.31732177734375,105.4570541381836,-758.4240112304688,,,,,,,,,,276357,2296
1786071835,583450920,,,,,5,-1495.5621337890625,1021.8641967773438,-775.8395385742188,0.11111464351415634,-0.15049263834953308,-0.2679285705089569,0.945103108882904,1,276357,2296
1786071835,591690287,1,-202.96617126464844,106.01304626464844,-758.3883056640625,,,,,,,,,,276358,2296
1786071835,591690287,,,,,5,-1495.5703125,1021.8447265625,-775.8789672851562,0.11109669506549835,-0.15016038715839386,-0.2675359845161438,0.9452692866325378,1,276358,2296
1786071835,599437210,1,-203.330322265625,105.46086120605469,-758.338623046875,,,,,,,,,,276359,2296
1786071835,599437210,,,,,5,-1495.5853271484375,1021.8485717773438,-775.8436889648438,0.11109169572591782,-0.15037064254283905,-0.26795700192451477,0.9451170563697815,1,276359,2296
1786071835,608386182,1,-203.23248291015625,105.21824645996094,-758.3699951171875,,,,,,,,,,276360,2296
1786071835,608386182,,,,,5,-1495.5711669921875,1021.8612670898438,-775.8370361328125,0.1109287440776825,-0.15032464265823364,-0.2676048278808594,0.9452432990074158,1,276360,2296
1786071835,616343449,1,-203.2498779296875,105.61455535888672,-758.3070678710938,,,,,,,,,,276361,2296
1786071835,616343449,,,,,5,-1495.5596923828125,1021.8805541992188,-775.8217163085938,0.11115379631519318,-0.1502360999584198,-0.2678215503692627,0.9451696276664734,1,276361,2296
1786071835,624490286,1,-203.21087646484375,105.71575927734375,-758.2858276367188,,,,,,,,,,276362,2296
1786071835,624490286,,,,,5,-1495.6773681640625,1021.8972778320312,-775.8158569335938,0.11167576909065247,-0.14951792359352112,-0.26830828189849854,0.9450838565826416,1,276362,2296
1786071835,633755382,1,-204.10821533203125,104.23834228515625,-758.7482299804688,,,,,,,,,,276363,2296
1786071835,633755382,,,,,5,-1495.5814208984375,1021.8619384765625,-775.8373413085938,0.1112847551703453,-0.1500978320837021,-0.2683040499687195,0.9450393319129944,1,276363,2296
1786071835,641187622,1,-203.22373962402344,105.16974639892578,-758.4456176757812,,,,,,,,,,276364,2296
1786071835,641187622,,,,,5,-1495.5972900390625,1021.8600463867188,-775.8480834960938,0.11087734997272491,-0.15030641853809357,-0.26781827211380005,0.9451918005943298,1,276364,2296
1786071835,649394599,1,-203.30882263183594,105.50187683105469,-758.364013671875,,,,,,,,,,276365,2296
1786071835,649394599,,,,,5,-1495.6058349609375,1021.8869018554688,-775.8529663085938,0.11109893769025803,-0.15030556917190552,-0.26828819513320923,0.9450326561927795,1,276365,2296
1786071835,658358262,1,-203.14901733398438,105.47816467285156,-758.3257446289062,,,,,,,,,,276366,2296
1786071835,658358262,,,,,5,-1495.57177734375,1021.8677978515625,-775.8410034179688,0.11115232855081558,-0.15007738769054413,-0.26741552352905273,0.9453099370002747,1,276366,2296
1786071835,666197170,1,-203.15330505371094,107.05052947998047,-756.7420043945312,,,,,,,,,,276367,2296
1786071835,666197170,,,,,5,-1495.5682373046875,1021.8446655273438,-775.85107421875,0.11128691583871841,-0.15024691820144653,-0.26814499497413635,0.9450604915618896,1,276367,2296
1786071835,675175043,1,-202.6996307373047,107.09806823730469,-752.3095703125,,,,,,,,,,276368,2296
1786071835,675175043,,,,,5,-1495.587646484375,1021.8729858398438,-775.8718872070312,0.11116473376750946,-0.14990602433681488,-0.2678578197956085,0.9452103972434998,1,276368,2296
1786071835,682994524,1,-202.6848907470703,106.78474426269531,-746.9536743164062,,,,,,,,,,276369,2296
1786071835,682994524,,,,,5,-1495.5938720703125,1021.9000244140625,-775.8397216796875,0.11093289405107498,-0.15029029548168182,-0.2678861618041992,0.9451686143875122,1,276369,2296
1786071835,690968721,1,-202.50247192382812,106.50164794921875,-741.778076171875,,,,,,,,,,276370,2296
1786071835,690968721,,,,,5,-1495.5721435546875,1021.8274536132812,-775.8954467773438,0.11089178919792175,-0.15017923712730408,-0.2673588693141937,0.9453405141830444,1,276370,2296
1786071835,699997164,1,-202.5362548828125,105.85749816894531,-736.0691528320312,,,,,,,,,,276371,2296
1786071835,699997164,,,,,5,-1495.5794677734375,1021.8991088867188,-775.8531494140625,0.11086750030517578,-0.1502854824066162,-0.26788878440856934,0.9451763033866882,1,276371,2296
1786071835,708011689,1,-202.53170776367188,106.09747314453125,-731.4861450195312,,,,,,,,,,276372,2296
1786071835,708011689,,,,,5,-1495.6385498046875,1021.9190673828125,-775.8525390625,0.11091387271881104,-0.15035204589366913,-0.26799023151397705,0.9451315999031067,1,276372,2296
1786071835,715975133,1,-202.00735473632812,106.54283905029297,-726.9863891601562,,,,,,,,,,276373,2296
1786071835,715975133,,,,,5,-1495.5977783203125,1021.8629760742188,-775.88232421875,0.11125995963811874,-0.15013226866722107,-0.2679813802242279,0.945128321647644,1,276373,2296
1786071835,725051488,1,-202.44650268554688,106.91178894042969,-723.2470092773438,,,,,,,,,,276374,2296
1786071835,725051488,,,,,5,-1495.5936279296875,1021.8695678710938,-775.85693359375,0.11083831638097763,-0.15033403038978577,-0.2678614556789398,0.9451797604560852,1,276374,2296
1786071835,732952744,1,-202.0548858642578,107.16839599609375,-719.2648315429688,,,,,,,,,,276375,2296
1786071835,732952744,,,,,5,-1495.5850830078125,1021.8621215820312,-775.8561401367188,0.11095676571130753,-0.15042023360729218,-0.26759782433509827,0.945226788520813,1,276375,2296
1786071835,741070617,1,-201.9888916015625,106.83504486083984,-715.7356567382812,,,,,,,,,,276376,2296
1786071835,741070617,,,,,5,-1495.591064453125,1021.9032592773438,-775.8465576171875,0.11110879480838776,-0.15038447082042694,-0.2679290473461151,0.9451208710670471,1,276376,2296
1786071835,749910608,1,-201.1849822998047,107.08736419677734,-711.8792114257812,,,,,,,,,,276377,2296
1786071835,749910608,,,,,5,-1495.5565185546875,1021.8767700195312,-775.8269653320312,0.11137502640485764,-0.1502968668937683,-0.2680763006210327,0.9450616836547852,1,276377,2296
1786071835,757788052,1,-201.6025848388672,107.05474853515625,-709.1695556640625,,,,,,,,,,276378,2296
1786071835,757788052,,,,,5,-1495.5560302734375,1021.8700561523438,-775.8551635742188,0.1110508069396019,-0.15027251839637756,-0.26740533113479614,0.9452937841415405,1,276378,2296
1786071835,766769222,1,-200.72811889648438,107.6422348022461,-705.6530151367188,,,,,,,,,,276379,2296
1786071835,766769222,,,,,5,-1495.53564453125,1021.8485717773438,-775.8661499023438,0.11105957627296448,-0.1503572016954422,-0.2672487497329712,0.945323646068573,1,276379,2296
1786071835,774827819,1,-201.06573486328125,106.33755493164062,-702.4884033203125,,,,,,,,,,276380,2296
1786071835,774827819,,,,,5,-1495.586181640625,1021.8847045898438,-775.8171997070312,0.11114612966775894,-0.1503441333770752,-0.26837828755378723,0.9449953436851501,1,276380,2296
1786071835,782812290,1,-201.1677703857422,107.09461212158203,-698.8716430664062,,,,,,,,,,276381,2296
1786071835,782812290,,,,,5,-1495.5693359375,1021.86767578125,-775.8451538085938,0.11062729358673096,-0.15047065913677216,-0.2667568027973175,0.9454951286315918,1,276381,2296
1786071835,791702275,1,-201.3519744873047,108.21058654785156,-695.5646362304688,,,,,,,,,,276382,2296
1786071835,791702275,,,,,5,-1495.5570068359375,1021.86279296875,-775.86083984375,0.11133507639169693,-0.15010316669940948,-0.2677259147167206,0.9451965093612671,1,276382,2296
1786071835,799819828,1,-201.6983642578125,107.56939697265625,-692.681396484375,,,,,,,,,,276383,2296
1786071835,799819828,,,,,5,-1495.566162109375,1021.8626098632812,-775.8738403320312,0.11104975640773773,-0.1503317505121231,-0.2677145004272461,0.9451969861984253,1,276383,2296
1786071835,807653551,1,-201.4689483642578,107.98978424072266,-689.18505859375,,,,,,,,,,276384,2296
1786071835,807653551,,,,,5,-1495.57568359375,1021.8843994140625,-775.8414306640625,0.11134835332632065,-0.15018121898174286,-0.2676967978477478,0.9451907277107239,1,276384,2296
1786071835,816839815,1,-200.62759399414062,108.15483093261719,-686.0640258789062,,,,,,,,,,276385,2296
1786071835,816839815,,,,,5,-1495.5828857421875,1021.8687744140625,-775.8399047851562,0.11095888167619705,-0.15054187178611755,-0.2671252191066742,0.9453409314155579,1,276385,2296
1786071835,824735246,1,-200.7511749267578,107.35436248779297,-683.6424560546875,,,,,,,,,,276386,2296
1786071835,824735246,,,,,5,-1495.5872802734375,1021.8700561523438,-775.8314208984375,0.11102614551782608,-0.150364950299263,-0.26769909262657166,0.9451988339424133,1,276386,2296
1786071835,832679774,1,-198.0866241455078,109.23143005371094,-678.49755859375,,,,,,,,,,276387,2296
1786071835,832679774,,,,,5,-1495.579345703125,1021.8469848632812,-775.7947387695312,0.11089715361595154,-0.15056149661540985,-0.2676635980606079,0.945192813873291,1,276387,2296
1786071835,841684757,1,-197.92771911621094,108.52074432373047,-675.2352905273438,,,,,,,,,,276388,2296
1786071835,841684757,,,,,5,-1495.550537109375,1021.8479614257812,-775.8199462890625,0.11137384176254272,-0.1501077562570572,-0.2680659890174866,0.9450947642326355,1,276388,2296
1786071835,849751067,1,-197.7356719970703,107.8631820678711,-671.6609497070312,,,,,,,,,,276389,2296
1786071835,849751067,,,,,5,-1495.57958984375,1021.86083984375,-775.7973022460938,0.11117979884147644,-0.15030714869499207,-0.26780688762664795,0.945159375667572,1,276389,2296
1786071835,857560498,1,-197.004150390625,107.76703643798828,-668.4920043945312,,,,,,,,,,276390,2296
1786071835,857560498,,,,,5,-1495.5662841796875,1021.8703002929688,-775.8137817382812,0.11099424958229065,-0.15061154961585999,-0.2670843005180359,0.945337176322937,1,276390,2296
1786071835,866581836,1,-196.09097290039062,108.9351577758789,-665.2708129882812,,,,,,,,,,276391,2296
1786071835,866581836,,,,,5,-1495.5670166015625,1021.8865356445312,-775.8424682617188,0.11124494671821594,-0.15046527981758118,-0.2672797441482544,0.9452758431434631,1,276391,2296
1786071835,874162487,1,-195.02328491210938,109.46990966796875,-662.0568237304688,,,,,,,,,,276392,2296
1786071835,874162487,,,,,5,-1495.586181640625,1021.8726806640625,-775.82861328125,0.11117009818553925,-0.1501118391752243,-0.2674713730812073,0.9452866911888123,1,276392,2296
1786071835,883538067,1,-194.24949645996094,108.86397552490234,-657.8278198242188,,,,,,,,,,276393,2296
1786071835,883538067,,,,,5,-1495.57421875,1021.865234375,-775.8013305664062,0.11108548939228058,-0.15087741613388062,-0.2675374150276184,0.9451557993888855,1,276393,2296
1786071835,891769817,1,-197.32127380371094,105.71965026855469,-653.7106323242188,,,,,,,,,,276394,2296
1786071835,891769817,,,,,5,-1495.6121826171875,1021.87939453125,-775.8263549804688,0.11091248691082001,-0.15047909319400787,-0.26755404472351074,0.945235013961792,1,276394,2296
1786071835,899601108,1,-196.28907775878906,107.02696990966797,-651.2168579101562,,,,,,,,,,276395,2296
1786071835,899601108,,,,,5,-1495.5657958984375,1021.8326416015625,-775.8524169921875,0.1108483374118805,-0.15048041939735413,-0.26698553562164307,0.9454030394554138,1,276395,2296
1786071835,908528284,1,-192.82449340820312,109.37548828125,-645.9374389648438,,,,,,,,,,276396,2296
1786071835,908528284,,,,,5,-1495.6129150390625,1021.8943481445312,-775.8649291992188,0.11079926043748856,-0.1503790318965912,-0.2665901184082031,0.9455366134643555,1,276396,2296
1786071835,916481869,1,-192.37644958496094,110.22134399414062,-642.156982421875,,,,,,,,,,276397,2296
1786071835,916481869,,,,,5,-1495.5819091796875,1021.8259887695312,-775.822998046875,0.11083779484033585,-0.15055587887763977,-0.2671429216861725,0.945347785949707,1,276397,2296
1786071835,924828072,1,-192.2447967529297,109.61241912841797,-637.8012084960938,,,,,,,,,,276398,2296
1786071835,924828072,,,,,5,-1495.6119384765625,1021.8895874023438,-775.84619140625,0.11087260395288467,-0.1502922922372818,-0.26736685633659363,0.9453224539756775,1,276398,2296
1786071835,933355494,1,-191.8552703857422,108.96157836914062,-633.930908203125,,,,,,,,,,276399,2296
1786071835,933355494,,,,,5,-1495.60693359375,1021.8792114257812,-775.8673095703125,0.11077700555324554,-0.15030910074710846,-0.26659172773361206,0.9455499053001404,1,276399,2296
1786071835,941452626,1,-190.5296630859375,110.21919250488281,-630.43798828125,,,,,,,,,,276400,2296
1786071835,941452626,,,,,5,-1495.5745849609375,1021.8866577148438,-775.8609008789062,0.1108725443482399,-0.1504562646150589,-0.26679694652557373,0.9454573392868042,1,276400,2296
1786071835,949649745,1,-190.30105590820312,110.17727661132812,-626.91845703125,,,,,,,,,,276401,2296
1786071835,949649745,,,,,5,-1495.5953369140625,1021.8751831054688,-775.8140258789062,0.1107725277543068,-0.15055681765079498,-0.26691195368766785,0.9454206228256226,1,276401,2296
1786071835,958505196,1,-189.6903076171875,110.49781036376953,-623.1888427734375,,,,,,,,,,276402,2296
1786071835,958505196,,,,,5,-1495.581787109375,1021.8742065429688,-775.8414916992188,0.11086075752973557,-0.1504785567522049,-0.2668892741203308,0.9454291462898254,1,276402,2296
1786071835,966191883,1,-188.51364135742188,109.82494354248047,-618.9879150390625,,,,,,,,,,276403,2296
1786071835,966191883,,,,,5,-1495.5496826171875,1021.8533325195312,-775.8109741210938,0.11093296110630035,-0.15063945949077606,-0.26726433634757996,0.945289134979248,1,276403,2296
1786071835,975278993,1,-187.77566528320312,109.77080535888672,-614.9776000976562,,,,,,,,,,276404,2296
1786071835,975278993,,,,,5,-1495.6044921875,1021.833984375,-775.8180541992188,0.11068359017372131,-0.15065228939056396,-0.2670179009437561,0.9453859925270081,1,276404,2296
1786071835,983287309,1,-187.91246032714844,110.0406265258789,-611.741455078125,,,,,,,,,,276405,2296
1786071835,983287309,,,,,5,-1495.5660400390625,1021.8837890625,-775.8086547851562,0.1106613352894783,-0.15073814988136292,-0.2662188410758972,0.945600152015686,1,276405,2296
1786071835,991233149,1,-187.970703125,109.58830261230469,-608.4755249023438,,,,,,,,,,276406,2296
1786071835,991233149,,,,,5,-1495.6781005859375,1021.9509887695312,-775.8150024414062,0.11125560849905014,-0.14956963062286377,-0.2669416666030884,0.9455121159553528,1,276406,2296
1786071835,999416954,1,-186.16241455078125,110.82556915283203,-604.5299072265625,,,,,,,,,,276407,2296
1786071835,999416954,,,,,5,-1495.581298828125,1021.8554077148438,-775.8367919921875,0.11075691133737564,-0.15071015059947968,-0.26688307523727417,0.9454061985015869,1,276407,2296
1786071836,8683714,1,-185.2882843017578,110.415283203125,-600.6079711914062,,,,,,,,,,276408,2296
1786071836,8683714,,,,,5,-1495.5927734375,1021.8754272460938,-775.7763061523438,0.11071495711803436,-0.15087054669857025,-0.26669299602508545,0.9454392194747925,1,276408,2296
1786071836,16256460,1,-184.6049041748047,110.83279418945312,-597.2852783203125,,,,,,,,,,276409,2296
1786071836,16256460,,,,,5,-1495.5810546875,1021.8562622070312,-775.80126953125,0.11068214476108551,-0.15082259476184845,-0.26665621995925903,0.9454609751701355,1,276409,2296
1786071836,25032248,1,-184.30120849609375,110.37715148925781,-593.3972778320312,,,,,,,,,,276410,2296
1786071836,25032248,,,,,5,-1495.614501953125,1021.8687744140625,-775.7633666992188,0.11082879453897476,-0.15097863972187042,-0.2669634222984314,0.9453322291374207,1,276410,2296
1786071836,33093981,1,-183.4221954345703,111.36773681640625,-590.3988037109375,,,,,,,,,,276411,2296
1786071836,33093981,,,,,5,-1495.5863037109375,1021.9063720703125,-775.8358764648438,0.11101928353309631,-0.15037767589092255,-0.26736122369766235,0.9452931880950928,1,276411,2296
1786071836,41119965,1,-182.632080078125,111.59522247314453,-586.85205078125,,,,,,,,,,276412,2296
1786071836,41119965,,,,,5,-1495.709228515625,1021.9335327148438,-775.8115844726562,0.11124287545681,-0.14991793036460876,-0.2677949070930481,0.9452172517776489,1,276412,2296
1786071836,50347389,1,-182.5472869873047,110.33283996582031,-583.0615234375,,,,,,,,,,276413,2296
1786071836,50347389,,,,,5,-1495.5989990234375,1021.8687744140625,-775.8089599609375,0.11069092899560928,-0.15067720413208008,-0.2668456435203552,0.9454297423362732,1,276413,2296
1786071836,58078277,1,-181.17184448242188,110.88764953613281,-579.3158569335938,,,,,,,,,,276414,2296
1786071836,58078277,,,,,5,-1495.5556640625,1021.86572265625,-775.8175659179688,0.11080969870090485,-0.15058454871177673,-0.2665881812572479,0.945503294467926,1,276414,2296
1786071836,65910944,1,-180.60633850097656,111.26931762695312,-576.1990966796875,,,,,,,,,,276415,2296
1786071836,65910944,,,,,5,-1495.5921630859375,1021.9153442382812,-775.8251342773438,0.11073344945907593,-0.15065531432628632,-0.2664327025413513,0.9455447196960449,1,276415,2296
1786071836,75131999,1,-180.02952575683594,111.2464828491211,-572.9228515625,,,,,,,,,,276416,2296
1786071836,75131999,,,,,5,-1495.60400390625,1021.9248046875,-775.8155517578125,0.11106488108634949,-0.15044739842414856,-0.26734670996665955,0.9452808499336243,1,276416,2296
1786071836,83277940,1,-178.8936767578125,110.90802764892578,-569.3224487304688,,,,,,,,,,276417,2296
1786071836,83277940,,,,,5,-1495.58984375,1021.9224853515625,-775.842041015625,0.11072268337011337,-0.1503695845603943,-0.2668464779853821,0.9454748034477234,1,276417,2296
1786071836,91855611,1,-178.3697509765625,110.17609405517578,-566.2903442382812,,,,,,,,,,276418,2296
1786071836,91855611,,,,,5,-1495.5594482421875,1021.8897705078125,-775.8322143554688,0.11076759546995163,-0.15066757798194885,-0.26675230264663696,0.9454485774040222,1,276418,2296
1786071836,99826352,1,-177.51707458496094,110.56108093261719,-562.8964233398438,,,,,,,,,,276419,2296
1786071836,99826352,,,,,5,-1495.5897216796875,1021.9006958007812,-775.8574829101562,0.110735222697258,-0.15053437650203705,-0.2663425803184509,0.9455891251564026,1,276419,2296
1786071836,107757917,1,-177.5581817626953,109.87213897705078,-559.8132934570312,,,,,,,,,,276420,2296
1786071836,107757917,,,,,5,-1495.6866455078125,1021.9586791992188,-775.7792358398438,0.11131449788808823,-0.1500391960144043,-0.26809173822402954,0.9451053738594055,1,276420,2296
1786071836,117016995,1,-176.52139282226562,110.33238220214844,-556.4447021484375,,,,,,,,,,276421,2296
1786071836,117016995,,,,,5,-1495.5704345703125,1021.8552856445312,-775.819580078125,0.11086001247167587,-0.15041176974773407,-0.2670775055885315,0.9453867673873901,1,276421,2296
1786071836,124753836,1,-175.43528747558594,110.40805053710938,-553.3554077148438,,,,,,,,,,276422,2296
1786071836,124753836,,,,,5,-1495.54833984375,1021.8678588867188,-775.8052368164062,0.11073033511638641,-0.15094348788261414,-0.2666604816913605,0.9454348683357239,1,276422,2296
1786071836,133657456,1,-174.793212890625,110.48067474365234,-550.0872192382812,,,,,,,,,,276423,2296
1786071836,133657456,,,,,5,-1495.5770263671875,1021.8893432617188,-775.8306884765625,0.11071588844060898,-0.15075911581516266,-0.2671635150909424,0.9453240633010864,1,276423,2296
1786071836,141652777,1,-174.3052215576172,110.05410766601562,-546.72705078125,,,,,,,,,,276424,2296
1786071836,141652777,,,,,5,-1495.6787109375,1021.9595947265625,-775.7570190429688,0.11126207560300827,-0.1499405801296234,-0.2679167687892914,0.9451767802238464,1,276424,2296
1786071836,149902130,1,-174.18016052246094,109.7027587890625,-544.0353393554688,,,,,,,,,,276425,2296
1786071836,149902130,,,,,5,-1495.5400390625,1021.8741455078125,-775.8528442382812,0.11109624803066254,-0.15029186010360718,-0.2669716775417328,0.9454078674316406,1,276425,2296
1786071836,157602324,1,-173.56533813476562,109.31212615966797,-541.003662109375,,,,,,,,,,276426,2296
1786071836,157602324,,,,,5,-1495.6195068359375,1021.8804931640625,-775.8131713867188,0.11054543405771255,-0.15054887533187866,-0.26673707365989685,0.9454978108406067,1,276426,2296
1786071836,166729506,1,-172.49180603027344,109.58425903320312,-538.008056640625,,,,,,,,,,276427,2296
1786071836,166729506,,,,,5,-1495.5516357421875,1021.8786010742188,-775.8528442382812,0.11100425571203232,-0.1503191441297531,-0.2672363817691803,0.9453396797180176,1,276427,2296
1786071836,174588162,1,-172.7677001953125,108.83030700683594,-534.530029296875,,,,,,,,,,276428,2296
1786071836,174588162,,,,,5,-1495.5941162109375,1021.8562622070312,-775.8096923828125,0.1109342947602272,-0.1507146805524826,-0.2674781084060669,0.9452164769172668,1,276428,2296
1786071836,182679085,1,-171.9751739501953,108.93815612792969,-531.925537109375,,,,,,,,,,276429,2296
1786071836,182679085,,,,,5,-1495.611328125,1021.9085083007812,-775.84619140625,0.1110292300581932,-0.1504136472940445,-0.26711705327033997,0.9453554153442383,1,276429,2296
1786071836,191633018,1,-170.4643096923828,109.65831756591797,-528.8960571289062,,,,,,,,,,276430,2296
1786071836,191633018,,,,,5,-1495.5794677734375,1021.86083984375,-775.84375,0.11094396561384201,-0.15052354335784912,-0.26692986488342285,0.9454007148742676,1,276430,2296
1786071836,199940238,1,-169.8188934326172,109.36674499511719,-526.095947265625,,,,,,,,,,276431,2296
1786071836,199940238,,,,,5,-1495.7196044921875,1021.9269409179688,-775.7228393554688,0.11135458946228027,-0.1498437523841858,-0.2691005766391754,0.9448448419570923,1,276431,2296
1786071836,208451080,1,-169.9471435546875,108.70691680908203,-523.0219116210938,,,,,,,,,,276432,2296
1786071836,208451080,,,,,5,-1495.59130859375,1021.8888549804688,-775.859375,0.11113888770341873,-0.15020926296710968,-0.2672477066516876,0.9453379511833191,1,276432,2296
1786071836,216718324,1,-168.91322326660156,109.13716888427734,-520.3587036132812,,,,,,,,,,276433,2296
1786071836,216718324,,,,,5,-1495.5802001953125,1021.8744506835938,-775.81689453125,0.11092019826173782,-0.15047027170658112,-0.2672855854034424,0.9453114867210388,1,276433,2296
1786071836,224433241,1,-167.14413452148438,109.25909423828125,-516.4031982421875,,,,,,,,,,276434,2296
1786071836,224433241,,,,,5,-1495.571533203125,1021.8624877929688,-775.853271484375,0.11048588156700134,-0.1506890505552292,-0.2664751410484314,0.9455563426017761,1,276434,2296
1786071836,233867616,1,-167.40579223632812,109.31391143798828,-514.8773193359375,,,,,,,,,,276435,2296
1786071836,233867616,,,,,5,-1495.5693359375,1021.8963012695312,-775.8303833007812,0.11051256954669952,-0.15066523849964142,-0.2662379741668701,0.9456236958503723,1,276435,2296
1786071836,241413669,1,-165.0475311279297,108.9421615600586,-510.6460876464844,,,,,,,,,,276436,2296
1786071836,241413669,,,,,5,-1495.6107177734375,1021.9036254882812,-775.8356323242188,0.11049550026655197,-0.15050388872623444,-0.26655054092407227,0.9455634355545044,1,276436,2296
1786071836,249497615,1,-165.24078369140625,108.47854614257812,-509.1638488769531,,,,,,,,,,276437,2296
1786071836,249497615,,,,,5,-1495.5750732421875,1021.8753051757812,-775.8678588867188,0.11057622730731964,-0.15087591111660004,-0.26596930623054504,0.9456583261489868,1,276437,2296
1786071836,258445947,1,-164.24708557128906,108.82475280761719,-505.6393737792969,,,,,,,,,,276438,2296
1786071836,258445947,,,,,5,-1495.5787353515625,1021.8761596679688,-775.8070068359375,0.11060471832752228,-0.15071535110473633,-0.2666688859462738,0.9454835057258606,1,276438,2296
1786071836,266365319,1,-162.64601135253906,108.85579681396484,-502.6004638671875,,,,,,,,,,276439,2296
1786071836,266365319,,,,,5,-1495.5946044921875,1021.8933715820312,-775.8742065429688,0.11103586107492447,-0.15048491954803467,-0.2667091190814972,0.9454583525657654,1,276439,2296
1786071836,274691358,1,-162.39056396484375,108.46320343017578,-499.3023376464844,,,,,,,,,,276440,2296
1786071836,274691358,,,,,5,-1495.5731201171875,1021.9022827148438,-775.8280639648438,0.11054831743240356,-0.15063683688640594,-0.26638734340667725,0.9455820322036743,1,276440,2296
1786071836,283375192,1,-161.9805450439453,108.69076538085938,-496.62579345703125,,,,,,,,,,276441,2296
1786071836,283375192,,,,,5,-1495.5936279296875,1021.9129028320312,-775.8212280273438,0.11068647354841232,-0.1506451517343521,-0.2670385539531708,0.9453809261322021,1,276441,2296
1786071836,291291683,1,-162.63958740234375,107.12604522705078,-494.7485656738281,,,,,,,,,,276442,2296
1786071836,291291683,,,,,5,-1495.6092529296875,1021.92138671875,-775.8446655273438,0.1107938289642334,-0.1503988355398178,-0.2665545344352722,0.9455441236495972,1,276442,2296
1786071836,299349064,1,-157.96974182128906,109.96603393554688,-489.9268798828125,,,,,,,,,,276443,2296
1786071836,299349064,,,,,5,-1495.5740966796875,1021.8728637695312,-775.8712768554688,0.11094857007265091,-0.15042047202587128,-0.26697808504104614,0.9454030990600586,1,276443,2296
1786071836,308453553,1,-158.72109985351562,108.9095687866211,-487.6490173339844,,,,,,,,,,276444,2296
1786071836,308453553,,,,,5,-1495.58349609375,1021.8678588867188,-775.8629760742188,0.11047513782978058,-0.1504366397857666,-0.2659103572368622,0.9457566738128662,1,276444,2296
1786071836,316317714,1,-158.15774536132812,109.10187530517578,-484.68353271484375,,,,,,,,,,276445,2296
1786071836,316317714,,,,,5,-1495.5767822265625,1021.8626098632812,-775.837890625,0.1105678603053093,-0.15059074759483337,-0.266704797744751,0.9454976916313171,1,276445,2296
1786071836,325274368,1,-155.33575439453125,109.54285430908203,-481.1520080566406,,,,,,,,,,276446,2296
1786071836,325274368,,,,,5,-1495.5916748046875,1021.9166870117188,-775.8309326171875,0.11087100207805634,-0.15047992765903473,-0.2668503224849701,0.9454386830329895,1,276446,2296
1786071836,333340774,1,-157.48837280273438,107.4312515258789,-479.4851379394531,,,,,,,,,,276447,2296
1786071836,333340774,,,,,5,-1495.5955810546875,1021.9019775390625,-775.83349609375,0.11038612574338913,-0.15070024132728577,-0.26601096987724304,0.9456968903541565,1,276447,2296
1786071836,341703813,1,-153.66876220703125,109.30806732177734,-475.505859375,,,,,,,,,,276448,2296
1786071836,341703813,,,,,5,-1495.598388671875,1021.8976440429688,-775.8572387695312,0.1107330396771431,-0.15052224695682526,-0.266299307346344,0.9456034898757935,1,276448,2296
1786071836,350144625,1,-152.8528289794922,109.04417419433594,-472.9790344238281,,,,,,,,,,276449,2296
1786071836,350144625,,,,,5,-1495.5789794921875,1021.900390625,-775.848388671875,0.1105712279677391,-0.15061236917972565,-0.2669185698032379,0.945433497428894,1,276449,2296
1786071836,358415647,1,-150.87338256835938,110.52941131591797,-469.2770690917969,,,,,,,,,,276450,2296
1786071836,358415647,,,,,5,-1495.6058349609375,1021.9164428710938,-775.8328857421875,0.11088584363460541,-0.1503867357969284,-0.2668359577655792,0.9454558491706848,1,276450,2296
1786071836,366758969,1,-151.0720672607422,109.49726867675781,-467.2066650390625,,,,,,,,,,276451,2296
1786071836,366758969,,,,,5,-1495.5872802734375,1021.8954467773438,-775.8014526367188,0.11076492071151733,-0.15076026320457458,-0.2669859230518341,0.9453681111335754,1,276451,2296
1786071836,375071502,1,-150.4220428466797,109.30394744873047,-464.4603576660156,,,,,,,,,,276452,2296
1786071836,375071502,,,,,5,-1495.582763671875,1021.9174194335938,-775.8713989257812,0.11086622625589371,-0.15043726563453674,-0.2669306993484497,0.9454232454299927,1,276452,2296
1786071836,383008893,1,-149.01382446289062,109.6899642944336,-461.20208740234375,,,,,,,,,,276453,2296
1786071836,383008893,,,,,5,-1495.6673583984375,1021.9275512695312,-775.8097534179688,0.1109456866979599,-0.14993415772914886,-0.26625582575798035,0.9456841945648193,1,276453,2296
1786071836,391565695,1,-148.1937713623047,109.45973205566406,-459.00933837890625,,,,,,,,,,276454,2296
1786071836,391565695,,,,,5,-1495.58984375,1021.9150390625,-775.8397827148438,0.11078456044197083,-0.15042473375797272,-0.26660749316215515,0.945526123046875,1,276454,2296
1786071836,400106495,1,-147.1127166748047,109.97136688232422,-455.99884033203125,,,,,,,,,,276455,2296
1786071836,400106495,,,,,5,-1495.5743408203125,1021.9016723632812,-775.8829345703125,0.11067131161689758,-0.15047810971736908,-0.2662656605243683,0.9456272721290588,1,276455,2296
1786071836,408215085,1,-146.66757202148438,109.15415954589844,-453.61572265625,,,,,,,,,,276456,2296
1786071836,408215085,,,,,5,-1495.575927734375,1021.875,-775.8289184570312,0.11068595200777054,-0.15051504969596863,-0.26639512181282043,0.9455830454826355,1,276456,2296
1786071836,415931635,1,-145.7254180908203,109.7652359008789,-450.4757385253906,,,,,,,,,,276457,2296
1786071836,415931635,,,,,5,-1495.573486328125,1021.8705444335938,-775.8949584960938,0.11081022769212723,-0.1502748280763626,-0.26633286476135254,0.9456243515014648,1,276457,2296
1786071836,424989939,1,-144.96142578125,109.44241333007812,-448.411376953125,,,,,,,,,,276458,2296
1786071836,424989939,,,,,5,-1495.583740234375,1021.8720703125,-775.8543090820312,0.11026222258806229,-0.15062005817890167,-0.2664327323436737,0.9456052184104919,1,276458,2296
1786071836,432915904,1,-144.0845184326172,109.0538101196289,-445.7495422363281,,,,,,,,,,276459,2296
1786071836,432915904,,,,,5,-1495.59619140625,1021.9288330078125,-775.8783569335938,0.11058871448040009,-0.15055978298187256,-0.26580947637557983,0.9457522630691528,1,276459,2296
1786071836,441886320,1,-142.7455291748047,108.9014892578125,-442.5186462402344,,,,,,,,,,276460,2297
1786071836,441886320,,,,,5,-1495.567626953125,1021.8759155273438,-775.8966064453125,0.1109733060002327,-0.15035955607891083,-0.26718786358833313,0.9453505873680115,1,276460,2297
1786071836,449887754,1,-142.44393920898438,109.44413757324219,-440.48480224609375,,,,,,,,,,276461,2297
1786071836,449887754,,,,,5,-1495.5784912109375,1021.8980712890625,-775.8585815429688,0.1104692593216896,-0.15075895190238953,-0.26634681224823,0.9455832839012146,1,276461,2297
1786071836,458202624,1,-141.79371643066406,109.07334899902344,-437.91436767578125,,,,,,,,,,276462,2297
1786071836,458202624,,,,,5,-1495.6956787109375,1021.97021484375,-775.8042602539062,0.11095479875802994,-0.15021675825119019,-0.2672103941440582,0.9453691244125366,1,276462,2297
1786071836,466831344,1,-142.08059692382812,108.3050765991211,-434.72821044921875,,,,,,,,,,276463,2297
1786071836,466831344,,,,,5,-1495.5892333984375,1021.931640625,-775.8329467773438,0.11030543595552444,-0.15059667825698853,-0.2658565640449524,0.9457660913467407,1,276463,2297
1786071836,475000170,1,-139.9731903076172,108.8875961303711,-432.9766540527344,,,,,,,,,,276464,2297
1786071836,475000170,,,,,5,-1495.7242431640625,1021.9547119140625,-775.85546875,0.11155342310667038,-0.14949558675289154,-0.2678556442260742,0.9452303647994995,1,276464,2297
1786071836,482830692,1,-139.005126953125,109.21051025390625,-429.76104736328125,,,,,,,,,,276465,2297
1786071836,482830692,,,,,5,-1495.579833984375,1021.9249877929688,-775.8673706054688,0.11044199019670486,-0.15043893456459045,-0.2661471366882324,0.9456936120986938,1,276465,2297
1786071836,491970548,1,-138.02154541015625,107.96151733398438,-428.0349426269531,,,,,,,,,,276466,2297
1786071836,491970548,,,,,5,-1495.5828857421875,1021.9240112304688,-775.8567504882812,0.11079609394073486,-0.15046332776546478,-0.266655296087265,0.9455052018165588,1,276466,2297
1786071836,499719359,1,-137.2705841064453,108.01700592041016,-425.07666015625,,,,,,,,,,276467,2297
1786071836,499719359,,,,,5,-1495.5615234375,1021.8836059570312,-775.8624877929688,0.11089695990085602,-0.15057820081710815,-0.26665306091308594,0.945475697517395,1,276467,2297
1786071836,507831855,1,-136.3712158203125,108.69003295898438,-422.78411865234375,,,,,,,,,,276468,2297
1786071836,507831855,,,,,5,-1495.5770263671875,1021.8935546875,-775.8114624023438,0.11056818813085556,-0.1505679339170456,-0.2668668031692505,0.9454555511474609,1,276468,2297
1786071836,516886958,1,-135.19158935546875,108.8362808227539,-420.1865539550781,,,,,,,,,,276469,2297
1786071836,516886958,,,,,5,-1495.6883544921875,1021.9574584960938,-775.8409423828125,0.11145416647195816,-0.14954693615436554,-0.26705968379974365,0.9454590678215027,1,276469,2297
1786071836,524992829,1,-134.66665649414062,108.77116394042969,-417.49920654296875,,,,,,,,,,276470,2297
1786071836,524992829,,,,,5,-1495.59619140625,1021.9275512695312,-775.8517456054688,0.11080484837293625,-0.15046319365501404,-0.26701754331588745,0.9454019069671631,1,276470,2297
1786071836,532702369,1,-133.44166564941406,109.35868072509766,-414.2890319824219,,,,,,,,,,276471,2297
1786071836,532702369,,,,,5,-1495.5750732421875,1021.9071655273438,-775.8585815429688,0.1107703298330307,-0.15034514665603638,-0.2664256691932678,0.9455917477607727,1,276471,2297
1786071836,541673041,1,-132.86436462402344,108.38261413574219,-413.84710693359375,,,,,,,,,,276472,2297
1786071836,541673041,,,,,5,-1495.586669921875,1021.8958129882812,-775.8187866210938,0.11057136952877045,-0.1506965309381485,-0.2664826512336731,0.9455430507659912,1,276472,2297
1786071836,550007498,1,-132.46974182128906,107.44506072998047,-411.1228332519531,,,,,,,,,,276473,2297
1786071836,550007498,,,,,5,-1495.55419921875,1021.8834228515625,-775.8334350585938,0.11082297563552856,-0.15052883327007294,-0.2667247951030731,0.9454719424247742,1,276473,2297
1786071836,558568845,1,-131.21853637695312,109.54654693603516,-409.1063537597656,,,,,,,,,,276474,2297
1786071836,558568845,,,,,5,-1495.5858154296875,1021.8757934570312,-775.8679809570312,0.11073731631040573,-0.15072213113307953,-0.2662005126476288,0.9455990195274353,1,276474,2297
1786071836,566633203,1,-130.7265625,108.95101928710938,-406.1709899902344,,,,,,,,,,276475,2297
1786071836,566633203,,,,,5,-1495.5858154296875,1021.8870239257812,-775.858154296875,0.11100120842456818,-0.1503308266401291,-0.26695001125335693,0.9454190731048584,1,276475,2297
1786071836,574514231,1,-130.2720947265625,108.38304138183594,-404.15679931640625,,,,,,,,,,276476,2297
1786071836,574514231,,,,,5,-1495.5989990234375,1021.8875122070312,-775.8311767578125,0.11086276173591614,-0.15044672787189484,-0.2666113078594208,0.9455124735832214,1,276476,2297
1786071836,583445088,1,-129.53762817382812,108.82524871826172,-401.8403625488281,,,,,,,,,,276477,2297
1786071836,583445088,,,,,5,-1495.5997314453125,1021.8969116210938,-775.7871704101562,0.11064162105321884,-0.15085747838020325,-0.26697850227355957,0.9453691840171814,1,276477,2297
1786071836,591447579,1,-128.78907775878906,107.05445098876953,-399.7050476074219,,,,,,,,,,276478,2297
1786071836,591447579,,,,,5,-1495.62646484375,1021.9068603515625,-775.8006591796875,0.11060736328363419,-0.1504395604133606,-0.2669210433959961,0.9454561471939087,1,276478,2297
1786071836,599405485,1,-127.78988647460938,106.4739761352539,-398.1956787109375,,,,,,,,,,276479,2297
1786071836,599405485,,,,,5,-1495.5865478515625,1021.8842163085938,-775.8298950195312,0.11107448488473892,-0.1502612680196762,-0.26729196310043335,0.9453248381614685,1,276479,2297
1786071836,608437833,1,-127.28529357910156,109.6313247680664,-395.06085205078125,,,,,,,,,,276480,2297
1786071836,608437833,,,,,5,-1495.5770263671875,1021.8869018554688,-775.8194580078125,0.11070147156715393,-0.15045048296451569,-0.2665494680404663,0.9455481767654419,1,276480,2297
1786071836,616354292,1,-126.32945251464844,107.27252197265625,-393.40509033203125,,,,,,,,,,276481,2297
1786071836,616354292,,,,,5,-1495.58984375,1021.8988647460938,-775.8016357421875,0.11068680882453918,-0.1506638079881668,-0.2665264308452606,0.9455224275588989,1,276481,2297
1786071836,624330153,1,-125.82203674316406,107.72616577148438,-390.9796447753906,,,,,,,,,,276482,2297
1786071836,624330153,,,,,5,-1495.5623779296875,1021.8798828125,-775.8185424804688,0.11098562180995941,-0.15065467357635498,-0.2673436999320984,0.9452580809593201,1,276482,2297
1786071836,633384009,1,-125.2578353881836,107.86557006835938,-388.1286926269531,,,,,,,,,,276483,2297
1786071836,633384009,,,,,5,-1495.576904296875,1021.8820190429688,-775.8099975585938,0.1106959730386734,-0.15055781602859497,-0.26682499051094055,0.9454540014266968,1,276483,2297
1786071836,641277455,1,-124.52548217773438,108.70532989501953,-385.71575927734375,,,,,,,,,,276484,2297
1786071836,641277455,,,,,5,-1495.576416015625,1021.8754272460938,-775.8168334960938,0.11078181862831116,-0.1507425308227539,-0.2670212686061859,0.9453590512275696,1,276484,2297
1786071836,649269032,1,-123.88306427001953,107.64630126953125,-383.98333740234375,,,,,,,,,,276485,2297
1786071836,649269032,,,,,5,-1495.5635986328125,1021.8546142578125,-775.84326171875,0.1108858659863472,-0.1505112498998642,-0.2668164372444153,0.9454416036605835,1,276485,2297
1786071836,658281408,1,-123.55086517333984,106.91478729248047,-380.9587097167969,,,,,,,,,,276486,2297
1786071836,658281408,,,,,5,-1495.5693359375,1021.8842163085938,-775.8424072265625,0.11080975085496902,-0.1505473107099533,-0.2669919729232788,0.9453952312469482,1,276486,2297
1786071836,666240755,1,-122.58419799804688,107.98567199707031,-379.1194763183594,,,,,,,,,,276487,2297
1786071836,666240755,,,,,5,-1495.5582275390625,1021.8892822265625,-775.8240966796875,0.11057029664516449,-0.15067309141159058,-0.2663845419883728,0.9455744624137878,1,276487,2297
1786071836,675218500,1,-123.07386779785156,106.81816101074219,-378.7520751953125,,,,,,,,,,276488,2297
1786071836,675218500,,,,,5,-1495.6187744140625,1021.8880004882812,-775.8350830078125,0.11083417385816574,-0.15061064064502716,-0.2674807012081146,0.9452440142631531,1,276488,2297
1786071836,683237346,1,-122.16403198242188,106.63369750976562,-375.9576110839844,,,,,,,,,,276489,2297
1786071836,683237346,,,,,5,-1495.55908203125,1021.8614501953125,-775.8452758789062,0.11061267554759979,-0.15081730484962463,-0.26660600304603577,0.9454841017723083,1,276489,2297
1786071836,691141738,1,-120.5990982055664,108.06177520751953,-371.7004699707031,,,,,,,,,,276490,2297
1786071836,691141738,,,,,5,-1495.60107421875,1021.8854370117188,-775.8162841796875,0.11060460656881332,-0.1506623476743698,-0.26680558919906616,0.9454535245895386,1,276490,2297
1786071836,700123165,1,-119.39604187011719,108.1647720336914,-369.6968688964844,,,,,,,,,,276491,2297
1786071836,700123165,,,,,5,-1495.582763671875,1021.8746948242188,-775.8262939453125,0.11081193387508392,-0.1507641226053238,-0.26705360412597656,0.9453428983688354,1,276491,2297
1786071836,709374625,1,-119.57701873779297,107.85762786865234,-366.9340515136719,,,,,,,,,,276492,2297
1786071836,709374625,,,,,5,-1495.59375,1021.8861694335938,-775.8058471679688,0.11098378896713257,-0.1506115198135376,-0.2675117254257202,0.9452176094055176,1,276492,2297
1786071836,716053732,1,-118.48877716064453,107.93573760986328,-364.2802429199219,,,,,,,,,,276493,2297
1786071836,716053732,,,,,5,-1495.5623779296875,1021.8458862304688,-775.8373413085938,0.11080384254455566,-0.1507142037153244,-0.2662609815597534,0.9455754160881042,1,276493,2297
1786071836,725122951,1,-117.33580017089844,109.27059936523438,-361.5089111328125,,,,,,,,,,276494,2297
1786071836,725122951,,,,,5,-1495.5809326171875,1021.86669921875,-775.8218994140625,0.11060108244419098,-0.15077438950538635,-0.2669346332550049,0.9453995227813721,1,276494,2297
1786071836,733417592,1,-116.63038635253906,108.5640869140625,-359.5719909667969,,,,,,,,,,276495,2297
1786071836,733417592,,,,,5,-1495.5843505859375,1021.8859252929688,-775.8034057617188,0.11096101999282837,-0.15067021548748016,-0.2670561373233795,0.9453396797180176,1,276495,2297
1786071836,741062128,1,-116.03047943115234,109.01378631591797,-356.7913513183594,,,,,,,,,,276496,2297
1786071836,741062128,,,,,5,-1495.583251953125,1021.8773803710938,-775.795654296875,0.11074458062648773,-0.15067346394062042,-0.2670486569404602,0.9453667998313904,1,276496,2297
1786071836,750005947,1,-115.08783721923828,108.4553451538086,-354.639404296875,,,,,,,,,,276497,2297
1786071836,750005947,,,,,5,-1495.572998046875,1021.8930053710938,-775.8411254882812,0.11089524626731873,-0.1504746824502945,-0.26636943221092224,0.9455722570419312,1,276497,2297
1786071836,758571199,1,-113.62712860107422,108.44992065429688,-351.5141296386719,,,,,,,,,,276498,2297
1786071836,758571199,,,,,5,-1495.5618896484375,1021.8635864257812,-775.8139038085938,0.11092856526374817,-0.15060076117515564,-0.2670275568962097,0.9453627467155457,1,276498,2297
1786071836,767644419,1,-112.82154083251953,109.48371887207031,-348.4617919921875,,,,,,,,,,276499,2297
1786071836,767644419,,,,,5,-1495.5848388671875,1021.9011840820312,-775.8098754882812,0.11105324327945709,-0.15047934651374817,-0.26722753047943115,0.9453109502792358,1,276499,2297
1786071836,774930775,1,-112.10431671142578,107.92298889160156,-346.32147216796875,,,,,,,,,,276500,2297
1786071836,774930775,,,,,5,-1495.5850830078125,1021.8766479492188,-775.8239135742188,0.11082907766103745,-0.15065595507621765,-0.26692578196525574,0.9453943967819214,1,276500,2297
1786071836,782882216,1,-111.82759094238281,109.7647933959961,-343.3533935546875,,,,,,,,,,276501,2297
1786071836,782882216,,,,,5,-1495.544921875,1021.8695678710938,-775.8527221679688,0.11112663894891739,-0.15038327872753143,-0.2668435573577881,0.9454260468482971,1,276501,2297
1786071836,791843703,1,-110.56520080566406,110.30005645751953,-341.4643859863281,,,,,,,,,,276502,2297
1786071836,791843703,,,,,5,-1495.656982421875,1021.9142456054688,-775.7833251953125,0.11125342547893524,-0.1498863846063614,-0.2670432925224304,0.9454336762428284,1,276502,2297
1786071836,799939555,1,-110.4266586303711,110.6931381225586,-338.1916198730469,,,,,,,,,,276503,2297
1786071836,799939555,,,,,5,-1495.57373046875,1021.8641967773438,-775.8497314453125,0.11057880520820618,-0.15082848072052002,-0.26633429527282715,0.9455628991127014,1,276503,2297
1786071836,807752058,1,-110.73426055908203,114.40296173095703,-334.9748229980469,,,,,,,,,,276504,2297
1786071836,807752058,,,,,5,-1495.5906982421875,1021.8800659179688,-775.8555908203125,0.11067196726799011,-0.15050707757472992,-0.2663935422897339,0.945586621761322,1,276504,2297
1786071836,816756881,1,-109.08192443847656,113.26372528076172,-333.1871032714844,,,,,,,,,,276505,2297
1786071836,816756881,,,,,5,-1495.5458984375,1021.8668212890625,-775.8190307617188,0.11074380576610565,-0.15029838681221008,-0.2665512263774872,0.9455668926239014,1,276505,2297
1786071836,825285550,1,-108.25608825683594,114.31110382080078,-330.9454650878906,,,,,,,,,,276506,2297
1786071836,825285550,,,,,5,-1495.5682373046875,1021.8590087890625,-775.8378295898438,0.11068084090948105,-0.15073038637638092,-0.2666059732437134,0.9454900622367859,1,276506,2297
1786071836,832761446,1,-109.15572357177734,115.68327331542969,-328.26312255859375,,,,,,,,,,276507,2297
1786071836,832761446,,,,,5,-1495.5721435546875,1021.8448486328125,-775.8292236328125,0.11059211939573288,-0.15086953341960907,-0.266832560300827,0.9454143047332764,1,276507,2297
1786071836,841692815,1,-106.94908142089844,110.90548706054688,-326.8309326171875,,,,,,,,,,276508,2297
1786071836,841692815,,,,,5,-1495.5205078125,1021.83642578125,-775.868896484375,0.11092894524335861,-0.15065360069274902,-0.266712486743927,0.9454432129859924,1,276508,2297
1786071836,849657251,1,-106.98137664794922,111.99790954589844,-327.69769287109375,,,,,,,,,,276509,2297
1786071836,849657251,,,,,5,-1495.5531005859375,1021.8759765625,-775.8529052734375,0.11059615761041641,-0.15071912109851837,-0.2668868601322174,0.9454224705696106,1,276509,2297
1786071836,857714728,1,-106.54151916503906,111.80862426757812,-325.6834716796875,,,,,,,,,,276510,2297
1786071836,857714728,,,,,5,-1495.53515625,1021.8489379882812,-775.8369140625,0.11102727800607681,-0.15050268173217773,-0.2668558657169342,0.945415198802948,1,276510,2297
1786071836,866759206,1,-106.73942565917969,107.23796844482422,-326.2263488769531,,,,,,,,,,276511,2297
1786071836,866759206,,,,,5,-1495.529541015625,1021.8570556640625,-775.8561401367188,0.11081111431121826,-0.1507945954799652,-0.26687610149383545,0.9453882575035095,1,276511,2297
1786071836,874629960,1,-108.08737182617188,105.44682312011719,-326.87774658203125,,,,,,,,,,276512,2297
1786071836,874629960,,,,,5,-1495.5340576171875,1021.8575439453125,-775.8641967773438,0.11079122126102448,-0.15053115785121918,-0.2667210102081299,0.9454764127731323,1,276512,2297
1786071836,883575699,1,-104.79778289794922,110.77720642089844,-319.6728820800781,,,,,,,,,,276513,2297
1786071836,883575699,,,,,5,-1495.5806884765625,1021.8643798828125,-775.886474609375,0.11092614382505417,-0.15060482919216156,-0.26682060956954956,0.9454206824302673,1,276513,2297
1786071836,891704294,1,-106.0143814086914,102.22257232666016,-323.6423645019531,,,,,,,,,,276514,2297
1786071836,891704294,,,,,5,-1495.5660400390625,1021.8715209960938,-775.8530883789062,0.11087089031934738,-0.1504278928041458,-0.26708510518074036,0.9453807473182678,1,276514,2297
1786071836,899630930,1,-103.89566040039062,111.38525390625,-316.48077392578125,,,,,,,,,,276515,2297
1786071836,899630930,,,,,5,-1495.538330078125,1021.8472900390625,-775.8555908203125,0.11093205213546753,-0.15080375969409943,-0.266488254070282,0.945482075214386,1,276515,2297
1786071836,908573021,1,-103.51205444335938,111.48016357421875,-314.2903747558594,,,,,,,,,,276516,2297
1786071836,908573021,,,,,5,-1495.583984375,1021.8718872070312,-775.8612670898438,0.11084499955177307,-0.1508662849664688,-0.2674540877342224,0.9452095627784729,1,276516,2297
1786071836,916548275,1,-103.36692810058594,110.12799835205078,-312.1296081542969,,,,,,,,,,276517,2297
1786071836,916548275,,,,,5,-1495.5318603515625,1021.8583984375,-775.869140625,0.11115413159132004,-0.1506148874759674,-0.267111599445343,0.9453102350234985,1,276517,2297
1786071836,924480704,1,-102.97374725341797,110.57874298095703,-309.8716125488281,,,,,,,,,,276518,2297
1786071836,924480704,,,,,5,-1495.5799560546875,1021.8995971679688,-775.8282470703125,0.11103159189224243,-0.15033584833145142,-0.26702848076820374,0.9453924894332886,1,276518,2297
1786071836,933678011,,,,,5,-1495.537841796875,1021.85986328125,-775.83642578125,0.11108537763357162,-0.15057413280010223,-0.2674861550331116,0.9452188014984131,1,276519,2297
1786071836,941072100,,,,,5,-1495.667724609375,1021.9239501953125,-775.8040161132812,0.11138824373483658,-0.14967454969882965,-0.267987996339798,0.9451838731765747,1,276520,2297
1786071836,949480042,,,,,5,-1495.675048828125,1021.9429931640625,-775.7861938476562,0.11135491728782654,-0.1498444527387619,-0.26795923709869385,0.9451690912246704,1,276521,2297
1786071836,958337285,,,,,5,-1495.55517578125,1021.9068603515625,-775.822265625,0.11098480224609375,-0.15067504346370697,-0.2666943073272705,0.9454383850097656,1,276522,2297
1786071836,966317596,,,,,5,-1495.5479736328125,1021.8787231445312,-775.8381958007812,0.11054524034261703,-0.15058836340904236,-0.2667461931705475,0.9454889297485352,1,276523,2297
1786071836,975315281,1,-100.87989807128906,108.00525665283203,-298.0581970214844,,,,,,,,,,276524,2297
1786071836,975315281,,,,,5,-1495.5760498046875,1021.89599609375,-775.8485717773438,0.11107640713453293,-0.15041474997997284,-0.2670709192752838,0.9453626275062561,1,276524,2297
1786071836,983542870,1,-100.63259887695312,111.12895202636719,-295.2173767089844,,,,,,,,,,276525,2297
1786071836,983542870,,,,,5,-1495.5614013671875,1021.8793334960938,-775.8292846679688,0.11075279116630554,-0.15082305669784546,-0.266791433095932,0.9454145431518555,1,276525,2297
1786071836,991333257,1,-100.03856658935547,111.38194274902344,-295.06170654296875,,,,,,,,,,276526,2297
1786071836,991333257,,,,,5,-1495.59765625,1021.8700561523438,-775.8528442382812,0.11098839342594147,-0.1503175050020218,-0.2671447992324829,0.9453675746917725,1,276526,2297
1786071837,245038,1,-99.80601501464844,111.22254943847656,-292.3966064453125,,,,,,,,,,276527,2297
1786071837,245038,,,,,5,-1495.5718994140625,1021.8614501953125,-775.8532104492188,0.11118380725383759,-0.15047991275787354,-0.26744383573532104,0.9452342987060547,1,276527,2297
1786071837,8501784,1,-99.45842742919922,109.07931518554688,-290.6438903808594,,,,,,,,,,276528,2297
1786071837,8501784,,,,,5,-1495.6705322265625,1021.9140014648438,-775.79638671875,0.111552894115448,-0.14981326460838318,-0.2682269513607025,0.945074737071991,1,276528,2297
1786071837,16188312,1,-99.0733413696289,109.23677062988281,-287.428955078125,,,,,,,,,,276529,2297
1786071837,16188312,,,,,5,-1495.5474853515625,1021.8756103515625,-775.8382568359375,0.11090091615915298,-0.15051518380641937,-0.2669393718242645,0.9454044103622437,1,276529,2297
1786071837,25277854,1,-98.59683227539062,111.30265045166016,-286.3528747558594,,,,,,,,,,276530,2297
1786071837,25277854,,,,,5,-1495.5562744140625,1021.8529663085938,-775.8060913085938,0.11091116070747375,-0.15087755024433136,-0.26686522364616394,0.9453664422035217,1,276530,2297
1786071837,33625242,1,-97.90734100341797,110.3350601196289,-284.8656921386719,,,,,,,,,,276531,2297
1786071837,33625242,,,,,5,-1495.556640625,1021.8444213867188,-775.8280639648438,0.11085034906864166,-0.15064315497875214,-0.26739782094955444,0.9452603459358215,1,276531,2297
1786071837,41065867,1,-97.93242645263672,109.14167785644531,-282.8476257324219,,,,,,,,,,276532,2297
1786071837,41065867,,,,,5,-1495.5721435546875,1021.8536376953125,-775.867431640625,0.11060373485088348,-0.15066859126091003,-0.2663519084453583,0.9455805420875549,1,276532,2297
1786071837,50113930,1,-96.9900894165039,109.57223510742188,-281.6236877441406,,,,,,,,,,276533,2297
1786071837,50113930,,,,,5,-1495.576171875,1021.8942260742188,-775.8416137695312,0.11095263808965683,-0.15052321553230286,-0.2668425142765045,0.9454244375228882,1,276533,2297
1786071837,58034165,1,-96.37859344482422,109.9323959350586,-280.5038757324219,,,,,,,,,,276534,2297
1786071837,58034165,,,,,5,-1495.5556640625,1021.8869018554688,-775.8070068359375,0.11108236759901047,-0.15070298314094543,-0.2676750421524048,0.9451451897621155,1,276534,2297
1786071837,66014188,1,-95.99192810058594,109.57674407958984,-278.8125305175781,,,,,,,,,,276535,2297
1786071837,66014188,,,,,5,-1495.552978515625,1021.8317260742188,-775.8504028320312,0.11123742908239365,-0.15066680312156677,-0.26696687936782837,0.9453330039978027,1,276535,2297
1786071837,75189250,1,-95.58232879638672,110.00041961669922,-277.45220947265625,,,,,,,,,,276536,2297
1786071837,75189250,,,,,5,-1495.5780029296875,1021.8698120117188,-775.8333129882812,0.1108306497335434,-0.15076866745948792,-0.26697808504104614,0.9453612565994263,1,276536,2297
1786071837,83807568,1,-94.97747039794922,109.76886749267578,-275.7430725097656,,,,,,,,,,276537,2297
1786071837,83807568,,,,,5,-1495.57080078125,1021.8649291992188,-775.8385620117188,0.11112053692340851,-0.1505625694990158,-0.2672046422958374,0.9452962875366211,1,276537,2297
1786071837,90882974,1,-94.4923095703125,109.70639038085938,-274.55548095703125,,,,,,,,,,276538,2297
1786071837,90882974,,,,,5,-1495.5780029296875,1021.8523559570312,-775.8160400390625,0.11094310879707336,-0.1506105214357376,-0.26735183596611023,0.945267915725708,1,276538,2297
1786071837,100491429,1,-94.03250885009766,109.93939208984375,-273.0177001953125,,,,,,,,,,276539,2297
1786071837,100491429,,,,,5,-1495.5718994140625,1021.8739624023438,-775.8162841796875,0.11077683418989182,-0.1508590430021286,-0.2670745253562927,0.9453260898590088,1,276539,2297
1786071837,107941752,1,-93.09748077392578,110.65838623046875,-272.21240234375,,,,,,,,,,276540,2297
1786071837,107941752,,,,,5,-1495.571533203125,1021.8453979492188,-775.8811645507812,0.11161098629236221,-0.15061812102794647,-0.2683587670326233,0.9449025392532349,1,276540,2297
1786071837,115975417,1,-92.86717987060547,110.25554656982422,-269.8455810546875,,,,,,,,,,276541,2297
1786071837,115975417,,,,,5,-1495.5457763671875,1021.8074340820312,-775.9454345703125,0.11160207539796829,-0.15040506422519684,-0.2673415243625641,0.9452258348464966,1,276541,2297
1786071837,124931879,1,-92.4274673461914,110.17730712890625,-268.2941589355469,,,,,,,,,,276542,2297
1786071837,124931879,,,,,5,-1495.5985107421875,1021.8783569335938,-775.9110717773438,0.11174838244915009,-0.1505434364080429,-0.2683762013912201,0.9448933005332947,1,276542,2297
1786071837,133245244,1,-91.74381256103516,110.73040008544922,-267.8615417480469,,,,,,,,,,276543,2297
1786071837,133245244,,,,,5,-1495.5400390625,1021.8041381835938,-775.9479370117188,0.11146000027656555,-0.15055227279663086,-0.2670441269874573,0.945303201675415,1,276543,2297
1786071837,142402831,1,-91.47525024414062,110.2295150756836,-265.2942810058594,,,,,,,,,,276544,2297
1786071837,142402831,,,,,5,-1495.53369140625,1021.82958984375,-775.94287109375,0.11186017841100693,-0.15041981637477875,-0.2674717903137207,0.9451559782028198,1,276544,2297
1786071837,149918798,1,-90.67607879638672,111.19999694824219,-263.1553039550781,,,,,,,,,,276545,2297
1786071837,149918798,,,,,5,-1495.596435546875,1021.87255859375,-775.8085327148438,0.11064490675926208,-0.1506231427192688,-0.2668735980987549,0.9454358816146851,1,276545,2297
1786071837,157884642,1,-89.54188537597656,110.78236389160156,-261.0731201171875,,,,,,,,,,276546,2297
1786071837,157884642,,,,,5,-1495.6834716796875,1021.9295043945312,-775.8197631835938,0.11144851893186569,-0.14975634217262268,-0.2678605616092682,0.9452000856399536,1,276546,2297
1786071837,166804137,1,-88.15735626220703,110.93136596679688,-258.80078125,,,,,,,,,,276547,2297
1786071837,166804137,,,,,5,-1495.5975341796875,1021.8715209960938,-775.841064453125,0.11092047393321991,-0.1506097912788391,-0.2672474682331085,0.9453000426292419,1,276547,2297
1786071837,174740311,1,-86.90321350097656,111.97601318359375,-256.4395751953125,,,,,,,,,,276548,2297
1786071837,174740311,,,,,5,-1495.5633544921875,1021.8300170898438,-775.8385620117188,0.11085226386785507,-0.15050776302814484,-0.2666482627391815,0.9454934597015381,1,276548,2297
1786071837,182903984,1,-89.97514343261719,109.2586441040039,-259.49114990234375,,,,,,,,,,276549,2297
1786071837,182903984,,,,,5,-1495.7008056640625,1021.9457397460938,-775.83642578125,0.11138106882572174,-0.1497820019721985,-0.2682034969329834,0.9451066255569458,1,276549,2297
1786071837,192217312,1,-89.55435943603516,108.95761108398438,-257.9844970703125,,,,,,,,,,276550,2297
1786071837,192217312,,,,,5,-1495.5810546875,1021.84130859375,-775.842529296875,0.1108715608716011,-0.15063415467739105,-0.2676442265510559,0.9451897144317627,1,276550,2297
1786071837,199718141,1,-89.02777862548828,109.29290008544922,-256.4732666015625,,,,,,,,,,276551,2297
1786071837,199718141,,,,,5,-1495.5902099609375,1021.9180908203125,-775.8121948242188,0.11107506603002548,-0.15035372972488403,-0.2669539153575897,0.9454055428504944,1,276551,2297
1786071837,208731125,1,-90.52336883544922,108.81788635253906,-256.0038757324219,,,,,,,,,,276552,2297
1786071837,208731125,,,,,5,-1495.5743408203125,1021.8969116210938,-775.8167114257812,0.11066249012947083,-0.15070810914039612,-0.26706454157829285,0.945366382598877,1,276552,2297
1786071837,216538956,1,-87.87362670898438,110.4929428100586,-252.7022705078125,,,,,,,,,,276553,2297
1786071837,216538956,,,,,5,-1495.5516357421875,1021.8551635742188,-775.8099365234375,0.11118581146001816,-0.15051940083503723,-0.26757094264030457,0.9451918005943298,1,276553,2297
1786071837,224911820,1,-88.25519561767578,109.2768783569336,-252.09947204589844,,,,,,,,,,276554,2297
1786071837,224911820,,,,,5,-1495.5567626953125,1021.83154296875,-775.8760986328125,0.11090562492609024,-0.15051165223121643,-0.2669508457183838,0.9454011917114258,1,276554,2297
1786071837,233574626,1,-87.26265716552734,109.8347396850586,-250.07931518554688,,,,,,,,,,276555,2297
1786071837,233574626,,,,,5,-1495.5660400390625,1021.8375244140625,-775.83935546875,0.11097974330186844,-0.15051114559173584,-0.2677050828933716,0.945179283618927,1,276555,2297
1786071837,241529684,1,-86.5122299194336,110.15025329589844,-248.66810607910156,,,,,,,,,,276556,2297
1786071837,241529684,,,,,5,-1495.5736083984375,1021.8824462890625,-775.8329467773438,0.11093225330114365,-0.1505049616098404,-0.26742345094680786,0.9452654719352722,1,276556,2297
1786071837,249507338,1,-85.14265441894531,111.25570678710938,-245.6894073486328,,,,,,,,,,276557,2297
1786071837,249507338,,,,,5,-1495.6806640625,1021.9325561523438,-775.7623901367188,0.11126694828271866,-0.1500319391489029,-0.2678678333759308,0.9451757073402405,1,276557,2297
1786071837,258439187,1,-84.66943359375,111.15540313720703,-244.33721923828125,,,,,,,,,,276558,2297
1786071837,258439187,,,,,5,-1495.5687255859375,1021.857421875,-775.8517456054688,0.11127718538045883,-0.15038275718688965,-0.2670871913433075,0.9453395009040833,1,276558,2297
1786071837,266883136,1,-84.09684753417969,110.6342544555664,-243.26976013183594,,,,,,,,,,276559,2297
1786071837,266883136,,,,,5,-1495.7086181640625,1021.9210815429688,-775.7897338867188,0.1113717183470726,-0.15011803805828094,-0.26799821853637695,0.9451126456260681,1,276559,2297
1786071837,274832561,1,-83.32119750976562,110.80770874023438,-241.5790252685547,,,,,,,,,,276560,2297
1786071837,274832561,,,,,5,-1495.5643310546875,1021.8795166015625,-775.8646850585938,0.1109151765704155,-0.15062861144542694,-0.2668082118034363,0.9454218149185181,1,276560,2297
1786071837,283377362,1,-83.0120620727539,110.97460174560547,-240.67095947265625,,,,,,,,,,276561,2297
1786071837,283377362,,,,,5,-1495.5859375,1021.8967895507812,-775.8355102539062,0.1109081283211708,-0.15047667920589447,-0.2670696973800659,0.9453729391098022,1,276561,2297
1786071837,291374059,1,-82.33180236816406,111.57167053222656,-238.4625244140625,,,,,,,,,,276562,2297
1786071837,291374059,,,,,5,-1495.5615234375,1021.8922729492188,-775.8428344726562,0.11114552617073059,-0.15068528056144714,-0.2670479714870453,0.9453179240226746,1,276562,2297
1786071837,299624436,1,-81.78544616699219,111.36319732666016,-237.2865447998047,,,,,,,,,,276563,2297
1786071837,299624436,,,,,5,-1495.6014404296875,1021.9068603515625,-775.8645629882812,0.11097124963998795,-0.15047268569469452,-0.2672024667263031,0.9453286528587341,1,276563,2297
1786071837,308318161,1,-81.16365051269531,111.4645004272461,-235.82789611816406,,,,,,,,,,276564,2297
1786071837,308318161,,,,,5,-1495.587890625,1021.8916015625,-775.8599853515625,0.11100142449140549,-0.15035812556743622,-0.26711466908454895,0.9453681707382202,1,276564,2297
1786071837,316322508,1,-80.85834503173828,111.12850952148438,-234.44590759277344,,,,,,,,,,276565,2297
1786071837,316322508,,,,,5,-1495.5880126953125,1021.8951416015625,-775.8536987304688,0.11084161698818207,-0.15058214962482452,-0.26673007011413574,0.94545978307724,1,276565,2297
1786071837,324235030,1,-80.23656463623047,111.34125518798828,-233.04336547851562,,,,,,,,,,276566,2297
1786071837,324235030,,,,,5,-1495.6751708984375,1021.9295043945312,-775.8297119140625,0.11155370622873306,-0.14958098530769348,-0.2681807577610016,0.9451245665550232,1,276566,2297
1786071837,333275763,1,-80.1664810180664,109.56591796875,-231.38226318359375,,,,,,,,,,276567,2297
1786071837,333275763,,,,,5,-1495.56640625,1021.9030151367188,-775.8253173828125,0.11090945452451706,-0.1506449580192566,-0.26704806089401245,0.9453521966934204,1,276567,2297
1786071837,341181340,1,-79.25650024414062,110.83940124511719,-230.29371643066406,,,,,,,,,,276568,2297
1786071837,341181340,,,,,5,-1495.562744140625,1021.90478515625,-775.8416137695312,0.11096246540546417,-0.15056352317333221,-0.266813188791275,0.9454250931739807,1,276568,2297
1786071837,350247870,1,-78.73369598388672,111.00647735595703,-229.07150268554688,,,,,,,,,,276569,2297
1786071837,350247870,,,,,5,-1495.57275390625,1021.8946533203125,-775.8521728515625,0.11093936860561371,-0.1504293978214264,-0.2669379413127899,0.9454139471054077,1,276569,2297
1786071837,358219859,1,-78.71209716796875,110.47599792480469,-228.6492156982422,,,,,,,,,,276570,2297
1786071837,358219859,,,,,5,-1495.5394287109375,1021.8695678710938,-775.8103637695312,0.11095646023750305,-0.1507081240415573,-0.26762375235557556,0.9451736211776733,1,276570,2297
1786071837,366184486,1,-79.20170593261719,108.64053344726562,-226.5172576904297,,,,,,,,,,276571,2297
1786071837,366184486,,,,,5,-1495.597900390625,1021.9099731445312,-775.82861328125,0.11110635101795197,-0.15035997331142426,-0.26752346754074097,0.9452399015426636,1,276571,2297
1786071837,375744389,1,-78.18907928466797,109.84818267822266,-224.92730712890625,,,,,,,,,,276572,2297
1786071837,375744389,,,,,5,-1495.5589599609375,1021.8859252929688,-775.8171997070312,0.11053501814603806,-0.15069234371185303,-0.26688846945762634,0.9454335570335388,1,276572,2297
1786071837,383122091,1,-77.39102172851562,110.42620849609375,-223.0792694091797,,,,,,,,,,276573,2297
1786071837,383122091,,,,,5,-1495.5638427734375,1021.880859375,-775.8764038085938,0.1105768010020256,-0.1505640596151352,-0.2661888003349304,0.9456461668014526,1,276573,2297
1786071837,391038325,1,-75.41068267822266,110.54988098144531,-221.24417114257812,,,,,,,,,,276574,2297
1786071837,391038325,,,,,5,-1495.5924072265625,1021.8916015625,-775.8319702148438,0.11102644354104996,-0.1504823863506317,-0.2675221860408783,0.9452300667762756,1,276574,2297
1786071837,400081299,1,-75.49041748046875,111.1556396484375,-220.65908813476562,,,,,,,,,,276575,2297
1786071837,400081299,,,,,5,-1495.55859375,1021.8865356445312,-775.8888549804688,0.1107870414853096,-0.15040431916713715,-0.2662281394004822,0.945635974407196,1,276575,2297
1786071837,408054568,1,-75.54080963134766,111.26842498779297,-217.71946716308594,,,,,,,,,,276576,2297
1786071837,408054568,,,,,5,-1495.5550537109375,1021.8843994140625,-775.8684692382812,0.11112422496080399,-0.150559663772583,-0.2670578360557556,0.94533771276474,1,276576,2297
1786071837,416005561,1,-75.46763610839844,110.8052749633789,-217.42955017089844,,,,,,,,,,276577,2297
1786071837,416005561,,,,,5,-1495.600830078125,1021.8859252929688,-775.8319702148438,0.1107468381524086,-0.15050548315048218,-0.2667354345321655,0.9454816579818726,1,276577,2297
1786071837,424981418,1,-72.86422729492188,200.14010620117188,-276.666259765625,,,,,,,,,,276578,2297
1786071837,424981418,,,,,5,-1495.7049560546875,1021.9838256835938,-775.7970581054688,0.1115240603685379,-0.1495896279811859,-0.26832419633865356,0.9450860023498535,1,276578,2297
1786071837,433308130,1,-73.96305847167969,111.12890625,-214.42819213867188,,,,,,,,,,276579,2297
1786071837,433308130,,,,,5,-1495.573974609375,1021.8855590820312,-775.7989501953125,0.11094871163368225,-0.15070435404777527,-0.2672668695449829,0.9452762007713318,1,276579,2297
1786071837,441877351,1,-73.73934936523438,110.6500473022461,-213.687744140625,,,,,,,,,,276580,2298
1786071837,441877351,,,,,5,-1495.5845947265625,1021.8554077148438,-775.852783203125,0.11069770157337189,-0.15091626346111298,-0.2666032612323761,0.9454591274261475,1,276580,2298
1786071837,449889187,1,-73.56746673583984,110.62129974365234,-212.67376708984375,,,,,,,,,,276581,2298
1786071837,449889187,,,,,5,-1495.5771484375,1021.8722534179688,-775.8048706054688,0.11068280041217804,-0.1507605016231537,-0.266988068819046,0.9453772306442261,1,276581,2298
1786071837,457929509,1,-72.709716796875,108.62694549560547,-210.3143310546875,,,,,,,,,,276582,2298
1786071837,457929509,,,,,5,-1495.6064453125,1021.9010620117188,-775.8319702148438,0.1109921783208847,-0.15039612352848053,-0.2672460079193115,0.9453260898590088,1,276582,2298
1786071837,466852076,1,-70.72077178955078,108.05595397949219,-210.2026824951172,,,,,,,,,,276583,2298
1786071837,466852076,,,,,5,-1495.558837890625,1021.8693237304688,-775.8278198242188,0.11098703742027283,-0.15071921050548553,-0.267110139131546,0.9453136920928955,1,276583,2298
1786071837,474599287,1,-71.47149658203125,110.8518295288086,-209.13238525390625,,,,,,,,,,276584,2298
1786071837,474599287,,,,,5,-1495.59765625,1021.9060668945312,-775.834228515625,0.11111610382795334,-0.1504344642162323,-0.2675172686576843,0.945228636264801,1,276584,2298
1786071837,482817178,1,-71.12353515625,107.66928100585938,-206.23248291015625,,,,,,,,,,276585,2298
1786071837,482817178,,,,,5,-1495.5474853515625,1021.85205078125,-775.868408203125,0.11111488193273544,-0.15038517117500305,-0.26656123995780945,0.945506751537323,1,276585,2298
1786071837,492009076,1,-71.0098648071289,111.36934661865234,-205.610107421875,,,,,,,,,,276586,2298
1786071837,492009076,,,,,5,-1495.5535888671875,1021.8783569335938,-775.8463134765625,0.11112365871667862,-0.15042389929294586,-0.26665744185447693,0.9454723596572876,1,276586,2298
1786071837,499766049,1,-70.22029876708984,108.01832580566406,-203.8575897216797,,,,,,,,,,276587,2298
1786071837,499766049,,,,,5,-1495.585693359375,1021.8783569335938,-775.8860473632812,0.11112776398658752,-0.15012496709823608,-0.26718974113464355,0.9453691244125366,1,276587,2298
1786071837,508108923,1,-69.72464752197266,107.4984130859375,-201.93548583984375,,,,,,,,,,276588,2298
1786071837,508108923,,,,,5,-1495.58056640625,1021.8715209960938,-775.8073120117188,0.11089471727609634,-0.15066111087799072,-0.26722902059555054,0.9453001618385315,1,276588,2298
1786071837,516902954,1,-69.69337463378906,111.15113067626953,-202.24806213378906,,,,,,,,,,276589,2298
1786071837,516902954,,,,,5,-1495.5545654296875,1021.8953247070312,-775.8444213867188,0.11042661219835281,-0.15082897245883942,-0.2662275433540344,0.9456107020378113,1,276589,2298
1786071837,524658199,1,-69.19092559814453,109.25123596191406,-200.68008422851562,,,,,,,,,,276590,2298
1786071837,524658199,,,,,5,-1495.5858154296875,1021.8892822265625,-775.81884765625,0.11073799431324005,-0.15047872066497803,-0.2670949399471283,0.9453853964805603,1,276590,2298
1786071837,532624459,1,-69.20890045166016,110.41374969482422,-199.52626037597656,,,,,,,,,,276591,2298
1786071837,532624459,,,,,5,-1495.57275390625,1021.8702392578125,-775.8314819335938,0.11100997030735016,-0.15054868161678314,-0.26691558957099915,0.9453930854797363,1,276591,2298
1786071837,541626657,1,-68.54119110107422,110.49150848388672,-197.5909423828125,,,,,,,,,,276592,2298
1786071837,541626657,,,,,5,-1495.5830078125,1021.8790283203125,-775.8539428710938,0.11083262413740158,-0.15063762664794922,-0.2669580578804016,0.9453876614570618,1,276592,2298
1786071837,549997793,1,-68.2667236328125,110.40860748291016,-196.28903198242188,,,,,,,,,,276593,2298
1786071837,549997793,,,,,5,-1495.585205078125,1021.845703125,-775.8456420898438,0.11084812134504318,-0.15060091018676758,-0.266648530960083,0.9454790949821472,1,276593,2298
1786071837,558571782,1,-66.92372131347656,109.32279968261719,-195.4080352783203,,,,,,,,,,276594,2298
1786071837,558571782,,,,,5,-1495.5501708984375,1021.8697509765625,-775.8067626953125,0.11075006425380707,-0.1505126953125,-0.26705747842788696,0.9453891515731812,1,276594,2298
1786071837,566914497,1,-67.46871948242188,110.4552001953125,-193.34371948242188,,,,,,,,,,276595,2298
1786071837,566914497,,,,,5,-1495.578125,1021.8914184570312,-775.8507690429688,0.1109621450304985,-0.15063168108463287,-0.26670461893081665,0.9454450011253357,1,276595,2298
1786071837,574943425,1,-67.40373229980469,110.3100814819336,-191.95567321777344,,,,,,,,,,276596,2298
1786071837,574943425,,,,,5,-1495.5565185546875,1021.8372192382812,-775.8555908203125,0.11085905879735947,-0.1505272090435028,-0.26721271872520447,0.9453302621841431,1,276596,2298
1786071837,583919378,1,-66.03970336914062,108.40510559082031,-190.58273315429688,,,,,,,,,,276597,2298
1786071837,583919378,,,,,5,-1495.57958984375,1021.8602905273438,-775.8695678710938,0.11099071055650711,-0.1502922922372818,-0.26718831062316895,0.9453591108322144,1,276597,2298
1786071837,591465943,1,-66.35956573486328,110.24713897705078,-188.63116455078125,,,,,,,,,,276598,2298
1786071837,591465943,,,,,5,-1495.60595703125,1021.8843994140625,-775.8440551757812,0.11079072207212448,-0.15073548257350922,-0.26702502369880676,0.9453582167625427,1,276598,2298
1786071837,599586888,1,-66.28885650634766,110.46053314208984,-186.97372436523438,,,,,,,,,,276599,2298
1786071837,599586888,,,,,5,-1495.5550537109375,1021.845703125,-775.8060913085938,0.11090879887342453,-0.15071728825569153,-0.2669055759906769,0.9453808069229126,1,276599,2298
1786071837,608696434,1,-65.29042053222656,108.69489288330078,-185.9658660888672,,,,,,,,,,276600,2298
1786071837,608696434,,,,,5,-1495.5731201171875,1021.8440551757812,-775.8290405273438,0.11125654727220535,-0.1505378782749176,-0.2671787738800049,0.9452914595603943,1,276600,2298
1786071837,616345963,1,-64.58104705810547,109.38072204589844,-184.61102294921875,,,,,,,,,,276601,2298
1786071837,616345963,,,,,5,-1495.6036376953125,1021.90087890625,-775.8374633789062,0.11092774569988251,-0.15036459267139435,-0.26734256744384766,0.9453112483024597,1,276601,2298
1786071837,624416626,1,-65.48815155029297,110.70662689208984,-182.2855682373047,,,,,,,,,,276602,2298
1786071837,624416626,,,,,5,-1495.6890869140625,1021.8990478515625,-775.77099609375,0.11125390231609344,-0.14997032284736633,-0.2682945132255554,0.945065975189209,1,276602,2298
1786071837,633346427,1,-65.32477569580078,109.71083068847656,-179.84019470214844,,,,,,,,,,276603,2298
1786071837,633346427,,,,,5,-1495.5426025390625,1021.8607788085938,-775.8433837890625,0.11080700159072876,-0.1505776196718216,-0.2667957842350006,0.9454460144042969,1,276603,2298
1786071837,641320176,1,-63.6464729309082,108.40585327148438,-183.90203857421875,,,,,,,,,,276604,2298
1786071837,641320176,,,,,5,-1495.5496826171875,1021.8643798828125,-775.8442993164062,0.11060691624879837,-0.15074653923511505,-0.26650741696357727,0.9455238580703735,1,276604,2298
1786071837,650273885,1,-64.5945816040039,110.17941284179688,-181.83944702148438,,,,,,,,,,276605,2298
1786071837,650273885,,,,,5,-1495.5399169921875,1021.8707275390625,-775.814697265625,0.11123035103082657,-0.1503884345293045,-0.2676655948162079,0.9451805949211121,1,276605,2298
1786071837,658304765,1,-64.67684936523438,110.61534881591797,-179.03175354003906,,,,,,,,,,276606,2298
1786071837,658304765,,,,,5,-1495.575927734375,1021.8892822265625,-775.8207397460938,0.11126745492219925,-0.15040959417819977,-0.26773351430892944,0.9451535940170288,1,276606,2298
1786071837,666448243,1,-62.74134826660156,107.98388671875,-180.202392578125,,,,,,,,,,276607,2298
1786071837,666448243,,,,,5,-1495.5709228515625,1021.8742065429688,-775.8351440429688,0.11061200499534607,-0.15068191289901733,-0.26670128107070923,0.9454790353775024,1,276607,2298
1786071837,675281833,1,-63.66960144042969,110.70897674560547,-177.90426635742188,,,,,,,,,,276608,2298
1786071837,675281833,,,,,5,-1495.5501708984375,1021.86474609375,-775.8582763671875,0.11109659075737,-0.15048480033874512,-0.26662036776542664,0.9454763531684875,1,276608,2298
1786071837,683319690,1,-63.527835845947266,110.61725616455078,-175.74485778808594,,,,,,,,,,276609,2298
1786071837,683319690,,,,,5,-1495.55078125,1021.8771362304688,-775.8685913085938,0.11126542091369629,-0.15040935575962067,-0.2667647898197174,0.9454277753829956,1,276609,2298
1786071837,691241974,1,-63.267799377441406,110.9286880493164,-175.11724853515625,,,,,,,,,,276610,2298
1786071837,691241974,,,,,5,-1495.5400390625,1021.9053955078125,-775.8148803710938,0.11087734252214432,-0.1507566124200821,-0.26696640253067017,0.9453610777854919,1,276610,2298
1786071837,700094800,1,-62.59127426147461,109.33688354492188,-173.0327911376953,,,,,,,,,,276611,2298
1786071837,700094800,,,,,5,-1495.57421875,1021.9229736328125,-775.860107421875,0.1107129380106926,-0.15043792128562927,-0.26644963026046753,0.9455769658088684,1,276611,2298
1786071837,709771428,1,-62.62260818481445,111.49954986572266,-172.07847595214844,,,,,,,,,,276612,2298
1786071837,709771428,,,,,5,-1495.5799560546875,1021.8810424804688,-775.8695678710938,0.11074430495500565,-0.15085811913013458,-0.26686808466911316,0.9453882575035095,1,276612,2298
1786071837,716976394,1,-62.97723388671875,109.78150177001953,-172.69467163085938,,,,,,,,,,276613,2298
1786071837,716976394,,,,,5,-1495.6976318359375,1021.9228515625,-775.8118896484375,0.11159060895442963,-0.14927662909030914,-0.268380731344223,0.9451115131378174,1,276613,2298
1786071837,725087897,1,-62.47334671020508,108.7264175415039,-174.94540405273438,,,,,,,,,,276614,2298
1786071837,725087897,,,,,5,-1495.5672607421875,1021.8704223632812,-775.8291625976562,0.11064846068620682,-0.1508399099111557,-0.26631543040275574,0.9455581903457642,1,276614,2298
1786071837,733401358,1,-65.12342834472656,108.37726593017578,-172.45217895507812,,,,,,,,,,276615,2298
1786071837,733401358,,,,,5,-1495.568115234375,1021.8751831054688,-775.8696899414062,0.11117877811193466,-0.1504826694726944,-0.2670755386352539,0.9453384280204773,1,276615,2298
1786071837,741114547,1,-62.68511962890625,110.62007141113281,-168.20936584472656,,,,,,,,,,276616,2298
1786071837,741114547,,,,,5,-1495.5194091796875,1021.83447265625,-775.8419189453125,0.11101943999528885,-0.15048344433307648,-0.26710402965545654,0.9453490972518921,1,276616,2298
1786071837,750144654,1,-62.38774871826172,110.88603973388672,-165.80906677246094,,,,,,,,,,276617,2298
1786071837,750144654,,,,,5,-1495.580322265625,1021.8832397460938,-775.8425903320312,0.11099928617477417,-0.15037260949611664,-0.26721739768981934,0.9453369975090027,1,276617,2298
1786071837,757904731,1,-62.75419616699219,110.52365112304688,-163.01853942871094,,,,,,,,,,276618,2298
1786071837,757904731,,,,,5,-1495.6861572265625,1021.9112548828125,-775.80078125,0.11119411885738373,-0.14973565936088562,-0.26833492517471313,0.9450985789299011,1,276618,2298
1786071837,766951258,1,-60.24934387207031,109.11018371582031,-164.38136291503906,,,,,,,,,,276619,2298
1786071837,766951258,,,,,5,-1495.6055908203125,1021.8760986328125,-775.8034057617188,0.11086718738079071,-0.15053711831569672,-0.2675750255584717,0.945225179195404,1,276619,2298
1786071837,775006686,1,-61.14249801635742,110.83236694335938,-162.35862731933594,,,,,,,,,,276620,2298
1786071837,775006686,,,,,5,-1495.582763671875,1021.8807983398438,-775.8522338867188,0.11066360026597977,-0.15051151812076569,-0.2668842077255249,0.9454484581947327,1,276620,2298
1786071837,782938092,1,-61.19855499267578,110.57742309570312,-160.7880096435547,,,,,,,,,,276621,2298
1786071837,782938092,,,,,5,-1495.5328369140625,1021.8816528320312,-775.82568359375,0.11068340390920639,-0.15069760382175446,-0.2669753432273865,0.9453906416893005,1,276621,2298
1786071837,792374483,1,-62.072139739990234,108.7840347290039,-158.71829223632812,,,,,,,,,,276622,2298
1786071837,792374483,,,,,5,-1495.589111328125,1021.8972778320312,-775.8273315429688,0.11067284643650055,-0.15059269964694977,-0.26703009009361267,0.9453932642936707,1,276622,2298
1786071837,799872943,1,-61.51329803466797,109.65985870361328,-157.4332275390625,,,,,,,,,,276623,2298
1786071837,799872943,,,,,5,-1495.5875244140625,1021.9085083007812,-775.8565673828125,0.11094825714826584,-0.1504681259393692,-0.2666358947753906,0.9454919695854187,1,276623,2298
1786071837,808060621,1,-61.400943756103516,109.75371551513672,-156.6502685546875,,,,,,,,,,276624,2298
1786071837,808060621,,,,,5,-1495.5921630859375,1021.8453369140625,-775.8562622070312,0.11071400344371796,-0.15061251819133759,-0.26691102981567383,0.9454188346862793,1,276624,2298
1786071837,816903717,1,-61.22847366333008,109.57688903808594,-155.65867614746094,,,,,,,,,,276625,2298
1786071837,816903717,,,,,5,-1495.6585693359375,1021.9358520507812,-775.8280029296875,0.11150525510311127,-0.14955027401447296,-0.26732683181762695,0.945376992225647,1,276625,2298
1786071837,824814255,1,-60.46824645996094,110.57007598876953,-155.30726623535156,,,,,,,,,,276626,2298
1786071837,824814255,,,,,5,-1495.67578125,1021.9671020507812,-775.7884521484375,0.11136940866708755,-0.14976286888122559,-0.26765918731689453,0.9452653527259827,1,276626,2298
1786071837,832815465,1,-61.449798583984375,108.60253143310547,-152.17454528808594,,,,,,,,,,276627,2298
1786071837,832815465,,,,,5,-1495.6070556640625,1021.8580932617188,-775.8349609375,0.11060763150453568,-0.15065521001815796,-0.266755074262619,0.9454684853553772,1,276627,2298
1786071837,841772535,1,-61.59566879272461,108.73291778564453,-150.77926635742188,,,,,,,,,,276628,2298
1786071837,841772535,,,,,5,-1495.6845703125,1021.9254150390625,-775.8422241210938,0.1114969402551651,-0.14946146309375763,-0.268044650554657,0.9451888203620911,1,276628,2298
1786071837,849778866,1,-61.86414337158203,108.44681549072266,-149.0128936767578,,,,,,,,,,276629,2298
1786071837,849778866,,,,,5,-1495.5633544921875,1021.8888549804688,-775.8265991210938,0.11074727773666382,-0.15080684423446655,-0.26642894744873047,0.9455199241638184,1,276629,2298
1786071837,857744550,1,-59.883644104003906,111.08229064941406,-150.52212524414062,,,,,,,,,,276630,2298
1786071837,857744550,,,,,5,-1495.6920166015625,1021.8707275390625,-775.7807006835938,0.11099047213792801,-0.14981092512607574,-0.26784002780914307,0.9452510476112366,1,276630,2298
1786071837,866695795,1,-59.802825927734375,109.06629180908203,-150.4674072265625,,,,,,,,,,276631,2298
1786071837,866695795,,,,,5,-1495.5718994140625,1021.8658447265625,-775.851806640625,0.11100079119205475,-0.15066584944725037,-0.26717835664749146,0.9453012347221375,1,276631,2298
1786071837,874627424,1,-60.20720291137695,110.13011932373047,-147.52285766601562,,,,,,,,,,276632,2298
1786071837,874627424,,,,,5,-1495.58447265625,1021.8648681640625,-775.8190307617188,0.11106214672327042,-0.1504811942577362,-0.2679089605808258,0.9451166987419128,1,276632,2298
1786071837,884255051,1,-59.209407806396484,110.99369812011719,-146.89344787597656,,,,,,,,,,276633,2298
1786071837,884255051,,,,,5,-1495.52587890625,1021.8370361328125,-775.8630981445312,0.11086509376764297,-0.15065686404705048,-0.2662312686443329,0.9455857872962952,1,276633,2298
1786071837,891560740,1,-59.89470672607422,109.75892639160156,-145.20333862304688,,,,,,,,,,276634,2298
1786071837,891560740,,,,,5,-1495.688232421875,1021.9228515625,-775.812744140625,0.11162377148866653,-0.14949055016040802,-0.2677091658115387,0.9452643394470215,1,276634,2298
1786071837,900164207,1,-59.557830810546875,110.13884735107422,-144.11643981933594,,,,,,,,,,276635,2298
1786071837,900164207,,,,,5,-1495.5526123046875,1021.8619384765625,-775.8341674804688,0.11077351868152618,-0.15075179934501648,-0.26695510745048523,0.9453773498535156,1,276635,2298
1786071837,908167818,1,-59.40803146362305,110.08973693847656,-142.7185821533203,,,,,,,,,,276636,2298
1786071837,908167818,,,,,5,-1495.5682373046875,1021.8536376953125,-775.8359985351562,0.11111478507518768,-0.15051864087581635,-0.2670022249221802,0.9453609585762024,1,276636,2298
1786071837,916516550,1,-58.11874008178711,109.46569061279297,-141.9138641357422,,,,,,,,,,276637,2298
1786071837,916516550,,,,,5,-1495.5880126953125,1021.9375,-775.8277587890625,0.11088541150093079,-0.1505468636751175,-0.26739802956581116,0.9452715516090393,1,276637,2298
1786071837,924526274,1,-59.00608444213867,109.1842269897461,-139.5969696044922,,,,,,,,,,276638,2298
1786071837,924526274,,,,,5,-1495.5628662109375,1021.8534545898438,-775.9114990234375,0.11155182123184204,-0.1506582796573639,-0.26792603731155396,0.9450259208679199,1,276638,2298
1786071837,933505235,1,-58.50979232788086,109.44190216064453,-138.99740600585938,,,,,,,,,,276639,2298
1786071837,933505235,,,,,5,-1495.5545654296875,1021.8176879882812,-775.9347534179688,0.11167258769273758,-0.15064933896064758,-0.26792147755622864,0.9450144171714783,1,276639,2298
1786071837,941684079,1,-57.4856071472168,109.889404296875,-137.22015380859375,,,,,,,,,,276640,2298
1786071837,941684079,,,,,5,-1495.549560546875,1021.8528442382812,-775.8959350585938,0.11144443601369858,-0.15080216526985168,-0.26800087094306946,0.9449943900108337,1,276640,2298
1786071837,949837478,1,-57.07927703857422,110.61553192138672,-137.86680603027344,,,,,,,,,,276641,2298
1786071837,949837478,,,,,5,-1495.586669921875,1021.8834228515625,-775.91650390625,0.11138617247343063,-0.15033958852291107,-0.2673185467720032,0.9452682137489319,1,276641,2298
1786071837,958401418,1,-57.36443328857422,107.60725402832031,-140.88970947265625,,,,,,,,,,276642,2298
1786071837,958401418,,,,,5,-1495.5657958984375,1021.8319702148438,-775.9135131835938,0.11178336292505264,-0.15051500499248505,-0.2679147720336914,0.9450244903564453,1,276642,2298
1786071837,966711935,1,-56.82133102416992,108.95895385742188,-136.2841796875,,,,,,,,,,276643,2298
1786071837,966711935,,,,,5,-1495.5799560546875,1021.8490600585938,-775.91259765625,0.11128578335046768,-0.1506185382604599,-0.26774370670318604,0.9451153874397278,1,276643,2298
1786071837,974522453,1,-56.716575622558594,109.24201202392578,-134.60980224609375,,,,,,,,,,276644,2298
1786071837,974522453,,,,,5,-1495.5784912109375,1021.861328125,-775.8609008789062,0.11154109984636307,-0.15070131421089172,-0.26823580265045166,0.9449324011802673,1,276644,2298
1786071837,983641505,1,-56.09591293334961,109.68314361572266,-133.11248779296875,,,,,,,,,,276645,2298
1786071837,983641505,,,,,5,-1495.5885009765625,1021.8728637695312,-775.8793334960938,0.11150724440813065,-0.15070727467536926,-0.26804909110069275,0.9449883699417114,1,276645,2298
1786071837,991827262,,,,,5,-1495.5506591796875,1021.8671875,-775.8934936523438,0.11147695779800415,-0.1507745087146759,-0.2677293121814728,0.9450718760490417,1,276646,2298
1786071837,999595597,1,-55.75684356689453,109.7266616821289,-130.05999755859375,,,,,,,,,,276647,2298
1786071837,999595597,,,,,5,-1495.5926513671875,1021.85107421875,-775.8887939453125,0.11147469282150269,-0.15067443251609802,-0.26800766587257385,0.9450092315673828,1,276647,2298
1786071838,7845911,,,,,5,-1495.5634765625,1021.82666015625,-775.92919921875,0.11206986010074615,-0.1505366861820221,-0.26771169900894165,0.945044755935669,1,276648,2298
1786071838,16399929,,,,,5,-1495.567626953125,1021.8246459960938,-775.9450073242188,0.11153015494346619,-0.1504669189453125,-0.26734378933906555,0.9452236890792847,1,276649,2298
1786071838,25469499,1,-54.72355270385742,109.40979766845703,-126.8974609375,,,,,,,,,,276650,2298
1786071838,25469499,,,,,5,-1495.5499267578125,1021.8596801757812,-775.8930053710938,0.11117631196975708,-0.1508352905511856,-0.26707911491394043,0.9452816843986511,1,276650,2298
1786071838,33208933,1,-54.16487503051758,109.16571044921875,-125.95394134521484,,,,,,,,,,276651,2298
1786071838,33208933,,,,,5,-1495.5380859375,1021.845703125,-775.8992309570312,0.11146694421768188,-0.15098489820957184,-0.26730412244796753,0.945159912109375,1,276651,2298
1786071838,41190812,1,-53.251033782958984,110.34134674072266,-124.85157012939453,,,,,,,,,,276652,2298
1786071838,41190812,,,,,5,-1495.5556640625,1021.8585815429688,-775.912841796875,0.11153075844049454,-0.1506718248128891,-0.2676030695438385,0.9451177716255188,1,276652,2298
1786071838,50221783,,,,,5,-1495.5758056640625,1021.845703125,-775.9198608398438,0.11119263619184494,-0.15069159865379333,-0.26753881573677063,0.9451726675033569,1,276653,2298
1786071838,58111709,1,-53.11983871459961,109.60105895996094,-123.08203125,,,,,,,,,,276654,2298
1786071838,58111709,,,,,5,-1495.5614013671875,1021.8546752929688,-775.9066162109375,0.11133134365081787,-0.15068191289901733,-0.2678399384021759,0.9450724720954895,1,276654,2298
1786071838,66167201,1,-52.680912017822266,107.8134536743164,-123.73954772949219,,,,,,,,,,276655,2298
1786071838,66167201,,,,,5,-1495.56982421875,1021.859375,-775.8806762695312,0.1114824190735817,-0.15073823928833008,-0.26778873801231384,0.9450602531433105,1,276655,2298
1786071838,75102603,1,-52.13611602783203,109.24703216552734,-119.68708801269531,,,,,,,,,,276656,2298
1786071838,75102603,,,,,5,-1495.5677490234375,1021.8473510742188,-775.922607421875,0.11126188933849335,-0.15073202550411224,-0.2674691677093506,0.9451777338981628,1,276656,2298
1786071838,83094020,1,-52.32485580444336,109.57353973388672,-119.3967514038086,,,,,,,,,,276657,2298
1786071838,83094020,,,,,5,-1495.5726318359375,1021.8685913085938,-775.9019165039062,0.11146480590105057,-0.150546133518219,-0.2675164043903351,0.9451701045036316,1,276657,2298
1786071838,91240921,1,-52.546730041503906,108.20039367675781,-116.8343276977539,,,,,,,,,,276658,2298
1786071838,91240921,,,,,5,-1495.552978515625,1021.8694458007812,-775.9152221679688,0.11128018796443939,-0.15082649886608124,-0.26693782210350037,0.9453107118606567,1,276658,2298
1786071838,100169634,1,-51.19024658203125,109.26557922363281,-117.20951843261719,,,,,,,,,,276659,2298
1786071838,100169634,,,,,5,-1495.5787353515625,1021.8655395507812,-775.90234375,0.11156830191612244,-0.15057064592838287,-0.267311692237854,0.9452118277549744,1,276659,2298
1786071838,109343736,1,-50.573246002197266,110.19935607910156,-117.01202392578125,,,,,,,,,,276660,2298
1786071838,109343736,,,,,5,-1495.5537109375,1021.8285522460938,-775.942626953125,0.11153466999530792,-0.1504465490579605,-0.26769983768463135,0.9451257586479187,1,276660,2298
1786071838,117036729,1,-50.42018508911133,110.11074829101562,-115.88553619384766,,,,,,,,,,276661,2298
1786071838,117036729,,,,,5,-1495.5654296875,1021.8511962890625,-775.9015502929688,0.11132124066352844,-0.15085403621196747,-0.2671991288661957,0.9452278017997742,1,276661,2298
1786071838,125070681,1,-50.22440719604492,110.09368133544922,-113.96598052978516,,,,,,,,,,276662,2298
1786071838,125070681,,,,,5,-1495.5626220703125,1021.8704223632812,-775.9032592773438,0.1113058552145958,-0.1507977694272995,-0.26683834195137024,0.9453403353691101,1,276662,2298
1786071838,132932090,1,-49.95703125,110.76808166503906,-113.75159454345703,,,,,,,,,,276663,2298
1786071838,132932090,,,,,5,-1495.5255126953125,1021.8201293945312,-775.9381713867188,0.11163301020860672,-0.1505843997001648,-0.2675502896308899,0.9451345801353455,1,276663,2298
1786071838,142735910,1,-49.313758850097656,107.54426574707031,-113.57076263427734,,,,,,,,,,276664,2298
1786071838,142735910,,,,,5,-1495.5511474609375,1021.8016967773438,-775.9171752929688,0.11172465234994888,-0.1505703628063202,-0.2680117189884186,0.9449952840805054,1,276664,2298
1786071838,149978898,1,-50.1034049987793,107.75817108154297,-117.11768341064453,,,,,,,,,,276665,2298
1786071838,149978898,,,,,5,-1495.5877685546875,1021.8505249023438,-775.9036254882812,0.11134849488735199,-0.1506609171628952,-0.2677896022796631,0.9450880885124207,1,276665,2298
1786071838,157803436,,,,,5,-1495.55078125,1021.8046264648438,-775.911376953125,0.11174555867910385,-0.15047243237495422,-0.26793980598449707,0.9450289011001587,1,276666,2298
1786071838,166828326,1,-48.8773078918457,106.2864990234375,-112.72404479980469,,,,,,,,,,276667,2298
1786071838,166828326,,,,,5,-1495.6878662109375,1021.9086303710938,-775.8656616210938,0.11181405931711197,-0.1500799059867859,-0.26828399300575256,0.9449854493141174,1,276667,2298
1786071838,174991455,,,,,5,-1495.5755615234375,1021.8456420898438,-775.87646484375,0.11143439263105392,-0.15058638155460358,-0.26747119426727295,0.9451799988746643,1,276668,2298
1786071838,182760910,,,,,5,-1495.56005859375,1021.8606567382812,-775.8907470703125,0.11116024106740952,-0.1506679207086563,-0.2677210867404938,0.9451285600662231,1,276669,2298
1786071838,191771334,,,,,5,-1495.5792236328125,1021.88232421875,-775.9271850585938,0.1115226149559021,-0.15027934312820435,-0.26797962188720703,0.9450744390487671,1,276670,2298
1786071838,199723927,1,-48.434486389160156,110.04823303222656,-107.22095489501953,,,,,,,,,,276671,2298
1786071838,199723927,,,,,5,-1495.580322265625,1021.87353515625,-775.9398803710938,0.11110930144786835,-0.15053673088550568,-0.26691609621047974,0.9453831315040588,1,276671,2298
1786071838,207655045,1,-47.81208419799805,110.80581665039062,-106.60521697998047,,,,,,,,,,276672,2298
1786071838,207655045,,,,,5,-1495.6800537109375,1021.88330078125,-775.8850708007812,0.1118660718202591,-0.1499791443347931,-0.2680489122867584,0.945061981678009,1,276672,2298
1786071838,217028640,1,-48.72760772705078,109.53251647949219,-105.05769348144531,,,,,,,,,,276673,2298
1786071838,217028640,,,,,5,-1495.5657958984375,1021.8570556640625,-775.900390625,0.11145114153623581,-0.15072885155677795,-0.2673499286174774,0.9451897144317627,1,276673,2298
1786071838,224606795,1,-47.35786819458008,107.65995025634766,-103.94290924072266,,,,,,,,,,276674,2298
1786071838,224606795,,,,,5,-1495.6685791015625,1021.9200439453125,-775.8837280273438,0.11187421530485153,-0.14994938671588898,-0.2678294777870178,0.9451279044151306,1,276674,2298
1786071838,233807015,,,,,5,-1495.5916748046875,1021.8766479492188,-775.9317626953125,0.11146528273820877,-0.1503860503435135,-0.2679089307785034,0.945084273815155,1,276675,2298
1786071838,241586456,,,,,5,-1495.56201171875,1021.8395385742188,-775.9324340820312,0.1116141676902771,-0.15034981071949005,-0.267461359500885,0.9451993703842163,1,276676,2298
1786071838,249888682,,,,,5,-1495.5994873046875,1021.8637084960938,-775.8763427734375,0.11143484711647034,-0.1505858153104782,-0.2680182158946991,0.9450250864028931,1,276677,2298
1786071838,258574085,,,,,5,-1495.576416015625,1021.8541259765625,-775.9359130859375,0.11176395416259766,-0.15040868520736694,-0.2679106891155243,0.9450449347496033,1,276678,2298
1786071838,266510355,,,,,5,-1495.587158203125,1021.8549194335938,-775.9191284179688,0.11150939017534256,-0.15050393342971802,-0.2676880657672882,0.9451228976249695,1,276679,2298
1786071838,274460484,,,,,5,-1495.548095703125,1021.8241577148438,-775.9363403320312,0.11178459972143173,-0.15042850375175476,-0.26740404963493347,0.9451828002929688,1,276680,2298
1786071838,283480190,,,,,5,-1495.55126953125,1021.8048095703125,-775.9423217773438,0.11155112832784653,-0.15057945251464844,-0.2677636444568634,0.9450846314430237,1,276681,2298
1786071838,291419821,,,,,5,-1495.5718994140625,1021.8215942382812,-775.92236328125,0.11155451834201813,-0.15039171278476715,-0.26736876368522644,0.9452259540557861,1,276682,2298
1786071838,300972618,,,,,5,-1495.5517578125,1021.8310546875,-775.9520263671875,0.11161885410547256,-0.15038344264030457,-0.26723748445510864,0.9452566504478455,1,276683,2298
1786071838,308530481,1,-46.6537971496582,107.92594146728516,-95.19285583496094,,,,,,,,,,276684,2298
1786071838,308530481,,,,,5,-1495.5545654296875,1021.8718872070312,-775.9093627929688,0.11169135570526123,-0.15066668391227722,-0.2675383687019348,0.9451178908348083,1,276684,2298
1786071838,316399571,1,-46.572845458984375,108.46697235107422,-94.40263366699219,,,,,,,,,,276685,2298
1786071838,316399571,,,,,5,-1495.573486328125,1021.8571166992188,-775.884521484375,0.11141198873519897,-0.1508374661207199,-0.26794594526290894,0.9450082778930664,1,276685,2298
1786071838,324367623,,,,,5,-1495.678955078125,1021.9357299804688,-775.8663330078125,0.11220406740903854,-0.14980368316173553,-0.2688319981098175,0.9448272585868835,1,276686,2298
1786071838,333318068,1,-45.79824447631836,110.18913269042969,-95.5244140625,,,,,,,,,,276687,2298
1786071838,333318068,,,,,5,-1495.5107421875,1021.810546875,-775.9205322265625,0.11152608692646027,-0.1507561057806015,-0.26689866185188293,0.9453040361404419,1,276687,2298
1786071838,341289865,1,-47.562721252441406,106.36393737792969,-91.10992431640625,,,,,,,,,,276688,2298
1786071838,341289865,,,,,5,-1495.5574951171875,1021.88232421875,-775.9046020507812,0.1114087700843811,-0.15061859786510468,-0.2673882246017456,0.9452014565467834,1,276688,2298
1786071838,350337031,1,-46.238582611083984,107.80132293701172,-90.98733520507812,,,,,,,,,,276689,2298
1786071838,350337031,,,,,5,-1495.5516357421875,1021.8902587890625,-775.9222412109375,0.11147931218147278,-0.15068790316581726,-0.2674468457698822,0.9451655149459839,1,276689,2298
1786071838,359365922,1,-46.257843017578125,108.28812408447266,-89.76619720458984,,,,,,,,,,276690,2298
1786071838,359365922,,,,,5,-1495.5731201171875,1021.8480834960938,-775.9225463867188,0.11153808236122131,-0.1504717618227005,-0.2676950693130493,0.9451225996017456,1,276690,2298
1786071838,366259021,1,-45.10432434082031,111.28889465332031,-91.05844116210938,,,,,,,,,,276691,2298
1786071838,366259021,,,,,5,-1495.5841064453125,1021.8472900390625,-775.92236328125,0.11148089915513992,-0.15062616765499115,-0.2675814926624298,0.9451369643211365,1,276691,2298
1786071838,375651180,,,,,5,-1495.5670166015625,1021.8617553710938,-775.9027709960938,0.11144380271434784,-0.15081068873405457,-0.2671741545200348,0.9452272653579712,1,276692,2298
1786071838,383215381,1,-46.42329406738281,109.70450592041016,-87.5221939086914,,,,,,,,,,276693,2298
1786071838,383215381,,,,,5,-1495.6038818359375,1021.8676147460938,-775.9159545898438,0.11176102608442307,-0.15054209530353546,-0.2677973806858063,0.945056140422821,1,276693,2298
1786071838,394893344,1,-46.03070831298828,109.09476470947266,-86.75662231445312,,,,,,,,,,276694,2298
1786071838,394893344,,,,,5,-1495.5562744140625,1021.8519897460938,-775.8814697265625,0.11154282093048096,-0.15079303085803986,-0.2679547071456909,0.9449973106384277,1,276694,2298
1786071838,401854168,1,-46.027076721191406,109.0110855102539,-86.04649353027344,,,,,,,,,,276695,2298
1786071838,401854168,,,,,5,-1495.5577392578125,1021.8561401367188,-775.96435546875,0.11161927878856659,-0.15049375593662262,-0.2674348056316376,0.9451832175254822,1,276695,2298
1786071838,408081542,1,-45.681060791015625,110.57308197021484,-86.66874694824219,,,,,,,,,,276696,2298
1786071838,408081542,,,,,5,-1495.58544921875,1021.9029541015625,-775.8966674804688,0.11155128479003906,-0.15056633949279785,-0.2675202190876007,0.9451555013656616,1,276696,2298
1786071838,416342513,1,-45.736995697021484,110.67007446289062,-85.88919830322266,,,,,,,,,,276697,2298
1786071838,416342513,,,,,5,-1495.6177978515625,1021.8955078125,-775.8783569335938,0.11204282194375992,-0.14994284510612488,-0.26782840490341187,0.9451092481613159,1,276697,2298
1786071838,425125310,1,-45.66931915283203,110.73295593261719,-85.22557830810547,,,,,,,,,,276698,2298
1786071838,425125310,,,,,5,-1495.5640869140625,1021.8900756835938,-775.9376831054688,0.11144711822271347,-0.15070627629756927,-0.26701900362968445,0.94528728723526,1,276698,2298
1786071838,434076107,1,-45.04433822631836,110.9030532836914,-84.54491424560547,,,,,,,,,,276699,2298
1786071838,434076107,,,,,5,-1495.598388671875,1021.89697265625,-775.9103393554688,0.11162061244249344,-0.15066774189472198,-0.26780304312705994,0.9450510740280151,1,276699,2298
1786071838,441084139,1,-45.19119644165039,111.33038330078125,-84.00263214111328,,,,,,,,,,276700,2299
1786071838,441084139,,,,,5,-1495.5478515625,1021.87109375,-775.9056396484375,0.11142107099294662,-0.15083536505699158,-0.26733580231666565,0.9451801776885986,1,276700,2299
1786071838,450348434,,,,,5,-1495.5645751953125,1021.8842163085938,-775.8857421875,0.11098241060972214,-0.15071240067481995,-0.26691117882728577,0.9453715085983276,1,276701,2299
1786071838,458529551,,,,,5,-1495.5697021484375,1021.8790893554688,-775.9111328125,0.11166239529848099,-0.1505967527627945,-0.2674542963504791,0.9451562762260437,1,276702,2299
1786071838,465990052,,,,,5,-1495.5728759765625,1021.8792114257812,-775.88671875,0.11138604581356049,-0.15084102749824524,-0.2672911584377289,0.9451960921287537,1,276703,2299
1786071838,474910410,,,,,5,-1495.7080078125,1021.9328002929688,-775.8783569335938,0.1123417466878891,-0.14973051846027374,-0.26889705657958984,0.9448038935661316,1,276704,2299
1786071838,482920231,,,,,5,-1495.595703125,1021.8643798828125,-775.9147338867188,0.11151926964521408,-0.1503906399011612,-0.2678868770599365,0.9450833797454834,1,276705,2299
1786071838,491874004,,,,,5,-1495.5712890625,1021.8798217773438,-775.8843994140625,0.1116832047700882,-0.15057438611984253,-0.26797249913215637,0.9450105428695679,1,276706,2299
1786071838,499906580,1,-43.67800521850586,110.67801666259766,-78.72103118896484,,,,,,,,,,276707,2299
1786071838,499906580,,,,,5,-1495.5672607421875,1021.8863525390625,-775.8713989257812,0.11136647313833237,-0.15059618651866913,-0.26731014251708984,0.945232093334198,1,276707,2299
1786071838,508661628,,,,,5,-1495.5731201171875,1021.8668823242188,-775.8825073242188,0.11150231957435608,-0.1507331132888794,-0.2676638960838318,0.9450940489768982,1,276708,2299
1786071838,516817619,,,,,5,-1495.552978515625,1021.8432006835938,-775.8986206054688,0.11144741624593735,-0.1509491354227066,-0.267345130443573,0.9451562166213989,1,276709,2299
1786071838,526071928,,,,,5,-1495.6722412109375,1021.9367065429688,-775.8566284179688,0.11202653497457504,-0.14978060126304626,-0.2685478925704956,0.944932758808136,1,276710,2299
1786071838,532837996,,,,,5,-1495.5380859375,1021.86328125,-775.9384155273438,0.11182662844657898,-0.15046733617782593,-0.26745814085006714,0.9451563358306885,1,276711,2299
1786071838,541232432,,,,,5,-1495.5792236328125,1021.8593139648438,-775.8898315429688,0.11152637749910355,-0.1507640928030014,-0.2679224908351898,0.9450129866600037,1,276712,2299
1786071838,549747499,,,,,5,-1495.5498046875,1021.8868408203125,-775.8724975585938,0.11169407516717911,-0.15060976147651672,-0.26737120747566223,0.945173978805542,1,276713,2299
1786071838,557767369,,,,,5,-1495.565185546875,1021.8518676757812,-775.8634033203125,0.11165313422679901,-0.15090309083461761,-0.26749831438064575,0.9450960159301758,1,276714,2299
1786071838,566672781,,,,,5,-1495.5689697265625,1021.8793334960938,-775.92431640625,0.11156119406223297,-0.15054109692573547,-0.26751166582107544,0.9451609253883362,1,276715,2299
1786071838,574940857,,,,,5,-1495.5609130859375,1021.8902587890625,-775.9130859375,0.11139838397502899,-0.15048369765281677,-0.267287015914917,0.9452527165412903,1,276716,2299
1786071838,583623827,,,,,5,-1495.58642578125,1021.8827514648438,-775.9196166992188,0.1114240363240242,-0.15052162110805511,-0.26768937706947327,0.9451298713684082,1,276717,2299
1786071838,591759815,,,,,5,-1495.5745849609375,1021.85986328125,-775.9323120117188,0.111820749938488,-0.15029501914978027,-0.2679779827594757,0.9450371265411377,1,276718,2299
1786071838,599570174,,,,,5,-1495.557373046875,1021.8529663085938,-775.9030151367188,0.11128043383359909,-0.15085890889167786,-0.26746827363967896,0.9451556205749512,1,276719,2299
1786071838,608510280,1,-44.84206008911133,108.0847396850586,-69.36963653564453,,,,,,,,,,276720,2299
1786071838,608510280,,,,,5,-1495.5745849609375,1021.8566284179688,-775.9176025390625,0.11196389049291611,-0.1501493752002716,-0.26828861236572266,0.9449552893638611,1,276720,2299
1786071838,618110798,1,-44.83439254760742,108.50048828125,-68.84219360351562,,,,,,,,,,276721,2299
1786071838,618110798,,,,,5,-1495.5787353515625,1021.8571166992188,-775.9242553710938,0.1113826185464859,-0.15055710077285767,-0.2675715982913971,0.9451624155044556,1,276721,2299
1786071838,625001689,1,-44.70076370239258,106.9495620727539,-69.90687561035156,,,,,,,,,,276722,2299
1786071838,625001689,,,,,5,-1495.5692138671875,1021.8284301757812,-775.9122924804688,0.11178192496299744,-0.15061359107494354,-0.26802465319633484,0.9449779391288757,1,276722,2299
1786071838,633535191,1,-44.56633377075195,110.45098114013672,-70.51410675048828,,,,,,,,,,276723,2299
1786071838,633535191,,,,,5,-1495.5648193359375,1021.8654174804688,-775.9266967773438,0.11203400790691376,-0.15044932067394257,-0.2679015100002289,0.9450091123580933,1,276723,2299
1786071838,641398520,1,-44.043766021728516,111.96611022949219,-71.49549865722656,,,,,,,,,,276724,2299
1786071838,641398520,,,,,5,-1495.5494384765625,1021.8292846679688,-775.8949584960938,0.11170155555009842,-0.15064071118831635,-0.2675414979457855,0.9451199769973755,1,276724,2299
1786071838,649522921,,,,,5,-1495.5545654296875,1021.8412475585938,-775.9047241210938,0.11183689534664154,-0.15026824176311493,-0.267973393201828,0.9450408816337585,1,276725,2299
1786071838,658515134,,,,,5,-1495.580078125,1021.8759155273438,-775.8995971679688,0.11163598299026489,-0.1506081223487854,-0.26787054538726807,0.9450398087501526,1,276726,2299
1786071838,666708444,1,-76.9925765991211,205.5508575439453,-106.81048583984375,,,,,,,,,,276727,2299
1786071838,666708444,,,,,5,-1495.5701904296875,1021.8438720703125,-775.8837890625,0.11149311065673828,-0.15067705512046814,-0.2681569457054138,0.9449644088745117,1,276727,2299
1786071838,674303915,1,-45.53116226196289,111.02566528320312,-67.76665496826172,,,,,,,,,,276728,2299
1786071838,674303915,,,,,5,-1495.5445556640625,1021.845703125,-775.9147338867188,0.11148979514837265,-0.1508561372756958,-0.26717546582221985,0.9452142119407654,1,276728,2299
1786071838,683462494,1,-41.67329406738281,110.81698608398438,-72.94524383544922,,,,,,,,,,276729,2299
1786071838,683462494,,,,,5,-1495.543212890625,1021.8269653320312,-775.9064331054688,0.11178428679704666,-0.15043345093727112,-0.26804476976394653,0.9450006484985352,1,276729,2299
1786071838,691301850,1,-76.77696990966797,207.47840881347656,-104.84823608398438,,,,,,,,,,276730,2299
1786071838,691301850,,,,,5,-1495.57666015625,1021.86328125,-775.903564453125,0.11162163317203522,-0.15057764947414398,-0.2679961621761322,0.9450106024742126,1,276730,2299
1786071838,700201821,1,-42.016536712646484,111.62422943115234,-72.31807708740234,,,,,,,,,,276731,2299
1786071838,700201821,,,,,5,-1495.552001953125,1021.900390625,-775.9640502929688,0.1118086650967598,-0.1506350040435791,-0.26751258969306946,0.9451163411140442,1,276731,2299
1786071838,708159952,1,-45.7908821105957,107.02030944824219,-67.48224639892578,,,,,,,,,,276732,2299
1786071838,708159952,,,,,5,-1495.5809326171875,1021.8677978515625,-775.9295043945312,0.11152838915586472,-0.15053445100784302,-0.2676161229610443,0.9451361894607544,1,276732,2299
1786071838,716243449,1,-46.69624328613281,108.60140228271484,-68.80348205566406,,,,,,,,,,276733,2299
1786071838,716243449,,,,,5,-1495.5908203125,1021.8558959960938,-775.9202270507812,0.11127399653196335,-0.15059103071689606,-0.26790428161621094,0.9450756311416626,1,276733,2299
1786071838,725137307,1,-42.09787368774414,111.68903350830078,-73.24890899658203,,,,,,,,,,276734,2299
1786071838,725137307,,,,,5,-1495.5438232421875,1021.8583984375,-775.8756713867188,0.11127643287181854,-0.15072554349899292,-0.26765549182891846,0.9451242685317993,1,276734,2299
1786071838,733208195,1,-42.44491195678711,111.34205627441406,-73.16175842285156,,,,,,,,,,276735,2299
1786071838,733208195,,,,,5,-1495.5594482421875,1021.85009765625,-775.894775390625,0.1114010363817215,-0.1507561355829239,-0.2674637734889984,0.9451590776443481,1,276735,2299
1786071838,741086054,1,-47.01304244995117,107.74297332763672,-69.77303314208984,,,,,,,,,,276736,2299
1786071838,741086054,,,,,5,-1495.58203125,1021.8679809570312,-775.9244995117188,0.11181862652301788,-0.15039318799972534,-0.26793670654296875,0.945033609867096,1,276736,2299
1786071838,750120802,1,-47.12736511230469,107.65340423583984,-69.97720336914062,,,,,,,,,,276737,2299
1786071838,750120802,,,,,5,-1495.5772705078125,1021.8450317382812,-775.8917846679688,0.11136436462402344,-0.15064525604248047,-0.26766350865364075,0.9451244473457336,1,276737,2299
1786071838,758102585,1,-47.22627639770508,107.82195281982422,-70.09696960449219,,,,,,,,,,276738,2299
1786071838,758102585,,,,,5,-1495.552734375,1021.8455200195312,-775.9479370117188,0.11181988567113876,-0.15024949610233307,-0.2675560414791107,0.9451640844345093,1,276738,2299
1786071838,766185283,1,-45.50333023071289,107.50660705566406,-73.56864929199219,,,,,,,,,,276739,2299
1786071838,766185283,,,,,5,-1495.5443115234375,1021.85546875,-775.9302368164062,0.11141445487737656,-0.1508461982011795,-0.2671346962451935,0.9452362060546875,1,276739,2299
1786071838,775013080,1,-45.617305755615234,107.57223510742188,-73.70146179199219,,,,,,,,,,276740,2299
1786071838,775013080,,,,,5,-1495.5435791015625,1021.8544921875,-775.9020385742188,0.11148622632026672,-0.15096622705459595,-0.2679198384284973,0.9449862837791443,1,276740,2299
1786071838,782967402,1,-45.86272048950195,107.5075912475586,-73.88153076171875,,,,,,,,,,276741,2299
1786071838,782967402,,,,,5,-1495.5540771484375,1021.8780517578125,-775.9114990234375,0.11158500611782074,-0.15051086246967316,-0.2679438591003418,0.9450404047966003,1,276741,2299
1786071838,791923351,1,-45.85748291015625,107.25682830810547,-74.8572998046875,,,,,,,,,,276742,2299
1786071838,791923351,,,,,5,-1495.5191650390625,1021.814453125,-775.9435424804688,0.11147870123386383,-0.15055812895298004,-0.2672017812728882,0.9452555179595947,1,276742,2299
1786071838,799991967,1,-44.58062744140625,108.99662017822266,-76.45001220703125,,,,,,,,,,276743,2299
1786071838,799991967,,,,,5,-1495.5599365234375,1021.8572387695312,-775.9002685546875,0.1113155260682106,-0.15079014003276825,-0.2674780786037445,0.9451596140861511,1,276743,2299
1786071838,807961171,1,-45.78709030151367,107.60850524902344,-75.77547454833984,,,,,,,,,,276744,2299
1786071838,807961171,,,,,5,-1495.5364990234375,1021.8475952148438,-775.8844604492188,0.11140073090791702,-0.15083837509155273,-0.2674378752708435,0.9451532363891602,1,276744,2299
1786071838,817148012,1,-45.88289260864258,108.28541564941406,-76.34476470947266,,,,,,,,,,276745,2299
1786071838,817148012,,,,,5,-1495.5765380859375,1021.8573608398438,-775.8986206054688,0.11134634912014008,-0.15076929330825806,-0.2681504487991333,0.9449688792228699,1,276745,2299
1786071838,824883060,1,-41.85908508300781,108.96477508544922,-76.6944808959961,,,,,,,,,,276746,2299
1786071838,824883060,,,,,5,-1495.5645751953125,1021.84912109375,-775.9115600585938,0.11126716434955597,-0.15100450813770294,-0.26733341813087463,0.9451720118522644,1,276746,2299
1786071838,833379724,1,-39.77101135253906,109.19598388671875,-77.76920318603516,,,,,,,,,,276747,2299
1786071838,833379724,,,,,5,-1495.535400390625,1021.84375,-775.9381713867188,0.11148645728826523,-0.1507621854543686,-0.2674204707145691,0.9451600909233093,1,276747,2299
1786071838,841856607,1,-42.66023254394531,110.8472900390625,-77.09555053710938,,,,,,,,,,276748,2299
1786071838,841856607,,,,,5,-1495.563232421875,1021.8577270507812,-775.9257202148438,0.11129371076822281,-0.15078705549240112,-0.2672867178916931,0.9452168345451355,1,276748,2299
1786071838,849934408,1,-42.344398498535156,109.5261459350586,-79.59864807128906,,,,,,,,,,276749,2299
1786071838,849934408,,,,,5,-1495.5438232421875,1021.8615112304688,-775.900146484375,0.11134364455938339,-0.15085545182228088,-0.2676057815551758,0.9451097846031189,1,276749,2299
1786071838,857805386,,,,,5,-1495.552978515625,1021.8204956054688,-775.9481201171875,0.11153355985879898,-0.15061667561531067,-0.2679884433746338,0.9450169801712036,1,276750,2299
1786071838,866736819,,,,,5,-1495.5667724609375,1021.8692626953125,-775.93310546875,0.11161141097545624,-0.15055961906909943,-0.26765140891075134,0.945112407207489,1,276751,2299
1786071838,874752080,1,-39.79766082763672,109.96504211425781,-91.47028350830078,,,,,,,,,,276752,2299
1786071838,874752080,,,,,5,-1495.583984375,1021.837890625,-775.9467163085938,0.11138206720352173,-0.15093202888965607,-0.2676665186882019,0.9450758099555969,1,276752,2299
1786071838,882703906,1,-39.11616897583008,110.18870544433594,-95.38420104980469,,,,,,,,,,276753,2299
1786071838,882703906,,,,,5,-1495.5469970703125,1021.8591918945312,-775.9120483398438,0.11158014833927155,-0.1508559286594391,-0.2675310969352722,0.9451029896736145,1,276753,2299
1786071838,891704311,1,-39.53684997558594,109.6358871459961,-98.98837280273438,,,,,,,,,,276754,2299
1786071838,891704311,,,,,5,-1495.5467529296875,1021.8565673828125,-775.8861694335938,0.11139941215515137,-0.15064780414104462,-0.26761394739151,0.9451339840888977,1,276754,2299
1786071838,902157341,1,-40.504703521728516,110.37692260742188,-100.72852325439453,,,,,,,,,,276755,2299
1786071838,902157341,,,,,5,-1495.5623779296875,1021.8599853515625,-775.9407958984375,0.11140080541372299,-0.15062767267227173,-0.26716339588165283,0.9452643990516663,1,276755,2299
1786071838,908677122,1,-40.190696716308594,109.81437683105469,-104.59412384033203,,,,,,,,,,276756,2299
1786071838,908677122,,,,,5,-1495.5284423828125,1021.8453369140625,-775.903564453125,0.11144609749317169,-0.15092191100120544,-0.26728206872940063,0.9451785683631897,1,276756,2299
1786071838,916706722,1,-38.96025466918945,109.94220733642578,-109.2151870727539,,,,,,,,,,276757,2299
1786071838,916706722,,,,,5,-1495.555908203125,1021.8515014648438,-775.8971557617188,0.11131267994642258,-0.15088173747062683,-0.2674623429775238,0.9451496601104736,1,276757,2299
1786071838,924607210,1,-37.74049377441406,110.81587219238281,-112.7931900024414,,,,,,,,,,276758,2299
1786071838,924607210,,,,,5,-1495.568603515625,1021.8582153320312,-775.9115600585938,0.1112707182765007,-0.15058603882789612,-0.2676846981048584,0.9451389908790588,1,276758,2299
1786071838,933737656,1,-37.3186149597168,111.12120819091797,-116.46125793457031,,,,,,,,,,276759,2299
1786071838,933737656,,,,,5,-1495.5736083984375,1021.8781127929688,-775.9425659179688,0.11137915402650833,-0.15060104429721832,-0.2675819396972656,0.9451528787612915,1,276759,2299
1786071838,941584821,1,-40.772029876708984,108.36939239501953,-118.27281188964844,,,,,,,,,,276760,2299
1786071838,941584821,,,,,5,-1495.53515625,1021.8433837890625,-775.9301147460938,0.11133536696434021,-0.15074500441551208,-0.26735129952430725,0.9452003240585327,1,276760,2299
1786071838,949616726,1,-38.10002136230469,109.7998275756836,-123.29338073730469,,,,,,,,,,276761,2299
1786071838,949616726,,,,,5,-1495.556640625,1021.8495483398438,-775.89794921875,0.11129243671894073,-0.1508113145828247,-0.2670392394065857,0.945283055305481,1,276761,2299
1786071838,958517721,1,-36.45943832397461,110.62061309814453,-126.98664093017578,,,,,,,,,,276762,2299
1786071838,958517721,,,,,5,-1495.5439453125,1021.8333129882812,-775.94384765625,0.11203278601169586,-0.1504390984773636,-0.2681296169757843,0.9449461698532104,1,276762,2299
1786071838,966524532,1,-35.50170135498047,109.93060302734375,-130.59539794921875,,,,,,,,,,276763,2299
1786071838,966524532,,,,,5,-1495.5859375,1021.8583984375,-775.9195556640625,0.11142957955598831,-0.15058298408985138,-0.26771220564842224,0.9451130032539368,1,276763,2299
1786071838,974431709,1,-34.5535888671875,109.31531524658203,-134.13345336914062,,,,,,,,,,276764,2299
1786071838,974431709,,,,,5,-1495.5643310546875,1021.8624877929688,-775.89404296875,0.11154425144195557,-0.15088027715682983,-0.26785606145858765,0.9450111985206604,1,276764,2299
1786071838,983413744,1,-34.10136795043945,110.7287826538086,-140.82318115234375,,,,,,,,,,276765,2299
1786071838,983413744,,,,,5,-1495.5240478515625,1021.8092651367188,-775.9423217773438,0.1117156445980072,-0.1506843864917755,-0.26726776361465454,0.9451887607574463,1,276765,2299
1786071838,991632627,1,-27.50898551940918,111.9485092163086,-145.5228271484375,,,,,,,,,,276766,2299
1786071838,991632627,,,,,5,-1495.5965576171875,1021.8798217773438,-775.9484252929688,0.11146736890077591,-0.15043793618679047,-0.2675972878932953,0.9451642036437988,1,276766,2299
1786071838,999398049,1,-24.899858474731445,112.7042465209961,-149.5352325439453,,,,,,,,,,276767,2299
1786071838,999398049,,,,,5,-1495.53955078125,1021.8201293945312,-775.9183349609375,0.11176249384880066,-0.1504863202571869,-0.2685990631580353,0.9448373913764954,1,276767,2299
1786071839,8306822,1,-23.07691764831543,113.30372619628906,-153.54391479492188,,,,,,,,,,276768,2299
1786071839,8306822,,,,,5,-1495.5281982421875,1021.828125,-775.9187622070312,0.11162558197975159,-0.15066565573215485,-0.26771974563598633,0.9450745582580566,1,276768,2299
1786071839,16298687,1,-3.999469041824341,118.56744384765625,-163.1240234375,,,,,,,,,,276769,2299
1786071839,16298687,,,,,5,-1495.5809326171875,1021.8688354492188,-775.9061889648438,0.11133524030447006,-0.1506025791168213,-0.26799100637435913,0.9450418949127197,1,276769,2299
1786071839,25301813,1,-24.74808692932129,109.69413757324219,-158.684326171875,,,,,,,,,,276770,2299
1786071839,25301813,,,,,5,-1495.5621337890625,1021.8541259765625,-775.9631958007812,0.11186163127422333,-0.15026792883872986,-0.26756006479263306,0.945155143737793,1,276770,2299
1786071839,33319122,1,-22.726802825927734,110.20121002197266,-162.76669311523438,,,,,,,,,,276771,2299
1786071839,33319122,,,,,5,-1495.562255859375,1021.8163452148438,-775.9313354492188,0.11184993386268616,-0.15033754706382751,-0.26838797330856323,0.9449107050895691,1,276771,2299
1786071839,41328174,1,-21.170028686523438,111.78246307373047,-165.00257873535156,,,,,,,,,,276772,2299
1786071839,41328174,,,,,5,-1495.5462646484375,1021.8056640625,-775.887451171875,0.11175109446048737,-0.150536447763443,-0.2679958939552307,0.9450019598007202,1,276772,2299
1786071839,50310689,1,-18.7640438079834,110.87638092041016,-169.56610107421875,,,,,,,,,,276773,2299
1786071839,50310689,,,,,5,-1495.5806884765625,1021.87548828125,-775.916748046875,0.11154366284608841,-0.15034092962741852,-0.26798781752586365,0.9450598955154419,1,276773,2299
1786071839,58729193,1,-16.35602378845215,111.6991195678711,-174.40281677246094,,,,,,,,,,276774,2299
1786071839,58729193,,,,,5,-1495.5986328125,1021.8645629882812,-775.9187622070312,0.11128324270248413,-0.1506100445985794,-0.2675660252571106,0.9451672434806824,1,276774,2299
1786071839,66286481,1,-16.931564331054688,110.43998718261719,-176.99266052246094,,,,,,,,,,276775,2299
1786071839,66286481,,,,,5,-1495.5474853515625,1021.8397827148438,-775.9104614257812,0.11157503724098206,-0.1508146971464157,-0.26761680841445923,0.9450858235359192,1,276775,2299
1786071839,74990959,1,-12.396313667297363,110.97008514404297,-181.4234161376953,,,,,,,,,,276776,2299
1786071839,74990959,,,,,5,-1495.560791015625,1021.8461303710938,-775.907958984375,0.11129564791917801,-0.15086729824543,-0.2675459384918213,0.945130467414856,1,276776,2299
1786071839,83904692,1,-12.184004783630371,110.82308197021484,-185.06903076171875,,,,,,,,,,276777,2299
1786071839,83904692,,,,,5,-1495.556396484375,1021.8202514648438,-775.90478515625,0.11156532168388367,-0.15070289373397827,-0.26809072494506836,0.9449704885482788,1,276777,2299
1786071839,91663489,1,-11.378826141357422,112.39860534667969,-189.11090087890625,,,,,,,,,,276778,2299
1786071839,91663489,,,,,5,-1495.5584716796875,1021.8678588867188,-775.9246215820312,0.11137203872203827,-0.15039633214473724,-0.2676248848438263,0.9451741576194763,1,276778,2299
1786071839,100353981,1,-9.785429954528809,112.26322174072266,-192.8585662841797,,,,,,,,,,276779,2299
1786071839,100353981,,,,,5,-1495.542724609375,1021.8392944335938,-775.9281616210938,0.11119166016578674,-0.15086321532726288,-0.2668067216873169,0.9453522562980652,1,276779,2299
1786071839,108291948,1,-9.003752708435059,110.35507202148438,-195.1824188232422,,,,,,,,,,276780,2299
1786071839,108291948,,,,,5,-1495.5916748046875,1021.8341064453125,-775.9224243164062,0.11124750226736069,-0.15080055594444275,-0.26758790016174316,0.9451349377632141,1,276780,2299
1786071839,116568122,1,-6.82668924331665,110.9936294555664,-200.1011962890625,,,,,,,,,,276781,2299
1786071839,116568122,,,,,5,-1495.552978515625,1021.8391723632812,-775.93212890625,0.11189734935760498,-0.15051034092903137,-0.26806777715682983,0.9449682831764221,1,276781,2299
1786071839,125407633,1,-5.334249019622803,111.777587890625,-204.19805908203125,,,,,,,,,,276782,2299
1786071839,125407633,,,,,5,-1495.5560302734375,1021.8590087890625,-775.899658203125,0.1112356185913086,-0.15073831379413605,-0.26744863390922546,0.945185661315918,1,276782,2299
1786071839,133318011,1,-3.593806266784668,112.18510437011719,-208.04965209960938,,,,,,,,,,276783,2299
1786071839,133318011,,,,,5,-1495.5816650390625,1021.8629150390625,-775.9337158203125,0.11127031594514847,-0.15074779093265533,-0.267357736825943,0.9452057480812073,1,276783,2299
1786071839,141432363,1,-4.166615962982178,112.96595001220703,-209.54962158203125,,,,,,,,,,276784,2299
1786071839,141432363,,,,,5,-1495.5654296875,1021.8511962890625,-775.906982421875,0.11135527491569519,-0.15086837112903595,-0.26752105355262756,0.9451303482055664,1,276784,2299
1786071839,150169903,1,-1.5167986154556274,113.29450988769531,-214.53988647460938,,,,,,,,,,276785,2299
1786071839,150169903,,,,,5,-1495.5677490234375,1021.8562622070312,-775.9215698242188,0.11159501224756241,-0.15071608126163483,-0.2679121196269989,0.9450154900550842,1,276785,2299
1786071839,158112095,1,0.421356737613678,111.41447448730469,-218.72518920898438,,,,,,,,,,276786,2299
1786071839,158112095,,,,,5,-1495.703369140625,1021.9296264648438,-775.8828735351562,0.11207403987646103,-0.14972776174545288,-0.2683447003364563,0.9449933171272278,1,276786,2299
1786071839,166159202,1,2.4458611011505127,112.46847534179688,-220.6411590576172,,,,,,,,,,276787,2299
1786071839,166159202,,,,,5,-1495.5382080078125,1021.8327026367188,-775.9369506835938,0.11139397323131561,-0.15069268643856049,-0.2668052017688751,0.9453561305999756,1,276787,2299
1786071839,175040257,1,3.894294023513794,113.05713653564453,-223.76190185546875,,,,,,,,,,276788,2299
1786071839,175040257,,,,,5,-1495.5540771484375,1021.8615112304688,-775.911865234375,0.1112256795167923,-0.1508285254240036,-0.2670004367828369,0.9452990889549255,1,276788,2299
1786071839,183489840,1,5.514659881591797,111.67033386230469,-228.1105194091797,,,,,,,,,,276789,2299
1786071839,183489840,,,,,5,-1495.5555419921875,1021.85205078125,-775.9077758789062,0.11150064319372177,-0.1506655365228653,-0.26792407035827637,0.9450313448905945,1,276789,2299
1786071839,191124421,1,7.153193473815918,110.68449401855469,-230.7277374267578,,,,,,,,,,276790,2299
1786071839,191124421,,,,,5,-1495.5679931640625,1021.8449096679688,-775.9255981445312,0.1112091913819313,-0.15069834887981415,-0.26759669184684753,0.9451531767845154,1,276790,2299
1786071839,200749584,1,8.594733238220215,109.77642822265625,-233.8190155029297,,,,,,,,,,276791,2299
1786071839,200749584,,,,,5,-1495.6365966796875,1021.8448486328125,-775.9076538085938,0.11226972192525864,-0.14992807805538177,-0.2684071958065033,0.9449204802513123,1,276791,2299
1786071839,207964663,1,9.956799507141113,109.70496368408203,-236.65835571289062,,,,,,,,,,276792,2299
1786071839,207964663,,,,,5,-1495.5501708984375,1021.86572265625,-775.9122924804688,0.11138412356376648,-0.15092353522777557,-0.26717597246170044,0.9452157020568848,1,276792,2299
1786071839,217130956,1,11.889763832092285,110.43980407714844,-240.9780731201172,,,,,,,,,,276793,2299
1786071839,217130956,,,,,5,-1495.547119140625,1021.8546752929688,-775.9375,0.11127573251724243,-0.15074117481708527,-0.2667616009712219,0.9453745484352112,1,276793,2299
1786071839,225898646,1,13.415966033935547,110.4197769165039,-244.48623657226562,,,,,,,,,,276794,2299
1786071839,225898646,,,,,5,-1495.5501708984375,1021.8549194335938,-775.8936767578125,0.11125756055116653,-0.15084101259708405,-0.2676364779472351,0.945113480091095,1,276794,2299
1786071839,232973475,1,15.284048080444336,109.60941314697266,-247.21575927734375,,,,,,,,,,276795,2299
1786071839,232973475,,,,,5,-1495.5478515625,1021.8273315429688,-775.9118041992188,0.11163529008626938,-0.15058967471122742,-0.26744651794433594,0.9451628923416138,1,276795,2299
1786071839,242134871,1,16.916749954223633,109.87879180908203,-250.49526977539062,,,,,,,,,,276796,2299
1786071839,242134871,,,,,5,-1495.638671875,1021.8720092773438,-775.8890991210938,0.11207723617553711,-0.14986461400985718,-0.26846635341644287,0.9449366331100464,1,276796,2299
1786071839,250455886,1,17.331600189208984,110.18286895751953,-254.17774963378906,,,,,,,,,,276797,2299
1786071839,250455886,,,,,5,-1495.5386962890625,1021.8392944335938,-775.9276733398438,0.11166975647211075,-0.1506047397851944,-0.2669515013694763,0.9452962875366211,1,276797,2299
1786071839,257849078,1,20.060585021972656,108.76950073242188,-258.0279235839844,,,,,,,,,,276798,2299
1786071839,257849078,,,,,5,-1495.5799560546875,1021.8587036132812,-775.92578125,0.11134376376867294,-0.1506706327199936,-0.26752525568008423,0.9451620578765869,1,276798,2299
1786071839,267193484,1,22.012067794799805,109.90198516845703,-260.0036926269531,,,,,,,,,,276799,2299
1786071839,267193484,,,,,5,-1495.562744140625,1021.8915405273438,-775.9215698242188,0.11167339235544205,-0.1506374478340149,-0.2676808536052704,0.9450843334197998,1,276799,2299
1786071839,275353445,1,22.510005950927734,109.10226440429688,-263.0647277832031,,,,,,,,,,276800,2299
1786071839,275353445,,,,,5,-1495.559814453125,1021.8566284179688,-775.9562377929688,0.11137135326862335,-0.150629460811615,-0.2671217620372772,0.9452794194221497,1,276800,2299
1786071839,282857794,1,24.481754302978516,109.29548645019531,-266.92828369140625,,,,,,,,,,276801,2299
1786071839,282857794,,,,,5,-1495.5404052734375,1021.822265625,-775.929931640625,0.11200865358114243,-0.15060320496559143,-0.26826590299606323,0.9448841214179993,1,276801,2299
1786071839,291809359,1,25.82082176208496,109.28860473632812,-270.5582580566406,,,,,,,,,,276802,2299
1786071839,291809359,,,,,5,-1495.58740234375,1021.8781127929688,-775.9378662109375,0.11172226816415787,-0.1504349559545517,-0.26780080795288086,0.9450768232345581,1,276802,2299
1786071839,299666574,1,27.32486915588379,109.03677368164062,-273.6280822753906,,,,,,,,,,276803,2299
1786071839,299666574,,,,,5,-1495.559814453125,1021.8404541015625,-775.9342041015625,0.11144737899303436,-0.15075765550136566,-0.2673555910587311,0.9451839327812195,1,276803,2299
1786071839,308664099,1,29.258607864379883,109.43096923828125,-277.7743835449219,,,,,,,,,,276804,2299
1786071839,308664099,,,,,5,-1495.6617431640625,1021.9181518554688,-775.8589477539062,0.11183870583772659,-0.15002228319644928,-0.2687179148197174,0.9448683261871338,1,276804,2299
1786071839,316587503,1,30.83645248413086,108.71500396728516,-281.3648986816406,,,,,,,,,,276805,2299
1786071839,316587503,,,,,5,-1495.5625,1021.8433837890625,-775.9297485351562,0.1115126684308052,-0.15069642663002014,-0.26797810196876526,0.9450095891952515,1,276805,2299
1786071839,324577192,1,31.640003204345703,109.45675659179688,-283.1140441894531,,,,,,,,,,276806,2299
1786071839,324577192,,,,,5,-1495.55322265625,1021.8521728515625,-775.92724609375,0.11128150671720505,-0.15084423124790192,-0.26728397607803345,0.9452099204063416,1,276806,2299
1786071839,333560794,1,33.30380630493164,109.21365356445312,-286.1468200683594,,,,,,,,,,276807,2299
1786071839,333560794,,,,,5,-1495.512939453125,1021.8427734375,-775.9081420898438,0.1118638664484024,-0.1504947543144226,-0.26850903034210205,0.9448495507240295,1,276807,2299
1786071839,341621920,1,34.53291320800781,108.8345718383789,-288.3061828613281,,,,,,,,,,276808,2299
1786071839,341621920,,,,,5,-1495.5350341796875,1021.8695678710938,-775.9265747070312,0.11200044304132462,-0.1503543108701706,-0.2681310474872589,0.9449630975723267,1,276808,2299
1786071839,349509893,1,35.04729080200195,108.9140396118164,-290.5807800292969,,,,,,,,,,276809,2299
1786071839,349509893,,,,,5,-1495.5521240234375,1021.8649291992188,-775.9315795898438,0.1113225445151329,-0.15094852447509766,-0.2671763300895691,0.9452188611030579,1,276809,2299
1786071839,358502137,1,38.5701904296875,109.22618103027344,-294.6373291015625,,,,,,,,,,276810,2299
1786071839,358502137,,,,,5,-1495.57763671875,1021.8677978515625,-775.9148559570312,0.11143801361322403,-0.15077419579029083,-0.26772451400756836,0.9450779557228088,1,276810,2299
1786071839,366500339,1,40.88327407836914,109.56712341308594,-297.6348571777344,,,,,,,,,,276811,2299
1786071839,366500339,,,,,5,-1495.6903076171875,1021.9142456054688,-775.8826904296875,0.1119217649102211,-0.14993751049041748,-0.2685944437980652,0.9449071288108826,1,276811,2299
1786071839,374496429,1,42.93334197998047,109.41155242919922,-300.9052429199219,,,,,,,,,,276812,2299
1786071839,374496429,,,,,5,-1495.6375732421875,1021.87451171875,-775.939208984375,0.11227064579725266,-0.15006281435489655,-0.2687157392501831,0.944811224937439,1,276812,2299
1786071839,383523016,1,44.814056396484375,109.32655334472656,-303.87872314453125,,,,,,,,,,276813,2299
1786071839,383523016,,,,,5,-1495.6571044921875,1021.9118041992188,-775.8614501953125,0.11166298389434814,-0.15006697177886963,-0.2682424485683441,0.9450170397758484,1,276813,2299
1786071839,391410509,1,46.82154846191406,109.0998306274414,-306.4029235839844,,,,,,,,,,276814,2299
1786071839,391410509,,,,,5,-1495.5615234375,1021.8554077148438,-775.9568481445312,0.11170611530542374,-0.1504131406545639,-0.26728305220603943,0.9452288150787354,1,276814,2299
1786071839,399452271,1,48.2339973449707,107.9970932006836,-309.2542724609375,,,,,,,,,,276815,2299
1786071839,399452271,,,,,5,-1495.5379638671875,1021.8677978515625,-775.92822265625,0.1115526407957077,-0.15055735409259796,-0.2674192190170288,0.9451854228973389,1,276815,2299
1786071839,408379863,1,51.103729248046875,108.5380859375,-313.46905517578125,,,,,,,,,,276816,2299
1786071839,408379863,,,,,5,-1495.5614013671875,1021.8759765625,-775.9109497070312,0.11172907054424286,-0.15049491822719574,-0.26786378026008606,0.9450487494468689,1,276816,2299
1786071839,416690956,1,53.04924392700195,108.39545440673828,-316.5469665527344,,,,,,,,,,276817,2299
1786071839,416690956,,,,,5,-1495.5546875,1021.8583984375,-775.9169921875,0.11185010522603989,-0.15069301426410675,-0.2678326666355133,0.9450116157531738,1,276817,2299
1786071839,425313626,1,53.95064926147461,107.34507751464844,-319.73944091796875,,,,,,,,,,276818,2299
1786071839,425313626,,,,,5,-1495.557861328125,1021.8482666015625,-775.9041137695312,0.11169122904539108,-0.1504308134317398,-0.2678636312484741,0.9450633525848389,1,276818,2299
1786071839,433376961,1,55.037601470947266,105.50868225097656,-321.5667724609375,,,,,,,,,,276819,2299
1786071839,433376961,,,,,5,-1495.550048828125,1021.8475952148438,-775.9143676757812,0.11204005777835846,-0.15028078854084015,-0.2681049108505249,0.9449775218963623,1,276819,2299
1786071839,441269959,1,56.51726150512695,104.87519836425781,-324.4675598144531,,,,,,,,,,276820,2300
1786071839,441269959,,,,,5,-1495.5916748046875,1021.8699340820312,-775.9117431640625,0.11155787855386734,-0.15062615275382996,-0.2674585282802582,0.9451627731323242,1,276820,2300
1786071839,450322054,1,60.17744064331055,107.9072265625,-328.5693664550781,,,,,,,,,,276821,2300
1786071839,450322054,,,,,5,-1495.5487060546875,1021.8801879882812,-775.9013061523438,0.11150293797254562,-0.15044958889484406,-0.2675812840461731,0.9451626539230347,1,276821,2300
1786071839,459138970,1,62.027164459228516,107.50634765625,-331.6051330566406,,,,,,,,,,276822,2300
1786071839,459138970,,,,,5,-1495.5562744140625,1021.8544921875,-775.93212890625,0.11196808516979218,-0.1504153311252594,-0.26784011721611023,0.9450397491455078,1,276822,2300
1786071839,466213190,1,63.947513580322266,107.6651840209961,-334.5845642089844,,,,,,,,,,276823,2300
1786071839,466213190,,,,,5,-1495.5435791015625,1021.8779296875,-775.9063110351562,0.11138377338647842,-0.15061767399311066,-0.2669973075389862,0.9453150629997253,1,276823,2300
1786071839,475185879,1,65.9103775024414,107.09573364257812,-337.4675598144531,,,,,,,,,,276824,2300
1786071839,475185879,,,,,5,-1495.5517578125,1021.85107421875,-775.9249267578125,0.11177793890237808,-0.15039658546447754,-0.26736077666282654,0.9452009797096252,1,276824,2300
1786071839,483216599,1,67.44757080078125,107.25590515136719,-340.0170593261719,,,,,,,,,,276825,2300
1786071839,483216599,,,,,5,-1495.5572509765625,1021.8670043945312,-775.8863525390625,0.11143988370895386,-0.15079089999198914,-0.2674349248409271,0.945156991481781,1,276825,2300
1786071839,491076887,1,68.77205657958984,107.47940826416016,-343.04608154296875,,,,,,,,,,276826,2300
1786071839,491076887,,,,,5,-1495.6883544921875,1021.9150390625,-775.8609619140625,0.11214064806699753,-0.1497906893491745,-0.26897865533828735,0.9447951316833496,1,276826,2300
1786071839,500094928,1,69.86427307128906,105.95448303222656,-344.9212951660156,,,,,,,,,,276827,2300
1786071839,500094928,,,,,5,-1495.5523681640625,1021.84130859375,-775.90966796875,0.11122899502515793,-0.15072859823703766,-0.26732513308525085,0.9452229142189026,1,276827,2300
1786071839,508068486,1,71.39511108398438,105.90421295166016,-347.72882080078125,,,,,,,,,,276828,2300
1786071839,508068486,,,,,5,-1495.5941162109375,1021.8865356445312,-775.92333984375,0.11166688799858093,-0.1506917029619217,-0.2677045166492462,0.9450697302818298,1,276828,2300
1786071839,516117705,1,73.75069427490234,107.17051696777344,-350.56329345703125,,,,,,,,,,276829,2300
1786071839,516117705,,,,,5,-1495.574462890625,1021.8817749023438,-775.90771484375,0.11113937199115753,-0.1506248563528061,-0.26699844002723694,0.9453422427177429,1,276829,2300
1786071839,525079127,1,75.38924407958984,106.97286224365234,-353.4961242675781,,,,,,,,,,276830,2300
1786071839,525079127,,,,,5,-1495.5780029296875,1021.8410034179688,-775.9288940429688,0.11128930747509003,-0.15091444551944733,-0.26719868183135986,0.9452219009399414,1,276830,2300
1786071839,533174148,1,77.60498046875,107.25390625,-357.0884094238281,,,,,,,,,,276831,2300
1786071839,533174148,,,,,5,-1495.5794677734375,1021.8607788085938,-775.8958129882812,0.11116354912519455,-0.1507134884595871,-0.2670515179634094,0.9453103542327881,1,276831,2300
1786071839,542001081,1,79.4634780883789,107.4746322631836,-359.65826416015625,,,,,,,,,,276832,2300
1786071839,542001081,,,,,5,-1495.56396484375,1021.8571166992188,-775.9120483398438,0.11146083474159241,-0.1507742702960968,-0.2675095796585083,0.9451361298561096,1,276832,2300
1786071839,550024631,1,80.85047149658203,107.7880859375,-362.1575927734375,,,,,,,,,,276833,2300
1786071839,550024631,,,,,5,-1495.5660400390625,1021.8438720703125,-775.8942260742188,0.11143222451210022,-0.1507238745689392,-0.26747000217437744,0.9451587200164795,1,276833,2300
1786071839,557918142,1,82.57852172851562,107.4762954711914,-365.07305908203125,,,,,,,,,,276834,2300
1786071839,557918142,,,,,5,-1495.595458984375,1021.8436889648438,-775.9298095703125,0.11147743463516235,-0.15068624913692474,-0.26748740673065186,0.9451544880867004,1,276834,2300
1786071839,566894415,1,84.07984924316406,108.08631896972656,-367.1844177246094,,,,,,,,,,276835,2300
1786071839,566894415,,,,,5,-1495.5443115234375,1021.8463134765625,-775.8826293945312,0.11149312555789948,-0.15081971883773804,-0.2673031985759735,0.9451833963394165,1,276835,2300
1786071839,574915181,1,85.90638732910156,107.4111099243164,-371.48651123046875,,,,,,,,,,276836,2300
1786071839,574915181,,,,,5,-1495.5406494140625,1021.8629150390625,-775.8966674804688,0.11145763844251633,-0.15085643529891968,-0.26769521832466125,0.9450708627700806,1,276836,2300
1786071839,583015546,1,87.33096313476562,106.5162353515625,-374.243896484375,,,,,,,,,,276837,2300
1786071839,583015546,,,,,5,-1495.5474853515625,1021.8397827148438,-775.9033813476562,0.11195018142461777,-0.15053273737430573,-0.26798075437545776,0.9449833631515503,1,276837,2300
1786071839,592001133,1,89.39249420166016,107.25567626953125,-377.8519287109375,,,,,,,,,,276838,2300
1786071839,592001133,,,,,5,-1495.584716796875,1021.8627319335938,-775.8802490234375,0.1114870011806488,-0.15081633627414703,-0.2680528163909912,0.9449723958969116,1,276838,2300
1786071839,599809380,1,89.40486145019531,105.5663833618164,-376.6476745605469,,,,,,,,,,276839,2300
1786071839,599809380,,,,,5,-1495.561767578125,1021.8484497070312,-775.9035034179688,0.11143961548805237,-0.15080921351909637,-0.2677678167819977,0.9450599551200867,1,276839,2300
1786071839,607301503,1,91.25199127197266,107.7612075805664,-380.01708984375,,,,,,,,,,276840,2300
1786071839,607301503,,,,,5,-1495.6683349609375,1021.9147338867188,-775.8702392578125,0.11175698041915894,-0.15003761649131775,-0.26840031147003174,0.9449657797813416,1,276840,2300
1786071839,616740807,1,92.13288116455078,107.7870864868164,-382.7563781738281,,,,,,,,,,276841,2300
1786071839,616740807,,,,,5,-1495.514404296875,1021.8471069335938,-775.8947143554688,0.11186214536428452,-0.15058086812496185,-0.2678859829902649,0.9450129270553589,1,276841,2300
1786071839,624914658,1,94.00382232666016,108.19554901123047,-385.25372314453125,,,,,,,,,,276842,2300
1786071839,624914658,,,,,5,-1495.6492919921875,1021.8761596679688,-775.8866577148438,0.11207469552755356,-0.1499553769826889,-0.2677920460700989,0.9451137781143188,1,276842,2300
1786071839,632742268,1,95.16866302490234,108.09002685546875,-387.4881286621094,,,,,,,,,,276843,2300
1786071839,632742268,,,,,5,-1495.6348876953125,1021.8871459960938,-775.8866577148438,0.11230161041021347,-0.1498119831085205,-0.2685222625732422,0.9449023604393005,1,276843,2300
1786071839,641684966,1,96.65921783447266,107.76638793945312,-390.3536682128906,,,,,,,,,,276844,2300
1786071839,641684966,,,,,5,-1495.564453125,1021.8721923828125,-775.9125366210938,0.11137038469314575,-0.15070147812366486,-0.26696357131004333,0.9453126788139343,1,276844,2300
1786071839,649639192,1,97.94873809814453,108.27265930175781,-392.4294128417969,,,,,,,,,,276845,2300
1786071839,649639192,,,,,5,-1495.526611328125,1021.8416137695312,-775.8931274414062,0.11124855279922485,-0.15081502497196198,-0.2677374482154846,0.9450901746749878,1,276845,2300
1786071839,658753827,1,100.71575164794922,108.00550079345703,-395.9525146484375,,,,,,,,,,276846,2300
1786071839,658753827,,,,,5,-1495.5303955078125,1021.8507080078125,-775.9066162109375,0.11127365380525589,-0.15083655714988708,-0.26705223321914673,0.9452775120735168,1,276846,2300
1786071839,666551128,1,102.15650939941406,109.90159606933594,-398.7308654785156,,,,,,,,,,276847,2300
1786071839,666551128,,,,,5,-1495.5223388671875,1021.8295288085938,-775.9213256835938,0.11152738332748413,-0.1506323665380478,-0.2672709822654724,0.9452182650566101,1,276847,2300
1786071839,674542192,1,103.02172088623047,109.46038055419922,-399.1358337402344,,,,,,,,,,276848,2300
1786071839,674542192,,,,,5,-1495.5926513671875,1021.8517456054688,-775.9530029296875,0.1114363819360733,-0.15086215734481812,-0.2676011919975281,0.9450989365577698,1,276848,2300
1786071839,683577708,1,103.9986572265625,109.42583465576172,-401.9034729003906,,,,,,,,,,276849,2300
1786071839,683577708,,,,,5,-1495.532958984375,1021.9013671875,-775.8566284179688,0.11115358024835587,-0.15052710473537445,-0.2667776942253113,0.9454185366630554,1,276849,2300
1786071839,691469010,1,106.2270278930664,110.26136016845703,-405.5955810546875,,,,,,,,,,276850,2300
1786071839,691469010,,,,,5,-1495.56005859375,1021.8713989257812,-775.8613891601562,0.11108517646789551,-0.15048748254776,-0.2667243480682373,0.9454478621482849,1,276850,2300
1786071839,699522487,1,107.1521987915039,110.31095886230469,-408.1525573730469,,,,,,,,,,276851,2300
1786071839,699522487,,,,,5,-1495.5782470703125,1021.9140625,-775.8515014648438,0.11109926551580429,-0.15055225789546967,-0.26697471737861633,0.9453651905059814,1,276851,2300
1786071839,708507145,1,109.04764556884766,111.11090850830078,-412.0391845703125,,,,,,,,,,276852,2300
1786071839,708507145,,,,,5,-1495.5467529296875,1021.8703002929688,-775.8505859375,0.11116571724414825,-0.1504606306552887,-0.26693445444107056,0.9453834295272827,1,276852,2300
1786071839,716498530,1,110.3202133178711,109.67835235595703,-413.7534484863281,,,,,,,,,,276853,2300
1786071839,716498530,,,,,5,-1495.5623779296875,1021.8665161132812,-775.8290405273438,0.11100243031978607,-0.15066410601139069,-0.26725608110427856,0.9452793598175049,1,276853,2300
1786071839,724553543,1,112.17150115966797,110.6961669921875,-417.8600769042969,,,,,,,,,,276854,2300
1786071839,724553543,,,,,5,-1495.5885009765625,1021.9060668945312,-775.8424682617188,0.1110428124666214,-0.1503736674785614,-0.26693490147590637,0.9454115033149719,1,276854,2300
1786071839,733364857,1,113.78166961669922,111.0202407836914,-420.2930908203125,,,,,,,,,,276855,2300
1786071839,733364857,,,,,5,-1495.534912109375,1021.8644409179688,-775.8195190429688,0.11107547581195831,-0.15042425692081451,-0.2674250304698944,0.9452611804008484,1,276855,2300
1786071839,741351281,1,115.15262603759766,110.84571838378906,-422.9261474609375,,,,,,,,,,276856,2300
1786071839,741351281,,,,,5,-1495.5416259765625,1021.8710327148438,-775.8411254882812,0.11110593378543854,-0.15054689347743988,-0.2668609321117401,0.9453974962234497,1,276856,2300
1786071839,749361293,1,116.4192123413086,110.15000915527344,-426.2869567871094,,,,,,,,,,276857,2300
1786071839,749361293,,,,,5,-1495.5538330078125,1021.8728637695312,-775.8244018554688,0.11099781095981598,-0.15075749158859253,-0.2674557566642761,0.9452085494995117,1,276857,2300
1786071839,758376069,1,117.6232681274414,110.45158386230469,-428.560302734375,,,,,,,,,,276858,2300
1786071839,758376069,,,,,5,-1495.5308837890625,1021.8732299804688,-775.8004150390625,0.11093972623348236,-0.150767982006073,-0.26751241087913513,0.9451975226402283,1,276858,2300
1786071839,766320021,1,133.68482971191406,119.47372436523438,-423.8956604003906,,,,,,,,,,276859,2300
1786071839,766320021,,,,,5,-1495.6937255859375,1021.9569702148438,-775.7894287109375,0.11171270161867142,-0.1496567726135254,-0.26864367723464966,0.9449622631072998,1,276859,2300
1786071839,775316906,1,119.99302673339844,109.77770233154297,-433.0014343261719,,,,,,,,,,276860,2300
1786071839,775316906,,,,,5,-1495.574951171875,1021.8822631835938,-775.8529663085938,0.11091414839029312,-0.1506880223751068,-0.2673356235027313,0.9452633857727051,1,276860,2300
1786071839,783230836,1,120.76371765136719,109.54546356201172,-435.242919921875,,,,,,,,,,276861,2300
1786071839,783230836,,,,,5,-1495.5838623046875,1021.9041137695312,-775.8517456054688,0.11106838285923004,-0.15039508044719696,-0.26713478565216064,0.9453486800193787,1,276861,2300
1786071839,791208394,1,121.93992614746094,110.21298217773438,-438.66180419921875,,,,,,,,,,276862,2300
1786071839,791208394,,,,,5,-1495.5614013671875,1021.8942260742188,-775.8353271484375,0.11100161820650101,-0.15052659809589386,-0.26749560236930847,0.9452336430549622,1,276862,2300
1786071839,800368382,1,121.99079895019531,110.09292602539062,-441.46380615234375,,,,,,,,,,276863,2300
1786071839,800368382,,,,,5,-1495.5382080078125,1021.8966674804688,-775.817138671875,0.11094584316015244,-0.15074597299098969,-0.2670174241065979,0.9453402161598206,1,276863,2300
1786071839,808179413,1,125.22209167480469,110.23558807373047,-441.8600769042969,,,,,,,,,,276864,2300
1786071839,808179413,,,,,5,-1495.5692138671875,1021.9076538085938,-775.8119506835938,0.11088772118091583,-0.15067803859710693,-0.26693448424339294,0.9453814625740051,1,276864,2300
1786071839,816147369,1,126.4549331665039,110.29129028320312,-443.8498840332031,,,,,,,,,,276865,2300
1786071839,816147369,,,,,5,-1495.5673828125,1021.8971557617188,-775.8456420898438,0.1113116666674614,-0.1506103277206421,-0.2669724225997925,0.9453316926956177,1,276865,2300
1786071839,825171363,1,127.76593780517578,110.05873107910156,-446.1871643066406,,,,,,,,,,276866,2300
1786071839,825171363,,,,,5,-1495.5697021484375,1021.8567504882812,-775.8576049804688,0.1108081191778183,-0.15057873725891113,-0.26693272590637207,0.9454070925712585,1,276866,2300
1786071839,833153050,1,129.12115478515625,109.42073059082031,-447.996826171875,,,,,,,,,,276867,2300
1786071839,833153050,,,,,5,-1495.578125,1021.8985595703125,-775.856689453125,0.11079879105091095,-0.15070366859436035,-0.26661157608032227,0.9454788565635681,1,276867,2300
1786071839,841095626,1,130.4202880859375,109.5272216796875,-449.9117431640625,,,,,,,,,,276868,2300
1786071839,841095626,,,,,5,-1495.5455322265625,1021.8610229492188,-775.8519897460938,0.1110076978802681,-0.15053877234458923,-0.2668607831001282,0.9454103708267212,1,276868,2300
1786071839,850113347,1,131.65673828125,109.30339050292969,-452.079345703125,,,,,,,,,,276869,2300
1786071839,850113347,,,,,5,-1495.5445556640625,1021.8681030273438,-775.8438720703125,0.11091027408838272,-0.15057717263698578,-0.2665771543979645,0.9454957246780396,1,276869,2300
1786071839,858607001,1,132.8790740966797,108.94770050048828,-454.217041015625,,,,,,,,,,276870,2300
1786071839,858607001,,,,,5,-1495.5106201171875,1021.85546875,-775.8399047851562,0.1110459566116333,-0.15063972771167755,-0.26701825857162476,0.9453451633453369,1,276870,2300
1786071839,867572329,1,134.20443725585938,109.07591247558594,-456.2999572753906,,,,,,,,,,276871,2300
1786071839,867572329,,,,,5,-1495.55712890625,1021.8816528320312,-775.8471069335938,0.1111186146736145,-0.15034088492393494,-0.2668237090110779,0.9454392194747925,1,276871,2300
1786071839,875015099,1,135.10935974121094,109.08963775634766,-458.3454284667969,,,,,,,,,,276872,2300
1786071839,875015099,,,,,5,-1495.5550537109375,1021.8666381835938,-775.8095703125,0.1106877475976944,-0.15099458396434784,-0.26693183183670044,0.9453550577163696,1,276872,2300
1786071839,882965580,1,136.44094848632812,108.87835693359375,-460.1935119628906,,,,,,,,,,276873,2300
1786071839,882965580,,,,,5,-1495.6728515625,1021.9359741210938,-775.8034057617188,0.11153855919837952,-0.1498142033815384,-0.2677692472934723,0.9452060461044312,1,276873,2300
1786071839,891965793,1,137.57614135742188,108.53540802001953,-462.16241455078125,,,,,,,,,,276874,2300
1786071839,891965793,,,,,5,-1495.6641845703125,1021.9113159179688,-775.8036499023438,0.11140043288469315,-0.1499100923538208,-0.2678329646587372,0.9451891183853149,1,276874,2300
1786071839,899922771,1,138.65721130371094,109.40654754638672,-464.0009765625,,,,,,,,,,276875,2300
1786071839,899922771,,,,,5,-1495.571533203125,1021.8812866210938,-775.8308715820312,0.11067642271518707,-0.150956392288208,-0.2668943405151367,0.9453731775283813,1,276875,2300
1786071839,907922062,1,139.8223114013672,108.89176177978516,-466.04071044921875,,,,,,,,,,276876,2300
1786071839,907922062,,,,,5,-1495.7200927734375,1021.9033203125,-775.8095703125,0.11139947175979614,-0.1496531367301941,-0.2682475745677948,0.945112407207489,1,276876,2300
1786071839,916968556,1,139.75558471679688,109.33853149414062,-468.2975158691406,,,,,,,,,,276877,2300
1786071839,916968556,,,,,5,-1495.5692138671875,1021.8805541992188,-775.7932739257812,0.11091109365224838,-0.15062929689884186,-0.26743045449256897,0.9452462792396545,1,276877,2300
1786071839,924886295,1,141.72084045410156,109.2081069946289,-469.6457824707031,,,,,,,,,,276878,2300
1786071839,924886295,,,,,5,-1495.58349609375,1021.8621215820312,-775.8220825195312,0.11095469444990158,-0.15072111785411835,-0.2672325074672699,0.9452825784683228,1,276878,2300
1786071839,932919447,1,142.6765899658203,110.07537078857422,-470.95208740234375,,,,,,,,,,276879,2300
1786071839,932919447,,,,,5,-1495.594482421875,1021.8749389648438,-775.8490600585938,0.11116643995046616,-0.15025325119495392,-0.267246812582016,0.9453280568122864,1,276879,2300
1786071839,941885735,1,143.94129943847656,110.2693862915039,-472.9640808105469,,,,,,,,,,276880,2300
1786071839,941885735,,,,,5,-1495.5589599609375,1021.8521728515625,-775.838623046875,0.11087355017662048,-0.1505783498287201,-0.2666318118572235,0.9454843997955322,1,276880,2300
1786071839,949839288,1,145.04640197753906,110.12848663330078,-474.5440979003906,,,,,,,,,,276881,2300
1786071839,949839288,,,,,5,-1495.5384521484375,1021.8790283203125,-775.8212280273438,0.11096050590276718,-0.1505885124206543,-0.2666027247905731,0.9454807639122009,1,276881,2300
1786071839,957825680,1,146.26559448242188,109.9582290649414,-476.4360046386719,,,,,,,,,,276882,2300
1786071839,957825680,,,,,5,-1495.5750732421875,1021.8993530273438,-775.8373413085938,0.11074795573949814,-0.1505429446697235,-0.2667666971683502,0.9454666972160339,1,276882,2300
1786071839,966783774,1,146.79916381835938,109.83087921142578,-478.4947814941406,,,,,,,,,,276883,2300
1786071839,966783774,,,,,5,-1495.58837890625,1021.8738403320312,-775.8118896484375,0.11073388159275055,-0.1506090760231018,-0.26660916209220886,0.9455023407936096,1,276883,2300
1786071839,974736463,1,148.96803283691406,109.8317642211914,-480.54779052734375,,,,,,,,,,276884,2300
1786071839,974736463,,,,,5,-1495.5863037109375,1021.8912963867188,-775.8348999023438,0.1108173057436943,-0.1504085659980774,-0.2663603723049164,0.9455944895744324,1,276884,2300
1786071839,983749063,1,147.9291534423828,109.79354858398438,-482.0106201171875,,,,,,,,,,276885,2300
1786071839,983749063,,,,,5,-1495.5750732421875,1021.8994140625,-775.8385620117188,0.11117628216743469,-0.15029077231884003,-0.2667689025402069,0.9454559087753296,1,276885,2300
1786071839,991678356,1,150.0728302001953,109.44184112548828,-483.1741638183594,,,,,,,,,,276886,2300
1786071839,991678356,,,,,5,-1495.54833984375,1021.8577270507812,-775.8021850585938,0.11089303344488144,-0.15059003233909607,-0.266598105430603,0.9454898238182068,1,276886,2300
1786071839,999668685,1,151.49972534179688,110.03246307373047,-484.6313781738281,,,,,,,,,,276887,2300
1786071839,999668685,,,,,5,-1495.5704345703125,1021.8724975585938,-775.7885131835938,0.11098990589380264,-0.1507575660943985,-0.26737815141677856,0.9452313780784607,1,276887,2300
1786071840,8673923,1,153.1876220703125,109.59974670410156,-487.15631103515625,,,,,,,,,,276888,2300
1786071840,8673923,,,,,5,-1495.5794677734375,1021.8685913085938,-775.803955078125,0.11103116720914841,-0.15066443383693695,-0.2674572467803955,0.9452188611030579,1,276888,2300
1786071840,16669181,1,153.72547912597656,110.03193664550781,-487.7397766113281,,,,,,,,,,276889,2300
1786071840,16669181,,,,,5,-1495.6944580078125,1021.9283447265625,-775.7793579101562,0.11120826750993729,-0.14997802674770355,-0.2676534950733185,0.9452518820762634,1,276889,2300
1786071840,24703582,1,154.73765563964844,110.03683471679688,-489.3747863769531,,,,,,,,,,276890,2300
1786071840,24703582,,,,,5,-1495.570556640625,1021.8941650390625,-775.8078002929688,0.11115125566720963,-0.15074630081653595,-0.267497718334198,0.9451804161071777,1,276890,2300
1786071840,33556504,1,156.33216857910156,109.40092468261719,-491.8797912597656,,,,,,,,,,276891,2300
1786071840,33556504,,,,,5,-1495.7032470703125,1021.8987426757812,-775.7757568359375,0.11131635308265686,-0.1497548222541809,-0.26781165599823,0.9452297687530518,1,276891,2300
1786071840,41581591,1,156.86056518554688,109.58306884765625,-492.7710266113281,,,,,,,,,,276892,2300
1786071840,41581591,,,,,5,-1495.5787353515625,1021.8749389648438,-775.8092041015625,0.11093686521053314,-0.1504884958267212,-0.2668043076992035,0.9454426169395447,1,276892,2300
1786071840,49575184,1,157.90478515625,109.65870666503906,-494.28179931640625,,,,,,,,,,276893,2300
1786071840,49575184,,,,,5,-1495.5980224609375,1021.8536987304688,-775.8250122070312,0.11085241287946701,-0.1504419445991516,-0.2670495808124542,0.9453907012939453,1,276893,2300
1786071840,58849241,1,159.1205291748047,109.59700775146484,-496.006103515625,,,,,,,,,,276894,2300
1786071840,58849241,,,,,5,-1495.5828857421875,1021.8847045898438,-775.7945556640625,0.11091255396604538,-0.15070785582065582,-0.2672748267650604,0.9452776312828064,1,276894,2300
1786071840,66810700,1,160.5035858154297,109.07364654541016,-498.2864074707031,,,,,,,,,,276895,2300
1786071840,66810700,,,,,5,-1495.5799560546875,1021.8969116210938,-775.7990112304688,0.11082290858030319,-0.15071190893650055,-0.26691195368766785,0.945389986038208,1,276895,2300
1786071840,75009451,1,161.06076049804688,109.59290313720703,-499.1325378417969,,,,,,,,,,276896,2300
1786071840,75009451,,,,,5,-1495.6015625,1021.8970947265625,-775.8192138671875,0.1107124611735344,-0.15090949833393097,-0.2668397128582001,0.945391833782196,1,276896,2300
1786071840,83380267,1,161.61595153808594,107.38175201416016,-500.0652160644531,,,,,,,,,,276897,2300
1786071840,83380267,,,,,5,-1495.7108154296875,1021.9406127929688,-775.7642211914062,0.11120441555976868,-0.14991465210914612,-0.2677513062953949,0.9452347159385681,1,276897,2300
1786071840,91793043,1,162.94952392578125,108.40106964111328,-503.6629943847656,,,,,,,,,,276898,2300
1786071840,91793043,,,,,5,-1495.5511474609375,1021.8855590820312,-775.799072265625,0.11106479167938232,-0.15054692327976227,-0.26697343587875366,0.9453705549240112,1,276898,2300
1786071840,99930023,1,163.59884643554688,106.5988540649414,-504.72930908203125,,,,,,,,,,276899,2300
1786071840,99930023,,,,,5,-1495.5814208984375,1021.8681640625,-775.8431396484375,0.11089394986629486,-0.15046192705631256,-0.26698529720306396,0.9454007744789124,1,276899,2300
1786071840,108326635,1,165.8768768310547,108.79720306396484,-505.5487060546875,,,,,,,,,,276900,2300
1786071840,108326635,,,,,5,-1495.5650634765625,1021.8670043945312,-775.8355102539062,0.11097290366888046,-0.15056294202804565,-0.2665090262889862,0.9455098509788513,1,276900,2300
1786071840,116296288,1,166.70489501953125,108.53819274902344,-507.46490478515625,,,,,,,,,,276901,2300
1786071840,116296288,,,,,5,-1495.6072998046875,1021.8972778320312,-775.7942504882812,0.11084872484207153,-0.15076065063476562,-0.26670902967453003,0.9454364776611328,1,276901,2300
1786071840,125412651,1,168.21217346191406,107.64788818359375,-509.4082336425781,,,,,,,,,,276902,2300
1786071840,125412651,,,,,5,-1495.6107177734375,1021.9099731445312,-775.8298950195312,0.1110251173377037,-0.1503995954990387,-0.26696228981018066,0.9454017877578735,1,276902,2300
1786071840,133357371,1,169.42417907714844,107.65060424804688,-511.3822021484375,,,,,,,,,,276903,2300
1786071840,133357371,,,,,5,-1495.57568359375,1021.88720703125,-775.8234252929688,0.11109673976898193,-0.15042360126972198,-0.2671075165271759,0.9453485608100891,1,276903,2300
1786071840,141007220,1,169.310791015625,106.54204559326172,-512.2996215820312,,,,,,,,,,276904,2300
1786071840,141007220,,,,,5,-1495.5985107421875,1021.8988647460938,-775.7854614257812,0.11091266572475433,-0.15053164958953857,-0.2676309645175934,0.9452049136161804,1,276904,2300
1786071840,150493093,1,171.06874084472656,104.53813934326172,-516.191162109375,,,,,,,,,,276905,2300
1786071840,150493093,,,,,5,-1495.559814453125,1021.8942260742188,-775.8015747070312,0.11080220341682434,-0.15088513493537903,-0.26694878935813904,0.9453543424606323,1,276905,2300
1786071840,158954293,1,172.8245391845703,105.32770538330078,-516.6718139648438,,,,,,,,,,276906,2300
1786071840,158954293,,,,,5,-1495.5714111328125,1021.9166259765625,-775.80859375,0.11077398806810379,-0.15067921578884125,-0.2669527232646942,0.945389449596405,1,276906,2300
1786071840,166273392,1,173.26600646972656,107.81155395507812,-514.9418334960938,,,,,,,,,,276907,2300
1786071840,166273392,,,,,5,-1495.6849365234375,1021.9405517578125,-775.7965087890625,0.11180149763822556,-0.14958177506923676,-0.2683006227016449,0.9450610876083374,1,276907,2300
1786071840,175418625,1,174.9925994873047,107.34378051757812,-516.9422607421875,,,,,,,,,,276908,2300
1786071840,175418625,,,,,5,-1495.557861328125,1021.9197387695312,-775.8402709960938,0.11110153049230576,-0.15059415996074677,-0.2671242952346802,0.9453160762786865,1,276908,2300
1786071840,183160171,1,175.89083862304688,107.1761703491211,-517.9365844726562,,,,,,,,,,276909,2300
1786071840,183160171,,,,,5,-1495.5765380859375,1021.8908081054688,-775.8036499023438,0.11074025183916092,-0.1506030112504959,-0.26667678356170654,0.9454835057258606,1,276909,2300
1786071840,191107195,1,178.09609985351562,107.12250518798828,-519.7117309570312,,,,,,,,,,276910,2300
1786071840,191107195,,,,,5,-1495.6097412109375,1021.8781127929688,-775.762939453125,0.11070498824119568,-0.15067258477210999,-0.267444372177124,0.9452595710754395,1,276910,2300
1786071840,200104112,1,179.2953643798828,107.16449737548828,-520.61083984375,,,,,,,,,,276911,2300
1786071840,200104112,,,,,5,-1495.584716796875,1021.9000854492188,-775.8056640625,0.11085759848356247,-0.1506877839565277,-0.2673294246196747,0.9452717304229736,1,276911,2300
1786071840,208033373,1,181.1743621826172,106.40245819091797,-522.5144653320312,,,,,,,,,,276912,2300
1786071840,208033373,,,,,5,-1495.5869140625,1021.9032592773438,-775.8292846679688,0.11106935143470764,-0.15055137872695923,-0.26703596115112305,0.9453515410423279,1,276912,2300
1786071840,216016308,1,182.56980895996094,106.37419128417969,-523.9771728515625,,,,,,,,,,276913,2300
1786071840,216016308,,,,,5,-1495.5902099609375,1021.8851928710938,-775.8392944335938,0.11081597954034805,-0.15061910450458527,-0.26657265424728394,0.9455013275146484,1,276913,2300
1786071840,224991365,1,182.92514038085938,106.97557830810547,-524.7144775390625,,,,,,,,,,276914,2300
1786071840,224991365,,,,,5,-1495.6939697265625,1021.9534301757812,-775.7890014648438,0.11095684766769409,-0.14994655549526215,-0.2672935426235199,0.94538813829422,1,276914,2300
1786071840,234103696,1,185.97879028320312,104.74898529052734,-528.0176391601562,,,,,,,,,,276915,2300
1786071840,234103696,,,,,5,-1495.6973876953125,1021.9553833007812,-775.7926635742188,0.11132659018039703,-0.14988741278648376,-0.2672978639602661,0.9453527927398682,1,276915,2300
1786071840,241956623,1,187.86683654785156,103.97616577148438,-530.835693359375,,,,,,,,,,276916,2300
1786071840,241956623,,,,,5,-1495.57421875,1021.8777465820312,-775.8414916992188,0.11067559570074081,-0.1507101058959961,-0.2663330137729645,0.9455708265304565,1,276916,2300
1786071840,250260386,1,188.61846923828125,101.55272674560547,-535.4212036132812,,,,,,,,,,276917,2300
1786071840,250260386,,,,,5,-1495.5814208984375,1021.9105834960938,-775.8381958007812,0.11089427769184113,-0.15024594962596893,-0.2669101357460022,0.9454563856124878,1,276917,2300
1786071840,259443386,1,190.5664825439453,106.22102355957031,-530.3045654296875,,,,,,,,,,276918,2300
1786071840,259443386,,,,,5,-1495.57763671875,1021.8760986328125,-775.84033203125,0.11079852283000946,-0.15068383514881134,-0.26674696803092957,0.9454438090324402,1,276918,2300
1786071840,266848453,1,191.9697723388672,106.15213775634766,-531.5704956054688,,,,,,,,,,276919,2300
1786071840,266848453,,,,,5,-1495.5655517578125,1021.8917236328125,-775.8027954101562,0.11070232838392258,-0.15070189535617828,-0.2667016386985779,0.945465087890625,1,276919,2300
1786071840,274808823,1,193.7421417236328,106.09525299072266,-532.462890625,,,,,,,,,,276920,2300
1786071840,274808823,,,,,5,-1495.5828857421875,1021.8915405273438,-775.8229370117188,0.11066829413175583,-0.15056996047496796,-0.2667582333087921,0.9454740285873413,1,276920,2300
1786071840,282789294,1,195.4753875732422,105.08878326416016,-532.7312622070312,,,,,,,,,,276921,2300
1786071840,282789294,,,,,5,-1495.5819091796875,1021.8843994140625,-775.8359375,0.11083085834980011,-0.15068435668945312,-0.26644667983055115,0.9455246925354004,1,276921,2300
1786071840,291797765,1,197.11370849609375,105.2212142944336,-534.9127197265625,,,,,,,,,,276922,2300
1786071840,291797765,,,,,5,-1495.5989990234375,1021.8969116210938,-775.8223266601562,0.1108618825674057,-0.15045233070850372,-0.2667273283004761,0.9454788565635681,1,276922,2300
1786071840,299758936,1,198.8389129638672,105.41229248046875,-535.9345703125,,,,,,,,,,276923,2300
1786071840,299758936,,,,,5,-1495.551513671875,1021.8712768554688,-775.8258666992188,0.11108288913965225,-0.15051347017288208,-0.2669808566570282,0.9453716278076172,1,276923,2300
1786071840,308734665,1,200.41940307617188,104.47492218017578,-536.3021240234375,,,,,,,,,,276924,2300
1786071840,308734665,,,,,5,-1495.5948486328125,1021.8806762695312,-775.7994995117188,0.11095760762691498,-0.15054628252983093,-0.26795342564582825,0.9451059103012085,1,276924,2300
1786071840,316706206,1,202.1580352783203,104.96729278564453,-538.0150146484375,,,,,,,,,,276925,2300
1786071840,316706206,,,,,5,-1495.591796875,1021.8878784179688,-775.8202514648438,0.11083774268627167,-0.15041662752628326,-0.2672336995601654,0.9453443288803101,1,276925,2300
1786071840,325002096,1,203.77914428710938,105.58256530761719,-538.839111328125,,,,,,,,,,276926,2300
1786071840,325002096,,,,,5,-1495.6976318359375,1021.9191284179688,-775.8009643554688,0.11161701381206512,-0.14943888783454895,-0.2680879235267639,0.9451658725738525,1,276926,2300
1786071840,333816195,1,205.57029724121094,105.53742218017578,-539.8414306640625,,,,,,,,,,276927,2300
1786071840,333816195,,,,,5,-1495.5926513671875,1021.8842163085938,-775.8058471679688,0.11092931032180786,-0.15057280659675598,-0.2675316333770752,0.9452245235443115,1,276927,2300
1786071840,341738383,1,207.33425903320312,105.30956268310547,-540.9109497070312,,,,,,,,,,276928,2300
1786071840,341738383,,,,,5,-1495.6953125,1021.9345092773438,-775.7586059570312,0.11150906980037689,-0.14992301166057587,-0.2681247591972351,0.9450914859771729,1,276928,2300
1786071840,349611057,1,209.03549194335938,105.15161895751953,-541.787841796875,,,,,,,,,,276929,2300
1786071840,349611057,,,,,5,-1495.5523681640625,1021.87548828125,-775.8184814453125,0.11101284623146057,-0.1506330668926239,-0.26698237657546997,0.9453603625297546,1,276929,2300
1786071840,358518741,1,210.74740600585938,105.27460479736328,-542.7474975585938,,,,,,,,,,276930,2300
1786071840,358518741,,,,,5,-1495.5845947265625,1021.9085083007812,-775.8224487304688,0.11096053570508957,-0.15060989558696747,-0.2667882740497589,0.9454250335693359,1,276930,2300
1786071840,366680814,1,212.0031280517578,105.60716247558594,-542.007568359375,,,,,,,,,,276931,2300
1786071840,366680814,,,,,5,-1495.579345703125,1021.8681640625,-775.805419921875,0.1109580397605896,-0.1506015509366989,-0.2676972448825836,0.9451697468757629,1,276931,2300
1786071840,374557937,1,214.13209533691406,105.75025177001953,-543.071044921875,,,,,,,,,,276932,2300
1786071840,374557937,,,,,5,-1495.5902099609375,1021.8458251953125,-775.8197631835938,0.11092095822095871,-0.15075401961803436,-0.26691097021102905,0.9453721046447754,1,276932,2300
1786071840,383618226,1,215.70989990234375,105.19012451171875,-544.4987182617188,,,,,,,,,,276933,2300
1786071840,383618226,,,,,5,-1495.57177734375,1021.8910522460938,-775.82373046875,0.11110695451498032,-0.1506071388721466,-0.2667902410030365,0.9454077482223511,1,276933,2300
1786071840,391501495,1,217.7497100830078,105.03128814697266,-545.9378662109375,,,,,,,,,,276934,2300
1786071840,391501495,,,,,5,-1495.700439453125,1021.9299926757812,-775.77880859375,0.11128018796443939,-0.1499597579240799,-0.2679256200790405,0.94516921043396,1,276934,2300
1786071840,399754208,1,219.28472900390625,104.44188690185547,-547.2574462890625,,,,,,,,,,276935,2300
1786071840,399754208,,,,,5,-1495.5755615234375,1021.892578125,-775.8092651367188,0.11079148203134537,-0.15067093074321747,-0.26674747467041016,0.9454465508460999,1,276935,2300
1786071840,408483811,1,221.0531768798828,105.13204193115234,-547.4796142578125,,,,,,,,,,276936,2300
1786071840,408483811,,,,,5,-1495.5672607421875,1021.8785400390625,-775.8034057617188,0.11084689199924469,-0.1508435159921646,-0.2668527364730835,0.9453829526901245,1,276936,2300
1786071840,416407887,1,222.5606231689453,104.35557556152344,-548.3759155273438,,,,,,,,,,276937,2300
1786071840,416407887,,,,,5,-1495.5643310546875,1021.87744140625,-775.8031616210938,0.11070337891578674,-0.1507652848958969,-0.26652809977531433,0.945503830909729,1,276937,2300
1786071840,425602089,1,224.38525390625,104.83549499511719,-548.9758911132812,,,,,,,,,,276938,2300
1786071840,425602089,,,,,5,-1495.68701171875,1021.9259033203125,-775.7854614257812,0.11137107014656067,-0.14977198839187622,-0.26759442687034607,0.9452820420265198,1,276938,2300
1786071840,433346228,1,225.66136169433594,104.73796081542969,-550.4608764648438,,,,,,,,,,276939,2300
1786071840,433346228,,,,,5,-1495.5777587890625,1021.8954467773438,-775.8017578125,0.11080342531204224,-0.15061497688293457,-0.2670133113861084,0.9453791975975037,1,276939,2300
1786071840,441320617,1,227.4411163330078,104.82197570800781,-550.981689453125,,,,,,,,,,276940,2301
1786071840,441320617,,,,,5,-1495.6715087890625,1021.9133911132812,-775.7785034179688,0.11133597791194916,-0.15016141533851624,-0.26720374822616577,0.9453349113464355,1,276940,2301
1786071840,451025635,1,228.81883239746094,102.11314392089844,-552.8975830078125,,,,,,,,,,276941,2301
1786071840,451025635,,,,,5,-1495.5777587890625,1021.8976440429688,-775.8114624023438,0.11113512516021729,-0.150577574968338,-0.26718491315841675,0.9452975988388062,1,276941,2301
1786071840,458470261,1,230.5023651123047,104.36631774902344,-552.814453125,,,,,,,,,,276942,2301
1786071840,458470261,,,,,5,-1495.5784912109375,1021.876953125,-775.7913208007812,0.1107117310166359,-0.15067514777183533,-0.26673537492752075,0.9454587697982788,1,276942,2301
1786071840,466628813,1,232.0103302001953,103.10205078125,-553.36767578125,,,,,,,,,,276943,2301
1786071840,466628813,,,,,5,-1495.5694580078125,1021.91259765625,-775.8263549804688,0.11102741956710815,-0.15053007006645203,-0.26685789227485657,0.9454102516174316,1,276943,2301
1786071840,474222972,1,234.19137573242188,104.10662078857422,-554.0851440429688,,,,,,,,,,276944,2301
1786071840,474222972,,,,,5,-1495.5804443359375,1021.8810424804688,-775.8016967773438,0.11083108186721802,-0.15067237615585327,-0.26714780926704407,0.9453287124633789,1,276944,2301
1786071840,483192972,1,235.9674530029297,103.68379974365234,-554.6742553710938,,,,,,,,,,276945,2301
1786071840,483192972,,,,,5,-1495.5623779296875,1021.8981323242188,-775.8248291015625,0.11080396920442581,-0.15053558349609375,-0.2665013372898102,0.945536196231842,1,276945,2301
1786071840,491224076,1,237.2042236328125,104.23403930664062,-554.9461669921875,,,,,,,,,,276946,2301
1786071840,491224076,,,,,5,-1495.6927490234375,1021.9498901367188,-775.7811889648438,0.11104416102170944,-0.1499706208705902,-0.2674050033092499,0.9453425407409668,1,276946,2301
1786071840,500199165,1,240.11578369140625,102.1065444946289,-556.385009765625,,,,,,,,,,276947,2301
1786071840,500199165,,,,,5,-1495.58642578125,1021.9210815429688,-775.8270874023438,0.11086348444223404,-0.15047936141490936,-0.26669958233833313,0.9454822540283203,1,276947,2301
1786071840,508064158,1,240.69703674316406,103.80120849609375,-556.0440063476562,,,,,,,,,,276948,2301
1786071840,508064158,,,,,5,-1495.700439453125,1021.9384155273438,-775.7922973632812,0.11119893193244934,-0.14996542036533356,-0.26755332946777344,0.9452831745147705,1,276948,2301
1786071840,516114849,1,242.29991149902344,103.01392364501953,-556.9760131835938,,,,,,,,,,276949,2301
1786071840,516114849,,,,,5,-1495.6868896484375,1021.9397583007812,-775.8018798828125,0.11094581335783005,-0.1500117927789688,-0.26642662286758423,0.9456238150596619,1,276949,2301
1786071840,525095027,1,244.20391845703125,105.81025695800781,-557.6702880859375,,,,,,,,,,276950,2301
1786071840,525095027,,,,,5,-1495.5919189453125,1021.9008178710938,-775.8444213867188,0.11087630689144135,-0.1503896415233612,-0.2663218677043915,0.9456014633178711,1,276950,2301
1786071840,533658583,1,245.7022705078125,105.30033874511719,-556.7623291015625,,,,,,,,,,276951,2301
1786071840,533658583,,,,,5,-1495.5673828125,1021.8876953125,-775.8247680664062,0.1109352856874466,-0.15058083832263947,-0.2669311463832855,0.9453923106193542,1,276951,2301
1786071840,541149106,1,247.13845825195312,104.75686645507812,-557.2985229492188,,,,,,,,,,276952,2301
1786071840,541149106,,,,,5,-1495.583984375,1021.8922119140625,-775.8251342773438,0.11115185916423798,-0.15038931369781494,-0.2673942446708679,0.9452664852142334,1,276952,2301
1786071840,550106496,1,248.4505615234375,105.13198852539062,-557.2939453125,,,,,,,,,,276953,2301
1786071840,550106496,,,,,5,-1495.569091796875,1021.9174194335938,-775.8136596679688,0.11079414933919907,-0.15064182877540588,-0.2665233016014099,0.9455142021179199,1,276953,2301
1786071840,558098520,1,250.1474609375,105.17738342285156,-558.3123779296875,,,,,,,,,,276954,2301
1786071840,558098520,,,,,5,-1495.5692138671875,1021.9037475585938,-775.827392578125,0.11080455780029297,-0.15053236484527588,-0.2668120861053467,0.9454488754272461,1,276954,2301
1786071840,566274996,1,251.66683959960938,105.54241943359375,-558.3815307617188,,,,,,,,,,276955,2301
1786071840,566274996,,,,,5,-1495.5570068359375,1021.8847045898438,-775.8214721679688,0.1107480376958847,-0.15078330039978027,-0.26689401268959045,0.9453924894332886,1,276955,2301
1786071840,575138160,1,253.88864135742188,103.88750457763672,-560.1055297851562,,,,,,,,,,276956,2301
1786071840,575138160,,,,,5,-1495.5718994140625,1021.9000244140625,-775.8565673828125,0.11100920289754868,-0.1504182517528534,-0.2665255069732666,0.9455239772796631,1,276956,2301
1786071840,583119527,1,254.67800903320312,105.57270050048828,-559.6129760742188,,,,,,,,,,276957,2301
1786071840,583119527,,,,,5,-1495.5635986328125,1021.8907470703125,-775.8041381835938,0.11059240251779556,-0.15076839923858643,-0.2663037180900574,0.945579469203949,1,276957,2301
1786071840,592283451,1,257.16925048828125,101.30963897705078,-561.8836669921875,,,,,,,,,,276958,2301
1786071840,592283451,,,,,5,-1495.51513671875,1021.8575439453125,-775.8328857421875,0.11099758744239807,-0.15056182444095612,-0.2663918137550354,0.9455400109291077,1,276958,2301
1786071840,600402476,1,257.9333190917969,105.80886840820312,-560.6073608398438,,,,,,,,,,276959,2301
1786071840,600402476,,,,,5,-1495.5621337890625,1021.8749389648438,-775.8110961914062,0.11055012792348862,-0.15065228939056396,-0.2666740119457245,0.9454985857009888,1,276959,2301
1786071840,607860000,1,259.221923828125,104.58979797363281,-560.7962646484375,,,,,,,,,,276960,2301
1786071840,607860000,,,,,5,-1495.5736083984375,1021.8886108398438,-775.7921142578125,0.11067363619804382,-0.15087994933128357,-0.26683783531188965,0.9454016089439392,1,276960,2301
1786071840,617365333,1,260.9230651855469,105.11361694335938,-561.5167846679688,,,,,,,,,,276961,2301
1786071840,617365333,,,,,5,-1495.5723876953125,1021.9078369140625,-775.8117065429688,0.1109142079949379,-0.15061046183109283,-0.26701056957244873,0.9453675746917725,1,276961,2301
1786071840,624808262,1,262.7518615722656,104.44271087646484,-561.7078857421875,,,,,,,,,,276962,2301
1786071840,624808262,,,,,5,-1495.5980224609375,1021.8746337890625,-775.8186645507812,0.1108541265130043,-0.15077249705791473,-0.26704636216163635,0.9453387260437012,1,276962,2301
1786071840,633307710,1,264.05462646484375,104.60549926757812,-562.6072387695312,,,,,,,,,,276963,2301
1786071840,633307710,,,,,5,-1495.588134765625,1021.8798828125,-775.7904663085938,0.11075787991285324,-0.1507493257522583,-0.2666833698749542,0.9454562067985535,1,276963,2301
1786071840,642068935,1,265.6330871582031,104.89608764648438,-563.0318603515625,,,,,,,,,,276964,2301
1786071840,642068935,,,,,5,-1495.52783203125,1021.8425903320312,-775.8185424804688,0.11087749898433685,-0.1505703181028366,-0.26674970984458923,0.9454519748687744,1,276964,2301
1786071840,649736611,1,266.79376220703125,102.41498565673828,-564.2988891601562,,,,,,,,,,276965,2301
1786071840,649736611,,,,,5,-1495.6815185546875,1021.9421997070312,-775.7490844726562,0.11132093518972397,-0.1500462293624878,-0.26790913939476013,0.9451552033424377,1,276965,2301
1786071840,659008684,1,268.6825256347656,104.44194030761719,-563.2388916015625,,,,,,,,,,276966,2301
1786071840,659008684,,,,,5,-1495.547607421875,1021.8557739257812,-775.8224487304688,0.11101534962654114,-0.15062610805034637,-0.2671290338039398,0.9453198313713074,1,276966,2301
1786071840,667116090,1,270.2292785644531,104.14102935791016,-563.8711547851562,,,,,,,,,,276967,2301
1786071840,667116090,,,,,5,-1495.5809326171875,1021.8853759765625,-775.8119506835938,0.1108916625380516,-0.15061335265636444,-0.26745009422302246,0.945245623588562,1,276967,2301
1786071840,674419442,1,271.56121826171875,104.7317123413086,-564.7539672851562,,,,,,,,,,276968,2301
1786071840,674419442,,,,,5,-1495.5751953125,1021.8731689453125,-775.80322265625,0.11066439747810364,-0.15063945949077606,-0.26695170998573303,0.9454087615013123,1,276968,2301
1786071840,682980469,1,272.7900695800781,104.38203430175781,-565.31982421875,,,,,,,,,,276969,2301
1786071840,682980469,,,,,5,-1495.5887451171875,1021.9027709960938,-775.8156127929688,0.11084696650505066,-0.15044398605823517,-0.26661694049835205,0.9455130696296692,1,276969,2301
1786071840,691900988,1,274.4157409667969,104.750732421875,-565.5533447265625,,,,,,,,,,276970,2301
1786071840,691900988,,,,,5,-1495.589111328125,1021.9033203125,-775.8359375,0.11108264327049255,-0.15041224658489227,-0.2669021189212799,0.9454100131988525,1,276970,2301
1786071840,699610624,1,275.9759826660156,104.2655258178711,-565.900634765625,,,,,,,,,,276971,2301
1786071840,699610624,,,,,5,-1495.555419921875,1021.912109375,-775.8204956054688,0.110935278236866,-0.1506960242986679,-0.2667309045791626,0.945430338382721,1,276971,2301
1786071840,708516932,1,277.9043273925781,102.97724914550781,-567.557861328125,,,,,,,,,,276972,2301
1786071840,708516932,,,,,5,-1495.5521240234375,1021.8709106445312,-775.8504638671875,0.11110465973615646,-0.15059523284435272,-0.26705294847488403,0.9453358054161072,1,276972,2301
1786071840,716537218,1,278.8653869628906,104.44112396240234,-566.5499267578125,,,,,,,,,,276973,2301
1786071840,716537218,,,,,5,-1495.6070556640625,1021.8976440429688,-775.8114013671875,0.11100771278142929,-0.15082018077373505,-0.26714232563972473,0.9452860355377197,1,276973,2301
1786071840,724559457,1,280.16644287109375,104.77552032470703,-566.678955078125,,,,,,,,,,276974,2301
1786071840,724559457,,,,,5,-1495.5977783203125,1021.9033203125,-775.8302612304688,0.11080866307020187,-0.1506918966770172,-0.2667645215988159,0.945436418056488,1,276974,2301
1786071840,733526800,1,281.66607666015625,104.65327453613281,-567.1923828125,,,,,,,,,,276975,2301
1786071840,733526800,,,,,5,-1495.5687255859375,1021.8923950195312,-775.7864379882812,0.1110653281211853,-0.15082545578479767,-0.2669920325279236,0.9453207850456238,1,276975,2301
1786071840,741492132,1,282.513916015625,104.42188262939453,-567.8731079101562,,,,,,,,,,276976,2301
1786071840,741492132,,,,,5,-1495.5797119140625,1021.8798217773438,-775.8279418945312,0.11075010895729065,-0.150596022605896,-0.26695647835731506,0.9454043507575989,1,276976,2301
1786071840,749497983,1,284.93109130859375,103.73172760009766,-568.8601684570312,,,,,,,,,,276977,2301
1786071840,749497983,,,,,5,-1495.5443115234375,1021.865234375,-775.8171997070312,0.1109938770532608,-0.1507447510957718,-0.2670218050479889,0.9453336596488953,1,276977,2301
1786071840,758593511,1,285.3249206542969,103.81953430175781,-568.3236694335938,,,,,,,,,,276978,2301
1786071840,758593511,,,,,5,-1495.5462646484375,1021.8850708007812,-775.7945556640625,0.1107650026679039,-0.1508631706237793,-0.2665674388408661,0.945469856262207,1,276978,2301
1786071840,766439748,1,287.3603210449219,105.04473876953125,-568.3297729492188,,,,,,,,,,276979,2301
1786071840,766439748,,,,,5,-1495.68408203125,1021.9318237304688,-775.7619018554688,0.11127578467130661,-0.1501343548297882,-0.26757514476776123,0.9452412128448486,1,276979,2301
1786071840,775525130,1,288.89544677734375,104.18001556396484,-569.7196655273438,,,,,,,,,,276980,2301
1786071840,775525130,,,,,5,-1495.6795654296875,1021.9186401367188,-775.7753295898438,0.11153338849544525,-0.1499781310558319,-0.2682831883430481,0.945034921169281,1,276980,2301
1786071840,783442677,1,290.123046875,105.14195251464844,-569.62841796875,,,,,,,,,,276981,2301
1786071840,783442677,,,,,5,-1495.54248046875,1021.8606567382812,-775.8447875976562,0.11112703382968903,-0.15052902698516846,-0.2673010230064392,0.9452735781669617,1,276981,2301
1786071840,791310519,1,291.48992919921875,104.63597869873047,-570.1387329101562,,,,,,,,,,276982,2301
1786071840,791310519,,,,,5,-1495.5684814453125,1021.88818359375,-775.8187866210938,0.11102864891290665,-0.15061357617378235,-0.2670300602912903,0.9453481435775757,1,276982,2301
1786071840,800484589,1,292.677978515625,104.69679260253906,-570.2683715820312,,,,,,,,,,276983,2301
1786071840,800484589,,,,,5,-1495.547119140625,1021.84912109375,-775.803466796875,0.11109867691993713,-0.1506781429052353,-0.26686540246009827,0.9453762173652649,1,276983,2301
1786071840,808270911,1,294.60186767578125,103.4385757446289,-571.6544799804688,,,,,,,,,,276984,2301
1786071840,808270911,,,,,5,-1495.5797119140625,1021.8689575195312,-775.8195190429688,0.11071848124265671,-0.15058115124702454,-0.26657453179359436,0.9455181956291199,1,276984,2301
1786071840,816270169,1,294.44976806640625,101.67027282714844,-573.0167846679688,,,,,,,,,,276985,2301
1786071840,816270169,,,,,5,-1495.5970458984375,1021.9192504882812,-775.8477783203125,0.11104899644851685,-0.15043549239635468,-0.2669043242931366,0.9454097151756287,1,276985,2301
1786071840,825384964,1,295.93731689453125,100.70064544677734,-574.0782470703125,,,,,,,,,,276986,2301
1786071840,825384964,,,,,5,-1495.5899658203125,1021.88916015625,-775.8351440429688,0.11106206476688385,-0.15042991936206818,-0.2672542333602905,0.9453102350234985,1,276986,2301
1786071840,833283916,1,297.87457275390625,104.8137435913086,-571.924560546875,,,,,,,,,,276987,2301
1786071840,833283916,,,,,5,-1495.5970458984375,1021.9027709960938,-775.8182983398438,0.11110132932662964,-0.15048693120479584,-0.2668382525444031,0.9454140067100525,1,276987,2301
1786071840,841462471,1,299.3807678222656,103.55944061279297,-573.2124633789062,,,,,,,,,,276988,2301
1786071840,841462471,,,,,5,-1495.5794677734375,1021.9005737304688,-775.7803344726562,0.11093686521053314,-0.1505994200706482,-0.267289400100708,0.9452878832817078,1,276988,2301
1786071840,850208846,1,300.7098693847656,104.04607391357422,-573.40185546875,,,,,,,,,,276989,2301
1786071840,850208846,,,,,5,-1495.5728759765625,1021.89404296875,-775.80810546875,0.11088758707046509,-0.1508428156375885,-0.26721081137657166,0.9452771544456482,1,276989,2301
1786071840,858134330,1,301.621337890625,104.43514251708984,-573.2822875976562,,,,,,,,,,276990,2301
1786071840,858134330,,,,,5,-1495.689208984375,1021.9877319335938,-775.77001953125,0.11124765872955322,-0.14981243014335632,-0.26714175939559937,0.9454181790351868,1,276990,2301
1786071840,866173596,1,302.7511291503906,103.9223403930664,-573.7503662109375,,,,,,,,,,276991,2301
1786071840,866173596,,,,,5,-1495.5582275390625,1021.89306640625,-775.8219604492188,0.1105647161602974,-0.15083536505699158,-0.2664165794849396,0.9455403685569763,1,276991,2301
1786071840,875100900,1,304.5711669921875,103.44450378417969,-573.7096557617188,,,,,,,,,,276992,2301
1786071840,875100900,,,,,5,-1495.541259765625,1021.8805541992188,-775.8260498046875,0.11096371710300446,-0.15062589943408966,-0.26660871505737305,0.9454727172851562,1,276992,2301
1786071840,883426331,1,304.6670837402344,103.96235656738281,-574.2396240234375,,,,,,,,,,276993,2301
1786071840,883426331,,,,,5,-1495.55517578125,1021.8787231445312,-775.8390502929688,0.11065913736820221,-0.15075111389160156,-0.2666582763195038,0.9454745054244995,1,276993,2301
1786071840,892066701,1,306.30279541015625,103.79238891601562,-575.0896606445312,,,,,,,,,,276994,2301
1786071840,892066701,,,,,5,-1495.5482177734375,1021.8851928710938,-775.7900390625,0.11086354404687881,-0.15077202022075653,-0.26681020855903625,0.9454043507575989,1,276994,2301
1786071840,900076649,1,307.5616455078125,103.58544921875,-575.6163940429688,,,,,,,,,,276995,2301
1786071840,900076649,,,,,5,-1495.5767822265625,1021.9129028320312,-775.836181640625,0.11093483120203018,-0.1504984349012375,-0.26649317145347595,0.9455289840698242,1,276995,2301
1786071840,908315856,1,307.60601806640625,103.7220687866211,-577.6514282226562,,,,,,,,,,276996,2301
1786071840,908315856,,,,,5,-1495.6019287109375,1021.90283203125,-775.82470703125,0.11084412783384323,-0.15031646192073822,-0.2669690251350403,0.9454343914985657,1,276996,2301
1786071840,916964996,1,307.92340087890625,103.2845687866211,-578.821533203125,,,,,,,,,,276997,2301
1786071840,916964996,,,,,5,-1495.6927490234375,1021.9723510742188,-775.79931640625,0.11113137006759644,-0.14984264969825745,-0.2669738829135895,0.9454745054244995,1,276997,2301
1786071840,925046990,1,310.998046875,103.93769073486328,-576.0200805664062,,,,,,,,,,276998,2301
1786071840,925046990,,,,,5,-1495.5478515625,1021.8834228515625,-775.8413696289062,0.1109825149178505,-0.15022628009319305,-0.26665639877319336,0.9455206394195557,1,276998,2301
1786071840,933027973,1,311.99346923828125,104.45526123046875,-575.3765869140625,,,,,,,,,,276999,2301
1786071840,933027973,,,,,5,-1495.5638427734375,1021.8953247070312,-775.8280029296875,0.11058145761489868,-0.15072952210903168,-0.2663685381412506,0.9455687999725342,1,276999,2301
1786071840,941982258,1,313.2566833496094,104.01253509521484,-577.2037353515625,,,,,,,,,,277000,2301
1786071840,941982258,,,,,5,-1495.67578125,1021.9472045898438,-775.7775268554688,0.11140653491020203,-0.14988726377487183,-0.26734253764152527,0.945330798625946,1,277000,2301
1786071840,949869559,1,314.28759765625,103.9236831665039,-577.743408203125,,,,,,,,,,277001,2301
1786071840,949869559,,,,,5,-1495.596923828125,1021.9055786132812,-775.8275756835938,0.11110451817512512,-0.15045498311519623,-0.2672231197357178,0.9453098773956299,1,277001,2301
1786071840,958063381,1,315.05877685546875,103.47430419921875,-578.2454223632812,,,,,,,,,,277002,2301
1786071840,958063381,,,,,5,-1495.599853515625,1021.9314575195312,-775.8435668945312,0.1107519194483757,-0.15032421052455902,-0.2663620412349701,0.9456151723861694,1,277002,2301
1786071840,966879817,1,314.674072265625,102.27533721923828,-578.341064453125,,,,,,,,,,277003,2301
1786071840,966879817,,,,,5,-1495.5887451171875,1021.8970947265625,-775.8036499023438,0.11108694970607758,-0.15046395361423492,-0.26726675033569336,0.9452982544898987,1,277003,2301
1786071840,974843164,1,316.36737060546875,102.2386245727539,-579.678955078125,,,,,,,,,,277004,2301
1786071840,974843164,,,,,5,-1495.5692138671875,1021.8931884765625,-775.8159790039062,0.11102601140737534,-0.15051648020744324,-0.26713070273399353,0.9453354477882385,1,277004,2301
1786071840,982893792,1,317.2787780761719,102.51009368896484,-579.7587280273438,,,,,,,,,,277005,2301
1786071840,982893792,,,,,5,-1495.55908203125,1021.9068603515625,-775.8359375,0.11124510318040848,-0.1504286527633667,-0.26715967059135437,0.9453155994415283,1,277005,2301
1786071840,991869073,1,318.1318054199219,102.79923248291016,-579.6825561523438,,,,,,,,,,277006,2301
1786071840,991869073,,,,,5,-1495.561767578125,1021.9150390625,-775.84619140625,0.11105161905288696,-0.1505938023328781,-0.2668333053588867,0.9454042315483093,1,277006,2301
1786071840,999743220,1,318.75189208984375,103.07918548583984,-579.4195556640625,,,,,,,,,,277007,2301
1786071840,999743220,,,,,5,-1495.5921630859375,1021.91455078125,-775.8137817382812,0.11099620163440704,-0.15040482580661774,-0.2668697237968445,0.9454304575920105,1,277007,2301
1786071841,8936942,1,318.1506042480469,103.81886291503906,-579.1310424804688,,,,,,,,,,277008,2301
1786071841,8936942,,,,,5,-1495.58154296875,1021.9143676757812,-775.8566284179688,0.11092177778482437,-0.15039394795894623,-0.26685041189193726,0.9454464316368103,1,277008,2301
1786071841,16721439,1,314.8131103515625,103.22445678710938,-579.9737548828125,,,,,,,,,,277009,2301
1786071841,16721439,,,,,5,-1495.5845947265625,1021.8880004882812,-775.8318481445312,0.11104251444339752,-0.15039145946502686,-0.2670964002609253,0.9453631043434143,1,277009,2301
1786071841,24768771,1,308.80316162109375,104.39683532714844,-577.8567504882812,,,,,,,,,,277010,2301
1786071841,24768771,,,,,5,-1495.585205078125,1021.8790893554688,-775.819091796875,0.11084652692079544,-0.1505565196275711,-0.26704153418540955,0.9453754425048828,1,277010,2301
1786071841,32717779,1,302.2524108886719,103.47073364257812,-576.2726440429688,,,,,,,,,,277011,2301
1786071841,32717779,,,,,5,-1495.5758056640625,1021.8947143554688,-775.8255004882812,0.11110322177410126,-0.1504095196723938,-0.26691707968711853,0.9454038739204407,1,277011,2301
1786071841,42070859,1,296.10174560546875,104.1934585571289,-573.9945068359375,,,,,,,,,,277012,2301
1786071841,42070859,,,,,5,-1495.6790771484375,1021.9283447265625,-775.8096923828125,0.11147622764110565,-0.14965283870697021,-0.26715612411499023,0.9454124569892883,1,277012,2301
1786071841,49621905,1,290.21856689453125,102.57666778564453,-573.8759765625,,,,,,,,,,277013,2301
1786071841,49621905,,,,,5,-1495.5953369140625,1021.8787231445312,-775.861083984375,0.1110152006149292,-0.150349959731102,-0.2666943073272705,0.9454864263534546,1,277013,2301
1786071841,58576254,1,285.1533203125,103.45941925048828,-572.331787109375,,,,,,,,,,277014,2301
1786071841,58576254,,,,,5,-1495.58935546875,1021.9191284179688,-775.8348999023438,0.111092709004879,-0.1504860520362854,-0.26685047149658203,0.9454116225242615,1,277014,2301
1786071841,66560310,1,280.380859375,105.90631866455078,-567.497314453125,,,,,,,,,,277015,2301
1786071841,66560310,,,,,5,-1495.5592041015625,1021.9169921875,-775.8153686523438,0.11090363562107086,-0.15049496293067932,-0.2667713165283203,0.9454547166824341,1,277015,2301
1786071841,74655554,1,274.69403076171875,104.95873260498047,-569.2559814453125,,,,,,,,,,277016,2301
1786071841,74655554,,,,,5,-1495.5882568359375,1021.9374389648438,-775.8287963867188,0.1109553873538971,-0.1506195217370987,-0.26687243580818176,0.9454003572463989,1,277016,2301
1786071841,83584810,1,269.6453857421875,105.6382827758789,-569.838134765625,,,,,,,,,,277017,2301
1786071841,83584810,,,,,5,-1495.6917724609375,1021.9552001953125,-775.7922973632812,0.11143503338098526,-0.14973795413970947,-0.2678168714046478,0.945216953754425,1,277017,2301
1786071841,91529274,1,264.0606689453125,104.98777770996094,-567.2498779296875,,,,,,,,,,277018,2301
1786071841,91529274,,,,,5,-1495.69921875,1021.974609375,-775.7713012695312,0.11160583794116974,-0.1497115045785904,-0.2681819796562195,0.9450973868370056,1,277018,2301
1786071841,99622150,1,258.7569580078125,105.21551513671875,-565.8338012695312,,,,,,,,,,277019,2301
1786071841,99622150,,,,,5,-1495.5950927734375,1021.9166870117188,-775.8308715820312,0.11104056984186172,-0.1505887806415558,-0.2669709324836731,0.9453674554824829,1,277019,2301
1786071841,108585109,1,253.47637939453125,102.48320007324219,-566.9427490234375,,,,,,,,,,277020,2301
1786071841,108585109,,,,,5,-1495.7230224609375,1021.9812622070312,-775.8038940429688,0.11157093197107315,-0.14973661303520203,-0.26813381910324097,0.9451112747192383,1,277020,2301
1786071841,116776723,1,248.58309936523438,104.65306854248047,-563.3142700195312,,,,,,,,,,277021,2301
1786071841,116776723,,,,,5,-1495.5858154296875,1021.9127807617188,-775.80810546875,0.11077842116355896,-0.15067428350448608,-0.2666427195072174,0.9454771876335144,1,277021,2301
1786071841,125409091,1,243.16946411132812,106.98590850830078,-559.6099853515625,,,,,,,,,,277022,2301
1786071841,125409091,,,,,5,-1495.557373046875,1021.8894653320312,-775.8456420898438,0.11119835078716278,-0.15037931501865387,-0.26719895005226135,0.9453177452087402,1,277022,2301
1786071841,133435043,1,237.11972045898438,107.63710021972656,-557.2677612304688,,,,,,,,,,277023,2301
1786071841,133435043,,,,,5,-1495.599365234375,1021.8946533203125,-775.8514404296875,0.11122827231884003,-0.15046146512031555,-0.2673628032207489,0.9452549815177917,1,277023,2301
1786071841,141307845,1,233.26846313476562,102.46820831298828,-560.0040283203125,,,,,,,,,,277024,2301
1786071841,141307845,,,,,5,-1495.5916748046875,1021.9182739257812,-775.7987670898438,0.11125560104846954,-0.1506335288286209,-0.26759058237075806,0.9451598525047302,1,277024,2301
1786071841,150333408,1,228.1522979736328,101.66858673095703,-558.630615234375,,,,,,,,,,277025,2301
1786071841,150333408,,,,,5,-1495.568359375,1021.8876342773438,-775.8364868164062,0.11105946451425552,-0.15046824514865875,-0.2667728066444397,0.9454402923583984,1,277025,2301
1786071841,158289234,1,222.77175903320312,103.83866119384766,-557.2066650390625,,,,,,,,,,277026,2301
1786071841,158289234,,,,,5,-1495.5867919921875,1021.9000854492188,-775.8078002929688,0.11078712344169617,-0.15079914033412933,-0.26698553562164307,0.945359468460083,1,277026,2301
1786071841,166286827,1,218.64297485351562,100.59097290039062,-557.5303955078125,,,,,,,,,,277027,2301
1786071841,166286827,,,,,5,-1495.56005859375,1021.8727416992188,-775.8234252929688,0.11109920591115952,-0.1505228579044342,-0.2670353055000305,0.9453528523445129,1,277027,2301
1786071841,175294210,1,212.59400939941406,104.67498779296875,-555.8224487304688,,,,,,,,,,277028,2301
1786071841,175294210,,,,,5,-1495.7142333984375,1021.9645385742188,-775.8024291992188,0.11158861219882965,-0.1496536284685135,-0.2678041160106659,0.9452157616615295,1,277028,2301
1786071841,183363018,1,207.3428192138672,105.07073211669922,-553.9965209960938,,,,,,,,,,277029,2301
1786071841,183363018,,,,,5,-1495.5526123046875,1021.8779296875,-775.8202514648438,0.11092820763587952,-0.1504220962524414,-0.2668825387954712,0.9454321265220642,1,277029,2301
1786071841,191237068,1,202.86094665527344,106.35901641845703,-552.5907592773438,,,,,,,,,,277030,2301
1786071841,191237068,,,,,5,-1495.583740234375,1021.9030151367188,-775.7946166992188,0.11072221398353577,-0.15067392587661743,-0.26664382219314575,0.9454835653305054,1,277030,2301
1786071841,200147601,1,197.7676544189453,106.34925079345703,-551.4234619140625,,,,,,,,,,277031,2301
1786071841,200147601,,,,,5,-1495.5673828125,1021.869140625,-775.8116455078125,0.11094117909669876,-0.1507987380027771,-0.2673009932041168,0.9452523589134216,1,277031,2301
1786071841,207652495,1,192.61514282226562,106.35089111328125,-550.6895141601562,,,,,,,,,,277032,2301
1786071841,207652495,,,,,5,-1495.607177734375,1021.9025268554688,-775.8518676757812,0.11090754717588425,-0.15031521022319794,-0.26686516404151917,0.9454565048217773,1,277032,2301
1786071841,216100349,1,188.04554748535156,106.61734008789062,-549.1571044921875,,,,,,,,,,277033,2301
1786071841,216100349,,,,,5,-1495.5706787109375,1021.8892822265625,-775.80322265625,0.11071708053350449,-0.1505914032459259,-0.2666202783584595,0.9455039501190186,1,277033,2301
1786071841,225311738,1,182.20741271972656,107.82935333251953,-544.744873046875,,,,,,,,,,277034,2301
1786071841,225311738,,,,,5,-1495.5645751953125,1021.8994140625,-775.82861328125,0.1110273078083992,-0.15050038695335388,-0.26664847135543823,0.9454742074012756,1,277034,2301
1786071841,233028607,1,177.70162963867188,108.60321807861328,-543.5520629882812,,,,,,,,,,277035,2301
1786071841,233028607,,,,,5,-1495.5594482421875,1021.8572387695312,-775.8168334960938,0.11122400313615799,-0.150605246424675,-0.2674366235733032,0.9452115297317505,1,277035,2301
1786071841,242039543,1,172.88356018066406,108.95013427734375,-542.39697265625,,,,,,,,,,277036,2301
1786071841,242039543,,,,,5,-1495.5716552734375,1021.8858642578125,-775.8128051757812,0.11091283708810806,-0.15064868330955505,-0.2666952311992645,0.9454507231712341,1,277036,2301
1786071841,250026735,1,169.08848571777344,107.26590728759766,-544.2080078125,,,,,,,,,,277037,2301
1786071841,250026735,,,,,5,-1495.586181640625,1021.9140014648438,-775.81005859375,0.11097031086683273,-0.15054132044315338,-0.2666610777378082,0.9454706907272339,1,277037,2301
1786071841,258001220,1,163.9474639892578,109.48954772949219,-539.800537109375,,,,,,,,,,277038,2301
1786071841,258001220,,,,,5,-1495.5936279296875,1021.8898315429688,-775.8096313476562,0.11077970266342163,-0.1504744589328766,-0.2669750154018402,0.9454150795936584,1,277038,2301
1786071841,266982327,1,158.49317932128906,111.57119750976562,-535.23828125,,,,,,,,,,277039,2301
1786071841,266982327,,,,,5,-1495.7091064453125,1021.9363403320312,-775.7435913085938,0.11117465049028397,-0.14992214739322662,-0.26791810989379883,0.9451897740364075,1,277039,2301
1786071841,274898721,1,153.8009033203125,110.95389556884766,-534.5546264648438,,,,,,,,,,277040,2301
1786071841,274898721,,,,,5,-1495.5926513671875,1021.9266967773438,-775.8261108398438,0.11114178597927094,-0.15045875310897827,-0.26733359694480896,0.945273756980896,1,277040,2301
1786071841,282946244,1,149.3834991455078,110.36100006103516,-533.6339721679688,,,,,,,,,,277041,2301
1786071841,282946244,,,,,5,-1495.548828125,1021.8693237304688,-775.8386840820312,0.11083530634641647,-0.15057218074798584,-0.2664957642555237,0.9455283284187317,1,277041,2301
1786071841,291843879,1,144.83084106445312,109.979248046875,-532.6148071289062,,,,,,,,,,277042,2301
1786071841,291843879,,,,,5,-1495.626708984375,1021.8974609375,-775.7935791015625,0.11084412038326263,-0.15053871273994446,-0.2669461965560913,0.9454054832458496,1,277042,2301
1786071841,299866117,1,140.12826538085938,109.90695190429688,-531.287353515625,,,,,,,,,,277043,2301
1786071841,299866117,,,,,5,-1495.5927734375,1021.83837890625,-775.7753295898438,0.11064422875642776,-0.1508890688419342,-0.26683205366134644,0.9454052448272705,1,277043,2301
1786071841,307798419,1,136.22747802734375,110.0943374633789,-530.6500854492188,,,,,,,,,,277044,2301
1786071841,307798419,,,,,5,-1495.5648193359375,1021.8602905273438,-775.8132934570312,0.11089807748794556,-0.15052098035812378,-0.26708123087882996,0.9453638195991516,1,277044,2301
1786071841,316793544,1,131.82394409179688,110.54106903076172,-529.2736206054688,,,,,,,,,,277045,2301
1786071841,316793544,,,,,5,-1495.5762939453125,1021.91796875,-775.8317260742188,0.11110951006412506,-0.15043236315250397,-0.2665812373161316,0.9454942345619202,1,277045,2301
1786071841,324725589,1,127.30292510986328,110.26979064941406,-528.1361694335938,,,,,,,,,,277046,2301
1786071841,324725589,,,,,5,-1495.5814208984375,1021.85595703125,-775.8575439453125,0.11108923703432083,-0.15018455684185028,-0.2668415606021881,0.9454625248908997,1,277046,2301
1786071841,333859876,1,122.90959167480469,109.4864730834961,-527.0670166015625,,,,,,,,,,277047,2301
1786071841,333859876,,,,,5,-1495.578857421875,1021.8880004882812,-775.8468627929688,0.11119180917739868,-0.15028433501720428,-0.26705920696258545,0.9453732371330261,1,277047,2301
1786071841,341867040,1,118.44246673583984,109.52742767333984,-526.1587524414062,,,,,,,,,,277048,2301
1786071841,341867040,,,,,5,-1495.59228515625,1021.8987426757812,-775.8441772460938,0.11090036481618881,-0.15074539184570312,-0.26673027873039246,0.945426881313324,1,277048,2301
1786071841,349634766,1,113.97547912597656,109.4224624633789,-524.92041015625,,,,,,,,,,277049,2301
1786071841,349634766,,,,,5,-1495.576171875,1021.8718872070312,-775.8114624023438,0.11067067831754684,-0.15075956284999847,-0.266585111618042,0.9454924464225769,1,277049,2301
1786071841,359443996,1,109.2625961303711,110.02598571777344,-523.91357421875,,,,,,,,,,277050,2301
1786071841,359443996,,,,,5,-1495.5911865234375,1021.9177856445312,-775.8671264648438,0.11070514470338821,-0.15026308596134186,-0.2661755383014679,0.9456828832626343,1,277050,2301
1786071841,366603673,1,105.27662658691406,109.80113220214844,-522.3349609375,,,,,,,,,,277051,2301
1786071841,366603673,,,,,5,-1495.589599609375,1021.91259765625,-775.8164672851562,0.11108405143022537,-0.15048740804195404,-0.2673038840293884,0.945284366607666,1,277051,2301
1786071841,374697989,1,100.5177993774414,109.3870620727539,-521.62744140625,,,,,,,,,,277052,2301
1786071841,374697989,,,,,5,-1495.5841064453125,1021.8853759765625,-775.7860717773438,0.11088228225708008,-0.15072506666183472,-0.2667824327945709,0.9454174637794495,1,277052,2301
1786071841,383597735,1,96.37763214111328,109.25886535644531,-520.6038818359375,,,,,,,,,,277053,2301
1786071841,383597735,,,,,5,-1495.5902099609375,1021.8737182617188,-775.8162841796875,0.11064676195383072,-0.15073715150356293,-0.2668713629245758,0.945418119430542,1,277053,2301
1786071841,391550681,1,92.36937713623047,108.7776107788086,-519.6956787109375,,,,,,,,,,277054,2301
1786071841,391550681,,,,,5,-1495.6258544921875,1021.9122924804688,-775.85986328125,0.11103454977273941,-0.1504613608121872,-0.26759496331214905,0.9452120661735535,1,277054,2301
1786071841,399521678,1,87.71762084960938,109.38533020019531,-518.2147216796875,,,,,,,,,,277055,2301
1786071841,399521678,,,,,5,-1495.5975341796875,1021.8629150390625,-775.8200073242188,0.111194908618927,-0.15058279037475586,-0.2679837942123413,0.9450636506080627,1,277055,2301
1786071841,408583855,1,83.37567138671875,109.25984954833984,-516.7899780273438,,,,,,,,,,277056,2301
1786071841,408583855,,,,,5,-1495.5938720703125,1021.8958129882812,-775.8373413085938,0.1110425665974617,-0.15031588077545166,-0.2669733464717865,0.9454099535942078,1,277056,2301
1786071841,416459890,1,79.39034271240234,109.27014923095703,-515.4917602539062,,,,,,,,,,277057,2301
1786071841,416459890,,,,,5,-1495.5765380859375,1021.896484375,-775.8095092773438,0.1109173446893692,-0.15049777925014496,-0.26679524779319763,0.9454460144042969,1,277057,2301
1786071841,425450182,1,75.11018371582031,109.8648910522461,-514.1666259765625,,,,,,,,,,277058,2301
1786071841,425450182,,,,,5,-1495.648681640625,1021.9188842773438,-775.7780151367188,0.11124861985445023,-0.14996926486492157,-0.26703882217407227,0.9454222917556763,1,277058,2301
1786071841,433402391,1,71.09069061279297,110.46299743652344,-512.8667602539062,,,,,,,,,,277059,2301
1786071841,433402391,,,,,5,-1495.59912109375,1021.912109375,-775.8357543945312,0.11110136657953262,-0.15064704418182373,-0.26740333437919617,0.9452286958694458,1,277059,2301
1786071841,441375372,1,66.71651458740234,110.5570297241211,-511.5549621582031,,,,,,,,,,277060,2302
1786071841,441375372,,,,,5,-1495.717041015625,1021.9293212890625,-775.800537109375,0.11152388900518417,-0.1494978666305542,-0.2682514488697052,0.9451211094856262,1,277060,2302
1786071841,450401415,1,62.58559036254883,110.52262878417969,-510.1255187988281,,,,,,,,,,277061,2302
1786071841,450401415,,,,,5,-1495.5699462890625,1021.8611450195312,-775.8253784179688,0.11127661913633347,-0.15054596960544586,-0.2676575481891632,0.9451522827148438,1,277061,2302
1786071841,458358969,1,57.638580322265625,108.45623016357422,-509.6252136230469,,,,,,,,,,277062,2302
1786071841,458358969,,,,,5,-1495.5594482421875,1021.8507690429688,-775.8631591796875,0.11103484779596329,-0.15034249424934387,-0.26656094193458557,0.9455229640007019,1,277062,2302
1786071841,466327630,1,53.392086029052734,108.94034576416016,-507.75213623046875,,,,,,,,,,277063,2302
1786071841,466327630,,,,,5,-1495.658203125,1021.9080200195312,-775.7968139648438,0.11136693507432938,-0.14972443878650665,-0.2674572467803955,0.9453288912773132,1,277063,2302
1786071841,475299646,1,50.67947006225586,110.86701965332031,-505.4393310546875,,,,,,,,,,277064,2302
1786071841,475299646,,,,,5,-1495.578125,1021.9319458007812,-775.8072509765625,0.11096356809139252,-0.15052498877048492,-0.2668854296207428,0.9454107284545898,1,277064,2302
1786071841,483267634,1,46.56912612915039,110.83966064453125,-504.1856689453125,,,,,,,,,,277065,2302
1786071841,483267634,,,,,5,-1495.5802001953125,1021.8982543945312,-775.81884765625,0.11122103035449982,-0.1503031700849533,-0.2672795355319977,0.9453043937683105,1,277065,2302
1786071841,491269389,1,42.25716018676758,110.72941589355469,-502.32794189453125,,,,,,,,,,277066,2302
1786071841,491269389,,,,,5,-1495.560546875,1021.8768920898438,-775.84375,0.11101219803094864,-0.15027748048305511,-0.2667575478553772,0.9454805254936218,1,277066,2302
1786071841,500362868,1,38.49742889404297,110.65180969238281,-501.1180419921875,,,,,,,,,,277067,2302
1786071841,500362868,,,,,5,-1495.5675048828125,1021.9017944335938,-775.8161010742188,0.11088437587022781,-0.15066663920879364,-0.2668396234512329,0.945410430431366,1,277067,2302
1786071841,509324323,1,34.800575256347656,110.45789337158203,-499.9012451171875,,,,,,,,,,277068,2302
1786071841,509324323,,,,,5,-1495.5570068359375,1021.8482666015625,-775.8291625976562,0.11076763272285461,-0.15065473318099976,-0.2666986584663391,0.9454657435417175,1,277068,2302
1786071841,516167620,1,30.667991638183594,109.85620880126953,-498.2236328125,,,,,,,,,,277069,2302
1786071841,516167620,,,,,5,-1495.5772705078125,1021.87939453125,-775.8299560546875,0.11115028709173203,-0.15032757818698883,-0.2670741081237793,0.9453669190406799,1,277069,2302
1786071841,525144149,1,26.83377456665039,109.80337524414062,-497.1282043457031,,,,,,,,,,277070,2302
1786071841,525144149,,,,,5,-1495.6107177734375,1021.8594970703125,-775.810546875,0.11116182804107666,-0.15031810104846954,-0.2676073908805847,0.9452162981033325,1,277070,2302
1786071841,533136782,1,22.579118728637695,109.26765441894531,-495.775390625,,,,,,,,,,277071,2302
1786071841,533136782,,,,,5,-1495.5474853515625,1021.8479614257812,-775.8151245117188,0.11095984280109406,-0.15068402886390686,-0.2670651078224182,0.9453351497650146,1,277071,2302
1786071841,542148710,1,18.488990783691406,108.94723510742188,-494.48150634765625,,,,,,,,,,277072,2302
1786071841,542148710,,,,,5,-1495.5848388671875,1021.8927001953125,-775.8070678710938,0.11082588881254196,-0.15043607354164124,-0.2673739194869995,0.9453030228614807,1,277072,2302
1786071841,550156738,1,14.540787696838379,108.66053771972656,-492.5201416015625,,,,,,,,,,277073,2302
1786071841,550156738,,,,,5,-1495.5556640625,1021.9215087890625,-775.8842163085938,0.11063683778047562,-0.15053026378154755,-0.26553213596343994,0.9458291530609131,1,277073,2302
1786071841,558258895,1,10.489727973937988,107.55070495605469,-490.9927062988281,,,,,,,,,,277074,2302
1786071841,558258895,,,,,5,-1495.5848388671875,1021.8888549804688,-775.8131103515625,0.11077539622783661,-0.1502770036458969,-0.26734402775764465,0.9453426599502563,1,277074,2302
1786071841,567249667,1,6.153512477874756,107.48053741455078,-489.9688720703125,,,,,,,,,,277075,2302
1786071841,567249667,,,,,5,-1495.5389404296875,1021.8671264648438,-775.8316040039062,0.11097203195095062,-0.1504044085741043,-0.2668537497520447,0.9454379677772522,1,277075,2302
1786071841,575317674,1,2.1518189907073975,107.41101837158203,-488.1325988769531,,,,,,,,,,277076,2302
1786071841,575317674,,,,,5,-1495.58203125,1021.8904418945312,-775.8120727539062,0.11092729866504669,-0.15052849054336548,-0.26693421602249146,0.9454007744789124,1,277076,2302
1786071841,583245399,1,-1.1840670108795166,109.82038116455078,-488.0238342285156,,,,,,,,,,277077,2302
1786071841,583245399,,,,,5,-1495.5946044921875,1021.9039306640625,-775.8286743164062,0.11072664707899094,-0.15044260025024414,-0.26692789793014526,0.9454397559165955,1,277077,2302
1786071841,592232394,1,-5.148187637329102,108.8935546875,-486.3294677734375,,,,,,,,,,277078,2302
1786071841,592232394,,,,,5,-1495.539794921875,1021.8661499023438,-775.8502807617188,0.11098392307758331,-0.15044377744197845,-0.26662561297416687,0.9454947113990784,1,277078,2302
1786071841,600049314,1,-9.167170524597168,108.18683624267578,-484.4022521972656,,,,,,,,,,277079,2302
1786071841,600049314,,,,,5,-1495.548095703125,1021.8642578125,-775.861572265625,0.1109170988202095,-0.15037129819393158,-0.266128271818161,0.945654034614563,1,277079,2302
1786071841,607911683,1,-12.700285911560059,106.03655242919922,-481.5359802246094,,,,,,,,,,277080,2302
1786071841,607911683,,,,,5,-1495.6014404296875,1021.91845703125,-775.8309936523438,0.11106865108013153,-0.15031634271144867,-0.2673664689064026,0.9452956914901733,1,277080,2302
1786071841,616921626,1,-17.203462600708008,107.85171508789062,-481.22174072265625,,,,,,,,,,277081,2302
1786071841,616921626,,,,,5,-1495.670654296875,1021.9660034179688,-775.7804565429688,0.11122938245534897,-0.14980165660381317,-0.26765233278274536,0.9452776908874512,1,277081,2302
1786071841,624975199,1,-21.422988891601562,107.73986053466797,-479.8750915527344,,,,,,,,,,277082,2302
1786071841,624975199,,,,,5,-1495.578369140625,1021.89599609375,-775.8356323242188,0.11092042922973633,-0.15056437253952026,-0.2667009234428406,0.9454615712165833,1,277082,2302
1786071841,632894698,1,-25.259096145629883,107.33230590820312,-477.3908386230469,,,,,,,,,,277083,2302
1786071841,632894698,,,,,5,-1495.559326171875,1021.890625,-775.8384399414062,0.11109349876642227,-0.15047673881053925,-0.26673686504364014,0.9454451203346252,1,277083,2302
1786071841,641862810,1,-28.81682586669922,107.94636535644531,-475.9830627441406,,,,,,,,,,277084,2302
1786071841,641862810,,,,,5,-1495.5872802734375,1021.8842163085938,-775.8013916015625,0.11092965304851532,-0.15064290165901184,-0.2667434513568878,0.9454360008239746,1,277084,2302
1786071841,649797512,1,-32.55908966064453,108.5738754272461,-474.6681213378906,,,,,,,,,,277085,2302
1786071841,649797512,,,,,5,-1495.5555419921875,1021.8917236328125,-775.8187866210938,0.11088159680366516,-0.15055091679096222,-0.2668669819831848,0.9454215168952942,1,277085,2302
1786071841,657809540,1,-37.05474853515625,107.3858871459961,-473.2016906738281,,,,,,,,,,277086,2302
1786071841,657809540,,,,,5,-1495.606689453125,1021.9033203125,-775.82666015625,0.11091465502977371,-0.15050804615020752,-0.26723378896713257,0.9453207850456238,1,277086,2302
1786071841,666909837,1,-40.95008850097656,107.8997573852539,-472.0848083496094,,,,,,,,,,277087,2302
1786071841,666909837,,,,,5,-1495.5689697265625,1021.8995361328125,-775.8339233398438,0.11102795600891113,-0.15063858032226562,-0.26722604036331177,0.9452888369560242,1,277087,2302
1786071841,675006137,1,-44.841819763183594,107.90668487548828,-470.53753662109375,,,,,,,,,,277088,2302
1786071841,675006137,,,,,5,-1495.6949462890625,1021.9512939453125,-775.7938842773438,0.11117376387119293,-0.1495925784111023,-0.2675040066242218,0.9453592300415039,1,277088,2302
1786071841,683207673,1,-48.90195846557617,108.1846923828125,-468.8544006347656,,,,,,,,,,277089,2302
1786071841,683207673,,,,,5,-1495.6195068359375,1021.9057006835938,-775.8306274414062,0.11105303466320038,-0.15040035545825958,-0.26730507612228394,0.9453014731407166,1,277089,2302
1786071841,691708497,1,-52.836326599121094,108.24933624267578,-467.5059509277344,,,,,,,,,,277090,2302
1786071841,691708497,,,,,5,-1495.5809326171875,1021.9064331054688,-775.8130493164062,0.1110214963555336,-0.15050983428955078,-0.2672613263130188,0.9453002214431763,1,277090,2302
1786071841,699663971,1,-56.8950309753418,107.35478210449219,-465.8838806152344,,,,,,,,,,277091,2302
1786071841,699663971,,,,,5,-1495.5994873046875,1021.9015502929688,-775.8164672851562,0.11090312898159027,-0.1504097431898117,-0.26690274477005005,0.9454313516616821,1,277091,2302
1786071841,708668377,1,-60.72727584838867,108.18929290771484,-464.25555419921875,,,,,,,,,,277092,2302
1786071841,708668377,,,,,5,-1495.60400390625,1021.8756713867188,-775.8534545898438,0.1109054684638977,-0.15044504404067993,-0.266705721616745,0.9454811215400696,1,277092,2302
1786071841,716628812,1,-64.6339340209961,107.6484375,-462.5770568847656,,,,,,,,,,277093,2302
1786071841,716628812,,,,,5,-1495.5904541015625,1021.8955078125,-775.8400268554688,0.11088865250349045,-0.15028579533100128,-0.26697370409965515,0.9454326629638672,1,277093,2302
1786071841,724588831,1,-69.16116333007812,105.9059829711914,-462.13995361328125,,,,,,,,,,277094,2302
1786071841,724588831,,,,,5,-1495.687744140625,1021.9384155273438,-775.8311767578125,0.11150921881198883,-0.14941363036632538,-0.26746901869773865,0.9453579783439636,1,277094,2302
1786071841,733640574,1,-72.99000549316406,108.048095703125,-460.1637268066406,,,,,,,,,,277095,2302
1786071841,733640574,,,,,5,-1495.624267578125,1021.9099731445312,-775.8435668945312,0.11098890751600266,-0.15059201419353485,-0.2666766047477722,0.9454559683799744,1,277095,2302
1786071841,741089746,1,-76.62982177734375,108.2525863647461,-458.5774841308594,,,,,,,,,,277096,2302
1786071841,741089746,,,,,5,-1495.6143798828125,1021.9198608398438,-775.8085327148438,0.1108425036072731,-0.15049102902412415,-0.26684072613716125,0.9454430341720581,1,277096,2302
1786071841,749912742,1,-80.88081359863281,107.77586364746094,-456.7621154785156,,,,,,,,,,277097,2302
1786071841,749912742,,,,,5,-1495.677001953125,1021.9450073242188,-775.8207397460938,0.11162228882312775,-0.14955580234527588,-0.267776757478714,0.9452349543571472,1,277097,2302
1786071841,758518130,1,-84.51387786865234,106.74784088134766,-455.4583435058594,,,,,,,,,,277098,2302
1786071841,758518130,,,,,5,-1495.5859375,1021.8764038085938,-775.8423461914062,0.11108753830194473,-0.15009306371212006,-0.2674039304256439,0.945318341255188,1,277098,2302
1786071841,766520845,1,-88.25208282470703,107.3066177368164,-454.2772521972656,,,,,,,,,,277099,2302
1786071841,766520845,,,,,5,-1495.5662841796875,1021.8798828125,-775.85400390625,0.1110636368393898,-0.15025131404399872,-0.2669598162174225,0.9454215168952942,1,277099,2302
1786071841,774488897,1,-92.1098403930664,107.99214172363281,-452.4564514160156,,,,,,,,,,277100,2302
1786071841,774488897,,,,,5,-1495.5701904296875,1021.9107666015625,-775.8385009765625,0.11108501255512238,-0.15055622160434723,-0.2669077217578888,0.9453852772712708,1,277100,2302
1786071841,783444494,1,-94.93810272216797,109.87901306152344,-449.9459533691406,,,,,,,,,,277101,2302
1786071841,783444494,,,,,5,-1495.581298828125,1021.8899536132812,-775.8443603515625,0.11145628243684769,-0.15031272172927856,-0.26741236448287964,0.9452376365661621,1,277101,2302
1786071841,791553597,1,-98.41194915771484,110.00362396240234,-448.19793701171875,,,,,,,,,,277102,2302
1786071841,791553597,,,,,5,-1495.5867919921875,1021.9212036132812,-775.8131713867188,0.11109384149312973,-0.15067191421985626,-0.2672194540500641,0.945277750492096,1,277102,2302
1786071841,799412829,1,-102.70034790039062,109.17675018310547,-447.782470703125,,,,,,,,,,277103,2302
1786071841,799412829,,,,,5,-1495.5782470703125,1021.91259765625,-775.8148803710938,0.11096054315567017,-0.15032754838466644,-0.2669726014137268,0.9454180002212524,1,277103,2302
1786071841,808415411,1,-106.38536834716797,109.50360107421875,-446.1293029785156,,,,,,,,,,277104,2302
1786071841,808415411,,,,,5,-1495.682861328125,1021.9406127929688,-775.7923583984375,0.11169785261154175,-0.14946135878562927,-0.2680880129337311,0.9451528191566467,1,277104,2302
1786071841,816351265,1,-109.50884246826172,110.22967529296875,-443.2410583496094,,,,,,,,,,277105,2302
1786071841,816351265,,,,,5,-1495.7081298828125,1021.9749145507812,-775.7800903320312,0.11131852865219116,-0.1497916877269745,-0.2675583064556122,0.9452953338623047,1,277105,2302
1786071841,825422244,1,-113.73072814941406,109.57083892822266,-443.07196044921875,,,,,,,,,,277106,2302
1786071841,825422244,,,,,5,-1495.5916748046875,1021.9071655273438,-775.8317260742188,0.11099504679441452,-0.15046356618404388,-0.2669641077518463,0.9453946352005005,1,277106,2302
1786071841,833381911,1,-118.1567611694336,108.22425842285156,-441.400390625,,,,,,,,,,277107,2302
1786071841,833381911,,,,,5,-1495.70947265625,1021.9501953125,-775.7833862304688,0.111365906894207,-0.14977611601352692,-0.26766058802604675,0.9452632665634155,1,277107,2302
1786071841,841289504,1,-120.83814239501953,109.21758270263672,-439.53497314453125,,,,,,,,,,277108,2302
1786071841,841289504,,,,,5,-1495.6007080078125,1021.8854370117188,-775.8333740234375,0.11100057512521744,-0.15030407905578613,-0.2673812210559845,0.9453015327453613,1,277108,2302
1786071841,850235627,1,-124.59063720703125,110.03155517578125,-438.0166931152344,,,,,,,,,,277109,2302
1786071841,850235627,,,,,5,-1495.7044677734375,1021.9264526367188,-775.8364868164062,0.11149600893259048,-0.14942212402820587,-0.2676948308944702,0.9452942609786987,1,277109,2302
1786071841,858317429,1,-128.1092987060547,110.6374282836914,-436.2403564453125,,,,,,,,,,277110,2302
1786071841,858317429,,,,,5,-1495.7117919921875,1021.9512939453125,-775.7913208007812,0.11144670099020004,-0.1497991681098938,-0.268032431602478,0.9451447129249573,1,277110,2302
1786071841,866252355,1,-131.68055725097656,110.53270721435547,-434.3048400878906,,,,,,,,,,277111,2302
1786071841,866252355,,,,,5,-1495.581787109375,1021.9035034179688,-775.8212280273438,0.1109846904873848,-0.15052659809589386,-0.267253577709198,0.9453041553497314,1,277111,2302
1786071841,875248024,1,-135.2644805908203,110.34565734863281,-432.6269226074219,,,,,,,,,,277112,2302
1786071841,875248024,,,,,5,-1495.586669921875,1021.8888549804688,-775.8339233398438,0.1111358180642128,-0.15036483108997345,-0.26726821064949036,0.9453077912330627,1,277112,2302
1786071841,883217613,1,-138.89576721191406,110.43054962158203,-430.9100341796875,,,,,,,,,,277113,2302
1786071841,883217613,,,,,5,-1495.7073974609375,1021.9326171875,-775.8233642578125,0.11104118824005127,-0.1498706340789795,-0.2668187618255615,0.9455244541168213,1,277113,2302
1786071841,891180640,1,-142.43588256835938,110.86817932128906,-428.9575500488281,,,,,,,,,,277114,2302
1786071841,891180640,,,,,5,-1495.7225341796875,1021.9539184570312,-775.80322265625,0.11133196204900742,-0.14952607452869415,-0.2679184079170227,0.9452338218688965,1,277114,2302
1786071841,900293227,1,-146.02552795410156,110.7273941040039,-427.2856750488281,,,,,,,,,,277115,2302
1786071841,900293227,,,,,5,-1495.574951171875,1021.8896484375,-775.822265625,0.11109918355941772,-0.1505117565393448,-0.2673056721687317,0.9452781081199646,1,277115,2302
1786071841,908303079,1,-149.80523681640625,110.85047149658203,-425.1731262207031,,,,,,,,,,277116,2302
1786071841,908303079,,,,,5,-1495.5794677734375,1021.8709106445312,-775.8493041992188,0.11117739230394363,-0.15027107298374176,-0.2668794095516205,0.9454278349876404,1,277116,2302
1786071841,917574831,1,-154.1682586669922,109.46993255615234,-425.1852111816406,,,,,,,,,,277117,2302
1786071841,917574831,,,,,5,-1495.684814453125,1021.953125,-775.8321533203125,0.11154758185148239,-0.14974045753479004,-0.2678525745868683,0.9451930522918701,1,277117,2302
1786071841,925052456,1,-156.8834228515625,110.56706237792969,-421.9340515136719,,,,,,,,,,277118,2302
1786071841,925052456,,,,,5,-1495.5797119140625,1021.8876342773438,-775.8195190429688,0.11102131009101868,-0.15037958323955536,-0.26710045337677,0.9453664422035217,1,277118,2302
1786071841,933485395,1,-159.9712677001953,106.43588256835938,-420.2876281738281,,,,,,,,,,277119,2302
1786071841,933485395,,,,,5,-1495.5946044921875,1021.9215087890625,-775.83203125,0.11075256019830704,-0.15047238767147064,-0.2665899395942688,0.9455272555351257,1,277119,2302
1786071841,942014833,1,-165.93014526367188,107.95445251464844,-420.9974060058594,,,,,,,,,,277120,2302
1786071841,942014833,,,,,5,-1495.615234375,1021.8943481445312,-775.86083984375,0.11082606017589569,-0.15056219696998596,-0.26649919152259827,0.9455299377441406,1,277120,2302
1786071841,950076887,1,-166.802978515625,109.36419677734375,-417.07196044921875,,,,,,,,,,277121,2302
1786071841,950076887,,,,,5,-1495.5693359375,1021.8972778320312,-775.8334350585938,0.11082907021045685,-0.15037065744400024,-0.2665780782699585,0.945537805557251,1,277121,2302
1786071841,957947993,1,-170.3130340576172,109.6081314086914,-415.8390808105469,,,,,,,,,,277122,2302
1786071841,957947993,,,,,5,-1495.5677490234375,1021.8738403320312,-775.8383178710938,0.11117273569107056,-0.15031062066555023,-0.2673525810241699,0.9452882409095764,1,277122,2302
1786071841,966926858,1,-173.90452575683594,110.46451568603516,-413.86419677734375,,,,,,,,,,277123,2302
1786071841,966926858,,,,,5,-1495.5628662109375,1021.9020385742188,-775.8229370117188,0.11088008433580399,-0.15058213472366333,-0.2667715549468994,0.9454436898231506,1,277123,2302
1786071841,974922148,1,-177.56944274902344,110.60977172851562,-411.4010925292969,,,,,,,,,,277124,2302
1786071841,974922148,,,,,5,-1495.5758056640625,1021.8936767578125,-775.828857421875,0.11125490814447403,-0.15027350187301636,-0.26694896817207336,0.9453985095024109,1,277124,2302
1786071841,982879254,1,-180.9362335205078,112.0196533203125,-409.4927978515625,,,,,,,,,,277125,2302
1786071841,982879254,,,,,5,-1495.6942138671875,1021.9302978515625,-775.82177734375,0.1115659773349762,-0.14954525232315063,-0.26761361956596375,0.9452895522117615,1,277125,2302
1786071841,991833155,1,-184.38006591796875,113.76495361328125,-406.0628356933594,,,,,,,,,,277126,2302
1786071841,991833155,,,,,5,-1495.544189453125,1021.8804931640625,-775.8677978515625,0.1111682653427124,-0.1503787636756897,-0.26689258217811584,0.9454078674316406,1,277126,2302
1786071841,999790709,1,-187.72010803222656,116.12054443359375,-402.2220153808594,,,,,,,,,,277127,2302
1786071841,999790709,,,,,5,-1495.5789794921875,1021.9091186523438,-775.8142700195312,0.11107318103313446,-0.15043693780899048,-0.26744353771209717,0.9452542662620544,1,277127,2302
1786071842,8823985,1,-190.837646484375,114.87141418457031,-399.6611022949219,,,,,,,,,,277128,2302
1786071842,8823985,,,,,5,-1495.585205078125,1021.8898315429688,-775.8251953125,0.11090338230133057,-0.15055426955223083,-0.26724258065223694,0.9453122615814209,1,277128,2302
1786071842,16814122,1,-194.04318237304688,115.91303253173828,-395.3865051269531,,,,,,,,,,277129,2302
1786071842,16814122,,,,,5,-1495.6834716796875,1021.9390869140625,-775.8042602539062,0.11165282875299454,-0.14968711137771606,-0.2676512598991394,0.9452462196350098,1,277129,2302
1786071842,24770012,1,-199.1869659423828,120.19747924804688,-388.7275390625,,,,,,,,,,277130,2302
1786071842,24770012,,,,,5,-1495.7322998046875,1021.96484375,-775.8172607421875,0.1113336905837059,-0.14964905381202698,-0.26787853240966797,0.9452254772186279,1,277130,2302
1786071842,33678048,1,-204.18350219726562,127.1515884399414,-382.514404296875,,,,,,,,,,277131,2302
1786071842,33678048,,,,,5,-1495.6009521484375,1021.9100952148438,-775.8275756835938,0.11088062077760696,-0.15024860203266144,-0.2675285339355469,0.9452826976776123,1,277131,2302
1786071842,41637043,1,-207.5030975341797,128.35093688964844,-377.90814208984375,,,,,,,,,,277132,2302
1786071842,41637043,,,,,5,-1495.5626220703125,1021.8800048828125,-775.8350830078125,0.11128076910972595,-0.15016917884349823,-0.26745709776878357,0.9452685713768005,1,277132,2302
1786071842,49634861,1,-210.64720153808594,128.12783813476562,-373.4750671386719,,,,,,,,,,277133,2302
1786071842,49634861,,,,,5,-1495.58837890625,1021.8671875,-775.845703125,0.11094836890697479,-0.15016765892505646,-0.267171174287796,0.945388674736023,1,277133,2302
1786071842,58652582,1,-213.3784637451172,126.63508605957031,-369.52764892578125,,,,,,,,,,277134,2302
1786071842,58652582,,,,,5,-1495.581298828125,1021.9099731445312,-775.8312377929688,0.11098214983940125,-0.1504395306110382,-0.26703888177871704,0.945378839969635,1,277134,2302
1786071842,66631644,1,-214.71461486816406,113.46465301513672,-388.5351867675781,,,,,,,,,,277135,2302
1786071842,66631644,,,,,5,-1495.575439453125,1021.8748168945312,-775.832275390625,0.11111938953399658,-0.15028642117977142,-0.26696839928627014,0.9454070329666138,1,277135,2302
1786071842,74642648,1,-218.17515563964844,113.80089569091797,-385.6506652832031,,,,,,,,,,277136,2302
1786071842,74642648,,,,,5,-1495.5953369140625,1021.8981323242188,-775.8362426757812,0.11095859855413437,-0.15020661056041718,-0.2668774724006653,0.9454641938209534,1,277136,2302
1786071842,83649519,1,-221.44508361816406,113.1667251586914,-380.2554626464844,,,,,,,,,,277137,2302
1786071842,83649519,,,,,5,-1495.5941162109375,1021.9053955078125,-775.8164672851562,0.11095768213272095,-0.15026640892028809,-0.267394095659256,0.9453088641166687,1,277137,2302
1786071842,91526483,1,-224.93299865722656,121.69391632080078,-375.35430908203125,,,,,,,,,,277138,2302
1786071842,91526483,,,,,5,-1495.5972900390625,1021.9026489257812,-775.818359375,0.11088745296001434,-0.1504562795162201,-0.26705875992774963,0.9453817009925842,1,277138,2302
1786071842,99530382,1,-228.70394897460938,116.90156555175781,-374.8846740722656,,,,,,,,,,277139,2302
1786071842,99530382,,,,,5,-1495.577392578125,1021.8756103515625,-775.8589477539062,0.11097224056720734,-0.15044917166233063,-0.2664499580860138,0.9455446600914001,1,277139,2302
1786071842,111086594,1,-232.09056091308594,114.15022277832031,-374.9778137207031,,,,,,,,,,277140,2302
1786071842,111086594,,,,,5,-1495.5816650390625,1021.8955078125,-775.8018188476562,0.11077449470758438,-0.15026268362998962,-0.2667502164840698,0.9455127716064453,1,277140,2302
1786071842,116397189,1,-235.81103515625,113.4224624633789,-372.79705810546875,,,,,,,,,,277141,2302
1786071842,116397189,,,,,5,-1495.6025390625,1021.8988647460938,-775.799560546875,0.11093330383300781,-0.15042708814144135,-0.2673700451850891,0.9452930092811584,1,277141,2302
1786071842,125422879,1,-219.41664123535156,149.88247680664062,-314.01593017578125,,,,,,,,,,277142,2302
1786071842,125422879,,,,,5,-1495.6751708984375,1021.9446411132812,-775.7998657226562,0.11125611513853073,-0.14959220588207245,-0.26761874556541443,0.9453171491622925,1,277142,2302
1786071842,133374384,,,,,5,-1495.5899658203125,1021.9115600585938,-775.825439453125,0.11097371578216553,-0.1506427377462387,-0.26687315106391907,0.9453943371772766,1,277143,2302
1786071842,141369097,1,-246.00906372070312,103.04530334472656,-388.3802795410156,,,,,,,,,,277144,2302
1786071842,141369097,,,,,5,-1495.5794677734375,1021.8699340820312,-775.8115844726562,0.11068651080131531,-0.15065233409404755,-0.266951322555542,0.9454042911529541,1,277144,2302
1786071842,150380737,1,-250.4312286376953,100.71700286865234,-386.65435791015625,,,,,,,,,,277145,2302
1786071842,150380737,,,,,5,-1495.5830078125,1021.91455078125,-775.8297729492188,0.11074959486722946,-0.15033146739006042,-0.2666124999523163,0.9455435872077942,1,277145,2302
1786071842,158320688,1,-254.69094848632812,99.44403076171875,-385.99267578125,,,,,,,,,,277146,2302
1786071842,158320688,,,,,5,-1495.5875244140625,1021.8721923828125,-775.8362426757812,0.11115951091051102,-0.1504102498292923,-0.2677651643753052,0.9451572895050049,1,277146,2302
1786071842,166314569,1,-259.1410217285156,99.47810363769531,-384.29156494140625,,,,,,,,,,277147,2302
1786071842,166314569,,,,,5,-1495.5645751953125,1021.8980712890625,-775.8546752929688,0.11054185032844543,-0.15050803124904633,-0.26635420322418213,0.9456126689910889,1,277147,2302
1786071842,175250547,1,-263.0810241699219,99.87982940673828,-383.3891296386719,,,,,,,,,,277148,2302
1786071842,175250547,,,,,5,-1495.6063232421875,1021.91552734375,-775.8359375,0.11082745343446732,-0.1503305733203888,-0.26711153984069824,0.9453938007354736,1,277148,2302
1786071842,183596622,1,-266.8351745605469,99.92818450927734,-382.2367858886719,,,,,,,,,,277149,2302
1786071842,183596622,,,,,5,-1495.5982666015625,1021.89697265625,-775.8187255859375,0.11099985986948013,-0.15051135420799255,-0.2666257619857788,0.9454819560050964,1,277149,2302
1786071842,191131281,1,-272.1275634765625,120.95187377929688,-352.712158203125,,,,,,,,,,277150,2302
1786071842,191131281,,,,,5,-1495.5867919921875,1021.9274291992188,-775.8460083007812,0.11091037094593048,-0.1505441963672638,-0.2666783332824707,0.9454723596572876,1,277150,2302
1786071842,200127782,,,,,5,-1495.5654296875,1021.8806762695312,-775.8309936523438,0.11066973209381104,-0.15048819780349731,-0.26635241508483887,0.9456012845039368,1,277151,2302
1786071842,208089433,,,,,5,-1495.6925048828125,1021.9109497070312,-775.78369140625,0.11158442497253418,-0.14974087476730347,-0.26789146661758423,0.9451776742935181,1,277152,2302
1786071842,217129911,,,,,5,-1495.5565185546875,1021.9071655273438,-775.8380737304688,0.11112412810325623,-0.15015730261802673,-0.2668890058994293,0.9454494118690491,1,277153,2302
1786071842,225150197,,,,,5,-1495.682373046875,1021.9227905273438,-775.7906494140625,0.1113722026348114,-0.14989975094795227,-0.26796287298202515,0.9451572299003601,1,277154,2302
1786071842,233054429,,,,,5,-1495.5560302734375,1021.8601684570312,-775.8287963867188,0.11054801940917969,-0.1507781744003296,-0.2664750814437866,0.945534884929657,1,277155,2302
1786071842,242036527,,,,,5,-1495.6939697265625,1021.9168090820312,-775.7717895507812,0.111287422478199,-0.14982642233371735,-0.2680585980415344,0.945151686668396,1,277156,2302
1786071842,250120922,,,,,5,-1495.585205078125,1021.88427734375,-775.8113403320312,0.11080445349216461,-0.15064135193824768,-0.26701536774635315,0.9453741908073425,1,277157,2302
1786071842,257924751,1,-281.23388671875,98.92010498046875,-376.39398193359375,,,,,,,,,,277158,2302
1786071842,257924751,,,,,5,-1495.607421875,1021.8908081054688,-775.8128051757812,0.11072669178247452,-0.15076641738414764,-0.26700735092163086,0.9453656673431396,1,277158,2302
1786071842,267263364,1,-281.34747314453125,99.15264892578125,-375.91162109375,,,,,,,,,,277159,2302
1786071842,267263364,,,,,5,-1495.5859375,1021.8978881835938,-775.8483276367188,0.11113476753234863,-0.150372713804245,-0.2673470675945282,0.9452844858169556,1,277159,2302
1786071842,274813994,1,-281.09527587890625,99.07014465332031,-375.78717041015625,,,,,,,,,,277160,2302
1786071842,274813994,,,,,5,-1495.5782470703125,1021.9187622070312,-775.8346557617188,0.11086591333150864,-0.15031121671199799,-0.2671666145324707,0.9453768730163574,1,277160,2302
1786071842,283252919,1,-280.4697265625,98.45317840576172,-375.4588928222656,,,,,,,,,,277161,2302
1786071842,283252919,,,,,5,-1495.5665283203125,1021.8661499023438,-775.8377075195312,0.11095423251390457,-0.15033739805221558,-0.26696181297302246,0.9454201459884644,1,277161,2302
1786071842,291865284,1,-281.2575988769531,117.61674499511719,-348.898193359375,,,,,,,,,,277162,2302
1786071842,291865284,,,,,5,-1495.5819091796875,1021.8590698242188,-775.8336791992188,0.11091922968626022,-0.15038461983203888,-0.2670036554336548,0.9454048871994019,1,277162,2302
1786071842,300133584,,,,,5,-1495.5557861328125,1021.84765625,-775.8035278320312,0.11093730479478836,-0.15058371424674988,-0.26713207364082336,0.945334792137146,1,277163,2302
1786071842,307785769,,,,,5,-1495.5933837890625,1021.8976440429688,-775.80322265625,0.11080302298069,-0.15061162412166595,-0.26696327328681946,0.9453938603401184,1,277164,2302
1786071842,316882033,,,,,5,-1495.5673828125,1021.91943359375,-775.8334350585938,0.11101378500461578,-0.15056346356868744,-0.2671029269695282,0.9453373551368713,1,277165,2302
1786071842,324792827,,,,,5,-1495.695068359375,1021.9425659179688,-775.7741088867188,0.11130864173173904,-0.14985783398151398,-0.26769280433654785,0.9452479481697083,1,277166,2302
1786071842,333713698,,,,,5,-1495.60009765625,1021.8933715820312,-775.8538208007812,0.11112700402736664,-0.15019303560256958,-0.26723766326904297,0.9453448057174683,1,277167,2302
1786071842,341670132,,,,,5,-1495.550048828125,1021.8634033203125,-775.8246459960938,0.11099360883235931,-0.15047135949134827,-0.26698464155197144,0.9453877210617065,1,277168,2302
1786071842,349762367,,,,,5,-1495.5904541015625,1021.8985595703125,-775.79638671875,0.11076969653367996,-0.15060406923294067,-0.26668399572372437,0.9454778432846069,1,277169,2302
1786071842,358631548,,,,,5,-1495.58056640625,1021.9154663085938,-775.829833984375,0.11107705533504486,-0.1504431515932083,-0.26718464493751526,0.9453259706497192,1,277170,2302
1786071842,366643001,1,-268.54376220703125,122.13741302490234,-339.1768798828125,,,,,,,,,,277171,2302
1786071842,366643001,,,,,5,-1495.6844482421875,1021.8941650390625,-775.7777709960938,0.11164932698011398,-0.1496998518705368,-0.2680659592151642,0.9451270699501038,1,277171,2302
1786071842,374538880,1,-266.5450134277344,122.84368896484375,-337.87969970703125,,,,,,,,,,277172,2302
1786071842,374538880,,,,,5,-1495.5921630859375,1021.8990478515625,-775.8287963867188,0.11090564727783203,-0.15040089190006256,-0.26715001463890076,0.9453625082969666,1,277172,2302
1786071842,383535605,,,,,5,-1495.5963134765625,1021.8912353515625,-775.8436889648438,0.1107320562005043,-0.15039491653442383,-0.26663506031036377,0.9455292224884033,1,277173,2302
1786071842,391508682,,,,,5,-1495.5975341796875,1021.9022827148438,-775.8392944335938,0.11088934540748596,-0.1504455953836441,-0.2666724920272827,0.9454923272132874,1,277174,2302
1786071842,400034151,,,,,5,-1495.5670166015625,1021.8990478515625,-775.8148803710938,0.11061316728591919,-0.1506219506263733,-0.2663368284702301,0.9455912113189697,1,277175,2302
1786071842,408607020,,,,,5,-1495.55859375,1021.8546142578125,-775.8273315429688,0.11095937341451645,-0.15056830644607544,-0.26656636595726013,0.9454944133758545,1,277176,2302
1786071842,416512789,,,,,5,-1495.569580078125,1021.8704223632812,-775.839111328125,0.11098489165306091,-0.150436133146286,-0.2668640911579132,0.9454284310340881,1,277177,2302
1786071842,424488299,1,-256.1895446777344,87.71038055419922,-349.0462646484375,,,,,,,,,,277178,2302
1786071842,424488299,,,,,5,-1495.550048828125,1021.85693359375,-775.85205078125,0.11084261536598206,-0.15050388872623444,-0.266853928565979,0.9454372525215149,1,277178,2302
1786071842,433529288,1,-222.9966278076172,141.64254760742188,-274.69683837890625,,,,,,,,,,277179,2302
1786071842,433529288,,,,,5,-1495.5943603515625,1021.8983764648438,-775.8416137695312,0.1108265072107315,-0.15039300918579102,-0.2668064534664154,0.9454700946807861,1,277179,2302
1786071842,441613682,,,,,5,-1495.6834716796875,1021.9330444335938,-775.8140869140625,0.11145775765180588,-0.14958786964416504,-0.2674841582775116,0.9453322291374207,1,277180,2303
1786071842,449920582,,,,,5,-1495.5252685546875,1021.8475952148438,-775.8397216796875,0.11098851263523102,-0.15051327645778656,-0.2666414976119995,0.9454784989356995,1,277181,2303
1786071842,458436321,1,-237.92172241210938,115.45487976074219,-338.9719543457031,,,,,,,,,,277182,2303
1786071842,458436321,,,,,5,-1495.5665283203125,1021.8717651367188,-775.8214111328125,0.11128991842269897,-0.15035781264305115,-0.2674286365509033,0.9452455043792725,1,277182,2303
1786071842,466454046,,,,,5,-1495.6920166015625,1021.9586791992188,-775.8054809570312,0.111509770154953,-0.14960558712482452,-0.26808974146842957,0.945151686668396,1,277183,2303
1786071842,475478616,,,,,5,-1495.555908203125,1021.8756103515625,-775.8436889648438,0.11108949780464172,-0.15039479732513428,-0.2668437659740448,0.9454284906387329,1,277184,2303
1786071842,485671309,,,,,5,-1495.5540771484375,1021.8590698242188,-775.8531494140625,0.11093513667583466,-0.1505810022354126,-0.2669917345046997,0.9453752636909485,1,277185,2303
1786071842,491285513,,,,,5,-1495.5400390625,1021.8836059570312,-775.84326171875,0.11073524504899979,-0.15071779489517212,-0.2667367458343506,0.9454487562179565,1,277186,2303
1786071842,500312452,1,-226.15342712402344,127.36495208740234,-320.1014099121094,,,,,,,,,,277187,2303
1786071842,500312452,,,,,5,-1495.5865478515625,1021.8590087890625,-775.8698120117188,0.11127534508705139,-0.1502186357975006,-0.26708218455314636,0.9453672170639038,1,277187,2303
1786071842,509178240,1,-223.57379150390625,127.34923553466797,-319.4403076171875,,,,,,,,,,277188,2303
1786071842,509178240,,,,,5,-1495.5863037109375,1021.85302734375,-775.8673706054688,0.1111111268401146,-0.15034621953964233,-0.26672396063804626,0.9454674124717712,1,277188,2303
1786071842,516709507,1,-231.4996337890625,92.02376556396484,-337.9444580078125,,,,,,,,,,277189,2303
1786071842,516709507,,,,,5,-1495.5643310546875,1021.8591918945312,-775.8176879882812,0.1109912097454071,-0.150532066822052,-0.266923725605011,0.9453957080841064,1,277189,2303
1786071842,525234271,,,,,5,-1495.712890625,1021.9276733398438,-775.8041381835938,0.11120469868183136,-0.1497819870710373,-0.2680170238018036,0.945180356502533,1,277190,2303
1786071842,533268352,1,-216.3700714111328,125.00950622558594,-319.9625549316406,,,,,,,,,,277191,2303
1786071842,533268352,,,,,5,-1495.5703125,1021.8903198242188,-775.8147583007812,0.11088491231203079,-0.15068061649799347,-0.26702678203582764,0.9453553557395935,1,277191,2303
1786071842,541207567,,,,,5,-1495.5699462890625,1021.9000854492188,-775.7894897460938,0.11092749238014221,-0.15065710246562958,-0.26725950837135315,0.9452882409095764,1,277192,2303
1786071842,550187009,,,,,5,-1495.582275390625,1021.8898315429688,-775.8390502929688,0.11103469878435135,-0.15023194253444672,-0.267183780670166,0.9453647136688232,1,277193,2303
1786071842,558099691,,,,,5,-1495.5859375,1021.8970947265625,-775.8046875,0.11102470755577087,-0.15053102374076843,-0.2672649323940277,0.9452953934669495,1,277194,2303
1786071842,567054616,1,-204.3739776611328,105.13735961914062,-343.8063659667969,,,,,,,,,,277195,2303
1786071842,567054616,,,,,5,-1495.5799560546875,1021.8726806640625,-775.8373413085938,0.11109715700149536,-0.1502951830625534,-0.26717689633369446,0.9453493356704712,1,277195,2303
1786071842,575301824,1,-202.18927001953125,105.65464782714844,-342.7177734375,,,,,,,,,,277196,2303
1786071842,575301824,,,,,5,-1495.6243896484375,1021.8953247070312,-775.8392333984375,0.11087016761302948,-0.1505497694015503,-0.2671525180339813,0.9453423023223877,1,277196,2303
1786071842,583044362,1,-200.29563903808594,105.76830291748047,-342.3840026855469,,,,,,,,,,277197,2303
1786071842,583044362,,,,,5,-1495.6063232421875,1021.9035034179688,-775.8373413085938,0.11100771278142929,-0.15045887231826782,-0.26721489429473877,0.94532310962677,1,277197,2303
1786071842,591988181,1,-198.66400146484375,106.64086151123047,-340.8038330078125,,,,,,,,,,277198,2303
1786071842,591988181,,,,,5,-1495.7357177734375,1021.970703125,-775.7833251953125,0.11145692318677902,-0.14964021742343903,-0.26809921860694885,0.9451496601104736,1,277198,2303
1786071842,600389339,1,-196.81695556640625,105.86366271972656,-341.0516357421875,,,,,,,,,,277199,2303
1786071842,600389339,,,,,5,-1495.580078125,1021.86962890625,-775.8263549804688,0.11089279502630234,-0.15032416582107544,-0.26720064878463745,0.9453619122505188,1,277199,2303
1786071842,607946914,1,-198.50962829589844,124.06156921386719,-317.3211364746094,,,,,,,,,,277200,2303
1786071842,607946914,,,,,5,-1495.6119384765625,1021.89990234375,-775.8186645507812,0.11090263724327087,-0.15038493275642395,-0.2673107087612152,0.9453200697898865,1,277200,2303
1786071842,616929141,1,-193.5780792236328,106.37980651855469,-340.2355041503906,,,,,,,,,,277201,2303
1786071842,616929141,,,,,5,-1495.5963134765625,1021.8951416015625,-775.8448486328125,0.11067603528499603,-0.150344118475914,-0.2664659917354584,0.9455915093421936,1,277201,2303
1786071842,624878854,1,-195.15594482421875,123.69121551513672,-317.5257263183594,,,,,,,,,,277202,2303
1786071842,624878854,,,,,5,-1495.6988525390625,1021.9506225585938,-775.7611694335938,0.11111080646514893,-0.14990222454071045,-0.26734307408332825,0.9453631639480591,1,277202,2303
1786071842,633181721,,,,,5,-1495.5660400390625,1021.8886108398438,-775.8311157226562,0.1111973449587822,-0.15028488636016846,-0.2671002447605133,0.9453608989715576,1,277203,2303
1786071842,641854865,,,,,5,-1495.58154296875,1021.89892578125,-775.8026123046875,0.11095535010099411,-0.15055787563323975,-0.2670564353466034,0.9453582167625427,1,277204,2303
1786071842,649918775,1,-187.62667846679688,106.4818344116211,-340.9090270996094,,,,,,,,,,277205,2303
1786071842,649918775,,,,,5,-1495.5970458984375,1021.9061889648438,-775.8316040039062,0.11091610789299011,-0.15044789016246796,-0.26675015687942505,0.9454666972160339,1,277205,2303
1786071842,658129625,1,-186.32077026367188,107.14300537109375,-340.627685546875,,,,,,,,,,277206,2303
1786071842,658129625,,,,,5,-1495.5870361328125,1021.9114379882812,-775.8560180664062,0.11068625748157501,-0.15040791034698486,-0.26617738604545593,0.9456614851951599,1,277206,2303
1786071842,666964304,1,-188.09869384765625,123.44532012939453,-319.74468994140625,,,,,,,,,,277207,2303
1786071842,666964304,,,,,5,-1495.5411376953125,1021.87255859375,-775.8619995117188,0.11098594218492508,-0.15020477771759033,-0.26690971851348877,0.9454522132873535,1,277207,2303
1786071842,675104388,,,,,5,-1495.5474853515625,1021.8627319335938,-775.81201171875,0.11097411066293716,-0.1504671424627304,-0.26689979434013367,0.9454146027565002,1,277208,2303
1786071842,682740090,,,,,5,-1495.5687255859375,1021.8861694335938,-775.8602294921875,0.11127007007598877,-0.1501835733652115,-0.2671143710613251,0.9453644156455994,1,277209,2303
1786071842,691783320,,,,,5,-1495.5924072265625,1021.9080200195312,-775.8033447265625,0.11111669987440109,-0.1504209041595459,-0.26751431822776794,0.945231556892395,1,277210,2303
1786071842,699835740,1,-180.49412536621094,106.61803436279297,-346.701904296875,,,,,,,,,,277211,2303
1786071842,699835740,,,,,5,-1495.5838623046875,1021.9544067382812,-775.8524780273438,0.11051272600889206,-0.15059953927993774,-0.2655712068080902,0.9458218216896057,1,277211,2303
1786071842,708711482,1,-182.53237915039062,123.39314270019531,-325.8475341796875,,,,,,,,,,277212,2303
1786071842,708711482,,,,,5,-1495.577392578125,1021.8570556640625,-775.8350830078125,0.11079217493534088,-0.15059836208820343,-0.266417533159256,0.9455511569976807,1,277212,2303
1786071842,716619620,,,,,5,-1495.585205078125,1021.8722534179688,-775.8065795898438,0.11089673638343811,-0.15071648359298706,-0.26703372597694397,0.9453462362289429,1,277213,2303
1786071842,724891857,1,-177.85357666015625,106.25605010986328,-351.5201110839844,,,,,,,,,,277214,2303
1786071842,724891857,,,,,5,-1495.556396484375,1021.8977661132812,-775.8219604492188,0.11125229299068451,-0.15040723979473114,-0.26688411831855774,0.9453960061073303,1,277214,2303
1786071842,733711781,1,-176.94561767578125,106.46622467041016,-353.2174072265625,,,,,,,,,,277215,2303
1786071842,733711781,,,,,5,-1495.5675048828125,1021.8792114257812,-775.8448486328125,0.11051354557275772,-0.15071287751197815,-0.26600784063339233,0.9456807971000671,1,277215,2303
1786071842,741482772,1,-176.04010009765625,107.27532958984375,-353.87335205078125,,,,,,,,,,277216,2303
1786071842,741482772,,,,,5,-1495.58984375,1021.8837890625,-775.8392944335938,0.11136344075202942,-0.15018276870250702,-0.2673664689064026,0.9452822208404541,1,277216,2303
1786071842,749499922,1,-176.86851501464844,118.38166046142578,-341.083740234375,,,,,,,,,,277217,2303
1786071842,749499922,,,,,5,-1495.5814208984375,1021.89990234375,-775.8384399414062,0.11074408143758774,-0.15057168900966644,-0.2664202153682709,0.9455602765083313,1,277217,2303
1786071842,758534286,1,-177.16062927246094,120.9816665649414,-334.9073181152344,,,,,,,,,,277218,2303
1786071842,758534286,,,,,5,-1495.685302734375,1021.9343872070312,-775.7667846679688,0.111271433532238,-0.15000620484352112,-0.2676543891429901,0.9452396631240845,1,277218,2303
1786071842,766682660,1,-176.09002685546875,120.61894226074219,-337.646728515625,,,,,,,,,,277219,2303
1786071842,766682660,,,,,5,-1495.5447998046875,1021.8544311523438,-775.81298828125,0.1112385243177414,-0.1504942625761032,-0.267509788274765,0.945206880569458,1,277219,2303
1786071842,775442700,1,-175.02029418945312,120.28659057617188,-340.4637756347656,,,,,,,,,,277220,2303
1786071842,775442700,,,,,5,-1495.5826416015625,1021.9083862304688,-775.82080078125,0.11086572706699371,-0.15047036111354828,-0.26694050431251526,0.9454154372215271,1,277220,2303
1786071842,783404576,1,-174.07620239257812,120.01180267333984,-343.0910949707031,,,,,,,,,,277221,2303
1786071842,783404576,,,,,5,-1495.558837890625,1021.8859252929688,-775.8018188476562,0.1107342466711998,-0.1505126804113388,-0.2663111686706543,0.9456015825271606,1,277221,2303
1786071842,791324235,1,-173.10739135742188,119.95498657226562,-345.7272033691406,,,,,,,,,,277222,2303
1786071842,791324235,,,,,5,-1495.575439453125,1021.87353515625,-775.8390502929688,0.1111193597316742,-0.15044325590133667,-0.2666643559932709,0.9454678297042847,1,277222,2303
1786071842,800491904,1,-172.07962036132812,119.75122833251953,-348.2750549316406,,,,,,,,,,277223,2303
1786071842,800491904,,,,,5,-1495.6976318359375,1021.95849609375,-775.7623901367188,0.1114148497581482,-0.1497131735086441,-0.26799604296684265,0.9451723694801331,1,277223,2303
1786071842,808105586,1,-171.21192932128906,119.44355010986328,-350.7691650390625,,,,,,,,,,277224,2303
1786071842,808105586,,,,,5,-1495.61767578125,1021.9066772460938,-775.8312377929688,0.11083865910768509,-0.15064458549022675,-0.2669009566307068,0.9454020261764526,1,277224,2303
1786071842,816279437,1,-170.48060607910156,119.00737762451172,-353.40313720703125,,,,,,,,,,277225,2303
1786071842,816279437,,,,,5,-1495.602783203125,1021.8806762695312,-775.8152465820312,0.11073226481676102,-0.15062624216079712,-0.2668030261993408,0.9454449415206909,1,277225,2303
1786071842,825290436,1,-171.4415283203125,111.5235366821289,-364.37310791015625,,,,,,,,,,277226,2303
1786071842,825290436,,,,,5,-1495.588623046875,1021.88818359375,-775.8292846679688,0.110716313123703,-0.15050546824932098,-0.26681771874427795,0.9454619884490967,1,277226,2303
1786071842,833300673,1,-170.98922729492188,104.30845642089844,-376.3608093261719,,,,,,,,,,277227,2303
1786071842,833300673,,,,,5,-1495.59375,1021.8970947265625,-775.83544921875,0.11059606075286865,-0.15053881704807281,-0.2666577100753784,0.9455158710479736,1,277227,2303
1786071842,841239055,1,-168.98208618164062,104.86170959472656,-380.9187927246094,,,,,,,,,,277228,2303
1786071842,841239055,,,,,5,-1495.5899658203125,1021.8606567382812,-775.8297729492188,0.11040458083152771,-0.15060602128505707,-0.26624035835266113,0.945645272731781,1,277228,2303
1786071842,850229667,1,-167.50279235839844,117.63475799560547,-367.0096740722656,,,,,,,,,,277229,2303
1786071842,850229667,,,,,5,-1495.5848388671875,1021.8995361328125,-775.8054809570312,0.11075545847415924,-0.15067781507968903,-0.2670714855194092,0.9453582763671875,1,277229,2303
1786071842,858122569,1,-167.47486877441406,126.75624084472656,-354.5507507324219,,,,,,,,,,277230,2303
1786071842,858122569,,,,,5,-1495.5960693359375,1021.8876953125,-775.8265991210938,0.11077762395143509,-0.1505591720342636,-0.26728883385658264,0.9453132152557373,1,277230,2303
1786071842,866172493,1,-166.1480712890625,127.61624908447266,-358.176513671875,,,,,,,,,,277231,2303
1786071842,866172493,,,,,5,-1495.5721435546875,1021.8718872070312,-775.825927734375,0.11053740978240967,-0.15079550445079803,-0.2661835551261902,0.9456154704093933,1,277231,2303
1786071842,875125850,,,,,5,-1495.5670166015625,1021.8566284179688,-775.8406982421875,0.11094681918621063,-0.1504707634449005,-0.2670866847038269,0.9453645348548889,1,277232,2303
1786071842,883381476,,,,,5,-1495.5899658203125,1021.8998413085938,-775.8358154296875,0.11077070981264114,-0.1504279375076294,-0.26699694991111755,0.9454173445701599,1,277233,2303
1786071842,891259336,,,,,5,-1495.5943603515625,1021.8839111328125,-775.8245239257812,0.110763318836689,-0.15059728920459747,-0.26711106300354004,0.9453590512275696,1,277234,2303
1786071842,900127781,1,-165.2192840576172,105.19048309326172,-403.40191650390625,,,,,,,,,,277235,2303
1786071842,900127781,,,,,5,-1495.587890625,1021.8961791992188,-775.830078125,0.1107546016573906,-0.15047653019428253,-0.26680994033813477,0.9454641938209534,1,277235,2303
1786071842,908155044,1,-166.08322143554688,105.43985748291016,-404.9641418457031,,,,,,,,,,277236,2303
1786071842,908155044,,,,,5,-1495.5731201171875,1021.8826293945312,-775.8182983398438,0.11068163067102432,-0.15062062442302704,-0.2670346796512604,0.945386528968811,1,277236,2303
1786071842,917101424,1,-165.4792938232422,105.65485382080078,-408.69195556640625,,,,,,,,,,277237,2303
1786071842,917101424,,,,,5,-1495.57861328125,1021.8800659179688,-775.811767578125,0.11081547290086746,-0.15076395869255066,-0.26708465814590454,0.9453337788581848,1,277237,2303
1786071842,925019963,1,-165.03224182128906,105.72289276123047,-412.5395202636719,,,,,,,,,,277238,2303
1786071842,925019963,,,,,5,-1495.568115234375,1021.9088745117188,-775.8712158203125,0.11080875992774963,-0.15056255459785461,-0.2665874660015106,0.9455071091651917,1,277238,2303
1786071842,933248096,1,-164.6465301513672,105.7131576538086,-416.709228515625,,,,,,,,,,277239,2303
1786071842,933248096,,,,,5,-1495.5633544921875,1021.8916015625,-775.8088989257812,0.11081443727016449,-0.15064264833927155,-0.26698440313339233,0.9453815817832947,1,277239,2303
1786071842,941949085,1,-164.11227416992188,106.12789916992188,-420.490234375,,,,,,,,,,277240,2303
1786071842,941949085,,,,,5,-1495.6756591796875,1021.9752197265625,-775.7692260742188,0.11113019287586212,-0.14981324970722198,-0.2671166956424713,0.9454390406608582,1,277240,2303
1786071842,950238158,1,-160.74951171875,113.32029724121094,-414.68280029296875,,,,,,,,,,277241,2303
1786071842,950238158,,,,,5,-1495.5914306640625,1021.9169311523438,-775.8272705078125,0.1107545718550682,-0.15049035847187042,-0.26635271310806274,0.9455910921096802,1,277241,2303
1786071842,958422154,1,-160.43112182617188,112.70506286621094,-419.66241455078125,,,,,,,,,,277242,2303
1786071842,958422154,,,,,5,-1495.5687255859375,1021.8724975585938,-775.8224487304688,0.11062329262495041,-0.15056049823760986,-0.26699090003967285,0.9454152584075928,1,277242,2303
1786071842,967287719,1,-160.10409545898438,112.23761749267578,-424.6036682128906,,,,,,,,,,277243,2303
1786071842,967287719,,,,,5,-1495.6932373046875,1021.9244384765625,-775.8217163085938,0.11123046278953552,-0.14965994656085968,-0.26737067103385925,0.9453796744346619,1,277243,2303
1786071842,974884406,1,-159.9661102294922,111.6364517211914,-429.5347900390625,,,,,,,,,,277244,2303
1786071842,974884406,,,,,5,-1495.6116943359375,1021.88037109375,-775.8605346679688,0.11084246635437012,-0.1500304937362671,-0.2669239044189453,0.945492684841156,1,277244,2303
1786071842,982873806,1,-159.5613250732422,111.77265930175781,-434.29888916015625,,,,,,,,,,277245,2303
1786071842,982873806,,,,,5,-1495.5968017578125,1021.8881225585938,-775.8087768554688,0.11066620796918869,-0.15064875781536102,-0.2669563591480255,0.945405900478363,1,277245,2303
1786071842,991884646,1,-159.2491455078125,111.12232208251953,-439.1991271972656,,,,,,,,,,277246,2303
1786071842,991884646,,,,,5,-1495.5506591796875,1021.8761596679688,-775.80810546875,0.11076942086219788,-0.15056003630161285,-0.26624739170074463,0.9456079006195068,1,277246,2303
1786071842,999916998,1,-159.9460906982422,109.57012176513672,-443.67822265625,,,,,,,,,,277247,2303
1786071842,999916998,,,,,5,-1495.666748046875,1021.9267578125,-775.7503662109375,0.11143546551465988,-0.14962945878505707,-0.26797163486480713,0.9451901912689209,1,277247,2303
1786071843,8688849,1,-159.90069580078125,110.09688568115234,-447.1176452636719,,,,,,,,,,277248,2303
1786071843,8688849,,,,,5,-1495.551513671875,1021.9014892578125,-775.7994995117188,0.11058266460895538,-0.15050937235355377,-0.26630261540412903,0.9456222057342529,1,277248,2303
1786071843,16766298,1,-159.5792236328125,112.05821228027344,-450.67950439453125,,,,,,,,,,277249,2303
1786071843,16766298,,,,,5,-1495.5703125,1021.9291381835938,-775.8222045898438,0.1107906624674797,-0.1505242884159088,-0.26628127694129944,0.9456014633178711,1,277249,2303
1786071843,24770581,1,-158.99319458007812,110.84497833251953,-455.5895690917969,,,,,,,,,,277250,2303
1786071843,24770581,,,,,5,-1495.735595703125,1021.9544067382812,-775.7770385742188,0.11106550693511963,-0.14987267553806305,-0.2672353684902191,0.9454036355018616,1,277250,2303
1786071843,33765577,1,-159.1597442626953,110.53271484375,-460.0299377441406,,,,,,,,,,277251,2303
1786071843,33765577,,,,,5,-1495.5867919921875,1021.8777465820312,-775.8283081054688,0.11054760962724686,-0.15067356824874878,-0.2667383551597595,0.9454774260520935,1,277251,2303
1786071843,41903678,1,-158.9506378173828,110.14352416992188,-465.772216796875,,,,,,,,,,277252,2303
1786071843,41903678,,,,,5,-1495.5550537109375,1021.8851928710938,-775.7951049804688,0.11070513725280762,-0.15056568384170532,-0.26677578687667847,0.9454655051231384,1,277252,2303
1786071843,49670220,1,-159.38034057617188,109.75082397460938,-471.4447021484375,,,,,,,,,,277253,2303
1786071843,49670220,,,,,5,-1495.568603515625,1021.8881225585938,-775.7843627929688,0.11075811088085175,-0.15065564215183258,-0.2670714855194092,0.9453615546226501,1,277253,2303
1786071843,58603957,1,-159.07669067382812,109.57870483398438,-475.21160888671875,,,,,,,,,,277254,2303
1786071843,58603957,,,,,5,-1495.5916748046875,1021.8954467773438,-775.8170776367188,0.11085662990808487,-0.15086302161216736,-0.26673880219459534,0.9454107284545898,1,277254,2303
1786071843,66616690,1,-159.2264862060547,108.88764953613281,-477.7533264160156,,,,,,,,,,277255,2303
1786071843,66616690,,,,,5,-1495.5933837890625,1021.8788452148438,-775.8139038085938,0.11098090559244156,-0.15059758722782135,-0.26716387271881104,0.9453185200691223,1,277255,2303
1786071843,74685561,1,-159.05023193359375,108.50201416015625,-482.9960021972656,,,,,,,,,,277256,2303
1786071843,74685561,,,,,5,-1495.5701904296875,1021.86181640625,-775.8068237304688,0.11106943339109421,-0.15036626160144806,-0.26727476716041565,0.9453136324882507,1,277256,2303
1786071843,83577851,1,-159.07891845703125,108.19770050048828,-485.4038391113281,,,,,,,,,,277257,2303
1786071843,83577851,,,,,5,-1495.5576171875,1021.8738403320312,-775.8226318359375,0.11108214408159256,-0.15033777058124542,-0.2670324444770813,0.9453851580619812,1,277257,2303
1786071843,91516650,1,-159.31442260742188,109.35064697265625,-490.7607116699219,,,,,,,,,,277258,2303
1786071843,91516650,,,,,5,-1495.5921630859375,1021.8790893554688,-775.8211669921875,0.11077214032411575,-0.15059933066368103,-0.2670707404613495,0.9453690648078918,1,277258,2303
1786071843,99478685,1,-159.32139587402344,109.0353012084961,-495.3394470214844,,,,,,,,,,277259,2303
1786071843,99478685,,,,,5,-1495.5972900390625,1021.8878173828125,-775.824462890625,0.11077508330345154,-0.15077964961528778,-0.2670636475086212,0.9453420639038086,1,277259,2303
1786071843,108576037,1,-159.506591796875,109.13777160644531,-498.08135986328125,,,,,,,,,,277260,2303
1786071843,108576037,,,,,5,-1495.6986083984375,1021.9027709960938,-775.77099609375,0.11137732118368149,-0.14965155720710754,-0.26757127046585083,0.9453068971633911,1,277260,2303
1786071843,116537880,1,-159.3671875,108.74834442138672,-502.4479675292969,,,,,,,,,,277261,2303
1786071843,116537880,,,,,5,-1495.6097412109375,1021.88037109375,-775.83203125,0.11093489080667496,-0.15052206814289093,-0.2674354016780853,0.9452590942382812,1,277261,2303
1786071843,125456542,1,-158.72886657714844,108.92073822021484,-508.3497619628906,,,,,,,,,,277262,2303
1786071843,125456542,,,,,5,-1495.6768798828125,1021.9288940429688,-775.756103515625,0.11136291176080704,-0.1499592512845993,-0.2675938904285431,0.9452534914016724,1,277262,2303
1786071843,133429331,1,-159.1693878173828,108.58908081054688,-511.03924560546875,,,,,,,,,,277263,2303
1786071843,133429331,,,,,5,-1495.6082763671875,1021.8781127929688,-775.8099365234375,0.11099978536367416,-0.15074989199638367,-0.2671535909175873,0.9452949166297913,1,277263,2303
1786071843,141381509,1,-160.22409057617188,106.7837142944336,-514.5464477539062,,,,,,,,,,277264,2303
1786071843,141381509,,,,,5,-1495.5399169921875,1021.8632202148438,-775.83349609375,0.11102302372455597,-0.15065866708755493,-0.2669942080974579,0.945351779460907,1,277264,2303
1786071843,150642699,1,-159.93824768066406,106.00960540771484,-518.46240234375,,,,,,,,,,277265,2303
1786071843,150642699,,,,,5,-1495.582275390625,1021.8969116210938,-775.8007202148438,0.11087127029895782,-0.15071505308151245,-0.2668922245502472,0.9453893303871155,1,277265,2303
1786071843,158363889,1,-158.799072265625,108.41586303710938,-521.7371215820312,,,,,,,,,,277266,2303
1786071843,158363889,,,,,5,-1495.6011962890625,1021.87939453125,-775.8111572265625,0.11080048233270645,-0.1506512314081192,-0.26686257123947144,0.945416271686554,1,277266,2303
1786071843,166473088,1,-158.75570678710938,108.55106353759766,-525.9021606445312,,,,,,,,,,277267,2303
1786071843,166473088,,,,,5,-1495.5753173828125,1021.8898315429688,-775.8084106445312,0.11078397184610367,-0.15066084265708923,-0.2666494846343994,0.9454768300056458,1,277267,2303
1786071843,175298965,1,-158.82235717773438,108.126708984375,-529.34765625,,,,,,,,,,277268,2303
1786071843,175298965,,,,,5,-1495.5911865234375,1021.8739624023438,-775.8241577148438,0.11065332591533661,-0.1506374627351761,-0.2670010030269623,0.9453966021537781,1,277268,2303
1786071843,183273483,1,-158.79220581054688,108.41551971435547,-533.1734008789062,,,,,,,,,,277269,2303
1786071843,183273483,,,,,5,-1495.5882568359375,1021.8671264648438,-775.857666015625,0.11092768609523773,-0.1503814309835434,-0.26643630862236023,0.9455645084381104,1,277269,2303
1786071843,191236958,1,-158.373291015625,108.63072204589844,-536.532958984375,,,,,,,,,,277270,2303
1786071843,191236958,,,,,5,-1495.614501953125,1021.8754272460938,-775.8193969726562,0.11080162972211838,-0.1505006104707718,-0.26694467663764954,0.9454169869422913,1,277270,2303
1786071843,200283836,1,-160.17523193359375,106.00189208984375,-540.802490234375,,,,,,,,,,277271,2303
1786071843,200283836,,,,,5,-1495.5594482421875,1021.8739624023438,-775.8069458007812,0.11093872785568237,-0.15055273473262787,-0.26671868562698364,0.945456326007843,1,277271,2303
1786071843,208168577,1,-162.76004028320312,104.22161102294922,-551.7532348632812,,,,,,,,,,277272,2303
1786071843,208168577,,,,,5,-1495.5775146484375,1021.8798828125,-775.8295288085938,0.11073065549135208,-0.15072812139987946,-0.26691797375679016,0.9453966021537781,1,277272,2303
1786071843,216158874,1,-158.66709899902344,108.58870697021484,-547.7750244140625,,,,,,,,,,277273,2303
1786071843,216158874,,,,,5,-1495.569091796875,1021.8935546875,-775.8062744140625,0.11084536463022232,-0.15063099563121796,-0.2670793831348419,0.945353090763092,1,277273,2303
1786071843,225187701,1,-158.8957061767578,108.50860595703125,-552.08837890625,,,,,,,,,,277274,2303
1786071843,225187701,,,,,5,-1495.558837890625,1021.8825073242188,-775.789306640625,0.11087643355131149,-0.150733083486557,-0.2671002149581909,0.9453271627426147,1,277274,2303
1786071843,233108704,1,-159.13888549804688,108.4386978149414,-555.4165649414062,,,,,,,,,,277275,2303
1786071843,233108704,,,,,5,-1495.5556640625,1021.8782348632812,-775.7997436523438,0.11083348840475082,-0.15045608580112457,-0.26691004633903503,0.9454300999641418,1,277275,2303
1786071843,242131226,1,-158.53187561035156,109.82754516601562,-557.6255493164062,,,,,,,,,,277276,2303
1786071843,242131226,,,,,5,-1495.560546875,1021.8836059570312,-775.813720703125,0.11066312342882156,-0.15066026151180267,-0.2666861414909363,0.9454806447029114,1,277276,2303
1786071843,250147415,1,-160.25828552246094,109.99732971191406,-560.0556640625,,,,,,,,,,277277,2303
1786071843,250147415,,,,,5,-1495.5811767578125,1021.8773803710938,-775.81689453125,0.11064165085554123,-0.15065740048885345,-0.2666170299053192,0.9455031752586365,1,277277,2303
1786071843,258084742,1,-163.34243774414062,109.5924301147461,-562.02001953125,,,,,,,,,,277278,2303
1786071843,258084742,,,,,5,-1495.6868896484375,1021.9342651367188,-775.8068237304688,0.11138230562210083,-0.1495126336812973,-0.2673674523830414,0.9453859329223633,1,277278,2303
1786071843,267318599,1,-166.03102111816406,109.11925506591797,-563.1183471679688,,,,,,,,,,277279,2303
1786071843,267318599,,,,,5,-1495.58642578125,1021.90087890625,-775.8130493164062,0.11118042469024658,-0.150426983833313,-0.2675168216228485,0.9452224373817444,1,277279,2303
1786071843,274993061,1,-168.3741455078125,109.22572326660156,-563.429931640625,,,,,,,,,,277280,2303
1786071843,274993061,,,,,5,-1495.5684814453125,1021.8760986328125,-775.81787109375,0.1108933538198471,-0.15042594075202942,-0.2668513357639313,0.9454443454742432,1,277280,2303
1786071843,282952311,1,-170.4669647216797,108.57595825195312,-563.9572143554688,,,,,,,,,,277281,2303
1786071843,282952311,,,,,5,-1495.60595703125,1021.896484375,-775.7767333984375,0.11076398193836212,-0.15034283697605133,-0.2672193944454193,0.9453688263893127,1,277281,2303
1786071843,291945324,1,-172.88861083984375,109.16898345947266,-564.3731079101562,,,,,,,,,,277282,2303
1786071843,291945324,,,,,5,-1495.563720703125,1021.8790893554688,-775.8076171875,0.11080306023359299,-0.150689497590065,-0.2668877840042114,0.9454027414321899,1,277282,2303
1786071843,300318316,1,-175.0318145751953,109.05855560302734,-564.451171875,,,,,,,,,,277283,2303
1786071843,300318316,,,,,5,-1495.5723876953125,1021.8855590820312,-775.820556640625,0.11103806644678116,-0.1506940871477127,-0.26730695366859436,0.9452559947967529,1,277283,2303
1786071843,307916251,1,-177.29420471191406,108.4363021850586,-564.0740356445312,,,,,,,,,,277284,2303
1786071843,307916251,,,,,5,-1495.579833984375,1021.8994140625,-775.8153686523438,0.11081798374652863,-0.15051499009132385,-0.26720044016838074,0.9453404545783997,1,277284,2303
1786071843,317494141,1,-179.53701782226562,108.71100616455078,-563.216552734375,,,,,,,,,,277285,2303
1786071843,317494141,,,,,5,-1495.5924072265625,1021.9078979492188,-775.8298950195312,0.11108046770095825,-0.15049241483211517,-0.2672601044178009,0.9452964067459106,1,277285,2303
1786071843,324831291,1,-182.08425903320312,108.44255065917969,-562.1115112304688,,,,,,,,,,277286,2303
1786071843,324831291,,,,,5,-1495.583984375,1021.9263916015625,-775.8162231445312,0.1109016016125679,-0.15059587359428406,-0.2664583623409271,0.945527195930481,1,277286,2303
1786071843,332909380,1,-184.07315063476562,108.16017150878906,-560.8717041015625,,,,,,,,,,277287,2303
1786071843,332909380,,,,,5,-1495.6092529296875,1021.8887939453125,-775.8324584960938,0.1107131689786911,-0.15043959021568298,-0.2669140696525574,0.9454455375671387,1,277287,2303
1786071843,341322411,1,-186.3562469482422,107.97209930419922,-559.7860107421875,,,,,,,,,,277288,2303
1786071843,341322411,,,,,5,-1495.5953369140625,1021.9210205078125,-775.8092651367188,0.1108815148472786,-0.15041394531726837,-0.26728084683418274,0.9453263878822327,1,277288,2303
1786071843,349831333,1,-188.4471893310547,107.25680541992188,-558.1785888671875,,,,,,,,,,277289,2303
1786071843,349831333,,,,,5,-1495.571533203125,1021.8873901367188,-775.8507690429688,0.11104578524827957,-0.15039163827896118,-0.26647716760635376,0.9455374479293823,1,277289,2303
1786071843,358727751,1,-190.0491180419922,108.00639343261719,-556.3143920898438,,,,,,,,,,277290,2303
1786071843,358727751,,,,,5,-1495.59716796875,1021.8700561523438,-775.7914428710938,0.11058717221021652,-0.1507478505373001,-0.2670430839061737,0.9453749060630798,1,277290,2303
1786071843,366715679,1,-191.98330688476562,108.25129699707031,-554.3469848632812,,,,,,,,,,277291,2303
1786071843,366715679,,,,,5,-1495.5760498046875,1021.88818359375,-775.8157958984375,0.1112094596028328,-0.1502721607685089,-0.26702195405960083,0.9453835487365723,1,277291,2303
1786071843,374712889,1,-193.758056640625,108.3797607421875,-552.3670654296875,,,,,,,,,,277292,2303
1786071843,374712889,,,,,5,-1495.5819091796875,1021.8807983398438,-775.7987670898438,0.1109817698597908,-0.1505126953125,-0.2672109305858612,0.9453186392784119,1,277292,2303
1786071843,383988706,1,-195.36801147460938,108.27442932128906,-550.3960571289062,,,,,,,,,,277293,2303
1786071843,383988706,,,,,5,-1495.614013671875,1021.900390625,-775.7973022460938,0.11075305193662643,-0.15057435631752014,-0.26704686880111694,0.9453819990158081,1,277293,2303
1786071843,391655166,1,-196.79568481445312,107.96076965332031,-548.294921875,,,,,,,,,,277294,2303
1786071843,391655166,,,,,5,-1495.6942138671875,1021.9449462890625,-775.7578125,0.11130823194980621,-0.14997373521327972,-0.26776355504989624,0.9452095627784729,1,277294,2303
1786071843,399664346,1,-198.1031494140625,108.3970718383789,-546.085693359375,,,,,,,,,,277295,2303
1786071843,399664346,,,,,5,-1495.531494140625,1021.8817749023438,-775.825439453125,0.11072685569524765,-0.15041843056678772,-0.2664352059364319,0.9455825090408325,1,277295,2303
1786071843,408582080,1,-198.70481872558594,108.42733764648438,-542.85546875,,,,,,,,,,277296,2303
1786071843,408582080,,,,,5,-1495.6234130859375,1021.8692626953125,-775.7858276367188,0.1106691062450409,-0.15078294277191162,-0.26716136932373047,0.9453262686729431,1,277296,2303
1786071843,416819431,1,-200.66087341308594,108.4373779296875,-541.3194580078125,,,,,,,,,,277297,2303
1786071843,416819431,,,,,5,-1495.569580078125,1021.8558959960938,-775.8333740234375,0.11082874238491058,-0.15029658377170563,-0.266566663980484,0.9455527663230896,1,277297,2303
1786071843,424549423,1,-200.9955291748047,108.4804458618164,-537.8219604492188,,,,,,,,,,277298,2303
1786071843,424549423,,,,,5,-1495.5760498046875,1021.8978881835938,-775.8363037109375,0.11092214286327362,-0.15046153962612152,-0.26697948575019836,0.9453991651535034,1,277298,2303
1786071843,433552229,1,-203.0166473388672,108.98863983154297,-536.1287841796875,,,,,,,,,,277299,2303
1786071843,433552229,,,,,5,-1495.6683349609375,1021.9519653320312,-775.7645874023438,0.11195767670869827,-0.1496032029390335,-0.2687875032424927,0.9449009299278259,1,277299,2303
1786071843,441544158,1,-202.75149536132812,108.70653533935547,-532.6783447265625,,,,,,,,,,277300,2304
1786071843,441544158,,,,,5,-1495.5882568359375,1021.8991088867188,-775.8380737304688,0.1110551729798317,-0.15041173994541168,-0.26675838232040405,0.945453941822052,1,277300,2304
1786071843,449523764,1,-205.28073120117188,107.85770416259766,-535.5357055664062,,,,,,,,,,277301,2304
1786071843,449523764,,,,,5,-1495.5826416015625,1021.8759155273438,-775.8272705078125,0.11098535358905792,-0.15053822100162506,-0.26699164509773254,0.9453760981559753,1,277301,2304
1786071843,458408084,1,-206.13046264648438,107.55082702636719,-532.5773315429688,,,,,,,,,,277302,2304
1786071843,458408084,,,,,5,-1495.6009521484375,1021.8487548828125,-775.830322265625,0.11131194978952408,-0.15004467964172363,-0.26819953322410583,0.945074200630188,1,277302,2304
1786071843,466358757,1,-207.1895294189453,107.85430145263672,-529.0009765625,,,,,,,,,,277303,2304
1786071843,466358757,,,,,5,-1495.596923828125,1021.89501953125,-775.8140869140625,0.11104288697242737,-0.1505407840013504,-0.2673667073249817,0.9452629685401917,1,277303,2304
1786071843,475367933,1,-207.90000915527344,107.74791717529297,-527.4505615234375,,,,,,,,,,277304,2304
1786071843,475367933,,,,,5,-1495.5823974609375,1021.8898315429688,-775.8395385742188,0.1109178215265274,-0.1503869593143463,-0.2674291431903839,0.945284366607666,1,277304,2304
1786071843,483375096,1,-208.61180114746094,107.30400085449219,-524.052490234375,,,,,,,,,,277305,2304
1786071843,483375096,,,,,5,-1495.6776123046875,1021.9196166992188,-775.7892456054688,0.1114920973777771,-0.1497548222541809,-0.26811665296554565,0.945122480392456,1,277305,2304
1786071843,491415738,1,-211.2821502685547,104.27021026611328,-524.0642700195312,,,,,,,,,,277306,2304
1786071843,491415738,,,,,5,-1495.5732421875,1021.8740234375,-775.8458862304688,0.11132202297449112,-0.15036886930465698,-0.26733386516571045,0.9452667832374573,1,277306,2304
1786071843,500317629,1,-210.28570556640625,105.51886749267578,-516.5330810546875,,,,,,,,,,277307,2304
1786071843,500317629,,,,,5,-1495.5853271484375,1021.8624267578125,-775.80517578125,0.11094437539577484,-0.1507241576910019,-0.266989141702652,0.9453520178794861,1,277307,2304
1786071843,508282513,1,-210.6805419921875,106.4200439453125,-514.1329345703125,,,,,,,,,,277308,2304
1786071843,508282513,,,,,5,-1495.5528564453125,1021.8662109375,-775.8118896484375,0.11067555099725723,-0.15068404376506805,-0.2669854462146759,0.945391058921814,1,277308,2304
1786071843,516338646,1,-211.16722106933594,106.49826049804688,-511.16162109375,,,,,,,,,,277309,2304
1786071843,516338646,,,,,5,-1495.565185546875,1021.8848876953125,-775.8262329101562,0.11114688217639923,-0.15034647285938263,-0.26694610714912415,0.9454004764556885,1,277309,2304
1786071843,525273759,1,-211.66722106933594,106.03341674804688,-507.41925048828125,,,,,,,,,,277310,2304
1786071843,525273759,,,,,5,-1495.5902099609375,1021.8843994140625,-775.7940673828125,0.11079975217580795,-0.15055915713310242,-0.2671482264995575,0.9453504085540771,1,277310,2304
1786071843,533245653,1,-211.9248809814453,105.44223022460938,-503.9685363769531,,,,,,,,,,277311,2304
1786071843,533245653,,,,,5,-1495.5711669921875,1021.8677978515625,-775.8615112304688,0.11104169487953186,-0.1501183658838272,-0.26698586344718933,0.9454379081726074,1,277311,2304
1786071843,541210376,1,-212.16807556152344,105.84158325195312,-500.234619140625,,,,,,,,,,277312,2304
1786071843,541210376,,,,,5,-1495.700439453125,1021.9527587890625,-775.7776489257812,0.11133819073438644,-0.14962229132652283,-0.2676455080509186,0.9452952146530151,1,277312,2304
1786071843,550201532,1,-213.5277557373047,103.55740356445312,-496.1455383300781,,,,,,,,,,277313,2304
1786071843,550201532,,,,,5,-1495.5906982421875,1021.8505859375,-775.8120727539062,0.11080848425626755,-0.15059231221675873,-0.26688215136528015,0.9454190731048584,1,277313,2304
1786071843,558167792,1,-212.93423461914062,105.9715347290039,-492.1102600097656,,,,,,,,,,277314,2304
1786071843,558167792,,,,,5,-1495.5955810546875,1021.892578125,-775.8341674804688,0.11096861958503723,-0.15041741728782654,-0.2670699656009674,0.9453752040863037,1,277314,2304
1786071843,567532426,1,-213.01834106445312,106.34077453613281,-488.5798645019531,,,,,,,,,,277315,2304
1786071843,567532426,,,,,5,-1495.661865234375,1021.9169311523438,-775.7809448242188,0.11154875159263611,-0.149753600358963,-0.2675760090351105,0.9452692270278931,1,277315,2304
1786071843,575145052,1,-211.93238830566406,107.4159927368164,-481.8175048828125,,,,,,,,,,277316,2304
1786071843,575145052,,,,,5,-1495.5760498046875,1021.8543090820312,-775.8330688476562,0.1111561581492424,-0.15066345036029816,-0.2670677602291107,0.9453147053718567,1,277316,2304
1786071843,583143414,1,-213.83480834960938,100.72250366210938,-490.2691345214844,,,,,,,,,,277317,2304
1786071843,583143414,,,,,5,-1495.5535888671875,1021.8665161132812,-775.8178100585938,0.11102809756994247,-0.15046115219593048,-0.267065167427063,0.9453625679016113,1,277317,2304
1786071843,592095747,1,-213.7985076904297,101.78111267089844,-486.5142517089844,,,,,,,,,,277318,2304
1786071843,592095747,,,,,5,-1495.569580078125,1021.8692626953125,-775.801025390625,0.11066913604736328,-0.1507234126329422,-0.2663222551345825,0.9455724358558655,1,277318,2304
1786071843,600719058,1,-212.90138244628906,103.96029663085938,-481.2769470214844,,,,,,,,,,277319,2304
1786071843,600719058,,,,,5,-1495.5745849609375,1021.85986328125,-775.8339233398438,0.11123068630695343,-0.15050815045833588,-0.26734253764152527,0.9452528953552246,1,277319,2304
1786071843,607996228,1,-213.45169067382812,112.53012084960938,-472.6240539550781,,,,,,,,,,277320,2304
1786071843,607996228,,,,,5,-1495.6943359375,1021.9306030273438,-775.7950439453125,0.11107777059078217,-0.14992348849773407,-0.267429381608963,0.9453392624855042,1,277320,2304
1786071843,616994554,,,,,5,-1495.5662841796875,1021.87548828125,-775.81982421875,0.11088135093450546,-0.15093639492988586,-0.2665861248970032,0.945439338684082,1,277321,2304
1786071843,625021721,,,,,5,-1495.547119140625,1021.8779296875,-775.8161010742188,0.11067718267440796,-0.1507948935031891,-0.26669251918792725,0.9454557299613953,1,277322,2304
1786071843,632934915,1,-210.66651916503906,104.08303833007812,-468.78021240234375,,,,,,,,,,277323,2304
1786071843,632934915,,,,,5,-1495.685546875,1021.9284057617188,-775.7750244140625,0.11114568263292313,-0.14989838004112244,-0.26738113164901733,0.945348858833313,1,277323,2304
1786071843,641890224,1,-209.79624938964844,103.59786224365234,-465.4353942871094,,,,,,,,,,277324,2304
1786071843,641890224,,,,,5,-1495.583251953125,1021.9050903320312,-775.7575073242188,0.1108260378241539,-0.15074695646762848,-0.26697102189064026,0.9453673362731934,1,277324,2304
1786071843,650032133,1,-208.9404754638672,104.07658386230469,-461.237060546875,,,,,,,,,,277325,2304
1786071843,650032133,,,,,5,-1495.5784912109375,1021.869140625,-775.805419921875,0.11086635291576385,-0.15057730674743652,-0.2673328220844269,0.9452874064445496,1,277325,2304
1786071843,657793331,1,-118.95935821533203,47.05082321166992,-481.4874267578125,,,,,,,,,,277326,2304
1786071843,657793331,,,,,5,-1495.5523681640625,1021.8513793945312,-775.8196411132812,0.11099623143672943,-0.15057438611984253,-0.2669660449028015,0.9453762769699097,1,277326,2304
1786071843,667228410,1,-110.85408020019531,51.21560287475586,-476.415283203125,,,,,,,,,,277327,2304
1786071843,667228410,,,,,5,-1495.6060791015625,1021.8902587890625,-775.8218994140625,0.11080598831176758,-0.1505192220211029,-0.26754897832870483,0.9452425837516785,1,277327,2304
1786071843,674854126,1,-205.35789489746094,97.89006805419922,-464.9379577636719,,,,,,,,,,277328,2304
1786071843,674854126,,,,,5,-1495.564453125,1021.8887939453125,-775.8056030273438,0.11097509413957596,-0.15069538354873657,-0.2669456899166107,0.9453652501106262,1,277328,2304
1786071843,684354562,1,-204.250732421875,99.03352355957031,-459.5078125,,,,,,,,,,277329,2304
1786071843,684354562,,,,,5,-1495.5653076171875,1021.9069213867188,-775.7858276367188,0.11085353791713715,-0.1508258432149887,-0.2668319046497345,0.9453907608985901,1,277329,2304
1786071843,691722694,1,-206.10092163085938,120.95700073242188,-425.7282409667969,,,,,,,,,,277330,2304
1786071843,691722694,,,,,5,-1495.5396728515625,1021.890625,-775.7911987304688,0.1107088029384613,-0.15055613219738007,-0.2670506238937378,0.9453889727592468,1,277330,2304
1786071843,700032410,,,,,5,-1495.5447998046875,1021.8772583007812,-775.8295288085938,0.1108834519982338,-0.15063612163066864,-0.26702842116355896,0.9453620910644531,1,277331,2304
1786071843,707682547,,,,,5,-1495.5673828125,1021.8806762695312,-775.81103515625,0.11096225678920746,-0.15089553594589233,-0.2669156491756439,0.9453434348106384,1,277332,2304
1786071843,718494204,1,-198.07919311523438,100.18954467773438,-441.9186706542969,,,,,,,,,,277333,2304
1786071843,718494204,,,,,5,-1495.58154296875,1021.9205322265625,-775.8534545898438,0.11086153984069824,-0.15039417147636414,-0.266676127910614,0.9455025792121887,1,277333,2304
1786071843,727264230,1,-199.15036010742188,96.87506103515625,-435.1769714355469,,,,,,,,,,277334,2304
1786071843,727264230,,,,,5,-1495.5789794921875,1021.8778686523438,-775.8132934570312,0.11083049327135086,-0.15065310895442963,-0.26711148023605347,0.9453422427177429,1,277334,2304
1786071843,733654291,1,-199.0464630126953,94.62664031982422,-426.79266357421875,,,,,,,,,,277335,2304
1786071843,733654291,,,,,5,-1495.5745849609375,1021.8946533203125,-775.8324584960938,0.11092808842658997,-0.15027570724487305,-0.26674485206604004,0.9454942345619202,1,277335,2304
1786071843,741629256,1,-196.12066650390625,107.04655456542969,-407.2150573730469,,,,,,,,,,277336,2304
1786071843,741629256,,,,,5,-1495.5638427734375,1021.85595703125,-775.8345947265625,0.1109902560710907,-0.15043719112873077,-0.26709505915641785,0.9453625679016113,1,277336,2304
1786071843,749774782,,,,,5,-1495.592041015625,1021.91650390625,-775.8286743164062,0.11093113571405411,-0.15038345754146576,-0.267082154750824,0.9453815221786499,1,277337,2304
1786071843,758511778,,,,,5,-1495.6094970703125,1021.9244384765625,-775.8321533203125,0.11107518523931503,-0.15023596584796906,-0.26735976338386536,0.945309579372406,1,277338,2304
1786071843,766527456,1,-187.00088500976562,101.84242248535156,-418.46490478515625,,,,,,,,,,277339,2304
1786071843,766527456,,,,,5,-1495.5921630859375,1021.8697509765625,-775.8468627929688,0.11109640449285507,-0.15015721321105957,-0.2671455442905426,0.9453802108764648,1,277339,2304
1786071843,775552570,1,-184.77024841308594,103.36624145507812,-413.8318176269531,,,,,,,,,,277340,2304
1786071843,775552570,,,,,5,-1495.5728759765625,1021.89794921875,-775.7968139648438,0.11089061945676804,-0.15087160468101501,-0.2670615315437317,0.9453142285346985,1,277340,2304
1786071843,783481479,1,-182.38365173339844,103.6065902709961,-410.9806213378906,,,,,,,,,,277341,2304
1786071843,783481479,,,,,5,-1495.6898193359375,1021.9896850585938,-775.8116455078125,0.11087242513895035,-0.14982281625270844,-0.2666689157485962,0.945594072341919,1,277341,2304
1786071843,791458269,1,-183.52081298828125,122.6893539428711,-383.5616760253906,,,,,,,,,,277342,2304
1786071843,791458269,,,,,5,-1495.6141357421875,1021.8754272460938,-775.83251953125,0.11098828166723251,-0.1503860205411911,-0.26728111505508423,0.9453182220458984,1,277342,2304
1786071843,800557861,,,,,5,-1495.592041015625,1021.8876342773438,-775.8483276367188,0.11102812737226486,-0.15025131404399872,-0.26703155040740967,0.9454054832458496,1,277343,2304
1786071843,808363803,1,-174.14151000976562,104.75684356689453,-401.44287109375,,,,,,,,,,277344,2304
1786071843,808363803,,,,,5,-1495.6107177734375,1021.8973999023438,-775.81005859375,0.1109371930360794,-0.15035709738731384,-0.2670243978500366,0.9454013109207153,1,277344,2304
1786071843,816363989,1,-175.251953125,123.46582794189453,-374.6736145019531,,,,,,,,,,277345,2304
1786071843,816363989,,,,,5,-1495.6146240234375,1021.9189453125,-775.8093872070312,0.11085747927427292,-0.1503501534461975,-0.2670784890651703,0.9453966617584229,1,277345,2304
1786071843,825469151,,,,,5,-1495.5845947265625,1021.8416137695312,-775.8175659179688,0.1108400970697403,-0.15053947269916534,-0.26704829931259155,0.945376992225647,1,277346,2304
1786071843,833385481,1,-168.84182739257812,123.52688598632812,-369.4171142578125,,,,,,,,,,277347,2304
1786071843,833385481,,,,,5,-1495.5777587890625,1021.8814697265625,-775.8351440429688,0.11085973680019379,-0.1505325734615326,-0.26696619391441345,0.9453989267349243,1,277347,2304
1786071843,841297779,1,-161.43899536132812,105.55130767822266,-390.8165283203125,,,,,,,,,,277348,2304
1786071843,841297779,,,,,5,-1495.5853271484375,1021.8811645507812,-775.8363647460938,0.1112198531627655,-0.15012408792972565,-0.2675960063934326,0.9452434778213501,1,277348,2304
1786071843,850274789,1,-161.85073852539062,122.90168762207031,-365.9678955078125,,,,,,,,,,277349,2304
1786071843,850274789,,,,,5,-1495.5582275390625,1021.8593139648438,-775.8345947265625,0.1108083501458168,-0.1506355106830597,-0.2670803368091583,0.9453563690185547,1,277349,2304
1786071843,858207090,,,,,5,-1495.595947265625,1021.8972778320312,-775.8190307617188,0.11093436181545258,-0.15040600299835205,-0.2672414183616638,0.9453325271606445,1,277350,2304
1786071843,866198443,,,,,5,-1495.560546875,1021.8517456054688,-775.8051147460938,0.1110154539346695,-0.15064170956611633,-0.26698732376098633,0.9453573226928711,1,277351,2304
1786071843,874672926,,,,,5,-1495.7166748046875,1021.9118041992188,-775.7782592773438,0.1117551401257515,-0.14949476718902588,-0.2683219909667969,0.9450743198394775,1,277352,2304
1786071843,883244771,,,,,5,-1495.5872802734375,1021.892578125,-775.7777099609375,0.11081857234239578,-0.15069036185741425,-0.26681458950042725,0.9454213976860046,1,277353,2304
1786071843,892128707,,,,,5,-1495.560791015625,1021.8602905273438,-775.7952270507812,0.1109875962138176,-0.15051265060901642,-0.26710739731788635,0.9453471899032593,1,277354,2304
1786071843,900138720,,,,,5,-1495.59814453125,1021.9177856445312,-775.8284912109375,0.11089754104614258,-0.15041881799697876,-0.2668439447879791,0.9454470872879028,1,277355,2304
1786071843,908037063,,,,,5,-1495.7093505859375,1021.9315795898438,-775.7548828125,0.11121156066656113,-0.14998456835746765,-0.268098384141922,0.9451243281364441,1,277356,2304
1786071843,917054368,1,-131.48468017578125,109.93705749511719,-376.0745849609375,,,,,,,,,,277357,2304
1786071843,917054368,,,,,5,-1495.5738525390625,1021.8720703125,-775.7941284179688,0.11074259132146835,-0.1506863683462143,-0.2670065462589264,0.9453768134117126,1,277357,2304
1786071843,925045656,1,-128.22415161132812,109.70510864257812,-375.88775634765625,,,,,,,,,,277358,2304
1786071843,925045656,,,,,5,-1495.5892333984375,1021.9006958007812,-775.8077392578125,0.11112730205059052,-0.15040108561515808,-0.2673390209674835,0.945283055305481,1,277358,2304
1786071843,932998314,1,-127.90995788574219,118.77336883544922,-353.2475891113281,,,,,,,,,,277359,2304
1786071843,932998314,,,,,5,-1495.5736083984375,1021.8594970703125,-775.815185546875,0.11109801381826401,-0.15043951570987701,-0.26721444725990295,0.9453155994415283,1,277359,2304
1786071843,941944629,1,-122.98262023925781,121.55708312988281,-350.577392578125,,,,,,,,,,277360,2304
1786071843,941944629,,,,,5,-1495.5814208984375,1021.8820190429688,-775.8096313476562,0.11090291291475296,-0.15058843791484833,-0.2667761743068695,0.9454386830329895,1,277360,2304
1786071843,949975797,1,-119.67891693115234,122.47844696044922,-351.0487976074219,,,,,,,,,,277361,2304
1786071843,949975797,,,,,5,-1495.6685791015625,1021.9259643554688,-775.7814331054688,0.11079934239387512,-0.15007832646369934,-0.2672376334667206,0.9454014301300049,1,277361,2304
1786071843,957879006,1,-117.97653198242188,121.72274017333984,-354.04962158203125,,,,,,,,,,277362,2304
1786071843,957879006,,,,,5,-1495.5970458984375,1021.89599609375,-775.8161010742188,0.11067906767129898,-0.15057112276554108,-0.2667221426963806,0.9454828500747681,1,277362,2304
1786071843,966878419,1,-115.16055297851562,122.78778839111328,-354.10577392578125,,,,,,,,,,277363,2304
1786071843,966878419,,,,,5,-1495.6956787109375,1021.9473876953125,-775.7902221679688,0.11124123632907867,-0.1497505009174347,-0.267569363117218,0.9453078508377075,1,277363,2304
1786071843,974847368,1,-112.19768524169922,122.99530792236328,-354.8601379394531,,,,,,,,,,277364,2304
1786071843,974847368,,,,,5,-1495.5809326171875,1021.8844604492188,-775.8302612304688,0.11078871786594391,-0.15054072439670563,-0.2666974365711212,0.9454819560050964,1,277364,2304
1786071843,982854883,1,-109.38298797607422,123.56208038330078,-355.02191162109375,,,,,,,,,,277365,2304
1786071843,982854883,,,,,5,-1495.5706787109375,1021.8617553710938,-775.8464965820312,0.11077745258808136,-0.1503562182188034,-0.2668578028678894,0.9454673528671265,1,277365,2304
1786071843,991840470,1,-106.57054138183594,123.68075561523438,-355.8250427246094,,,,,,,,,,277366,2304
1786071843,991840470,,,,,5,-1495.5928955078125,1021.87890625,-775.8046264648438,0.1108328253030777,-0.1506974995136261,-0.26674768328666687,0.9454375505447388,1,277366,2304
1786071844,460197,1,-103.8930892944336,124.08535766601562,-356.2469177246094,,,,,,,,,,277367,2304
1786071844,460197,,,,,5,-1495.5872802734375,1021.8717651367188,-775.8178100585938,0.11108744889497757,-0.15010495483875275,-0.2670785188674927,0.9454084038734436,1,277367,2304
1786071844,8870092,1,-101.20722198486328,124.58482360839844,-356.4559326171875,,,,,,,,,,277368,2304
1786071844,8870092,,,,,5,-1495.5667724609375,1021.8700561523438,-775.8378295898438,0.11096599698066711,-0.15029698610305786,-0.266531378030777,0.9455465078353882,1,277368,2304
1786071844,16934002,1,-96.16387176513672,127.31665802001953,-353.7073669433594,,,,,,,,,,277369,2304
1786071844,16934002,,,,,5,-1495.6029052734375,1021.8871459960938,-775.8139038085938,0.11076828837394714,-0.1505628377199173,-0.266303151845932,0.9455918669700623,1,277369,2304
1786071844,24831609,1,-93.86576080322266,127.2338638305664,-354.76495361328125,,,,,,,,,,277370,2304
1786071844,24831609,,,,,5,-1495.6092529296875,1021.8948364257812,-775.8612670898438,0.11076772212982178,-0.15047837793827057,-0.26613375544548035,0.9456530213356018,1,277370,2304
1786071844,33766274,1,-91.80616760253906,126.87712860107422,-355.54364013671875,,,,,,,,,,277371,2304
1786071844,33766274,,,,,5,-1495.6849365234375,1021.9158325195312,-775.8004760742188,0.11128874123096466,-0.14970853924751282,-0.267545610666275,0.9453155398368835,1,277371,2304
1786071844,41704241,1,-89.82662200927734,126.79639434814453,-356.6882019042969,,,,,,,,,,277372,2304
1786071844,41704241,,,,,5,-1495.5882568359375,1021.87451171875,-775.8370361328125,0.1107306033372879,-0.15058885514736176,-0.26690661907196045,0.9454221129417419,1,277372,2304
1786071844,49647041,1,-87.911865234375,126.85183715820312,-357.5845642089844,,,,,,,,,,277373,2304
1786071844,49647041,,,,,5,-1495.622314453125,1021.91845703125,-775.8275756835938,0.11083191633224487,-0.1503683179616928,-0.2669522762298584,0.9454323053359985,1,277373,2304
1786071844,58611408,1,-86.81185913085938,125.94808959960938,-358.7873840332031,,,,,,,,,,277374,2304
1786071844,58611408,,,,,5,-1495.5989990234375,1021.90771484375,-775.8168334960938,0.1109718307852745,-0.15026986598968506,-0.2671547830104828,0.9453741312026978,1,277374,2304
1786071844,66567842,1,-87.42316436767578,123.21751403808594,-363.46337890625,,,,,,,,,,277375,2304
1786071844,66567842,,,,,5,-1495.5711669921875,1021.8932495117188,-775.8173217773438,0.11090773344039917,-0.15059860050678253,-0.2672322392463684,0.9453076720237732,1,277375,2304
1786071844,74878518,1,-82.978759765625,125.89022064208984,-360.7304992675781,,,,,,,,,,277376,2304
1786071844,74878518,,,,,5,-1495.620849609375,1021.908203125,-775.8407592773438,0.11097310483455658,-0.15059755742549896,-0.26719820499420166,0.9453098177909851,1,277376,2304
1786071844,83712429,1,-81.78324127197266,125.49827575683594,-362.21484375,,,,,,,,,,277377,2304
1786071844,83712429,,,,,5,-1495.698974609375,1021.9542846679688,-775.8121337890625,0.11153819411993027,-0.1496957540512085,-0.2678852081298828,0.9451920390129089,1,277377,2304
1786071844,92175518,1,-80.29470825195312,125.56656646728516,-362.85595703125,,,,,,,,,,277378,2304
1786071844,92175518,,,,,5,-1495.578857421875,1021.8915405273438,-775.7857666015625,0.11077845841646194,-0.15072982013225555,-0.26652228832244873,0.9455022811889648,1,277378,2304
1786071844,100086760,1,-79.0416488647461,125.52239227294922,-364.3645935058594,,,,,,,,,,277379,2304
1786071844,100086760,,,,,5,-1495.6978759765625,1021.9219970703125,-775.8046875,0.11139106005430222,-0.1496666520833969,-0.2678161561489105,0.9452335834503174,1,277379,2304
1786071844,108607972,1,-77.63750457763672,123.84623718261719,-366.2527770996094,,,,,,,,,,277380,2304
1786071844,108607972,,,,,5,-1495.7001953125,1021.9421997070312,-775.7753295898438,0.1113283783197403,-0.14988106489181519,-0.26786860823631287,0.9451920390129089,1,277380,2304
1786071844,116605021,1,-77.02393341064453,123.45071411132812,-367.92230224609375,,,,,,,,,,277381,2304
1786071844,116605021,,,,,5,-1495.6846923828125,1021.9481811523438,-775.7992553710938,0.11126116663217545,-0.14961890876293182,-0.26741650700569153,0.9453696608543396,1,277381,2304
1786071844,124537099,1,-76.69788360595703,125.10525512695312,-368.19732666015625,,,,,,,,,,277382,2304
1786071844,124537099,,,,,5,-1495.5894775390625,1021.8766479492188,-775.84716796875,0.11061111092567444,-0.15052716434001923,-0.26651233434677124,0.9455569982528687,1,277382,2304
1786071844,133681500,1,-72.77780151367188,125.00883483886719,-366.3604431152344,,,,,,,,,,277383,2304
1786071844,133681500,,,,,5,-1495.5947265625,1021.8917236328125,-775.8244018554688,0.11107974499464035,-0.15044072270393372,-0.26715463399887085,0.9453344941139221,1,277383,2304
1786071844,141810286,1,-76.28931427001953,123.93363952636719,-372.0920715332031,,,,,,,,,,277384,2304
1786071844,141810286,,,,,5,-1495.6043701171875,1021.9031372070312,-775.8375244140625,0.11104416847229004,-0.15037567913532257,-0.2674052119255066,0.9452782273292542,1,277384,2304
1786071844,149516657,1,-80.2171401977539,119.46741485595703,-377.97613525390625,,,,,,,,,,277385,2304
1786071844,149516657,,,,,5,-1495.567626953125,1021.8858642578125,-775.8290405273438,0.1113133653998375,-0.15027868747711182,-0.26724308729171753,0.9453078508377075,1,277385,2304
1786071844,158515591,1,-72.33601379394531,124.43513488769531,-371.50823974609375,,,,,,,,,,277386,2304
1786071844,158515591,,,,,5,-1495.5728759765625,1021.8869018554688,-775.7955322265625,0.11078827828168869,-0.15072837471961975,-0.26701825857162476,0.945361316204071,1,277386,2304
1786071844,166412814,1,-72.14031982421875,124.3204345703125,-373.2856140136719,,,,,,,,,,277387,2304
1786071844,166412814,,,,,5,-1495.6009521484375,1021.8788452148438,-775.8347778320312,0.11100948601961136,-0.1502486616373062,-0.26684173941612244,0.9454617500305176,1,277387,2304
1786071844,175382942,1,-80.03141784667969,118.98499298095703,-383.94024658203125,,,,,,,,,,277388,2304
1786071844,175382942,,,,,5,-1495.590087890625,1021.8777465820312,-775.8192138671875,0.110913947224617,-0.15061403810977936,-0.26717209815979004,0.9453214406967163,1,277388,2304
1786071844,183411645,1,-80.26750183105469,118.7283935546875,-385.9091796875,,,,,,,,,,277389,2304
1786071844,183411645,,,,,5,-1495.5350341796875,1021.8653564453125,-775.8759155273438,0.1109304279088974,-0.15061664581298828,-0.26671749353408813,0.9454474449157715,1,277389,2304
1786071844,191316198,1,-79.84807586669922,107.53177642822266,-399.21844482421875,,,,,,,,,,277390,2304
1786071844,191316198,,,,,5,-1495.583984375,1021.8761596679688,-775.8067016601562,0.11085733026266098,-0.15038953721523285,-0.26745614409446716,0.9452835321426392,1,277390,2304
1786071844,200322877,1,-80.90101623535156,99.20066833496094,-411.5316467285156,,,,,,,,,,277391,2304
1786071844,200322877,,,,,5,-1495.5740966796875,1021.88720703125,-775.8185424804688,0.11077219992876053,-0.15060220658779144,-0.26710206270217896,0.9453597068786621,1,277391,2304
1786071844,208290481,1,-81.00112915039062,99.72942352294922,-414.48870849609375,,,,,,,,,,277392,2304
1786071844,208290481,,,,,5,-1495.5679931640625,1021.8671264648438,-775.8136596679688,0.11115772277116776,-0.1504286527633667,-0.26731419563293457,0.9452822208404541,1,277392,2304
1786071844,216304718,1,-82.11527252197266,99.203369140625,-416.62957763671875,,,,,,,,,,277393,2304
1786071844,216304718,,,,,5,-1495.5897216796875,1021.8580322265625,-775.8466796875,0.11075996607542038,-0.15051603317260742,-0.26740366220474243,0.9452895522117615,1,277393,2304
1786071844,225250201,1,-82.44369506835938,98.2867431640625,-419.72381591796875,,,,,,,,,,277394,2304
1786071844,225250201,,,,,5,-1495.575439453125,1021.8746948242188,-775.8129272460938,0.1109258383512497,-0.15068770945072174,-0.26689231395721436,0.9453873038291931,1,277394,2304
1786071844,233307230,1,-84.43289947509766,97.15325164794922,-423.3092956542969,,,,,,,,,,277395,2304
1786071844,233307230,,,,,5,-1495.5650634765625,1021.8899536132812,-775.8383178710938,0.11110755056142807,-0.1501312553882599,-0.26733162999153137,0.9453303813934326,1,277395,2304
1786071844,241311129,1,-85.56051635742188,98.10408782958984,-426.7862548828125,,,,,,,,,,277396,2304
1786071844,241311129,,,,,5,-1495.5745849609375,1021.884765625,-775.8486938476562,0.11075638234615326,-0.15051651000976562,-0.26647570729255676,0.9455520510673523,1,277396,2304
1786071844,250202747,1,-86.7966079711914,106.16387176513672,-419.88800048828125,,,,,,,,,,277397,2304
1786071844,250202747,,,,,5,-1495.6085205078125,1021.93115234375,-775.8663940429688,0.11009623855352402,-0.15051530301570892,-0.26549386978149414,0.9459053874015808,1,277397,2304
1786071844,258167086,1,-86.33769226074219,117.95467376708984,-406.8207702636719,,,,,,,,,,277398,2304
1786071844,258167086,,,,,5,-1495.5916748046875,1021.8772583007812,-775.8180541992188,0.11090344935655594,-0.1505303978919983,-0.2673601806163788,0.9452827572822571,1,277398,2304
1786071844,267163523,1,-87.48663330078125,118.4210205078125,-408.603515625,,,,,,,,,,277399,2304
1786071844,267163523,,,,,5,-1495.5567626953125,1021.85498046875,-775.8319702148438,0.11093416810035706,-0.15066176652908325,-0.26637017726898193,0.9455377459526062,1,277399,2304
1786071844,275107251,1,-87.75617980957031,117.00137329101562,-412.6859130859375,,,,,,,,,,277400,2304
1786071844,275107251,,,,,5,-1495.5789794921875,1021.8765869140625,-775.8167114257812,0.11056353896856308,-0.15066760778427124,-0.2663649618625641,0.9455817341804504,1,277400,2304
1786071844,283352763,1,-89.05377960205078,116.572265625,-414.58831787109375,,,,,,,,,,277401,2304
1786071844,283352763,,,,,5,-1495.57958984375,1021.8585815429688,-775.8473510742188,0.11092986166477203,-0.15039275586605072,-0.2670097053050995,0.9454006552696228,1,277401,2304
1786071844,292246621,1,-90.2496566772461,116.19581604003906,-417.3470764160156,,,,,,,,,,277402,2304
1786071844,292246621,,,,,5,-1495.6014404296875,1021.9091796875,-775.8676147460938,0.11085805296897888,-0.1506364643573761,-0.2670031189918518,0.9453721642494202,1,277402,2304
1786071844,300228948,1,-91.79045104980469,115.91480255126953,-419.70001220703125,,,,,,,,,,277403,2304
1786071844,300228948,,,,,5,-1495.5823974609375,1021.9102783203125,-775.81982421875,0.1109376847743988,-0.15043391287326813,-0.2668871283531189,0.9454278945922852,1,277403,2304
1786071844,307966429,1,-93.3356704711914,115.57715606689453,-422.1478271484375,,,,,,,,,,277404,2304
1786071844,307966429,,,,,5,-1495.5853271484375,1021.8800048828125,-775.8088989257812,0.11081866174936295,-0.15059953927993774,-0.2671561539173126,0.9453394412994385,1,277404,2304
1786071844,316950128,1,-94.95246887207031,115.20166015625,-424.4974060058594,,,,,,,,,,277405,2304
1786071844,316950128,,,,,5,-1495.7276611328125,1021.9439697265625,-775.8088989257812,0.11141140758991241,-0.14964276552200317,-0.2679566740989685,0.9451951384544373,1,277405,2304
1786071844,325025176,1,-97.5149154663086,108.82864379882812,-434.5812072753906,,,,,,,,,,277406,2304
1786071844,325025176,,,,,5,-1495.6903076171875,1021.94677734375,-775.7792358398438,0.11120101809501648,-0.14987166225910187,-0.26783859729766846,0.9452170729637146,1,277406,2304
1786071844,332933217,1,-100.1224594116211,106.74212646484375,-440.4713134765625,,,,,,,,,,277407,2304
1786071844,332933217,,,,,5,-1495.5673828125,1021.8759155273438,-775.8069458007812,0.11087994277477264,-0.1507246494293213,-0.26677456498146057,0.9454201459884644,1,277407,2304
1786071844,341861225,1,-101.09810638427734,109.4583740234375,-438.81597900390625,,,,,,,,,,277408,2304
1786071844,341861225,,,,,5,-1495.577392578125,1021.9037475585938,-775.7992553710938,0.11090032011270523,-0.15054155886173248,-0.2670322358608246,0.945374071598053,1,277408,2304
1786071844,349891849,1,-104.31815338134766,109.34125518798828,-441.6006774902344,,,,,,,,,,277409,2304
1786071844,349891849,,,,,5,-1495.576416015625,1021.8638916015625,-775.8162231445312,0.11091651022434235,-0.15050558745861053,-0.26722252368927,0.9453241229057312,1,277409,2304
1786071844,358838741,1,-106.36835479736328,109.2541275024414,-443.9344482421875,,,,,,,,,,277410,2304
1786071844,358838741,,,,,5,-1495.60888671875,1021.8994140625,-775.8194580078125,0.11094596982002258,-0.15042608976364136,-0.26704007387161255,0.9453849792480469,1,277410,2304
1786071844,366769698,1,-108.26940155029297,107.46124267578125,-447.74774169921875,,,,,,,,,,277411,2304
1786071844,366769698,,,,,5,-1495.5916748046875,1021.8757934570312,-775.8214111328125,0.11081307381391525,-0.1504015028476715,-0.2671985924243927,0.9453595280647278,1,277411,2304
1786071844,375348777,1,-110.0487060546875,105.85165405273438,-450.645263671875,,,,,,,,,,277412,2304
1786071844,375348777,,,,,5,-1495.5877685546875,1021.8732299804688,-775.8269653320312,0.11081242561340332,-0.15058650076389313,-0.26721763610839844,0.9453248381614685,1,277412,2304
1786071844,383768786,1,-112.8672103881836,109.26936340332031,-450.0338134765625,,,,,,,,,,277413,2304
1786071844,383768786,,,,,5,-1495.693359375,1021.9325561523438,-775.7821655273438,0.11125318706035614,-0.14977099001407623,-0.2678813338279724,0.9452147483825684,1,277413,2304
1786071844,391686621,1,-114.65970611572266,110.55752563476562,-449.3746032714844,,,,,,,,,,277414,2304
1786071844,391686621,,,,,5,-1495.5709228515625,1021.8511962890625,-775.8006591796875,0.11055056750774384,-0.15086834132671356,-0.26670727133750916,0.9454547762870789,1,277414,2304
1786071844,399759621,1,-116.27082824707031,111.33941650390625,-447.4521789550781,,,,,,,,,,277415,2304
1786071844,399759621,,,,,5,-1495.583740234375,1021.8603515625,-775.7846069335938,0.1107470840215683,-0.15064801275730133,-0.2674143612384796,0.9452671408653259,1,277415,2304
1786071844,408174573,1,-118.24076080322266,105.86039733886719,-457.5185241699219,,,,,,,,,,277416,2304
1786071844,408174573,,,,,5,-1495.730224609375,1021.92431640625,-775.7797241210938,0.11121313273906708,-0.1500992476940155,-0.268171101808548,0.9450852274894714,1,277416,2304
1786071844,416716237,1,-121.3984375,109.92302703857422,-456.2941589355469,,,,,,,,,,277417,2304
1786071844,416716237,,,,,5,-1495.5633544921875,1021.8443603515625,-775.8230590820312,0.11107879132032394,-0.15048690140247345,-0.2671884000301361,0.9453176856040955,1,277417,2304
1786071844,424680832,1,-123.58309173583984,109.62482452392578,-457.8113708496094,,,,,,,,,,277418,2304
1786071844,424680832,,,,,5,-1495.5577392578125,1021.8529663085938,-775.8463745117188,0.11071528494358063,-0.1504579782485962,-0.26622068881988525,0.9456380009651184,1,277418,2304
1786071844,433679734,1,-125.84848022460938,109.21363830566406,-459.9957580566406,,,,,,,,,,277419,2304
1786071844,433679734,,,,,5,-1495.5531005859375,1021.84423828125,-775.8390502929688,0.11102642118930817,-0.150431290268898,-0.26700082421302795,0.945385754108429,1,277419,2304
1786071844,441646794,1,-128.3373260498047,109.5429916381836,-460.78619384765625,,,,,,,,,,277420,2305
1786071844,441646794,,,,,5,-1495.5823974609375,1021.8671875,-775.8018798828125,0.11075229197740555,-0.15055909752845764,-0.2671164572238922,0.945364773273468,1,277420,2305
1786071844,449600860,1,-130.1981658935547,110.2782974243164,-459.0892333984375,,,,,,,,,,277421,2305
1786071844,449600860,,,,,5,-1495.57421875,1021.8898315429688,-775.7919921875,0.11093340814113617,-0.1506541669368744,-0.26690658926963806,0.9453877806663513,1,277421,2305
1786071844,458514241,1,-133.15890502929688,109.727783203125,-462.06463623046875,,,,,,,,,,277422,2305
1786071844,458514241,,,,,5,-1495.564697265625,1021.8511962890625,-775.8173828125,0.11110377311706543,-0.1505490243434906,-0.2669065594673157,0.9453845620155334,1,277422,2305
1786071844,466490839,1,-135.59423828125,109.81741333007812,-460.3892822265625,,,,,,,,,,277423,2305
1786071844,466490839,,,,,5,-1495.5775146484375,1021.8831176757812,-775.8219604492188,0.11077047139406204,-0.150563582777977,-0.2670241892337799,0.9453880190849304,1,277423,2305
1786071844,475472873,1,-138.5099334716797,109.60699462890625,-461.8865661621094,,,,,,,,,,277424,2305
1786071844,475472873,,,,,5,-1495.56298828125,1021.84375,-775.8317260742188,0.11091756820678711,-0.15040633082389832,-0.26720231771469116,0.9453455805778503,1,277424,2305
1786071844,483489255,1,-140.98463439941406,109.71324920654297,-460.9073486328125,,,,,,,,,,277425,2305
1786071844,483489255,,,,,5,-1495.6658935546875,1021.8930053710938,-775.7914428710938,0.11150269210338593,-0.14979267120361328,-0.2678299844264984,0.9451965689659119,1,277425,2305
1786071844,491404753,1,-143.8279571533203,108.95220184326172,-461.0221862792969,,,,,,,,,,277426,2305
1786071844,491404753,,,,,5,-1495.5660400390625,1021.8663940429688,-775.82763671875,0.11126752197742462,-0.15020722150802612,-0.2674978971481323,0.9452524781227112,1,277426,2305
1786071844,500426475,1,-146.8421630859375,108.77684020996094,-462.2152404785156,,,,,,,,,,277427,2305
1786071844,500426475,,,,,5,-1495.5692138671875,1021.8527221679688,-775.826904296875,0.11066076904535294,-0.1507745236158371,-0.2667427659034729,0.945446789264679,1,277427,2305
1786071844,508323730,1,-149.2000274658203,108.18936157226562,-460.9827575683594,,,,,,,,,,277428,2305
1786071844,508323730,,,,,5,-1495.554931640625,1021.8590698242188,-775.8189697265625,0.11080139130353928,-0.15083523094654083,-0.2669930160045624,0.945349931716919,1,277428,2305
1786071844,517396565,1,-151.93869018554688,108.96533203125,-460.1185302734375,,,,,,,,,,277429,2305
1786071844,517396565,,,,,5,-1495.7044677734375,1021.9452514648438,-775.7905883789062,0.11148849129676819,-0.14969594776630402,-0.26790282130241394,0.945192813873291,1,277429,2305
1786071844,525444632,1,-154.63499450683594,108.52635192871094,-459.50616455078125,,,,,,,,,,277430,2305
1786071844,525444632,,,,,5,-1495.5753173828125,1021.8984375,-775.8421630859375,0.11112555861473083,-0.15042054653167725,-0.2671203315258026,0.9453420639038086,1,277430,2305
1786071844,533422799,1,-157.4253692626953,106.77336883544922,-460.8701477050781,,,,,,,,,,277431,2305
1786071844,533422799,,,,,5,-1495.517822265625,1021.8181762695312,-775.8192138671875,0.11084191501140594,-0.15072333812713623,-0.2671802043914795,0.9453100562095642,1,277431,2305
1786071844,541265355,1,-159.39404296875,109.0354995727539,-455.60980224609375,,,,,,,,,,277432,2305
1786071844,541265355,,,,,5,-1495.67626953125,1021.8682861328125,-775.7787475585938,0.11154312640428543,-0.1496700495481491,-0.2682274878025055,0.9450984597206116,1,277432,2305
1786071844,550325100,1,-162.47735595703125,106.6654052734375,-458.7241516113281,,,,,,,,,,277433,2305
1786071844,550325100,,,,,5,-1495.56494140625,1021.853515625,-775.8655395507812,0.11102224886417389,-0.15022487938404083,-0.2669298052787781,0.9454391002655029,1,277433,2305
1786071844,558244247,1,-164.97372436523438,106.99378967285156,-456.39532470703125,,,,,,,,,,277434,2305
1786071844,558244247,,,,,5,-1495.6053466796875,1021.8681640625,-775.8217163085938,0.11093490570783615,-0.15053001046180725,-0.2675930857658386,0.9452133178710938,1,277434,2305
1786071844,566261173,1,-167.2226104736328,106.77069854736328,-456.248779296875,,,,,,,,,,277435,2305
1786071844,566261173,,,,,5,-1495.5665283203125,1021.8661499023438,-775.8580932617188,0.11110971122980118,-0.15029670298099518,-0.26762881875038147,0.9452197551727295,1,277435,2305
1786071844,575256330,1,-169.65589904785156,107.93099975585938,-454.45904541015625,,,,,,,,,,277436,2305
1786071844,575256330,,,,,5,-1495.576171875,1021.8630981445312,-775.8263549804688,0.11078902333974838,-0.15063804388046265,-0.26669397950172424,0.9454672336578369,1,277436,2305
1786071844,583253411,1,-171.59043884277344,106.81168365478516,-452.3195495605469,,,,,,,,,,277437,2305
1786071844,583253411,,,,,5,-1495.5589599609375,1021.8673706054688,-775.8045043945312,0.11051706224679947,-0.15081419050693512,-0.26691126823425293,0.9454097747802734,1,277437,2305
1786071844,592138467,1,-173.45806884765625,106.60070037841797,-450.62701416015625,,,,,,,,,,277438,2305
1786071844,592138467,,,,,5,-1495.5726318359375,1021.8402709960938,-775.8289184570312,0.1110505536198616,-0.15043416619300842,-0.26687541604042053,0.9454178810119629,1,277438,2305
1786071844,600127164,1,-176.2192840576172,107.4188461303711,-447.5663757324219,,,,,,,,,,277439,2305
1786071844,600127164,,,,,5,-1495.6849365234375,1021.95166015625,-775.7919311523438,0.1116037666797638,-0.1495811492204666,-0.26753073930740356,0.9453029036521912,1,277439,2305
1786071844,608100881,1,-177.69093322753906,107.0580062866211,-445.6497802734375,,,,,,,,,,277440,2305
1786071844,608100881,,,,,5,-1495.56640625,1021.8516845703125,-775.8239135742188,0.11066368967294693,-0.15071818232536316,-0.26670876145362854,0.9454649090766907,1,277440,2305
1786071844,617154193,1,-178.34854125976562,107.94708251953125,-444.8760070800781,,,,,,,,,,277441,2305
1786071844,617154193,,,,,5,-1495.5887451171875,1021.8884887695312,-775.8571166992188,0.11075428128242493,-0.15046988427639008,-0.2664134204387665,0.9455771446228027,1,277441,2305
1786071844,625029684,1,-181.15065002441406,104.15914916992188,-440.123046875,,,,,,,,,,277442,2305
1786071844,625029684,,,,,5,-1495.5704345703125,1021.8629760742188,-775.818115234375,0.1106838658452034,-0.15069767832756042,-0.26686644554138184,0.9454213976860046,1,277442,2305
1786071844,633224114,1,-182.0628662109375,108.3455581665039,-438.35736083984375,,,,,,,,,,277443,2305
1786071844,633224114,,,,,5,-1495.57421875,1021.8463134765625,-775.8563842773438,0.11066731065511703,-0.1506555825471878,-0.2670118808746338,0.9453890323638916,1,277443,2305
1786071844,642101969,1,-183.47500610351562,107.93049621582031,-436.29779052734375,,,,,,,,,,277444,2305
1786071844,642101969,,,,,5,-1495.547119140625,1021.8583984375,-775.814453125,0.1110597476363182,-0.15054693818092346,-0.2672392427921295,0.9452959895133972,1,277444,2305
1786071844,650099947,1,-184.7294158935547,108.21723937988281,-433.8789978027344,,,,,,,,,,277445,2305
1786071844,650099947,,,,,5,-1495.56005859375,1021.86962890625,-775.8532104492188,0.11107055842876434,-0.15041467547416687,-0.26700806617736816,0.9453811049461365,1,277445,2305
1786071844,658015381,1,-185.96185302734375,108.31620025634766,-431.4403991699219,,,,,,,,,,277446,2305
1786071844,658015381,,,,,5,-1495.6002197265625,1021.8645629882812,-775.8196411132812,0.11088260263204575,-0.15041647851467133,-0.267392635345459,0.945294201374054,1,277446,2305
1786071844,667076214,1,-188.01658630371094,106.6119384765625,-432.6861572265625,,,,,,,,,,277447,2305
1786071844,667076214,,,,,5,-1495.592529296875,1021.8832397460938,-775.8349609375,0.11085321754217148,-0.15042069554328918,-0.2667490541934967,0.9454787373542786,1,277447,2305
1786071844,675505889,1,-189.15957641601562,107.0013427734375,-430.0079650878906,,,,,,,,,,277448,2305
1786071844,675505889,,,,,5,-1495.6998291015625,1021.8956909179688,-775.7756958007812,0.11134595423936844,-0.14974267780780792,-0.26812341809272766,0.9451397061347961,1,277448,2305
1786071844,682930256,1,-188.9303741455078,108.440673828125,-424.1368713378906,,,,,,,,,,277449,2305
1786071844,682930256,,,,,5,-1495.6070556640625,1021.8887939453125,-775.8402099609375,0.1108149066567421,-0.15038932859897614,-0.267151802778244,0.945374608039856,1,277449,2305
1786071844,691851991,1,-190.46047973632812,108.22527313232422,-423.6279296875,,,,,,,,,,277450,2305
1786071844,691851991,,,,,5,-1495.5791015625,1021.87744140625,-775.8364868164062,0.11122731119394302,-0.15043678879737854,-0.26729366183280945,0.9452784657478333,1,277450,2305
1786071844,699804104,1,-190.50244140625,108.75505828857422,-421.03125,,,,,,,,,,277451,2305
1786071844,699804104,,,,,5,-1495.6773681640625,1021.9330444335938,-775.8036499023438,0.11152996867895126,-0.14956319332122803,-0.2677077353000641,0.9452642798423767,1,277451,2305
1786071844,708795388,1,-190.79391479492188,107.7889633178711,-418.5440673828125,,,,,,,,,,277452,2305
1786071844,708795388,,,,,5,-1495.580078125,1021.8781127929688,-775.8180541992188,0.11081146448850632,-0.1506909281015396,-0.26697298884391785,0.94537752866745,1,277452,2305
1786071844,716809721,1,-191.96621704101562,110.0518798828125,-413.9950256347656,,,,,,,,,,277453,2305
1786071844,716809721,,,,,5,-1495.5751953125,1021.8634033203125,-775.8522338867188,0.11058858036994934,-0.1507537066936493,-0.26688432693481445,0.9454185962677002,1,277453,2305
1786071844,724734277,1,-191.9792022705078,107.6750259399414,-413.2737731933594,,,,,,,,,,277454,2305
1786071844,724734277,,,,,5,-1495.549072265625,1021.8782348632812,-775.8214721679688,0.11117922514677048,-0.15043556690216064,-0.26699942350387573,0.9453674554824829,1,277454,2305
1786071844,733713271,1,-192.5482177734375,107.45624542236328,-411.5724792480469,,,,,,,,,,277455,2305
1786071844,733713271,,,,,5,-1495.5482177734375,1021.857421875,-775.8390502929688,0.11095117777585983,-0.1505487710237503,-0.2667107582092285,0.9454576969146729,1,277455,2305
1786071844,741874319,1,-193.11984252929688,107.10986328125,-409.6337585449219,,,,,,,,,,277456,2305
1786071844,741874319,,,,,5,-1495.589111328125,1021.8502197265625,-775.8306884765625,0.11059603840112686,-0.1504940688610077,-0.2666402757167816,0.9455279111862183,1,277456,2305
1786071844,749753107,1,-193.89344787597656,108.00910949707031,-406.18975830078125,,,,,,,,,,277457,2305
1786071844,749753107,,,,,5,-1495.5672607421875,1021.8871459960938,-775.8051147460938,0.11078688502311707,-0.1506977379322052,-0.2671702802181244,0.9453235268592834,1,277457,2305
1786071844,758580328,1,-207.47283935546875,94.46405792236328,-428.3822937011719,,,,,,,,,,277458,2305
1786071844,758580328,,,,,5,-1495.699951171875,1021.9319458007812,-775.7451782226562,0.11132809519767761,-0.15000975131988525,-0.26767846941947937,0.9452255964279175,1,277458,2305
1786071844,766643214,,,,,5,-1495.5596923828125,1021.8440551757812,-775.8712768554688,0.11087666451931,-0.15038450062274933,-0.26638928055763245,0.9455832242965698,1,277459,2305
1786071844,774625573,,,,,5,-1495.5562744140625,1021.8614501953125,-775.8436889648438,0.11076474189758301,-0.1504642814397812,-0.26660284399986267,0.9455235004425049,1,277460,2305
1786071844,783583443,1,-195.17303466796875,106.58147430419922,-404.5299987792969,,,,,,,,,,277461,2305
1786071844,783583443,,,,,5,-1495.535888671875,1021.8312377929688,-775.841064453125,0.11068857461214066,-0.15065240859985352,-0.26603415608406067,0.9456626772880554,1,277461,2305
1786071844,791531460,1,-195.12351989746094,106.6754379272461,-402.0885314941406,,,,,,,,,,277462,2305
1786071844,791531460,,,,,5,-1495.5780029296875,1021.8878173828125,-775.8427124023438,0.1109575480222702,-0.15049982070922852,-0.2668636739253998,0.945421576499939,1,277462,2305
1786071844,799596522,1,-194.9911651611328,107.09833526611328,-399.777587890625,,,,,,,,,,277463,2305
1786071844,799596522,,,,,5,-1495.575439453125,1021.8704223632812,-775.8224487304688,0.11057773977518082,-0.150690495967865,-0.2667778730392456,0.9454599022865295,1,277463,2305
1786071844,808549623,1,-194.7085418701172,107.03038024902344,-397.58575439453125,,,,,,,,,,277464,2305
1786071844,808549623,,,,,5,-1495.584228515625,1021.8571166992188,-775.7948608398438,0.11073343455791473,-0.15068911015987396,-0.2675131559371948,0.9452341794967651,1,277464,2305
1786071844,816456256,1,-194.17503356933594,108.26302337646484,-394.8437194824219,,,,,,,,,,277465,2305
1786071844,816456256,,,,,5,-1495.5911865234375,1021.8753051757812,-775.82421875,0.11075370758771896,-0.1505870670080185,-0.26708415150642395,0.9453693628311157,1,277465,2305
1786071844,825441170,1,-194.01695251464844,108.41680145263672,-393.008056640625,,,,,,,,,,277466,2305
1786071844,825441170,,,,,5,-1495.5595703125,1021.8453369140625,-775.8742065429688,0.11085550487041473,-0.15021046996116638,-0.2664256691932678,0.9456031918525696,1,277466,2305
1786071844,833583783,1,-193.61485290527344,108.28225708007812,-391.27178955078125,,,,,,,,,,277467,2305
1786071844,833583783,,,,,5,-1495.6976318359375,1021.9037475585938,-775.7999877929688,0.11137436330318451,-0.1495763659477234,-0.26799964904785156,0.9451978206634521,1,277467,2305
1786071844,841338164,1,-192.7268829345703,109.4185791015625,-388.12274169921875,,,,,,,,,,277468,2305
1786071844,841338164,,,,,5,-1495.5693359375,1021.8463134765625,-775.8084716796875,0.11124216765165329,-0.15038828551769257,-0.2675185799598694,0.9452207088470459,1,277468,2305
1786071844,850415864,1,-192.46629333496094,110.07271575927734,-386.1500244140625,,,,,,,,,,277469,2305
1786071844,850415864,,,,,5,-1495.5728759765625,1021.8748168945312,-775.8695678710938,0.11124707013368607,-0.15018771588802338,-0.2665841281414032,0.9455161094665527,1,277469,2305
1786071844,858517829,1,-191.546142578125,110.00575256347656,-381.2447814941406,,,,,,,,,,277470,2305
1786071844,858517829,,,,,5,-1495.5975341796875,1021.9154663085938,-775.8341674804688,0.11104143410921097,-0.15034832060337067,-0.2671028673648834,0.9453683495521545,1,277470,2305
1786071844,866355745,1,-190.75282287597656,114.7919692993164,-379.724365234375,,,,,,,,,,277471,2305
1786071844,866355745,,,,,5,-1495.68408203125,1021.9075317382812,-775.8009643554688,0.11154232174158096,-0.14980317652225494,-0.26800158619880676,0.9451415538787842,1,277471,2305
1786071844,875352022,1,-189.97264099121094,109.43799591064453,-381.1431884765625,,,,,,,,,,277472,2305
1786071844,875352022,,,,,5,-1495.551513671875,1021.9022827148438,-775.8348999023438,0.11113308370113373,-0.1505199521780014,-0.26683300733566284,0.9454065561294556,1,277472,2305
1786071844,883221528,1,-189.04653930664062,109.354736328125,-378.5655822753906,,,,,,,,,,277473,2305
1786071844,883221528,,,,,5,-1495.5577392578125,1021.8681640625,-775.8211059570312,0.11111396551132202,-0.15029579401016235,-0.26715952157974243,0.9453521966934204,1,277473,2305
1786071844,891275644,1,-188.2757568359375,109.95639038085938,-378.0618896484375,,,,,,,,,,277474,2305
1786071844,891275644,,,,,5,-1495.578857421875,1021.8619384765625,-775.8410034179688,0.11076758056879044,-0.1505705565214157,-0.26663485169410706,0.9454970955848694,1,277474,2305
1786071844,900186593,1,-188.25991821289062,107.55248260498047,-378.96649169921875,,,,,,,,,,277475,2305
1786071844,900186593,,,,,5,-1495.5643310546875,1021.876953125,-775.83056640625,0.11095822602510452,-0.15070022642612457,-0.26683491468429565,0.945397675037384,1,277475,2305
1786071844,908135250,1,-164.8713836669922,50.93381881713867,-473.88311767578125,,,,,,,,,,277476,2305
1786071844,908135250,,,,,5,-1495.5848388671875,1021.8966064453125,-775.8128662109375,0.11113183945417404,-0.15053775906562805,-0.2674102485179901,0.9452406764030457,1,277476,2305
1786071844,917439937,1,-163.32167053222656,52.344295501708984,-472.9132995605469,,,,,,,,,,277477,2305
1786071844,917439937,,,,,5,-1495.594482421875,1021.90380859375,-775.8405151367188,0.11088566482067108,-0.15030167996883392,-0.26697754859924316,0.9454295039176941,1,277477,2305
1786071844,925123648,1,-160.37210083007812,55.82026290893555,-467.2590026855469,,,,,,,,,,277478,2305
1786071844,925123648,,,,,5,-1495.57568359375,1021.8812866210938,-775.849365234375,0.11105933785438538,-0.15053153038024902,-0.2668790817260742,0.9454002380371094,1,277478,2305
1786071844,934827129,1,-161.97311401367188,53.47124481201172,-466.9832458496094,,,,,,,,,,277479,2305
1786071844,934827129,,,,,5,-1495.7086181640625,1021.9112548828125,-775.7870483398438,0.11127512156963348,-0.14974261820316315,-0.2681490480899811,0.9451407790184021,1,277479,2305
1786071844,941598189,,,,,5,-1495.6829833984375,1021.9379272460938,-775.8125610351562,0.111711286008358,-0.14945808053016663,-0.26811060309410095,0.945145308971405,1,277480,2305
1786071844,950167442,1,-181.71603393554688,109.84088134765625,-373.09478759765625,,,,,,,,,,277481,2305
1786071844,950167442,,,,,5,-1495.6956787109375,1021.9132690429688,-775.8036499023438,0.11130809783935547,-0.14987850189208984,-0.26795315742492676,0.9451709389686584,1,277481,2305
1786071844,958108546,1,-180.74346923828125,109.59894561767578,-373.0985107421875,,,,,,,,,,277482,2305
1786071844,958108546,,,,,5,-1495.7244873046875,1021.9293212890625,-775.7896728515625,0.11108580231666565,-0.14979232847690582,-0.26797249913215637,0.9452052116394043,1,277482,2305
1786071844,967066287,1,-179.8134002685547,109.5549545288086,-372.92022705078125,,,,,,,,,,277483,2305
1786071844,967066287,,,,,5,-1495.57080078125,1021.8513793945312,-775.8328857421875,0.11051298677921295,-0.15063510835170746,-0.26640796661376953,0.9455806016921997,1,277483,2305
1786071844,975013536,1,-178.79100036621094,110.65724182128906,-373.1971435546875,,,,,,,,,,277484,2305
1786071844,975013536,,,,,5,-1495.6234130859375,1021.8796997070312,-775.8380737304688,0.11101536452770233,-0.15032391250133514,-0.2675798833370209,0.9452404379844666,1,277484,2305
1786071844,983023932,1,-179.6902313232422,107.27266693115234,-375.79608154296875,,,,,,,,,,277485,2305
1786071844,983023932,,,,,5,-1495.5848388671875,1021.8649291992188,-775.84423828125,0.11060719937086105,-0.1507294476032257,-0.26679709553718567,0.9454448819160461,1,277485,2305
1786071844,992247131,1,-178.863037109375,106.64178466796875,-375.0584411621094,,,,,,,,,,277486,2305
1786071844,992247131,,,,,5,-1495.6009521484375,1021.8785400390625,-775.8178100585938,0.11072707921266556,-0.15065203607082367,-0.26710405945777893,0.945356547832489,1,277486,2305
1786071844,999967809,1,-176.00946044921875,110.69316101074219,-371.8723449707031,,,,,,,,,,277487,2305
1786071844,999967809,,,,,5,-1495.6776123046875,1021.935546875,-775.8348999023438,0.11043562740087509,-0.1500217169523239,-0.2661997675895691,0.9457458853721619,1,277487,2305
1786071845,7823969,1,-175.22384643554688,110.70362854003906,-370.82916259765625,,,,,,,,,,277488,2305
1786071845,7823969,,,,,5,-1495.60986328125,1021.8815307617188,-775.8331298828125,0.11066701263189316,-0.15058548748493195,-0.2668873369693756,0.9454354047775269,1,277488,2305
1786071845,16838265,1,-176.87051391601562,102.73039245605469,-376.5870056152344,,,,,,,,,,277489,2305
1786071845,16838265,,,,,5,-1495.5894775390625,1021.8831176757812,-775.8190307617188,0.11090752482414246,-0.15060032904148102,-0.26701775193214417,0.9453679323196411,1,277489,2305
1786071845,24914049,1,-173.64263916015625,110.54026794433594,-370.5992126464844,,,,,,,,,,277490,2305
1786071845,24914049,,,,,5,-1495.552734375,1021.8421020507812,-775.857421875,0.11083432286977768,-0.15036411583423615,-0.2668307423591614,0.9454668760299683,1,277490,2305
1786071845,33918872,1,-172.95208740234375,110.60427856445312,-370.554931640625,,,,,,,,,,277491,2305
1786071845,33918872,,,,,5,-1495.580078125,1021.8519897460938,-775.8402099609375,0.11071926355361938,-0.1508474349975586,-0.2667439579963684,0.9454278945922852,1,277491,2305
1786071845,41843108,1,-218.54705810546875,16.58026885986328,-487.23876953125,,,,,,,,,,277492,2305
1786071845,41843108,,,,,5,-1495.6136474609375,1021.87060546875,-775.864013671875,0.11097542196512222,-0.15061689913272858,-0.26684504747390747,0.9454060792922974,1,277492,2305
1786071845,49781523,1,-217.9575958251953,16.719921112060547,-487.65087890625,,,,,,,,,,277493,2305
1786071845,49781523,,,,,5,-1495.588134765625,1021.87890625,-775.8088989257812,0.11068297177553177,-0.15063998103141785,-0.26690590381622314,0.9454194903373718,1,277493,2305
1786071845,59279238,1,-175.28485107421875,98.87947845458984,-383.0611267089844,,,,,,,,,,277494,2305
1786071845,59279238,,,,,5,-1495.5872802734375,1021.88037109375,-775.8073120117188,0.1107809990644455,-0.15062104165554047,-0.26690152287483215,0.9454123377799988,1,277494,2305
1786071845,66998603,1,-174.29495239257812,101.93279266357422,-378.9432678222656,,,,,,,,,,277495,2305
1786071845,66998603,,,,,5,-1495.6973876953125,1021.9312744140625,-775.787353515625,0.11107826977968216,-0.15001173317432404,-0.2673482894897461,0.9453481435775757,1,277495,2305
1786071845,74779901,1,-169.47769165039062,109.97787475585938,-370.54833984375,,,,,,,,,,277496,2305
1786071845,74779901,,,,,5,-1495.6083984375,1021.8662109375,-775.7896118164062,0.11068900674581528,-0.1508493274450302,-0.2672876715660095,0.9452775716781616,1,277496,2305
1786071845,83852096,1,-168.86297607421875,108.26327514648438,-369.7854309082031,,,,,,,,,,277497,2305
1786071845,83852096,,,,,5,-1495.5516357421875,1021.8596801757812,-775.8251342773438,0.1107422411441803,-0.1507101207971573,-0.26665177941322327,0.9454731345176697,1,277497,2305
1786071845,91673209,1,-168.54071044921875,109.00800323486328,-371.5751647949219,,,,,,,,,,277498,2305
1786071845,91673209,,,,,5,-1495.5736083984375,1021.8681640625,-775.8433227539062,0.11080928146839142,-0.15051481127738953,-0.2665281891822815,0.9455313086509705,1,277498,2305
1786071845,99607207,1,-170.65225219726562,103.43048095703125,-376.1766662597656,,,,,,,,,,277499,2305
1786071845,99607207,,,,,5,-1495.5589599609375,1021.8662109375,-775.8334350585938,0.11046330630779266,-0.15087567269802094,-0.26562365889549255,0.9457687139511108,1,277499,2305
1786071845,109102393,1,-168.98251342773438,102.12606811523438,-379.847900390625,,,,,,,,,,277500,2305
1786071845,109102393,,,,,5,-1495.5504150390625,1021.8583984375,-775.843017578125,0.11137980222702026,-0.15046143531799316,-0.2669927775859833,0.9453416466712952,1,277500,2305
1786071845,116539658,1,-169.06471252441406,103.29206085205078,-378.46038818359375,,,,,,,,,,277501,2305
1786071845,116539658,,,,,5,-1495.5560302734375,1021.85498046875,-775.82666015625,0.1108982041478157,-0.15048235654830933,-0.2669646739959717,0.9454029202461243,1,277501,2305
1786071845,124605393,1,-168.30352783203125,104.36261749267578,-379.8770751953125,,,,,,,,,,277502,2305
1786071845,124605393,,,,,5,-1495.59375,1021.8851928710938,-775.8241577148438,0.11078640073537827,-0.15069302916526794,-0.26666516065597534,0.9454669952392578,1,277502,2305
1786071845,133525879,1,-167.72886657714844,103.30081176757812,-378.8960266113281,,,,,,,,,,277503,2305
1786071845,133525879,,,,,5,-1495.569580078125,1021.8871459960938,-775.8297729492188,0.11096399277448654,-0.15045902132987976,-0.2669987082481384,0.9453892707824707,1,277503,2305
1786071845,141612034,1,-167.3416290283203,103.32843017578125,-377.9620056152344,,,,,,,,,,277504,2305
1786071845,141612034,,,,,5,-1495.5927734375,1021.89453125,-775.8329467773438,0.11097676306962967,-0.15036267042160034,-0.2668035924434662,0.9454582929611206,1,277504,2305
1786071845,150736687,1,-166.570556640625,104.18895721435547,-379.2046813964844,,,,,,,,,,277505,2305
1786071845,150736687,,,,,5,-1495.568359375,1021.876953125,-775.8049926757812,0.11084788292646408,-0.15064916014671326,-0.26714158058166504,0.9453322291374207,1,277505,2305
1786071845,158808983,1,-165.81155395507812,104.43809509277344,-376.2745666503906,,,,,,,,,,277506,2305
1786071845,158808983,,,,,5,-1495.5614013671875,1021.86572265625,-775.8561401367188,0.11065854877233505,-0.15060144662857056,-0.26640042662620544,0.9455711245536804,1,277506,2305
1786071845,166631856,1,-165.47923278808594,104.03529357910156,-375.7007751464844,,,,,,,,,,277507,2305
1786071845,166631856,,,,,5,-1495.578125,1021.88427734375,-775.7879638671875,0.11090776324272156,-0.15065529942512512,-0.2668728828430176,0.945400059223175,1,277507,2305
1786071845,175457701,1,-162.64080810546875,108.47659301757812,-370.5704040527344,,,,,,,,,,277508,2305
1786071845,175457701,,,,,5,-1495.5760498046875,1021.8524780273438,-775.8194580078125,0.11070264130830765,-0.15066982805728912,-0.2668561339378357,0.9454265832901001,1,277508,2305
1786071845,183455647,1,-161.9306640625,110.4742431640625,-366.68109130859375,,,,,,,,,,277509,2305
1786071845,183455647,,,,,5,-1495.5555419921875,1021.86083984375,-775.8173217773438,0.11101438105106354,-0.15054555237293243,-0.26684069633483887,0.9454141855239868,1,277509,2305
1786071845,191538024,1,-160.31619262695312,111.95719146728516,-365.6273193359375,,,,,,,,,,277510,2305
1786071845,191538024,,,,,5,-1495.594970703125,1021.8729858398438,-775.8300170898438,0.11079046130180359,-0.15055431425571442,-0.26694607734680176,0.9454092979431152,1,277510,2305
1786071845,200411110,1,-156.0283966064453,114.39511108398438,-361.3794860839844,,,,,,,,,,277511,2305
1786071845,200411110,,,,,5,-1495.5970458984375,1021.8671875,-775.8220825195312,0.1106492206454277,-0.15066750347614288,-0.26696303486824036,0.945402979850769,1,277511,2305
1786071845,208818541,1,-156.23193359375,113.71595764160156,-362.2552185058594,,,,,,,,,,277512,2305
1786071845,208818541,,,,,5,-1495.66015625,1021.9169311523438,-775.7933349609375,0.11147326231002808,-0.1497795134782791,-0.2678457498550415,0.945197582244873,1,277512,2305
1786071845,216329483,1,-159.7950439453125,110.1241226196289,-367.2798767089844,,,,,,,,,,277513,2305
1786071845,216329483,,,,,5,-1495.619140625,1021.8917846679688,-775.8191528320312,0.1109064444899559,-0.15028923749923706,-0.2673473358154297,0.9453244209289551,1,277513,2305
1786071845,225311742,1,-159.9478759765625,108.97708129882812,-367.4363708496094,,,,,,,,,,277514,2305
1786071845,225311742,,,,,5,-1495.5809326171875,1021.8896484375,-775.7946166992188,0.11082607507705688,-0.15072883665561676,-0.26685985922813416,0.9454014897346497,1,277514,2305
1786071845,233226376,1,-159.86090087890625,109.65807342529297,-368.4581604003906,,,,,,,,,,277515,2305
1786071845,233226376,,,,,5,-1495.610595703125,1021.8922119140625,-775.8220825195312,0.11055036634206772,-0.15047068893909454,-0.2667851150035858,0.945496141910553,1,277515,2305
1786071845,242172212,1,-159.5045623779297,109.2342529296875,-368.0389404296875,,,,,,,,,,277516,2305
1786071845,242172212,,,,,5,-1495.57080078125,1021.8759155273438,-775.8123168945312,0.11075230687856674,-0.1507318913936615,-0.2669719159603119,0.9453781843185425,1,277516,2305
1786071845,250180687,1,-159.30882263183594,108.50595092773438,-367.1512145996094,,,,,,,,,,277517,2305
1786071845,250180687,,,,,5,-1495.576416015625,1021.8355712890625,-775.79736328125,0.11139052361249924,-0.15040263533592224,-0.26773762702941895,0.9451389908790588,1,277517,2305
1786071845,258103419,1,-158.9095458984375,109.44744873046875,-368.0945129394531,,,,,,,,,,277518,2305
1786071845,258103419,,,,,5,-1495.7147216796875,1021.9527587890625,-775.7965698242188,0.11135770380496979,-0.14961446821689606,-0.26788827776908875,0.9452252984046936,1,277518,2305
1786071845,267192738,1,-158.7998809814453,109.37326049804688,-367.24798583984375,,,,,,,,,,277519,2305
1786071845,267192738,,,,,5,-1495.58203125,1021.8556518554688,-775.8173828125,0.11059322953224182,-0.1506842076778412,-0.2665187418460846,0.9455322027206421,1,277519,2305
1786071845,275199261,1,-160.64923095703125,108.3362808227539,-365.5783996582031,,,,,,,,,,277520,2305
1786071845,275199261,,,,,5,-1495.5858154296875,1021.8880004882812,-775.8165893554688,0.11088716238737106,-0.15041619539260864,-0.2670784890651703,0.9453825950622559,1,277520,2305
1786071845,283191382,1,-159.8501434326172,108.35909271240234,-366.70391845703125,,,,,,,,,,277521,2305
1786071845,283191382,,,,,5,-1495.703369140625,1021.8677978515625,-775.7611694335938,0.1110345870256424,-0.14996230602264404,-0.26760420203208923,0.9452887177467346,1,277521,2305
1786071845,292076918,1,-156.91098022460938,111.36107635498047,-365.048828125,,,,,,,,,,277522,2305
1786071845,292076918,,,,,5,-1495.5687255859375,1021.85693359375,-775.8367919921875,0.11089647561311722,-0.1503583788871765,-0.26703113317489624,0.945404052734375,1,277522,2305
1786071845,300074800,1,-156.81910705566406,110.76712036132812,-365.12628173828125,,,,,,,,,,277523,2305
1786071845,300074800,,,,,5,-1495.565673828125,1021.8443603515625,-775.8052978515625,0.11040975898504257,-0.1507491171360016,-0.26675012707710266,0.9454781413078308,1,277523,2305
1786071845,308461267,1,-156.61080932617188,110.9586410522461,-365.5610046386719,,,,,,,,,,277524,2305
1786071845,308461267,,,,,5,-1495.5634765625,1021.8588256835938,-775.8451538085938,0.11098047345876694,-0.15056541562080383,-0.2670506238937378,0.9453557133674622,1,277524,2305
1786071845,316994033,1,-156.48939514160156,110.36275482177734,-365.3730163574219,,,,,,,,,,277525,2305
1786071845,316994033,,,,,5,-1495.5677490234375,1021.8626098632812,-775.7999877929688,0.1106184795498848,-0.15066444873809814,-0.26695898175239563,0.9454083442687988,1,277525,2305
1786071845,325120515,1,-156.30368041992188,110.2972640991211,-365.580322265625,,,,,,,,,,277526,2305
1786071845,325120515,,,,,5,-1495.5867919921875,1021.8883056640625,-775.8193969726562,0.11099886894226074,-0.15059581398963928,-0.2671196162700653,0.9453291893005371,1,277526,2305
1786071845,333773015,1,-160.94088745117188,105.70381164550781,-367.95428466796875,,,,,,,,,,277527,2305
1786071845,333773015,,,,,5,-1495.5677490234375,1021.8477783203125,-775.8233642578125,0.11062204092741013,-0.1507236510515213,-0.26636889576911926,0.9455647468566895,1,277527,2305
1786071845,341929679,1,-159.4580078125,106.08689880371094,-367.3140563964844,,,,,,,,,,277528,2305
1786071845,341929679,,,,,5,-1495.5889892578125,1021.9000854492188,-775.8317260742188,0.11071056872606277,-0.15063612163066864,-0.2667076587677002,0.9454728364944458,1,277528,2305
1786071845,349899140,1,-160.2250518798828,106.03016662597656,-366.93145751953125,,,,,,,,,,277529,2305
1786071845,349899140,,,,,5,-1495.5615234375,1021.8674926757812,-775.8489379882812,0.1111215353012085,-0.15034057199954987,-0.26668113470077515,0.9454792737960815,1,277529,2305
1786071845,358933696,1,-156.06207275390625,109.73920440673828,-365.65362548828125,,,,,,,,,,277530,2305
1786071845,358933696,,,,,5,-1495.5853271484375,1021.8630981445312,-775.8112182617188,0.11058439314365387,-0.1507703959941864,-0.26640966534614563,0.9455502033233643,1,277530,2305
1786071845,367312257,1,-156.0839080810547,109.27642059326172,-364.9285583496094,,,,,,,,,,277531,2305
1786071845,367312257,,,,,5,-1495.56396484375,1021.8656616210938,-775.8148803710938,0.1107366532087326,-0.15079309046268463,-0.2668156921863556,0.9454143047332764,1,277531,2305
1786071845,374790105,1,-155.51165771484375,109.2213134765625,-365.1916198730469,,,,,,,,,,277532,2305
1786071845,374790105,,,,,5,-1495.7073974609375,1021.9452514648438,-775.7449951171875,0.11138483881950378,-0.1499289870262146,-0.26841244101524353,0.9450235962867737,1,277532,2305
1786071845,383798769,1,-155.30032348632812,109.20574188232422,-364.8876037597656,,,,,,,,,,277533,2305
1786071845,383798769,,,,,5,-1495.5869140625,1021.8873901367188,-775.8092651367188,0.1107219010591507,-0.1506812423467636,-0.2669863998889923,0.9453855752944946,1,277533,2305
1786071845,391792938,1,-155.1332244873047,109.19586181640625,-364.72491455078125,,,,,,,,,,277534,2305
1786071845,391792938,,,,,5,-1495.5958251953125,1021.8668823242188,-775.8358764648438,0.11065905541181564,-0.15080252289772034,-0.26676803827285767,0.9454353451728821,1,277534,2305
1786071845,402184772,1,-157.88987731933594,106.05638122558594,-366.5775146484375,,,,,,,,,,277535,2305
1786071845,402184772,,,,,5,-1495.556396484375,1021.8513793945312,-775.8402709960938,0.11080358177423477,-0.15056279301643372,-0.2665497064590454,0.9455181956291199,1,277535,2305
1786071845,408653472,1,-157.79505920410156,106.0660171508789,-366.2800598144531,,,,,,,,,,277536,2305
1786071845,408653472,,,,,5,-1495.57275390625,1021.8837890625,-775.8157958984375,0.11085032671689987,-0.1506374180316925,-0.2671140432357788,0.9453415274620056,1,277536,2305
1786071845,416678207,1,-153.6261749267578,110.40740966796875,-361.6563415527344,,,,,,,,,,277537,2305
1786071845,416678207,,,,,5,-1495.7003173828125,1021.9332275390625,-775.7664184570312,0.1113024577498436,-0.14973776042461395,-0.26846855878829956,0.9450476765632629,1,277537,2305
1786071845,424653684,1,-153.52633666992188,110.78336334228516,-362.6664123535156,,,,,,,,,,277538,2305
1786071845,424653684,,,,,5,-1495.5865478515625,1021.9119262695312,-775.8045043945312,0.11102111637592316,-0.15036126971244812,-0.26735010743141174,0.9452986717224121,1,277538,2305
1786071845,433671757,1,-153.77871704101562,110.39006805419922,-362.9167785644531,,,,,,,,,,277539,2305
1786071845,433671757,,,,,5,-1495.5697021484375,1021.8978881835938,-775.8131713867188,0.11088777333498001,-0.15050245821475983,-0.26691898703575134,0.9454138278961182,1,277539,2305
1786071845,441528365,1,-153.7612762451172,110.40831756591797,-362.6341552734375,,,,,,,,,,277540,2306
1786071845,441528365,,,,,5,-1495.6947021484375,1021.9373168945312,-775.8017578125,0.11148698627948761,-0.14976418018341064,-0.26778531074523926,0.9452155232429504,1,277540,2306
1786071845,450614162,1,-153.98330688476562,110.09188079833984,-362.1793212890625,,,,,,,,,,277541,2306
1786071845,450614162,,,,,5,-1495.5960693359375,1021.8890991210938,-775.814697265625,0.1107451319694519,-0.15076859295368195,-0.26685136556625366,0.9454070925712585,1,277541,2306
1786071845,458611756,1,-154.37045288085938,109.92843627929688,-361.8482360839844,,,,,,,,,,277542,2306
1786071845,458611756,,,,,5,-1495.5838623046875,1021.8768920898438,-775.8130493164062,0.11069536954164505,-0.15061210095882416,-0.2670765221118927,0.9453743696212769,1,277542,2306
1786071845,466534744,1,-154.33758544921875,109.90340423583984,-361.5546569824219,,,,,,,,,,277543,2306
1786071845,466534744,,,,,5,-1495.6072998046875,1021.8786010742188,-775.8131103515625,0.11081428080797195,-0.15044203400611877,-0.2671353816986084,0.9453709721565247,1,277543,2306
1786071845,474975109,1,-157.18966674804688,107.12060546875,-362.29583740234375,,,,,,,,,,277544,2306
1786071845,474975109,,,,,5,-1495.5718994140625,1021.8828125,-775.8341064453125,0.11087942123413086,-0.1503565013408661,-0.26665979623794556,0.9455110430717468,1,277544,2306
1786071845,483507299,1,-153.30764770507812,110.67013549804688,-361.07342529296875,,,,,,,,,,277545,2306
1786071845,483507299,,,,,5,-1495.6815185546875,1021.9342651367188,-775.7807006835938,0.11131121218204498,-0.14977014064788818,-0.267559677362442,0.9452990889549255,1,277545,2306
1786071845,491388807,1,-153.78506469726562,110.25332641601562,-360.6099853515625,,,,,,,,,,277546,2306
1786071845,491388807,,,,,5,-1495.662109375,1021.9259643554688,-775.7700805664062,0.1114482581615448,-0.14978854358196259,-0.2678658962249756,0.9451934099197388,1,277546,2306
1786071845,500485935,1,-153.26821899414062,110.42037963867188,-360.4664611816406,,,,,,,,,,277547,2306
1786071845,500485935,,,,,5,-1495.5367431640625,1021.8619995117188,-775.8214111328125,0.11112610995769501,-0.1504833698272705,-0.26729896664619446,0.945281445980072,1,277547,2306
1786071845,508515727,1,-153.1542510986328,110.14389038085938,-360.10919189453125,,,,,,,,,,277548,2306
1786071845,508515727,,,,,5,-1495.5673828125,1021.8715209960938,-775.8229370117188,0.11092394590377808,-0.1506018489599228,-0.2667166292667389,0.9454508423805237,1,277548,2306
1786071845,516437050,1,-153.373779296875,110.444091796875,-359.88470458984375,,,,,,,,,,277549,2306
1786071845,516437050,,,,,5,-1495.567626953125,1021.8698120117188,-775.8267822265625,0.11090625077486038,-0.15058493614196777,-0.26693493127822876,0.945393979549408,1,277549,2306
1786071845,525392520,1,-153.37930297851562,110.29007720947266,-359.65496826171875,,,,,,,,,,277550,2306
1786071845,525392520,,,,,5,-1495.5594482421875,1021.8793334960938,-775.8385620117188,0.11084076017141342,-0.15062345564365387,-0.2664169371128082,0.9455416202545166,1,277550,2306
1786071845,533321461,1,-153.3994598388672,110.7372055053711,-359.3667297363281,,,,,,,,,,277551,2306
1786071845,533321461,,,,,5,-1495.5833740234375,1021.8779296875,-775.8385620117188,0.1108965277671814,-0.1505340337753296,-0.26702889800071716,0.9453766942024231,1,277551,2306
1786071845,541277127,1,-153.20643615722656,108.18128967285156,-359.39373779296875,,,,,,,,,,277552,2306
1786071845,541277127,,,,,5,-1495.5791015625,1021.8464965820312,-775.8387451171875,0.11102139204740524,-0.15050530433654785,-0.2673500180244446,0.9452757835388184,1,277552,2306
1786071845,550244342,1,-156.9136199951172,104.89700317382812,-359.7635192871094,,,,,,,,,,277553,2306
1786071845,550244342,,,,,5,-1495.5718994140625,1021.8717041015625,-775.8297119140625,0.1108749657869339,-0.1504918932914734,-0.26689332723617554,0.9454241991043091,1,277553,2306
1786071845,558223084,1,-156.9021759033203,104.77659606933594,-359.4461975097656,,,,,,,,,,277554,2306
1786071845,558223084,,,,,5,-1495.5653076171875,1021.8837280273438,-775.8292846679688,0.11073976010084152,-0.15050502121448517,-0.2667192816734314,0.9454870820045471,1,277554,2306
1786071845,566208452,1,-153.70277404785156,108.74430847167969,-358.1131286621094,,,,,,,,,,277555,2306
1786071845,566208452,,,,,5,-1495.5931396484375,1021.8904418945312,-775.79833984375,0.11071959882974625,-0.15051919221878052,-0.2668447196483612,0.9454517960548401,1,277555,2306
1786071845,575153999,1,-154.02023315429688,107.9993667602539,-357.4794921875,,,,,,,,,,277556,2306
1786071845,575153999,,,,,5,-1495.600341796875,1021.8815307617188,-775.8274536132812,0.11114467680454254,-0.15039367973804474,-0.26775598526000977,0.945164144039154,1,277556,2306
1786071845,583143080,1,-153.59231567382812,110.4090805053711,-357.004150390625,,,,,,,,,,277557,2306
1786071845,583143080,,,,,5,-1495.5902099609375,1021.87158203125,-775.8485717773438,0.11091223359107971,-0.15034593641757965,-0.2674347162246704,0.9452900886535645,1,277557,2306
1786071845,592114776,1,-153.44821166992188,109.3525619506836,-356.8084716796875,,,,,,,,,,277558,2306
1786071845,592114776,,,,,5,-1495.5574951171875,1021.8518676757812,-775.8555908203125,0.11085295677185059,-0.150456964969635,-0.2667951285839081,0.9454600214958191,1,277558,2306
1786071845,600199490,1,-153.5085906982422,108.96754455566406,-356.34564208984375,,,,,,,,,,277559,2306
1786071845,600199490,,,,,5,-1495.67529296875,1021.9308471679688,-775.8156127929688,0.11153330653905869,-0.14952786266803741,-0.2675584554672241,0.9453117847442627,1,277559,2306
1786071845,608122702,1,-153.761962890625,108.6141586303711,-355.84375,,,,,,,,,,277560,2306
1786071845,608122702,,,,,5,-1495.5489501953125,1021.8341064453125,-775.788330078125,0.11120422184467316,-0.1505815088748932,-0.26732736825942993,0.945248544216156,1,277560,2306
1786071845,617063641,1,-157.50167846679688,105.11309814453125,-356.4940490722656,,,,,,,,,,277561,2306
1786071845,617063641,,,,,5,-1495.579345703125,1021.8551025390625,-775.8282470703125,0.11074978858232498,-0.1510273963212967,-0.26646625995635986,0.9454739689826965,1,277561,2306
1786071845,625097817,1,-157.6116943359375,105.06690979003906,-356.1446533203125,,,,,,,,,,277562,2306
1786071845,625097817,,,,,5,-1495.5787353515625,1021.84130859375,-775.8251342773438,0.11063883453607559,-0.15072543919086456,-0.26665589213371277,0.9454815983772278,1,277562,2306
1786071845,633087410,1,-154.4326629638672,110.0263671875,-354.2305908203125,,,,,,,,,,277563,2306
1786071845,633087410,,,,,5,-1495.6888427734375,1021.8873901367188,-775.8008422851562,0.11147856712341309,-0.14992570877075195,-0.2678578794002533,0.9451704025268555,1,277563,2306
1786071845,642002999,1,-154.56069946289062,110.23538208007812,-353.7170715332031,,,,,,,,,,277564,2306
1786071845,642002999,,,,,5,-1495.5628662109375,1021.8634033203125,-775.7928466796875,0.11067628115415573,-0.15062136948108673,-0.26681697368621826,0.9454483985900879,1,277564,2306
1786071845,650186132,1,-154.69900512695312,110.23844146728516,-353.1372375488281,,,,,,,,,,277565,2306
1786071845,650186132,,,,,5,-1495.57763671875,1021.8884887695312,-775.8694458007812,0.11097005754709244,-0.15039363503456116,-0.26658523082733154,0.9455156922340393,1,277565,2306
1786071845,657876916,1,-154.5308837890625,108.2408447265625,-353.0094299316406,,,,,,,,,,277566,2306
1786071845,657876916,,,,,5,-1495.6160888671875,1021.8444213867188,-775.832763671875,0.11082190275192261,-0.1504795253276825,-0.26736846566200256,0.9452982544898987,1,277566,2306
1786071845,666875690,1,-154.3373260498047,110.47380828857422,-352.30352783203125,,,,,,,,,,277567,2306
1786071845,666875690,,,,,5,-1495.537109375,1021.8546752929688,-775.8272705078125,0.11090796440839767,-0.15065625309944153,-0.2667176425457001,0.9454436898231506,1,277567,2306
1786071845,674863746,1,-154.30966186523438,109.09706115722656,-352.2641906738281,,,,,,,,,,277568,2306
1786071845,674863746,,,,,5,-1495.548095703125,1021.8606567382812,-775.8322143554688,0.11103004217147827,-0.15044677257537842,-0.2665441632270813,0.9455116987228394,1,277568,2306
1786071845,683021850,1,-154.5401611328125,108.99542236328125,-351.9295349121094,,,,,,,,,,277569,2306
1786071845,683021850,,,,,5,-1495.55126953125,1021.8448486328125,-775.8453369140625,0.1113039031624794,-0.1504041999578476,-0.26719900965690613,0.9453012943267822,1,277569,2306
1786071845,691896472,1,-155.00039672851562,108.45623779296875,-351.3506164550781,,,,,,,,,,277570,2306
1786071845,691896472,,,,,5,-1495.573974609375,1021.87890625,-775.8318481445312,0.1111736074090004,-0.15028195083141327,-0.26702553033828735,0.9453851580619812,1,277570,2306
1786071845,700024522,1,-154.39724731445312,107.66407775878906,-351.5390625,,,,,,,,,,277571,2306
1786071845,700024522,,,,,5,-1495.558349609375,1021.8671264648438,-775.7799072265625,0.11074507981538773,-0.1508418470621109,-0.26662006974220276,0.9454607367515564,1,277571,2306
1786071845,708779410,1,-154.812744140625,109.07894134521484,-350.5242919921875,,,,,,,,,,277572,2306
1786071845,708779410,,,,,5,-1495.5701904296875,1021.8607788085938,-775.8145751953125,0.11090602725744247,-0.15074490010738373,-0.266965389251709,0.9453598856925964,1,277572,2306
1786071845,716766538,1,-158.41221618652344,103.50518798828125,-351.7069396972656,,,,,,,,,,277573,2306
1786071845,716766538,,,,,5,-1495.6007080078125,1021.86669921875,-775.8277587890625,0.11079146713018417,-0.15062133967876434,-0.2668745517730713,0.9454187154769897,1,277573,2306
1786071845,725280388,1,-155.03936767578125,108.80650329589844,-349.9873962402344,,,,,,,,,,277574,2306
1786071845,725280388,,,,,5,-1495.55419921875,1021.8713989257812,-775.8150024414062,0.11096246540546417,-0.15065671503543854,-0.2669071853160858,0.9453836679458618,1,277574,2306
1786071845,733754167,1,-155.150390625,109.14404296875,-349.6327209472656,,,,,,,,,,277575,2306
1786071845,733754167,,,,,5,-1495.5950927734375,1021.8871459960938,-775.80322265625,0.11092663556337357,-0.1506490409374237,-0.26692578196525574,0.9453840851783752,1,277575,2306
1786071845,741732558,1,-155.7517852783203,109.8121337890625,-348.6710205078125,,,,,,,,,,277576,2306
1786071845,741732558,,,,,5,-1495.549560546875,1021.8485717773438,-775.8478393554688,0.1110863909125328,-0.1505282074213028,-0.2668667733669281,0.9454010725021362,1,277576,2306
1786071845,749702562,1,-155.8489227294922,110.18929290771484,-348.2048034667969,,,,,,,,,,277577,2306
1786071845,749702562,,,,,5,-1495.616943359375,1021.8851928710938,-775.8131713867188,0.110808826982975,-0.150678813457489,-0.2674397826194763,0.9452477097511292,1,277577,2306
1786071845,758619752,1,-155.8732147216797,110.24687194824219,-347.95196533203125,,,,,,,,,,277578,2306
1786071845,758619752,,,,,5,-1495.5657958984375,1021.8674926757812,-775.8151245117188,0.1107739806175232,-0.15068548917770386,-0.26704537868499756,0.9453622698783875,1,277578,2306
1786071845,766639911,1,-155.63851928710938,108.94075012207031,-348.0962829589844,,,,,,,,,,277579,2306
1786071845,766639911,,,,,5,-1495.552001953125,1021.8651733398438,-775.8372192382812,0.11095674335956573,-0.15029191970825195,-0.26698076725006104,0.9454218149185181,1,277579,2306
1786071845,774548720,1,-155.7120819091797,110.84056854248047,-347.5290222167969,,,,,,,,,,277580,2306
1786071845,774548720,,,,,5,-1495.5703125,1021.8578491210938,-775.8186645507812,0.11054332554340363,-0.1508380025625229,-0.26699912548065186,0.9453780651092529,1,277580,2306
1786071845,783584652,1,-155.7393035888672,110.81805419921875,-347.2837219238281,,,,,,,,,,277581,2306
1786071845,783584652,,,,,5,-1495.617431640625,1021.8927001953125,-775.8368530273438,0.11080016940832138,-0.1505732238292694,-0.2671211361885071,0.9453557133674622,1,277581,2306
1786071845,791523291,1,-155.83583068847656,110.80187225341797,-347.0970458984375,,,,,,,,,,277582,2306
1786071845,791523291,,,,,5,-1495.5595703125,1021.8697509765625,-775.8368530273438,0.11079549044370651,-0.15085163712501526,-0.266829252243042,0.9453942775726318,1,277582,2306
1786071845,800554742,1,-156.1508026123047,110.62266540527344,-346.67462158203125,,,,,,,,,,277583,2306
1786071845,800554742,,,,,5,-1495.5679931640625,1021.8951416015625,-775.8433837890625,0.11088525503873825,-0.1506054550409317,-0.2667987048625946,0.9454315900802612,1,277583,2306
1786071845,808874221,1,-156.1182403564453,109.54167175292969,-346.8751525878906,,,,,,,,,,277584,2306
1786071845,808874221,,,,,5,-1495.56884765625,1021.8713989257812,-775.8672485351562,0.1110108494758606,-0.1504008024930954,-0.26710987091064453,0.9453616142272949,1,277584,2306
1786071845,816489791,1,-156.4112548828125,109.19363403320312,-346.8945007324219,,,,,,,,,,277585,2306
1786071845,816489791,,,,,5,-1495.5599365234375,1021.8821411132812,-775.8060913085938,0.11058627814054489,-0.15080209076404572,-0.2660984396934509,0.9456325173377991,1,277585,2306
1786071845,825718815,1,-156.26368713378906,109.79622650146484,-346.702392578125,,,,,,,,,,277586,2306
1786071845,825718815,,,,,5,-1495.5408935546875,1021.8258056640625,-775.8197631835938,0.11117912083864212,-0.15053492784500122,-0.2676573693752289,0.9451655149459839,1,277586,2306
1786071845,833443014,1,-156.3140106201172,110.04568481445312,-346.5368347167969,,,,,,,,,,277587,2306
1786071845,833443014,,,,,5,-1495.6859130859375,1021.9397583007812,-775.7816772460938,0.11115442216396332,-0.14988993108272552,-0.26788297295570374,0.9452071785926819,1,277587,2306
1786071845,842074167,1,-156.46875,109.80786895751953,-346.4902648925781,,,,,,,,,,277588,2306
1786071845,842074167,,,,,5,-1495.6727294921875,1021.9542236328125,-775.7903442382812,0.11130032688379288,-0.15004780888557434,-0.2673109173774719,0.9453268647193909,1,277588,2306
1786071845,850630105,1,-156.383544921875,107.90617370605469,-346.7132873535156,,,,,,,,,,277589,2306
1786071845,850630105,,,,,5,-1495.65576171875,1021.9190673828125,-775.815673828125,0.11115434020757675,-0.14968211948871613,-0.26725882291793823,0.9454167485237122,1,277589,2306
1786071845,858293780,1,-156.9019012451172,109.48904418945312,-346.1764221191406,,,,,,,,,,277590,2306
1786071845,858293780,,,,,5,-1495.57421875,1021.8761596679688,-775.8136596679688,0.11074802279472351,-0.1506863236427307,-0.2669045627117157,0.9454049468040466,1,277590,2306
1786071845,866260488,1,-156.84127807617188,109.89311218261719,-346.32806396484375,,,,,,,,,,277591,2306
1786071845,866260488,,,,,5,-1495.587890625,1021.8896484375,-775.8451538085938,0.11075756698846817,-0.15065893530845642,-0.2668519616127014,0.9454230666160583,1,277591,2306
1786071845,875333612,1,-156.96875,109.98255920410156,-346.3343811035156,,,,,,,,,,277592,2306
1786071845,875333612,,,,,5,-1495.5648193359375,1021.87841796875,-775.80126953125,0.11071658134460449,-0.15047858655452728,-0.2666335701942444,0.9455181360244751,1,277592,2306
1786071845,883357130,1,-157.04417419433594,109.68392944335938,-346.419677734375,,,,,,,,,,277593,2306
1786071845,883357130,,,,,5,-1495.5819091796875,1021.8991088867188,-775.8261108398438,0.11060643941164017,-0.15060001611709595,-0.26643797755241394,0.9455669522285461,1,277593,2306
1786071845,891455191,1,-157.1173095703125,110.00444030761719,-346.40740966796875,,,,,,,,,,277594,2306
1786071845,891455191,,,,,5,-1495.5748291015625,1021.8751831054688,-775.7972412109375,0.11080756783485413,-0.15072834491729736,-0.2669910788536072,0.9453668594360352,1,277594,2306
1786071845,900209535,1,-157.3368682861328,109.90151977539062,-346.55078125,,,,,,,,,,277595,2306
1786071845,900209535,,,,,5,-1495.54833984375,1021.8432006835938,-775.8516845703125,0.11087030172348022,-0.15033802390098572,-0.26688534021377563,0.945451557636261,1,277595,2306
1786071845,908225372,1,-157.51976013183594,109.72592163085938,-346.6337585449219,,,,,,,,,,277596,2306
1786071845,908225372,,,,,5,-1495.568115234375,1021.8728637695312,-775.8136596679688,0.11079981178045273,-0.15060514211654663,-0.2667742073535919,0.945448637008667,1,277596,2306
1786071845,917258136,1,-157.8345184326172,109.40567016601562,-346.56787109375,,,,,,,,,,277597,2306
1786071845,917258136,,,,,5,-1495.7135009765625,1021.9931030273438,-775.7640991210938,0.11135830730199814,-0.14978227019309998,-0.267408162355423,0.9453346729278564,1,277597,2306
1786071845,925258386,1,-156.6882781982422,110.82365417480469,-344.67498779296875,,,,,,,,,,277598,2306
1786071845,925258386,,,,,5,-1495.535888671875,1021.8761596679688,-775.8521728515625,0.11053485423326492,-0.15073202550411224,-0.2653222680091858,0.9458678364753723,1,277598,2306
1786071845,933477013,1,-157.4652099609375,110.16500091552734,-345.6145324707031,,,,,,,,,,277599,2306
1786071845,933477013,,,,,5,-1495.6844482421875,1021.9288330078125,-775.7816772460938,0.11101460456848145,-0.14993728697299957,-0.2672976553440094,0.9453817009925842,1,277599,2306
1786071845,943247355,1,-158.16746520996094,109.67465209960938,-346.31329345703125,,,,,,,,,,277600,2306
1786071845,943247355,,,,,5,-1495.562255859375,1021.8850708007812,-775.8234252929688,0.11080365628004074,-0.15068919956684113,-0.2664772868156433,0.9455184936523438,1,277600,2306
1786071845,950153897,1,-158.66409301757812,109.31282806396484,-346.9811096191406,,,,,,,,,,277601,2306
1786071845,950153897,,,,,5,-1495.5462646484375,1021.88037109375,-775.8390502929688,0.11067010462284088,-0.1505352407693863,-0.2660694420337677,0.9456734657287598,1,277601,2306
1786071845,958097048,1,-158.94232177734375,109.13168334960938,-347.3947448730469,,,,,,,,,,277602,2306
1786071845,958097048,,,,,5,-1495.5545654296875,1021.8898315429688,-775.8477783203125,0.11075880378484726,-0.15072695910930634,-0.26581627130508423,0.9457038640975952,1,277602,2306
1786071845,967044580,1,-159.0736541748047,109.2842788696289,-347.4494934082031,,,,,,,,,,277603,2306
1786071845,967044580,,,,,5,-1495.5938720703125,1021.9364624023438,-775.8660278320312,0.11111166328191757,-0.15006303787231445,-0.26686400175094604,0.9454728364944458,1,277603,2306
1786071845,974966992,1,-158.53408813476562,109.98651885986328,-347.8990173339844,,,,,,,,,,277604,2306
1786071845,974966992,,,,,5,-1495.56640625,1021.8720703125,-775.8578491210938,0.11088187992572784,-0.15034133195877075,-0.26630720496177673,0.9456126689910889,1,277604,2306
1786071845,983819754,1,-158.67996215820312,109.98290252685547,-348.0961608886719,,,,,,,,,,277605,2306
1786071845,983819754,,,,,5,-1495.5845947265625,1021.8927612304688,-775.8429565429688,0.11093112826347351,-0.15051203966140747,-0.2667903006076813,0.9454435110092163,1,277605,2306
1786071845,991868941,1,-158.7140655517578,110.10475158691406,-348.3240966796875,,,,,,,,,,277606,2306
1786071845,991868941,,,,,5,-1495.678955078125,1021.9107666015625,-775.7819213867188,0.11103038489818573,-0.15005365014076233,-0.26728367805480957,0.9453652501106262,1,277606,2306
1786071845,999891660,1,-158.85223388671875,109.88734436035156,-348.55035400390625,,,,,,,,,,277607,2306
1786071845,999891660,,,,,5,-1495.5467529296875,1021.8863525390625,-775.7991333007812,0.11059607565402985,-0.15075606107711792,-0.2665954530239105,0.9454988837242126,1,277607,2306
1786071846,8463953,1,-158.93898010253906,109.75314331054688,-348.69482421875,,,,,,,,,,277608,2306
1786071846,8463953,,,,,5,-1495.57373046875,1021.8684692382812,-775.8795776367188,0.11072880029678345,-0.150650754570961,-0.2667835056781769,0.9454470276832581,1,277608,2306
1786071846,16841362,1,-158.6851806640625,108.70808410644531,-349.1994323730469,,,,,,,,,,277609,2306
1786071846,16841362,,,,,5,-1495.5560302734375,1021.8795776367188,-775.8394775390625,0.1103748306632042,-0.15081551671028137,-0.2660006880760193,0.9456827044487,1,277609,2306
1786071846,24939039,1,-159.02061462402344,107.93070220947266,-349.1718444824219,,,,,,,,,,277610,2306
1786071846,24939039,,,,,5,-1495.554931640625,1021.85400390625,-775.84130859375,0.11069376021623611,-0.15086042881011963,-0.26621702313423157,0.9455773234367371,1,277610,2306
1786071846,33841570,1,-159.42677307128906,109.45004272460938,-349.3354797363281,,,,,,,,,,277611,2306
1786071846,33841570,,,,,5,-1495.5633544921875,1021.9132080078125,-775.8329467773438,0.11079046130180359,-0.15046076476573944,-0.26594027876853943,0.9457076191902161,1,277611,2306
1786071846,42057733,1,-157.4329376220703,109.22515106201172,-347.89385986328125,,,,,,,,,,277612,2306
1786071846,42057733,,,,,5,-1495.5316162109375,1021.8931884765625,-775.8338012695312,0.11097900569438934,-0.150408074259758,-0.2666165232658386,0.9455034136772156,1,277612,2306
1786071846,50119435,1,-160.1298370361328,108.98397827148438,-349.3633117675781,,,,,,,,,,277613,2306
1786071846,50119435,,,,,5,-1495.573486328125,1021.8767700195312,-775.8423461914062,0.11106204986572266,-0.1503630429506302,-0.2667126953601837,0.9454737305641174,1,277613,2306
1786071846,58778305,1,-159.78529357910156,109.37123107910156,-349.7974853515625,,,,,,,,,,277614,2306
1786071846,58778305,,,,,5,-1495.567626953125,1021.8969116210938,-775.846435546875,0.11061415076255798,-0.150614932179451,-0.2663287818431854,0.945594310760498,1,277614,2306
1786071846,66712079,1,-160.0830535888672,109.5111083984375,-349.80023193359375,,,,,,,,,,277615,2306
1786071846,66712079,,,,,5,-1495.5751953125,1021.9027709960938,-775.8385620117188,0.11060085892677307,-0.15057803690433502,-0.26623091101646423,0.9456292986869812,1,277615,2306
1786071846,74820221,1,-160.24307250976562,109.51641082763672,-349.9701843261719,,,,,,,,,,277616,2306
1786071846,74820221,,,,,5,-1495.5657958984375,1021.89892578125,-775.8004760742188,0.1106504276394844,-0.1507970541715622,-0.2665611207485199,0.9454955458641052,1,277616,2306
1786071846,83654196,1,-160.65493774414062,109.0970458984375,-350.162841796875,,,,,,,,,,277617,2306
1786071846,83654196,,,,,5,-1495.6754150390625,1021.9236450195312,-775.8357543945312,0.11121594905853271,-0.14941470324993134,-0.2670045793056488,0.9455236196517944,1,277617,2306
1786071846,92192339,1,-160.4478302001953,107.01858520507812,-350.7596435546875,,,,,,,,,,277618,2306
1786071846,92192339,,,,,5,-1495.5906982421875,1021.8856811523438,-775.8004760742188,0.11068617552518845,-0.15054205060005188,-0.26698848605155945,0.9454115629196167,1,277618,2306
1786071846,99589148,1,-160.5780029296875,109.47432708740234,-350.46002197265625,,,,,,,,,,277619,2306
1786071846,99589148,,,,,5,-1495.674072265625,1021.91259765625,-775.7669067382812,0.11113142222166061,-0.15006065368652344,-0.26754021644592285,0.9452798366546631,1,277619,2306
1786071846,108652126,1,-160.2478485107422,107.01696014404297,-351.5348815917969,,,,,,,,,,277620,2306
1786071846,108652126,,,,,5,-1495.5653076171875,1021.9096069335938,-775.8622436523438,0.11079858243465424,-0.1502598375082016,-0.26696184277534485,0.9454506635665894,1,277620,2306
1786071846,116785105,1,-160.2314453125,107.24617004394531,-351.3272399902344,,,,,,,,,,277621,2306
1786071846,116785105,,,,,5,-1495.5692138671875,1021.8829345703125,-775.8646850585938,0.1111617162823677,-0.15031760931015015,-0.26648470759391785,0.9455335140228271,1,277621,2306
1786071846,124856473,1,-160.69981384277344,107.06047821044922,-351.4473571777344,,,,,,,,,,277622,2306
1786071846,124856473,,,,,5,-1495.58740234375,1021.9135131835938,-775.8468017578125,0.1109694167971611,-0.15044261515140533,-0.2671070694923401,0.945360541343689,1,277622,2306
1786071846,133521263,1,-160.99383544921875,109.2727279663086,-350.8861999511719,,,,,,,,,,277623,2306
1786071846,133521263,,,,,5,-1495.5469970703125,1021.85400390625,-775.8388671875,0.11093307286500931,-0.15062342584133148,-0.26647576689720154,0.9455142617225647,1,277623,2306
1786071846,141669317,1,-164.8402862548828,104.72505187988281,-353.79901123046875,,,,,,,,,,277624,2306
1786071846,141669317,,,,,5,-1495.5859375,1021.8800048828125,-775.8092041015625,0.11062155663967133,-0.1505756378173828,-0.2667136788368225,0.9454911947250366,1,277624,2306
1786071846,150804052,1,-164.2589874267578,106.43621063232422,-352.0401916503906,,,,,,,,,,277625,2306
1786071846,150804052,,,,,5,-1495.5989990234375,1021.91455078125,-775.8296508789062,0.11039742082357407,-0.15070205926895142,-0.265944242477417,0.9457140564918518,1,277625,2306
1786071846,158500758,1,-163.88938903808594,106.94644165039062,-352.5322265625,,,,,,,,,,277626,2306
1786071846,158500758,,,,,5,-1495.5718994140625,1021.8912353515625,-775.7986450195312,0.11050995439291,-0.15079571306705475,-0.2661852538585663,0.9456180930137634,1,277626,2306
1786071846,166486605,1,-161.3050994873047,109.7591781616211,-351.315673828125,,,,,,,,,,277627,2306
1786071846,166486605,,,,,5,-1495.556884765625,1021.8881225585938,-775.8358154296875,0.11050385981798172,-0.15080764889717102,-0.2656896412372589,0.9457563161849976,1,277627,2306
1786071846,175420727,1,-161.4266357421875,109.25323486328125,-351.4514465332031,,,,,,,,,,277628,2306
1786071846,175420727,,,,,5,-1495.5673828125,1021.8709106445312,-775.8380737304688,0.11085692793130875,-0.15054941177368164,-0.2667525112628937,0.945456862449646,1,277628,2306
1786071846,183764433,1,-161.5846405029297,109.23876190185547,-351.39947509765625,,,,,,,,,,277629,2306
1786071846,183764433,,,,,5,-1495.5823974609375,1021.9122314453125,-775.8462524414062,0.11039808392524719,-0.15049971640110016,-0.2657102942466736,0.945811927318573,1,277629,2306
1786071846,191509212,1,-161.85562133789062,110.56713104248047,-351.26806640625,,,,,,,,,,277630,2306
1786071846,191509212,,,,,5,-1495.5594482421875,1021.8727416992188,-775.8229370117188,0.11056800186634064,-0.150676891207695,-0.2662290036678314,0.9456178545951843,1,277630,2306
1786071846,200805385,1,-161.76004028320312,109.37413787841797,-351.37506103515625,,,,,,,,,,277631,2306
1786071846,200805385,,,,,5,-1495.5325927734375,1021.8441772460938,-775.8460083007812,0.11070972681045532,-0.15058931708335876,-0.26648372411727905,0.9455435276031494,1,277631,2306
1786071846,208272127,1,-162.20828247070312,109.7139892578125,-351.89825439453125,,,,,,,,,,277632,2306
1786071846,208272127,,,,,5,-1495.5687255859375,1021.8651733398438,-775.842041015625,0.11078576743602753,-0.15060463547706604,-0.26648133993148804,0.9455329179763794,1,277632,2306
1786071846,216510822,1,-162.16297912597656,110.23104858398438,-351.2677307128906,,,,,,,,,,277633,2306
1786071846,216510822,,,,,5,-1495.5533447265625,1021.8510131835938,-775.8396606445312,0.11064494401216507,-0.15078452229499817,-0.26666533946990967,0.9454688429832458,1,277633,2306
1786071846,225584458,1,-162.44573974609375,110.12711334228516,-351.60968017578125,,,,,,,,,,277634,2306
1786071846,225584458,,,,,5,-1495.5582275390625,1021.8712768554688,-775.8190307617188,0.11067282408475876,-0.15078629553318024,-0.26654139161109924,0.9455002546310425,1,277634,2306
1786071846,233196443,1,-162.380859375,110.43168640136719,-351.1015930175781,,,,,,,,,,277635,2306
1786071846,233196443,,,,,5,-1495.589599609375,1021.8666381835938,-775.8197631835938,0.11067139357328415,-0.15057280659675598,-0.26677101850509644,0.9454697370529175,1,277635,2306
1786071846,242159274,1,-162.38255310058594,110.21699523925781,-351.13433837890625,,,,,,,,,,277636,2306
1786071846,242159274,,,,,5,-1495.564453125,1021.892578125,-775.8458862304688,0.1108752116560936,-0.15018318593502045,-0.26647260785102844,0.945591926574707,1,277636,2306
1786071846,251371687,1,-162.7366943359375,109.76067352294922,-351.64739990234375,,,,,,,,,,277637,2306
1786071846,251371687,,,,,5,-1495.5716552734375,1021.9096069335938,-775.8380737304688,0.11075598001480103,-0.15053635835647583,-0.266175776720047,0.9456332921981812,1,277637,2306
1786071846,258092146,1,-162.59478759765625,110.2829818725586,-350.9627685546875,,,,,,,,,,277638,2306
1786071846,258092146,,,,,5,-1495.568603515625,1021.8484497070312,-775.8477172851562,0.11092231422662735,-0.1504189521074295,-0.2667131721973419,0.9454811215400696,1,277638,2306
1786071846,267126670,1,-162.69039916992188,110.5129165649414,-350.8157043457031,,,,,,,,,,277639,2306
1786071846,267126670,,,,,5,-1495.5697021484375,1021.8632202148438,-775.838623046875,0.11086694896221161,-0.15060745179653168,-0.2667038142681122,0.9454602003097534,1,277639,2306
1786071846,275214361,1,-162.7933807373047,110.4111328125,-350.7096252441406,,,,,,,,,,277640,2306
1786071846,275214361,,,,,5,-1495.5926513671875,1021.8646850585938,-775.8355712890625,0.11057668924331665,-0.15056544542312622,-0.26658040285110474,0.9455357193946838,1,277640,2306
1786071846,283132164,1,-162.89768981933594,110.44719696044922,-350.4093017578125,,,,,,,,,,277641,2306
1786071846,283132164,,,,,5,-1495.567626953125,1021.8639526367188,-775.8378295898438,0.11104735732078552,-0.15045306086540222,-0.2671620547771454,0.945334255695343,1,277641,2306
1786071846,291976636,1,-162.99827575683594,110.09202575683594,-350.46551513671875,,,,,,,,,,277642,2306
1786071846,291976636,,,,,5,-1495.5543212890625,1021.8778686523438,-775.8438110351562,0.11061711609363556,-0.15068604052066803,-0.2662500739097595,0.9456049203872681,1,277642,2306
1786071846,300541120,1,-163.1357421875,110.30704498291016,-350.269775390625,,,,,,,,,,277643,2306
1786071846,300541120,,,,,5,-1495.600830078125,1021.8840942382812,-775.8414916992188,0.11092883348464966,-0.1503969430923462,-0.26676586270332336,0.9454690217971802,1,277643,2306
1786071846,308033724,1,-163.1739501953125,110.40178680419922,-350.0368957519531,,,,,,,,,,277644,2306
1786071846,308033724,,,,,5,-1495.545166015625,1021.8596801757812,-775.86572265625,0.11074806749820709,-0.15056456625461578,-0.26620346307754517,0.9456219673156738,1,277644,2306
1786071846,316954786,1,-163.29693603515625,110.52799987792969,-350.095703125,,,,,,,,,,277645,2306
1786071846,316954786,,,,,5,-1495.5443115234375,1021.9061889648438,-775.8058471679688,0.11085586994886398,-0.15078388154506683,-0.26704806089401245,0.9453362822532654,1,277645,2306
1786071846,325278521,1,-163.2506866455078,109.77599334716797,-350.077880859375,,,,,,,,,,277646,2306
1786071846,325278521,,,,,5,-1495.6668701171875,1021.9024658203125,-775.7670288085938,0.11148104071617126,-0.14960357546806335,-0.26788264513015747,0.945214033126831,1,277646,2306
1786071846,332855300,1,-165.7301483154297,107.71063232421875,-350.56793212890625,,,,,,,,,,277647,2306
1786071846,332855300,,,,,5,-1495.5770263671875,1021.8776245117188,-775.8568115234375,0.1107603907585144,-0.1504186987876892,-0.266507089138031,0.9455583095550537,1,277647,2306
1786071846,341879647,1,-163.440673828125,109.7149658203125,-349.98138427734375,,,,,,,,,,277648,2306
1786071846,341879647,,,,,5,-1495.69873046875,1021.9605712890625,-775.7789916992188,0.111414335668087,-0.1497299075126648,-0.2679813504219055,0.945173978805542,1,277648,2306
1786071846,350007985,1,-163.51185607910156,109.8321762084961,-349.8224792480469,,,,,,,,,,277649,2306
1786071846,350007985,,,,,5,-1495.5601806640625,1021.8670043945312,-775.8192749023438,0.11068892478942871,-0.15077373385429382,-0.26691392064094543,0.945395290851593,1,277649,2306
1786071846,358815106,1,-163.61404418945312,109.82191467285156,-349.7742919921875,,,,,,,,,,277650,2306
1786071846,358815106,,,,,5,-1495.560546875,1021.8728637695312,-775.7819213867188,0.11085892468690872,-0.15059435367584229,-0.26688799262046814,0.9454112648963928,1,277650,2306
1786071846,366811708,1,-163.94970703125,110.75275421142578,-349.6208190917969,,,,,,,,,,277651,2306
1786071846,366811708,,,,,5,-1495.6898193359375,1021.9387817382812,-775.7623291015625,0.11135458201169968,-0.14995083212852478,-0.2676960229873657,0.9452269077301025,1,277651,2306
1786071846,374886756,1,-163.9634552001953,110.62753295898438,-349.46124267578125,,,,,,,,,,277652,2306
1786071846,374886756,,,,,5,-1495.585693359375,1021.8931884765625,-775.8295288085938,0.11087564378976822,-0.15049707889556885,-0.26657214760780334,0.945513904094696,1,277652,2306
1786071846,387008675,1,-163.56211853027344,110.3437271118164,-349.7923278808594,,,,,,,,,,277653,2306
1786071846,387008675,,,,,5,-1495.5579833984375,1021.8912353515625,-775.8024291992188,0.11060147732496262,-0.15072886645793915,-0.26663467288017273,0.9454914927482605,1,277653,2306
1786071846,391701074,1,-164.16009521484375,110.84025573730469,-349.3467712402344,,,,,,,,,,277654,2306
1786071846,391701074,,,,,5,-1495.541259765625,1021.8402709960938,-775.8668212890625,0.11113715171813965,-0.15024258196353912,-0.26761946082115173,0.9452277421951294,1,277654,2306
1786071846,399734258,1,-164.05076599121094,109.98108673095703,-349.37408447265625,,,,,,,,,,277655,2306
1786071846,399734258,,,,,5,-1495.678955078125,1021.91162109375,-775.839599609375,0.1113181933760643,-0.1494990736246109,-0.2675112187862396,0.9453549981117249,1,277655,2306
1786071846,408661018,1,-164.14450073242188,109.74333190917969,-349.3524169921875,,,,,,,,,,277656,2306
1786071846,408661018,,,,,5,-1495.5809326171875,1021.8878173828125,-775.8375854492188,0.11078107357025146,-0.150485560297966,-0.26697731018066406,0.9454125165939331,1,277656,2306
1786071846,416708253,1,-164.26296997070312,110.00432586669922,-349.28192138671875,,,,,,,,,,277657,2306
1786071846,416708253,,,,,5,-1495.697998046875,1021.9081420898438,-775.8035888671875,0.11137797683477402,-0.14964672923088074,-0.268412321805954,0.9450691342353821,1,277657,2306
1786071846,425087454,1,-164.2863006591797,110.0518569946289,-349.1571960449219,,,,,,,,,,277658,2306
1786071846,425087454,,,,,5,-1495.5621337890625,1021.8572387695312,-775.8705444335938,0.11110781133174896,-0.15016254782676697,-0.2677144706249237,0.9452170729637146,1,277658,2306
1786071846,433729745,1,-164.42184448242188,110.00884246826172,-349.1529541015625,,,,,,,,,,277659,2306
1786071846,433729745,,,,,5,-1495.553955078125,1021.8414916992188,-775.8402709960938,0.11116429418325424,-0.15015088021755219,-0.267178475856781,0.9453638792037964,1,277659,2306
1786071846,441557003,1,-164.50576782226562,110.09893035888672,-349.1204528808594,,,,,,,,,,277660,2307
1786071846,441557003,,,,,5,-1495.5250244140625,1021.8395385742188,-775.8953247070312,0.11101335287094116,-0.15028375387191772,-0.26672932505607605,0.945487380027771,1,277660,2307
1786071846,449564263,1,-164.57440185546875,110.09786987304688,-349.0137634277344,,,,,,,,,,277661,2307
1786071846,449564263,,,,,5,-1495.545166015625,1021.8721923828125,-775.8533935546875,0.11084882915019989,-0.15035809576511383,-0.2669079601764679,0.9454443454742432,1,277661,2307
1786071846,458658638,1,-164.6900177001953,110.1751937866211,-349.0369873046875,,,,,,,,,,277662,2307
1786071846,458658638,,,,,5,-1495.5821533203125,1021.8788452148438,-775.8668212890625,0.11084021627902985,-0.15045490860939026,-0.26696687936782837,0.94541335105896,1,277662,2307
1786071846,466433918,1,-164.70310974121094,109.794677734375,-349.12896728515625,,,,,,,,,,277663,2307
1786071846,466433918,,,,,5,-1495.5599365234375,1021.8765869140625,-775.8471069335938,0.11085173487663269,-0.15035586059093475,-0.26764267683029175,0.9452366828918457,1,277663,2307
1786071846,475482429,1,-164.7939453125,109.78133392333984,-349.0396423339844,,,,,,,,,,277664,2307
1786071846,475482429,,,,,5,-1495.6785888671875,1021.8947143554688,-775.839111328125,0.11137201637029648,-0.14950250089168549,-0.267585426568985,0.9453271627426147,1,277664,2307
1786071846,483443664,1,-164.95216369628906,109.88545989990234,-349.0924072265625,,,,,,,,,,277665,2307
1786071846,483443664,,,,,5,-1495.5833740234375,1021.8958129882812,-775.8214721679688,0.11087506264448166,-0.1504420042037964,-0.2673976719379425,0.9452896118164062,1,277665,2307
1786071846,491356538,1,-165.1688690185547,110.86504364013672,-348.89794921875,,,,,,,,,,277666,2307
1786071846,491356538,,,,,5,-1495.5791015625,1021.8795166015625,-775.823486328125,0.11081045120954514,-0.15045522153377533,-0.2675289213657379,0.9452579617500305,1,277666,2307
1786071846,500390294,1,-165.0689697265625,109.82764434814453,-349.2445068359375,,,,,,,,,,277667,2307
1786071846,500390294,,,,,5,-1495.6192626953125,1021.8897705078125,-775.843505859375,0.11070483922958374,-0.15030436217784882,-0.26725026965141296,0.9453731775283813,1,277667,2307
1786071846,508633790,1,-164.82899475097656,110.63729858398438,-349.4058837890625,,,,,,,,,,277668,2307
1786071846,508633790,,,,,5,-1495.5697021484375,1021.8984375,-775.8327026367188,0.11121320724487305,-0.15028104186058044,-0.2675485610961914,0.9452326893806458,1,277668,2307
1786071846,516392555,1,-165.2037811279297,110.0414810180664,-349.1138000488281,,,,,,,,,,277669,2307
1786071846,516392555,,,,,5,-1495.5643310546875,1021.8505859375,-775.8824462890625,0.11084861308336258,-0.15024569630622864,-0.26699206233024597,0.9454385042190552,1,277669,2307
1786071846,525455692,1,-165.33737182617188,110.89715576171875,-349.03082275390625,,,,,,,,,,277670,2307
1786071846,525455692,,,,,5,-1495.5552978515625,1021.86572265625,-775.8626098632812,0.11090733855962753,-0.15039481222629547,-0.267164409160614,0.9453592300415039,1,277670,2307
1786071846,533364021,1,-165.06158447265625,110.39417266845703,-349.41680908203125,,,,,,,,,,277671,2307
1786071846,533364021,,,,,5,-1495.5416259765625,1021.8526611328125,-775.8718872070312,0.1112123504281044,-0.1502995491027832,-0.26811686158180237,0.9450689554214478,1,277671,2307
1786071846,540726456,1,-165.56480407714844,110.77481842041016,-349.0043029785156,,,,,,,,,,277672,2307
1786071846,540726456,,,,,5,-1495.5684814453125,1021.8639526367188,-775.8129272460938,0.11106336116790771,-0.1504172533750534,-0.2679148316383362,0.9451249837875366,1,277672,2307
1786071846,550252785,1,-165.5031280517578,109.72557067871094,-349.2638854980469,,,,,,,,,,277673,2307
1786071846,550252785,,,,,5,-1495.5770263671875,1021.8729858398438,-775.8223876953125,0.11112061887979507,-0.15040548145771027,-0.2682916224002838,0.9450133442878723,1,277673,2307
1786071846,558635186,1,-165.6105499267578,109.86296081542969,-349.2480163574219,,,,,,,,,,277674,2307
1786071846,558635186,,,,,5,-1495.6663818359375,1021.9208984375,-775.8218994140625,0.1116442158818245,-0.149572491645813,-0.26859250664711,0.9449982643127441,1,277674,2307
1786071846,567238206,1,-165.6129150390625,109.66323852539062,-349.321533203125,,,,,,,,,,277675,2307
1786071846,567238206,,,,,5,-1495.6903076171875,1021.9288330078125,-775.7935180664062,0.11172417551279068,-0.14948616921901703,-0.2685219347476959,0.9450225830078125,1,277675,2307
1786071846,575250170,1,-165.98329162597656,110.75210571289062,-349.45269775390625,,,,,,,,,,277676,2307
1786071846,575250170,,,,,5,-1495.540283203125,1021.8302001953125,-775.8634643554688,0.11105569452047348,-0.15025684237480164,-0.2674429416656494,0.9452850818634033,1,277676,2307
1786071846,583247924,1,-168.50112915039062,108.44129943847656,-350.1541748046875,,,,,,,,,,277677,2307
1786071846,583247924,,,,,5,-1495.5594482421875,1021.8453369140625,-775.8793334960938,0.11117207258939743,-0.15018294751644135,-0.2672955095767975,0.9453248381614685,1,277677,2307
1786071846,592175676,1,-168.5343780517578,108.35704040527344,-350.2038269042969,,,,,,,,,,277678,2307
1786071846,592175676,,,,,5,-1495.5679931640625,1021.8326416015625,-775.85986328125,0.11130629479885101,-0.15033695101737976,-0.26807183027267456,0.9450646042823792,1,277678,2307
1786071846,600177303,1,-168.6184844970703,108.20165252685547,-350.3043212890625,,,,,,,,,,277679,2307
1786071846,600177303,,,,,5,-1495.5462646484375,1021.8749389648438,-775.876708984375,0.11113407462835312,-0.1503496915102005,-0.2678973972797394,0.9451323747634888,1,277679,2307
1786071846,608206839,1,-168.6925506591797,108.32136535644531,-350.2779541015625,,,,,,,,,,277680,2307
1786071846,608206839,,,,,5,-1495.683837890625,1021.923828125,-775.7919311523438,0.11134085059165955,-0.14949902892112732,-0.2686348557472229,0.9450336694717407,1,277680,2307
1786071846,617211085,1,-168.70179748535156,108.52220153808594,-350.3419189453125,,,,,,,,,,277681,2307
1786071846,617211085,,,,,5,-1495.6011962890625,1021.8786010742188,-775.8317260742188,0.1109321191906929,-0.1502828449010849,-0.2679877281188965,0.945141077041626,1,277681,2307
1786071846,625423887,1,-168.79977416992188,108.5139389038086,-350.428955078125,,,,,,,,,,277682,2307
1786071846,625423887,,,,,5,-1495.5802001953125,1021.86279296875,-775.8571166992188,0.11098726093769073,-0.15023867785930634,-0.26775598526000977,0.9452074766159058,1,277682,2307
1786071846,633006811,1,-168.7645263671875,108.09683990478516,-350.5027770996094,,,,,,,,,,277683,2307
1786071846,633006811,,,,,5,-1495.53759765625,1021.8494262695312,-775.83203125,0.1111626848578453,-0.15033069252967834,-0.26763251423835754,0.9452069997787476,1,277683,2307
1786071846,642150028,1,-168.82643127441406,108.3523178100586,-350.5270690917969,,,,,,,,,,277684,2307
1786071846,642150028,,,,,5,-1495.5621337890625,1021.8527221679688,-775.8479614257812,0.11117517948150635,-0.15010574460029602,-0.26772913336753845,0.945214033126831,1,277684,2307
1786071846,650164969,1,-168.92041015625,108.52367401123047,-350.4930114746094,,,,,,,,,,277685,2307
1786071846,650164969,,,,,5,-1495.578857421875,1021.85205078125,-775.8458251953125,0.11070439964532852,-0.15030840039253235,-0.2676101624965668,0.945270836353302,1,277685,2307
1786071846,658010470,1,-168.62326049804688,109.05730438232422,-349.9864196777344,,,,,,,,,,277686,2307
1786071846,658010470,,,,,5,-1495.5582275390625,1021.8585815429688,-775.8295288085938,0.11092941462993622,-0.15042318403720856,-0.2678125500679016,0.9451687932014465,1,277686,2307
1786071846,666935054,1,-168.6691131591797,108.85974884033203,-350.1144714355469,,,,,,,,,,277687,2307
1786071846,666935054,,,,,5,-1495.5931396484375,1021.8541870117188,-775.8555908203125,0.11122429370880127,-0.15012148022651672,-0.2678118050098419,0.9451822638511658,1,277687,2307
1786071846,674960205,1,-169.04721069335938,108.45098876953125,-350.5709533691406,,,,,,,,,,277688,2307
1786071846,674960205,,,,,5,-1495.58544921875,1021.8640747070312,-775.8604736328125,0.11086254566907883,-0.15034827589988708,-0.26769477128982544,0.9452219009399414,1,277688,2307
1786071846,682944260,1,-168.7295684814453,108.9166259765625,-350.1027526855469,,,,,,,,,,277689,2307
1786071846,682944260,,,,,5,-1495.59375,1021.8740234375,-775.8600463867188,0.1110152006149292,-0.1504039168357849,-0.2676267921924591,0.9452143311500549,1,277689,2307
1786071846,691935448,1,-166.5208282470703,110.56700897216797,-349.69354248046875,,,,,,,,,,277690,2307
1786071846,691935448,,,,,5,-1495.5576171875,1021.82080078125,-775.6505737304688,0.11056628078222275,-0.15139774978160858,-0.2674442529678345,0.9451600313186646,1,277690,2307
1786071846,700349952,1,-166.6142120361328,110.71143341064453,-349.743408203125,,,,,,,,,,277691,2307
1786071846,700349952,,,,,5,-1495.58349609375,1021.8409423828125,-775.77197265625,0.11072029173374176,-0.15086717903614044,-0.2674376368522644,0.9452286958694458,1,277691,2307
1786071846,708749253,1,-168.8627166748047,109.03439331054688,-350.2006530761719,,,,,,,,,,277692,2307
1786071846,708749253,,,,,5,-1495.5604248046875,1021.8318481445312,-775.8077392578125,0.11110571771860123,-0.1505451500415802,-0.26773765683174133,0.945149838924408,1,277692,2307
1786071846,716933282,1,-168.9097137451172,108.8108139038086,-350.162353515625,,,,,,,,,,277693,2307
1786071846,716933282,,,,,5,-1495.5880126953125,1021.8932495117188,-775.8517456054688,0.11098020523786545,-0.15051878988742828,-0.267382949590683,0.9452692270278931,1,277693,2307
1786071846,726120987,1,-166.65554809570312,110.60543060302734,-349.7276306152344,,,,,,,,,,277694,2307
1786071846,726120987,,,,,5,-1495.5728759765625,1021.8421020507812,-775.8348999023438,0.11138157546520233,-0.1501876711845398,-0.26795676350593567,0.9451122283935547,1,277694,2307
1786071846,733803482,1,-166.7594757080078,110.57111358642578,-349.76318359375,,,,,,,,,,277695,2307
1786071846,733803482,,,,,5,-1495.5535888671875,1021.8248291015625,-775.8685913085938,0.11118663847446442,-0.15023384988307953,-0.2678739130496979,0.9451513290405273,1,277695,2307
1786071846,742122352,1,-166.69740295410156,110.53180694580078,-349.6856689453125,,,,,,,,,,277696,2307
1786071846,742122352,,,,,5,-1495.5799560546875,1021.8566284179688,-775.8117065429688,0.11128413677215576,-0.15034370124340057,-0.268368661403656,0.9449820518493652,1,277696,2307
1786071846,749823474,1,-166.79270935058594,111.01388549804688,-349.5301513671875,,,,,,,,,,277697,2307
1786071846,749823474,,,,,5,-1495.578125,1021.8764038085938,-775.83447265625,0.11091341823339462,-0.15035070478916168,-0.26714885234832764,0.9453700184822083,1,277697,2307
1786071846,758660041,1,-166.8252410888672,111.16796112060547,-349.5200500488281,,,,,,,,,,277698,2307
1786071846,758660041,,,,,5,-1495.5963134765625,1021.8690795898438,-775.8139038085938,0.11101492494344711,-0.1503496617078781,-0.2677723169326782,0.9451817274093628,1,277698,2307
1786071846,766853063,1,-166.84031677246094,111.0179672241211,-349.6058349609375,,,,,,,,,,277699,2307
1786071846,766853063,,,,,5,-1495.564697265625,1021.8661499023438,-775.8161010742188,0.11104288697242737,-0.15060000121593475,-0.2673807442188263,0.9452494978904724,1,277699,2307
1786071846,774688995,1,-166.80374145507812,110.71995544433594,-349.5618896484375,,,,,,,,,,277700,2307
1786071846,774688995,,,,,5,-1495.5865478515625,1021.82177734375,-775.8837890625,0.11020466685295105,-0.15055564045906067,-0.2663768231868744,0.945638120174408,1,277700,2307
1786071846,783660403,1,-166.85906982421875,110.86347198486328,-349.5938720703125,,,,,,,,,,277701,2307
1786071846,783660403,,,,,5,-1495.525146484375,1021.7865600585938,-775.8007202148438,0.11041076481342316,-0.1508377343416214,-0.26681849360466003,0.9454445242881775,1,277701,2307
1786071846,791671472,1,-166.93246459960938,110.77420806884766,-349.64532470703125,,,,,,,,,,277702,2307
1786071846,791671472,,,,,5,-1495.5335693359375,1021.8102416992188,-775.7947387695312,0.11041650176048279,-0.15098844468593597,-0.26657578349113464,0.9454882144927979,1,277702,2307
1786071846,799625761,1,-166.96751403808594,110.51600646972656,-349.80816650390625,,,,,,,,,,277703,2307
1786071846,799625761,,,,,5,-1495.6409912109375,1021.8934936523438,-775.7326049804688,0.11112959682941437,-0.15013284981250763,-0.2677486836910248,0.9452093839645386,1,277703,2307
1786071846,808519139,1,-169.14999389648438,108.96968841552734,-349.9415588378906,,,,,,,,,,277704,2307
1786071846,808519139,,,,,5,-1495.4935302734375,1021.7984619140625,-775.7674560546875,0.11038175225257874,-0.1511988341808319,-0.26670345664024353,0.9454226493835449,1,277704,2307
1786071846,816541057,1,-169.4753875732422,108.5239028930664,-350.42071533203125,,,,,,,,,,277705,2307
1786071846,816541057,,,,,5,-1495.489013671875,1021.7914428710938,-775.7843017578125,0.11065414547920227,-0.1511131376028061,-0.2668692469596863,0.9453577399253845,1,277705,2307
1786071846,825488173,1,-169.46363830566406,108.6786117553711,-350.4018859863281,,,,,,,,,,277706,2307
1786071846,825488173,,,,,5,-1495.5198974609375,1021.7997436523438,-775.7719116210938,0.11047004908323288,-0.15108928084373474,-0.26659709215164185,0.9454599618911743,1,277706,2307
1786071846,833715442,1,-166.92343139648438,110.85192108154297,-349.3729553222656,,,,,,,,,,277707,2307
1786071846,833715442,,,,,5,-1495.5172119140625,1021.802734375,-775.77685546875,0.11023267358541489,-0.15119671821594238,-0.26618707180023193,0.9455859661102295,1,277707,2307
1786071846,841430551,1,-166.9850616455078,110.78558349609375,-349.4132080078125,,,,,,,,,,277708,2307
1786071846,841430551,,,,,5,-1495.47412109375,1021.7704467773438,-775.7932739257812,0.11056029796600342,-0.15105688571929932,-0.26628968119621277,0.9455410838127136,1,277708,2307
1786071846,850495577,1,-166.970703125,111.08854675292969,-349.22039794921875,,,,,,,,,,277709,2307
1786071846,850495577,,,,,5,-1495.648681640625,1021.8853759765625,-775.7454223632812,0.11156044155359268,-0.14977501332759857,-0.2687032222747803,0.9449447393417358,1,277709,2307
1786071846,858429031,1,-168.89036560058594,108.91041564941406,-349.9407653808594,,,,,,,,,,277710,2307
1786071846,858429031,,,,,5,-1495.6556396484375,1021.8889770507812,-775.7496337890625,0.1109013557434082,-0.15031906962394714,-0.2670423090457916,0.9454064965248108,1,277710,2307
1786071846,866380696,1,-169.46473693847656,108.67810821533203,-350.2590637207031,,,,,,,,,,277711,2307
1786071846,866380696,,,,,5,-1495.4969482421875,1021.8292846679688,-775.7465209960938,0.11013998836278915,-0.15126192569732666,-0.26577287912368774,0.9457027912139893,1,277711,2307
1786071846,875579123,1,-169.19952392578125,109.0743408203125,-349.693115234375,,,,,,,,,,277712,2307
1786071846,875579123,,,,,5,-1495.6474609375,1021.8932495117188,-775.7833862304688,0.11128216236829758,-0.14956356585025787,-0.26770099997520447,0.9452953934669495,1,277712,2307
1786071846,883306586,1,-169.50567626953125,108.5165786743164,-350.2771301269531,,,,,,,,,,277713,2307
1786071846,883306586,,,,,5,-1495.4725341796875,1021.82666015625,-775.7445678710938,0.1100277230143547,-0.15132303535938263,-0.26483163237571716,0.9459701180458069,1,277713,2307
1786071846,891285424,1,-169.42958068847656,108.32612609863281,-350.27008056640625,,,,,,,,,,277714,2307
1786071846,891285424,,,,,5,-1495.50390625,1021.841796875,-775.7531127929688,0.11054632812738419,-0.15122072398662567,-0.2667562961578369,0.9453850984573364,1,277714,2307
1786071846,900293799,1,-169.51963806152344,108.41168212890625,-350.22271728515625,,,,,,,,,,277715,2307
1786071846,900293799,,,,,5,-1495.6126708984375,1021.9430541992188,-775.7391967773438,0.11056259274482727,-0.15148982405662537,-0.268964558839798,0.9447140693664551,1,277715,2307
1786071846,908221524,1,-169.44992065429688,108.28475952148438,-350.3421630859375,,,,,,,,,,277716,2307
1786071846,908221524,,,,,5,-1495.704833984375,1022.0628051757812,-775.712158203125,0.11197297275066376,-0.15030840039253235,-0.27105042338371277,0.9441404938697815,1,277716,2307
1786071846,917208647,1,-166.93666076660156,110.85243225097656,-349.1321105957031,,,,,,,,,,277717,2307
1786071846,917208647,,,,,5,-1495.5526123046875,1021.9530639648438,-775.7014770507812,0.11069939285516739,-0.15181194245815277,-0.26910263299942017,0.944607138633728,1,277717,2307
1786071846,925173147,1,-170.03970336914062,107.7260513305664,-351.5745849609375,,,,,,,,,,277718,2307
1786071846,925173147,,,,,5,-1495.710205078125,1022.0900268554688,-775.6769409179688,0.11222518980503082,-0.1505279392004013,-0.27158060669898987,0.9439231753349304,1,277718,2307
1786071846,933240098,1,-169.49729919433594,108.67031860351562,-350.138916015625,,,,,,,,,,277719,2307
1786071846,933240098,,,,,5,-1495.6982421875,1022.0510864257812,-775.6963500976562,0.11190063506364822,-0.1505623459815979,-0.2712322473526001,0.9440563321113586,1,277719,2307
1786071846,942398741,1,-169.47349548339844,108.42442321777344,-350.16986083984375,,,,,,,,,,277720,2307
1786071846,942398741,,,,,5,-1495.7069091796875,1022.07275390625,-775.685302734375,0.11210409551858902,-0.15044736862182617,-0.2714233994483948,0.9439955353736877,1,277720,2307
1786071846,950185992,1,-170.0102996826172,107.06563568115234,-351.7032470703125,,,,,,,,,,277721,2307
1786071846,950185992,,,,,5,-1495.7900390625,1022.10986328125,-775.6488647460938,0.11360283941030502,-0.14924681186676025,-0.2739078998565674,0.9432891607284546,1,277721,2307
1786071846,958089136,1,-170.0353240966797,107.66802215576172,-351.5157470703125,,,,,,,,,,277722,2307
1786071846,958089136,,,,,5,-1495.6746826171875,1022.0758056640625,-775.6725463867188,0.11220821738243103,-0.15049825608730316,-0.2716982960700989,0.9438960552215576,1,277722,2307
1786071846,967080804,1,-169.48797607421875,108.606689453125,-350.1512451171875,,,,,,,,,,277723,2307
1786071846,967080804,,,,,5,-1495.6812744140625,1022.0521850585938,-775.6806640625,0.11225895583629608,-0.1504078358411789,-0.2713237404823303,0.9440121650695801,1,277723,2307
1786071846,975362643,1,-170.0252227783203,107.77555847167969,-351.515380859375,,,,,,,,,,277724,2307
1786071846,975362643,,,,,5,-1495.8138427734375,1022.13525390625,-775.6597290039062,0.11330783367156982,-0.14941786229610443,-0.27304092049598694,0.9435487985610962,1,277724,2307
1786071846,983396468,1,-166.89085388183594,110.90843200683594,-349.123046875,,,,,,,,,,277725,2307
1786071846,983396468,,,,,5,-1495.6451416015625,1022.0501098632812,-775.7130737304688,0.11212989687919617,-0.1502848118543625,-0.271005779504776,0.9441384077072144,1,277725,2307
1786071846,992234379,1,-169.4209442138672,108.36360931396484,-350.23309326171875,,,,,,,,,,277726,2307
1786071846,992234379,,,,,5,-1495.6834716796875,1022.0599975585938,-775.721923828125,0.11233225464820862,-0.15031445026397705,-0.27118155360221863,0.9440590739250183,1,277726,2307
1786071847,9659,1,-169.50137329101562,108.66627502441406,-350.2063903808594,,,,,,,,,,277727,2307
1786071847,9659,,,,,5,-1495.655517578125,1022.0524291992188,-775.7257080078125,0.11213777959346771,-0.1502179354429245,-0.27100151777267456,0.9441493153572083,1,277727,2307
1786071847,7887422,1,-166.9230194091797,111.08824920654297,-349.09185791015625,,,,,,,,,,277728,2307
1786071847,7887422,,,,,5,-1495.685546875,1022.01318359375,-775.6980590820312,0.112036794424057,-0.15070438385009766,-0.27131736278533936,0.9439930319786072,1,277728,2307
1786071847,16922523,1,-169.52174377441406,108.63077545166016,-350.2341003417969,,,,,,,,,,277729,2307
1786071847,16922523,,,,,5,-1495.740478515625,1022.0897827148438,-775.7135620117188,0.11203654110431671,-0.15048901736736298,-0.27108052372932434,0.9440954923629761,1,277729,2307
1786071847,24869003,1,-169.3673553466797,108.25385284423828,-350.2912902832031,,,,,,,,,,277730,2307
1786071847,24869003,,,,,5,-1495.6976318359375,1022.0634155273438,-775.7169799804688,0.11217912286520004,-0.1503433883190155,-0.27133235335350037,0.9440295100212097,1,277730,2307
1786071847,33926027,1,-169.45504760742188,108.6152572631836,-350.2259216308594,,,,,,,,,,277731,2307
1786071847,33926027,,,,,5,-1495.7021484375,1022.0578002929688,-775.7145385742188,0.11216048896312714,-0.1504020392894745,-0.2708773910999298,0.9441528916358948,1,277731,2307
1786071847,41842902,1,-166.8752899169922,111.03705596923828,-349.2831726074219,,,,,,,,,,277732,2307
1786071847,41842902,,,,,5,-1495.69482421875,1022.0559692382812,-775.7294311523438,0.11194439977407455,-0.1505274772644043,-0.271187424659729,0.9440695643424988,1,277732,2307
1786071847,49848689,1,-169.38479614257812,108.18476104736328,-350.42547607421875,,,,,,,,,,277733,2307
1786071847,49848689,,,,,5,-1495.7078857421875,1022.0751342773438,-775.7290649414062,0.11203507333993912,-0.15051677823066711,-0.2711440622806549,0.944072961807251,1,277733,2307
1786071847,58705164,1,-166.87429809570312,110.93974304199219,-349.2830505371094,,,,,,,,,,277734,2307
1786071847,58705164,,,,,5,-1495.6678466796875,1022.0242309570312,-775.7031860351562,0.1119050458073616,-0.15075168013572693,-0.27061817049980164,0.9442018866539001,1,277734,2307
1786071847,66784405,1,-169.9603729248047,107.3809814453125,-351.73907470703125,,,,,,,,,,277735,2307
1786071847,66784405,,,,,5,-1495.7325439453125,1022.0932006835938,-775.7032470703125,0.11182214319705963,-0.15043756365776062,-0.27073922753334045,0.9442270398139954,1,277735,2307
1786071847,74420011,1,-166.89500427246094,110.8060302734375,-349.39837646484375,,,,,,,,,,277736,2307
1786071847,74420011,,,,,5,-1495.7030029296875,1022.0671997070312,-775.6864624023438,0.11201595515012741,-0.15064188838005066,-0.27079394459724426,0.944155752658844,1,277736,2307
1786071847,83734108,1,-166.96104431152344,110.66287994384766,-349.4273986816406,,,,,,,,,,277737,2307
1786071847,83734108,,,,,5,-1495.859375,1022.1720581054688,-775.6730346679688,0.11262984573841095,-0.14943629503250122,-0.272113561630249,0.9438949823379517,1,277737,2307
1786071847,91661288,1,-169.12818908691406,108.96727752685547,-349.88873291015625,,,,,,,,,,277738,2307
1786071847,91661288,,,,,5,-1495.85791015625,1022.1464233398438,-775.7122192382812,0.11298451572656631,-0.14912818372249603,-0.27253878116607666,0.9437785744667053,1,277738,2307
1786071847,99653729,1,-168.81829833984375,108.72889709472656,-349.9620361328125,,,,,,,,,,277739,2307
1786071847,99653729,,,,,5,-1495.6766357421875,1022.0545043945312,-775.7224731445312,0.1120975986123085,-0.15068839490413666,-0.2700418531894684,0.9443540573120117,1,277739,2307
1786071847,108574856,1,-169.44493103027344,108.30928039550781,-350.4177551269531,,,,,,,,,,277740,2307
1786071847,108574856,,,,,5,-1495.840087890625,1022.1798706054688,-775.6491088867188,0.11258076876401901,-0.1498710662126541,-0.2714555263519287,0.9440212845802307,1,277740,2307
1786071847,116963723,1,-169.44972229003906,108.4097900390625,-350.3648681640625,,,,,,,,,,277741,2307
1786071847,116963723,,,,,5,-1495.7314453125,1022.0946655273438,-775.7047729492188,0.11186200380325317,-0.15077239274978638,-0.2700137495994568,0.9443767070770264,1,277741,2307
1786071847,124646058,1,-169.11561584472656,108.78528594970703,-349.8929138183594,,,,,,,,,,277742,2307
1786071847,124646058,,,,,5,-1495.705810546875,1022.0765991210938,-775.7217407226562,0.11200089007616043,-0.15057502686977386,-0.27017074823379517,0.9443467855453491,1,277742,2307
1786071847,133592726,1,-166.92733764648438,111.09744262695312,-349.2454528808594,,,,,,,,,,277743,2307
1786071847,133592726,,,,,5,-1495.8624267578125,1022.1740112304688,-775.6723022460938,0.11278344690799713,-0.14958664774894714,-0.2720266878604889,0.9438778162002563,1,277743,2307
1786071847,141545927,1,-166.89907836914062,111.2116470336914,-349.2817687988281,,,,,,,,,,277744,2307
1786071847,141545927,,,,,5,-1495.7127685546875,1022.0836791992188,-775.7355346679688,0.11200886219739914,-0.15085259079933167,-0.26960083842277527,0.9444644451141357,1,277744,2307
1786071847,150491123,1,-166.86544799804688,110.89218139648438,-349.2456359863281,,,,,,,,,,277745,2307
1786071847,150491123,,,,,5,-1495.6680908203125,1022.0430908203125,-775.683837890625,0.11174579709768295,-0.15128639340400696,-0.26946738362312317,0.9444642066955566,1,277745,2307
1786071847,158473001,1,-166.90745544433594,110.58776092529297,-349.44744873046875,,,,,,,,,,277746,2307
1786071847,158473001,,,,,5,-1495.6741943359375,1022.0783081054688,-775.6817016601562,0.11173669248819351,-0.15121330320835114,-0.2689991891384125,0.9446104168891907,1,277746,2307
1786071847,167083894,1,-169.41029357910156,108.68669128417969,-350.3509826660156,,,,,,,,,,277747,2307
1786071847,167083894,,,,,5,-1495.7076416015625,1022.1107788085938,-775.6884155273438,0.11200631409883499,-0.15068328380584717,-0.26941046118736267,0.944546103477478,1,277747,2307
1786071847,176036035,1,-166.96434020996094,110.77641296386719,-349.4212951660156,,,,,,,,,,277748,2307
1786071847,176036035,,,,,5,-1495.7174072265625,1022.0992431640625,-775.6663208007812,0.11222852021455765,-0.15092618763446808,-0.2698703110218048,0.9443496465682983,1,277748,2307
1786071847,183673017,1,-169.11611938476562,108.60247039794922,-349.8787536621094,,,,,,,,,,277749,2307
1786071847,183673017,,,,,5,-1495.6666259765625,1022.0953369140625,-775.6724853515625,0.1114770844578743,-0.15142938494682312,-0.2682403028011322,0.9448223114013672,1,277749,2307
1786071847,191364474,1,-169.15084838867188,108.81733703613281,-349.86993408203125,,,,,,,,,,277750,2307
1786071847,191364474,,,,,5,-1495.6971435546875,1022.0929565429688,-775.6627197265625,0.11180003732442856,-0.15127035975456238,-0.2693016529083252,0.9445076584815979,1,277750,2307
1786071847,200540016,1,-169.40667724609375,108.65258026123047,-350.2523193359375,,,,,,,,,,277751,2307
1786071847,200540016,,,,,5,-1495.6998291015625,1022.0938720703125,-775.6633911132812,0.11172667145729065,-0.15129712224006653,-0.26918652653694153,0.9445449113845825,1,277751,2307
1786071847,208343430,1,-169.10704040527344,108.81897735595703,-349.8172302246094,,,,,,,,,,277752,2307
1786071847,208343430,,,,,5,-1495.662109375,1022.1019897460938,-775.665283203125,0.11150898039340973,-0.1513698548078537,-0.2687518894672394,0.9446826577186584,1,277752,2307
1786071847,216900232,1,-166.9453887939453,111.02228546142578,-349.1654052734375,,,,,,,,,,277753,2307
1786071847,216900232,,,,,5,-1495.7979736328125,1022.1695556640625,-775.6138916015625,0.11264302581548691,-0.15007901191711426,-0.2704606354236603,0.9442664384841919,1,277753,2307
1786071847,225477711,1,-169.45555114746094,108.6653060913086,-350.2298889160156,,,,,,,,,,277754,2307
1786071847,225477711,,,,,5,-1495.6600341796875,1022.0603637695312,-775.66943359375,0.11184613406658173,-0.1510518193244934,-0.268993079662323,0.944625198841095,1,277754,2307
1786071847,233336270,1,-167.00039672851562,110.58489227294922,-349.4036865234375,,,,,,,,,,277755,2307
1786071847,233336270,,,,,5,-1495.6722412109375,1022.099609375,-775.6903686523438,0.11213048547506332,-0.15057373046875,-0.2693030536174774,0.9445793032646179,1,277755,2307
1786071847,242352007,1,-166.91217041015625,111.04517364501953,-349.1474609375,,,,,,,,,,277756,2307
1786071847,242352007,,,,,5,-1495.6683349609375,1022.0709838867188,-775.6695556640625,0.11195921152830124,-0.15113772451877594,-0.2693513333797455,0.9444958567619324,1,277756,2307
1786071847,250224425,1,-169.1642303466797,109.01891326904297,-349.6993103027344,,,,,,,,,,277757,2307
1786071847,250224425,,,,,5,-1495.722900390625,1022.1036376953125,-775.6586303710938,0.11199146509170532,-0.15085545182228088,-0.26933375000953674,0.9445422887802124,1,277757,2307
1786071847,258532958,1,-169.5154266357422,108.71398162841797,-350.2322082519531,,,,,,,,,,277758,2307
1786071847,258532958,,,,,5,-1495.694580078125,1022.0914916992188,-775.6753540039062,0.11169864982366562,-0.15113259851932526,-0.269223690032959,0.9445639252662659,1,277758,2307
1786071847,267186770,1,-169.1216583251953,108.87002563476562,-349.74383544921875,,,,,,,,,,277759,2307
1786071847,267186770,,,,,5,-1495.7288818359375,1022.1209106445312,-775.6943359375,0.11190243065357208,-0.1506919115781784,-0.26942071318626404,0.9445540904998779,1,277759,2307
1786071847,275153766,1,-169.43690490722656,108.46440887451172,-350.2615051269531,,,,,,,,,,277760,2307
1786071847,275153766,,,,,5,-1495.7652587890625,1022.2242431640625,-775.5648803710938,0.11339069157838821,-0.14941255748271942,-0.272494912147522,0.9436975717544556,1,277760,2307
1786071847,283690341,1,-166.69935607910156,111.18567657470703,-349.4911804199219,,,,,,,,,,277761,2307
1786071847,283690341,,,,,5,-1495.7645263671875,1022.1661987304688,-775.5775756835938,0.11236285418272018,-0.15073761343955994,-0.2702792286872864,0.944246768951416,1,277761,2307
1786071847,292047170,1,-169.4573516845703,108.50253295898438,-350.2142639160156,,,,,,,,,,277762,2307
1786071847,292047170,,,,,5,-1495.8765869140625,1022.193359375,-775.64697265625,0.11271943897008896,-0.149624764919281,-0.2712431252002716,0.944104790687561,1,277762,2307
1786071847,300832400,1,-167.02908325195312,110.84537506103516,-349.2569274902344,,,,,,,,,,277763,2307
1786071847,300832400,,,,,5,-1495.846435546875,1022.2097778320312,-775.5881958007812,0.11361891776323318,-0.1494528353214264,-0.2724684476852417,0.9436714053153992,1,277763,2307
1786071847,308249181,1,-169.4896240234375,108.47709655761719,-350.2926330566406,,,,,,,,,,277764,2307
1786071847,308249181,,,,,5,-1495.8299560546875,1022.2252197265625,-775.5421752929688,0.11389226466417313,-0.14940279722213745,-0.27304840087890625,0.9434786438941956,1,277764,2307
1786071847,317090421,1,-166.95266723632812,110.92263793945312,-349.1526794433594,,,,,,,,,,277765,2307
1786071847,317090421,,,,,5,-1495.8505859375,1022.2387084960938,-775.5628662109375,0.11360576003789902,-0.1495347023010254,-0.2723197042942047,0.9437028765678406,1,277765,2307
1786071847,326252329,1,-166.96690368652344,110.84573364257812,-349.1983642578125,,,,,,,,,,277766,2307
1786071847,326252329,,,,,5,-1495.830078125,1022.2158203125,-775.56201171875,0.11332563310861588,-0.150196373462677,-0.27158400416374207,0.9438434839248657,1,277766,2307
1786071847,333056355,1,-166.96728515625,110.8371353149414,-349.1496887207031,,,,,,,,,,277767,2307
1786071847,333056355,,,,,5,-1495.8878173828125,1022.2006225585938,-775.5722045898438,0.11385079473257065,-0.1492888629436493,-0.2726011276245117,0.9436309933662415,1,277767,2307
1786071847,341976042,1,-169.57620239257812,108.65616607666016,-350.2415771484375,,,,,,,,,,277768,2307
1786071847,341976042,,,,,5,-1495.8375244140625,1022.1912231445312,-775.558837890625,0.11332431435585022,-0.15002921223640442,-0.27189740538597107,0.9437800049781799,1,277768,2307
1786071847,349988230,1,-167.02003479003906,111.04290008544922,-349.1606140136719,,,,,,,,,,277769,2307
1786071847,349988230,,,,,5,-1495.86474609375,1022.1594848632812,-775.5731811523438,0.113410584628582,-0.1500011384487152,-0.2717027962207794,0.9438300132751465,1,277769,2307
1786071847,358897195,1,-167.02870178222656,111.06851196289062,-349.1897888183594,,,,,,,,,,277770,2307
1786071847,358897195,,,,,5,-1496.01806640625,1022.2688598632812,-775.4871215820312,0.11420445144176483,-0.14915168285369873,-0.27371761202812195,0.943286657333374,1,277770,2307
1786071847,366888291,1,-169.5012664794922,108.37616729736328,-350.2906494140625,,,,,,,,,,277771,2307
1786071847,366888291,,,,,5,-1496.0054931640625,1021.9244995117188,-775.6215209960938,0.11387897282838821,-0.14653493463993073,-0.27598416805267334,0.9430757761001587,1,277771,2307
1786071847,374811791,1,-170.0808563232422,107.67684936523438,-351.609130859375,,,,,,,,,,277772,2307
1786071847,374811791,,,,,5,-1495.955810546875,1022.2091674804688,-775.5196533203125,0.11440789699554443,-0.1482052206993103,-0.27199453115463257,0.9439093470573425,1,277772,2307
1786071847,383797218,1,-169.26768493652344,108.96267700195312,-349.757568359375,,,,,,,,,,277773,2307
1786071847,383797218,,,,,5,-1495.7806396484375,1022.0693359375,-775.5907592773438,0.1131371259689331,-0.14990562200546265,-0.26919183135032654,0.9445974826812744,1,277773,2307
1786071847,391783642,1,-169.52130126953125,108.45516204833984,-350.3031005859375,,,,,,,,,,277774,2307
1786071847,391783642,,,,,5,-1495.7017822265625,1022.1427612304688,-775.478515625,0.11395260691642761,-0.15039017796516418,-0.2680647075176239,0.944742739200592,1,277774,2307
1786071847,399917101,1,-169.23670959472656,108.90941619873047,-349.7840881347656,,,,,,,,,,277775,2307
1786071847,399917101,,,,,5,-1495.957763671875,1022.1653442382812,-775.5448608398438,0.11447608470916748,-0.1480114907026291,-0.2720368802547455,0.94391930103302,1,277775,2307
1786071847,408725183,1,-166.97633361816406,110.88743591308594,-349.18524169921875,,,,,,,,,,277776,2307
1786071847,408725183,,,,,5,-1495.760009765625,1022.0619506835938,-775.5973510742188,0.11289774626493454,-0.14996235072612762,-0.2689341902732849,0.9446903467178345,1,277776,2307
1786071847,416743389,1,-169.55206298828125,108.4332504272461,-350.3171691894531,,,,,,,,,,277777,2307
1786071847,416743389,,,,,5,-1495.9456787109375,1022.1215209960938,-775.5592041015625,0.11370277404785156,-0.14849042892456055,-0.27233433723449707,0.9438517689704895,1,277777,2307
1786071847,424843018,1,-166.99874877929688,110.53313446044922,-349.4119567871094,,,,,,,,,,277778,2307
1786071847,424843018,,,,,5,-1496.0943603515625,1022.1229858398438,-775.4297485351562,0.11359220743179321,-0.1481950581073761,-0.2746151387691498,0.9432504177093506,1,277778,2307
1786071847,433668863,1,-167.05934143066406,111.09111022949219,-349.2015686035156,,,,,,,,,,277779,2307
1786071847,433668863,,,,,5,-1495.9180908203125,1021.8679809570312,-775.58203125,0.11072714626789093,-0.14991214871406555,-0.27014482021331787,0.9446098208427429,1,277779,2307
1786071847,441733605,1,-167.05694580078125,111.06327056884766,-349.15692138671875,,,,,,,,,,277780,2308
1786071847,441733605,,,,,5,-1496.0201416015625,1021.9255981445312,-775.5748901367188,0.11167014390230179,-0.1488618701696396,-0.2708517611026764,0.9444624781608582,1,277780,2308
1786071847,450025974,1,-167.0535888671875,111.18965911865234,-349.2377624511719,,,,,,,,,,277781,2308
1786071847,450025974,,,,,5,-1496.049072265625,1021.9367065429688,-775.56884765625,0.11130306869745255,-0.14898736774921417,-0.2707599103450775,0.9445122480392456,1,277781,2308
1786071847,458571030,1,-169.24844360351562,108.86762237548828,-349.7895812988281,,,,,,,,,,277782,2308
1786071847,458571030,,,,,5,-1496.04248046875,1021.9291381835938,-775.562744140625,0.11127478629350662,-0.14913618564605713,-0.2705124616622925,0.944563090801239,1,277782,2308
1786071847,466577906,1,-167.07066345214844,111.13803100585938,-349.1686096191406,,,,,,,,,,277783,2308
1786071847,466577906,,,,,5,-1496.0506591796875,1021.9599609375,-775.5927124023438,0.11119856685400009,-0.14894282817840576,-0.27029499411582947,0.9446648359298706,1,277783,2308
1786071847,475512827,1,-167.04437255859375,110.84956359863281,-349.28070068359375,,,,,,,,,,277784,2308
1786071847,475512827,,,,,5,-1495.9029541015625,1021.9003295898438,-775.587158203125,0.11106283217668533,-0.1499590128660202,-0.2696697413921356,0.944698691368103,1,277784,2308
1786071847,483611464,1,-169.28646850585938,109.03231048583984,-349.7582702636719,,,,,,,,,,277785,2308
1786071847,483611464,,,,,5,-1496.0643310546875,1021.9949340820312,-775.45751953125,0.11164721846580505,-0.14879043400287628,-0.27076688408851624,0.9445008039474487,1,277785,2308
1786071847,491447140,1,-167.08863830566406,111.0767593383789,-349.2279357910156,,,,,,,,,,277786,2308
1786071847,491447140,,,,,5,-1496.0755615234375,1021.9443359375,-775.5077514648438,0.11117878556251526,-0.14885923266410828,-0.2702322006225586,0.9446981549263,1,277786,2308
1786071847,500450266,1,-167.1736297607422,110.5522232055664,-349.6865234375,,,,,,,,,,277787,2308
1786071847,500450266,,,,,5,-1495.912109375,1021.8757934570312,-775.5863647460938,0.11109383404254913,-0.14937607944011688,-0.27059096097946167,0.944523811340332,1,277787,2308
1786071847,509598155,1,-167.0289306640625,110.90293884277344,-349.244140625,,,,,,,,,,277788,2308
1786071847,509598155,,,,,5,-1495.9505615234375,1021.892578125,-775.6173095703125,0.11050708591938019,-0.1495097428560257,-0.2689811885356903,0.9450312852859497,1,277788,2308
1786071847,516859227,1,-167.23348999023438,110.62461853027344,-349.6590576171875,,,,,,,,,,277789,2308
1786071847,516859227,,,,,5,-1496.0360107421875,1021.9533081054688,-775.5155639648438,0.11179310083389282,-0.14853571355342865,-0.27044060826301575,0.9446170330047607,1,277789,2308
1786071847,524445640,1,-167.0305938720703,111.02204895019531,-349.19549560546875,,,,,,,,,,277790,2308
1786071847,524445640,,,,,5,-1495.8807373046875,1022.00634765625,-775.5156860351562,0.1114000603556633,-0.15006376802921295,-0.2675461173057556,0.9452461004257202,1,277790,2308
1786071847,533372112,1,-167.08993530273438,111.11488342285156,-349.1717529296875,,,,,,,,,,277791,2308
1786071847,533372112,,,,,5,-1495.9036865234375,1021.84716796875,-775.59033203125,0.11052525043487549,-0.14981061220169067,-0.26942965388298035,0.9448537826538086,1,277791,2308
1786071847,541881578,1,-167.025634765625,111.09881591796875,-349.1513977050781,,,,,,,,,,277792,2308
1786071847,541881578,,,,,5,-1495.9395751953125,1021.8355712890625,-775.5899047851562,0.11067449301481247,-0.14969025552272797,-0.27063053846359253,0.944512128829956,1,277792,2308
1786071847,550636849,1,-169.5940399169922,108.6504898071289,-350.2776184082031,,,,,,,,,,277793,2308
1786071847,550636849,,,,,5,-1495.8802490234375,1021.8494262695312,-775.6072387695312,0.11078985780477524,-0.14973114430904388,-0.26978063583374023,0.9447352290153503,1,277793,2308
1786071847,558250307,1,-167.22808837890625,110.39110565185547,-349.71783447265625,,,,,,,,,,277794,2308
1786071847,558250307,,,,,5,-1495.9012451171875,1021.8334350585938,-775.646240234375,0.11089213937520981,-0.1495053619146347,-0.2691757082939148,0.9449315667152405,1,277794,2308
1786071847,567266780,1,-169.58131408691406,108.50735473632812,-350.3316955566406,,,,,,,,,,277795,2308
1786071847,567266780,,,,,5,-1495.9144287109375,1021.8429565429688,-775.6228637695312,0.1111055240035057,-0.14941518008708954,-0.26980942487716675,0.9447398781776428,1,277795,2308
1786071847,575167844,1,-169.56488037109375,108.37334442138672,-350.3206481933594,,,,,,,,,,277796,2308
1786071847,575167844,,,,,5,-1495.896484375,1021.7994384765625,-775.6365356445312,0.11054768413305283,-0.14959797263145447,-0.26921483874320984,0.9449459910392761,1,277796,2308
1786071847,583174783,1,-170.1259765625,107.68885040283203,-351.6225280761719,,,,,,,,,,277797,2308
1786071847,583174783,,,,,5,-1496.0594482421875,1021.9480590820312,-775.5423583984375,0.1114230677485466,-0.14869214594364166,-0.2707117795944214,0.9445585012435913,1,277797,2308
1786071847,592158898,1,-167.05149841308594,110.67650604248047,-349.27227783203125,,,,,,,,,,277798,2308
1786071847,592158898,,,,,5,-1495.88623046875,1021.8230590820312,-775.6412963867188,0.11034025996923447,-0.1499624103307724,-0.2688378095626831,0.9450199604034424,1,277798,2308
1786071847,600153291,1,-167.21377563476562,110.67005920410156,-349.6066589355469,,,,,,,,,,277799,2308
1786071847,600153291,,,,,5,-1496.0330810546875,1021.900390625,-775.5436401367188,0.1112547367811203,-0.1487201750278473,-0.27046462893486023,0.9446447491645813,1,277799,2308
1786071847,607576217,1,-169.45152282714844,108.5947265625,-350.35040283203125,,,,,,,,,,277800,2308
1786071847,607576217,,,,,5,-1495.900634765625,1021.8029174804688,-775.6209716796875,0.11028487980365753,-0.14989164471626282,-0.26903071999549866,0.944982647895813,1,277800,2308
1786071847,617077261,1,-169.61830139160156,108.64865112304688,-350.18280029296875,,,,,,,,,,277801,2308
1786071847,617077261,,,,,5,-1496.025390625,1021.916015625,-775.5457153320312,0.11109023541212082,-0.14897803962230682,-0.2704804837703705,0.9446188807487488,1,277801,2308
1786071847,625032927,1,-167.11366271972656,111.18641662597656,-349.2154235839844,,,,,,,,,,277802,2308
1786071847,625032927,,,,,5,-1495.9442138671875,1021.8416137695312,-775.6055297851562,0.11053989827632904,-0.14956355094909668,-0.27006128430366516,0.9447108507156372,1,277802,2308
1786071847,632955691,1,-167.24281311035156,110.85892486572266,-349.5064392089844,,,,,,,,,,277803,2308
1786071847,632955691,,,,,5,-1495.8765869140625,1021.8449096679688,-775.6044921875,0.11068304628133774,-0.14974159002304077,-0.26902905106544495,0.944960355758667,1,277803,2308
1786071847,642059348,1,-167.10047912597656,111.0657730102539,-349.1825256347656,,,,,,,,,,277804,2308
1786071847,642059348,,,,,5,-1495.8765869140625,1021.8458251953125,-775.6011352539062,0.1105489730834961,-0.15002764761447906,-0.2696622610092163,0.944750189781189,1,277804,2308
1786071847,649989025,1,-167.0107421875,110.9276123046875,-349.20599365234375,,,,,,,,,,277805,2308
1786071847,649989025,,,,,5,-1495.86328125,1021.81396484375,-775.5831298828125,0.11085272580385208,-0.1496993899345398,-0.2699042558670044,0.9446976184844971,1,277805,2308
1786071847,657980826,1,-167.0701446533203,110.96206665039062,-349.1854248046875,,,,,,,,,,277806,2308
1786071847,657980826,,,,,5,-1496.0218505859375,1021.9156494140625,-775.5138549804688,0.11120805144309998,-0.14913111925125122,-0.270803838968277,0.9444880485534668,1,277806,2308
1786071847,666904481,1,-169.5642852783203,108.19416809082031,-350.2602233886719,,,,,,,,,,277807,2308
1786071847,666904481,,,,,5,-1495.932861328125,1021.81201171875,-775.6002807617188,0.11064250767230988,-0.14975616335868835,-0.26976847648620605,0.9447519779205322,1,277807,2308
1786071847,674885496,1,-166.8655242919922,111.4871826171875,-349.4438781738281,,,,,,,,,,277808,2308
1786071847,674885496,,,,,5,-1495.8895263671875,1021.8258666992188,-775.629638671875,0.11030585318803787,-0.14998334646224976,-0.2690372169017792,0.9449638724327087,1,277808,2308
1786071847,683917011,1,-167.03553771972656,110.92204284667969,-349.1828918457031,,,,,,,,,,277809,2308
1786071847,683917011,,,,,5,-1496.0279541015625,1021.91845703125,-775.5159912109375,0.11152101308107376,-0.14890266954898834,-0.2709296941757202,0.9444512724876404,1,277809,2308
1786071847,691875974,1,-167.17965698242188,110.83597564697266,-349.2689514160156,,,,,,,,,,277810,2308
1786071847,691875974,,,,,5,-1495.94140625,1021.8764038085938,-775.6179809570312,0.11028724163770676,-0.1500185877084732,-0.26918426156044006,0.9449185729026794,1,277810,2308
1786071847,699850747,1,-169.60533142089844,108.72157287597656,-350.23272705078125,,,,,,,,,,277811,2308
1786071847,699850747,,,,,5,-1495.8414306640625,1021.837890625,-775.6395874023438,0.11055537313222885,-0.1498776376247406,-0.26869943737983704,0.9450474381446838,1,277811,2308
1786071847,708868981,1,-167.10377502441406,110.82037353515625,-349.32427978515625,,,,,,,,,,277812,2308
1786071847,708868981,,,,,5,-1495.9949951171875,1021.9037475585938,-775.5466918945312,0.11115239560604095,-0.14901456236839294,-0.2693052291870117,0.9449416399002075,1,277812,2308
1786071847,716912759,1,-167.08160400390625,111.01278686523438,-349.1643371582031,,,,,,,,,,277813,2308
1786071847,716912759,,,,,5,-1495.9224853515625,1021.8875122070312,-775.6137084960938,0.11078204214572906,-0.14952169358730316,-0.2697421908378601,0.9447803497314453,1,277813,2308
1786071847,725145853,1,-169.6365966796875,108.6659164428711,-350.2099914550781,,,,,,,,,,277814,2308
1786071847,725145853,,,,,5,-1495.9041748046875,1021.85693359375,-775.5672607421875,0.11083061248064041,-0.1498384028673172,-0.27005648612976074,0.9446345567703247,1,277814,2308
1786071847,733128212,1,-169.61366271972656,108.68702697753906,-350.27197265625,,,,,,,,,,277815,2308
1786071847,733128212,,,,,5,-1496.0220947265625,1021.8992309570312,-775.5236206054688,0.11140603572130203,-0.1489255130290985,-0.2707884609699249,0.9445017576217651,1,277815,2308
1786071847,741651568,1,-167.24368286132812,110.54193115234375,-349.6084899902344,,,,,,,,,,277816,2308
1786071847,741651568,,,,,5,-1495.8895263671875,1021.83349609375,-775.5875854492188,0.11047835648059845,-0.15003573894500732,-0.26883915066719055,0.9449917674064636,1,277816,2308
1786071847,749768160,1,-167.0734100341797,111.0380859375,-349.150634765625,,,,,,,,,,277817,2308
1786071847,749768160,,,,,5,-1495.883056640625,1021.8373413085938,-775.5809936523438,0.11042614281177521,-0.1499776989221573,-0.2689151465892792,0.9449853897094727,1,277817,2308
1786071847,759061037,1,-167.07754516601562,111.08354949951172,-349.1125793457031,,,,,,,,,,277818,2308
1786071847,759061037,,,,,5,-1495.916259765625,1021.8419189453125,-775.5458374023438,0.11066484451293945,-0.14994403719902039,-0.26992180943489075,0.9446758031845093,1,277818,2308
1786071847,766813209,1,-167.10443115234375,110.86428833007812,-349.3370361328125,,,,,,,,,,277819,2308
1786071847,766813209,,,,,5,-1496.0738525390625,1021.9118041992188,-775.5204467773438,0.11111606657505035,-0.14886073768138885,-0.2706989347934723,0.9445717930793762,1,277819,2308
1786071847,774656470,1,-167.1138458251953,111.08412170410156,-349.2140808105469,,,,,,,,,,277820,2308
1786071847,774656470,,,,,5,-1495.7479248046875,1021.8897705078125,-775.6751708984375,0.11065124720335007,-0.1508842408657074,-0.26687294244766235,0.9453936219215393,1,277820,2308
1786071847,783635687,1,-167.09385681152344,111.06671142578125,-349.2077331542969,,,,,,,,,,277821,2308
1786071847,783635687,,,,,5,-1495.8648681640625,1021.8756103515625,-775.597900390625,0.11089634150266647,-0.15037517249584198,-0.26859211921691895,0.9449591040611267,1,277821,2308
1786071847,791542128,1,-167.0778350830078,111.09561157226562,-349.1600341796875,,,,,,,,,,277822,2308
1786071847,791542128,,,,,5,-1495.8717041015625,1021.84912109375,-775.6178588867188,0.11080031096935272,-0.15027378499507904,-0.26802751421928406,0.9451468586921692,1,277822,2308
1786071847,800558153,1,-167.11705017089844,110.8403549194336,-349.2378234863281,,,,,,,,,,277823,2308
1786071847,800558153,,,,,5,-1495.8690185546875,1021.8392944335938,-775.6217651367188,0.11072938144207001,-0.1502382457256317,-0.26831430196762085,0.9450794458389282,1,277823,2308
1786071847,809188505,1,-167.07887268066406,111.15029907226562,-349.19073486328125,,,,,,,,,,277824,2308
1786071847,809188505,,,,,5,-1495.8333740234375,1021.8854370117188,-775.6146850585938,0.11052726954221725,-0.15051265060901642,-0.26805707812309265,0.9451323747634888,1,277824,2308
1786071847,816430150,1,-167.10633850097656,110.73174285888672,-349.336669921875,,,,,,,,,,277825,2308
1786071847,816430150,,,,,5,-1495.861328125,1021.9262084960938,-775.648193359375,0.11111703515052795,-0.1497696340084076,-0.26884904503822327,0.9449562430381775,1,277825,2308
1786071847,825527117,1,-167.11550903320312,110.64705657958984,-349.27838134765625,,,,,,,,,,277826,2308
1786071847,825527117,,,,,5,-1495.7275390625,1021.8806762695312,-775.6857299804688,0.1105666235089302,-0.15067315101623535,-0.26832929253578186,0.9450249671936035,1,277826,2308
1786071847,833419155,1,-167.11782836914062,110.90325164794922,-349.3619384765625,,,,,,,,,,277827,2308
1786071847,833419155,,,,,5,-1495.7451171875,1021.91162109375,-775.7260131835938,0.11077467352151871,-0.15042850375175476,-0.2685243785381317,0.9449841380119324,1,277827,2308
1786071847,841378310,1,-167.277587890625,110.61371612548828,-349.60675048828125,,,,,,,,,,277828,2308
1786071847,841378310,,,,,5,-1495.7437744140625,1021.8855590820312,-775.6874389648438,0.11065945029258728,-0.15061736106872559,-0.26850366592407227,0.9449735283851624,1,277828,2308
1786071847,850434566,1,-167.2984161376953,110.87936401367188,-349.511474609375,,,,,,,,,,277829,2308
1786071847,850434566,,,,,5,-1495.8524169921875,1021.9429931640625,-775.6251831054688,0.11115314066410065,-0.14984776079654694,-0.26956266164779663,0.9447363018989563,1,277829,2308
1786071847,858444386,1,-167.1406707763672,111.0134506225586,-349.15948486328125,,,,,,,,,,277830,2308
1786071847,858444386,,,,,5,-1495.7672119140625,1021.9088134765625,-775.642822265625,0.11047084629535675,-0.15067711472511292,-0.26779457926750183,0.9451871514320374,1,277830,2308
1786071847,866334632,1,-167.27322387695312,110.65803527832031,-349.6011047363281,,,,,,,,,,277831,2308
1786071847,866334632,,,,,5,-1495.7801513671875,1021.9070434570312,-775.6054077148438,0.11053159087896347,-0.15054382383823395,-0.26819291710853577,0.9450883865356445,1,277831,2308
1786071847,875408011,1,-169.30447387695312,109.01665496826172,-349.6870422363281,,,,,,,,,,277832,2308
1786071847,875408011,,,,,5,-1495.769775390625,1021.9151611328125,-775.6063842773438,0.11063932627439499,-0.150628000497818,-0.26859933137893677,0.944946825504303,1,277832,2308
1786071847,883332888,1,-169.709716796875,108.64405059814453,-350.2201232910156,,,,,,,,,,277833,2308
1786071847,883332888,,,,,5,-1495.5618896484375,1021.8365478515625,-775.7765502929688,0.11023834347724915,-0.15039092302322388,-0.26631250977516174,0.9456785917282104,1,277833,2308
1786071847,891391933,1,-167.13368225097656,111.11962890625,-349.1297912597656,,,,,,,,,,277834,2308
1786071847,891391933,,,,,5,-1495.7037353515625,1021.8463134765625,-775.7168579101562,0.11060409247875214,-0.15054616332054138,-0.2668844759464264,0.9454498291015625,1,277834,2308
1786071847,900354380,1,-167.11318969726562,110.89717102050781,-349.2190246582031,,,,,,,,,,277835,2308
1786071847,900354380,,,,,5,-1495.676025390625,1021.8267822265625,-775.66064453125,0.11052338033914566,-0.15080125629901886,-0.2670004963874817,0.9453858137130737,1,277835,2308
1786071847,908330753,1,-167.11875915527344,111.11306762695312,-349.17535400390625,,,,,,,,,,277836,2308
1786071847,908330753,,,,,5,-1495.6767578125,1021.8400268554688,-775.7095947265625,0.11031418293714523,-0.15053629875183105,-0.2663118243217468,0.9456467628479004,1,277836,2308
1786071847,916446289,1,-167.31822204589844,110.7283935546875,-349.46807861328125,,,,,,,,,,277837,2308
1786071847,916446289,,,,,5,-1495.6968994140625,1021.8231811523438,-775.6920776367188,0.11051922291517258,-0.1507502794265747,-0.2672434151172638,0.9453256726264954,1,277837,2308
1786071847,925360823,1,-169.68601989746094,108.51593017578125,-350.2109069824219,,,,,,,,,,277838,2308
1786071847,925360823,,,,,5,-1495.7142333984375,1021.814453125,-775.6929321289062,0.11060255765914917,-0.15063811838626862,-0.26770687103271484,0.9452027678489685,1,277838,2308
1786071847,933251709,1,-167.11195373535156,110.93284606933594,-349.15911865234375,,,,,,,,,,277839,2308
1786071847,933251709,,,,,5,-1495.6820068359375,1021.8201293945312,-775.6534423828125,0.11058483272790909,-0.15083225071430206,-0.2674028277397156,0.9452599287033081,1,277839,2308
1786071847,942152576,1,-169.69696044921875,108.68161010742188,-350.1916198730469,,,,,,,,,,277840,2308
1786071847,942152576,,,,,5,-1495.6976318359375,1021.8235473632812,-775.6727905273438,0.11073274910449982,-0.15086154639720917,-0.26790687441825867,0.9450951814651489,1,277840,2308
1786071847,950553637,1,-167.30715942382812,110.68584442138672,-349.5826416015625,,,,,,,,,,277841,2308
1786071847,950553637,,,,,5,-1495.6956787109375,1021.81396484375,-775.7041625976562,0.11039258539676666,-0.1507081538438797,-0.26720961928367615,0.9453569054603577,1,277841,2308
1786071847,958178233,1,-167.1269989013672,111.03252410888672,-349.158447265625,,,,,,,,,,277842,2308
1786071847,958178233,,,,,5,-1495.693115234375,1021.8246459960938,-775.6612548828125,0.11040878295898438,-0.15087027847766876,-0.2669665813446045,0.9453977942466736,1,277842,2308
1786071847,967253021,1,-167.08522033691406,110.87644958496094,-349.21014404296875,,,,,,,,,,277843,2308
1786071847,967253021,,,,,5,-1495.7247314453125,1021.8477783203125,-775.7007446289062,0.11070261895656586,-0.15052378177642822,-0.2675434947013855,0.9452555775642395,1,277843,2308
1786071847,975308418,1,-167.36215209960938,110.74307250976562,-349.5834045410156,,,,,,,,,,277844,2308
1786071847,975308418,,,,,5,-1495.673095703125,1021.8300170898438,-775.72119140625,0.11063722521066666,-0.1503618210554123,-0.2674444913864136,0.9453170299530029,1,277844,2308
1786071847,983217579,1,-170.2411346435547,107.42967224121094,-351.6520080566406,,,,,,,,,,277845,2308
1786071847,983217579,,,,,5,-1495.7034912109375,1021.8238525390625,-775.6768188476562,0.11039703339338303,-0.15080098807811737,-0.26721394062042236,0.9453402757644653,1,277845,2308
1786071847,992091497,1,-167.2241973876953,111.04244232177734,-349.12945556640625,,,,,,,,,,277846,2308
1786071847,992091497,,,,,5,-1495.704345703125,1021.8258666992188,-775.6686401367188,0.11078663170337677,-0.1507047563791275,-0.2675643861293793,0.9452109336853027,1,277846,2308
1786071848,33976,1,-169.7337646484375,108.63050079345703,-350.2745056152344,,,,,,,,,,277847,2308
1786071848,33976,,,,,5,-1495.67626953125,1021.8323364257812,-775.7006225585938,0.1108928993344307,-0.1505739986896515,-0.26739639043807983,0.945266842842102,1,277847,2308
1786071848,7943394,1,-167.29800415039062,110.65939331054688,-349.5992126464844,,,,,,,,,,277848,2308
1786071848,7943394,,,,,5,-1495.827392578125,1021.8663330078125,-775.6441650390625,0.111587293446064,-0.1494431346654892,-0.26870644092559814,0.9449930787086487,1,277848,2308
1786071848,16960475,1,-167.2486572265625,110.86656188964844,-349.3233642578125,,,,,,,,,,277849,2308
1786071848,16960475,,,,,5,-1495.6783447265625,1021.81640625,-775.6806030273438,0.11062902212142944,-0.1508013904094696,-0.26692357659339905,0.9453951120376587,1,277849,2308
1786071848,24897289,1,-167.15362548828125,111.10844421386719,-349.1874084472656,,,,,,,,,,277850,2308
1786071848,24897289,,,,,5,-1495.682373046875,1021.8449096679688,-775.71142578125,0.11070340871810913,-0.15067125856876373,-0.26688647270202637,0.9454177618026733,1,277850,2308
1786071848,34356469,1,-167.20851135253906,110.9896469116211,-349.1732482910156,,,,,,,,,,277851,2308
1786071848,34356469,,,,,5,-1495.7064208984375,1021.8360595703125,-775.7189331054688,0.11084231734275818,-0.1505414843559265,-0.26746201515197754,0.9452593922615051,1,277851,2308
1786071848,42065401,1,-167.19918823242188,111.11256408691406,-349.12615966796875,,,,,,,,,,277852,2308
1786071848,42065401,,,,,5,-1495.8221435546875,1021.86328125,-775.6178588867188,0.11107084900140762,-0.14985692501068115,-0.26785215735435486,0.9452309012413025,1,277852,2308
1786071848,49844137,1,-167.18453979492188,110.66342163085938,-349.3076171875,,,,,,,,,,277853,2308
1786071848,49844137,,,,,5,-1495.48193359375,1021.9136962890625,-775.7932739257812,0.11064765602350235,-0.15163472294807434,-0.26330113410949707,0.9462750554084778,1,277853,2308
1786071848,59295636,1,-167.2198028564453,111.10401916503906,-349.15545654296875,,,,,,,,,,277854,2308
1786071848,59295636,,,,,5,-1495.68017578125,1021.9375,-775.6954956054688,0.1112707182765007,-0.15034618973731995,-0.2662217915058136,0.9455901980400085,1,277854,2308
1786071848,66803666,1,-167.14804077148438,110.71942138671875,-349.2543029785156,,,,,,,,,,277855,2308
1786071848,66803666,,,,,5,-1495.6478271484375,1021.91455078125,-775.767333984375,0.11058422178030014,-0.1505570262670517,-0.26599639654159546,0.9457005858421326,1,277855,2308
1786071848,75513681,1,-167.3354949951172,110.87085723876953,-349.5032958984375,,,,,,,,,,277856,2308
1786071848,75513681,,,,,5,-1495.750244140625,1021.9024658203125,-775.7054443359375,0.11138500273227692,-0.14952543377876282,-0.267397403717041,0.9453751444816589,1,277856,2308
1786071848,83738165,1,-167.13734436035156,110.86483764648438,-349.1640319824219,,,,,,,,,,277857,2308
1786071848,83738165,,,,,5,-1495.661376953125,1021.8775634765625,-775.7657470703125,0.11088217794895172,-0.15038363635540009,-0.2669680118560791,0.9454195499420166,1,277857,2308
1786071848,91784472,1,-167.18296813964844,110.91788482666016,-349.1866149902344,,,,,,,,,,277858,2308
1786071848,91784472,,,,,5,-1495.5958251953125,1021.9323120117188,-775.7006225585938,0.11185134947299957,-0.15082018077373505,-0.26838916540145874,0.9448332190513611,1,277858,2308
1786071848,99648057,1,-167.21412658691406,111.14307403564453,-349.12030029296875,,,,,,,,,,277859,2308
1786071848,99648057,,,,,5,-1495.5975341796875,1021.8955078125,-775.7428588867188,0.11101217567920685,-0.15079279243946075,-0.26726365089416504,0.9452555179595947,1,277859,2308
1786071848,108686518,1,-167.19345092773438,110.97916412353516,-349.1720886230469,,,,,,,,,,277860,2308
1786071848,108686518,,,,,5,-1495.614990234375,1021.8504028320312,-775.7922973632812,0.11120393872261047,-0.1503123939037323,-0.2670079469680786,0.945381760597229,1,277860,2308
1786071848,116640872,1,-169.74656677246094,108.7344741821289,-350.2181701660156,,,,,,,,,,277861,2308
1786071848,116640872,,,,,5,-1495.6331787109375,1021.8536987304688,-775.7579345703125,0.11096418648958206,-0.15064266324043274,-0.26716017723083496,0.9453142881393433,1,277861,2308
1786071848,125634812,1,-167.18768310546875,111.0578384399414,-349.1570739746094,,,,,,,,,,277862,2308
1786071848,125634812,,,,,5,-1495.6187744140625,1021.8703002929688,-775.7520751953125,0.11045534908771515,-0.15082202851772308,-0.2661169767379761,0.9456395506858826,1,277862,2308
1786071848,133613618,1,-167.15467834472656,110.84012603759766,-349.2016296386719,,,,,,,,,,277863,2308
1786071848,133613618,,,,,5,-1495.6165771484375,1021.8677978515625,-775.7504272460938,0.11073384433984756,-0.15075795352458954,-0.2666168212890625,0.9454764127731323,1,277863,2308
1786071848,141228453,1,-167.16648864746094,110.93099975585938,-349.1712341308594,,,,,,,,,,277864,2308
1786071848,141228453,,,,,5,-1495.7200927734375,1021.9169311523438,-775.68798828125,0.1112048551440239,-0.15004242956638336,-0.26759350299835205,0.9452589154243469,1,277864,2308
1786071848,150524210,1,-167.36485290527344,110.65943145751953,-349.56207275390625,,,,,,,,,,277865,2308
1786071848,150524210,,,,,5,-1495.7230224609375,1021.8824462890625,-775.7491455078125,0.11154314130544662,-0.1498594433069229,-0.2677391469478607,0.9452068209648132,1,277865,2308
1786071848,158518827,1,-167.37718200683594,110.67424774169922,-349.5887756347656,,,,,,,,,,277866,2308
1786071848,158518827,,,,,5,-1495.6121826171875,1021.8767700195312,-775.787109375,0.11077112704515457,-0.15060187876224518,-0.26657092571258545,0.9455098509788513,1,277866,2308
1786071848,166812252,1,-167.154296875,110.7174072265625,-349.3063659667969,,,,,,,,,,277867,2308
1786071848,166812252,,,,,5,-1495.5172119140625,1021.8600463867188,-775.862548828125,0.11096944659948349,-0.1508120745420456,-0.267358660697937,0.9452306032180786,1,277867,2308
1786071848,175491926,1,-167.2592010498047,111.04560852050781,-349.1770935058594,,,,,,,,,,277868,2308
1786071848,175491926,,,,,5,-1495.7176513671875,1021.9278564453125,-775.7756958007812,0.1111147478222847,-0.15005367994308472,-0.2675633728504181,0.9452762603759766,1,277868,2308
1786071848,183523094,1,-167.1838836669922,110.94390869140625,-349.1537780761719,,,,,,,,,,277869,2308
1786071848,183523094,,,,,5,-1495.5947265625,1021.9013061523438,-775.7432861328125,0.11083576828241348,-0.15082401037216187,-0.2672699987888336,0.9452693462371826,1,277869,2308
1786071848,191427486,1,-167.2005157470703,111.09024047851562,-349.1740417480469,,,,,,,,,,277870,2308
1786071848,191427486,,,,,5,-1495.582763671875,1021.8642578125,-775.7855224609375,0.11085223406553268,-0.15076634287834167,-0.2668974697589874,0.9453819990158081,1,277870,2308
1786071848,200425204,1,-167.35385131835938,110.94063568115234,-349.5209655761719,,,,,,,,,,277871,2308
1786071848,200425204,,,,,5,-1495.596923828125,1021.8697509765625,-775.768798828125,0.11062762141227722,-0.15078496932983398,-0.26670530438423157,0.9454596042633057,1,277871,2308
1786071848,208355073,1,-167.27874755859375,110.86647033691406,-349.3258361816406,,,,,,,,,,277872,2308
1786071848,208355073,,,,,5,-1495.63232421875,1021.8684692382812,-775.7763671875,0.11051392555236816,-0.1507503092288971,-0.2670244574546814,0.9453882575035095,1,277872,2308
1786071848,216375551,1,-167.20521545410156,111.03340148925781,-349.0957946777344,,,,,,,,,,277873,2308
1786071848,216375551,,,,,5,-1495.5791015625,1021.8610229492188,-775.7824096679688,0.11066882312297821,-0.15085643529891968,-0.26670724153518677,0.9454427361488342,1,277873,2308
1786071848,225361746,1,-167.23318481445312,111.11077880859375,-349.15771484375,,,,,,,,,,277874,2308
1786071848,225361746,,,,,5,-1495.61181640625,1021.8966064453125,-775.7794799804688,0.11080711334943771,-0.15054567158222198,-0.26700127124786377,0.9453930854797363,1,277874,2308
1786071848,233322181,1,-167.18023681640625,111.02125549316406,-349.1719055175781,,,,,,,,,,277875,2308
1786071848,233322181,,,,,5,-1495.5487060546875,1021.8893432617188,-775.8656616210938,0.11044535785913467,-0.15027424693107605,-0.26637330651283264,0.9456557035446167,1,277875,2308
1786071848,242360898,1,-169.70205688476562,108.49137878417969,-350.21990966796875,,,,,,,,,,277876,2308
1786071848,242360898,,,,,5,-1495.5306396484375,1021.8717041015625,-775.8165283203125,0.1106320172548294,-0.15076330304145813,-0.2665390074253082,0.9455093741416931,1,277876,2308
1786071848,250232068,1,-167.22647094726562,110.92420959472656,-349.3014831542969,,,,,,,,,,277877,2308
1786071848,250232068,,,,,5,-1495.5479736328125,1021.8519897460938,-775.7926635742188,0.11055313795804977,-0.15078946948051453,-0.26681166887283325,0.9454375505447388,1,277877,2308
1786071848,258219612,1,-167.17213439941406,111.005859375,-349.1609802246094,,,,,,,,,,277878,2308
1786071848,258219612,,,,,5,-1495.5394287109375,1021.8853759765625,-775.7977905273438,0.11101355403661728,-0.1505458801984787,-0.267498254776001,0.9452283978462219,1,277878,2308
1786071848,267314499,1,-167.1185760498047,110.56593322753906,-349.2980651855469,,,,,,,,,,277879,2308
1786071848,267314499,,,,,5,-1495.7041015625,1021.9488525390625,-775.744140625,0.11138731986284256,-0.14972694218158722,-0.2679625153541565,0.9451829791069031,1,277879,2308
1786071848,275257203,1,-167.35618591308594,110.48131561279297,-349.6819763183594,,,,,,,,,,277880,2308
1786071848,275257203,,,,,5,-1495.5552978515625,1021.8668212890625,-775.8074951171875,0.11077341437339783,-0.1508621871471405,-0.2662964463233948,0.9455453753471375,1,277880,2308
1786071848,283131926,1,-167.34707641601562,110.67443084716797,-349.5569763183594,,,,,,,,,,277881,2308
1786071848,283131926,,,,,5,-1495.5794677734375,1021.8717041015625,-775.7921142578125,0.11082007735967636,-0.1506671905517578,-0.2671394348144531,0.9453332424163818,1,277881,2308
1786071848,292428195,1,-167.16610717773438,110.8658447265625,-349.2447204589844,,,,,,,,,,277882,2308
1786071848,292428195,,,,,5,-1495.6085205078125,1021.884765625,-775.8101196289062,0.11083821207284927,-0.15082436800003052,-0.266938716173172,0.9453626275062561,1,277882,2308
1786071848,300158026,1,-167.20643615722656,110.91779327392578,-349.15875244140625,,,,,,,,,,277883,2308
1786071848,300158026,,,,,5,-1495.6949462890625,1021.9119262695312,-775.7775268554688,0.11128689348697662,-0.14999720454216003,-0.2678251266479492,0.9451909065246582,1,277883,2308
1786071848,308127679,1,-167.3855743408203,110.79293060302734,-349.5333251953125,,,,,,,,,,277884,2308
1786071848,308127679,,,,,5,-1495.6201171875,1021.8894653320312,-775.8441772460938,0.11044812947511673,-0.1505444198846817,-0.2666561007499695,0.9455327391624451,1,277884,2308
1786071848,317070122,1,-167.12118530273438,110.77323150634766,-349.1966857910156,,,,,,,,,,277885,2308
1786071848,317070122,,,,,5,-1495.5814208984375,1021.89013671875,-775.8627319335938,0.1105303093791008,-0.15076516568660736,-0.26587164402008057,0.9457088112831116,1,277885,2308
1786071848,325009273,1,-167.15896606445312,110.94892120361328,-349.1775207519531,,,,,,,,,,277886,2308
1786071848,325009273,,,,,5,-1495.6002197265625,1021.8681640625,-775.8171997070312,0.11076588183641434,-0.15054336190223694,-0.2670905292034149,0.9453731179237366,1,277886,2308
1786071848,332996049,1,-167.20387268066406,110.91743469238281,-349.1895751953125,,,,,,,,,,277887,2308
1786071848,332996049,,,,,5,-1495.591552734375,1021.9039916992188,-775.8212280273438,0.11073196679353714,-0.15065498650074005,-0.26647505164146423,0.945533037185669,1,277887,2308
1786071848,342023691,1,-167.3419647216797,110.69088745117188,-349.516845703125,,,,,,,,,,277888,2308
1786071848,342023691,,,,,5,-1495.594482421875,1021.8844604492188,-775.8291625976562,0.11077836155891418,-0.1505134552717209,-0.2667016386985779,0.9454861879348755,1,277888,2308
1786071848,349996225,1,-167.22787475585938,110.8604507446289,-349.26104736328125,,,,,,,,,,277889,2308
1786071848,349996225,,,,,5,-1495.5400390625,1021.8594970703125,-775.8096313476562,0.11060570180416107,-0.1507064402103424,-0.26620715856552124,0.9456149935722351,1,277889,2308
1786071848,358922024,1,-170.2899169921875,107.517578125,-351.62628173828125,,,,,,,,,,277890,2308
1786071848,358922024,,,,,5,-1495.5537109375,1021.8414306640625,-775.8229370117188,0.11101700365543365,-0.15066306293010712,-0.2669428586959839,0.9453662037849426,1,277890,2308
1786071848,366945607,1,-167.22360229492188,111.0719223022461,-349.0972595214844,,,,,,,,,,277891,2308
1786071848,366945607,,,,,5,-1495.5531005859375,1021.8595581054688,-775.7814331054688,0.11071119457483292,-0.15097886323928833,-0.26696908473968506,0.9453445076942444,1,277891,2308
1786071848,374911547,1,-169.69827270507812,108.15196990966797,-350.26409912109375,,,,,,,,,,277892,2308
1786071848,374911547,,,,,5,-1495.551025390625,1021.8661499023438,-775.8263549804688,0.11117897182703018,-0.15035727620124817,-0.2670823335647583,0.945356547832489,1,277892,2308
1786071848,383860487,1,-167.2123565673828,110.96267700195312,-349.1702575683594,,,,,,,,,,277893,2308
1786071848,383860487,,,,,5,-1495.554931640625,1021.85205078125,-775.802001953125,0.11070601642131805,-0.15086738765239716,-0.26655715703964233,0.9454790353775024,1,277893,2308
1786071848,391888038,1,-167.22496032714844,111.1157455444336,-349.1048583984375,,,,,,,,,,277894,2308
1786071848,391888038,,,,,5,-1495.551513671875,1021.8555908203125,-775.8623046875,0.110933318734169,-0.15033471584320068,-0.2661743462085724,0.9456450343132019,1,277894,2308
1786071848,399906724,1,-169.77145385742188,108.69564056396484,-350.21759033203125,,,,,,,,,,277895,2308
1786071848,399906724,,,,,5,-1495.5750732421875,1021.8866577148438,-775.8230590820312,0.11082525551319122,-0.1506565362215042,-0.26671135425567627,0.9454551935195923,1,277895,2308
1786071848,409063799,1,-167.20193481445312,111.0478286743164,-349.1153564453125,,,,,,,,,,277896,2308
1786071848,409063799,,,,,5,-1495.572998046875,1021.87841796875,-775.8239135742188,0.11061504483222961,-0.15068107843399048,-0.2666259706020355,0.945499837398529,1,277896,2308
1786071848,416796255,1,-167.18316650390625,110.8216552734375,-349.19781494140625,,,,,,,,,,277897,2308
1786071848,416796255,,,,,5,-1495.659423828125,1021.9307861328125,-775.7715454101562,0.11114536970853806,-0.1500581055879593,-0.2671346664428711,0.9453932642936707,1,277897,2308
1786071848,424826431,1,-167.17100524902344,110.76126098632812,-349.2411804199219,,,,,,,,,,277898,2308
1786071848,424826431,,,,,5,-1495.5435791015625,1021.8643798828125,-775.808349609375,0.11070117354393005,-0.15085595846176147,-0.26614347100257874,0.9455979466438293,1,277898,2308
1786071848,433786990,1,-167.16929626464844,110.66947174072266,-349.1882019042969,,,,,,,,,,277899,2308
1786071848,433786990,,,,,5,-1495.7001953125,1021.9228515625,-775.7638549804688,0.11137950420379639,-0.14996470510959625,-0.26785925030708313,0.9451754093170166,1,277899,2308
1786071848,442146155,1,-169.70619201660156,108.51908874511719,-350.1666259765625,,,,,,,,,,277900,2309
1786071848,442146155,,,,,5,-1495.7025146484375,1021.90625,-775.7894897460938,0.11104124039411545,-0.1498820185661316,-0.26694628596305847,0.9454866647720337,1,277900,2309
1786071848,449786530,1,-169.74838256835938,108.49771118164062,-350.2247619628906,,,,,,,,,,277901,2309
1786071848,449786530,,,,,5,-1495.6898193359375,1021.9384155273438,-775.7797241210938,0.11145754158496857,-0.1497892439365387,-0.2678484320640564,0.9451971650123596,1,277901,2309
1786071848,458754130,1,-170.2570037841797,107.56465148925781,-351.640380859375,,,,,,,,,,277902,2309
1786071848,458754130,,,,,5,-1495.5882568359375,1021.85107421875,-775.8118286132812,0.11079823225736618,-0.15055696666240692,-0.2665959298610687,0.945506751537323,1,277902,2309
1786071848,466635094,1,-167.16915893554688,110.70464324951172,-349.2094421386719,,,,,,,,,,277903,2309
1786071848,466635094,,,,,5,-1495.5615234375,1021.8917846679688,-775.85986328125,0.11106669902801514,-0.15045574307441711,-0.26684334874153137,0.945421576499939,1,277903,2309
1786071848,476096642,1,-167.20896911621094,111.12837982177734,-349.12713623046875,,,,,,,,,,277904,2309
1786071848,476096642,,,,,5,-1495.5687255859375,1021.8899536132812,-775.81103515625,0.11109401285648346,-0.15069687366485596,-0.2668037414550781,0.9453911185264587,1,277904,2309
1786071848,483618018,1,-167.19483947753906,111.13204193115234,-349.1022033691406,,,,,,,,,,277905,2309
1786071848,483618018,,,,,5,-1495.5887451171875,1021.8982543945312,-775.8046264648438,0.11084922403097153,-0.15073859691619873,-0.2670596241950989,0.9453408718109131,1,277905,2309
1786071848,491642113,1,-169.59585571289062,108.45140075683594,-350.27825927734375,,,,,,,,,,277906,2309
1786071848,491642113,,,,,5,-1495.6702880859375,1021.9371948242188,-775.7499389648438,0.11136297136545181,-0.14988569915294647,-0.26753053069114685,0.9452831745147705,1,277906,2309
1786071848,500552006,1,-169.75372314453125,108.46127319335938,-350.266357421875,,,,,,,,,,277907,2309
1786071848,500552006,,,,,5,-1495.714111328125,1021.9278564453125,-775.8020629882812,0.11130006611347198,-0.1496705561876297,-0.26730436086654663,0.9453884959220886,1,277907,2309
1786071848,508523643,1,-167.29457092285156,110.91095733642578,-349.2822570800781,,,,,,,,,,277908,2309
1786071848,508523643,,,,,5,-1495.575927734375,1021.8561401367188,-775.7860717773438,0.11056195199489594,-0.15087483823299408,-0.2664823830127716,0.9455157518386841,1,277908,2309
1786071848,516885817,1,-167.1593017578125,110.89154052734375,-349.1715087890625,,,,,,,,,,277909,2309
1786071848,516885817,,,,,5,-1495.5623779296875,1021.86669921875,-775.7828369140625,0.11083246022462845,-0.1507074385881424,-0.2671278119087219,0.9453287124633789,1,277909,2309
1786071848,524694096,1,-167.39569091796875,110.47492218017578,-349.6277770996094,,,,,,,,,,277910,2309
1786071848,524694096,,,,,5,-1495.7001953125,1021.9528198242188,-775.7617797851562,0.11155091971158981,-0.14964339137077332,-0.26821622252464294,0.9451049566268921,1,277910,2309
1786071848,533442454,1,-169.79034423828125,108.7098617553711,-350.19500732421875,,,,,,,,,,277911,2309
1786071848,533442454,,,,,5,-1495.5595703125,1021.8854370117188,-775.831787109375,0.11092472821474075,-0.15050143003463745,-0.26666975021362305,0.9454798102378845,1,277911,2309
1786071848,541409706,1,-169.7664031982422,108.54815673828125,-350.1864929199219,,,,,,,,,,277912,2309
1786071848,541409706,,,,,5,-1495.6796875,1021.9574584960938,-775.7685546875,0.11122798919677734,-0.1496809870004654,-0.26780691742897034,0.9452531337738037,1,277912,2309
