{
  "transform_convention": {
    "selected": "T_rigid_camera maps camera points into the mocap rigid frame",
    "inverse": "T_camera_rigid maps mocap rigid-frame points into the camera frame"
  },
  "selected_method": "Daniilidis",
  "selection_rule": "minimum static-target translation RMSE, then rotation RMSE",
  "sample_count": 10,
  "rigid_id": 4,
  "mocap_position_scale": 0.001,
  "T_rigid_camera": [
    [
      -0.9969238824311171,
      0.06647344857161809,
      0.041521720502204436,
      0.02095405181370282
    ],
    [
      -0.06737729423972715,
      -0.9975115604289986,
      -0.020760227152803658,
      -0.008607163785085099
    ],
    [
      0.04003839231787371,
      -0.023493987432941676,
      0.99892189869634,
      -0.0038728479693848376
    ],
    [
      0.0,
      0.0,
      0.0,
      1.0
    ]
  ],
  "T_camera_rigid": [
    [
      -0.9969238824311171,
      -0.06737729423972715,
      0.04003839231787371,
      0.020464729886247916
    ],
    [
      0.06647344857161809,
      -0.9975115604289986,
      -0.023493987432941676,
      -0.010069622105255818
    ],
    [
      0.041521720502204436,
      -0.020760227152803658,
      0.99892189869634,
      0.0028199376888231363
    ],
    [
      0.0,
      0.0,
      0.0,
      1.0
    ]
  ],
  "selected_quaternion_xyzw": [
    0.020406979820281997,
    -0.011072751529978437,
    0.999169322682154,
    -0.03349050550612346
  ],
  "selected_translation_m": [
    0.02095405181370282,
    -0.008607163785085099,
    -0.0038728479693848376
  ],
  "selected_residual": {
    "translation_rmse_mm": 7.979827742644848,
    "rotation_rmse_deg": 1.244294326364629,
    "translation_max_mm": 15.174168617769142,
    "rotation_max_deg": 2.4965241611007336
  },
  "all_methods": [
    {
      "method": "Daniilidis",
      "T_rigid_camera": [
        [
          -0.9969238824311171,
          0.06647344857161809,
          0.041521720502204436,
          0.02095405181370282
        ],
        [
          -0.06737729423972715,
          -0.9975115604289986,
          -0.020760227152803658,
          -0.008607163785085099
        ],
        [
          0.04003839231787371,
          -0.023493987432941676,
          0.99892189869634,
          -0.0038728479693848376
        ],
        [
          0.0,
          0.0,
          0.0,
          1.0
        ]
      ],
      "quaternion_xyzw": [
        0.020406979820281997,
        -0.011072751529978437,
        0.999169322682154,
        -0.03349050550612346
      ],
      "translation_rmse_mm": 7.979827742644848,
      "rotation_rmse_deg": 1.244294326364629,
      "translation_max_mm": 15.174168617769142,
      "rotation_max_deg": 2.4965241611007336
    },
    {
      "method": "Park",
      "T_rigid_camera": [
        [
          -0.9968998334986529,
          0.06531173891420572,
          0.043875947059450526,
          0.02617306783354489
        ],
        [
          -0.0661682669713155,
          -0.9976395503589544,
          -0.018359956582976622,
          -0.019046111322882604
        ],
        [
          0.042573259405101815,
          -0.02120623303946445,
          0.9988682662214288,
          -0.0006085023134980699
        ],
        [
          0.0,
          0.0,
          0.0,
          1.0
        ]
      ],
      "quaternion_xyzw": [
        0.02163013314195933,
        -0.009899708562441593,
        0.9991756164557383,
        -0.032897121316845704
      ],
      "translation_rmse_mm": 8.06094768594837,
      "rotation_rmse_deg": 1.2439700729638061,
      "translation_max_mm": 16.233258309692033,
      "rotation_max_deg": 2.5041533391302178
    },
    {
      "method": "Horaud",
      "T_rigid_camera": [
        [
          -0.9968916797745958,
          0.0654462583262049,
          0.04386075771447745,
          0.02616300141955046
        ],
        [
          -0.06629873362801314,
          -0.9976325388068902,
          -0.01827006932236908,
          -0.019041442029967368
        ],
        [
          0.04256121139617852,
          -0.021121192788809747,
          0.9988705814567109,
          -0.0006108043638865454
        ],
        [
          0.0,
          0.0,
          0.0,
          1.0
        ]
      ],
      "quaternion_xyzw": [
        0.021623352975333715,
        -0.009855956460368178,
        0.9991740088741041,
        -0.03296347552681832
      ],
      "translation_rmse_mm": 8.061597908746469,
      "rotation_rmse_deg": 1.2439684938253819,
      "translation_max_mm": 16.22705485285865,
      "rotation_max_deg": 2.5032114799149885
    },
    {
      "method": "Tsai-Lenz",
      "T_rigid_camera": [
        [
          -0.9354659226459296,
          0.26927069053020175,
          -0.22890347919939502,
          -0.01928858532570996
        ],
        [
          -0.2402707137422763,
          -0.9595367300036501,
          -0.1468306776245319,
          -0.02638826388113405
        ],
        [
          -0.2591784938724212,
          -0.08235629299143084,
          0.96231177344909,
          0.017690699690638457
        ],
        [
          0.0,
          0.0,
          0.0,
          1.0
        ]
      ],
      "quaternion_xyzw": [
        -0.12425682467034803,
        -0.05834684908628173,
        0.9820023454781905,
        -0.12972000693754823
      ],
      "translation_rmse_mm": 11.858173549163842,
      "rotation_rmse_deg": 3.037106306200177,
      "translation_max_mm": 18.27880606170684,
      "rotation_max_deg": 4.450952555211117
    },
    {
      "method": "Andreff",
      "T_rigid_camera": [
        [
          -0.9976207766628364,
          0.06279460235020798,
          0.02845389053044521,
          0.005771897674259523
        ],
        [
          -0.06302232616221343,
          -0.9979863072535492,
          -0.007177530183028857,
          -0.14767873333880133
        ],
        [
          0.027945882983775816,
          -0.00895368360530785,
          0.9995693368517029,
          -0.03767100890069423
        ],
        [
          0.0,
          0.0,
          0.0,
          1.0
        ]
      ],
      "quaternion_xyzw": [
        0.014108452599504608,
        -0.004035237216827446,
        0.999396870713543,
        -0.03147321454553671
      ],
      "translation_rmse_mm": 29.415896627500302,
      "rotation_rmse_deg": 1.2664067154753718,
      "translation_max_mm": 44.18045334879458,
      "rotation_max_deg": 2.4976949346846946
    }
  ],
  "sample_timestamps": [
    {
      "mocap_sec": 1784689450.8558917,
      "camera_sec": 1784689450.8535607,
      "delta_ms": 2.3310184478759766
    },
    {
      "mocap_sec": 1784689454.0298307,
      "camera_sec": 1784689454.0281336,
      "delta_ms": 1.6970634460449219
    },
    {
      "mocap_sec": 1784689455.0047715,
      "camera_sec": 1784689455.0024815,
      "delta_ms": 2.290010452270508
    },
    {
      "mocap_sec": 1784689456.2299204,
      "camera_sec": 1784689456.2287858,
      "delta_ms": 1.134634017944336
    },
    {
      "mocap_sec": 1784689460.2960596,
      "camera_sec": 1784689460.2937565,
      "delta_ms": 2.3031234741210938
    },
    {
      "mocap_sec": 1784689461.5043502,
      "camera_sec": 1784689461.5033941,
      "delta_ms": 0.9560585021972656
    },
    {
      "mocap_sec": 1784689462.9786546,
      "camera_sec": 1784689462.9814105,
      "delta_ms": 2.755880355834961
    },
    {
      "mocap_sec": 1784689464.0703585,
      "camera_sec": 1784689464.073386,
      "delta_ms": 3.0274391174316406
    },
    {
      "mocap_sec": 1784689465.1790257,
      "camera_sec": 1784689465.1820533,
      "delta_ms": 3.027677536010742
    },
    {
      "mocap_sec": 1784689466.6962938,
      "camera_sec": 1784689466.6938796,
      "delta_ms": 2.414226531982422
    }
  ]
}
