{
  "transform_convention": {
    "T_rigid_camera": "maps camera_color_optical_frame points into mocap rigid body 4 coordinates",
    "T_camera_rigid": "inverse; maps rigid body 4 points into camera coordinates"
  },
  "selected": {
    "method": "Daniilidis",
    "mocap_pose_direction": "rigid_to_world",
    "T_rigid_camera": [
      [
        -0.998840945288388,
        0.01796907860173322,
        0.044652863621557994,
        0.03171231138824412
      ],
      [
        -0.019778786374847365,
        -0.9989868907133973,
        -0.040422664339674806,
        -0.017874391432528405
      ],
      [
        0.043881267357938465,
        -0.04125899171071196,
        0.9981844168178927,
        0.00488688272374013
      ],
      [
        0.0,
        0.0,
        0.0,
        1.0
      ]
    ],
    "quaternion_xyzw": [
      0.0221445738676357,
      -0.02043060056078827,
      0.9995014073051218,
      -0.009441673793726117
    ],
    "translation_m": [
      0.03171231138824412,
      -0.017874391432528405,
      0.00488688272374013
    ],
    "translation_rmse_mm": 8.735028324463165,
    "rotation_rmse_deg": 1.343642646194404,
    "translation_max_mm": 18.320195385373978,
    "rotation_max_deg": 2.2143317040185577
  },
  "T_camera_rigid": [
    [
      -0.998840945288388,
      -0.019778786374847365,
      0.043881267357938465,
      0.03110757870724175
    ],
    [
      0.01796907860173322,
      -0.9989868907133973,
      -0.04125899171071196,
      -0.01822449588276372
    ],
    [
      0.044652863621557994,
      -0.040422664339674806,
      0.9981844168178927,
      -0.007016586222350677
    ],
    [
      0.0,
      0.0,
      0.0,
      1.0
    ]
  ],
  "sample_count_collected": 26,
  "sample_count_used": 26,
  "rejected_sample_indices_zero_based": [],
  "rigid_id": 4,
  "mocap_position_scale": 0.001,
  "board": {
    "dictionary": "DICT_6X6_250",
    "squares_x": 7,
    "squares_y": 5,
    "square_length_m": 0.01812,
    "marker_length_m": 0.01446
  },
  "camera": {
    "matrix": [
      [
        605.9110107421875,
        0.0,
        327.7267150878906
      ],
      [
        0.0,
        605.3831787109375,
        242.38011169433594
      ],
      [
        0.0,
        0.0,
        1.0
      ]
    ],
    "distortion_model": "distortion.inverse_brown_conrady",
    "raw_distortion_coefficients": [
      [
        0.0,
        0.0,
        0.0,
        0.0,
        0.0
      ]
    ]
  },
  "all_solver_results": [
    {
      "method": "Daniilidis",
      "mocap_pose_direction": "rigid_to_world",
      "T_rigid_camera": [
        [
          -0.998840945288388,
          0.01796907860173322,
          0.044652863621557994,
          0.03171231138824412
        ],
        [
          -0.019778786374847365,
          -0.9989868907133973,
          -0.040422664339674806,
          -0.017874391432528405
        ],
        [
          0.043881267357938465,
          -0.04125899171071196,
          0.9981844168178927,
          0.00488688272374013
        ],
        [
          0.0,
          0.0,
          0.0,
          1.0
        ]
      ],
      "quaternion_xyzw": [
        0.0221445738676357,
        -0.02043060056078827,
        0.9995014073051218,
        -0.009441673793726117
      ],
      "translation_m": [
        0.03171231138824412,
        -0.017874391432528405,
        0.00488688272374013
      ],
      "translation_rmse_mm": 8.735028324463165,
      "rotation_rmse_deg": 1.343642646194404,
      "translation_max_mm": 18.320195385373978,
      "rotation_max_deg": 2.2143317040185577
    },
    {
      "method": "Horaud",
      "mocap_pose_direction": "rigid_to_world",
      "T_rigid_camera": [
        [
          -0.9988354339123573,
          0.020799678353954704,
          0.04353331300836254,
          0.03256323727907047
        ],
        [
          -0.022604368224087356,
          -0.9988876616598806,
          -0.04138214495219981,
          -0.01809844137771782
        ],
        [
          0.04262415393062845,
          -0.04231799574681006,
          0.998194554552203,
          0.005632635782151417
        ],
        [
          0.0,
          0.0,
          0.0,
          1.0
        ]
      ],
      "quaternion_xyzw": [
        0.021550366559064997,
        -0.02093572126936189,
        0.9994895759992249,
        -0.010856553089773227
      ],
      "translation_m": [
        0.03256323727907047,
        -0.01809844137771782,
        0.005632635782151417
      ],
      "translation_rmse_mm": 8.771578035019422,
      "rotation_rmse_deg": 1.3419348764541144,
      "translation_max_mm": 18.166157766937484,
      "rotation_max_deg": 2.1802663570641445
    },
    {
      "method": "Park",
      "mocap_pose_direction": "rigid_to_world",
      "T_rigid_camera": [
        [
          -0.9988229948916811,
          0.02164338328854011,
          0.04340724404333671,
          0.03275408683191255
        ],
        [
          -0.023452544144962534,
          -0.9988585588486085,
          -0.04161198851283032,
          -0.018046612594658402
        ],
        [
          0.0424570730119371,
          -0.04258102129691288,
          0.9981904896243834,
          0.005569379455200828
        ],
        [
          0.0,
          0.0,
          0.0,
          1.0
        ]
      ],
      "quaternion_xyzw": [
        0.021477164224767795,
        -0.02105912165000186,
        0.9994838722266464,
        -0.011279803678332057
      ],
      "translation_m": [
        0.03275408683191255,
        -0.018046612594658402,
        0.005569379455200828
      ],
      "translation_rmse_mm": 8.779697008951825,
      "rotation_rmse_deg": 1.3421132294620923,
      "translation_max_mm": 18.10168891022606,
      "rotation_max_deg": 2.1723663628713386
    },
    {
      "method": "Andreff",
      "mocap_pose_direction": "rigid_to_world",
      "T_rigid_camera": [
        [
          -0.9988383644457656,
          0.0191346340452212,
          0.04422428621541819,
          0.032330434528048485
        ],
        [
          -0.020961291622021483,
          -0.9989303349243985,
          -0.04121662554559247,
          -0.013286030755285783
        ],
        [
          0.043388315994566516,
          -0.04209574500807023,
          0.9981710285754496,
          0.022813543588270258
        ],
        [
          0.0,
          0.0,
          0.0,
          1.0
        ]
      ],
      "quaternion_xyzw": [
        0.021914275616496847,
        -0.020838671658226494,
        0.9994923371324081,
        -0.010029072804669976
      ],
      "translation_m": [
        0.032330434528048485,
        -0.013286030755285783,
        0.022813543588270258
      ],
      "translation_rmse_mm": 14.940144321660217,
      "rotation_rmse_deg": 1.3422841914326007,
      "translation_max_mm": 29.01705159112289,
      "rotation_max_deg": 2.183779358128265
    },
    {
      "method": "Tsai-Lenz",
      "mocap_pose_direction": "rigid_to_world",
      "T_rigid_camera": [
        [
          -0.9695071989400901,
          0.24023458129024114,
          -0.04840596198448166,
          0.08472253812865628
        ],
        [
          -0.2369660927156633,
          -0.969359188729074,
          -0.06472892807379822,
          -0.0003872361237041303
        ],
        [
          -0.062472890972102596,
          -0.05128459007161713,
          0.9967281618950947,
          0.0006752365747668913
        ],
        [
          0.0,
          0.0,
          0.0,
          1.0
        ]
      ],
      "quaternion_xyzw": [
        -0.02794560740925744,
        -0.029239734591482533,
        0.991916648409061,
        -0.1202723723740519
      ],
      "translation_m": [
        0.08472253812865628,
        -0.0003872361237041303,
        0.0006752365747668913
      ],
      "translation_rmse_mm": 29.088224295521304,
      "rotation_rmse_deg": 4.232600189270204,
      "translation_max_mm": 53.132717621424895,