timestamp_sec,timestamp_nanosec,marker_id,x,y,z,rigid_id,rx,ry,rz,qx,qy,qz,qw,is_track,source_frame_id,source_timestamp
1786083225,786066694,1,-1593.604736328125,562.1145629882812,-1144.0413818359375,,,,,,,,,,1643209,13685
1786083225,786066694,,,,,5,-1496.647705078125,1031.449462890625,-791.146728515625,0.002937514102086425,-0.08124492317438126,-0.08098840713500977,0.9933939576148987,1,1643209,13685
1786083225,794971567,1,-1593.659912109375,562.2360229492188,-1144.1966552734375,,,,,,,,,,1643210,13685
1786083225,794971567,,,,,5,-1496.609375,1031.4296875,-791.2086791992188,0.003146593924611807,-0.08091254532337189,-0.07943005859851837,0.9935462474822998,1,1643210,13685
1786083225,802858067,1,-1594.6353759765625,560.0442504882812,-1144.035888671875,,,,,,,,,,1643211,13685
1786083225,802858067,,,,,5,-1496.6636962890625,1031.43212890625,-791.1652221679688,0.003014005022123456,-0.08092521131038666,-0.08067888766527176,0.9934450387954712,1,1643211,13685
1786083225,811954387,1,-1594.318603515625,561.1626586914062,-1144.7607421875,,,,,,,,,,1643212,13685
1786083225,811954387,,,,,5,-1496.59375,1031.5067138671875,-791.2463989257812,0.002785320859402418,-0.08098409324884415,-0.0785086452960968,0.993614673614502,1,1643212,13685
1786083225,819948751,1,-1595.60546875,559.3641967773438,-1144.7823486328125,,,,,,,,,,1643213,13685
1786083225,819948751,,,,,5,-1496.6549072265625,1031.4613037109375,-791.18212890625,0.0026246237102895975,-0.08117765188217163,-0.07854583859443665,0.9935964345932007,1,1643213,13685
1786083225,827934478,1,-1595.703369140625,559.5639038085938,-1144.6983642578125,,,,,,,,,,1643214,13685
1786083225,827934478,,,,,5,-1496.667724609375,1031.4710693359375,-791.1807861328125,0.0026690794620662928,-0.08134984970092773,-0.08078092336654663,0.9934029579162598,1,1643214,13685
1786083225,836734269,1,-1596.000244140625,559.2932739257812,-1144.61865234375,,,,,,,,,,1643215,13685
1786083225,836734269,,,,,5,-1496.6685791015625,1031.4329833984375,-791.1689453125,0.002366321161389351,-0.08124125003814697,-0.07969489693641663,0.993500292301178,1,1643215,13685
1786083225,844776711,1,-1596.253662109375,559.4052734375,-1144.8424072265625,,,,,,,,,,1643216,13685
1786083225,844776711,,,,,5,-1496.639892578125,1031.4451904296875,-791.1583862304688,0.0026208560448139906,-0.08112378418445587,-0.07974693924188614,0.9935051202774048,1,1643216,13685
1786083225,852769859,1,-1596.4923095703125,560.2247924804688,-1145.5538330078125,,,,,,,,,,1643217,13685
1786083225,852769859,,,,,5,-1496.689453125,1031.4873046875,-791.20068359375,0.0031439184676855803,-0.08095094561576843,-0.08144865185022354,0.9933795928955078,1,1643217,13685
1786083225,861679018,1,-1596.916015625,560.2428588867188,-1145.5755615234375,,,,,,,,,,1643218,13685
1786083225,861679018,,,,,5,-1496.685791015625,1031.50341796875,-791.2540893554688,0.0031471329275518656,-0.08103320747613907,-0.08006717264652252,0.9934852123260498,1,1643218,13685
1786083225,869627575,1,-1596.8485107421875,560.3347778320312,-1145.657958984375,,,,,,,,,,1643219,13685
1786083225,869627575,,,,,5,-1496.6536865234375,1031.4842529296875,-791.2240600585938,0.0032721995376050472,-0.08121145516633987,-0.08020328730344772,0.9934592843055725,1,1643219,13685
1786083225,877925857,1,-1597.01904296875,560.2168579101562,-1145.7603759765625,,,,,,,,,,1643220,13685
1786083225,877925857,,,,,5,-1496.6165771484375,1031.4522705078125,-791.2125854492188,0.0028108253609389067,-0.08123433589935303,-0.08095575124025345,0.9933977723121643,1,1643220,13685
1786083225,886718035,1,-1597.6015625,558.2945556640625,-1145.2957763671875,,,,,,,,,,1643221,13685
1786083225,886718035,,,,,5,-1496.6776123046875,1031.448486328125,-791.1542358398438,0.002823041519150138,-0.0808376893401146,-0.07980488985776901,0.9935231804847717,1,1643221,13685
1786083225,894663074,1,-1597.3780517578125,558.8444213867188,-1145.4432373046875,,,,,,,,,,1643222,13685
1786083225,894663074,,,,,5,-1496.6224365234375,1031.48046875,-791.1663818359375,0.0028011174872517586,-0.08119899779558182,-0.07949663698673248,0.9935184717178345,1,1643222,13685
1786083225,902833660,1,-1597.4908447265625,559.0887451171875,-1145.461181640625,,,,,,,,,,1643223,13685
1786083225,902833660,,,,,5,-1496.6431884765625,1031.4949951171875,-791.17333984375,0.0030163279734551907,-0.08115633577108383,-0.07945699244737625,0.9935245513916016,1,1643223,13685
1786083225,911681753,1,-1597.9166259765625,558.4852294921875,-1145.5411376953125,,,,,,,,,,1643224,13685
1786083225,911681753,,,,,5,-1496.6527099609375,1031.4696044921875,-791.1824340820312,0.002861392917111516,-0.08099181950092316,-0.07918927073478699,0.9935598969459534,1,1643224,13685
1786083225,919583479,1,-1597.975830078125,558.7356567382812,-1145.3719482421875,,,,,,,,,,1643225,13685
1786083225,919583479,,,,,5,-1496.61279296875,1031.4532470703125,-791.1693725585938,0.002589043928310275,-0.08122452348470688,-0.07901287078857422,0.9935556650161743,1,1643225,13685
1786083225,928581309,1,-1598.201171875,558.5382690429688,-1145.5499267578125,,,,,,,,,,1643226,13685
1786083225,928581309,,,,,5,-1496.638427734375,1031.4395751953125,-791.1688842773438,0.0025825260672718287,-0.0812874287366867,-0.08009738475084305,0.9934636354446411,1,1643226,13685
1786083225,936536583,1,-1597.8123779296875,560.0628051757812,-1145.9764404296875,,,,,,,,,,1643227,13685
1786083225,936536583,,,,,5,-1496.6112060546875,1031.4534912109375,-791.2003173828125,0.003000125288963318,-0.08117339760065079,-0.07920928299427032,0.9935429692268372,1,1643227,13685
1786083225,944793441,1,-1598.10546875,560.0164184570312,-1145.966552734375,,,,,,,,,,1643228,13685
1786083225,944793441,,,,,5,-1496.6307373046875,1031.463623046875,-791.1524047851562,0.002814942505210638,-0.08126197755336761,-0.0798574686050415,0.993484377861023,1,1643228,13685
1786083225,953721728,1,-1598.2470703125,560.2538452148438,-1145.9969482421875,,,,,,,,,,1643229,13685
1786083225,953721728,,,,,5,-1496.674072265625,1031.4527587890625,-791.1652221679688,0.0028968399856239557,-0.08144631236791611,-0.08105240017175674,0.9933723211288452,1,1643229,13685
1786083225,961640376,1,-1598.49267578125,559.0203857421875,-1145.359619140625,,,,,,,,,,1643230,13685
1786083225,961640376,,,,,5,-1496.6663818359375,1031.5184326171875,-791.2074584960938,0.003302113153040409,-0.080860935151577,-0.08059772849082947,0.9934558272361755,1,1643230,13685
1786083225,969492201,1,-1598.3280029296875,559.2442016601562,-1145.5166015625,,,,,,,,,,1643231,13685
1786083225,969492201,,,,,5,-1496.6925048828125,1031.4517822265625,-791.1924438476562,0.0027949258219450712,-0.081046923995018,-0.08008666336536407,0.9934835433959961,1,1643231,13685
1786083225,978544794,1,-1598.83447265625,560.0139770507812,-1146.0987548828125,,,,,,,,,,1643232,13685
1786083225,978544794,,,,,5,-1496.6795654296875,1031.446533203125,-791.1542358398438,0.002475590677931905,-0.08124744147062302,-0.08005877584218979,0.993470311164856,1,1643232,13685
1786083225,986483499,1,-1598.583251953125,559.379638671875,-1145.5791015625,,,,,,,,,,1643233,13685
1786083225,986483499,,,,,5,-1496.64404296875,1031.4251708984375,-791.1586303710938,0.0023189166095107794,-0.08112841844558716,-0.07922757416963577,0.9935470819473267,1,1643233,13685
1786083225,994472488,1,-1598.6561279296875,559.2735595703125,-1145.5810546875,,,,,,,,,,1643234,13685
1786083225,994472488,,,,,5,-1496.6541748046875,1031.464111328125,-791.1581420898438,0.002691727364435792,-0.08142292499542236,-0.08072295784950256,0.9934016466140747,1,1643234,13685
1786083226,3343421,1,-1599.0245361328125,559.2832641601562,-1145.9283447265625,,,,,,,,,,1643235,13685
1786083226,3343421,,,,,5,-1496.6607666015625,1031.4896240234375,-791.2098999023438,0.002859449712559581,-0.08088675886392593,-0.07908324897289276,0.9935768246650696,1,1643235,13685
1786083226,11242435,1,-1599.093505859375,559.1556396484375,-1145.5015869140625,,,,,,,,,,1643236,13685
1786083226,11242435,,,,,5,-1496.650146484375,1031.4364013671875,-791.1566772460938,0.0026039965450763702,-0.08125881850719452,-0.08017091453075409,0.9934599995613098,1,1643236,13685
1786083226,20250097,1,-1599.081298828125,560.8462524414062,-1146.0552978515625,,,,,,,,,,1643237,13685
1786083226,20250097,,,,,5,-1496.658203125,1031.4241943359375,-791.14013671875,0.0027771401219069958,-0.08118576556444168,-0.08008648455142975,0.9934723377227783,1,1643237,13685
1786083226,28201031,1,-1599.24365234375,560.9872436523438,-1146.0531005859375,,,,,,,,,,1643238,13685
1786083226,28201031,,,,,5,-1496.6502685546875,1031.45166015625,-791.1781005859375,0.0029921703971922398,-0.08109628409147263,-0.07893773168325424,0.9935709238052368,1,1643238,13685
1786083226,36148222,1,-1601.15576171875,560.7319946289062,-1147.547607421875,,,,,,,,,,1643239,13685
1786083226,36148222,,,,,5,-1496.6268310546875,1031.4622802734375,-791.1951293945312,0.003217697376385331,-0.08113304525613785,-0.08004450798034668,0.9934787750244141,1,1643239,13685
1786083226,45162537,1,-1599.2783203125,561.2351684570312,-1146.08935546875,,,,,,,,,,1643240,13685
1786083226,45162537,,,,,5,-1496.6439208984375,1031.4202880859375,-791.1316528320312,0.0025827994104474783,-0.08120126277208328,-0.0799039751291275,0.9934862852096558,1,1643240,13685
1786083226,53098181,1,-1599.380126953125,561.5759887695312,-1146.1435546875,,,,,,,,,,1643241,13685
1786083226,53098181,,,,,5,-1496.6990966796875,1031.51171875,-791.2053833007812,0.002765970304608345,-0.08097235858440399,-0.07969494163990021,0.9935212731361389,1,1643241,13685
1786083226,61032673,1,-1599.5028076171875,561.6012573242188,-1146.0362548828125,,,,,,,,,,1643242,13685
1786083226,61032673,,,,,5,-1496.6253662109375,1031.4564208984375,-791.2191772460938,0.003192845033481717,-0.08091416209936142,-0.0803227573633194,0.9934741258621216,1,1643242,13685
1786083226,70007578,1,-1599.4884033203125,561.8432006835938,-1145.93359375,,,,,,,,,,1643243,13685
1786083226,70007578,,,,,5,-1496.6405029296875,1031.4339599609375,-791.1970825195312,0.0029864131938666105,-0.0809040293097496,-0.07902076095342636,0.9935800433158875,1,1643243,13685
1786083226,78051726,1,-1599.9237060546875,561.8859252929688,-1146.0640869140625,,,,,,,,,,1643244,13685
1786083226,78051726,,,,,5,-1496.6263427734375,1031.508056640625,-791.225341796875,0.0028502352070063353,-0.08108978718519211,-0.07926012575626373,0.993546187877655,1,1643244,13685
1786083226,85935389,1,-1599.5811767578125,562.39453125,-1145.738525390625,,,,,,,,,,1643245,13685
1786083226,85935389,,,,,5,-1496.65771484375,1031.4671630859375,-791.1788330078125,0.002692390698939562,-0.08115324378013611,-0.07849054038524628,0.9936025738716125,1,1643245,13685
1786083226,95019438,1,-1599.661865234375,562.3716430664062,-1145.592529296875,,,,,,,,,,1643246,13685
1786083226,95019438,,,,,5,-1496.65234375,1031.49609375,-791.2045288085938,0.0029791519045829773,-0.08136940747499466,-0.0800521969795227,0.9934594631195068,1,1643246,13685
1786083226,102964262,1,-1599.6480712890625,562.5569458007812,-1145.498291015625,,,,,,,,,,1643247,13685
1786083226,102964262,,,,,5,-1496.636474609375,1031.4134521484375,-791.1607666015625,0.0025742435827851295,-0.08107150346040726,-0.07907157391309738,0.9935634732246399,1,1643247,13685
1786083226,111005402,1,-1599.582763671875,562.8950805664062,-1145.2847900390625,,,,,,,,,,1643248,13685
1786083226,111005402,,,,,5,-1496.6507568359375,1031.47802734375,-791.1727294921875,0.0026333846617490053,-0.08128692209720612,-0.07937221229076385,0.9935217499732971,1,1643248,13685
1786083226,119916620,1,-1599.3701171875,562.9805297851562,-1145.07861328125,,,,,,,,,,1643249,13685
1786083226,119916620,,,,,5,-1496.6624755859375,1031.46484375,-791.2216796875,0.0026034892071038485,-0.0810178741812706,-0.07897419482469559,0.9935755729675293,1,1643249,13685
1786083226,127896023,1,-1598.9580078125,563.580078125,-1144.6016845703125,,,,,,,,,,1643250,13685
1786083226,127896023,,,,,5,-1496.6826171875,1031.500244140625,-791.2079467773438,0.0030380897223949432,-0.08084680140018463,-0.07900581508874893,0.9935857057571411,1,1643250,13685
1786083226,135819415,1,-1599.1009521484375,563.9717407226562,-1144.52099609375,,,,,,,,,,1643251,13685
1786083226,135819415,,,,,5,-1496.6195068359375,1031.4442138671875,-791.1971435546875,0.003389085875824094,-0.08122899383306503,-0.08170048147439957,0.993335485458374,1,1643251,13685
1786083226,144815913,1,-1599.3782958984375,563.654052734375,-1144.3856201171875,,,,,,,,,,1643252,13685
1786083226,144815913,,,,,5,-1496.7022705078125,1031.4986572265625,-791.2151489257812,0.003054696135222912,-0.0810735747218132,-0.0811748057603836,0.9933924674987793,1,1643252,13685
1786083226,152869273,1,-1599.0919189453125,564.1539306640625,-1144.118896484375,,,,,,,,,,1643253,13685
1786083226,152869273,,,,,5,-1496.6849365234375,1031.50537109375,-791.2002563476562,0.0029664167668670416,-0.08091481775045395,-0.08011029660701752,0.9934920072555542,1,1643253,13685
1786083226,161775276,1,-1599.1640625,564.3367919921875,-1143.922607421875,,,,,,,,,,1643254,13685
1786083226,161775276,,,,,5,-1496.6649169921875,1031.4481201171875,-791.1419067382812,0.002411317080259323,-0.0811285674571991,-0.07975389808416367,0.9935047626495361,1,1643254,13685
1786083226,169750425,1,-1599.5966796875,563.9759521484375,-1143.7540283203125,,,,,,,,,,1643255,13685
1786083226,169750425,,,,,5,-1496.6507568359375,1031.44873046875,-791.1483764648438,0.0026055709458887577,-0.08117135614156723,-0.08011601865291595,0.9934715628623962,1,1643255,13685
1786083226,177835709,1,-1599.1710205078125,564.7717895507812,-1143.26416015625,,,,,,,,,,1643256,13685
1786083226,177835709,,,,,5,-1496.6492919921875,1031.4207763671875,-791.1341552734375,0.002474776469171047,-0.08102526515722275,-0.07929258048534393,0.9935499429702759,1,1643256,13685
1786083226,186734131,1,-1599.4176025390625,564.9806518554688,-1143.0933837890625,,,,,,,,,,1643257,13685
1786083226,186734131,,,,,5,-1496.675048828125,1031.4931640625,-791.1854858398438,0.002416082425042987,-0.08086138963699341,-0.07864204794168472,0.9936151504516602,1,1643257,13685
1786083226,194806268,1,-1599.8663330078125,565.0008544921875,-1142.9954833984375,,,,,,,,,,1643258,13685
1786083226,194806268,,,,,5,-1496.6583251953125,1031.43896484375,-791.1825561523438,0.0032251726370304823,-0.08067411184310913,-0.08023476600646973,0.9935006499290466,1,1643258,13685
1786083226,202672593,1,-1599.5975341796875,565.119140625,-1142.6302490234375,,,,,,,,,,1643259,13685
1786083226,202672593,,,,,5,-1496.6820068359375,1031.437744140625,-791.1986694335938,0.0030082091689109802,-0.08085602521896362,-0.08024302124977112,0.9934858679771423,1,1643259,13685
1786083226,211583075,1,-1601.210693359375,564.8345336914062,-1143.4344482421875,,,,,,,,,,1643260,13685
1786083226,211583075,,,,,5,-1496.6353759765625,1031.48974609375,-791.182861328125,0.002934269607067108,-0.08116405457258224,-0.07970617711544037,0.9935042858123779,1,1643260,13685
1786083226,219569356,1,-1599.8494873046875,565.3200073242188,-1142.1680908203125,,,,,,,,,,1643261,13685
1786083226,219569356,,,,,5,-1496.6591796875,1031.48779296875,-791.2066040039062,0.002766222460195422,-0.08073372393846512,-0.07893457263708115,0.9936014413833618,1,1643261,13685
1786083226,228584758,1,-1599.7696533203125,565.51025390625,-1141.8045654296875,,,,,,,,,,1643262,13685
1786083226,228584758,,,,,5,-1496.6851806640625,1031.424072265625,-791.1788330078125,0.0026568134780973196,-0.08058687299489975,-0.07965968549251556,0.9935557842254639,1,1643262,13685
1786083226,236586969,1,-1600.1163330078125,565.5838012695312,-1141.56640625,,,,,,,,,,1643263,13685
1786083226,236586969,,,,,5,-1496.6925048828125,1031.5125732421875,-791.2158203125,0.0029893263708800077,-0.08110758662223816,-0.08027800172567368,0.9934625625610352,1,1643263,13685
1786083226,244547212,1,-1600.1571044921875,566.3009033203125,-1141.163818359375,,,,,,,,,,1643264,13685
1786083226,244547212,,,,,5,-1496.6243896484375,1031.4283447265625,-791.1226196289062,0.0028541837818920612,-0.08122557401657104,-0.0798029974102974,0.9934916496276855,1,1643264,13685
1786083226,253447425,1,-1600.1202392578125,565.7998046875,-1140.859375,,,,,,,,,,1643265,13685
1786083226,253447425,,,,,5,-1496.6771240234375,1031.466064453125,-791.1730346679688,0.002766322810202837,-0.08144135028123856,-0.08076729625463486,0.9933963418006897,1,1643265,13685
1786083226,261406420,1,-1599.8873291015625,566.5889282226562,-1140.4659423828125,,,,,,,,,,1643266,13685
1786083226,261406420,,,,,5,-1496.670166015625,1031.417236328125,-791.1860961914062,0.0030510544311255217,-0.08099544793367386,-0.08059191703796387,0.9934462904930115,1,1643266,13685
1786083226,268866400,1,-1600.24853515625,566.357666015625,-1140.2440185546875,,,,,,,,,,1643267,13685
1786083226,268866400,,,,,5,-1496.6304931640625,1031.4114990234375,-791.1867065429688,0.003111278871074319,-0.08112646639347076,-0.08096092194318771,0.993405282497406,1,1643267,13685
1786083226,278426816,1,-1600.3970947265625,566.616943359375,-1140.0635986328125,,,,,,,,,,1643268,13685
1786083226,278426816,,,,,5,-1496.671875,1031.4583740234375,-791.1660766601562,0.0025398186407983303,-0.08105095475912094,-0.07989563792943954,0.9934993982315063,1,1643268,13685
1786083226,286369945,1,-1600.213134765625,567.099365234375,-1139.685546875,,,,,,,,,,1643269,13685
1786083226,286369945,,,,,5,-1496.6558837890625,1031.470703125,-791.1705322265625,0.002929961308836937,-0.08132864534854889,-0.0810842216014862,0.9933791756629944,1,1643269,13685
1786083226,294464634,1,-1600.2264404296875,567.2095336914062,-1139.3575439453125,,,,,,,,,,1643270,13685
1786083226,294464634,,,,,5,-1496.625244140625,1031.410400390625,-791.1637573242188,0.002512147184461355,-0.08109132200479507,-0.08008253574371338,0.9934810996055603,1,1643270,13685
1786083226,303265236,1,-1600.462646484375,567.30029296875,-1139.3197021484375,,,,,,,,,,1643271,13685
1786083226,303265236,,,,,5,-1496.6160888671875,1031.4365234375,-791.2256469726562,0.0031790146604180336,-0.08115899562835693,-0.0799708217382431,0.9934826493263245,1,1643271,13685
1786083226,311268887,1,-1600.3507080078125,567.9039306640625,-1139.1280517578125,,,,,,,,,,1643272,13685
1786083226,311268887,,,,,5,-1496.6663818359375,1031.5040283203125,-791.1892700195312,0.0024612389970570803,-0.08126682788133621,-0.07977782189846039,0.9934914708137512,1,1643272,13685
1786083226,319253920,1,-1600.5078125,568.1509399414062,-1138.913818359375,,,,,,,,,,1643273,13685
1786083226,319253920,,,,,5,-1496.6673583984375,1031.4447021484375,-791.1766967773438,0.002452446613460779,-0.08121664077043533,-0.07986363768577576,0.9934885501861572,1,1643273,13685
1786083226,328394972,1,-1599.9122314453125,567.9027099609375,-1138.2698974609375,,,,,,,,,,1643274,13685
1786083226,328394972,,,,,5,-1496.6746826171875,1031.4501953125,-791.1796264648438,0.0027818684466183186,-0.08086920529603958,-0.07945391535758972,0.9935489892959595,1,1643274,13685
1786083226,336158008,1,-1600.56494140625,567.1387939453125,-1137.9132080078125,,,,,,,,,,1643275,13685
1786083226,336158008,,,,,5,-1496.6634521484375,1031.4566650390625,-791.213134765625,0.0032238822896033525,-0.08079516142606735,-0.08078629523515701,0.9934461712837219,1,1643275,13685
1786083226,345173666,1,-1600.4915771484375,568.8091430664062,-1138.4925537109375,,,,,,,,,,1643276,13685
1786083226,345173666,,,,,5,-1496.664306640625,1031.4705810546875,-791.1673583984375,0.002744317753240466,-0.08133076876401901,-0.0808473601937294,0.9933987855911255,1,1643276,13685
1786083226,353446592,1,-1600.8753662109375,568.96337890625,-1138.4107666015625,,,,,,,,,,1643277,13685
1786083226,353446592,,,,,5,-1496.6156005859375,1031.439697265625,-791.1619262695312,0.0025870439130812883,-0.08125007152557373,-0.08029565215110779,0.9934507012367249,1,1643277,13685
1786083226,361125211,1,-1600.81201171875,569.26416015625,-1138.2078857421875,,,,,,,,,,1643278,13685
1786083226,361125211,,,,,5,-1496.6688232421875,1031.4974365234375,-791.20263671875,0.0030385747086256742,-0.08096712827682495,-0.07977941632270813,0.9935140609741211,1,1643278,13685
1786083226,370105107,1,-1600.9066162109375,569.491455078125,-1138.1898193359375,,,,,,,,,,1643279,13685
1786083226,370105107,,,,,5,-1496.6474609375,1031.447265625,-791.1495361328125,0.0029452345333993435,-0.08115619421005249,-0.08109361678361893,0.9933925867080688,1,1643279,13685
1786083226,378079872,1,-1600.5462646484375,568.9334716796875,-1137.9813232421875,,,,,,,,,,1643280,13685
1786083226,378079872,,,,,5,-1496.605712890625,1031.486328125,-791.1748657226562,0.0022344947792589664,-0.08111564815044403,-0.07863284647464752,0.993595540523529,1,1643280,13685
1786083226,386195225,1,-1601.4134521484375,569.6343383789062,-1138.78271484375,,,,,,,,,,1643281,13685
1786083226,386195225,,,,,5,-1496.6414794921875,1031.4442138671875,-791.1908569335938,0.003029900835826993,-0.0812264159321785,-0.08128885924816132,0.9933705925941467,1,1643281,13685
1786083226,395061339,1,-1601.2042236328125,569.50830078125,-1138.820068359375,,,,,,,,,,1643282,13685
1786083226,395061339,,,,,5,-1496.63330078125,1031.4105224609375,-791.1680297851562,0.002976179588586092,-0.08119472861289978,-0.08111893385648727,0.9933872818946838,1,1643282,13685
1786083226,402975615,1,-1601.0504150390625,568.8636474609375,-1138.3057861328125,,,,,,,,,,1643283,13685
1786083226,402975615,,,,,5,-1496.682861328125,1031.4373779296875,-791.1842651367188,0.003188860369846225,-0.08078761398792267,-0.08035344630479813,0.9934819936752319,1,1643283,13685
1786083226,411125355,1,-1600.9248046875,568.7935791015625,-1138.537109375,,,,,,,,,,1643284,13685
1786083226,411125355,,,,,5,-1496.6912841796875,1031.4322509765625,-791.177734375,0.0028891984838992357,-0.08075392991304398,-0.07974912971258163,0.9935343861579895,1,1643284,13685
1786083226,419946558,1,-1601.337890625,569.1722412109375,-1138.431640625,,,,,,,,,,1643285,13685
1786083226,419946558,,,,,5,-1496.633056640625,1031.4501953125,-791.1736450195312,0.002743032993748784,-0.08122079819440842,-0.08024586737155914,0.9934567213058472,1,1643285,13685
1786083226,427954111,1,-1600.9146728515625,569.4629516601562,-1138.63916015625,,,,,,,,,,1643286,13686
1786083226,427954111,,,,,5,-1496.6488037109375,1031.4656982421875,-791.1652221679688,0.0027303341776132584,-0.08120445907115936,-0.080562524497509,0.9934324622154236,1,1643286,13686
1786083226,436153144,1,-1601.015869140625,569.7378540039062,-1138.7550048828125,,,,,,,,,,1643287,13686
1786083226,436153144,,,,,5,-1496.6253662109375,1031.3983154296875,-791.1746215820312,0.003039795206859708,-0.08111158758401871,-0.08118698000907898,0.993388295173645,1,1643287,13686
1786083226,444964239,1,-1600.8505859375,570.138427734375,-1138.9368896484375,,,,,,,,,,1643288,13686
1786083226,444964239,,,,,5,-1496.6376953125,1031.4779052734375,-791.1806030273438,0.0029534827917814255,-0.08105236291885376,-0.0795462429523468,0.993526041507721,1,1643288,13686
1786083226,452952663,1,-1600.8973388671875,570.0203857421875,-1138.9761962890625,,,,,,,,,,1643289,13686
1786083226,452952663,,,,,5,-1496.658203125,1031.4315185546875,-791.15380859375,0.002869285410270095,-0.08133123070001602,-0.08094672113656998,0.9933904409408569,1,1643289,13686
1786083226,460828489,1,-1601.252685546875,570.9231567382812,-1139.693603515625,,,,,,,,,,1643290,13686
1786083226,460828489,,,,,5,-1496.662841796875,1031.427978515625,-791.1510009765625,0.002788509940728545,-0.08110025525093079,-0.08017361909151077,0.9934723377227783,1,1643290,13686
1786083226,469919991,1,-1601.0401611328125,571.3145751953125,-1139.7266845703125,,,,,,,,,,1643291,13686
1786083226,469919991,,,,,5,-1496.6419677734375,1031.4266357421875,-791.1505737304688,0.003117734333500266,-0.0810154378414154,-0.08021839708089828,0.9934746026992798,1,1643291,13686
1786083226,477872940,1,-1601.36279296875,571.2166748046875,-1139.9853515625,,,,,,,,,,1643292,13686
1786083226,477872940,,,,,5,-1496.6199951171875,1031.4697265625,-791.2068481445312,0.0029826646205037832,-0.08128603547811508,-0.0796314924955368,0.9935001730918884,1,1643292,13686
1786083226,486752553,1,-1601.06396484375,570.1221923828125,-1139.3780517578125,,,,,,,,,,1643293,13686
1786083226,486752553,,,,,5,-1496.6551513671875,1031.428466796875,-791.1578979492188,0.002759901573881507,-0.08109242469072342,-0.0801287293434143,0.9934765696525574,1,1643293,13686
1786083226,499279739,1,-1601.075439453125,571.5209350585938,-1140.081787109375,,,,,,,,,,1643294,13686
1786083226,499279739,,,,,5,-1496.68408203125,1031.4476318359375,-791.1581420898438,0.0026792550925165415,-0.08127861469984055,-0.08015482872724533,0.9934594035148621,1,1643294,13686
1786083226,505941072,1,-1601.509521484375,570.9249267578125,-1140.32470703125,,,,,,,,,,1643295,13686
1786083226,505941072,,,,,5,-1496.6800537109375,1031.4769287109375,-791.1484375,0.0026895690243691206,-0.08130423724651337,-0.0803515687584877,0.9934415221214294,1,1643295,13686
1786083226,511715055,1,-1601.3660888671875,571.09619140625,-1140.404541015625,,,,,,,,,,1643296,13686
1786083226,511715055,,,,,5,-1496.6171875,1031.3956298828125,-791.1817626953125,0.003089211182668805,-0.0811418816447258,-0.08067789673805237,0.9934270977973938,1,1643296,13686
1786083226,519663590,1,-1601.06396484375,571.7225952148438,-1140.495361328125,,,,,,,,,,1643297,13686
1786083226,519663590,,,,,5,-1496.6661376953125,1031.468994140625,-791.1458129882812,0.0028410134837031364,-0.08119019865989685,-0.08111996203660965,0.9933878183364868,1,1643297,13686
1786083226,527694430,1,-1600.8114013671875,571.3868408203125,-1140.438232421875,,,,,,,,,,1643298,13686
1786083226,527694430,,,,,5,-1496.623046875,1031.4017333984375,-791.191650390625,0.002730749314650893,-0.081128790974617,-0.07994944602251053,0.9934881329536438,1,1643298,13686
1786083226,536569149,1,-1600.617431640625,571.9442749023438,-1140.4105224609375,,,,,,,,,,1643299,13686
1786083226,536569149,,,,,5,-1496.608642578125,1031.3970947265625,-791.1854248046875,0.0028821320738643408,-0.08100155740976334,-0.08004815131425858,0.9934902787208557,1,1643299,13686
1786083226,544687861,1,-1600.3966064453125,571.8939208984375,-1140.4580078125,,,,,,,,,,1643300,13686
1786083226,544687861,,,,,5,-1496.635986328125,1031.453369140625,-791.1739501953125,0.0027635032311081886,-0.0812624990940094,-0.08102385699748993,0.9933900833129883,1,1643300,13686
1786083226,552746179,1,-1600.40966796875,571.6834716796875,-1140.6595458984375,,,,,,,,,,1643301,13686
1786083226,552746179,,,,,5,-1496.6578369140625,1031.4459228515625,-791.183349609375,0.0029023478273302317,-0.08083329349756241,-0.0798378586769104,0.9935207366943359,1,1643301,13686
1786083226,561518663,1,-1599.85302734375,572.3638305664062,-1140.6082763671875,,,,,,,,,,1643302,13686
1786083226,561518663,,,,,5,-1496.6175537109375,1031.451416015625,-791.1549072265625,0.002597397891804576,-0.08132589608430862,-0.08038821071386337,0.9934370517730713,1,1643302,13686
1786083226,569466015,1,-1599.7052001953125,572.1401977539062,-1140.6710205078125,,,,,,,,,,1643303,13686
1786083226,569466015,,,,,5,-1496.6700439453125,1031.446533203125,-791.182861328125,0.0028479802422225475,-0.08108691871166229,-0.08092145621776581,0.9934125542640686,1,1643303,13686
1786083226,578467982,1,-1599.239990234375,572.4864501953125,-1140.5850830078125,,,,,,,,,,1643304,13686
1786083226,578467982,,,,,5,-1496.6160888671875,1031.39599609375,-791.1835327148438,0.003031104104593396,-0.08114486187696457,-0.08046723157167435,0.9934441447257996,1,1643304,13686
1786083226,586955485,1,-1599.54248046875,571.9193725585938,-1140.75830078125,,,,,,,,,,1643305,13686
1786083226,586955485,,,,,5,-1496.649658203125,1031.4229736328125,-791.1427001953125,0.0024166463408619165,-0.08106080442667007,-0.07949706166982651,0.993530809879303,1,1643305,13686
1786083226,594488110,1,-1598.9599609375,572.5596923828125,-1140.937744140625,,,,,,,,,,1643306,13686
1786083226,594488110,,,,,5,-1496.6263427734375,1031.46728515625,-791.16845703125,0.002661448670551181,-0.0813218504190445,-0.07908643037080765,0.9935417175292969,1,1643306,13686
1786083226,603740609,1,-1599.0460205078125,572.5491943359375,-1140.93798828125,,,,,,,,,,1643307,13686
1786083226,603740609,,,,,5,-1496.6226806640625,1031.4158935546875,-791.1702880859375,0.0029109399765729904,-0.08111352473497391,-0.08001392334699631,0.9934836626052856,1,1643307,13686
1786083226,611477766,1,-1598.6275634765625,572.6337890625,-1140.9000244140625,,,,,,,,,,1643308,13686
1786083226,611477766,,,,,5,-1496.6280517578125,1031.44677734375,-791.1907958984375,0.002854878781363368,-0.08124376088380814,-0.08059579879045486,0.9934261441230774,1,1643308,13686
1786083226,619365044,1,-1598.9998779296875,572.23876953125,-1141.2408447265625,,,,,,,,,,1643309,13686
1786083226,619365044,,,,,5,-1496.655517578125,1031.4490966796875,-791.1978149414062,0.002841596957296133,-0.08146876841783524,-0.08108796179294586,0.9933676719665527,1,1643309,13686
1786083226,628343820,1,-1599.1607666015625,571.9331665039062,-1141.588134765625,,,,,,,,,,1643310,13686
1786083226,628343820,,,,,5,-1496.635986328125,1031.416015625,-791.1827392578125,0.0029016840271651745,-0.08105838298797607,-0.07998636364936829,0.99349045753479,1,1643310,13686
1786083226,636444522,1,-1598.512939453125,572.2332763671875,-1141.6256103515625,,,,,,,,,,1643311,13686
1786083226,636444522,,,,,5,-1496.6190185546875,1031.4534912109375,-791.2315673828125,0.00331757846288383,-0.08105463534593582,-0.08006670325994492,0.9934829473495483,1,1643311,13686
1786083226,644323931,1,-1598.6893310546875,572.043212890625,-1141.8839111328125,,,,,,,,,,1643312,13686
1786083226,644323931,,,,,5,-1496.6666259765625,1031.4827880859375,-791.2061767578125,0.0028674721252173185,-0.08126101642847061,-0.07892326265573502,0.9935590028762817,1,1643312,13686
1786083226,654109543,1,-1598.027099609375,571.2623901367188,-1141.376220703125,,,,,,,,,,1643313,13686
1786083226,654109543,,,,,5,-1496.6942138671875,1031.496337890625,-791.1876831054688,0.0027987773064523935,-0.08129672706127167,-0.08167014271020889,0.9933342337608337,1,1643313,13686
1786083226,661266788,1,-1598.018798828125,570.8382568359375,-1141.5811767578125,,,,,,,,,,1643314,13686
1786083226,661266788,,,,,5,-1496.7059326171875,1031.4417724609375,-791.2184448242188,0.0028300657868385315,-0.0809912234544754,-0.08065859228372574,0.9934417605400085,1,1643314,13686
1786083226,669327121,1,-1597.8287353515625,570.7897338867188,-1141.82275390625,,,,,,,,,,1643315,13686
1786083226,669327121,,,,,5,-1496.618408203125,1031.4635009765625,-791.2230834960938,0.0034715584479272366,-0.08110998570919037,-0.08076659590005875,0.9934211373329163,1,1643315,13686
1786083226,678209101,1,-1597.3887939453125,570.9584350585938,-1141.9090576171875,,,,,,,,,,1643316,13686
1786083226,678209101,,,,,5,-1496.6048583984375,1031.4097900390625,-791.1942138671875,0.0029927692376077175,-0.0810195729136467,-0.07992330193519592,0.9934983849525452,1,1643316,13686
1786083226,686190872,1,-1596.968994140625,572.6387329101562,-1142.734619140625,,,,,,,,,,1643317,13686
1786083226,686190872,,,,,5,-1496.6651611328125,1031.4466552734375,-791.1552734375,0.0026436010375618935,-0.08135225623846054,-0.07992342859506607,0.993472158908844,1,1643317,13686
1786083226,694164550,1,-1596.9693603515625,572.8524169921875,-1143.028564453125,,,,,,,,,,1643318,13686
1786083226,694164550,,,,,5,-1496.6385498046875,1031.450927734375,-791.208984375,0.0031163499224931,-0.08117085695266724,-0.08111448585987091,0.9933890104293823,1,1643318,13686
1786083226,703099246,1,-1597.379150390625,569.6373901367188,-1142.9639892578125,,,,,,,,,,1643319,13686
1786083226,703099246,,,,,5,-1496.6500244140625,1031.4716796875,-791.1975708007812,0.002699087606742978,-0.08128383010625839,-0.08049619197845459,0.9934314489364624,1,1643319,13686
1786083226,711477221,1,-1596.945556640625,571.1098022460938,-1143.0712890625,,,,,,,,,,1643320,13686
1786083226,711477221,,,,,5,-1496.6595458984375,1031.507568359375,-791.23193359375,0.002859137486666441,-0.08101053535938263,-0.07961955666542053,0.993523895740509,1,1643320,13686
1786083226,720034426,1,-1596.5447998046875,572.9196166992188,-1143.7396240234375,,,,,,,,,,1643321,13686
1786083226,720034426,,,,,5,-1496.6434326171875,1031.4603271484375,-791.1888427734375,0.0025690170004963875,-0.0812772884964943,-0.07988706231117249,0.993481457233429,1,1643321,13686
1786083226,728262217,1,-1596.5328369140625,572.8704223632812,-1144.180908203125,,,,,,,,,,1643322,13686
1786083226,728262217,,,,,5,-1496.66748046875,1031.4466552734375,-791.1788940429688,0.0027514274697750807,-0.08143727481365204,-0.08057857304811478,0.9934120178222656,1,1643322,13686
1786083226,736000046,1,-1596.5751953125,573.168212890625,-1144.3975830078125,,,,,,,,,,1643323,13686
1786083226,736000046,,,,,5,-1496.6578369140625,1031.44140625,-791.1747436523438,0.002539837034419179,-0.08130265772342682,-0.07974255830049515,0.9934910535812378,1,1643323,13686
1786083226,745326277,1,-1596.5926513671875,572.5869140625,-1144.5743408203125,,,,,,,,,,1643324,13686
1786083226,745326277,,,,,5,-1496.677490234375,1031.4849853515625,-791.20458984375,0.002900133840739727,-0.08150961995124817,-0.0809841975569725,0.9933726787567139,1,1643324,13686
1786083226,752960465,1,-1596.43359375,571.398681640625,-1144.176025390625,,,,,,,,,,1643325,13686
1786083226,752960465,,,,,5,-1496.6500244140625,1031.493408203125,-791.2061767578125,0.002868091920390725,-0.08121707290410995,-0.07984252274036407,0.9934890866279602,1,1643325,13686
1786083226,760954391,1,-1596.64990234375,572.7177124023438,-1145.16357421875,,,,,,,,,,1643326,13686
1786083226,760954391,,,,,5,-1496.6937255859375,1031.4520263671875,-791.2421264648438,0.003482547588646412,-0.0807993933558464,-0.08164846897125244,0.9933745265007019,1,1643326,13686
1786083226,769885313,1,-1596.5045166015625,572.656982421875,-1145.4036865234375,,,,,,,,,,1643327,13686
1786083226,769885313,,,,,5,-1496.640625,1031.4476318359375,-791.160888671875,0.002589366864413023,-0.08127152174711227,-0.08009078353643417,0.9934654831886292,1,1643327,13686
1786083226,777887300,1,-1596.322265625,572.9254760742188,-1145.791015625,,,,,,,,,,1643328,13686
1786083226,777887300,,,,,5,-1496.6356201171875,1031.4263916015625,-791.2040405273438,0.003295822534710169,-0.08067933470010757,-0.08047621697187424,0.9934805035591125,1,1643328,13686
1786083226,786160802,1,-1596.8050537109375,572.3662109375,-1145.94384765625,,,,,,,,,,1643329,13686
1786083226,786160802,,,,,5,-1496.6187744140625,1031.4420166015625,-791.1825561523438,0.0028785928152501583,-0.08129919320344925,-0.0797998458147049,0.9934858679771423,1,1643329,13686
1786083226,794781855,1,-1595.76025390625,573.1243896484375,-1145.9674072265625,,,,,,,,,,1643330,13686
1786083226,794781855,,,,,5,-1496.6507568359375,1031.4976806640625,-791.2095947265625,0.0028649268206208944,-0.08140896260738373,-0.0803181603550911,0.9934350252151489,1,1643330,13686
1786083226,802227313,1,-1595.9444580078125,572.7760009765625,-1146.065673828125,,,,,,,,,,1643331,13686
1786083226,802227313,,,,,5,-1496.67626953125,1031.477783203125,-791.193359375,0.0030665311496704817,-0.08120632916688919,-0.08157331496477127,0.9933488368988037,1,1643331,13686
1786083226,811757884,1,-1595.6685791015625,572.8311157226562,-1146.2637939453125,,,,,,,,,,1643332,13686
1786083226,811757884,,,,,5,-1496.6693115234375,1031.4820556640625,-791.2092895507812,0.0030928468331694603,-0.08101573586463928,-0.08075767755508423,0.9934309720993042,1,1643332,13686
1786083226,820285532,1,-1595.2764892578125,572.7968139648438,-1146.2645263671875,,,,,,,,,,1643333,13686
1786083226,820285532,,,,,5,-1496.6676025390625,1031.4359130859375,-791.17578125,0.0029033126775175333,-0.08122922480106354,-0.08051509410142899,0.9934337735176086,1,1643333,13686
1786083226,828212123,1,-1595.3480224609375,571.5881958007812,-1145.76806640625,,,,,,,,,,1643334,13686
1786083226,828212123,,,,,5,-1496.6195068359375,1031.461181640625,-791.1776733398438,0.0028157520573586226,-0.08128450810909271,-0.07981415838003159,0.9934860467910767,1,1643334,13686
1786083226,837229509,1,-1594.89501953125,572.8116455078125,-1146.2728271484375,,,,,,,,,,1643335,13686
1786083226,837229509,,,,,5,-1496.682861328125,1031.4339599609375,-791.2122192382812,0.0031882573384791613,-0.08072488754987717,-0.08088487386703491,0.9934439659118652,1,1643335,13686
1786083226,844951376,1,-1595.208984375,573.2105712890625,-1146.5296630859375,,,,,,,,,,1643336,13686
1786083226,844951376,,,,,5,-1496.6673583984375,1031.4801025390625,-791.2109985351562,0.0030642948113381863,-0.08078883588314056,-0.07973012328147888,0.9935325384140015,1,1643336,13686
1786083226,852746752,1,-1594.869140625,573.0203247070312,-1146.4876708984375,,,,,,,,,,1643337,13686
1786083226,852746752,,,,,5,-1496.6217041015625,1031.503173828125,-791.2734375,0.00309802801348269,-0.08075819164514542,-0.07903284579515457,0.9935905337333679,1,1643337,13686
1786083226,862133056,1,-1594.518310546875,572.9765014648438,-1146.4921875,,,,,,,,,,1643338,13686
1786083226,862133056,,,,,5,-1496.6624755859375,1031.439697265625,-791.2210083007812,0.0031815606635063887,-0.08123157173395157,-0.08170239627361298,0.9933357834815979,1,1643338,13686
1786083226,869592941,1,-1594.9388427734375,572.530029296875,-1146.5428466796875,,,,,,,,,,1643339,13686
1786083226,869592941,,,,,5,-1496.685546875,1031.4696044921875,-791.1813354492188,0.0027443026192486286,-0.08092625439167023,-0.07990092039108276,0.9935084581375122,1,1643339,13686
1786083226,877582804,1,-1594.1943359375,572.9590454101562,-1146.2928466796875,,,,,,,,,,1643340,13686
1786083226,877582804,,,,,5,-1496.6500244140625,1031.4442138671875,-791.16455078125,0.0027721859514713287,-0.0813622772693634,-0.08046136796474457,0.993427574634552,1,1643340,13686
1786083226,886929156,1,-1594.364501953125,572.4796752929688,-1146.3341064453125,,,,,,,,,,1643341,13686
1786083226,886929156,,,,,5,-1496.6097412109375,1031.4696044921875,-791.2125854492188,0.002940281294286251,-0.08104448020458221,-0.07933590561151505,0.9935435652732849,1,1643341,13686
1786083226,895271017,1,-1594.5787353515625,571.8935546875,-1146.38671875,,,,,,,,,,1643342,13686
1786083226,895271017,,,,,5,-1496.668701171875,1031.4285888671875,-791.1838989257812,0.002715000417083502,-0.08129116147756577,-0.08053487539291382,0.9934276342391968,1,1643342,13686
1786083226,902662127,1,-1594.200439453125,572.424072265625,-1146.4429931640625,,,,,,,,,,1643343,13686
1786083226,902662127,,,,,5,-1496.6436767578125,1031.4703369140625,-791.2427978515625,0.0030928102787584066,-0.08133313804864883,-0.08035337179899216,0.9934378266334534,1,1643343,13686
1786083226,911553351,1,-1594.010498046875,572.3390502929688,-1146.3524169921875,,,,,,,,,,1643344,13686
1786083226,911553351,,,,,5,-1496.6337890625,1031.4234619140625,-791.1626586914062,0.0025149264838546515,-0.08121117949485779,-0.0800449401140213,0.9934743642807007,1,1643344,13686
1786083226,919609686,1,-1593.6185302734375,572.2940063476562,-1146.179931640625,,,,,,,,,,1643345,13686
1786083226,919609686,,,,,5,-1496.6591796875,1031.4227294921875,-791.1633911132812,0.002728702500462532,-0.0811600461602211,-0.0796210914850235,0.9935119152069092,1,1643345,13686
1786083226,927517916,1,-1593.58544921875,572.1482543945312,-1146.0972900390625,,,,,,,,,,1643346,13686
1786083226,927517916,,,,,5,-1496.6402587890625,1031.4442138671875,-791.1715698242188,0.0027733335737138987,-0.0810568630695343,-0.07975991070270538,0.9935091733932495,1,1643346,13686
1786083226,936458370,1,-1593.75341796875,571.1046752929688,-1145.3902587890625,,,,,,,,,,1643347,13686
1786083226,936458370,,,,,5,-1496.6593017578125,1031.4500732421875,-791.1826171875,0.0026074203196913004,-0.08123836666345596,-0.08074072003364563,0.9934155941009521,1,1643347,13686
1786083226,944346480,1,-1593.90478515625,570.4466552734375,-1145.4541015625,,,,,,,,,,1643348,13686
1786083226,944346480,,,,,5,-1496.6160888671875,1031.4586181640625,-791.2304077148438,0.003550209105014801,-0.08094065636396408,-0.08033663779497147,0.9934697151184082,1,1643348,13686
1786083226,953499303,1,-1593.5394287109375,571.8353271484375,-1145.8375244140625,,,,,,,,,,1643349,13686
1786083226,953499303,,,,,5,-1496.6083984375,1031.449462890625,-791.205810546875,0.003136340295895934,-0.08093695342540741,-0.07908853143453598,0.9935715198516846,1,1643349,13686
1786083226,961377688,1,-1593.7672119140625,570.109619140625,-1145.2625732421875,,,,,,,,,,1643350,13686
1786083226,961377688,,,,,5,-1496.6490478515625,1031.4398193359375,-791.212158203125,0.002993375761434436,-0.08099960535764694,-0.0800265520811081,0.9934917092323303,1,1643350,13686
1786083226,969296922,1,-1593.5709228515625,570.328125,-1144.97119140625,,,,,,,,,,1643351,13686
1786083226,969296922,,,,,5,-1496.6527099609375,1031.398681640625,-791.1661376953125,0.0031398183200508356,-0.08095335215330124,-0.08015407621860504,0.9934848546981812,1,1643351,13686
1786083226,978285102,1,-1593.730712890625,570.1365356445312,-1145.0611572265625,,,,,,,,,,1643352,13686
1786083226,978285102,,,,,5,-1496.6746826171875,1031.4482421875,-791.1768798828125,0.002824574476107955,-0.08148350566625595,-0.08175554126501083,0.9933118224143982,1,1643352,13686
1786083226,986258236,1,-1593.6953125,570.0762329101562,-1144.924560546875,,,,,,,,,,1643353,13686
1786083226,986258236,,,,,5,-1496.6383056640625,1031.424560546875,-791.17578125,0.0031358564738184214,-0.08123771101236343,-0.08049335330724716,0.9934341907501221,1,1643353,13686
1786083226,994295250,1,-1593.5,571.6802978515625,-1145.2591552734375,,,,,,,,,,1643354,13686
1786083226,994295250,,,,,5,-1496.64599609375,1031.3797607421875,-791.1991577148438,0.0027654797304421663,-0.08101436495780945,-0.08028338849544525,0.9934704899787903,1,1643354,13686
1786083227,3276971,1,-1593.62451171875,570.7872924804688,-1145.3404541015625,,,,,,,,,,1643355,13686
1786083227,3276971,,,,,5,-1496.6451416015625,1031.4825439453125,-791.2437744140625,0.003367994911968708,-0.08131412416696548,-0.08073106408119202,0.9934077858924866,1,1643355,13686
1786083227,11160932,1,-1593.677001953125,571.261962890625,-1145.0699462890625,,,,,,,,,,1643356,13686
1786083227,11160932,,,,,5,-1496.6326904296875,1031.47705078125,-791.1953125,0.002863147761672735,-0.0814143642783165,-0.0800410583615303,0.993457019329071,1,1643356,13686
1786083227,19162801,1,-1592.987548828125,571.3729858398438,-1144.5091552734375,,,,,,,,,,1643357,13686
1786083227,19162801,,,,,5,-1496.6864013671875,1031.481689453125,-791.1857299804688,0.0027207655366510153,-0.08087093383073807,-0.08043175935745239,0.9934702515602112,1,1643357,13686
1786083227,28183525,1,-1595.2880859375,571.1533203125,-1145.8804931640625,,,,,,,,,,1643358,13686
1786083227,28183525,,,,,5,-1496.5980224609375,1031.427734375,-791.1793823242188,0.0031145995017141104,-0.08113585412502289,-0.07968523353338242,0.9935075640678406,1,1643358,13686
1786083227,36106479,1,-1593.755615234375,571.3903198242188,-1144.7020263671875,,,,,,,,,,1643359,13686
1786083227,36106479,,,,,5,-1496.6531982421875,1031.418212890625,-791.1901245117188,0.002594709862023592,-0.08117076754570007,-0.07944779843091965,0.9935253262519836,1,1643359,13686
1786083227,44086917,1,-1593.7930908203125,571.2951049804688,-1144.3970947265625,,,,,,,,,,1643360,13686
1786083227,44086917,,,,,5,-1496.669921875,1031.4605712890625,-791.1931762695312,0.0028352243825793266,-0.08092958480119705,-0.08022918552160263,0.9934815764427185,1,1643360,13686
1786083227,53069031,1,-1593.7974853515625,571.6937255859375,-1144.3631591796875,,,,,,,,,,1643361,13686
1786083227,53069031,,,,,5,-1496.6285400390625,1031.4349365234375,-791.1282348632812,0.0026227578055113554,-0.08116516470909119,-0.07926695048809052,0.9935401678085327,1,1643361,13686
1786083227,60993009,1,-1595.249755859375,571.14111328125,-1145.3289794921875,,,,,,,,,,1643362,13686
1786083227,60993009,,,,,5,-1496.6307373046875,1031.4676513671875,-791.1771240234375,0.003108483739197254,-0.08126822859048843,-0.08098036050796509,0.9933921694755554,1,1643362,13686
1786083227,70149618,1,-1595.5482177734375,570.5391845703125,-1145.26171875,,,,,,,,,,1643363,13686
1786083227,70149618,,,,,5,-1496.698974609375,1031.5072021484375,-791.1942749023438,0.0029923850670456886,-0.08096393942832947,-0.07987016439437866,0.9935072660446167,1,1643363,13686
1786083227,78176694,1,-1594.14404296875,570.9412841796875,-1143.9244384765625,,,,,,,,,,1643364,13686
1786083227,78176694,,,,,5,-1496.649658203125,1031.496337890625,-791.1845092773438,0.002938357647508383,-0.08138155937194824,-0.07989340275526047,0.9934713840484619,1,1643364,13686
1786083227,86095586,1,-1596.0247802734375,570.0421142578125,-1144.9307861328125,,,,,,,,,,1643365,13686
1786083227,86095586,,,,,5,-1496.6622314453125,1031.461181640625,-791.1925048828125,0.003160773776471615,-0.08093366026878357,-0.07941988855600357,0.9935452938079834,1,1643365,13686
1786083227,95007902,1,-1594.2935791015625,571.083251953125,-1143.7384033203125,,,,,,,,,,1643366,13686
1786083227,95007902,,,,,5,-1496.6248779296875,1031.4776611328125,-791.20068359375,0.0029485137201845646,-0.0811430811882019,-0.07956528663635254,0.9935172200202942,1,1643366,13686
1786083227,103001103,1,-1594.763427734375,570.6046752929688,-1143.7755126953125,,,,,,,,,,1643367,13686
1786083227,103001103,,,,,5,-1496.6346435546875,1031.3851318359375,-791.2210693359375,0.0030334889888763428,-0.08113619685173035,-0.08066050708293915,0.9934291839599609,1,1643367,13686
1786083227,111315912,1,-1594.6141357421875,570.9706420898438,-1143.5567626953125,,,,,,,,,,1643368,13686
1786083227,111315912,,,,,5,-1496.611328125,1031.42431640625,-791.1744995117188,0.002314358949661255,-0.08113516867160797,-0.07919253408908844,0.9935493469238281,1,1643368,13686
1786083227,119881541,1,-1596.0921630859375,571.25537109375,-1144.296630859375,,,,,,,,,,1643369,13686
1786083227,119881541,,,,,5,-1496.610595703125,1031.4735107421875,-791.1836547851562,0.0032984225545078516,-0.08104810118675232,-0.08036556839942932,0.9934594035148621,1,1643369,13686
1786083227,128414285,1,-1596.45263671875,570.8414916992188,-1144.55029296875,,,,,,,,,,1643370,13686
1786083227,128414285,,,,,5,-1496.5953369140625,1031.4539794921875,-791.2193603515625,0.003317719092592597,-0.08132491260766983,-0.08124896883964539,0.9933649301528931,1,1643370,13686
1786083227,136150493,1,-1594.8582763671875,571.280029296875,-1143.1295166015625,,,,,,,,,,1643371,13686
1786083227,136150493,,,,,5,-1496.6153564453125,1031.3875732421875,-791.1907958984375,0.00300768599845469,-0.08117666840553284,-0.08034058660268784,0.9934518337249756,1,1643371,13686
1786083227,144814069,1,-1596.7401123046875,570.08447265625,-1144.3934326171875,,,,,,,,,,1643372,13686
1786083227,144814069,,,,,5,-1496.6121826171875,1031.4327392578125,-791.1801147460938,0.003168158931657672,-0.08112005889415741,-0.08098968863487244,0.9934032559394836,1,1643372,13686
1786083227,152758072,1,-1596.72705078125,570.6569213867188,-1143.9803466796875,,,,,,,,,,1643373,13686
1786083227,152758072,,,,,5,-1496.6512451171875,1031.4259033203125,-791.2167358398438,0.0033889038022607565,-0.08075642585754395,-0.08102403581142426,0.99342942237854,1,1643373,13686
1786083227,161784586,1,-1595.603271484375,570.5343017578125,-1142.880615234375,,,,,,,,,,1643374,13686
1786083227,161784586,,,,,5,-1496.6707763671875,1031.4666748046875,-791.1527709960938,0.0026144529692828655,-0.08081923425197601,-0.0793139636516571,0.9935647249221802,1,1643374,13686
1786083227,169697368,1,-1595.5257568359375,570.779541015625,-1142.631591796875,,,,,,,,,,1643375,13686
1786083227,169697368,,,,,5,-1496.6331787109375,1031.41748046875,-791.20361328125,0.002734620124101639,-0.08093342930078506,-0.07987639307975769,0.993509829044342,1,1643375,13686
1786083227,177766700,1,-1594.914306640625,571.2180786132812,-1142.661865234375,,,,,,,,,,1643376,13686
1786083227,177766700,,,,,5,-1496.6341552734375,1031.4866943359375,-791.1857299804688,0.0027760781813412905,-0.08112446963787079,-0.07969184219837189,0.99350905418396,1,1643376,13686
1786083227,185687383,1,-1595.2030029296875,571.1207275390625,-1142.5311279296875,,,,,,,,,,1643377,13686
1786083227,185687383,,,,,5,-1496.6517333984375,1031.4315185546875,-791.1578979492188,0.0029397988691926003,-0.08120717853307724,-0.08059633523225784,0.9934288263320923,1,1643377,13686
1786083227,195063720,1,-1595.3865966796875,571.3121337890625,-1142.197021484375,,,,,,,,,,1643378,13686
1786083227,195063720,,,,,5,-1496.6246337890625,1031.4840087890625,-791.2142944335938,0.0027423498686403036,-0.08091047406196594,-0.07871443778276443,0.9936045408248901,1,1643378,13686
1786083227,202622169,1,-1595.6378173828125,571.1102294921875,-1142.4853515625,,,,,,,,,,1643379,13686
1786083227,202622169,,,,,5,-1496.6048583984375,1031.4541015625,-791.2135620117188,0.0031830028165131807,-0.08105713129043579,-0.07968580722808838,0.9935137629508972,1,1643379,13686
1786083227,211561675,1,-1595.424072265625,571.2760620117188,-1142.1805419921875,,,,,,,,,,1643380,13686
1786083227,211561675,,,,,5,-1496.6546630859375,1031.4256591796875,-791.1889038085938,0.003064426127821207,-0.08106539398431778,-0.08028413355350494,0.9934654235839844,1,1643380,13686
1786083227,219645082,1,-1597.1431884765625,570.7042236328125,-1143.2344970703125,,,,,,,,,,1643381,13686
1786083227,219645082,,,,,5,-1496.6138916015625,1031.4786376953125,-791.1859130859375,0.002660586964339018,-0.0811084508895874,-0.07907769829034805,0.9935597777366638,1,1643381,13686
1786083227,227646535,1,-1596.0386962890625,571.0462036132812,-1142.2037353515625,,,,,,,,,,1643382,13686
1786083227,227646535,,,,,5,-1496.6444091796875,1031.408935546875,-791.1660766601562,0.0031158020719885826,-0.08112194389104843,-0.08002910763025284,0.9934812188148499,1,1643382,13686
1786083227,236636135,1,-1596.2060546875,570.7362670898438,-1142.154541015625,,,,,,,,,,1643383,13686
1786083227,236636135,,,,,5,-1496.616455078125,1031.4864501953125,-791.205078125,0.002768401987850666,-0.08118809014558792,-0.07944498211145401,0.9935237169265747,1,1643383,13686
1786083227,244464276,1,-1596.3106689453125,570.6248779296875,-1142.1007080078125,,,,,,,,,,1643384,13686
1786083227,244464276,,,,,5,-1496.664306640625,1031.4248046875,-791.2053833007812,0.0030598053708672523,-0.08069273084402084,-0.08001288026571274,0.9935175776481628,1,1643384,13686
1786083227,252580375,1,-1596.2359619140625,570.5477905273438,-1141.9371337890625,,,,,,,,,,1643385,13686
1786083227,252580375,,,,,5,-1496.6693115234375,1031.4771728515625,-791.2179565429688,0.0028982318472117186,-0.08074447512626648,-0.08037767559289932,0.9934844374656677,1,1643385,13686
1786083227,261472411,1,-1596.36328125,570.3478393554688,-1141.8408203125,,,,,,,,,,1643386,13686
1786083227,261472411,,,,,5,-1496.6446533203125,1031.4990234375,-791.2490844726562,0.0029608921613544226,-0.0809716135263443,-0.0799480751156807,0.9935004115104675,1,1643386,13686
1786083227,269452368,1,-1596.7041015625,570.1090698242188,-1141.8267822265625,,,,,,,,,,1643387,13686
1786083227,269452368,,,,,5,-1496.6673583984375,1031.483642578125,-791.2023315429688,0.002932089613750577,-0.0810314491391182,-0.08097422868013382,0.993412435054779,1,1643387,13686
1786083227,277367741,1,-1596.8082275390625,569.864501953125,-1141.599609375,,,,,,,,,,1643388,13686
1786083227,277367741,,,,,5,-1496.6343994140625,1031.48583984375,-791.2127685546875,0.002765868790447712,-0.08122849464416504,-0.07969444245100021,0.9935004115104675,1,1643388,13686
1786083227,286487853,1,-1596.454345703125,570.3480834960938,-1141.560791015625,,,,,,,,,,1643389,13686
1786083227,286487853,,,,,5,-1496.6009521484375,1031.39794921875,-791.1874389648438,0.003131024306640029,-0.08091183751821518,-0.08086203038692474,0.9934307932853699,1,1643389,13686
1786083227,294375460,1,-1596.0013427734375,568.7651977539062,-1140.68994140625,,,,,,,,,,1643390,13686
1786083227,294375460,,,,,5,-1496.6298828125,1031.4276123046875,-791.2203979492188,0.002585159381851554,-0.08079687505960464,-0.07961943000555038,0.9935420155525208,1,1643390,13686
1786083227,302350747,1,-1596.3360595703125,568.9405517578125,-1140.421875,,,,,,,,,,1643391,13686
1786083227,302350747,,,,,5,-1496.6160888671875,1031.460205078125,-791.18896484375,0.0030584854539483786,-0.08106190711259842,-0.07974454015493393,0.9935091733932495,1,1643391,13686
1786083227,311304040,1,-1595.969970703125,570.5493774414062,-1140.9161376953125,,,,,,,,,,1643392,13686
1786083227,311304040,,,,,5,-1496.6331787109375,1031.446044921875,-791.2125244140625,0.003322629490867257,-0.08099821209907532,-0.08058521151542664,0.993445634841919,1,1643392,13686
1786083227,319473335,1,-1595.6494140625,570.3427734375,-1140.606201171875,,,,,,,,,,1643393,13686
1786083227,319473335,,,,,5,-1496.6361083984375,1031.4661865234375,-791.2312622070312,0.003447125433012843,-0.08078145235776901,-0.08062166720628738,0.993459939956665,1,1643393,13686
1786083227,328294133,1,-1595.9061279296875,570.4756469726562,-1140.6397705078125,,,,,,,,,,1643394,13686
1786083227,328294133,,,,,5,-1496.6082763671875,1031.4010009765625,-791.1747436523438,0.0030992215033620596,-0.08090804517269135,-0.08022546768188477,0.993482768535614,1,1643394,13686
1786083227,336062617,1,-1596.0291748046875,570.2900390625,-1140.560546875,,,,,,,,,,1643395,13686
1786083227,336062617,,,,,5,-1496.6419677734375,1031.4549560546875,-791.1842041015625,0.0029683203902095556,-0.08104308694601059,-0.07976177334785461,0.9935095906257629,1,1643395,13686
1786083227,344219469,1,-1595.88671875,570.2862548828125,-1140.3177490234375,,,,,,,,,,1643396,13686
1786083227,344219469,,,,,5,-1496.6619873046875,1031.5023193359375,-791.2195434570312,0.003023681929334998,-0.08089163154363632,-0.07878594100475311,0.993599534034729,1,1643396,13686
1786083227,353144068,1,-1595.6085205078125,570.4493408203125,-1140.1861572265625,,,,,,,,,,1643397,13686
1786083227,353144068,,,,,5,-1496.6734619140625,1031.4329833984375,-791.1809692382812,0.0032874762546271086,-0.08109559118747711,-0.08116664737462997,0.9933905005455017,1,1643397,13686
1786083227,361084712,1,-1596.30615234375,569.9547729492188,-1140.283447265625,,,,,,,,,,1643398,13686
1786083227,361084712,,,,,5,-1496.6231689453125,1031.3775634765625,-791.1834106445312,0.0028157627675682306,-0.08103981614112854,-0.08015714585781097,0.9934784173965454,1,1643398,13686
1786083227,368970880,1,-1596.179931640625,569.8121948242188,-1140.253173828125,,,,,,,,,,1643399,13686
1786083227,368970880,,,,,5,-1496.6534423828125,1031.424072265625,-791.1368408203125,0.002832297468557954,-0.08128087967634201,-0.08010530471801758,0.9934629201889038,1,1643399,13686
1786083227,378262320,1,-1596.143798828125,569.7694702148438,-1140.0364990234375,,,,,,,,,,1643400,13686
1786083227,378262320,,,,,5,-1496.6317138671875,1031.4686279296875,-791.1737670898438,0.0029664093162864447,-0.081072136759758,-0.07952700555324554,0.9935259819030762,1,1643400,13686
1786083227,386306478,1,-1596.4052734375,569.8719482421875,-1140.1876220703125,,,,,,,,,,1643401,13686
1786083227,386306478,,,,,5,-1496.6405029296875,1031.4495849609375,-791.1575317382812,0.003003491088747978,-0.081294484436512,-0.08126232028007507,0.9933672547340393,1,1643401,13686
1786083227,395026609,1,-1596.230224609375,569.5391845703125,-1140.1217041015625,,,,,,,,,,1643402,13686
1786083227,395026609,,,,,5,-1496.6146240234375,1031.416015625,-791.195556640625,0.0031041449401527643,-0.08101066201925278,-0.08052399009466171,0.9934502243995667,1,1643402,13686
1786083227,402943678,1,-1596.4210205078125,569.5492553710938,-1140.1680908203125,,,,,,,,,,1643403,13686
1786083227,402943678,,,,,5,-1496.6507568359375,1031.4443359375,-791.2308959960938,0.0033650719560682774,-0.08117678016424179,-0.0814250037074089,0.993362545967102,1,1643403,13686
1786083227,410824152,1,-1596.2625732421875,569.534423828125,-1140.1197509765625,,,,,,,,,,1643404,13686
1786083227,410824152,,,,,5,-1496.5975341796875,1031.4559326171875,-791.1981811523438,0.0030999276787042618,-0.08085275441408157,-0.07925117015838623,0.9935656189918518,1,1643404,13686
1786083227,419922159,1,-1596.7327880859375,569.0010375976562,-1140.23828125,,,,,,,,,,1643405,13686
1786083227,419922159,,,,,5,-1496.6370849609375,1031.4521484375,-791.1908569335938,0.002965357154607773,-0.08109476417303085,-0.08011669665575027,0.9934768080711365,1,1643405,13686
1786083227,427880204,1,-1597.87109375,569.1902465820312,-1141.2322998046875,,,,,,,,,,1643406,13687
1786083227,427880204,,,,,5,-1496.6273193359375,1031.4149169921875,-791.1752319335938,0.003126606112346053,-0.08102905750274658,-0.08057547360658646,0.9934445023536682,1,1643406,13687
1786083227,435909360,1,-1596.6878662109375,569.1998901367188,-1140.1658935546875,,,,,,,,,,1643407,13687
1786083227,435909360,,,,,5,-1496.6214599609375,1031.4549560546875,-791.1940307617188,0.003259830642491579,-0.08096187561750412,-0.07949385792016983,0.9935367703437805,1,1643407,13687
1786083227,444932387,1,-1596.694580078125,569.1072387695312,-1140.2423095703125,,,,,,,,,,1643408,13687
1786083227,444932387,,,,,5,-1496.5933837890625,1031.4427490234375,-791.22265625,0.0031014929991215467,-0.08098810911178589,-0.07953518629074097,0.9935318231582642,1,1643408,13687
1786083227,453316546,1,-1596.6142578125,569.1173706054688,-1140.2286376953125,,,,,,,,,,1643409,13687
1786083227,453316546,,,,,5,-1496.6131591796875,1031.482421875,-791.2191162109375,0.0030544926412403584,-0.08125001937150955,-0.08002135902643204,0.9934715628623962,1,1643409,13687
1786083227,460857274,1,-1596.6605224609375,569.2722778320312,-1140.2425537109375,,,,,,,,,,1643410,13687
1786083227,460857274,,,,,5,-1496.6309814453125,1031.48828125,-791.21142578125,0.003055602079257369,-0.08131131529808044,-0.08045939356088638,0.993431031703949,1,1643410,13687
1786083227,469764056,1,-1596.8531494140625,569.5072631835938,-1140.4354248046875,,,,,,,,,,1643411,13687
1786083227,469764056,,,,,5,-1496.64697265625,1031.470947265625,-791.2064819335938,0.0031985531095415354,-0.08119664341211319,-0.08162065595388412,0.993345320224762,1,1643411,13687
1786083227,477769508,1,-1596.560546875,569.6578979492188,-1140.4072265625,,,,,,,,,,1643412,13687
1786083227,477769508,,,,,5,-1496.6412353515625,1031.5054931640625,-791.192626953125,0.002984307473525405,-0.08087623864412308,-0.07955648750066757,0.9935395121574402,1,1643412,13687
1786083227,485924025,1,-1596.548828125,569.4884033203125,-1140.4698486328125,,,,,,,,,,1643413,13687
1786083227,485924025,,,,,5,-1496.651611328125,1031.477783203125,-791.2240600585938,0.0029046800918877125,-0.08108282089233398,-0.07953758537769318,0.993524432182312,1,1643413,13687
1786083227,494690923,1,-1596.423095703125,569.349365234375,-1140.47412109375,,,,,,,,,,1643414,13687
1786083227,494690923,,,,,5,-1496.6541748046875,1031.459716796875,-791.1991577148438,0.0027485413011163473,-0.08072547614574432,-0.07845679670572281,0.9936399459838867,1,1643414,13687
1786083227,502597499,1,-1596.988037109375,569.3143310546875,-1140.7957763671875,,,,,,,,,,1643415,13687
1786083227,502597499,,,,,5,-1496.64208984375,1031.475830078125,-791.19091796875,0.0026318721938878298,-0.08129957318305969,-0.07891836762428284,0.9935568571090698,1,1643415,13687
1786083227,511762042,1,-1596.6455078125,569.4544067382812,-1140.694580078125,,,,,,,,,,1643416,13687
1786083227,511762042,,,,,5,-1496.6085205078125,1031.4453125,-791.2303466796875,0.003318073693662882,-0.08070757240056992,-0.07946407049894333,0.9935595989227295,1,1643416,13687
1786083227,519597253,1,-1596.672119140625,569.2489624023438,-1140.7890625,,,,,,,,,,1643417,13687
1786083227,519597253,,,,,5,-1496.6385498046875,1031.441650390625,-791.1923217773438,0.002873057499527931,-0.08129124343395233,-0.08027160167694092,0.9934484362602234,1,1643417,13687
1786083227,527500023,1,-1596.761474609375,569.5709838867188,-1140.824951171875,,,,,,,,,,1643418,13687
1786083227,527500023,,,,,5,-1496.64306640625,1031.48876953125,-791.1727905273438,0.002877407241612673,-0.08103799819946289,-0.07925371080636978,0.9935509562492371,1,1643418,13687
1786083227,536570425,1,-1596.3052978515625,569.4190673828125,-1140.61865234375,,,,,,,,,,1643419,13687
1786083227,536570425,,,,,5,-1496.5994873046875,1031.467041015625,-791.1810913085938,0.003160130698233843,-0.08110034465789795,-0.08036727458238602,0.9934554100036621,1,1643419,13687
1786083227,544462670,1,-1596.78125,569.46630859375,-1140.9105224609375,,,,,,,,,,1643420,13687
1786083227,544462670,,,,,5,-1496.6434326171875,1031.4332275390625,-791.1417846679688,0.002879270352423191,-0.08107411861419678,-0.08004404604434967,0.9934845566749573,1,1643420,13687
1786083227,552428393,1,-1596.4241943359375,569.5684204101562,-1140.767333984375,,,,,,,,,,1643421,13687
1786083227,552428393,,,,,5,-1496.646484375,1031.429443359375,-791.19384765625,0.003032304812222719,-0.08094215393066406,-0.08045545220375061,0.9934616088867188,1,1643421,13687
1786083227,561435842,1,-1596.555908203125,569.4234008789062,-1140.960205078125,,,,,,,,,,1643422,13687
1786083227,561435842,,,,,5,-1496.6685791015625,1031.4881591796875,-791.2094116210938,0.0032604935113340616,-0.08083558082580566,-0.07983814179897308,0.9935194253921509,1,1643422,13687
1786083227,569445996,1,-1596.5711669921875,569.378662109375,-1140.9794921875,,,,,,,,,,1643423,13687
1786083227,569445996,,,,,5,-1496.6387939453125,1031.455810546875,-791.1671752929688,0.0030471142381429672,-0.08112242072820663,-0.07949043810367584,0.9935245513916016,1,1643423,13687
1786083227,577297425,1,-1596.4410400390625,569.302001953125,-1141.034423828125,,,,,,,,,,1643424,13687
1786083227,577297425,,,,,5,-1496.6710205078125,1031.4564208984375,-791.1644287109375,0.0030452304054051638,-0.08139750361442566,-0.0813688188791275,0.9933500289916992,1,1643424,13687
1786083227,586274965,1,-1596.25048828125,569.6183471679688,-1140.897705078125,,,,,,,,,,1643425,13687
1786083227,586274965,,,,,5,-1496.6346435546875,1031.4324951171875,-791.217529296875,0.003100901609286666,-0.08113853633403778,-0.0812007486820221,0.993384838104248,1,1643425,13687
1786083227,594351782,1,-1596.05419921875,569.3677978515625,-1140.968017578125,,,,,,,,,,1643426,13687
1786083227,594351782,,,,,5,-1496.6397705078125,1031.4669189453125,-791.1674194335938,0.0028751720674335957,-0.0811692625284195,-0.0807446613907814,0.9934200644493103,1,1643426,13687
1786083227,602372013,1,-1595.8858642578125,569.6182861328125,-1140.6253662109375,,,,,,,,,,1643427,13687
1786083227,602372013,,,,,5,-1496.6453857421875,1031.430419921875,-791.1612548828125,0.0029989369213581085,-0.08120176196098328,-0.08094096183776855,0.9934011101722717,1,1643427,13687
1786083227,611312414,1,-1596.1429443359375,569.390869140625,-1140.9600830078125,,,,,,,,,,1643428,13687
1786083227,611312414,,,,,5,-1496.657470703125,1031.461181640625,-791.1886596679688,0.002850923454388976,-0.08119986951351166,-0.08104629814624786,0.9933931231498718,1,1643428,13687
1786083227,619367384,1,-1595.6834716796875,569.6076049804688,-1140.6646728515625,,,,,,,,,,1643429,13687
1786083227,619367384,,,,,5,-1496.628173828125,1031.461181640625,-791.1998901367188,0.0029654712416231632,-0.08117883652448654,-0.0798264890909195,0.9934931993484497,1,1643429,13687
1786083227,627250001,1,-1595.8839111328125,569.5117797851562,-1140.877685546875,,,,,,,,,,1643430,13687
1786083227,627250001,,,,,5,-1496.647705078125,1031.4613037109375,-791.216796875,0.0029703606851398945,-0.08079756051301956,-0.08042434602975845,0.9934760332107544,1,1643430,13687
1786083227,636865513,1,-1595.3873291015625,569.7393188476562,-1140.5782470703125,,,,,,,,,,1643431,13687
1786083227,636865513,,,,,5,-1496.62841796875,1031.4697265625,-791.2117309570312,0.003001820296049118,-0.08124107867479324,-0.07968820631504059,0.9934991598129272,1,1643431,13687
1786083227,644174839,1,-1596.0999755859375,569.6148071289062,-1140.874755859375,,,,,,,,,,1643432,13687
1786083227,644174839,,,,,5,-1496.65380859375,1031.475830078125,-791.21630859375,0.00291048432700336,-0.08094272017478943,-0.07920799404382706,0.9935622215270996,1,1643432,13687
1786083227,653220450,1,-1595.5687255859375,570.013427734375,-1140.6396484375,,,,,,,,,,1643433,13687
1786083227,653220450,,,,,5,-1496.6097412109375,1031.431396484375,-791.215087890625,0.0031476393342018127,-0.08105991035699844,-0.07954239845275879,0.9935252070426941,1,1643433,13687
1786083227,661026967,1,-1595.4215087890625,570.0274658203125,-1140.7406005859375,,,,,,,,,,1643434,13687
1786083227,661026967,,,,,5,-1496.6895751953125,1031.529541015625,-791.2364501953125,0.002683575265109539,-0.08106235414743423,-0.08031173795461655,0.9934644103050232,1,1643434,13687
1786083227,669154550,1,-1595.7493896484375,569.2435913085938,-1140.537353515625,,,,,,,,,,1643435,13687
1786083227,669154550,,,,,5,-1496.685302734375,1031.4827880859375,-791.244140625,0.0036073948722332716,-0.08090610057115555,-0.08104315400123596,0.9934149980545044,1,1643435,13687
1786083227,678317525,1,-1593.8123779296875,570.1995849609375,-1140.113525390625,,,,,,,,,,1643436,13687
1786083227,678317525,,,,,5,-1496.618408203125,1031.493408203125,-791.2174682617188,0.0032549570314586163,-0.08105571568012238,-0.08065153658390045,0.9934357404708862,1,1643436,13687
1786083227,686042217,1,-1595.83056640625,569.4880981445312,-1140.6668701171875,,,,,,,,,,1643437,13687
1786083227,686042217,,,,,5,-1496.6361083984375,1031.4637451171875,-791.255615234375,0.00333665544167161,-0.08104307949542999,-0.08069442957639694,0.9934330582618713,1,1643437,13687
1786083227,693938781,1,-1595.34521484375,569.7993774414062,-1140.487060546875,,,,,,,,,,1643438,13687
1786083227,693938781,,,,,5,-1496.6468505859375,1031.4453125,-791.151611328125,0.0028172326274216175,-0.08102720230817795,-0.07967820763587952,0.9935179352760315,1,1643438,13687
1786083227,703098781,1,-1595.4188232421875,569.6512451171875,-1140.40625,,,,,,,,,,1643439,13687
1786083227,703098781,,,,,5,-1496.618408203125,1031.46484375,-791.2291870117188,0.0034407610073685646,-0.08106313645839691,-0.08115027099847794,0.9933938980102539,1,1643439,13687
1786083227,710847720,1,-1595.7689208984375,569.3894653320312,-1140.497802734375,,,,,,,,,,1643440,13687
1786083227,710847720,,,,,5,-1496.6004638671875,1031.4305419921875,-791.2166137695312,0.003114840015769005,-0.080998495221138,-0.07926522195339203,0.9935524463653564,1,1643440,13687
1786083227,718785709,1,-1595.21875,569.8779296875,-1140.319091796875,,,,,,,,,,1643441,13687
1786083227,718785709,,,,,5,-1496.6337890625,1031.479736328125,-791.1912841796875,0.0027394075877964497,-0.08111416548490524,-0.07917904853820801,0.9935508966445923,1,1643441,13687
1786083227,727778348,1,-1595.3389892578125,569.7765502929688,-1140.3226318359375,,,,,,,,,,1643442,13687
1786083227,727778348,,,,,5,-1496.6878662109375,1031.4464111328125,-791.2219848632812,0.003517105942592025,-0.08077496290206909,-0.08175943791866302,0.9933671951293945,1,1643442,13687
1786083227,735713713,1,-1595.250732421875,569.8020629882812,-1140.256591796875,,,,,,,,,,1643443,13687
1786083227,735713713,,,,,5,-1496.6688232421875,1031.46484375,-791.2098999023438,0.0033237223979085684,-0.08071117103099823,-0.07988628000020981,0.993525505065918,1,1643443,13687
1786083227,744701298,1,-1595.1556396484375,570.1881713867188,-1140.307373046875,,,,,,,,,,1643444,13687
1786083227,744701298,,,,,5,-1496.6556396484375,1031.4798583984375,-791.2096557617188,0.003249086905270815,-0.08095800876617432,-0.0811963751912117,0.9933993220329285,1,1643444,13687
1786083227,752749710,1,-1595.32666015625,569.8882446289062,-1140.0899658203125,,,,,,,,,,1643445,13687
1786083227,752749710,,,,,5,-1496.6199951171875,1031.4813232421875,-791.2294311523438,0.003420521505177021,-0.08121225237846375,-0.08101879060268402,0.9933925867080688,1,1643445,13687
1786083227,760927994,1,-1595.2943115234375,569.802734375,-1140.1046142578125,,,,,,,,,,1643446,13687
1786083227,760927994,,,,,5,-1496.6002197265625,1031.4110107421875,-791.2003784179688,0.0030082897283136845,-0.08093981444835663,-0.08026967197656631,0.993476927280426,1,1643446,13687
1786083227,769856016,1,-1595.69140625,569.5145263671875,-1140.20947265625,,,,,,,,,,1643447,13687
1786083227,769856016,,,,,5,-1496.6168212890625,1031.4808349609375,-791.2825317382812,0.0035239411517977715,-0.08098938316106796,-0.08071999251842499,0.9934347867965698,1,1643447,13687
1786083227,777893776,1,-1595.411376953125,569.9727172851562,-1140.03076171875,,,,,,,,,,1643448,13687
1786083227,777893776,,,,,5,-1496.635009765625,1031.419189453125,-791.1495971679688,0.002634254051372409,-0.08119317889213562,-0.07979149371385574,0.9934959411621094,1,1643448,13687
1786083227,785699462,1,-1595.605712890625,569.575927734375,-1140.056884765625,,,,,,,,,,1643449,13687
1786083227,785699462,,,,,5,-1496.6190185546875,1031.484619140625,-791.2609252929688,0.0036526306066662073,-0.08091168850660324,-0.08095552027225494,0.9934214353561401,1,1643449,13687
1786083227,794820436,1,-1595.8546142578125,569.7240600585938,-1140.003662109375,,,,,,,,,,1643450,13687
1786083227,794820436,,,,,5,-1496.6273193359375,1031.4368896484375,-791.1802978515625,0.0029572010971605778,-0.08124768733978271,-0.08075475692749023,0.9934125542640686,1,1643450,13687
1786083227,802965613,1,-1595.7257080078125,569.6371459960938,-1139.8428955078125,,,,,,,,,,1643451,13687
1786083227,802965613,,,,,5,-1496.670654296875,1031.460205078125,-791.1497802734375,0.0027986092027276754,-0.08124032616615295,-0.0804305225610733,0.9934399724006653,1,1643451,13687
1786083227,810595396,1,-1595.7442626953125,569.8419799804688,-1139.8382568359375,,,,,,,,,,1643452,13687
1786083227,810595396,,,,,5,-1496.658935546875,1031.47265625,-791.1583862304688,0.00288890628144145,-0.08121117204427719,-0.08104044198989868,0.9933925271034241,1,1643452,13687
1786083227,819625908,1,-1595.9578857421875,569.862548828125,-1139.8282470703125,,,,,,,,,,1643453,13687
1786083227,819625908,,,,,5,-1496.6580810546875,1031.4486083984375,-791.2401123046875,0.0033122547902166843,-0.08082842081785202,-0.08067283034324646,0.9934523701667786,1,1643453,13687
1786083227,827412209,1,-1595.90869140625,569.8818969726562,-1139.7879638671875,,,,,,,,,,1643454,13687
1786083227,827412209,,,,,5,-1496.6275634765625,1031.4906005859375,-791.2138671875,0.0029342593625187874,-0.08113288879394531,-0.0794927328824997,0.9935238361358643,1,1643454,13687
1786083227,836896665,1,-1595.667724609375,569.8912353515625,-1139.590576171875,,,,,,,,,,1643455,13687
1786083227,836896665,,,,,5,-1496.6556396484375,1031.4742431640625,-791.1870727539062,0.002962989266961813,-0.08126463741064072,-0.07991960644721985,0.9934787154197693,1,1643455,13687
1786083227,844596118,1,-1595.79052734375,569.9515380859375,-1139.53515625,,,,,,,,,,1643456,13687
1786083227,844596118,,,,,5,-1496.6722412109375,1031.4705810546875,-791.2299194335938,0.0029632030054926872,-0.0810634195804596,-0.07978709787130356,0.9935058355331421,1,1643456,13687
1786083227,852642963,1,-1595.994873046875,569.8076782226562,-1139.5272216796875,,,,,,,,,,1643457,13687
1786083227,852642963,,,,,5,-1496.6602783203125,1031.46240234375,-791.1630859375,0.0027211811393499374,-0.08120137453079224,-0.07940681278705597,0.9935258030891418,1,1643457,13687
1786083227,861455892,1,-1596.1494140625,569.9514770507812,-1139.460205078125,,,,,,,,,,1643458,13687
1786083227,861455892,,,,,5,-1496.62109375,1031.4656982421875,-791.2536010742188,0.003349086968228221,-0.08102083951234818,-0.08000819385051727,0.9934903383255005,1,1643458,13687
1786083227,868997771,1,-1596.158935546875,570.0061645507812,-1139.466064453125,,,,,,,,,,1643459,13687
1786083227,868997771,,,,,5,-1496.635986328125,1031.458251953125,-791.1925659179688,0.002741060685366392,-0.08087081462144852,-0.07988563179969788,0.9935142993927002,1,1643459,13687
1786083227,877371887,1,-1596.045166015625,570.0197143554688,-1139.26904296875,,,,,,,,,,1643460,13687
1786083227,877371887,,,,,5,-1496.634765625,1031.5047607421875,-791.235107421875,0.003076865803450346,-0.0810251459479332,-0.07996625453233719,0.9934942126274109,1,1643460,13687
1786083227,886445487,1,-1596.060791015625,570.1314697265625,-1139.2723388671875,,,,,,,,,,1643461,13687
1786083227,886445487,,,,,5,-1496.646728515625,1031.4608154296875,-791.2093505859375,0.0028532682918012142,-0.0810188576579094,-0.07958908379077911,0.9935256838798523,1,1643461,13687
1786083227,894324266,1,-1595.7613525390625,570.4352416992188,-1139.15771484375,,,,,,,,,,1643462,13687
1786083227,894324266,,,,,5,-1496.6427001953125,1031.4373779296875,-791.1796264648438,0.0028097345493733883,-0.08124176412820816,-0.07989168167114258,0.993483304977417,1,1643462,13687
1786083227,902388896,1,-1596.4342041015625,569.9323120117188,-1139.2711181640625,,,,,,,,,,1643463,13687
1786083227,902388896,,,,,5,-1496.6522216796875,1031.4234619140625,-791.1620483398438,0.00254943803884089,-0.08118685334920883,-0.07970113307237625,0.993503749370575,1,1643463,13687
1786083227,911231958,1,-1596.4337158203125,570.1497192382812,-1139.06103515625,,,,,,,,,,1643464,13687
1786083227,911231958,,,,,5,-1496.6412353515625,1031.4332275390625,-791.1672973632812,0.002763684606179595,-0.08131293207406998,-0.07974408566951752,0.9934894442558289,1,1643464,13687
1786083227,919309319,1,-1596.6234130859375,569.9633178710938,-1139.1126708984375,,,,,,,,,,1643465,13687
1786083227,919309319,,,,,5,-1496.621826171875,1031.4814453125,-791.2518920898438,0.003367241472005844,-0.08106092363595963,-0.08067899942398071,0.9934326410293579,1,1643465,13687
1786083227,927229235,1,-1596.5130615234375,570.2528076171875,-1138.992919921875,,,,,,,,,,1643466,13687
1786083227,927229235,,,,,5,-1496.6375732421875,1031.4862060546875,-791.1799926757812,0.002144389785826206,-0.08119514584541321,-0.0783231109380722,0.9936137199401855,1,1643466,13687
1786083227,936108155,1,-1596.6253662109375,570.0003051757812,-1138.903076171875,,,,,,,,,,1643467,13687
1786083227,936108155,,,,,5,-1496.5897216796875,1031.4468994140625,-791.2106323242188,0.0031443757470697165,-0.08123349398374557,-0.07985825091600418,0.993485689163208,1,1643467,13687
1786083227,944080051,1,-1596.7587890625,569.9763793945312,-1138.8572998046875,,,,,,,,,,1643468,13687
1786083227,944080051,,,,,5,-1496.6630859375,1031.4652099609375,-791.1904296875,0.0028301021084189415,-0.08123168349266052,-0.08099385350942612,0.9933949112892151,1,1643468,13687
1786083227,953076688,1,-1596.970703125,569.9771118164062,-1138.7554931640625,,,,,,,,,,1643469,13687
1786083227,953076688,,,,,5,-1496.617431640625,1031.466552734375,-791.1861572265625,0.0029475409537553787,-0.08107849955558777,-0.0793391689658165,0.9935405254364014,1,1643469,13687
1786083227,961142246,1,-1597.31103515625,569.3618774414062,-1138.7393798828125,,,,,,,,,,1643470,13687
1786083227,961142246,,,,,5,-1496.6484375,1031.4730224609375,-791.2031860351562,0.002931659109890461,-0.08127223700284958,-0.07975194603204727,0.9934917092323303,1,1643470,13687
1786083227,969212698,1,-1597.5196533203125,569.4249267578125,-1138.6162109375,,,,,,,,,,1643471,13687
1786083227,969212698,,,,,5,-1496.6571044921875,1031.4444580078125,-791.2278442382812,0.00277860090136528,-0.081067755818367,-0.08004768192768097,0.9934850931167603,1,1643471,13687
1786083227,978176515,1,-1596.922607421875,570.3001708984375,-1138.3275146484375,,,,,,,,,,1643472,13687
1786083227,978176515,,,,,5,-1496.6563720703125,1031.5482177734375,-791.24609375,0.0030998990405350924,-0.08097492158412933,-0.08002225309610367,0.9934937953948975,1,1643472,13687
1786083227,986333526,1,-1597.3438720703125,569.6746215820312,-1138.36669921875,,,,,,,,,,1643473,13687
1786083227,986333526,,,,,5,-1496.660888671875,1031.4608154296875,-791.192138671875,0.002615228295326233,-0.08109070360660553,-0.07940515130758286,0.9935352206230164,1,1643473,13687
1786083227,994207955,1,-1597.1024169921875,568.2706298828125,-1137.630859375,,,,,,,,,,1643474,13687
1786083227,994207955,,,,,5,-1496.6600341796875,1031.4945068359375,-791.1875,0.002760494127869606,-0.08134300261735916,-0.07979485392570496,0.9934829473495483,1,1643474,13687
1786083228,3059975,1,-1597.5455322265625,569.6257934570312,-1138.205322265625,,,,,,,,,,1643475,13687
1786083228,3059975,,,,,5,-1496.6083984375,1031.4754638671875,-791.18701171875,0.002947139088064432,-0.0812150239944458,-0.0799555778503418,0.9934799671173096,1,1643475,13687
1786083228,10944233,1,-1597.5411376953125,569.6444702148438,-1137.9505615234375,,,,,,,,,,1643476,13687
1786083228,10944233,,,,,5,-1496.616455078125,1031.4285888671875,-791.23974609375,0.002879584673792124,-0.08112620562314987,-0.07937589287757874,0.9935338497161865,1,1643476,13687
1786083228,18924617,1,-1597.4107666015625,569.7278442382812,-1137.861083984375,,,,,,,,,,1643477,13687
1786083228,18924617,,,,,5,-1496.65625,1031.4677734375,-791.2592163085938,0.003247041953727603,-0.08134986460208893,-0.08088704943656921,0.9933925867080688,1,1643477,13687
1786083228,28182448,1,-1597.00048828125,568.9714965820312,-1136.9874267578125,,,,,,,,,,1643478,13687
1786083228,28182448,,,,,5,-1496.619384765625,1031.4671630859375,-791.2333374023438,0.0028149986173957586,-0.08098183572292328,-0.07917149364948273,0.9935622215270996,1,1643478,13687
1786083228,36175339,1,-1596.923095703125,569.0951538085938,-1136.7919921875,,,,,,,,,,1643479,13687
1786083228,36175339,,,,,5,-1496.6395263671875,1031.4671630859375,-791.169189453125,0.002745367819443345,-0.0812518298625946,-0.08069241046905518,0.9934179782867432,1,1643479,13687
1786083228,43851898,1,-1597.06494140625,568.715087890625,-1136.70361328125,,,,,,,,,,1643480,13687
1786083228,43851898,,,,,5,-1496.6322021484375,1031.514892578125,-791.2236328125,0.0030934966634958982,-0.08144959062337875,-0.08097359538078308,0.9933778047561646,1,1643480,13687
1786083228,52925254,1,-1596.9765625,568.958740234375,-1136.3397216796875,,,,,,,,,,1643481,13687
1786083228,52925254,,,,,5,-1496.642333984375,1031.456298828125,-791.192138671875,0.0027872577775269747,-0.08122336119413376,-0.07936856150627136,0.9935268759727478,1,1643481,13687
1786083228,60778421,1,-1597.1114501953125,569.0255126953125,-1136.2503662109375,,,,,,,,,,1643482,13687
1786083228,60778421,,,,,5,-1496.6458740234375,1031.44140625,-791.1597290039062,0.00260391877964139,-0.08095750957727432,-0.07945539057254791,0.9935420751571655,1,1643482,13687
1786083228,69930915,1,-1597.486328125,568.496337890625,-1136.00439453125,,,,,,,,,,1643483,13687
1786083228,69930915,,,,,5,-1496.6546630859375,1031.4896240234375,-791.208984375,0.0029248723294585943,-0.0810837373137474,-0.08018793165683746,0.9934720396995544,1,1643483,13687
1786083228,77867635,1,-1597.50439453125,568.71728515625,-1135.9154052734375,,,,,,,,,,1643484,13687
1786083228,77867635,,,,,5,-1496.614501953125,1031.4737548828125,-791.2059936523438,0.002864152891561389,-0.08120837062597275,-0.07944216579198837,0.9935219287872314,1,1643484,13687
1786083228,85770319,1,-1597.53515625,570.1378173828125,-1136.430908203125,,,,,,,,,,1643485,13687
1786083228,85770319,,,,,5,-1496.6539306640625,1031.46240234375,-791.2092895507812,0.002713949652388692,-0.08117642253637314,-0.08003917336463928,0.9934771060943604,1,1643485,13687
1786083228,94723399,1,-1597.3472900390625,570.2777709960938,-1136.095947265625,,,,,,,,,,1643486,13687
1786083228,94723399,,,,,5,-1496.6448974609375,1031.500732421875,-791.1936645507812,0.002917272038757801,-0.08142904937267303,-0.08008810877799988,0.9934518337249756,1,1643486,13687
1786083228,102764016,1,-1597.681640625,570.254150390625,-1136.026611328125,,,,,,,,,,1643487,13687
1786083228,102764016,,,,,5,-1496.6456298828125,1031.506591796875,-791.24072265625,0.002914820332080126,-0.08097377419471741,-0.07971090823411942,0.9935194849967957,1,1643487,13687
1786083228,110734867,1,-1597.7652587890625,570.2949829101562,-1135.8326416015625,,,,,,,,,,1643488,13687
1786083228,110734867,,,,,5,-1496.6385498046875,1031.4886474609375,-791.2388916015625,0.003449107054620981,-0.08081287890672684,-0.08026794344186783,0.9934859871864319,1,1643488,13687
1786083228,119777962,1,-1597.932861328125,570.3992919921875,-1135.68896484375,,,,,,,,,,1643489,13687
1786083228,119777962,,,,,5,-1496.6060791015625,1031.470703125,-791.2289428710938,0.003313811495900154,-0.08127335458993912,-0.08069402724504471,0.9934143424034119,1,1643489,13687
1786083228,127902740,1,-1597.790771484375,570.8658447265625,-1135.734375,,,,,,,,,,1643490,13687
1786083228,127902740,,,,,5,-1496.6419677734375,1031.4561767578125,-791.2206420898438,0.003470547730103135,-0.08087921142578125,-0.08090147376060486,0.9934292435646057,1,1643490,13687
1786083228,135688187,1,-1597.9383544921875,571.0471801757812,-1135.5682373046875,,,,,,,,,,1643491,13687
1786083228,135688187,,,,,5,-1496.7071533203125,1031.4661865234375,-791.21435546875,0.0024987966753542423,-0.0809415653347969,-0.07927243411540985,0.9935582876205444,1,1643491,13687
1786083228,145144761,1,-1598.2945556640625,570.6658325195312,-1135.4344482421875,,,,,,,,,,1643492,13687
1786083228,145144761,,,,,5,-1496.6802978515625,1031.4549560546875,-791.1817016601562,0.0029482750687748194,-0.08112096041440964,-0.08077701181173325,0.993421196937561,1,1643492,13687
1786083228,152876021,1,-1598.1134033203125,571.1044921875,-1135.328125,,,,,,,,,,1643493,13687
1786083228,152876021,,,,,5,-1496.6556396484375,1031.4510498046875,-791.212646484375,0.003122883616015315,-0.08100994676351547,-0.0813637226819992,0.9933818578720093,1,1643493,13687
1786083228,160579418,1,-1597.95361328125,571.438232421875,-1135.1441650390625,,,,,,,,,,1643494,13687
1786083228,160579418,,,,,5,-1496.6541748046875,1031.4832763671875,-791.1891479492188,0.0028682968113571405,-0.08124655485153198,-0.07983903586864471,0.9934870004653931,1,1643494,13687
1786083228,169624369,1,-1597.38623046875,570.9412841796875,-1134.6395263671875,,,,,,,,,,1643495,13687
1786083228,169624369,,,,,5,-1496.633544921875,1031.4593505859375,-791.1932373046875,0.0028979089111089706,-0.08096060156822205,-0.08092745393514633,0.9934222102165222,1,1643495,13687
1786083228,177609870,1,-1598.1793212890625,571.3692626953125,-1134.9488525390625,,,,,,,,,,1643496,13687
1786083228,177609870,,,,,5,-1496.626953125,1031.4368896484375,-791.2348022460938,0.003238561563193798,-0.08087093383073807,-0.07961118966341019,0.9935348033905029,1,1643496,13687
1786083228,186211336,1,-1598.033935546875,571.4561157226562,-1134.903076171875,,,,,,,,,,1643497,13687
1786083228,186211336,,,,,5,-1496.6888427734375,1031.481689453125,-791.18603515625,0.002726917853578925,-0.0809452161192894,-0.08018863201141357,0.99348384141922,1,1643497,13687
1786083228,194609741,1,-1598.215087890625,571.294921875,-1134.8214111328125,,,,,,,,,,1643498,13687
1786083228,194609741,,,,,5,-1496.60693359375,1031.4332275390625,-791.2069091796875,0.0031723803840577602,-0.08109155297279358,-0.07940565794706345,0.9935334920883179,1,1643498,13687
1786083228,202539359,1,-1598.559326171875,571.734375,-1134.7264404296875,,,,,,,,,,1643499,13687
1786083228,202539359,,,,,5,-1496.6165771484375,1031.4459228515625,-791.2339477539062,0.0032463648822158575,-0.08122742921113968,-0.0800202265381813,0.9934727549552917,1,1643499,13687
1786083228,211321078,1,-1598.702392578125,571.035400390625,-1134.6260986328125,,,,,,,,,,1643500,13687
1786083228,211321078,,,,,5,-1496.610107421875,1031.4437255859375,-791.1989135742188,0.003018286544829607,-0.08119556307792664,-0.07943625748157501,0.9935230612754822,1,1643500,13687
1786083228,219424456,1,-1598.677978515625,571.8941040039062,-1134.5836181640625,,,,,,,,,,1643501,13687
1786083228,219424456,,,,,5,-1496.6214599609375,1031.4569091796875,-791.2467041015625,0.003141053719446063,-0.08118435740470886,-0.07978545874357224,0.9934955835342407,1,1643501,13687
1786083228,227427039,1,-1598.3944091796875,571.5501098632812,-1134.4024658203125,,,,,,,,,,1643502,13687
1786083228,227427039,,,,,5,-1496.6405029296875,1031.48974609375,-791.2411499023438,0.0029861622024327517,-0.08097811043262482,-0.08026273548603058,0.9934744238853455,1,1643502,13687
1786083228,236452573,1,-1598.948486328125,571.5171508789062,-1134.498046875,,,,,,,,,,1643503,13687
1786083228,236452573,,,,,5,-1496.6439208984375,1031.4500732421875,-791.232421875,0.0033934717066586018,-0.08081231266260147,-0.08087670803070068,0.9934368133544922,1,1643503,13687
1786083228,244293136,1,-1598.8233642578125,571.6760864257812,-1134.2864990234375,,,,,,,,,,1643504,13687
1786083228,244293136,,,,,5,-1496.6260986328125,1031.4552001953125,-791.2597045898438,0.003467158880084753,-0.0808006003499031,-0.08050673454999924,0.9934676289558411,1,1643504,13687
1786083228,252302756,1,-1598.5133056640625,572.4618530273438,-1134.1181640625,,,,,,,,,,1643505,13687
1786083228,252302756,,,,,5,-1496.6429443359375,1031.4764404296875,-791.2398681640625,0.0029014109168201685,-0.08105356991291046,-0.0792861059308052,0.9935469031333923,1,1643505,13687
1786083228,261307593,1,-1599.033447265625,572.1189575195312,-1134.1005859375,,,,,,,,,,1643506,13687
1786083228,261307593,,,,,5,-1496.611328125,1031.4244384765625,-791.2123413085938,0.0032250003423541784,-0.08119625598192215,-0.08147270977497101,0.9933573603630066,1,1643506,13687
1786083228,269290344,1,-1598.805419921875,572.1893920898438,-1133.84375,,,,,,,,,,1643507,13687
1786083228,269290344,,,,,5,-1496.6678466796875,1031.4935302734375,-791.2357788085938,0.003158287378028035,-0.08112622797489166,-0.07986511290073395,0.993493914604187,1,1643507,13687
1786083228,277320309,1,-1598.6260986328125,572.1796264648438,-1133.513916015625,,,,,,,,,,1643508,13687
1786083228,277320309,,,,,5,-1496.6619873046875,1031.4598388671875,-791.205322265625,0.002753348322585225,-0.08125963062047958,-0.08061174303293228,0.9934238791465759,1,1643508,13687
1786083228,286356079,1,-1598.6912841796875,572.10107421875,-1133.6258544921875,,,,,,,,,,1643509,13687
1786083228,286356079,,,,,5,-1496.6082763671875,1031.4171142578125,-791.2057495117188,0.0031625854317098856,-0.08113886415958405,-0.0798349678516388,0.9934951663017273,1,1643509,13687
1786083228,294370593,1,-1598.3067626953125,572.8624877929688,-1133.3992919921875,,,,,,,,,,1643510,13687
1786083228,294370593,,,,,5,-1496.6695556640625,1031.4923095703125,-791.2164306640625,0.003185903187841177,-0.08069159835577011,-0.0799885019659996,0.9935191869735718,1,1643510,13687
1786083228,303172785,1,-1598.72998046875,572.3240966796875,-1133.269287109375,,,,,,,,,,1643511,13687
1786083228,303172785,,,,,5,-1496.64697265625,1031.4984130859375,-791.1925048828125,0.002839375054463744,-0.0813271626830101,-0.07951495051383972,0.9935064911842346,1,1643511,13687
1786083228,311349384,1,-1598.6427001953125,572.35498046875,-1133.2711181640625,,,,,,,,,,1643512,13687
1786083228,311349384,,,,,5,-1496.65185546875,1031.4971923828125,-791.19287109375,0.00298725301399827,-0.08124673366546631,-0.07970373332500458,0.9934975504875183,1,1643512,13687
1786083228,319586313,1,-1598.45849609375,572.98388671875,-1133.036376953125,,,,,,,,,,1643513,13687
1786083228,319586313,,,,,5,-1496.59814453125,1031.413818359375,-791.21435546875,0.0032304376363754272,-0.08124354481697083,-0.0810563862323761,0.9933875799179077,1,1643513,13687
1786083228,328065520,1,-1598.086181640625,573.2022094726562,-1132.7596435546875,,,,,,,,,,1643514,13687
1786083228,328065520,,,,,5,-1496.611328125,1031.462158203125,-791.244140625,0.0035504275001585484,-0.08078525960445404,-0.08024198561906815,0.9934900403022766,1,1643514,13687
1786083228,337325367,1,-1598.44580078125,573.0967407226562,-1132.9044189453125,,,,,,,,,,1643515,13687
1786083228,337325367,,,,,5,-1496.6031494140625,1031.4832763671875,-791.214599609375,0.002974196569994092,-0.08124902099370956,-0.07956711947917938,0.9935082793235779,1,1643515,13687
1786083228,343930258,1,-1598.537109375,572.8729858398438,-1132.771728515625,,,,,,,,,,1643516,13687
1786083228,343930258,,,,,5,-1496.6307373046875,1031.475341796875,-791.2250366210938,0.003225622931495309,-0.08097527176141739,-0.08053988218307495,0.9934515357017517,1,1643516,13687
1786083228,352951729,1,-1598.5323486328125,572.6126098632812,-1132.6837158203125,,,,,,,,,,1643517,13687
1786083228,352951729,,,,,5,-1496.6492919921875,1031.451904296875,-791.2315673828125,0.003576945746317506,-0.08097462356090546,-0.08098181337118149,0.9934145212173462,1,1643517,13687
1786083228,360912279,1,-1598.6734619140625,572.9796752929688,-1132.6475830078125,,,,,,,,,,1643518,13687
1786083228,360912279,,,,,5,-1496.6639404296875,1031.585205078125,-791.2528686523438,0.0027669831179082394,-0.0807599350810051,-0.07867836207151413,0.9936195611953735,1,1643518,13687
1786083228,369233209,1,-1597.951416015625,573.467041015625,-1132.333984375,,,,,,,,,,1643519,13687
1786083228,369233209,,,,,5,-1496.6610107421875,1031.4180908203125,-791.2037963867188,0.0030657753814011812,-0.08095803111791611,-0.08059393614530563,0.9934489727020264,1,1643519,13687
1786083228,378185777,1,-1598.46240234375,573.2150268554688,-1132.5250244140625,,,,,,,,,,1643520,13687
1786083228,378185777,,,,,5,-1496.6849365234375,1031.4583740234375,-791.1923217773438,0.0028070558328181505,-0.08097297698259354,-0.07996953278779984,0.9934989809989929,1,1643520,13687
1786083228,386038912,1,-1598.362060546875,573.1744995117188,-1132.37451171875,,,,,,,,,,1643521,13687
1786083228,386038912,,,,,5,-1496.6610107421875,1031.5045166015625,-791.2567749023438,0.0029007147531956434,-0.08086593449115753,-0.07887721806764603,0.9935949444770813,1,1643521,13687
1786083228,393766780,1,-1598.5797119140625,573.0228271484375,-1132.395751953125,,,,,,,,,,1643522,13687
1786083228,393766780,,,,,5,-1496.6873779296875,1031.4573974609375,-791.1640625,0.0025898611638695,-0.08125688135623932,-0.0799642950296402,0.9934768676757812,1,1643522,13687
1786083228,402258974,1,-1598.614013671875,573.1328735351562,-1132.3275146484375,,,,,,,,,,1643523,13687
1786083228,402258974,,,,,5,-1496.6639404296875,1031.458984375,-791.1610717773438,0.0026494432240724564,-0.08106861263513565,-0.08025100082159042,0.9934690594673157,1,1643523,13687
1786083228,410959828,1,-1598.4527587890625,573.51416015625,-1132.373046875,,,,,,,,,,1643524,13687
1786083228,410959828,,,,,5,-1496.7037353515625,1031.5152587890625,-791.2638549804688,0.003737952094525099,-0.08073973655700684,-0.08033545315265656,0.9934854507446289,1,1643524,13687
1786083228,418684625,1,-1598.79541015625,572.8900146484375,-1132.3023681640625,,,,,,,,,,1643525,13687
1786083228,418684625,,,,,5,-1496.669189453125,1031.476806640625,-791.1464233398438,0.002589111216366291,-0.08108215034008026,-0.08033795654773712,0.993461012840271,1,1643525,13687
1786083228,427788082,1,-1598.81103515625,572.985595703125,-1132.2896728515625,,,,,,,,,,1643526,13688
1786083228,427788082,,,,,5,-1496.6943359375,1031.4508056640625,-791.19677734375,0.0032462708186358213,-0.08074238151311874,-0.08091991394758224,0.9934394955635071,1,1643526,13688
1786083228,435762036,1,-1598.9923095703125,572.9442749023438,-1132.2867431640625,,,,,,,,,,1643527,13688
1786083228,435762036,,,,,5,-1496.6767578125,1031.4598388671875,-791.2236328125,0.0030634175054728985,-0.08099726587533951,-0.08132392168045044,0.9933863282203674,1,1643527,13688
1786083228,444646949,1,-1598.8912353515625,572.6940307617188,-1132.19873046875,,,,,,,,,,1643528,13688
1786083228,444646949,,,,,5,-1496.6297607421875,1031.48486328125,-791.2088012695312,0.002755319932475686,-0.08129246532917023,-0.07968404144048691,0.9934960603713989,1,1643528,13688
1786083228,452782667,1,-1598.9002685546875,572.8041381835938,-1132.2789306640625,,,,,,,,,,1643529,13688
1786083228,452782667,,,,,5,-1496.655517578125,1031.5074462890625,-791.2130737304688,0.0029324255883693695,-0.08146991580724716,-0.08045672625303268,0.9934187531471252,1,1643529,13688
1786083228,460604037,1,-1598.9285888671875,573.0928344726562,-1132.1536865234375,,,,,,,,,,1643530,13688
1786083228,460604037,,,,,5,-1496.647705078125,1031.43310546875,-791.1283569335938,0.0023186681792140007,-0.08118012547492981,-0.07918176054954529,0.9935464859008789,1,1643530,13688
1786083228,470131178,1,-1598.844970703125,571.4970703125,-1131.4400634765625,,,,,,,,,,1643531,13688
1786083228,470131178,,,,,5,-1496.6219482421875,1031.4683837890625,-791.1990966796875,0.003150435397401452,-0.08116286993026733,-0.08000094443559647,0.9934799671173096,1,1643531,13688
1786083228,477585547,1,-1599.178955078125,572.95458984375,-1132.197265625,,,,,,,,,,1643532,13688
1786083228,477585547,,,,,5,-1496.6519775390625,1031.4666748046875,-791.2296142578125,0.003048656275495887,-0.08095783740282059,-0.0806911438703537,0.9934412240982056,1,1643532,13688
1786083228,485546194,1,-1599.158935546875,573.0316772460938,-1132.1492919921875,,,,,,,,,,1643533,13688
1786083228,485546194,,,,,5,-1496.6484375,1031.4425048828125,-791.2062377929688,0.0031609353609383106,-0.08071192353963852,-0.07985734939575195,0.9935282468795776,1,1643533,13688
1786083228,494798875,1,-1598.844970703125,572.9216918945312,-1132.0634765625,,,,,,,,,,1643534,13688
1786083228,494798875,,,,,5,-1496.652587890625,1031.4581298828125,-791.1555786132812,0.0027359456289559603,-0.08118753880262375,-0.08003145456314087,0.9934767484664917,1,1643534,13688
1786083228,502638574,1,-1599.1431884765625,572.9185791015625,-1132.06201171875,,,,,,,,,,1643535,13688
1786083228,502638574,,,,,5,-1496.66015625,1031.514892578125,-791.2279663085938,0.0030665467493236065,-0.08095144480466843,-0.08006817102432251,0.993492066860199,1,1643535,13688
1786083228,510480865,1,-1599.2191162109375,571.5736083984375,-1131.6868896484375,,,,,,,,,,1643536,13688
1786083228,510480865,,,,,5,-1496.636962890625,1031.4571533203125,-791.1912841796875,0.002681479789316654,-0.08126501739025116,-0.07910474389791489,0.9935447573661804,1,1643536,13688
1786083228,519470923,1,-1598.9239501953125,571.9309692382812,-1131.5367431640625,,,,,,,,,,1643537,13688
1786083228,519470923,,,,,5,-1496.646484375,1031.4451904296875,-791.1647338867188,0.0025195435155183077,-0.0812387764453888,-0.07986996322870255,0.9934860467910767,1,1643537,13688
1786083228,527540234,1,-1599.443115234375,572.760498046875,-1132.3023681640625,,,,,,,,,,1643538,13688
1786083228,527540234,,,,,5,-1496.6614990234375,1031.4486083984375,-791.1511840820312,0.0025250751059502363,-0.08118419349193573,-0.0797666385769844,0.9934989213943481,1,1643538,13688
1786083228,535404564,1,-1599.456298828125,572.947509765625,-1132.2376708984375,,,,,,,,,,1643539,13688
1786083228,535404564,,,,,5,-1496.6416015625,1031.4866943359375,-791.1902465820312,0.0028591963928192854,-0.08111386746168137,-0.07917127758264542,0.9935513138771057,1,1643539,13688
1786083228,544362250,1,-1599.226806640625,573.0623168945312,-1132.1854248046875,,,,,,,,,,1643540,13688
1786083228,544362250,,,,,5,-1496.6512451171875,1031.405517578125,-791.1550903320312,0.0028175876941531897,-0.08110444247722626,-0.07908584177494049,0.9935590028762817,1,1643540,13688
1786083228,552420461,1,-1599.1546630859375,573.0714721679688,-1132.1480712890625,,,,,,,,,,1643541,13688
1786083228,552420461,,,,,5,-1496.65478515625,1031.47021484375,-791.2225341796875,0.0031259246170520782,-0.0811215415596962,-0.07937559485435486,0.9935335516929626,1,1643541,13688
1786083228,561355692,1,-1599.2227783203125,571.6215209960938,-1131.659423828125,,,,,,,,,,1643542,13688
1786083228,561355692,,,,,5,-1496.689697265625,1031.497314453125,-791.2113647460938,0.0030246670357882977,-0.08086074888706207,-0.07974544167518616,0.9935256242752075,1,1643542,13688
1786083228,569247628,1,-1599.0396728515625,573.2059936523438,-1132.2020263671875,,,,,,,,,,1643543,13688
1786083228,569247628,,,,,5,-1496.6680908203125,1031.4652099609375,-791.2369995117188,0.0035357901360839605,-0.08089214563369751,-0.08103874325752258,0.9934166073799133,1,1643543,13688
1786083228,577337731,1,-1599.033447265625,573.2806396484375,-1132.197021484375,,,,,,,,,,1643544,13688
1786083228,577337731,,,,,5,-1496.662109375,1031.46630859375,-791.1683959960938,0.002666365820914507,-0.08121652901172638,-0.0802665501832962,0.9934555888175964,1,1643544,13688
1786083228,586218645,1,-1598.90625,573.1503295898438,-1132.1634521484375,,,,,,,,,,1643545,13688
1786083228,586218645,,,,,5,-1496.5904541015625,1031.4534912109375,-791.1993408203125,0.0030659991316497326,-0.08113054931163788,-0.08015350252389908,0.9934704899787903,1,1643545,13688
1786083228,594214479,1,-1599.0987548828125,573.3479614257812,-1132.22900390625,,,,,,,,,,1643546,13688
1786083228,594214479,,,,,5,-1496.6343994140625,1031.4598388671875,-791.220947265625,0.0033020046539604664,-0.08107362687587738,-0.07994084060192108,0.9934915900230408,1,1643546,13688
1786083228,602227362,1,-1599.424560546875,573.09619140625,-1132.488525390625,,,,,,,,,,1643547,13688
1786083228,602227362,,,,,5,-1496.703125,1031.4693603515625,-791.2052001953125,0.002671371214091778,-0.0810852199792862,-0.08058411628007889,0.993440568447113,1,1643547,13688
1786083228,611243459,1,-1599.2005615234375,573.0784912109375,-1132.3187255859375,,,,,,,,,,1643548,13688
1786083228,611243459,,,,,5,-1496.6507568359375,1031.4052734375,-791.1732177734375,0.0029466638807207346,-0.08110184222459793,-0.08047131448984146,0.9934475421905518,1,1643548,13688
1786083228,619392452,1,-1599.0982666015625,573.0823364257812,-1132.4171142578125,,,,,,,,,,1643549,13688
1786083228,619392452,,,,,5,-1496.6563720703125,1031.41845703125,-791.1713256835938,0.0024775383062660694,-0.08113432675600052,-0.08035040646791458,0.9934561252593994,1,1643549,13688
1786083228,627307004,1,-1599.205078125,572.8234252929688,-1132.3602294921875,,,,,,,,,,1643550,13688
1786083228,627307004,,,,,5,-1496.6448974609375,1031.4576416015625,-791.19287109375,0.002788148121908307,-0.0812361016869545,-0.08016873151063919,0.9934614896774292,1,1643550,13688
1786083228,636950198,1,-1599.2691650390625,572.8131103515625,-1132.48193359375,,,,,,,,,,1643551,13688
1786083228,636950198,,,,,5,-1496.6551513671875,1031.416259765625,-791.1458129882812,0.0026621369179338217,-0.08127561956644058,-0.08031374216079712,0.9934470057487488,1,1643551,13688
1786083228,644074673,1,-1598.9669189453125,573.1976318359375,-1132.3641357421875,,,,,,,,,,1643552,13688
1786083228,644074673,,,,,5,-1496.631591796875,1031.452880859375,-791.2297973632812,0.0032050423324108124,-0.08081624656915665,-0.08018806576728821,0.9934930205345154,1,1643552,13688
1786083228,653089682,1,-1599.2232666015625,572.9365234375,-1132.4879150390625,,,,,,,,,,1643553,13688
1786083228,653089682,,,,,5,-1496.6356201171875,1031.460205078125,-791.1511840820312,0.002576710656285286,-0.08124227076768875,-0.0796649381518364,0.9935021996498108,1,1643553,13688
1786083228,660878520,1,-1599.0384521484375,573.12060546875,-1132.5279541015625,,,,,,,,,,1643554,13688
1786083228,660878520,,,,,5,-1496.6500244140625,1031.4671630859375,-791.1896362304688,0.0028957428876310587,-0.08127344399690628,-0.08119422197341919,0.9933749437332153,1,1643554,13688
1786083228,668957491,1,-1598.66748046875,571.9769287109375,-1131.887451171875,,,,,,,,,,1643555,13688
1786083228,668957491,,,,,5,-1496.6180419921875,1031.4197998046875,-791.1703491210938,0.0030072906520217657,-0.08108947426080704,-0.08032243698835373,0.9934605360031128,1,1643555,13688
1786083228,677852641,1,-1598.691650390625,571.9835815429688,-1131.948974609375,,,,,,,,,,1643556,13688
1786083228,677852641,,,,,5,-1496.663330078125,1031.4393310546875,-791.200439453125,0.002705241087824106,-0.08117201924324036,-0.08018661290407181,0.9934655427932739,1,1643556,13688
1786083228,686285849,1,-1599.17919921875,571.3856811523438,-1131.92724609375,,,,,,,,,,1643557,13688
1786083228,686285849,,,,,5,-1496.6600341796875,1031.4403076171875,-791.1430053710938,0.0026353897992521524,-0.08124731481075287,-0.08020643889904022,0.9934579133987427,1,1643557,13688
1786083228,693837750,1,-1598.9498291015625,572.9117431640625,-1132.6094970703125,,,,,,,,,,1643558,13688
1786083228,693837750,,,,,5,-1496.6488037109375,1031.43212890625,-791.1859741210938,0.0028152535669505596,-0.08119367808103561,-0.07998387515544891,0.9934797883033752,1,1643558,13688
1786083228,702908291,1,-1598.7554931640625,573.2730102539062,-1132.5396728515625,,,,,,,,,,1643559,13688
1786083228,702908291,,,,,5,-1496.7239990234375,1031.5281982421875,-791.2449340820312,0.0026696701534092426,-0.08057847619056702,-0.07918621599674225,0.993594229221344,1,1643559,13688
1786083228,710991420,1,-1599.228515625,572.728271484375,-1132.672119140625,,,,,,,,,,1643560,13688
1786083228,710991420,,,,,5,-1496.65087890625,1031.4915771484375,-791.1965942382812,0.0024903069715946913,-0.08140239119529724,-0.07940398156642914,0.9935101270675659,1,1643560,13688
1786083228,719034245,1,-1599.23681640625,572.7890014648438,-1132.76123046875,,,,,,,,,,1643561,13688
1786083228,719034245,,,,,5,-1496.627197265625,1031.418701171875,-791.1864624023438,0.0032528629526495934,-0.08110169321298599,-0.0820121020078659,0.993320643901825,1,1643561,13688
1786083228,727755123,1,-1598.9019775390625,573.2365112304688,-1132.7757568359375,,,,,,,,,,1643562,13688
1786083228,727755123,,,,,5,-1496.644775390625,1031.4456787109375,-791.2156372070312,0.003442909335717559,-0.08082900941371918,-0.0817122682929039,0.9933669567108154,1,1643562,13688
1786083228,735880188,1,-1598.7542724609375,573.4385986328125,-1132.7098388671875,,,,,,,,,,1643563,13688
1786083228,735880188,,,,,5,-1496.6593017578125,1031.4285888671875,-791.1849365234375,0.0027190172113478184,-0.08101848512887955,-0.0796167179942131,0.9935239553451538,1,1643563,13688
1786083228,743790166,1,-1598.8895263671875,572.9027099609375,-1132.8519287109375,,,,,,,,,,1643564,13688
1786083228,743790166,,,,,5,-1496.6224365234375,1031.4388427734375,-791.2281494140625,0.003196279751136899,-0.08122000843286514,-0.0795975923538208,0.993507444858551,1,1643564,13688
1786083228,753016553,1,-1598.7132568359375,573.099853515625,-1132.6334228515625,,,,,,,,,,1643565,13688
1786083228,753016553,,,,,5,-1496.658447265625,1031.4254150390625,-791.1558837890625,0.0025120291393250227,-0.08129223436117172,-0.08026497066020966,0.9934499263763428,1,1643565,13688
1786083228,760597916,1,-1598.5277099609375,573.1945190429688,-1132.8348388671875,,,,,,,,,,1643566,13688
1786083228,760597916,,,,,5,-1496.637939453125,1031.4906005859375,-791.1688842773438,0.0030164546333253384,-0.08102361112833023,-0.07976711541414261,0.9935104846954346,1,1643566,13688
1786083228,769562672,1,-1598.69189453125,573.6511840820312,-1132.8712158203125,,,,,,,,,,1643567,13688
1786083228,769562672,,,,,5,-1496.6177978515625,1031.3837890625,-791.1764526367188,0.0029403436928987503,-0.08084333688020706,-0.08035992830991745,0.9934777617454529,1,1643567,13688
1786083228,777528500,1,-1598.501708984375,573.6304321289062,-1132.7196044921875,,,,,,,,,,1643568,13688
1786083228,777528500,,,,,5,-1496.6630859375,1031.4254150390625,-791.156494140625,0.0024706278927624226,-0.0808793380856514,-0.07945040613412857,0.9935491681098938,1,1643568,13688
1786083228,785811716,1,-1598.986328125,573.6972045898438,-1133.09619140625,,,,,,,,,,1643569,13688
1786083228,785811716,,,,,5,-1496.6927490234375,1031.4693603515625,-791.1874389648438,0.002751911524683237,-0.081551194190979,-0.08102988451719284,0.9933659434318542,1,1643569,13688
1786083228,794979309,1,-1598.1591796875,573.85302734375,-1132.7540283203125,,,,,,,,,,1643570,13688
1786083228,794979309,,,,,5,-1496.662109375,1031.453369140625,-791.158935546875,0.00267123244702816,-0.08117949217557907,-0.08068589121103287,0.993424654006958,1,1643570,13688
1786083228,802638755,1,-1598.693359375,573.5348510742188,-1132.9097900390625,,,,,,,,,,1643571,13688
1786083228,802638755,,,,,5,-1496.65185546875,1031.4542236328125,-791.1566772460938,0.002871344331651926,-0.08125626295804977,-0.08117860555648804,0.9933777451515198,1,1643571,13688
1786083228,810617315,1,-1598.67626953125,573.4721069335938,-1132.8773193359375,,,,,,,,,,1643572,13688
1786083228,810617315,,,,,5,-1496.6488037109375,1031.4315185546875,-791.1552124023438,0.0030509091448038816,-0.08109556138515472,-0.0811758041381836,0.9933905005455017,1,1643572,13688
1786083228,819552641,1,-1598.2388916015625,573.8804931640625,-1132.723388671875,,,,,,,,,,1643573,13688
1786083228,819552641,,,,,5,-1496.64453125,1031.45703125,-791.1991577148438,0.0033451146446168423,-0.08085768669843674,-0.08139640092849731,0.9933909177780151,1,1643573,13688
1786083228,827345702,1,-1598.8304443359375,573.9700927734375,-1133.0660400390625,,,,,,,,,,1643574,13688
1786083228,827345702,,,,,5,-1496.6962890625,1031.4794921875,-791.1990356445312,0.002809893572703004,-0.08077151328325272,-0.08002592623233795,0.993510901927948,1,1643574,13688
1786083228,835367222,1,-1598.81201171875,574.0313110351562,-1132.8916015625,,,,,,,,,,1643575,13688
1786083228,835367222,,,,,5,-1496.6162109375,1031.4456787109375,-791.2198486328125,0.003200639970600605,-0.08114393800497055,-0.0803627297282219,0.9934521317481995,1,1643575,13688
1786083228,844478388,1,-1598.888916015625,574.0278930664062,-1132.8428955078125,,,,,,,,,,1643576,13688
1786083228,844478388,,,,,5,-1496.6546630859375,1031.4239501953125,-791.2102661132812,0.0030451049096882343,-0.0809401348233223,-0.08048412203788757,0.9934594035148621,1,1643576,13688
1786083228,852365238,1,-1599.052001953125,573.9885864257812,-1132.9228515625,,,,,,,,,,1643577,13688
1786083228,852365238,,,,,5,-1496.6219482421875,1031.4188232421875,-791.2146606445312,0.002898669568821788,-0.08115281164646149,-0.07961980998516083,0.9935122132301331,1,1643577,13688
1786083228,861413867,1,-1598.250244140625,573.9444580078125,-1132.68310546875,,,,,,,,,,1643578,13688
1786083228,861413867,,,,,5,-1496.6507568359375,1031.4207763671875,-791.2081909179688,0.003198172664269805,-0.08081294596195221,-0.08069538325071335,0.9934521317481995,1,1643578,13688
1786083228,869408868,1,-1598.1300048828125,574.6361083984375,-1132.397216796875,,,,,,,,,,1643579,13688
1786083228,869408868,,,,,5,-1496.6673583984375,1031.446533203125,-791.1884155273438,0.0026390908751636744,-0.08069565892219543,-0.0798180028796196,0.9935342669487,1,1643579,13688
1786083228,877317790,1,-1598.760498046875,574.16650390625,-1132.66845703125,,,,,,,,,,1643580,13688
1786083228,877317790,,,,,5,-1496.634765625,1031.4971923828125,-791.26123046875,0.0028754398226737976,-0.08080033957958221,-0.07981620728969574,0.9935251474380493,1,1643580,13688
1786083228,886742152,1,-1598.98828125,574.0206909179688,-1132.6025390625,,,,,,,,,,1643581,13688
1786083228,886742152,,,,,5,-1496.641845703125,1031.409912109375,-791.1585083007812,0.0022942570503801107,-0.08112314343452454,-0.078770712018013,0.9935838580131531,1,1643581,13688
1786083228,894094799,1,-1598.7642822265625,574.4478759765625,-1132.44384765625,,,,,,,,,,1643582,13688
1786083228,894094799,,,,,5,-1496.6229248046875,1031.445068359375,-791.1503295898438,0.002651994116604328,-0.08114819973707199,-0.08009089529514313,0.9934752583503723,1,1643582,13688
1786083228,902157456,1,-1598.970703125,574.1758422851562,-1132.728515625,,,,,,,,,,1643583,13688
1786083228,902157456,,,,,5,-1496.6329345703125,1031.4071044921875,-791.1865234375,0.003107422264292836,-0.08073429763317108,-0.08043254911899567,0.9934800863265991,1,1643583,13688
1786083228,911099597,1,-1598.593017578125,574.2079467773438,-1132.5076904296875,,,,,,,,,,1643584,13688
1786083228,911099597,,,,,5,-1496.680908203125,1031.4888916015625,-791.2179565429688,0.003291527973487973,-0.08096829801797867,-0.0817486047744751,0.9933531284332275,1,1643584,13688
1786083228,919157679,1,-1599.0020751953125,574.4088745117188,-1132.6805419921875,,,,,,,,,,1643585,13688
1786083228,919157679,,,,,5,-1496.66015625,1031.415771484375,-791.1566772460938,0.002920461818575859,-0.08097280561923981,-0.07973366975784302,0.9935176372528076,1,1643585,13688
1786083228,927257986,1,-1599.1357421875,574.4629516601562,-1132.5916748046875,,,,,,,,,,1643586,13688
1786083228,927257986,,,,,5,-1496.6669921875,1031.519775390625,-791.2289428710938,0.003041221760213375,-0.08089637756347656,-0.0797722190618515,0.9935204982757568,1,1643586,13688
1786083228,935495267,1,-1599.4932861328125,574.1491088867188,-1132.5589599609375,,,,,,,,,,1643587,13688
1786083228,935495267,,,,,5,-1496.6561279296875,1031.498291015625,-791.2313842773438,0.0028282843995839357,-0.08108939230442047,-0.08012431114912033,0.9934770464897156,1,1643587,13688
1786083228,944178175,1,-1599.369140625,574.26123046875,-1132.468505859375,,,,,,,,,,1643588,13688
1786083228,944178175,,,,,5,-1496.6307373046875,1031.4619140625,-791.1972045898438,0.0029765998478978872,-0.08072245866060257,-0.07904387265443802,0.9935930371284485,1,1643588,13688
1786083228,953400372,1,-1599.2149658203125,574.5636596679688,-1132.3946533203125,,,,,,,,,,1643589,13688
1786083228,953400372,,,,,5,-1496.6627197265625,1031.4576416015625,-791.15185546875,0.002676363568753004,-0.08129789680242538,-0.0805465504527092,0.9934262633323669,1,1643589,13688
1786083228,960993826,1,-1599.199462890625,574.61865234375,-1132.3277587890625,,,,,,,,,,1643590,13688
1786083228,960993826,,,,,5,-1496.655517578125,1031.4566650390625,-791.2169799804688,0.003390995319932699,-0.08082486689090729,-0.08137954771518707,0.9933948516845703,1,1643590,13688
1786083228,969026318,1,-1599.4053955078125,574.4307861328125,-1132.460205078125,,,,,,,,,,1643591,13688
1786083228,969026318,,,,,5,-1496.6611328125,1031.453857421875,-791.1891479492188,0.0027065181639045477,-0.08090948313474655,-0.07972954958677292,0.9935237765312195,1,1643591,13688
1786083228,978157252,1,-1599.617431640625,574.4269409179688,-1132.236328125,,,,,,,,,,1643592,13688
1786083228,978157252,,,,,5,-1496.642333984375,1031.4281005859375,-791.2066650390625,0.0029326335061341524,-0.08080481737852097,-0.08015267550945282,0.9934975504875183,1,1643592,13688
1786083228,986173175,1,-1599.388671875,574.4368896484375,-1132.3282470703125,,,,,,,,,,1643593,13688
1786083228,986173175,,,,,5,-1496.6181640625,1031.4566650390625,-791.2011108398438,0.0031065300572663546,-0.0807884931564331,-0.07969599962234497,0.9935351610183716,1,1643593,13688
1786083228,994137724,1,-1599.701904296875,574.5409545898438,-1132.349853515625,,,,,,,,,,1643594,13688
1786083228,994137724,,,,,5,-1496.6522216796875,1031.4921875,-791.2254638671875,0.0032821304630488157,-0.08107482641935349,-0.0809166207909584,0.9934124946594238,1,1643594,13688
1786083229,2951049,1,-1601.272216796875,574.0553588867188,-1133.457275390625,,,,,,,,,,1643595,13688
1786083229,2951049,,,,,5,-1496.6424560546875,1031.494384765625,-791.2205810546875,0.002918462036177516,-0.08085118979215622,-0.07987837493419647,0.9935159087181091,1,1643595,13688
1786083229,10743575,1,-1599.926513671875,574.2762451171875,-1132.328369140625,,,,,,,,,,1643596,13688
1786083229,10743575,,,,,5,-1496.6287841796875,1031.4124755859375,-791.2150268554688,0.003123748581856489,-0.0807841420173645,-0.08025826513767242,0.9934901595115662,1,1643596,13688
1786083229,19208398,1,-1599.4764404296875,574.6174926757812,-1132.1165771484375,,,,,,,,,,1643597,13688
1786083229,19208398,,,,,5,-1496.7166748046875,1031.4873046875,-791.1683959960938,0.002695392817258835,-0.0808238759636879,-0.08029551059007645,0.993485152721405,1,1643597,13688
1786083229,27821679,1,-1601.5341796875,574.162841796875,-1133.3861083984375,,,,,,,,,,1643598,13688
1786083229,27821679,,,,,5,-1496.6004638671875,1031.4007568359375,-791.1979370117188,0.0030505480244755745,-0.08108522742986679,-0.07929012179374695,0.9935435652732849,1,1643598,13688
1786083229,35797754,1,-1601.6851806640625,573.6637573242188,-1133.42236328125,,,,,,,,,,1643599,13688
1786083229,35797754,,,,,5,-1496.6622314453125,1031.4940185546875,-791.197509765625,0.0028274322394281626,-0.08087799698114395,-0.07879453897476196,0.993600606918335,1,1643599,13688
1786083229,43772869,1,-1601.995849609375,573.7225952148438,-1133.3616943359375,,,,,,,,,,1643600,13688
1786083229,43772869,,,,,5,-1496.6741943359375,1031.5086669921875,-791.2064819335938,0.0028309798799455166,-0.08097250759601593,-0.07927513867616653,0.9935545921325684,1,1643600,13688
1786083229,52650692,1,-1599.5499267578125,574.7003784179688,-1131.87255859375,,,,,,,,,,1643601,13688
1786083229,52650692,,,,,5,-1496.6600341796875,1031.4647216796875,-791.2040405273438,0.002922840416431427,-0.08077730983495712,-0.07948702573776245,0.9935534000396729,1,1643601,13688
1786083229,60622896,1,-1601.5986328125,574.1297607421875,-1133.0025634765625,,,,,,,,,,1643602,13688
1786083229,60622896,,,,,5,-1496.670166015625,1031.4613037109375,-791.1787719726562,0.002797775436192751,-0.08093933761119843,-0.07997376471757889,0.9935015439987183,1,1643602,13688
1786083229,68524982,1,-1601.7618408203125,574.1729125976562,-1133.0228271484375,,,,,,,,,,1643603,13688
1786083229,68524982,,,,,5,-1496.624267578125,1031.442626953125,-791.1658935546875,0.002465329598635435,-0.08103392273187637,-0.07999253273010254,0.9934930801391602,1,1643603,13688
1786083229,77649499,1,-1599.53076171875,573.3936767578125,-1130.9888916015625,,,,,,,,,,1643604,13688
1786083229,77649499,,,,,5,-1496.6556396484375,1031.4674072265625,-791.2059936523438,0.0022714554797858,-0.0809846892952919,-0.07836470007896423,0.9936272501945496,1,1643604,13688
1786083229,85381951,1,-1601.9495849609375,573.5843505859375,-1132.8228759765625,,,,,,,,,,1643605,13688
1786083229,85381951,,,,,5,-1496.6451416015625,1031.4637451171875,-791.1831665039062,0.00277581624686718,-0.08123448491096497,-0.08093642443418503,0.9933995008468628,1,1643605,13688
1786083229,94521630,1,-1600.080078125,574.7252807617188,-1131.21875,,,,,,,,,,1643606,13688
1786083229,94521630,,,,,5,-1496.6361083984375,1031.4710693359375,-791.2027587890625,0.0029567917808890343,-0.08092542737722397,-0.0793374627828598,0.9935530424118042,1,1643606,13688
1786083229,102666315,1,-1600.1409912109375,574.6734008789062,-1131.173583984375,,,,,,,,,,1643607,13688
1786083229,102666315,,,,,5,-1496.6474609375,1031.3978271484375,-791.2105102539062,0.0034964783117175102,-0.08081238716840744,-0.08115548640489578,0.9934136867523193,1,1643607,13688
1786083229,110515141,1,-1602.167236328125,573.8876342773438,-1132.3121337890625,,,,,,,,,,1643608,13688
1786083229,110515141,,,,,5,-1496.6295166015625,1031.436767578125,-791.1475830078125,0.00267403619363904,-0.08114273101091385,-0.08035259693861008,0.9934545755386353,1,1643608,13688
1786083229,119531185,1,-1600.0802001953125,574.8027954101562,-1130.8223876953125,,,,,,,,,,1643609,13688
1786083229,119531185,,,,,5,-1496.636962890625,1031.4647216796875,-791.2240600585938,0.0033857300877571106,-0.08072855323553085,-0.07970196008682251,0.9935386180877686,1,1643609,13688
1786083229,127625073,1,-1599.930908203125,575.0917358398438,-1130.808837890625,,,,,,,,,,1643610,13688
1786083229,127625073,,,,,5,-1496.7054443359375,1031.4468994140625,-791.1583251953125,0.0027760036755353212,-0.08127328753471375,-0.07979947328567505,0.9934882521629333,1,1643610,13688
1786083229,135655112,1,-1599.8951416015625,575.1160888671875,-1130.6036376953125,,,,,,,,,,1643611,13688
1786083229,135655112,,,,,5,-1496.6358642578125,1031.43994140625,-791.1956176757812,0.0029367562383413315,-0.08090227842330933,-0.08028123527765274,0.9934793710708618,1,1643611,13688
1786083229,144578550,1,-1600.1077880859375,575.0037841796875,-1130.59375,,,,,,,,,,1643612,13688
1786083229,144578550,,,,,5,-1496.635986328125,1031.418212890625,-791.208984375,0.0031071146950125694,-0.08099169284105301,-0.08032527565956116,0.9934679269790649,1,1643612,13688
1786083229,152362568,1,-1600.0252685546875,575.0496215820312,-1130.44921875,,,,,,,,,,1643613,13688
1786083229,152362568,,,,,5,-1496.640625,1031.4842529296875,-791.2011108398438,0.003117375774309039,-0.08109298348426819,-0.07997017353773117,0.9934883117675781,1,1643613,13688
1786083229,161337379,1,-1600.266357421875,574.8441772460938,-1130.28759765625,,,,,,,,,,1643614,13688
1786083229,161337379,,,,,5,-1496.677490234375,1031.4815673828125,-791.1966552734375,0.0029925531707704067,-0.0807071253657341,-0.07930197566747665,0.9935736656188965,1,1643614,13688
1786083229,169350017,1,-1600.278076171875,574.8350219726562,-1130.090576171875,,,,,,,,,,1643615,13688
1786083229,169350017,,,,,5,-1496.6409912109375,1031.441650390625,-791.194091796875,0.0032363450154662132,-0.08082276582717896,-0.08058364689350128,0.9934603571891785,1,1643615,13688
1786083229,177318990,1,-1600.2181396484375,574.9368286132812,-1129.9271240234375,,,,,,,,,,1643616,13688
1786083229,177318990,,,,,5,-1496.654296875,1031.4515380859375,-791.2055053710938,0.0034895932767540216,-0.08077734708786011,-0.08155190944671631,0.9933841228485107,1,1643616,13688
1786083229,186271410,1,-1600.4356689453125,574.8782958984375,-1129.976318359375,,,,,,,,,,1643617,13688
1786083229,186271410,,,,,5,-1496.6513671875,1031.4403076171875,-791.1732788085938,0.0029082736000418663,-0.08082999289035797,-0.08002911508083344,0.9935054779052734,1,1643617,13688
1786083229,194736937,1,-1600.2286376953125,575.0894775390625,-1129.64306640625,,,,,,,,,,1643618,13688
1786083229,194736937,,,,,5,-1496.6600341796875,1031.4681396484375,-791.22314453125,0.0027954946272075176,-0.08078833669424057,-0.07886036485433578,0.9936027526855469,1,1643618,13688
1786083229,202169884,1,-1600.365478515625,575.0127563476562,-1129.6053466796875,,,,,,,,,,1643619,13688
1786083229,202169884,,,,,5,-1496.6241455078125,1031.4805908203125,-791.2748413085938,0.0026993765495717525,-0.08090332895517349,-0.08002123236656189,0.993500828742981,1,1643619,13688
1786083229,211027874,1,-1600.3038330078125,574.975341796875,-1129.5438232421875,,,,,,,,,,1643620,13688
1786083229,211027874,,,,,5,-1496.6495361328125,1031.4808349609375,-791.2206420898438,0.0035765788052231073,-0.0808841809630394,-0.08196146786212921,0.9933414459228516,1,1643620,13688
1786083229,219014313,1,-1600.674072265625,575.1996459960938,-1129.4312744140625,,,,,,,,,,1643621,13688
1786083229,219014313,,,,,5,-1496.6353759765625,1031.4666748046875,-791.1537475585938,0.002639118116348982,-0.0811396986246109,-0.07877567410469055,0.9935812950134277,1,1643621,13688
1786083229,227142780,1,-1600.138671875,574.2155151367188,-1128.5616455078125,,,,,,,,,,1643622,13688
1786083229,227142780,,,,,5,-1496.6317138671875,1031.456298828125,-791.2406005859375,0.0031084087677299976,-0.08082152903079987,-0.07965933531522751,0.9935353398323059,1,1643622,13688
1786083229,236086243,1,-1600.3157958984375,574.28076171875,-1128.514892578125,,,,,,,,,,1643623,13688
1786083229,236086243,,,,,5,-1496.647705078125,1031.4541015625,-791.1656494140625,0.002674051094800234,-0.08144734799861908,-0.08063480257987976,0.9934068918228149,1,1643623,13688
1786083229,244035352,1,-1600.1812744140625,574.343994140625,-1128.3037109375,,,,,,,,,,1643624,13688
1786083229,244035352,,,,,5,-1496.6484375,1031.450927734375,-791.2351684570312,0.003331378335133195,-0.081049844622612,-0.08146526664495468,0.9933695793151855,1,1643624,13688
1786083229,252109215,1,-1599.824951171875,575.3433227539062,-1128.43212890625,,,,,,,,,,1643625,13688
1786083229,252109215,,,,,5,-1496.634765625,1031.46630859375,-791.2561645507812,0.0035758831072598696,-0.08083953708410263,-0.08020076900720596,0.9934887290000916,1,1643625,13688
1786083229,260899007,1,-1600.932861328125,573.6627197265625,-1127.9486083984375,,,,,,,,,,1643626,13688
1786083229,260899007,,,,,5,-1496.657470703125,1031.434814453125,-791.1572265625,0.002599781844764948,-0.08103656768798828,-0.0793638750910759,0.9935430288314819,1,1643626,13688
1786083229,268911836,1,-1601.2081298828125,575.51513671875,-1128.7020263671875,,,,,,,,,,1643627,13688
1786083229,268911836,,,,,5,-1496.666748046875,1031.5018310546875,-791.2355346679688,0.003044840879738331,-0.08094363659620285,-0.08042338490486145,0.9934641718864441,1,1643627,13688
1786083229,278106471,1,-1601.1868896484375,575.4100952148438,-1128.67626953125,,,,,,,,,,1643628,13688
1786083229,278106471,,,,,5,-1496.6240234375,1031.4393310546875,-791.2276611328125,0.0034692331682890654,-0.0807824656367302,-0.08008716255426407,0.9935029745101929,1,1643628,13688
1786083229,285777506,1,-1601.0821533203125,575.500732421875,-1128.52294921875,,,,,,,,,,1643629,13688
1786083229,285777506,,,,,5,-1496.6441650390625,1031.407470703125,-791.2120971679688,0.0030366836581379175,-0.08079949766397476,-0.08056027442216873,0.9934648275375366,1,1643629,13688
1786083229,293787680,1,-1601.4910888671875,575.6104125976562,-1128.454345703125,,,,,,,,,,1643630,13688
1786083229,293787680,,,,,5,-1496.686279296875,1031.4820556640625,-791.17431640625,0.002855186816304922,-0.08115841448307037,-0.08089540153741837,0.9934088587760925,1,1643630,13688
1786083229,302825732,1,-1601.3218994140625,575.5474243164062,-1128.3922119140625,,,,,,,,,,1643631,13688
1786083229,302825732,,,,,5,-1496.630859375,1031.4334716796875,-791.1985473632812,0.003051352920010686,-0.08114085346460342,-0.0809960588812828,0.9934014678001404,1,1643631,13688
1786083229,310791091,1,-1600.7952880859375,574.8284912109375,-1127.662353515625,,,,,,,,,,1643632,13688
1786083229,310791091,,,,,5,-1496.5985107421875,1031.4373779296875,-791.2435913085938,0.0034680969547480345,-0.08069142699241638,-0.08014476299285889,0.9935057759284973,1,1643632,13688
1786083229,318799026,1,-1600.895751953125,574.7942504882812,-1127.5059814453125,,,,,,,,,,1643633,13688
1786083229,318799026,,,,,5,-1496.679931640625,1031.4461669921875,-791.16064453125,0.0029018153436481953,-0.08083579689264297,-0.0806749239563942,0.9934529066085815,1,1643633,13688
1786083229,328235332,1,-1600.9140625,574.6769409179688,-1127.5621337890625,,,,,,,,,,1643634,13688
1786083229,328235332,,,,,5,-1496.661865234375,1031.4705810546875,-791.2511596679688,0.003293713554739952,-0.0807732492685318,-0.08037655800580978,0.9934809803962708,1,1643634,13688
1786083229,335854162,1,-1600.80615234375,575.1294555664062,-1127.3839111328125,,,,,,,,,,1643635,13688
1786083229,335854162,,,,,5,-1496.578369140625,1031.447265625,-791.2356567382812,0.003459478495642543,-0.08079095929861069,-0.08001818507909775,0.9935079216957092,1,1643635,13688
1786083229,343693647,1,-1601.5509033203125,575.85595703125,-1128.0986328125,,,,,,,,,,1643636,13688
1786083229,343693647,,,,,5,-1496.6273193359375,1031.47900390625,-791.2131958007812,0.002596746664494276,-0.08096827566623688,-0.07877878099679947,0.9935950636863708,1,1643636,13688
1786083229,352840332,1,-1600.997802734375,575.0833129882812,-1127.42333984375,,,,,,,,,,1643637,13688
1786083229,352840332,,,,,5,-1496.6605224609375,1031.4739990234375,-791.215576171875,0.0031710744369775057,-0.08085862547159195,-0.07965901494026184,0.9935321807861328,1,1643637,13688
1786083229,360672588,1,-1601.081787109375,575.1672973632812,-1127.260498046875,,,,,,,,,,1643638,13688
1786083229,360672588,,,,,5,-1496.6588134765625,1031.4217529296875,-791.1578979492188,0.002774104243144393,-0.08115177601575851,-0.08005302399396896,0.9934777021408081,1,1643638,13688
1786083229,368605190,1,-1601.555908203125,575.9801025390625,-1127.8753662109375,,,,,,,,,,1643639,13688
1786083229,368605190,,,,,5,-1496.642578125,1031.4063720703125,-791.18603515625,0.002841173205524683,-0.08111928403377533,-0.08046033978462219,0.9934473037719727,1,1643639,13688
1786083229,377548014,1,-1601.7008056640625,575.9246215820312,-1127.9420166015625,,,,,,,,,,1643640,13688
1786083229,377548014,,,,,5,-1496.631103515625,1031.42529296875,-791.1453857421875,0.0028939612675458193,-0.08130679279565811,-0.08107820153236389,0.9933816194534302,1,1643640,13688
1786083229,385461840,1,-1601.7659912109375,576.0277709960938,-1127.7840576171875,,,,,,,,,,1643641,13688
1786083229,385461840,,,,,5,-1496.636474609375,1031.442626953125,-791.24951171875,0.003175862831994891,-0.08093001693487167,-0.07980640977621078,0.9935146570205688,1,1643641,13688
1786083229,394612395,1,-1601.1102294921875,575.4238891601562,-1127.19921875,,,,,,,,,,1643642,13688
1786083229,394612395,,,,,5,-1496.6402587890625,1031.49267578125,-791.2225952148438,0.0027856884989887476,-0.08079145848751068,-0.07916644215583801,0.9935782551765442,1,1643642,13688
1786083229,402775281,1,-1601.8134765625,574.5075073242188,-1127.115966796875,,,,,,,,,,1643643,13688
1786083229,402775281,,,,,5,-1496.6068115234375,1031.456298828125,-791.213134765625,0.003172283060848713,-0.08079207688570023,-0.0789121612906456,0.9935972094535828,1,1643643,13688
1786083229,410571134,1,-1601.767333984375,574.2520751953125,-1126.861328125,,,,,,,,,,1643644,13688
1786083229,410571134,,,,,5,-1496.636962890625,1031.4678955078125,-791.2219848632812,0.002847763244062662,-0.08097828179597855,-0.07964028418064117,0.993524968624115,1,1643644,13688
1786083229,419456986,1,-1601.81201171875,574.756591796875,-1126.8184814453125,,,,,,,,,,1643645,13688
1786083229,419456986,,,,,5,-1496.6524658203125,1031.4632568359375,-791.2039184570312,0.0028793897945433855,-0.0808098241686821,-0.07876332104206085,0.9936084151268005,1,1643645,13688
1786083229,427743571,1,-1601.8507080078125,574.3549194335938,-1126.657470703125,,,,,,,,,,1643646,13689
1786083229,427743571,,,,,5,-1496.6490478515625,1031.4375,-791.152587890625,0.002602074760943651,-0.08128966391086578,-0.08015123009681702,0.9934591054916382,1,1643646,13689
1786083229,435507947,1,-1602.0244140625,576.6002197265625,-1127.3106689453125,,,,,,,,,,1643647,13689
1786083229,435507947,,,,,5,-1496.676025390625,1031.4476318359375,-791.1819458007812,0.002905133180320263,-0.08099745959043503,-0.08096634596586227,0.9934160113334656,1,1643647,13689
1786083229,444293261,1,-1602.1864013671875,576.2791137695312,-1127.2684326171875,,,,,,,,,,1643648,13689
1786083229,444293261,,,,,5,-1496.6378173828125,1031.5064697265625,-791.2313842773438,0.003026738530024886,-0.08105824887752533,-0.07973932474851608,0.9935099482536316,1,1643648,13689
1786083229,452258236,1,-1602.32421875,576.4052124023438,-1127.1220703125,,,,,,,,,,1643649,13689
1786083229,452258236,,,,,5,-1496.7034912109375,1031.5008544921875,-791.1378784179688,0.0031167680863291025,-0.08094341307878494,-0.07910995185375214,0.9935693740844727,1,1643649,13689
1786083229,460275000,1,-1602.243408203125,576.4861450195312,-1126.9151611328125,,,,,,,,,,1643650,13689
1786083229,460275000,,,,,5,-1496.6204833984375,1031.468017578125,-791.191162109375,0.0028603700920939445,-0.08136827498674393,-0.07996196299791336,0.9934672117233276,1,1643650,13689
1786083229,468881179,1,-1602.323974609375,576.5958251953125,-1126.709716796875,,,,,,,,,,1643651,13689
1786083229,468881179,,,,,5,-1496.6414794921875,1031.4447021484375,-791.2024536132812,0.0028223558329045773,-0.08102037757635117,-0.08010660111904144,0.9934841990470886,1,1643651,13689
1786083229,477394944,1,-1602.286376953125,576.6956176757812,-1126.4644775390625,,,,,,,,,,1643652,13689
1786083229,477394944,,,,,5,-1496.635986328125,1031.487060546875,-791.2225952148438,0.0031500740442425013,-0.08118244260549545,-0.0800589993596077,0.9934737086296082,1,1643652,13689
1786083229,485343125,1,-1602.52978515625,576.60546875,-1126.4180908203125,,,,,,,,,,1643653,13689
1786083229,485343125,,,,,5,-1496.6455078125,1031.421875,-791.2015991210938,0.0030802045948803425,-0.08078260719776154,-0.07982750982046127,0.9935251474380493,1,1643653,13689
1786083229,494490353,1,-1602.516357421875,576.6759033203125,-1126.2862548828125,,,,,,,,,,1643654,13689
1786083229,494490353,,,,,5,-1496.6484375,1031.4500732421875,-791.1870727539062,0.002776447217911482,-0.08102542161941528,-0.07996775954961777,0.993494987487793,1,1643654,13689
1786083229,502304472,1,-1601.9918212890625,575.8326416015625,-1125.2801513671875,,,,,,,,,,1643655,13689
1786083229,502304472,,,,,5,-1496.6209716796875,1031.447509765625,-791.222412109375,0.003144129877910018,-0.0810059979557991,-0.08015754818916321,0.9934801459312439,1,1643655,13689
1786083229,511285489,1,-1602.2652587890625,575.81982421875,-1125.1961669921875,,,,,,,,,,1643656,13689
1786083229,511285489,,,,,5,-1496.6424560546875,1031.4404296875,-791.235595703125,0.0032938076183199883,-0.0808277502655983,-0.07979021221399307,0.9935236573219299,1,1643656,13689
1786083229,519608316,1,-1602.38330078125,575.8782958984375,-1125.0740966796875,,,,,,,,,,1643657,13689
1786083229,519608316,,,,,5,-1496.6666259765625,1031.4876708984375,-791.2207641601562,0.003021208569407463,-0.08111637085676193,-0.0798257365822792,0.9934983253479004,1,1643657,13689
1786083229,527266172,1,-1602.8948974609375,576.7824096679688,-1125.4180908203125,,,,,,,,,,1643658,13689
1786083229,527266172,,,,,5,-1496.6624755859375,1031.4700927734375,-791.1859130859375,0.0026056815404444933,-0.08107215166091919,-0.08021533489227295,0.993471622467041,1,1643658,13689
1786083229,535337348,1,-1603.113525390625,576.8471069335938,-1125.324951171875,,,,,,,,,,1643659,13689
1786083229,535337348,,,,,5,-1496.6668701171875,1031.4644775390625,-791.1827392578125,0.0028516806196421385,-0.08097849041223526,-0.08048532158136368,0.9934568405151367,1,1643659,13689
1786083229,544430772,1,-1603.2481689453125,577.0152587890625,-1125.090576171875,,,,,,,,,,1643660,13689
1786083229,544430772,,,,,5,-1496.6065673828125,1031.4373779296875,-791.2367553710938,0.0032791905105113983,-0.08115608990192413,-0.08047296851873398,0.9934419989585876,1,1643660,13689
1786083229,552369293,1,-1603.4599609375,577.2576293945312,-1124.931884765625,,,,,,,,,,1643661,13689
1786083229,552369293,,,,,5,-1496.6776123046875,1031.5047607421875,-791.2217407226562,0.003027556464076042,-0.08140598237514496,-0.08056347072124481,0.9934149980545044,1,1643661,13689
1786083229,561119387,1,-1603.4610595703125,577.21630859375,-1124.743896484375,,,,,,,,,,1643662,13689
1786083229,561119387,,,,,5,-1496.6805419921875,1031.5020751953125,-791.222412109375,0.003271836554631591,-0.08119258284568787,-0.08064224570989609,0.9934253096580505,1,1643662,13689
1786083229,569293917,1,-1603.4962158203125,577.3153076171875,-1124.5826416015625,,,,,,,,,,1643663,13689
1786083229,569293917,,,,,5,-1496.627197265625,1031.4412841796875,-791.2125854492188,0.003445292357355356,-0.0806487500667572,-0.07992091029882431,0.993527352809906,1,1643663,13689
1786083229,577411636,1,-1603.30908203125,576.2471313476562,-1123.726806640625,,,,,,,,,,1643664,13689
1786083229,577411636,,,,,5,-1496.6456298828125,1031.4593505859375,-791.2335815429688,0.0032897605560719967,-0.08075297623872757,-0.08002258837223053,0.9935111999511719,1,1643664,13689
1786083229,586536056,1,-1603.7698974609375,575.7368774414062,-1123.50146484375,,,,,,,,,,1643665,13689
1786083229,586536056,,,,,5,-1496.6273193359375,1031.4140625,-791.171875,0.0028782382141798735,-0.08112101256847382,-0.08013679832220078,0.9934732913970947,1,1643665,13689
1786083229,594072996,1,-1604.0631103515625,577.3286743164062,-1124.021728515625,,,,,,,,,,1643666,13689
1786083229,594072996,,,,,5,-1496.6044921875,1031.436767578125,-791.2139892578125,0.0031727731693536043,-0.08116766065359116,-0.0797758474946022,0.9934975504875183,1,1643666,13689
1786083229,602614399,1,-1604.3394775390625,577.4447021484375,-1124.0045166015625,,,,,,,,,,1643667,13689
1786083229,602614399,,,,,5,-1496.609375,1031.3858642578125,-791.1925048828125,0.0029334980063140392,-0.08101702481508255,-0.07961736619472504,0.9935232996940613,1,1643667,13689
1786083229,610994230,1,-1604.3001708984375,577.4884643554688,-1123.842041015625,,,,,,,,,,1643668,13689
1786083229,610994230,,,,,5,-1496.658203125,1031.4515380859375,-791.2388305664062,0.003118498483672738,-0.08100011944770813,-0.08014446496963501,0.9934817552566528,1,1643668,13689
1786083229,619201068,1,-1603.9564208984375,577.8262329101562,-1123.51416015625,,,,,,,,,,1643669,13689
1786083229,619201068,,,,,5,-1496.6510009765625,1031.3651123046875,-791.1726684570312,0.003050809493288398,-0.08105936646461487,-0.08127103745937347,0.9933855533599854,1,1643669,13689
1786083229,626972354,1,-1603.718017578125,578.0552978515625,-1123.2156982421875,,,,,,,,,,1643670,13689
1786083229,626972354,,,,,5,-1496.6541748046875,1031.4119873046875,-791.19482421875,0.0031042254995554686,-0.08066075295209885,-0.0803515687584877,0.9934927225112915,1,1643670,13689
1786083229,636146644,1,-1604.1461181640625,578.0576171875,-1123.2303466796875,,,,,,,,,,1643671,13689
1786083229,636146644,,,,,5,-1496.643798828125,1031.4581298828125,-791.1861572265625,0.0029772946145385504,-0.08068902790546417,-0.07959230989217758,0.9935519099235535,1,1643671,13689
1786083229,643992847,1,-1604.0064697265625,576.7969970703125,-1122.4420166015625,,,,,,,,,,1643672,13689
1786083229,643992847,,,,,5,-1496.6578369140625,1031.4779052734375,-791.2025756835938,0.0030487519688904285,-0.08064616471529007,-0.0797685980796814,0.9935410022735596,1,1643672,13689
1786083229,652205443,1,-1604.5848388671875,577.9487915039062,-1123.0087890625,,,,,,,,,,1643673,13689
1786083229,652205443,,,,,5,-1496.6739501953125,1031.445556640625,-791.1793823242188,0.0027695775497704744,-0.08120781183242798,-0.08148808032274246,0.9933565855026245,1,1643673,13689
1786083229,661266431,1,-1604.1624755859375,577.0897827148438,-1122.2830810546875,,,,,,,,,,1643674,13689
1786083229,661266431,,,,,5,-1496.6513671875,1031.4786376953125,-791.2131958007812,0.0025917591992765665,-0.08086762577295303,-0.07941137999296188,0.9935529828071594,1,1643674,13689
1786083229,669302611,1,-1604.742919921875,576.0389404296875,-1121.930908203125,,,,,,,,,,1643675,13689
1786083229,669302611,,,,,5,-1496.5946044921875,1031.4501953125,-791.24853515625,0.003081649774685502,-0.08119252324104309,-0.07977994531393051,0.993495523929596,1,1643675,13689
1786083229,677837681,1,-1604.75537109375,576.3621215820312,-1121.716064453125,,,,,,,,,,1643676,13689
1786083229,677837681,,,,,5,-1496.6268310546875,1031.4222412109375,-791.1587524414062,0.002620923798531294,-0.08125830441713333,-0.07973731309175491,0.9934948682785034,1,1643676,13689
1786083229,685702596,1,-1604.84423828125,576.3942260742188,-1121.6602783203125,,,,,,,,,,1643677,13689
1786083229,685702596,,,,,5,-1496.5982666015625,1031.427734375,-791.1815795898438,0.002722225384786725,-0.08104442805051804,-0.0794537216424942,0.9935348629951477,1,1643677,13689
1786083229,693708772,1,-1605.0145263671875,576.3470458984375,-1121.5579833984375,,,,,,,,,,1643678,13689
1786083229,693708772,,,,,5,-1496.64404296875,1031.4547119140625,-791.1490478515625,0.00276407552883029,-0.08124518394470215,-0.08044195920228958,0.9934387803077698,1,1643678,13689
1786083229,703077839,1,-1605.2423095703125,578.2947998046875,-1122.2967529296875,,,,,,,,,,1643679,13689
1786083229,703077839,,,,,5,-1496.661376953125,1031.468994140625,-791.196044921875,0.0030207352247089148,-0.08097249269485474,-0.08081851154565811,0.9934297800064087,1,1643679,13689
1786083229,710711160,1,-1605.8907470703125,577.8418579101562,-1122.3626708984375,,,,,,,,,,1643680,13689
1786083229,710711160,,,,,5,-1496.62939453125,1031.4735107421875,-791.2391967773438,0.002908289898186922,-0.08092136681079865,-0.07980416715145111,0.9935162663459778,1,1643680,13689
1786083229,718580394,1,-1604.5634765625,577.5437622070312,-1121.2969970703125,,,,,,,,,,1643681,13689
1786083229,718580394,,,,,5,-1496.6265869140625,1031.525390625,-791.2196044921875,0.0025207099970430136,-0.0810590460896492,-0.07858412712812424,0.9936032891273499,1,1643681,13689
1786083229,727606099,1,-1605.788330078125,577.8895263671875,-1122.063720703125,,,,,,,,,,1643682,13689
1786083229,727606099,,,,,5,-1496.618896484375,1031.3953857421875,-791.1729125976562,0.0029421315994113684,-0.08126906305551529,-0.07996048033237457,0.9934751391410828,1,1643682,13689
1786083229,735689814,1,-1605.93408203125,577.9622192382812,-1121.97412109375,,,,,,,,,,1643683,13689
1786083229,735689814,,,,,5,-1496.6405029296875,1031.4388427734375,-791.1369018554688,0.002846654038876295,-0.08122137188911438,-0.08071015030145645,0.99341881275177,1,1643683,13689
1786083229,743453199,1,-1605.8397216796875,578.4501953125,-1121.9329833984375,,,,,,,,,,1643684,13689
1786083229,743453199,,,,,5,-1496.6463623046875,1031.4962158203125,-791.3020629882812,0.0028745403978973627,-0.08096637576818466,-0.0798410102725029,0.9935097694396973,1,1643684,13689
1786083229,752421357,1,-1605.8341064453125,578.3380737304688,-1121.8564453125,,,,,,,,,,1643685,13689
1786083229,752421357,,,,,5,-1496.630615234375,1031.4354248046875,-791.20068359375,0.0029771053232252598,-0.08102826774120331,-0.08001043647527695,0.9934906959533691,1,1643685,13689
1786083229,760402454,1,-1605.443359375,577.5093383789062,-1121.1064453125,,,,,,,,,,1643686,13689
1786083229,760402454,,,,,5,-1496.7054443359375,1031.4671630859375,-791.1895751953125,0.00266734859906137,-0.08094833046197891,-0.07975424081087112,0.9935187101364136,1,1643686,13689
1786083229,769102519,1,-1605.928466796875,578.7906494140625,-1121.783447265625,,,,,,,,,,1643687,13689
1786083229,769102519,,,,,5,-1496.6658935546875,1031.430419921875,-791.1959838867188,0.00313219684176147,-0.08076899498701096,-0.08057129383087158,0.9934660792350769,1,1643687,13689
1786083229,777773602,1,-1605.111328125,578.5363159179688,-1121.3343505859375,,,,,,,,,,1643688,13689
1786083229,777773602,,,,,5,-1496.6756591796875,1031.4979248046875,-791.1868286132812,0.002308300929144025,-0.08132962882518768,-0.07952825725078583,0.9935065507888794,1,1643688,13689
1786083229,785712155,1,-1605.7125244140625,577.67431640625,-1121.31591796875,,,,,,,,,,1643689,13689
1786083229,785712155,,,,,5,-1496.6107177734375,1031.4256591796875,-791.211669921875,0.003327665152028203,-0.08087038993835449,-0.08017560839653015,0.993489146232605,1,1643689,13689
1786083229,793357983,1,-1605.6943359375,577.7073974609375,-1121.383056640625,,,,,,,,,,1643690,13689
1786083229,793357983,,,,,5,-1496.6107177734375,1031.419921875,-791.1394653320312,0.0025821691378951073,-0.0811406746506691,-0.07962295413017273,0.993513822555542,1,1643690,13689
1786083229,802619153,1,-1605.85595703125,577.7689819335938,-1121.573486328125,,,,,,,,,,1643691,13689
1786083229,802619153,,,,,5,-1496.6314697265625,1031.4632568359375,-791.1842041015625,0.002723070327192545,-0.08127559721469879,-0.07946165651082993,0.9935153126716614,1,1643691,13689
1786083229,811257961,1,-1606.2205810546875,577.7695922851562,-1121.8135986328125,,,,,,,,,,1643692,13689
1786083229,811257961,,,,,5,-1496.622802734375,1031.46044921875,-791.22900390625,0.0031607106793671846,-0.08064515888690948,-0.07949158549308777,0.9935629963874817,1,1643692,13689
1786083229,819275812,1,-1606.220458984375,577.8490600585938,-1122.00830078125,,,,,,,,,,1643693,13689
1786083229,819275812,,,,,5,-1496.650390625,1031.437744140625,-791.2246704101562,0.003050827654078603,-0.08087540417909622,-0.08073340356349945,0.9934445023536682,1,1643693,13689
1786083229,827346444,1,-1606.248779296875,577.34375,-1121.760009765625,,,,,,,,,,1643694,13689
1786083229,827346444,,,,,5,-1496.6318359375,1031.4251708984375,-791.1491088867188,0.002847391413524747,-0.08112864941358566,-0.08039246499538422,0.9934519529342651,1,1643694,13689
1786083229,835953615,1,-1606.7774658203125,577.4219360351562,-1122.2967529296875,,,,,,,,,,1643695,13689
1786083229,835953615,,,,,5,-1496.649658203125,1031.4423828125,-791.234375,0.003186778863891959,-0.08075138926506042,-0.07982821017503738,0.9935274124145508,1,1643695,13689
1786083229,843312797,1,-1606.793701171875,577.4081420898438,-1122.451904296875,,,,,,,,,,1643696,13689
1786083229,843312797,,,,,5,-1496.70068359375,1031.488037109375,-791.1911010742188,0.0027639807667583227,-0.0811692476272583,-0.07926271110773087,0.9935397505760193,1,1643696,13689
1786083229,852184862,1,-1606.916259765625,579.1007080078125,-1123.2623291015625,,,,,,,,,,1643697,13689
1786083229,852184862,,,,,5,-1496.6522216796875,1031.4010009765625,-791.1725463867188,0.002934413030743599,-0.08107168972492218,-0.0806971937417984,0.993431806564331,1,1643697,13689
1786083229,860251847,1,-1607.2314453125,579.2290649414062,-1123.596923828125,,,,,,,,,,1643698,13689
1786083229,860251847,,,,,5,-1496.6734619140625,1031.4564208984375,-791.2103881835938,0.002901672385632992,-0.08117435872554779,-0.08022474497556686,0.9934616684913635,1,1643698,13689
1786083229,869068445,1,-1607.3980712890625,579.2266845703125,-1123.8968505859375,,,,,,,,,,1643699,13689
1786083229,869068445,,,,,5,-1496.6126708984375,1031.4593505859375,-791.1653442382812,0.0028147688135504723,-0.08109606802463531,-0.07921502739191055,0.9935494065284729,1,1643699,13689
1786083229,877079035,1,-1607.39501953125,579.7050170898438,-1124.03564453125,,,,,,,,,,1643700,13689
1786083229,877079035,,,,,5,-1496.6263427734375,1031.4383544921875,-791.1791381835938,0.002796460874378681,-0.0811135396361351,-0.07996439933776855,0.9934879541397095,1,1643700,13689
1786083229,886061876,1,-1607.3489990234375,579.6035766601562,-1124.122314453125,,,,,,,,,,1643701,13689
1786083229,886061876,,,,,5,-1496.6136474609375,1031.4300537109375,-791.1430053710938,0.0025905303191393614,-0.08106021583080292,-0.08015693724155426,0.993477463722229,1,1643701,13689
1786083229,893943650,1,-1607.248291015625,579.6928100585938,-1124.22998046875,,,,,,,,,,1643702,13689
1786083229,893943650,,,,,5,-1496.6295166015625,1031.51416015625,-791.2020874023438,0.003143319161608815,-0.08133583515882492,-0.08085761219263077,0.9933964610099792,1,1643702,13689
1786083229,902078642,1,-1606.994873046875,579.9734497070312,-1124.1954345703125,,,,,,,,,,1643703,13689
1786083229,902078642,,,,,5,-1496.6331787109375,1031.4808349609375,-791.2037353515625,0.0030188255477696657,-0.08083735406398773,-0.0796344205737114,0.9935364723205566,1,1643703,13689
1786083229,910949172,1,-1606.241455078125,579.5891723632812,-1123.69287109375,,,,,,,,,,1643704,13689
1786083229,910949172,,,,,5,-1496.6383056640625,1031.5068359375,-791.2239990234375,0.0024831192567944527,-0.08073690533638,-0.0787530168890953,0.9936162829399109,1,1643704,13689
1786083229,919212949,1,-1607.13720703125,579.5570678710938,-1124.511474609375,,,,,,,,,,1643705,13689
1786083229,919212949,,,,,5,-1496.6365966796875,1031.451904296875,-791.1819458007812,0.0029465851839631796,-0.08148378133773804,-0.08133989572525024,0.9933456182479858,1,1643705,13689
1786083229,927368926,1,-1606.1810302734375,579.5575561523438,-1123.7808837890625,,,,,,,,,,1643706,13689
1786083229,927368926,,,,,5,-1496.6424560546875,1031.4324951171875,-791.2263793945312,0.002931770635768771,-0.08092250674962997,-0.08060646057128906,0.9934512972831726,1,1643706,13689
1786083229,935772619,1,-1606.0753173828125,579.5968017578125,-1123.86962890625,,,,,,,,,,1643707,13689
1786083229,935772619,,,,,5,-1496.63671875,1031.442626953125,-791.1608276367188,0.002656325465068221,-0.0809708833694458,-0.07981088757514954,0.9935122728347778,1,1643707,13689
1786083229,943891234,1,-1605.8568115234375,579.7088012695312,-1123.7469482421875,,,,,,,,,,1643708,13689
1786083229,943891234,,,,,5,-1496.6109619140625,1031.4892578125,-791.1996459960938,0.0026219149585813284,-0.08107057958841324,-0.07840292900800705,0.9936164617538452,1,1643708,13689
1786083229,952216204,1,-1606.2381591796875,580.9780883789062,-1124.3956298828125,,,,,,,,,,1643709,13689
1786083229,952216204,,,,,5,-1496.608154296875,1031.4227294921875,-791.2130737304688,0.0030685157980769873,-0.08099056780338287,-0.08006712049245834,0.9934889078140259,1,1643709,13689
1786083229,961184298,1,-1606.2239990234375,580.7466430664062,-1124.466552734375,,,,,,,,,,1643710,13689
1786083229,961184298,,,,,5,-1496.6593017578125,1031.4605712890625,-791.1835327148438,0.002805485390126705,-0.0812343880534172,-0.08059301227331161,0.9934272766113281,1,1643710,13689
1786083229,969211330,1,-1605.0504150390625,579.9608764648438,-1123.6834716796875,,,,,,,,,,1643711,13689
1786083229,969211330,,,,,5,-1496.6527099609375,1031.47265625,-791.1991577148438,0.0030743347015231848,-0.08087365329265594,-0.07979439944028854,0.9935204386711121,1,1643711,13689
1786083229,976740274,1,-1604.8809814453125,580.0712280273438,-1123.73974609375,,,,,,,,,,1643712,13689
1786083229,976740274,,,,,5,-1496.644775390625,1031.4378662109375,-791.2359619140625,0.0031809916254132986,-0.08086496591567993,-0.07927464693784714,0.9935624003410339,1,1643712,13689
1786083229,985793009,1,-1604.49072265625,579.841552734375,-1123.742431640625,,,,,,,,,,1643713,13689
1786083229,985793009,,,,,5,-1496.6917724609375,1031.4566650390625,-791.1784057617188,0.00266108731739223,-0.08099517226219177,-0.0806070938706398,0.9934461116790771,1,1643713,13689
1786083229,993938173,1,-1604.1661376953125,579.9666748046875,-1123.68896484375,,,,,,,,,,1643714,13689
1786083229,993938173,,,,,5,-1496.6456298828125,1031.4739990234375,-791.1952514648438,0.00304349884390831,-0.0811578631401062,-0.0795411691069603,0.9935175776481628,1,1643714,13689
1786083230,1403364,1,-1604.2904052734375,579.7887573242188,-1123.646484375,,,,,,,,,,1643715,13689
1786083230,1403364,,,,,5,-1496.6317138671875,1031.5048828125,-791.16552734375,0.002913070609793067,-0.08107593655586243,-0.07975097745656967,0.9935078024864197,1,1643715,13689
1786083230,10567397,1,-1603.97998046875,581.2233276367188,-1124.385498046875,,,,,,,,,,1643716,13689
1786083230,10567397,,,,,5,-1496.6771240234375,1031.4588623046875,-791.2003173828125,0.00281368475407362,-0.08085884153842926,-0.08029291778802872,0.993482232093811,1,1643716,13689
1786083230,19290824,1,-1604.0997314453125,580.8455200195312,-1124.4317626953125,,,,,,,,,,1643717,13689
1786083230,19290824,,,,,5,-1496.67919921875,1031.4598388671875,-791.1748046875,0.0025177171919494867,-0.08124738186597824,-0.08029856532812119,0.9934508800506592,1,1643717,13689
1786083230,27517473,1,-1603.89111328125,581.1477661132812,-1124.3931884765625,,,,,,,,,,1643718,13689
1786083230,27517473,,,,,5,-1496.684814453125,1031.4876708984375,-791.198486328125,0.0027937295380979776,-0.08097123354673386,-0.08003558218479156,0.9934937953948975,1,1643718,13689
1786083230,37253105,1,-1603.3133544921875,580.9840698242188,-1124.1890869140625,,,,,,,,,,1643719,13689
1786083230,37253105,,,,,5,-1496.6798095703125,1031.437744140625,-791.1792602539062,0.0031804300379008055,-0.08085115998983383,-0.08040422201156616,0.9934728145599365,1,1643719,13689
1786083230,43559178,1,-1603.384521484375,580.4924926757812,-1124.34521484375,,,,,,,,,,1643720,13689
1786083230,43559178,,,,,5,-1496.63671875,1031.459716796875,-791.1598510742188,0.00254873582161963,-0.08130684494972229,-0.0800856202840805,0.9934631586074829,1,1643720,13689
1786083230,52739525,1,-1603.2880859375,580.6431274414062,-1124.3760986328125,,,,,,,,,,1643721,13689
1786083230,52739525,,,,,5,-1496.605712890625,1031.3984375,-791.1720581054688,0.0030944589525461197,-0.08097013831138611,-0.0807076171040535,0.9934386610984802,1,1643721,13689
1786083230,60651442,1,-1602.923828125,580.464599609375,-1124.441650390625,,,,,,,,,,1643722,13689
1786083230,60651442,,,,,5,-1496.6229248046875,1031.404296875,-791.2140502929688,0.0032665093895047903,-0.08085241168737411,-0.0807039886713028,0.99344801902771,1,1643722,13689
1786083230,68647615,1,-1601.9375,579.421875,-1123.8450927734375,,,,,,,,,,1643723,13689
1786083230,68647615,,,,,5,-1496.5836181640625,1031.445556640625,-791.2306518554688,0.0034824477043002844,-0.08100605010986328,-0.08009549975395203,0.9934840798377991,1,1643723,13689
1786083230,77362341,1,-1601.873779296875,579.2879028320312,-1123.837890625,,,,,,,,,,1643724,13689
1786083230,77362341,,,,,5,-1496.6351318359375,1031.4169921875,-791.1534423828125,0.002582880202680826,-0.08108511567115784,-0.07946130633354187,0.9935312271118164,1,1643724,13689
1786083230,86158957,1,-1602.3438720703125,580.1453857421875,-1124.627197265625,,,,,,,,,,1643725,13689
1786083230,86158957,,,,,5,-1496.640869140625,1031.4168701171875,-791.1882934570312,0.002492898376658559,-0.08101749420166016,-0.07993556559085846,0.9934989809989929,1,1643725,13689
1786083230,93784643,1,-1601.74169921875,580.488525390625,-1124.7999267578125,,,,,,,,,,1643726,13689
1786083230,93784643,,,,,5,-1496.6490478515625,1031.4442138671875,-791.154296875,0.0026141738053411245,-0.08099694550037384,-0.07976802438497543,0.993513822555542,1,1643726,13689
1786083230,102563825,1,-1601.4302978515625,580.5980834960938,-1124.802978515625,,,,,,,,,,1643727,13689
1786083230,102563825,,,,,5,-1496.6029052734375,1031.4268798828125,-791.2135620117188,0.003135350998491049,-0.08106329292058945,-0.08022851496934891,0.9934697151184082,1,1643727,13689
1786083230,110327028,1,-1601.417236328125,580.25,-1125.1688232421875,,,,,,,,,,1643728,13689
1786083230,110327028,,,,,5,-1496.645751953125,1031.4041748046875,-791.1813354492188,0.00305005582049489,-0.08097293227910995,-0.08105528354644775,0.9934102892875671,1,1643728,13689
1786083230,119473468,1,-1600.5899658203125,579.3289794921875,-1124.5872802734375,,,,,,,,,,1643729,13689
1786083230,119473468,,,,,5,-1496.610107421875,1031.44384765625,-791.19384765625,0.0030156420543789864,-0.08100788295269012,-0.07915027439594269,0.9935612082481384,1,1643729,13689
1786083230,127264181,1,-1600.645751953125,579.3908081054688,-1124.929443359375,,,,,,,,,,1643730,13689
1786083230,127264181,,,,,5,-1496.6400146484375,1031.4505615234375,-791.2237548828125,0.003184613073244691,-0.08129096031188965,-0.08049887418746948,0.9934291243553162,1,1643730,13689
1786083230,135316398,1,-1601.0987548828125,580.2431030273438,-1125.9752197265625,,,,,,,,,,1643731,13689
1786083230,135316398,,,,,5,-1496.6380615234375,1031.4652099609375,-791.2098999023438,0.0032857549376785755,-0.08108486235141754,-0.08045440912246704,0.9934492707252502,1,1643731,13689
1786083230,144104505,1,-1600.956298828125,580.531982421875,-1126.2763671875,,,,,,,,,,1643732,13689
1786083230,144104505,,,,,5,-1496.6414794921875,1031.4468994140625,-791.12646484375,0.0027232342399656773,-0.08105280995368958,-0.07979415357112885,0.9935067892074585,1,1643732,13689
1786083230,152620232,1,-1601.36767578125,579.7543334960938,-1126.6357421875,,,,,,,,,,1643733,13689
1786083230,152620232,,,,,5,-1496.5989990234375,1031.390625,-791.1712646484375,0.0029147660825401545,-0.08097473531961441,-0.07975814491510391,0.9935156106948853,1,1643733,13689
1786083230,160229507,1,-1600.727294921875,578.738037109375,-1126.300048828125,,,,,,,,,,1643734,13689
1786083230,160229507,,,,,5,-1496.6190185546875,1031.4044189453125,-791.1700439453125,0.0029530690517276525,-0.08108827471733093,-0.08027629554271698,0.993464469909668,1,1643734,13689
1786083230,169222947,1,-1600.5198974609375,578.7396240234375,-1126.4287109375,,,,,,,,,,1643735,13689
1786083230,169222947,,,,,5,-1496.6396484375,1031.441162109375,-791.2028198242188,0.0029265638440847397,-0.08117090165615082,-0.08155478537082672,0.9933536052703857,1,1643735,13689
1786083230,177609218,1,-1600.2044677734375,579.3594360351562,-1126.9166259765625,,,,,,,,,,1643736,13689
1786083230,177609218,,,,,5,-1496.636474609375,1031.5142822265625,-791.2758178710938,0.0030450981575995684,-0.08068323135375977,-0.07921749353408813,0.9935821294784546,1,1643736,13689
1786083230,185309660,1,-1600.2210693359375,579.2720947265625,-1127.0189208984375,,,,,,,,,,1643737,13689
1786083230,185309660,,,,,5,-1496.62841796875,1031.41552734375,-791.1315307617188,0.002680637175217271,-0.08111916482448578,-0.0805041491985321,0.9934442043304443,1,1643737,13689
1786083230,194196291,1,-1600.2940673828125,579.0599365234375,-1127.4869384765625,,,,,,,,,,1643738,13689
1786083230,194196291,,,,,5,-1496.6334228515625,1031.4105224609375,-791.1673583984375,0.0023467023856937885,-0.08102985471487045,-0.07913969457149506,0.9935620427131653,1,1643738,13689
1786083230,202243262,1,-1600.3563232421875,580.66455078125,-1128.554931640625,,,,,,,,,,1643739,13689
1786083230,202243262,,,,,5,-1496.65869140625,1031.4459228515625,-791.1549072265625,0.002474055392667651,-0.08109698444604874,-0.0794641450047493,0.9935303926467896,1,1643739,13689
1786083230,210355777,1,-1600.3929443359375,580.4259643554688,-1128.784912109375,,,,,,,,,,1643740,13689
1786083230,210355777,,,,,5,-1496.601806640625,1031.4617919921875,-791.2186889648438,0.003270039102062583,-0.08103738725185394,-0.07993745058774948,0.9934950470924377,1,1643740,13689
1786083230,219135151,1,-1600.514404296875,580.3469848632812,-1129.255859375,,,,,,,,,,1643741,13689
1786083230,219135151,,,,,5,-1496.6151123046875,1031.4534912109375,-791.1962890625,0.0034510246478021145,-0.08105114847421646,-0.08156941086053848,0.9933605790138245,1,1643741,13689
1786083230,227012040,1,-1600.58740234375,580.5760498046875,-1129.8232421875,,,,,,,,,,1643742,13689
1786083230,227012040,,,,,5,-1496.61962890625,1031.468017578125,-791.2088012695312,0.0032001330982893705,-0.08087887614965439,-0.07925650477409363,0.993562638759613,1,1643742,13689
1786083230,235930884,1,-1601.240234375,579.827392578125,-1130.42138671875,,,,,,,,,,1643743,13689
1786083230,235930884,,,,,5,-1496.63134765625,1031.4130859375,-791.1643676757812,0.0033544073812663555,-0.08128340542316437,-0.0815834328532219,0.993340790271759,1,1643743,13689
1786083230,244680861,1,-1600.8275146484375,578.7217407226562,-1130.04541015625,,,,,,,,,,1643744,13689
1786083230,244680861,,,,,5,-1496.5791015625,1031.4556884765625,-791.21728515625,0.0032631412614136934,-0.08092464506626129,-0.0794612467288971,0.9935423135757446,1,1643744,13689
1786083230,252156809,1,-1600.82861328125,578.9324951171875,-1130.478515625,,,,,,,,,,1643745,13689
1786083230,252156809,,,,,5,-1496.6414794921875,1031.42578125,-791.2025756835938,0.0031973342411220074,-0.08121237903833389,-0.08046489208936691,0.9934383630752563,1,1643745,13689
1786083230,260986021,1,-1600.857421875,579.2232055664062,-1130.7945556640625,,,,,,,,,,1643746,13689
1786083230,260986021,,,,,5,-1496.6881103515625,1031.5028076171875,-791.2637939453125,0.003576623974367976,-0.08103356510400772,-0.08122838288545609,0.9933894872665405,1,1643746,13689
1786083230,268799606,1,-1600.63916015625,579.6106567382812,-1131.22265625,,,,,,,,,,1643747,13689
1786083230,268799606,,,,,5,-1496.646240234375,1031.4085693359375,-791.1363525390625,0.0030154313426464796,-0.08103770762681961,-0.07984024286270142,0.9935035109519958,1,1643747,13689
1786083230,276652440,1,-1600.4766845703125,579.6744384765625,-1131.3131103515625,,,,,,,,,,1643748,13689
1786083230,276652440,,,,,5,-1496.6107177734375,1031.4478759765625,-791.2094116210938,0.0033589694648981094,-0.08099153637886047,-0.07971154153347015,0.9935165047645569,1,1643748,13689
1786083230,285777160,1,-1600.8927001953125,581.236083984375,-1132.452880859375,,,,,,,,,,1643749,13689
1786083230,285777160,,,,,5,-1496.6240234375,1031.4310302734375,-791.1317138671875,0.002551404759287834,-0.08108287304639816,-0.07926130294799805,0.9935474991798401,1,1643749,13689
1786083230,293845339,1,-1601.0496826171875,580.8173828125,-1132.7789306640625,,,,,,,,,,1643750,13689
1786083230,293845339,,,,,5,-1496.662353515625,1031.4842529296875,-791.1882934570312,0.0029910483863204718,-0.08139733225107193,-0.08001429587602615,0.9934601783752441,1,1643750,13689
1786083230,301769730,1,-1600.3753662109375,581.64453125,-1132.982421875,,,,,,,,,,1643751,13689
1786083230,301769730,,,,,5,-1496.6619873046875,1031.5306396484375,-791.2079467773438,0.0030687940306961536,-0.0812234953045845,-0.08029305934906006,0.9934516549110413,1,1643751,13689
1786083230,311116449,1,-1600.66259765625,581.2918701171875,-1133.4388427734375,,,,,,,,,,1643752,13689
1786083230,311116449,,,,,5,-1496.6103515625,1031.475341796875,-791.2333374023438,0.0035023423843085766,-0.0810922235250473,-0.08056073635816574,0.9934393167495728,1,1643752,13689
1786083230,318837171,1,-1600.6954345703125,579.7925415039062,-1133.13818359375,,,,,,,,,,1643753,13689
1786083230,318837171,,,,,5,-1496.6590576171875,1031.5003662109375,-791.1964721679688,0.0030656938906759024,-0.08134350180625916,-0.0803908035159111,0.9934340119361877,1,1643753,13689
1786083230,326629676,1,-1601.066162109375,579.43115234375,-1133.6005859375,,,,,,,,,,1643754,13689
1786083230,326629676,,,,,5,-1496.6357421875,1031.4908447265625,-791.2098999023438,0.002964847953990102,-0.0812717005610466,-0.08035759627819061,0.9934428334236145,1,1643754,13689
1786083230,335628202,1,-1600.876220703125,579.5736083984375,-1133.6356201171875,,,,,,,,,,1643755,13689
1786083230,335628202,,,,,5,-1496.6002197265625,1031.4267578125,-791.2305908203125,0.003094784216955304,-0.08112192153930664,-0.07923579216003418,0.9935448169708252,1,1643755,13689
1786083230,344575898,1,-1600.8192138671875,579.81982421875,-1133.90185546875,,,,,,,,,,1643756,13689
1786083230,344575898,,,,,5,-1496.6434326171875,1031.4500732421875,-791.2089233398438,0.0033174308482557535,-0.08127005398273468,-0.08045142889022827,0.9934341907501221,1,1643756,13689
1786083230,352580709,1,-1600.45068359375,580.246337890625,-1133.936767578125,,,,,,,,,,1643757,13689
1786083230,352580709,,,,,5,-1496.6343994140625,1031.420166015625,-791.1720581054688,0.003083918010815978,-0.08100681006908417,-0.07920727133750916,0.993556559085846,1,1643757,13689
1786083230,360498031,1,-1600.6171875,580.0411987304688,-1134.101318359375,,,,,,,,,,1643758,13689
1786083230,360498031,,,,,5,-1496.6280517578125,1031.5059814453125,-791.265625,0.003578231204301119,-0.08105619251728058,-0.0812445655465126,0.9933862686157227,1,1643758,13689
1786083230,369301237,1,-1600.381591796875,580.4622802734375,-1134.2568359375,,,,,,,,,,1643759,13689
1786083230,369301237,,,,,5,-1496.6346435546875,1031.4637451171875,-791.1935424804688,0.0031456921715289354,-0.08120842278003693,-0.07984579354524612,0.9934887290000916,1,1643759,13689
1786083230,377386946,1,-1599.991943359375,581.1554565429688,-1134.534912109375,,,,,,,,,,1643760,13689
1786083230,377386946,,,,,5,-1496.6513671875,1031.5152587890625,-791.3043212890625,0.0030126404017210007,-0.08077601343393326,-0.07864116877317429,0.9936205744743347,1,1643760,13689
1786083230,385462066,1,-1600.2047119140625,580.60498046875,-1134.5140380859375,,,,,,,,,,1643761,13689
1786083230,385462066,,,,,5,-1496.6888427734375,1031.485595703125,-791.2338256835938,0.00298140337690711,-0.08099570870399475,-0.07953479886054993,0.9935315847396851,1,1643761,13689
1786083230,393395926,1,-1599.907958984375,582.5524291992188,-1135.20068359375,,,,,,,,,,1643762,13689
1786083230,393395926,,,,,5,-1496.5780029296875,1031.4193115234375,-791.2257690429688,0.0032104244455695152,-0.08098119497299194,-0.07953275740146637,0.9935321807861328,1,1643762,13689
1786083230,402361153,1,-1599.6126708984375,582.384033203125,-1135.0440673828125,,,,,,,,,,1643763,13689
1786083230,402361153,,,,,5,-1496.6580810546875,1031.4539794921875,-791.1617431640625,0.0026537643279880285,-0.08127078413963318,-0.08088669180870056,0.9934007525444031,1,1643763,13689
1786083230,410302434,1,-1599.1483154296875,583.1559448242188,-1135.020751953125,,,,,,,,,,1643764,13689
1786083230,410302434,,,,,5,-1496.6737060546875,1031.4593505859375,-791.2098999023438,0.00322759454138577,-0.0808909609913826,-0.08106081932783127,0.9934159517288208,1,1643764,13689
1786083230,419840379,1,-1599.862060546875,582.9451904296875,-1135.285888671875,,,,,,,,,,1643765,13689
1786083230,419840379,,,,,5,-1496.6385498046875,1031.4696044921875,-791.2393188476562,0.003090754384174943,-0.08061773329973221,-0.07848062366247177,0.9936458468437195,1,1643765,13689
1786083230,427272695,1,-1599.8883056640625,582.4325561523438,-1135.3624267578125,,,,,,,,,,1643766,13690
1786083230,427272695,,,,,5,-1496.6351318359375,1031.4267578125,-791.154296875,0.0024775469209998846,-0.08118465542793274,-0.07959730178117752,0.9935125708580017,1,1643766,13690
1786083230,435345256,1,-1598.8216552734375,582.2808837890625,-1134.6558837890625,,,,,,,,,,1643767,13690
1786083230,435345256,,,,,5,-1496.6435546875,1031.515869140625,-791.2167358398438,0.002891079057008028,-0.08137373626232147,-0.08063910901546478,0.9934119582176208,1,1643767,13690
1786083230,444375739,1,-1598.9114990234375,582.4893188476562,-1134.7880859375,,,,,,,,,,1643768,13690
1786083230,444375739,,,,,5,-1496.6514892578125,1031.4400634765625,-791.2091064453125,0.0031976010650396347,-0.08088483661413193,-0.08118044584989548,0.9934067130088806,1,1643768,13690
1786083230,453550488,1,-1598.974609375,582.0747680664062,-1134.9808349609375,,,,,,,,,,1643769,13690
1786083230,453550488,,,,,5,-1496.6285400390625,1031.480224609375,-791.2009887695312,0.003112096805125475,-0.08114746958017349,-0.08052072674036026,0.9934393763542175,1,1643769,13690
1786083230,460136811,1,-1598.8079833984375,581.9839477539062,-1135.112548828125,,,,,,,,,,1643770,13690
1786083230,460136811,,,,,5,-1496.6807861328125,1031.487548828125,-791.22216796875,0.0028069820255041122,-0.08079198747873306,-0.07980900257825851,0.9935266971588135,1,1643770,13690
1786083230,469834696,1,-1598.2872314453125,583.0103759765625,-1135.2501220703125,,,,,,,,,,1643771,13690
1786083230,469834696,,,,,5,-1496.622314453125,1031.453125,-791.1885375976562,0.003389563877135515,-0.08097536116838455,-0.07948323339223862,0.9935359358787537,1,1643771,13690
1786083230,477696327,1,-1599.5279541015625,583.4696655273438,-1135.80615234375,,,,,,,,,,1643772,13690
1786083230,477696327,,,,,5,-1496.6453857421875,1031.3963623046875,-791.1985473632812,0.002643887884914875,-0.08101112395524979,-0.07935526221990585,0.993545651435852,1,1643772,13690
1786083230,485891980,1,-1598.7958984375,583.7603759765625,-1136.166015625,,,,,,,,,,1643773,13690
1786083230,485891980,,,,,5,-1496.6136474609375,1031.490234375,-791.2443237304688,0.0027574130799621344,-0.08101285994052887,-0.0786828026175499,0.9935986399650574,1,1643773,13690
1786083230,494065528,1,-1597.8311767578125,583.5154418945312,-1135.39892578125,,,,,,,,,,1643774,13690
1786083230,494065528,,,,,5,-1496.6328125,1031.466796875,-791.2391357421875,0.0035475133918225765,-0.08065526932477951,-0.08063644915819168,0.9934685826301575,1,1643774,13690
1786083230,502070786,1,-1598.175537109375,582.8368530273438,-1135.618408203125,,,,,,,,,,1643775,13690
1786083230,502070786,,,,,5,-1496.6263427734375,1031.495361328125,-791.2051391601562,0.003053635824471712,-0.08121179044246674,-0.08057962357997894,0.99342942237854,1,1643775,13690
1786083230,509960247,1,-1597.748779296875,583.6607055664062,-1135.6044921875,,,,,,,,,,1643776,13690
1786083230,509960247,,,,,5,-1496.6326904296875,1031.42041015625,-791.216064453125,0.0032141869887709618,-0.08101577311754227,-0.08097288757562637,0.9934130311012268,1,1643776,13690
1786083230,519365376,1,-1597.8929443359375,583.256103515625,-1135.68408203125,,,,,,,,,,1643777,13690
1786083230,519365376,,,,,5,-1496.6136474609375,1031.4891357421875,-791.2142944335938,0.002885477850213647,-0.08119040727615356,-0.07972747832536697,0.9935004711151123,1,1643777,13690
1786083230,527480834,1,-1597.501220703125,584.1663208007812,-1135.581298828125,,,,,,,,,,1643778,13690
1786083230,527480834,,,,,5,-1496.6080322265625,1031.4478759765625,-791.2577514648438,0.0030904277227818966,-0.08113283663988113,-0.08022687584161758,0.993464469909668,1,1643778,13690
1786083230,534622345,1,-1597.4515380859375,584.2879028320312,-1135.6439208984375,,,,,,,,,,1643779,13690
1786083230,534622345,,,,,5,-1496.640380859375,1031.5042724609375,-791.20458984375,0.003467448288574815,-0.08129657059907913,-0.08061512559652328,0.9934185147285461,1,1643779,13690
1786083230,543855505,1,-1597.711181640625,583.5662841796875,-1135.649658203125,,,,,,,,,,1643780,13690
1786083230,543855505,,,,,5,-1496.6474609375,1031.47021484375,-791.2113037109375,0.00309223891235888,-0.08123314380645752,-0.07988609373569489,0.9934836626052856,1,1643780,13690
1786083230,552298810,1,-1597.272705078125,583.8731689453125,-1135.59423828125,,,,,,,,,,1643781,13690
1786083230,552298810,,,,,5,-1496.6168212890625,1031.4501953125,-791.173583984375,0.002851546974852681,-0.08115383237600327,-0.0791482999920845,0.9935499429702759,1,1643781,13690
1786083230,561033977,1,-1597.3900146484375,583.8851928710938,-1135.58154296875,,,,,,,,,,1643782,13690
1786083230,561033977,,,,,5,-1496.6395263671875,1031.46923828125,-791.1895751953125,0.002877576742321253,-0.08120964467525482,-0.07911849021911621,0.9935476183891296,1,1643782,13690
1786083230,568723959,1,-1597.2879638671875,583.6837768554688,-1135.6165771484375,,,,,,,,,,1643783,13690
1786083230,568723959,,,,,5,-1496.6279296875,1031.4700927734375,-791.1837768554688,0.002685504499822855,-0.08130795508623123,-0.0791279599070549,0.9935393333435059,1,1643783,13690
1786083230,577533402,1,-1597.2142333984375,583.5435791015625,-1135.659423828125,,,,,,,,,,1643784,13690
1786083230,577533402,,,,,5,-1496.6226806640625,1031.4730224609375,-791.1769409179688,0.0029460424557328224,-0.08113431930541992,-0.07932910323143005,0.9935368299484253,1,1643784,13690
1786083230,585876520,1,-1597.2255859375,583.5716552734375,-1135.5556640625,,,,,,,,,,1643785,13690
1786083230,585876520,,,,,5,-1496.664794921875,1031.4991455078125,-791.2006225585938,0.0033401937689632177,-0.08074752986431122,-0.08010070025920868,0.9935051798820496,1,1643785,13690
1786083230,594090630,1,-1597.2073974609375,583.8434448242188,-1135.529052734375,,,,,,,,,,1643786,13690
1786083230,594090630,,,,,5,-1496.6395263671875,1031.4683837890625,-791.1940307617188,0.002917056204751134,-0.08116646111011505,-0.07944510877132416,0.9935250282287598,1,1643786,13690
1786083230,602735558,1,-1597.2310791015625,583.922607421875,-1135.4742431640625,,,,,,,,,,1643787,13690
1786083230,602735558,,,,,5,-1496.6197509765625,1031.4451904296875,-791.2042236328125,0.003042045747861266,-0.08101585507392883,-0.07949499040842056,0.9935327768325806,1,1643787,13690
1786083230,611001680,1,-1596.9903564453125,583.9287719726562,-1135.3232421875,,,,,,,,,,1643788,13690
1786083230,611001680,,,,,5,-1496.6142578125,1031.4132080078125,-791.1959838867188,0.0032288122456520796,-0.08102190494537354,-0.08111900836229324,0.9934005737304688,1,1643788,13690
1786083230,618714342,1,-1597.3157958984375,583.5332641601562,-1135.4200439453125,,,,,,,,,,1643789,13690
1786083230,618714342,,,,,5,-1496.6488037109375,1031.485107421875,-791.1852416992188,0.0028291321359574795,-0.08121293783187866,-0.08001843094825745,0.9934754371643066,1,1643789,13690
1786083230,627190179,1,-1597.19482421875,584.1543579101562,-1135.106689453125,,,,,,,,,,1643790,13690
1786083230,627190179,,,,,5,-1496.642578125,1031.467529296875,-791.1630249023438,0.0025354078970849514,-0.08116002380847931,-0.07858989387750626,0.9935945868492126,1,1643790,13690
1786083230,636376061,1,-1598.0689697265625,584.6229858398438,-1135.745849609375,,,,,,,,,,1643791,13690
1786083230,636376061,,,,,5,-1496.6571044921875,1031.4862060546875,-791.1952514648438,0.002868443029001355,-0.08133919537067413,-0.07984501868486404,0.9934789538383484,1,1643791,13690
1786083230,643638199,1,-1597.773193359375,584.6222534179688,-1135.6539306640625,,,,,,,,,,1643792,13690
1786083230,643638199,,,,,5,-1496.6676025390625,1031.45166015625,-791.1842651367188,0.002639386337250471,-0.08126568794250488,-0.07970645278692245,0.9934967160224915,1,1643792,13690
1786083230,652863522,1,-1596.6590576171875,584.5421142578125,-1134.657470703125,,,,,,,,,,1643793,13690
1786083230,652863522,,,,,5,-1496.6417236328125,1031.50341796875,-791.236328125,0.00308520020917058,-0.08073320239782333,-0.07958293706178665,0.9935488700866699,1,1643793,13690
1786083230,661232359,1,-1596.665771484375,584.6079711914062,-1134.4564208984375,,,,,,,,,,1643794,13690
1786083230,661232359,,,,,5,-1496.6707763671875,1031.4830322265625,-791.1884765625,0.0029507034923881292,-0.08120319247245789,-0.07947858422994614,0.993519127368927,1,1643794,13690
1786083230,669230164,1,-1596.98876953125,584.6603393554688,-1134.300048828125,,,,,,,,,,1643795,13690
1786083230,669230164,,,,,5,-1496.626220703125,1031.4417724609375,-791.2330322265625,0.0029966766014695168,-0.08126966655254364,-0.08028186857700348,0.9934490919113159,1,1643795,13690
1786083230,677906600,1,-1596.6220703125,584.9469604492188,-1133.9947509765625,,,,,,,,,,1643796,13690
1786083230,677906600,,,,,5,-1496.6480712890625,1031.428955078125,-791.1616821289062,0.0030007727909833193,-0.08086235821247101,-0.07889781147241592,0.993593156337738,1,1643796,13690
1786083230,685308016,1,-1596.8109130859375,584.6749267578125,-1133.94873046875,,,,,,,,,,1643797,13690
1786083230,685308016,,,,,5,-1496.6331787109375,1031.4693603515625,-791.2431030273438,0.0033363960683345795,-0.08119582384824753,-0.08023945987224579,0.9934573769569397,1,1643797,13690
1786083230,693639426,1,-1596.4442138671875,585.787109375,-1134.1065673828125,,,,,,,,,,1643798,13690
1786083230,693639426,,,,,5,-1496.6734619140625,1031.4833984375,-791.1754150390625,0.002183664822950959,-0.081075519323349,-0.07814440876245499,0.9936373829841614,1,1643798,13690
1786083230,702693100,1,-1597.098876953125,584.8461303710938,-1133.930419921875,,,,,,,,,,1643799,13690
1786083230,702693100,,,,,5,-1496.6038818359375,1031.47412109375,-791.23583984375,0.0029831212013959885,-0.08117061853408813,-0.0800534263253212,0.9934756755828857,1,1643799,13690
1786083230,710234752,1,-1597.046630859375,585.0599975585938,-1133.861083984375,,,,,,,,,,1643800,13690
1786083230,710234752,,,,,5,-1496.6573486328125,1031.4310302734375,-791.1992797851562,0.003201903309673071,-0.08098481595516205,-0.08107710629701614,0.9934071898460388,1,1643800,13690
1786083230,718391731,1,-1597.0562744140625,585.3431396484375,-1133.526611328125,,,,,,,,,,1643801,13690
1786083230,718391731,,,,,5,-1496.6551513671875,1031.477783203125,-791.2440185546875,0.003508914727717638,-0.08068519085645676,-0.08040191233158112,0.9934853911399841,1,1643801,13690
1786083230,727386067,1,-1596.937255859375,585.2774047851562,-1133.3807373046875,,,,,,,,,,1643802,13690
1786083230,727386067,,,,,5,-1496.6224365234375,1031.4739990234375,-791.221435546875,0.0030230586417019367,-0.08130679279565811,-0.08034718036651611,0.9934406280517578,1,1643802,13690
1786083230,735395131,1,-1596.9434814453125,585.7561645507812,-1133.1661376953125,,,,,,,,,,1643803,13690
1786083230,735395131,,,,,5,-1496.6502685546875,1031.44677734375,-791.1958618164062,0.002779234666377306,-0.08100778609514236,-0.07931620627641678,0.9935486912727356,1,1643803,13690
1786083230,744404726,1,-1597.13427734375,585.66943359375,-1133.087158203125,,,,,,,,,,1643804,13690
1786083230,744404726,,,,,5,-1496.65478515625,1031.42626953125,-791.14111328125,0.0027973034884780645,-0.08124936372041702,-0.0812547504901886,0.9933722615242004,1,1643804,13690
1786083230,752176917,1,-1597.1436767578125,585.76220703125,-1132.8486328125,,,,,,,,,,1643805,13690
1786083230,752176917,,,,,5,-1496.6356201171875,1031.4105224609375,-791.19091796875,0.0031148470006883144,-0.08117235451936722,-0.08080608397722244,0.9934141635894775,1,1643805,13690
1786083230,760125972,1,-1597.0885009765625,585.9596557617188,-1132.7418212890625,,,,,,,,,,1643806,13690
1786083230,760125972,,,,,5,-1496.607666015625,1031.4285888671875,-791.1981201171875,0.002607707167044282,-0.08113376796245575,-0.07888594269752502,0.9935731291770935,1,1643806,13690
1786083230,769686308,1,-1597.25732421875,585.4951782226562,-1132.718994140625,,,,,,,,,,1643807,13690
1786083230,769686308,,,,,5,-1496.6195068359375,1031.4185791015625,-791.2048950195312,0.0031762307044118643,-0.08089267462491989,-0.08061167597770691,0.9934525489807129,1,1643807,13690
1786083230,777214493,1,-1597.0634765625,585.927490234375,-1132.5247802734375,,,,,,,,,,1643808,13690
1786083230,777214493,,,,,5,-1496.6763916015625,1031.4635009765625,-791.1525268554688,0.0026045781560242176,-0.08144395798444748,-0.08039039373397827,0.9934271574020386,1,1643808,13690
1786083230,785268885,1,-1597.2198486328125,585.8230590820312,-1132.3856201171875,,,,,,,,,,1643809,13690
1786083230,785268885,,,,,5,-1496.6285400390625,1031.500244140625,-791.1890258789062,0.002710209460929036,-0.08111076802015305,-0.07916554808616638,0.9935524463653564,1,1643809,13690
1786083230,794120393,1,-1597.1851806640625,586.2110595703125,-1132.1885986328125,,,,,,,,,,1643810,13690
1786083230,794120393,,,,,5,-1496.62353515625,1031.4541015625,-791.199951171875,0.0032946437131613493,-0.08098948001861572,-0.0795748233795166,0.9935278296470642,1,1643810,13690
1786083230,802124148,1,-1597.1197509765625,585.98583984375,-1132.171142578125,,,,,,,,,,1643811,13690
1786083230,802124148,,,,,5,-1496.5968017578125,1031.41796875,-791.20947265625,0.0028516994789242744,-0.08105509728193283,-0.07874342054128647,0.9935901165008545,1,1643811,13690
1786083230,810118242,1,-1596.7620849609375,586.5862426757812,-1132.351806640625,,,,,,,,,,1643812,13690
1786083230,810118242,,,,,5,-1496.6353759765625,1031.502197265625,-791.27978515625,0.0029546332079917192,-0.0811857208609581,-0.07914808392524719,0.9935470223426819,1,1643812,13690
1786083230,819932182,1,-1597.3648681640625,586.023193359375,-1131.982666015625,,,,,,,,,,1643813,13690
1786083230,819932182,,,,,5,-1496.6444091796875,1031.4447021484375,-791.2313232421875,0.0031776188407093287,-0.08108251541852951,-0.08112318068742752,0.9933954477310181,1,1643813,13690
1786083230,826952905,1,-1597.2188720703125,586.0911254882812,-1131.985107421875,,,,,,,,,,1643814,13690
1786083230,826952905,,,,,5,-1496.6209716796875,1031.479736328125,-791.1967163085938,0.0027420141268521547,-0.08117323368787766,-0.079290010035038,0.9935373067855835,1,1643814,13690
1786083230,835282908,1,-1597.3089599609375,586.113525390625,-1131.8021240234375,,,,,,,,,,1643815,13690
1786083230,835282908,,,,,5,-1496.6417236328125,1031.488525390625,-791.2020263671875,0.0030051046051084995,-0.08091042935848236,-0.07985915243625641,0.9935124516487122,1,1643815,13690
1786083230,844188348,1,-1597.1556396484375,586.2786254882812,-1131.5662841796875,,,,,,,,,,1643816,13690
1786083230,844188348,,,,,5,-1496.663330078125,1031.489013671875,-791.1925659179688,0.0027611651457846165,-0.08108775317668915,-0.08012384921312332,0.9934772849082947,1,1643816,13690
1786083230,851909038,1,-1597.1524658203125,586.1095581054688,-1131.62890625,,,,,,,,,,1643817,13690
1786083230,851909038,,,,,5,-1496.622314453125,1031.4476318359375,-791.2534790039062,0.0033040449488908052,-0.08052053302526474,-0.07913235574960709,0.9936013221740723,1,1643817,13690
1786083230,861255597,1,-1597.177001953125,586.1478271484375,-1131.5936279296875,,,,,,,,,,1643818,13690
1786083230,861255597,,,,,5,-1496.6444091796875,1031.4107666015625,-791.1995239257812,0.0032539444509893656,-0.08113314211368561,-0.08125855773687363,0.993380069732666,1,1643818,13690
1786083230,868779144,1,-1597.146484375,585.64111328125,-1131.541015625,,,,,,,,,,1643819,13690
1786083230,868779144,,,,,5,-1496.6243896484375,1031.4591064453125,-791.1796875,0.0027529378421604633,-0.08109258115291595,-0.07851032167673111,0.9936057925224304,1,1643819,13690
1786083230,876787409,1,-1596.8824462890625,585.9442138671875,-1131.44775390625,,,,,,,,,,1643820,13690
1786083230,876787409,,,,,5,-1496.6265869140625,1031.457275390625,-791.2301635742188,0.003238455858081579,-0.08088062703609467,-0.07990474998950958,0.9935104846954346,1,1643820,13690
1786083230,885712042,1,-1596.70361328125,586.171630859375,-1131.2039794921875,,,,,,,,,,1643821,13690
1786083230,885712042,,,,,5,-1496.6273193359375,1031.4296875,-791.1885986328125,0.0030345034319907427,-0.08098433911800385,-0.08034716546535492,0.9934670329093933,1,1643821,13690
1786083230,893835273,1,-1596.6854248046875,585.496337890625,-1131.4256591796875,,,,,,,,,,1643822,13690
1786083230,893835273,,,,,5,-1496.6004638671875,1031.4798583984375,-791.2296752929688,0.002689026528969407,-0.08129270374774933,-0.07942914217710495,0.9935165047645569,1,1643822,13690
1786083230,902106833,1,-1595.8306884765625,585.9923706054688,-1131.2769775390625,,,,,,,,,,1643823,13690
1786083230,902106833,,,,,5,-1496.61865234375,1031.46484375,-791.2196655273438,0.003248345572501421,-0.081317238509655,-0.08113177120685577,0.9933753609657288,1,1643823,13690
1786083230,910676365,1,-1596.2325439453125,585.0878295898438,-1131.362548828125,,,,,,,,,,1643824,13690
1786083230,910676365,,,,,5,-1496.6710205078125,1031.4534912109375,-791.1605834960938,0.0026671767700463533,-0.08133023977279663,-0.08035625517368317,0.9934390187263489,1,1643824,13690
1786083230,918541514,1,-1596.06494140625,585.744873046875,-1131.106689453125,,,,,,,,,,1643825,13690
1786083230,918541514,,,,,5,-1496.65087890625,1031.4393310546875,-791.1591796875,0.002810080535709858,-0.08111721277236938,-0.08045999705791473,0.9934476613998413,1,1643825,13690
1786083230,928404844,1,-1596.0958251953125,585.2730102539062,-1131.2232666015625,,,,,,,,,,1643826,13690
1786083230,928404844,,,,,5,-1496.6383056640625,1031.4556884765625,-791.1798706054688,0.0027371160686016083,-0.08095554262399673,-0.07956636697053909,0.9935329556465149,1,1643826,13690
1786083230,935695899,1,-1596.2310791015625,584.7393188476562,-1131.3248291015625,,,,,,,,,,1643827,13690
1786083230,935695899,,,,,5,-1496.6578369140625,1031.441650390625,-791.1769409179688,0.0026052093598991632,-0.08125908672809601,-0.08048161119222641,0.9934348464012146,1,1643827,13690
1786083230,943836564,1,-1595.838623046875,584.1766357421875,-1131.4647216796875,,,,,,,,,,1643828,13690
1786083230,943836564,,,,,5,-1496.63916015625,1031.4749755859375,-791.184326171875,0.0027627425733953714,-0.08123735338449478,-0.08041760325431824,0.9934414625167847,1,1643828,13690
1786083230,951767609,1,-1595.6693115234375,583.7962036132812,-1131.2041015625,,,,,,,,,,1643829,13690
1786083230,951767609,,,,,5,-1496.6607666015625,1031.4217529296875,-791.1898803710938,0.00273717544041574,-0.08111567050218582,-0.08007138222455978,0.9934793710708618,1,1643829,13690
1786083230,961024729,1,-1595.3135986328125,583.7676391601562,-1131.5545654296875,,,,,,,,,,1643830,13690
1786083230,961024729,,,,,5,-1496.618896484375,1031.4539794921875,-791.2488403320312,0.0037648510187864304,-0.081009641289711,-0.08115329593420029,0.9933969974517822,1,1643830,13690
1786083230,968619673,1,-1595.2576904296875,583.0739135742188,-1131.5670166015625,,,,,,,,,,1643831,13690
1786083230,968619673,,,,,5,-1496.6318359375,1031.4759521484375,-791.1779174804688,0.002786467084661126,-0.08121941983699799,-0.08023202419281006,0.9934578537940979,1,1643831,13690
1786083230,977445783,1,-1594.9854736328125,582.951416015625,-1131.8309326171875,,,,,,,,,,1643832,13690
1786083230,977445783,,,,,5,-1496.6473388671875,1031.4910888671875,-791.1994018554688,0.0029903650283813477,-0.08118267357349396,-0.0799216628074646,0.993485152721405,1,1643832,13690
1786083230,985624769,1,-1594.4921875,582.9879760742188,-1131.9951171875,,,,,,,,,,1643833,13690
1786083230,985624769,,,,,5,-1496.6202392578125,1031.4603271484375,-791.2476806640625,0.003452398581430316,-0.08134692162275314,-0.08081197738647461,0.9933982491493225,1,1643833,13690
1786083230,994528322,1,-1594.4029541015625,581.6033325195312,-1132.2747802734375,,,,,,,,,,1643834,13690
1786083230,994528322,,,,,5,-1496.6126708984375,1031.4578857421875,-791.2151489257812,0.0031272401101887226,-0.08116161823272705,-0.08020664006471634,0.9934635162353516,1,1643834,13690
1786083231,2146426,1,-1594.03369140625,581.1116943359375,-1132.3590087890625,,,,,,,,,,1643835,13690
1786083231,2146426,,,,,5,-1496.644775390625,1031.5081787109375,-791.2252197265625,0.0031531464774161577,-0.08121931552886963,-0.0801936537027359,0.9934597611427307,1,1643835,13690
1786083231,10288860,1,-1593.592529296875,580.4951171875,-1132.7769775390625,,,,,,,,,,1643836,13690
1786083231,10288860,,,,,5,-1496.6214599609375,1031.4130859375,-791.162109375,0.0025262951385229826,-0.08111575990915298,-0.08019309490919113,0.9934701919555664,1,1643836,13690
1786083231,18836650,1,-1593.718505859375,579.8270874023438,-1132.97607421875,,,,,,,,,,1643837,13690
1786083231,18836650,,,,,5,-1496.6365966796875,1031.4444580078125,-791.2128295898438,0.0033020952250808477,-0.08068732172250748,-0.07976599037647247,0.9935371279716492,1,1643837,13690
1786083231,27244523,1,-1593.3343505859375,578.7488403320312,-1133.3233642578125,,,,,,,,,,1643838,13690
1786083231,27244523,,,,,5,-1496.6136474609375,1031.45947265625,-791.2100219726562,0.0026318079326301813,-0.08134735375642776,-0.07902904599905014,0.9935441613197327,1,1643838,13690
1786083231,35681410,1,-1592.9876708984375,578.107666015625,-1133.7679443359375,,,,,,,,,,1643839,13690
1786083231,35681410,,,,,5,-1496.6597900390625,1031.4208984375,-791.1930541992188,0.0030269669368863106,-0.08097436279058456,-0.08106286823749542,0.9934095740318298,1,1643839,13690
1786083231,43245559,1,-1592.4932861328125,577.5809326171875,-1134.2576904296875,,,,,,,,,,1643840,13690
1786083231,43245559,,,,,5,-1496.6304931640625,1031.462158203125,-791.252685546875,0.0034278647508472204,-0.08125795423984528,-0.08119557797908783,0.9933744668960571,1,1643840,13690
1786083231,52869660,1,-1590.7982177734375,577.822998046875,-1135.026611328125,,,,,,,,,,1643841,13690
1786083231,52869660,,,,,5,-1496.6126708984375,1031.48095703125,-791.2545776367188,0.0028436335269361734,-0.08104813098907471,-0.07833191752433777,0.9936232566833496,1,1643841,13690
1786083231,60200646,1,-1591.255126953125,575.9031372070312,-1135.241943359375,,,,,,,,,,1643842,13690
1786083231,60200646,,,,,5,-1496.6507568359375,1031.5057373046875,-791.1824951171875,0.0027961048763245344,-0.0812903493642807,-0.07909606397151947,0.9935430288314819,1,1643842,13690
1786083231,68175686,1,-1592.1722412109375,572.4702758789062,-1135.7625732421875,,,,,,,,,,1643843,13690
1786083231,68175686,,,,,5,-1496.6575927734375,1031.440673828125,-791.1953735351562,0.0030493238009512424,-0.08113750070333481,-0.08169711381196976,0.9933443069458008,1,1643843,13690
1786083231,77534699,1,-1590.58251953125,573.4766845703125,-1136.346923828125,,,,,,,,,,1643844,13690
1786083231,77534699,,,,,5,-1496.6385498046875,1031.454345703125,-791.23486328125,0.003344101132825017,-0.08076382428407669,-0.07977288961410522,0.9935302734375,1,1643844,13690
1786083231,85453503,1,-1590.7548828125,571.4244384765625,-1136.9976806640625,,,,,,,,,,1643845,13690
1786083231,85453503,,,,,5,-1496.6177978515625,1031.4334716796875,-791.1957397460938,0.003202304244041443,-0.08108792454004288,-0.07995482534170151,0.9934895038604736,1,1643845,13690
1786083231,93052776,1,-1591.43017578125,569.64697265625,-1138.1439208984375,,,,,,,,,,1643846,13690
1786083231,93052776,,,,,5,-1496.635986328125,1031.4549560546875,-791.1400756835938,0.0028480119071900845,-0.08131082355976105,-0.08073917031288147,0.9934090375900269,1,1643846,13690
1786083231,102041429,1,-1591.3707275390625,568.1471557617188,-1138.864990234375,,,,,,,,,,1643847,13690
1786083231,102041429,,,,,5,-1496.67138671875,1031.4498291015625,-791.1593017578125,0.0024630813859403133,-0.0814037024974823,-0.08000258356332779,0.9934620261192322,1,1643847,13690
1786083231,110013749,1,-1589.855224609375,568.8568115234375,-1139.237548828125,,,,,,,,,,1643848,13690
1786083231,110013749,,,,,5,-1496.6590576171875,1031.4339599609375,-791.18505859375,0.0026349034160375595,-0.08135458827018738,-0.08043207973241806,0.993431031703949,1,1643848,13690
1786083231,118943895,1,-1590.3663330078125,566.1932983398438,-1140.1795654296875,,,,,,,,,,1643849,13690
1786083231,118943895,,,,,5,-1496.6546630859375,1031.4722900390625,-791.142578125,0.002879566513001919,-0.08127891272306442,-0.08034246414899826,0.9934437274932861,1,1643849,13690
1786083231,126927827,1,-1590.24072265625,563.91357421875,-1141.529296875,,,,,,,,,,1643850,13690
1786083231,126927827,,,,,5,-1496.638671875,1031.427978515625,-791.1845703125,0.0032365997321903706,-0.08097586780786514,-0.08147280663251877,0.9933754205703735,1,1643850,13690
1786083231,135188170,1,-1589.01171875,563.4539794921875,-1142.3494873046875,,,,,,,,,,1643851,13690
1786083231,135188170,,,,,5,-1496.6119384765625,1031.446044921875,-791.18603515625,0.0030072915833443403,-0.08107001334428787,-0.07870572060346603,0.9935914874076843,1,1643851,13690
1786083231,143886049,1,-1588.8052978515625,562.291259765625,-1143.1494140625,,,,,,,,,,1643852,13690
1786083231,143886049,,,,,5,-1496.634765625,1031.4285888671875,-791.1480712890625,0.0026062147226184607,-0.0812271386384964,-0.08003371953964233,0.9934737682342529,1,1643852,13690
1786083231,152108326,1,-1588.500244140625,559.9534301757812,-1144.3199462890625,,,,,,,,,,1643853,13690
1786083231,152108326,,,,,5,-1496.662841796875,1031.4320068359375,-791.1510009765625,0.002712380373850465,-0.08120513707399368,-0.08068621903657913,0.9934225082397461,1,1643853,13690
1786083231,159806474,1,-1588.7022705078125,557.2642211914062,-1145.3759765625,,,,,,,,,,1643854,13690
1786083231,159806474,,,,,5,-1496.6336669921875,1031.4818115234375,-791.2465209960938,0.0033804993145167828,-0.08119287341833115,-0.08045995235443115,0.9934397339820862,1,1643854,13690
1786083231,169319896,1,-1588.9246826171875,556.364990234375,-1146.5723876953125,,,,,,,,,,1643855,13690
1786083231,169319896,,,,,5,-1496.639404296875,1031.5091552734375,-791.2213745117188,0.002910210285335779,-0.08132059127092361,-0.07974778860807419,0.9934881329536438,1,1643855,13690
1786083231,176753884,1,-1588.7596435546875,553.931884765625,-1147.57958984375,,,,,,,,,,1643856,13690
1786083231,176753884,,,,,5,-1496.6217041015625,1031.4298095703125,-791.1674194335938,0.00301406835205853,-0.08115994185209274,-0.08052971959114075,0.9934378862380981,1,1643856,13690
1786083231,184805504,1,-1588.7392578125,551.0715942382812,-1148.7181396484375,,,,,,,,,,1643857,13690
1786083231,184805504,,,,,5,-1496.6663818359375,1031.4417724609375,-791.1661987304688,0.0027426599990576506,-0.0813092589378357,-0.08082099258899689,0.9934027791023254,1,1643857,13690
1786083231,193744575,1,-1588.2186279296875,550.5092163085938,-1150.2012939453125,,,,,,,,,,1643858,13690
1786083231,193744575,,,,,5,-1496.6341552734375,1031.4398193359375,-791.1603393554688,0.0027975270058959723,-0.08125898987054825,-0.08005432039499283,0.9934688806533813,1,1643858,13690
1786083231,201681804,1,-1588.126220703125,547.38427734375,-1151.080810546875,,,,,,,,,,1643859,13690
1786083231,201681804,,,,,5,-1496.6224365234375,1031.4881591796875,-791.1873168945312,0.002972860587760806,-0.08119117468595505,-0.0799657553434372,0.9934809803962708,1,1643859,13690
1786083231,210613965,1,-1587.57763671875,546.111572265625,-1152.2548828125,,,,,,,,,,1643860,13690
1786083231,210613965,,,,,5,-1496.6307373046875,1031.4462890625,-791.2032470703125,0.0032278099097311497,-0.08099989593029022,-0.07942310720682144,0.9935394525527954,1,1643860,13690
1786083231,218678892,1,-1587.1004638671875,544.199951171875,-1154.0,,,,,,,,,,1643861,13690
1786083231,218678892,,,,,5,-1496.6280517578125,1031.4559326171875,-791.2066650390625,0.002914898796007037,-0.08101224899291992,-0.0791439339518547,0.9935616850852966,1,1643861,13690
1786083231,226611067,1,-1586.8448486328125,542.470458984375,-1155.2135009765625,,,,,,,,,,1643862,13690
1786083231,226611067,,,,,5,-1496.6512451171875,1031.4620361328125,-791.1688842773438,0.0027432257775217295,-0.08102167397737503,-0.07954254746437073,0.9935294389724731,1,1643862,13690
1786083231,235674476,1,-1581.8592529296875,545.6919555664062,-1155.80810546875,,,,,,,,,,1643863,13690
1786083231,235674476,,,,,5,-1496.6497802734375,1031.4390869140625,-791.2052001953125,0.002529490040615201,-0.08102986216545105,-0.07975083589553833,0.9935126900672913,1,1643863,13690
1786083231,243595263,1,-1583.2633056640625,544.1224365234375,-1157.5267333984375,,,,,,,,,,1643864,13690
1786083231,243595263,,,,,5,-1496.6468505859375,1031.4755859375,-791.1839599609375,0.0029601792339235544,-0.08114620298147202,-0.07952900975942612,0.9935197830200195,1,1643864,13690
1786083231,251736194,1,-1580.5374755859375,543.1864013671875,-1158.6279296875,,,,,,,,,,1643865,13690
1786083231,251736194,,,,,5,-1496.642822265625,1031.4913330078125,-791.19091796875,0.0023020359221845865,-0.0813087671995163,-0.07908061891794205,0.9935440421104431,1,1643865,13690
1786083231,260651785,1,-1584.0693359375,538.1912231445312,-1160.258056640625,,,,,,,,,,1643866,13690
1786083231,260651785,,,,,5,-1496.6392822265625,1031.382080078125,-791.1946411132812,0.002895377343520522,-0.081076480448246,-0.080081045627594,0.9934813976287842,1,1643866,13690
1786083231,270101006,1,-1583.8062744140625,536.0347290039062,-1161.98291015625,,,,,,,,,,1643867,13690
1786083231,270101006,,,,,5,-1496.613525390625,1031.4078369140625,-791.184326171875,0.0030634182039648294,-0.08108267188072205,-0.080290287733078,0.9934634566307068,1,1643867,13690
1786083231,276405264,1,-1583.8045654296875,532.9451904296875,-1163.176513671875,,,,,,,,,,1643868,13690
1786083231,276405264,,,,,5,-1496.6630859375,1031.451171875,-791.2018432617188,0.002708625281229615,-0.08127253502607346,-0.07935988903045654,0.9935237169265747,1,1643868,13690
1786083231,285649663,1,-1578.7398681640625,536.1953735351562,-1164.3515625,,,,,,,,,,1643869,13690
1786083231,285649663,,,,,5,-1496.62109375,1031.4498291015625,-791.2427368164062,0.003176344558596611,-0.0808129608631134,-0.07984187453985214,0.9935210943222046,1,1643869,13690
1786083231,293391827,1,-1579.3203125,533.9863891601562,-1165.9229736328125,,,,,,,,,,1643870,13690
1786083231,293391827,,,,,5,-1496.6624755859375,1031.4910888671875,-791.23828125,0.0030903571750968695,-0.08095382153987885,-0.0806698277592659,0.9934430718421936,1,1643870,13690
1786083231,302704298,1,-1577.8912353515625,532.7345581054688,-1167.2203369140625,,,,,,,,,,1643871,13690
1786083231,302704298,,,,,5,-1496.6395263671875,1031.4451904296875,-791.18505859375,0.0027771349996328354,-0.08124681562185287,-0.08027597516775131,0.9934520721435547,1,1643871,13690
1786083231,310456699,1,-1577.9285888671875,530.816650390625,-1168.902587890625,,,,,,,,,,1643872,13690
1786083231,310456699,,,,,5,-1496.6724853515625,1031.484619140625,-791.2619018554688,0.0035752749536186457,-0.08108150959014893,-0.08115271478891373,0.9933918118476868,1,1643872,13690
1786083231,318541330,1,-1577.5400390625,529.565673828125,-1170.411865234375,,,,,,,,,,1643873,13690
1786083231,318541330,,,,,5,-1496.6441650390625,1031.4703369140625,-791.2032470703125,0.002935888012871146,-0.08106982707977295,-0.07946772873401642,0.9935310482978821,1,1643873,13690
1786083231,327406700,1,-1577.10693359375,528.181884765625,-1172.193115234375,,,,,,,,,,1643874,13690
1786083231,327406700,,,,,5,-1496.626220703125,1031.4730224609375,-791.2196655273438,0.002864768262952566,-0.08104301989078522,-0.07935447990894318,0.993542492389679,1,1643874,13690
1786083231,335380268,1,-1577.003662109375,526.3089599609375,-1173.59423828125,,,,,,,,,,1643875,13690
1786083231,335380268,,,,,5,-1496.6600341796875,1031.4505615234375,-791.2191772460938,0.002683118684217334,-0.08088133484125137,-0.07939664274454117,0.9935527443885803,1,1643875,13690
1786083231,343924443,1,-1580.102783203125,520.361083984375,-1175.45654296875,,,,,,,,,,1643876,13690
1786083231,343924443,,,,,5,-1496.628173828125,1031.4637451171875,-791.21875,0.0026662731543183327,-0.08129727095365524,-0.0797310397028923,0.9934921264648438,1,1643876,13690
1786083231,352287148,1,-1579.0987548828125,519.9893798828125,-1177.1295166015625,,,,,,,,,,1643877,13690
1786083231,352287148,,,,,5,-1496.630859375,1031.4713134765625,-791.2792358398438,0.0033622824121266603,-0.08097649365663528,-0.08003546297550201,0.9934917688369751,1,1643877,13690
1786083231,360229304,1,-1579.073974609375,518.648681640625,-1179.1005859375,,,,,,,,,,1643878,13690
1786083231,360229304,,,,,5,-1496.6708984375,1031.484619140625,-791.1798706054688,0.0028411701787263155,-0.08082698285579681,-0.08075577020645142,0.9934473037719727,1,1643878,13690
1786083231,368315630,1,-1578.96728515625,517.5833129882812,-1180.7493896484375,,,,,,,,,,1643879,13690
1786083231,368315630,,,,,5,-1496.6676025390625,1031.50537109375,-791.2009887695312,0.002922759158536792,-0.08072298020124435,-0.07933519780635834,0.9935699701309204,1,1643879,13690
1786083231,377180105,1,-1578.7552490234375,516.4485473632812,-1182.76123046875,,,,,,,,,,1643880,13690
1786083231,377180105,,,,,5,-1496.648681640625,1031.4578857421875,-791.176025390625,0.002871348289772868,-0.0812319740653038,-0.0814669206738472,0.9933560490608215,1,1643880,13690
1786083231,385189979,1,-1578.896240234375,513.624755859375,-1184.6693115234375,,,,,,,,,,1643881,13690
1786083231,385189979,,,,,5,-1496.6268310546875,1031.489013671875,-791.2321166992188,0.0030131815001368523,-0.08083762228488922,-0.07937648892402649,0.9935570955276489,1,1643881,13690
1786083231,393013426,1,-1578.0264892578125,514.2831420898438,-1186.3795166015625,,,,,,,,,,1643882,13690
1786083231,393013426,,,,,5,-1496.6522216796875,1031.4178466796875,-791.2120971679688,0.003167216433212161,-0.08081977814435959,-0.08046243339776993,0.9934706687927246,1,1643882,13690
1786083231,402037586,1,-1578.070556640625,512.68798828125,-1188.3814697265625,,,,,,,,,,1643883,13690
1786083231,402037586,,,,,5,-1496.6181640625,1031.4564208984375,-791.2411499023438,0.0031246114522218704,-0.0812721773982048,-0.08018694072961807,0.9934560656547546,1,1643883,13690
1786083231,409985211,1,-1577.68603515625,512.2369384765625,-1190.2493896484375,,,,,,,,,,1643884,13690
1786083231,409985211,,,,,5,-1496.684814453125,1031.470947265625,-791.1957397460938,0.0028644090052694082,-0.08078955113887787,-0.08053543418645859,0.9934681057929993,1,1643884,13690
1786083231,418949808,1,-1577.5078125,511.58251953125,-1191.9580078125,,,,,,,,,,1643885,13690
1786083231,418949808,,,,,5,-1496.6175537109375,1031.4906005859375,-791.193115234375,0.003147403011098504,-0.08117152005434036,-0.07983890920877457,0.9934923052787781,1,1643885,13690
1786083231,427021804,1,-1577.46728515625,510.98822021484375,-1193.781982421875,,,,,,,,,,1643886,13691
1786083231,427021804,,,,,5,-1496.6400146484375,1031.4217529296875,-791.1910400390625,0.003226018510758877,-0.08104031533002853,-0.0803481861948967,0.9934616088867188,1,1643886,13691
1786083231,434925925,1,-1577.4403076171875,510.39361572265625,-1195.718994140625,,,,,,,,,,1643887,13691
1786083231,434925925,,,,,5,-1496.6302490234375,1031.447021484375,-791.1837768554688,0.002623868640512228,-0.0811389833688736,-0.07887259870767593,0.9935737252235413,1,1643887,13691
1786083231,444067291,1,-1577.0059814453125,510.61163330078125,-1197.6514892578125,,,,,,,,,,1643888,13691
1786083231,444067291,,,,,5,-1496.6363525390625,1031.4246826171875,-791.2249145507812,0.002961870515719056,-0.08117992430925369,-0.08134296536445618,0.9933701753616333,1,1643888,13691
1786083231,451887026,1,-1573.275390625,513.4737548828125,-1199.161865234375,,,,,,,,,,1643889,13691
1786083231,451887026,,,,,5,-1496.6458740234375,1031.4521484375,-791.1529541015625,0.0027077142149209976,-0.08112023025751114,-0.08045095205307007,0.9934483766555786,1,1643889,13691
1786083231,459824191,1,-1573.512939453125,513.3609008789062,-1200.9881591796875,,,,,,,,,,1643890,13691
1786083231,459824191,,,,,5,-1496.675048828125,1031.4776611328125,-791.1907958984375,0.0029504350386559963,-0.08107329159975052,-0.08116436004638672,0.99339359998703,1,1643890,13691
1786083231,468777657,1,-1571.4141845703125,514.1593627929688,-1202.332763671875,,,,,,,,,,1643891,13691
1786083231,468777657,,,,,5,-1496.6217041015625,1031.4495849609375,-791.1665649414062,0.002706654369831085,-0.08124826103448868,-0.07964292168617249,0.9935031533241272,1,1643891,13691
1786083231,476851860,1,-1573.7039794921875,513.2957763671875,-1204.5443115234375,,,,,,,,,,1643892,13691
1786083231,476851860,,,,,5,-1496.6435546875,1031.4984130859375,-791.1812133789062,0.0023000212386250496,-0.08107810467481613,-0.07943841814994812,0.9935343861579895,1,1643892,13691
1786083231,484973630,1,-1569.8729248046875,514.7058715820312,-1205.6326904296875,,,,,,,,,,1643893,13691
1786083231,484973630,,,,,5,-1496.6280517578125,1031.465576171875,-791.2301025390625,0.0032827609684318304,-0.08106783032417297,-0.08025840669870377,0.9934664964675903,1,1643893,13691
1786083231,494132077,1,-1572.9688720703125,514.2108764648438,-1208.155029296875,,,,,,,,,,1643894,13691
1786083231,494132077,,,,,5,-1496.6180419921875,1031.40478515625,-791.1865844726562,0.002923353808000684,-0.08101604878902435,-0.08028476685285568,0.9934698939323425,1,1643894,13691
1786083231,501679112,1,-1568.6678466796875,515.639404296875,-1208.9549560546875,,,,,,,,,,1643895,13691
1786083231,501679112,,,,,5,-1496.609130859375,1031.4879150390625,-791.2288208007812,0.002903117099776864,-0.08124355226755142,-0.07965876162052155,0.9935016632080078,1,1643895,13691
1786083231,510686830,1,-1566.978271484375,516.8340454101562,-1210.3067626953125,,,,,,,,,,1643896,13691
1786083231,510686830,,,,,5,-1496.627197265625,1031.435546875,-791.1700439453125,0.002654906827956438,-0.0811753049492836,-0.07870814949274063,0.9935836791992188,1,1643896,13691
1786083231,518775300,1,-1570.78857421875,515.8760986328125,-1212.8369140625,,,,,,,,,,1643897,13691
1786083231,518775300,,,,,5,-1496.6517333984375,1031.4364013671875,-791.1725463867188,0.0027812437620013952,-0.0812053233385086,-0.08028296381235123,0.9934547543525696,1,1643897,13691
1786083231,526561928,1,-1564.8365478515625,518.0888061523438,-1213.16845703125,,,,,,,,,,1643898,13691
1786083231,526561928,,,,,5,-1496.6107177734375,1031.4495849609375,-791.2149658203125,0.003218037309125066,-0.08102405816316605,-0.07944366335868835,0.9935358166694641,1,1643898,13691
1786083231,535545015,1,-1555.369873046875,519.5669555664062,-1211.716552734375,,,,,,,,,,1643899,13691
1786083231,535545015,,,,,5,-1496.623291015625,1031.4451904296875,-791.2340698242188,0.0032930783927440643,-0.080870121717453,-0.08010654896497726,0.9934948682785034,1,1643899,13691
1786083231,543587710,1,-1554.8353271484375,519.9740600585938,-1213.2120361328125,,,,,,,,,,1643900,13691
1786083231,543587710,,,,,5,-1496.5748291015625,1031.4661865234375,-791.27099609375,0.003254854353144765,-0.08116084337234497,-0.08046647906303406,0.993442177772522,1,1643900,13691
1786083231,551501843,1,-1554.2757568359375,521.318115234375,-1214.736572265625,,,,,,,,,,1643901,13691
1786083231,551501843,,,,,5,-1496.6171875,1031.4710693359375,-791.2135620117188,0.002988310530781746,-0.08139993995428085,-0.08006533980369568,0.9934558868408203,1,1643901,13691
1786083231,560677084,1,-1553.8687744140625,522.2522583007812,-1216.2174072265625,,,,,,,,,,1643902,13691
1786083231,560677084,,,,,5,-1496.6107177734375,1031.4949951171875,-791.2174072265625,0.0028276778757572174,-0.08136749267578125,-0.08009172976016998,0.9934567809104919,1,1643902,13691
1786083231,568649692,1,-1553.110107421875,523.0079345703125,-1217.5115966796875,,,,,,,,,,1643903,13691
1786083231,568649692,,,,,5,-1496.5943603515625,1031.473388671875,-791.1661987304688,0.00300096208229661,-0.08118968456983566,-0.07991108298301697,0.9934854507446289,1,1643903,13691
1786083231,576451610,1,-1552.2957763671875,523.3330078125,-1218.8585205078125,,,,,,,,,,1643904,13691
1786083231,576451610,,,,,5,-1496.6556396484375,1031.4554443359375,-791.2380981445312,0.003486722009256482,-0.08085206896066666,-0.08121903240680695,0.9934054017066956,1,1643904,13691
1786083231,585387738,1,-1550.9996337890625,524.6712036132812,-1220.7362060546875,,,,,,,,,,1643905,13691
1786083231,585387738,,,,,5,-1496.579345703125,1031.4608154296875,-791.212890625,0.002954373834654689,-0.08120957016944885,-0.07941897958517075,0.993523359298706,1,1643905,13691
1786083231,593508868,1,-1550.8033447265625,524.3493041992188,-1221.485107421875,,,,,,,,,,1643906,13691
1786083231,593508868,,,,,5,-1496.6624755859375,1031.5068359375,-791.217529296875,0.0030526763293892145,-0.08081042766571045,-0.08015118539333344,0.9934968948364258,1,1643906,13691
1786083231,600940810,1,-1549.7564697265625,525.44287109375,-1223.233154296875,,,,,,,,,,1643907,13691
1786083231,600940810,,,,,5,-1496.62646484375,1031.419189453125,-791.1911010742188,0.0030556858982890844,-0.08121991902589798,-0.08077163994312286,0.9934133291244507,1,1643907,13691
1786083231,610332036,1,-1549.8116455078125,523.725341796875,-1224.7938232421875,,,,,,,,,,1643908,13691
1786083231,610332036,,,,,5,-1496.64501953125,1031.46533203125,-791.189208984375,0.002824232680723071,-0.08113359659910202,-0.0806942880153656,0.9934272170066833,1,1643908,13691
1786083231,618826085,1,-1549.0169677734375,524.6759033203125,-1227.6239013671875,,,,,,,,,,1643909,13691
1786083231,618826085,,,,,5,-1496.5924072265625,1031.4202880859375,-791.2315673828125,0.003242343431338668,-0.08102778345346451,-0.0795561820268631,0.9935263991355896,1,1643909,13691
1786083231,626680081,1,-1548.9268798828125,525.536376953125,-1227.293212890625,,,,,,,,,,1643910,13691
1786083231,626680081,,,,,5,-1496.6412353515625,1031.4808349609375,-791.2323608398438,0.002986132400110364,-0.08092384785413742,-0.08002062141895294,0.9934983849525452,1,1643910,13691
1786083231,635302212,1,-1548.361572265625,524.9664306640625,-1228.8924560546875,,,,,,,,,,1643911,13691
1786083231,635302212,,,,,5,-1496.6058349609375,1031.4752197265625,-791.2140502929688,0.0028422086033970118,-0.08097581565380096,-0.07935742288827896,0.993547797203064,1,1643911,13691
1786083231,643297947,1,-1547.4822998046875,525.1934204101562,-1231.6585693359375,,,,,,,,,,1643912,13691
1786083231,643297947,,,,,5,-1496.641845703125,1031.48583984375,-791.2566528320312,0.0035886247642338276,-0.0810127779841423,-0.0810801237821579,0.9934032559394836,1,1643912,13691
1786083231,652186701,1,-1546.9814453125,525.0177001953125,-1232.923095703125,,,,,,,,,,1643913,13691
1786083231,652186701,,,,,5,-1496.606689453125,1031.4764404296875,-791.2119140625,0.0031208163127303123,-0.08116140216588974,-0.08050487190485,0.9934395551681519,1,1643913,13691
1786083231,660360483,1,-1546.8486328125,524.5223388671875,-1232.952880859375,,,,,,,,,,1643914,13691
1786083231,660360483,,,,,5,-1496.634765625,1031.4188232421875,-791.1840209960938,0.0029295519925653934,-0.08117745816707611,-0.08013938367366791,0.9934683442115784,1,1643914,13691
1786083231,668135947,1,-1546.487548828125,525.5263671875,-1233.9456787109375,,,,,,,,,,1643915,13691
1786083231,668135947,,,,,5,-1496.6409912109375,1031.504150390625,-791.18994140625,0.0029892483726143837,-0.08133700489997864,-0.07992994040250778,0.9934719204902649,1,1643915,13691
1786083231,677346024,1,-1545.6077880859375,524.1422119140625,-1236.884765625,,,,,,,,,,1643916,13691
1786083231,677346024,,,,,5,-1496.59130859375,1031.4599609375,-791.2438354492188,0.0035008990671485662,-0.08113574236631393,-0.08046860247850418,0.9934432506561279,1,1643916,13691
1786083231,685297199,1,-1545.4700927734375,522.870849609375,-1237.117919921875,,,,,,,,,,1643917,13691
1786083231,685297199,,,,,5,-1496.6629638671875,1031.4134521484375,-791.1853637695312,0.00346756330691278,-0.08074066042900085,-0.08077676594257355,0.9934505820274353,1,1643917,13691
1786083231,693317598,1,-1545.289306640625,523.3585815429688,-1237.802734375,,,,,,,,,,1643918,13691
1786083231,693317598,,,,,5,-1496.648681640625,1031.513671875,-791.208984375,0.002913340926170349,-0.08147364109754562,-0.08042145520448685,0.9934213161468506,1,1643918,13691
1786083231,702153123,1,-1544.99365234375,522.8798828125,-1239.149169921875,,,,,,,,,,1643919,13691
1786083231,702153123,,,,,5,-1496.64599609375,1031.486328125,-791.259765625,0.003614947199821472,-0.08089963346719742,-0.0808277428150177,0.9934329986572266,1,1643919,13691
1786083231,710056636,1,-1544.5533447265625,519.5182495117188,-1241.12451171875,,,,,,,,,,1643920,13691
1786083231,710056636,,,,,5,-1496.6474609375,1031.4185791015625,-791.1808471679688,0.0026720266323536634,-0.08102041482925415,-0.07932604104280472,0.9935472011566162,1,1643920,13691
1786083231,718043863,1,-1544.4091796875,519.8861694335938,-1242.394775390625,,,,,,,,,,1643921,13691
1786083231,718043863,,,,,5,-1496.696044921875,1031.5213623046875,-791.2142944335938,0.0030399130191653967,-0.08118770271539688,-0.0806213766336441,0.993428111076355,1,1643921,13691
1786083231,727000176,1,-1544.3399658203125,519.9415283203125,-1243.1416015625,,,,,,,,,,1643922,13691
1786083231,727000176,,,,,5,-1496.6497802734375,1031.4110107421875,-791.2095947265625,0.0030738767236471176,-0.08084812015295029,-0.08033733069896698,0.9934787750244141,1,1643922,13691
1786083231,734943099,1,-1544.0850830078125,516.50927734375,-1244.87548828125,,,,,,,,,,1643923,13691
1786083231,734943099,,,,,5,-1496.6077880859375,1031.451904296875,-791.2582397460938,0.003049685386940837,-0.0812859982252121,-0.07997160404920578,0.9934725761413574,1,1643923,13691
1786083231,743959550,1,-1544.1356201171875,516.0077514648438,-1245.9542236328125,,,,,,,,,,1643924,13691
1786083231,743959550,,,,,5,-1496.6728515625,1031.45654296875,-791.23486328125,0.003423276823014021,-0.08083605021238327,-0.08131404966115952,0.9933992624282837,1,1643924,13691
1786083231,751905575,1,-1543.8662109375,516.8504028320312,-1248.15283203125,,,,,,,,,,1643925,13691
1786083231,751905575,,,,,5,-1496.6510009765625,1031.5115966796875,-791.2186889648438,0.002934490330517292,-0.0809447318315506,-0.07962906360626221,0.9935283660888672,1,1643925,13691
1786083231,759910556,1,-1545.857666015625,515.1648559570312,-1247.78564453125,,,,,,,,,,1643926,13691
1786083231,759910556,,,,,5,-1496.6287841796875,1031.4742431640625,-791.2055053710938,0.0028452568221837282,-0.08136492967605591,-0.08041881024837494,0.9934306740760803,1,1643926,13691
1786083231,768835584,1,-1544.201416015625,513.647216796875,-1249.6292724609375,,,,,,,,,,1643927,13691
1786083231,768835584,,,,,5,-1496.6319580078125,1031.45458984375,-791.21875,0.003340612631291151,-0.08124060928821564,-0.08041231334209442,0.9934397339820862,1,1643927,13691
1786083231,776781578,1,-1544.027587890625,513.8798828125,-1251.789306640625,,,,,,,,,,1643928,13691
1786083231,776781578,,,,,5,-1496.61328125,1031.4638671875,-791.1723022460938,0.0026598686818033457,-0.08106371760368347,-0.07845021039247513,0.993613064289093,1,1643928,13691
1786083231,784685251,1,-1544.1597900390625,512.7771606445312,-1252.945068359375,,,,,,,,,,1643929,13691
1786083231,784685251,,,,,5,-1496.6600341796875,1031.471923828125,-791.176025390625,0.0028087839018553495,-0.08106072247028351,-0.08068873733282089,0.9934337139129639,1,1643929,13691
1786083231,793734138,1,-1544.2237548828125,511.7235412597656,-1254.0233154296875,,,,,,,,,,1643930,13691
1786083231,793734138,,,,,5,-1496.6053466796875,1031.459228515625,-791.19384765625,0.0025845039635896683,-0.0812031626701355,-0.0783350020647049,0.9936110973358154,1,1643930,13691
1786083231,801815954,1,-1546.2388916015625,510.6546936035156,-1253.027587890625,,,,,,,,,,1643931,13691
1786083231,801815954,,,,,5,-1496.651611328125,1031.4866943359375,-791.1779174804688,0.0029917615465819836,-0.08128481358289719,-0.07976614683866501,0.9934893846511841,1,1643931,13691
1786083231,809649573,1,-1546.411865234375,510.09564208984375,-1254.7359619140625,,,,,,,,,,1643932,13691
1786083231,809649573,,,,,5,-1496.6611328125,1031.4847412109375,-791.2228393554688,0.002870661672204733,-0.08119937777519226,-0.07912150025367737,0.9935483932495117,1,1643932,13691
1786083231,818778591,1,-1544.7713623046875,507.8428649902344,-1257.49169921875,,,,,,,,,,1643933,13691
1786083231,818778591,,,,,5,-1496.635009765625,1031.5159912109375,-791.2548217773438,0.003114663762971759,-0.08092706650495529,-0.07981076091527939,0.9935146570205688,1,1643933,13691
1786083231,826589690,,,,,5,-1496.672607421875,1031.4691162109375,-791.1964111328125,0.0026968016754835844,-0.08137653023004532,-0.08080584555864334,0.9933986067771912,1,1643934,13691
1786083231,834644348,1,-1546.81982421875,505.8865661621094,-1257.9974365234375,,,,,,,,,,1643935,13691
1786083231,834644348,,,,,5,-1496.585205078125,1031.44580078125,-791.2352294921875,0.003227979177609086,-0.08117296546697617,-0.0802825465798378,0.9934561252593994,1,1643935,13691
1786083231,843520850,1,-1546.9617919921875,504.4560852050781,-1258.87646484375,,,,,,,,,,1643936,13691
1786083231,843520850,,,,,5,-1496.6597900390625,1031.4967041015625,-791.2062377929688,0.002956110518425703,-0.08096230030059814,-0.07945821434259415,0.9935405254364014,1,1643936,13691
1786083231,851519016,,,,,5,-1496.60400390625,1031.43359375,-791.2157592773438,0.003214047523215413,-0.08114656060934067,-0.0796915665268898,0.9935060143470764,1,1643937,13691
1786083231,860456808,,,,,5,-1496.6187744140625,1031.552978515625,-791.268310546875,0.0026441842783242464,-0.08100119978189468,-0.0789450854063034,0.9935792088508606,1,1643938,13691
1786083231,868366175,,,,,5,-1496.6298828125,1031.3951416015625,-791.2111206054688,0.003085349453613162,-0.08096769452095032,-0.08069948852062225,0.9934396147727966,1,1643939,13691
1786083231,876362870,1,-1569.189453125,489.40704345703125,-1274.2432861328125,,,,,,,,,,1643940,13691
1786083231,876362870,,,,,5,-1496.6019287109375,1031.429931640625,-791.1995849609375,0.003038388676941395,-0.08104207366704941,-0.07965975999832153,0.9935176372528076,1,1643940,13691
1786083231,885412717,1,-1569.4384765625,486.7220458984375,-1275.28564453125,,,,,,,,,,1643941,13691
1786083231,885412717,,,,,5,-1496.6319580078125,1031.4453125,-791.1723022460938,0.0029829214327037334,-0.08130291104316711,-0.08115525543689728,0.9933753609657288,1,1643941,13691
1786083231,893655818,1,-1557.5074462890625,486.5824890136719,-1271.173095703125,,,,,,,,,,1643942,13691
1786083231,893655818,,,,,5,-1496.62646484375,1031.4337158203125,-791.1807250976562,0.0029333014972507954,-0.08101268112659454,-0.08033551275730133,0.9934659004211426,1,1643942,13691
1786083231,901483071,1,-1545.944580078125,490.9498291015625,-1265.19287109375,,,,,,,,,,1643943,13691
1786083231,901483071,,,,,5,-1496.5950927734375,1031.4451904296875,-791.2249755859375,0.0031682683620601892,-0.08108493685722351,-0.0797613114118576,0.9935054779052734,1,1643943,13691
1786083231,910486247,,,,,5,-1496.6610107421875,1031.4464111328125,-791.1917724609375,0.003195498138666153,-0.0812622457742691,-0.08088269829750061,0.9934003949165344,1,1643944,13691
1786083231,918357420,1,-1545.896240234375,487.3406982421875,-1266.3741455078125,,,,,,,,,,1643945,13691
1786083231,918357420,,,,,5,-1496.640380859375,1031.4788818359375,-791.2421875,0.0030007234308868647,-0.08082050830125809,-0.0795358419418335,0.9935457110404968,1,1643945,13691
1786083231,926414797,1,-1556.34521484375,480.5604248046875,-1273.2529296875,,,,,,,,,,1643946,13691
1786083231,926414797,,,,,5,-1496.6619873046875,1031.4898681640625,-791.1972045898438,0.0029753982089459896,-0.08091028034687042,-0.07978411018848419,0.9935185313224792,1,1643946,13691
1786083231,935295170,1,-1568.5537109375,475.17742919921875,-1279.2449951171875,,,,,,,,,,1643947,13691
1786083231,935295170,,,,,5,-1496.67822265625,1031.485595703125,-791.1731567382812,0.0027888426557183266,-0.08129560202360153,-0.08063222467899323,0.9934191107749939,1,1643947,13691
1786083231,943351044,1,-1555.0687255859375,477.180419921875,-1274.09423828125,,,,,,,,,,1643948,13691
1786083231,943351044,,,,,5,-1496.6109619140625,1031.5108642578125,-791.2747802734375,0.0027424541767686605,-0.08093462139368057,-0.07870538532733917,0.9936032891273499,1,1643948,13691
1786083231,951266520,1,-1555.4359130859375,475.55963134765625,-1274.6185302734375,,,,,,,,,,1643949,13691
1786083231,951266520,,,,,5,-1496.6400146484375,1031.4146728515625,-791.1615600585938,0.0027280370704829693,-0.08127015829086304,-0.08022278547286987,0.9934545755386353,1,1643949,13691
1786083231,960088674,1,-1554.8795166015625,473.5672607421875,-1276.2908935546875,,,,,,,,,,1643950,13691
1786083231,960088674,,,,,5,-1496.6434326171875,1031.4632568359375,-791.21923828125,0.0033228592947125435,-0.08058630675077438,-0.08002807945013046,0.9935241937637329,1,1643950,13691
1786083231,968049799,1,-1566.78173828125,466.084716796875,-1281.7186279296875,,,,,,,,,,1643951,13691
1786083231,968049799,,,,,5,-1496.6337890625,1031.5430908203125,-791.2264404296875,0.002711201785132289,-0.08103600889444351,-0.07897814363241196,0.9935735464096069,1,1643951,13691
1786083231,977211028,1,-1554.309326171875,468.5857238769531,-1276.75048828125,,,,,,,,,,1643952,13691
1786083231,977211028,,,,,5,-1496.636962890625,1031.4342041015625,-791.1959228515625,0.002930362243205309,-0.08119551837444305,-0.08038673549890518,0.9934468269348145,1,1643952,13691
1786083231,985128201,1,-1545.92578125,469.692138671875,-1272.0596923828125,,,,,,,,,,1643953,13691
1786083231,985128201,,,,,5,-1496.6663818359375,1031.4317626953125,-791.20751953125,0.003230103524401784,-0.08068770170211792,-0.08089164644479752,0.9934463500976562,1,1643953,13691
1786083231,993298081,1,-1544.75732421875,467.6688537597656,-1275.333984375,,,,,,,,,,1643954,13691
1786083231,993298081,,,,,5,-1496.6455078125,1031.4439697265625,-791.1741333007812,0.0031924003269523382,-0.0811937004327774,-0.08118782937526703,0.9933809638023376,1,1643954,13691
1786083232,2062944,1,-1546.9749755859375,463.78515625,-1275.4163818359375,,,,,,,,,,1643955,13691
1786083232,2062944,,,,,5,-1496.598388671875,1031.4378662109375,-791.230712890625,0.0030644265934824944,-0.0810244232416153,-0.07961368560791016,0.993522584438324,1,1643955,13691
1786083232,9933871,1,-1547.443603515625,462.40423583984375,-1276.560546875,,,,,,,,,,1643956,13691
1786083232,9933871,,,,,5,-1496.6148681640625,1031.4852294921875,-791.1868896484375,0.002953591290861368,-0.08118963986635208,-0.079964280128479,0.9934812784194946,1,1643956,13691
1786083232,17992089,1,-1551.227294921875,457.43670654296875,-1280.129150390625,,,,,,,,,,1643957,13691
1786083232,17992089,,,,,5,-1496.6553955078125,1031.421875,-791.1640014648438,0.002977523487061262,-0.08110581338405609,-0.08050394058227539,0.9934445023536682,1,1643957,13691
1786083232,27335217,1,-1551.2520751953125,454.3863220214844,-1280.5126953125,,,,,,,,,,1643958,13691
1786083232,27335217,,,,,5,-1496.6634521484375,1031.493896484375,-791.2644653320312,0.003436068305745721,-0.08097784221172333,-0.08011464029550552,0.9934849143028259,1,1643958,13691
1786083232,34952700,1,-1547.7022705078125,454.1373596191406,-1279.102294921875,,,,,,,,,,1643959,13691
1786083232,34952700,,,,,5,-1496.6546630859375,1031.4617919921875,-791.1619873046875,0.0026970533654093742,-0.08126876503229141,-0.07987070083618164,0.9934831857681274,1,1643959,13691
1786083232,42872633,1,-1565.36181640625,443.96142578125,-1289.16796875,,,,,,,,,,1643960,13691
1786083232,42872633,,,,,5,-1496.6246337890625,1031.4384765625,-791.1859741210938,0.0029810634441673756,-0.08093947172164917,-0.07997996360063553,0.9935004115104675,1,1643960,13691
1786083232,51832412,1,-1554.05126953125,445.86419677734375,-1284.885986328125,,,,,,,,,,1643961,13691
1786083232,51832412,,,,,5,-1496.6566162109375,1031.4468994140625,-791.1468505859375,0.0025169735308736563,-0.08131413161754608,-0.07987120002508163,0.9934797883033752,1,1643961,13691
1786083232,59787404,1,-1551.609619140625,444.2307434082031,-1284.564208984375,,,,,,,,,,1643962,13691
1786083232,59787404,,,,,5,-1496.683837890625,1031.485595703125,-791.1508178710938,0.002886594505980611,-0.08115488290786743,-0.08064556866884232,0.9934292435646057,1,1643962,13691
1786083232,68869762,1,-1551.9891357421875,441.7283630371094,-1285.7467041015625,,,,,,,,,,1643963,13691
1786083232,68869762,,,,,5,-1496.6175537109375,1031.4656982421875,-791.1854858398438,0.0026333259884268045,-0.0811631977558136,-0.07833178341388702,0.9936144948005676,1,1643963,13691
1786083232,77337432,1,-1552.0335693359375,438.6510009765625,-1288.0557861328125,,,,,,,,,,1643964,13691
1786083232,77337432,,,,,5,-1496.6229248046875,1031.3817138671875,-791.1876831054688,0.0030417332891374826,-0.08107664436101913,-0.08083333820104599,0.9934199452400208,1,1643964,13691
1786083232,84799836,1,-1552.7232666015625,435.78167724609375,-1289.0318603515625,,,,,,,,,,1643965,13691
1786083232,84799836,,,,,5,-1496.598876953125,1031.470947265625,-791.2029418945312,0.002959711942821741,-0.08135994523763657,-0.07999356091022491,0.993465006351471,1,1643965,13691
1786083232,93716910,1,-1552.96484375,432.1954650878906,-1289.5889892578125,,,,,,,,,,1643966,13691
1786083232,93716910,,,,,5,-1496.6610107421875,1031.4674072265625,-791.1781616210938,0.0028811839874833822,-0.08121569454669952,-0.08065967261791229,0.9934232234954834,1,1643966,13691
1786083232,101784629,1,-1552.9736328125,429.7933654785156,-1290.536865234375,,,,,,,,,,1643967,13691
1786083232,101784629,,,,,5,-1496.6492919921875,1031.423095703125,-791.2389526367188,0.0032718656584620476,-0.08086523413658142,-0.08037030696868896,0.9934740662574768,1,1643967,13691
1786083232,109612660,1,-1552.761474609375,427.52069091796875,-1291.36328125,,,,,,,,,,1643968,13691
1786083232,109612660,,,,,5,-1496.6246337890625,1031.4849853515625,-791.2081909179688,0.003042898839339614,-0.08109423518180847,-0.07958315312862396,0.9935195446014404,1,1643968,13691
1786083232,118700520,1,-1553.1678466796875,424.4363098144531,-1292.453369140625,,,,,,,,,,1643969,13691
1786083232,118700520,,,,,5,-1496.6112060546875,1031.4658203125,-791.2421264648438,0.0032798887696117163,-0.08111198991537094,-0.07997658848762512,0.993485689163208,1,1643969,13691
1786083232,131201665,1,-1552.7569580078125,421.05731201171875,-1292.69970703125,,,,,,,,,,1643970,13691
1786083232,131201665,,,,,5,-1496.6395263671875,1031.407958984375,-791.197021484375,0.003046454628929496,-0.08059635758399963,-0.07949290424585342,0.9935672879219055,1,1643970,13691
1786083232,134139476,1,-1552.659423828125,419.3875732421875,-1294.8857421875,,,,,,,,,,1643971,13691
1786083232,134139476,,,,,5,-1496.666748046875,1031.4779052734375,-791.208251953125,0.0032987501472234726,-0.08086126297712326,-0.08120328187942505,0.9934065937995911,1,1643971,13691
1786083232,143616826,1,-1552.589111328125,416.5971984863281,-1294.50244140625,,,,,,,,,,1643972,13691
1786083232,143616826,,,,,5,-1496.642822265625,1031.4820556640625,-791.2008056640625,0.0030390822794288397,-0.08094070851802826,-0.08061721175909042,0.9934486150741577,1,1643972,13691
1786083232,153168166,1,-1552.227783203125,411.9143981933594,-1295.4083251953125,,,,,,,,,,1643973,13691
1786083232,153168166,,,,,5,-1496.621337890625,1031.45849609375,-791.205322265625,0.0025901510380208492,-0.08113761246204376,-0.07860198616981506,0.99359530210495,1,1643973,13691
1786083232,159692319,1,-1551.6424560546875,409.8675537109375,-1295.7532958984375,,,,,,,,,,1643974,13691
1786083232,159692319,,,,,5,-1496.6785888671875,1031.4566650390625,-791.1939697265625,0.002944336272776127,-0.08081696927547455,-0.0799533873796463,0.9935126304626465,1,1643974,13691
1786083232,168538347,1,-1550.48095703125,408.4156188964844,-1295.384521484375,,,,,,,,,,1643975,13691
1786083232,168538347,,,,,5,-1496.65380859375,1031.4744873046875,-791.23046875,0.003033430315554142,-0.08079605549573898,-0.07925906777381897,0.9935696721076965,1,1643975,13691
1786083232,176441422,1,-1549.6702880859375,406.0893249511719,-1296.5303955078125,,,,,,,,,,1643976,13691
1786083232,176441422,,,,,5,-1496.6480712890625,1031.4564208984375,-791.2205810546875,0.0028750342316925526,-0.08100292086601257,-0.07934432476758957,0.9935465455055237,1,1643976,13691
1786083232,185614659,1,-1548.6588134765625,403.10516357421875,-1295.9652099609375,,,,,,,,,,1643977,13691
1786083232,185614659,,,,,5,-1496.6412353515625,1031.4176025390625,-791.2197875976562,0.003230183618143201,-0.08071181178092957,-0.08010078221559525,0.993508517742157,1,1643977,13691
1786083232,193478997,1,-1548.037841796875,398.8146057128906,-1297.5999755859375,,,,,,,,,,1643978,13691
1786083232,193478997,,,,,5,-1496.6331787109375,1031.4788818359375,-791.2322998046875,0.002870914526283741,-0.08094078302383423,-0.07884736359119415,0.9935910701751709,1,1643978,13691
1786083232,201446081,1,-1547.0277099609375,397.2057189941406,-1297.473388671875,,,,,,,,,,1643979,13691
1786083232,201446081,,,,,5,-1496.6395263671875,1031.484619140625,-791.2445678710938,0.003719176398590207,-0.08055415749549866,-0.0810326337814331,0.9934439659118652,1,1643979,13691
1786083232,210403652,1,-1545.6883544921875,394.8111572265625,-1297.3221435546875,,,,,,,,,,1643980,13691
1786083232,210403652,,,,,5,-1496.69384765625,1031.45703125,-791.2282104492188,0.0031629919540137053,-0.08085239678621292,-0.08111914992332458,0.993414580821991,1,1643980,13691
1786083232,219384831,1,-1543.345947265625,394.1657409667969,-1296.3468017578125,,,,,,,,,,1643981,13691
1786083232,219384831,,,,,5,-1496.65625,1031.42919921875,-791.1502075195312,0.0027752057649195194,-0.08131978660821915,-0.08038549870252609,0.9934372901916504,1,1643981,13691
1786083232,226347033,1,-1541.22802734375,393.0076904296875,-1296.4254150390625,,,,,,,,,,1643982,13691
1786083232,226347033,,,,,5,-1496.6474609375,1031.491455078125,-791.2533569335938,0.0025272679049521685,-0.08103826642036438,-0.07927499711513519,0.993550181388855,1,1643982,13691
1786083232,235357673,1,-1540.4964599609375,390.27935791015625,-1295.37646484375,,,,,,,,,,1643983,13691
1786083232,235357673,,,,,5,-1496.6304931640625,1031.494140625,-791.191162109375,0.0029500569216907024,-0.08127196878194809,-0.07992445677518845,0.9934778809547424,1,1643983,13691
1786083232,243467585,1,-1538.00146484375,388.42047119140625,-1294.8790283203125,,,,,,,,,,1643984,13691
1786083232,243467585,,,,,5,-1496.64453125,1031.46826171875,-791.1991577148438,0.0029091308824718,-0.0810764729976654,-0.07920977473258972,0.9935511350631714,1,1643984,13691
1786083232,251385023,1,-1536.05859375,385.839599609375,-1294.2431640625,,,,,,,,,,1643985,13691
1786083232,251385023,,,,,5,-1496.6357421875,1031.45263671875,-791.1500854492188,0.002870117546990514,-0.08112484961748123,-0.08080258965492249,0.9934191107749939,1,1643985,13691
1786083232,260243079,1,-1533.020751953125,385.31243896484375,-1293.2501220703125,,,,,,,,,,1643986,13691
1786083232,260243079,,,,,5,-1496.6787109375,1031.4578857421875,-791.1751098632812,0.0028253491036593914,-0.08102820813655853,-0.08084345608949661,0.9934237599372864,1,1643986,13691
1786083232,268257953,1,-1528.6865234375,386.031005859375,-1291.41943359375,,,,,,,,,,1643987,13691
1786083232,268257953,,,,,5,-1496.6156005859375,1031.4041748046875,-791.23046875,0.003138572908937931,-0.08092163503170013,-0.07922767847776413,0.9935616850852966,1,1643987,13691
1786083232,277137793,1,-1525.1458740234375,385.3096008300781,-1289.7686767578125,,,,,,,,,,1643988,13691
1786083232,277137793,,,,,5,-1496.6444091796875,1031.430419921875,-791.2301635742188,0.0033034570515155792,-0.08066552877426147,-0.07957680523395538,0.9935541152954102,1,1643988,13691
1786083232,285057630,1,-1520.9149169921875,386.2585144042969,-1287.9881591796875,,,,,,,,,,1643989,13691
1786083232,285057630,,,,,5,-1496.648681640625,1031.4796142578125,-791.2222290039062,0.0031569632701575756,-0.08083366602659225,-0.07994779944419861,0.9935110807418823,1,1643989,13691
1786083232,293103693,1,-1517.2728271484375,386.5093078613281,-1285.99169921875,,,,,,,,,,1643990,13691
1786083232,293103693,,,,,5,-1496.6295166015625,1031.419189453125,-791.1898193359375,0.0032738198060542345,-0.08089626580476761,-0.08040183037519455,0.9934689402580261,1,1643990,13691
1786083232,302435688,1,-1512.3489990234375,387.41546630859375,-1283.6915283203125,,,,,,,,,,1643991,13691
1786083232,302435688,,,,,5,-1496.6912841796875,1031.4703369140625,-791.20263671875,0.0029553365893661976,-0.08094831556081772,-0.08064889162778854,0.9934456944465637,1,1643991,13691
1786083232,310077419,1,-1508.005859375,389.23992919921875,-1281.1307373046875,,,,,,,,,,1643992,13691
1786083232,310077419,,,,,5,-1496.6844482421875,1031.5384521484375,-791.2041015625,0.0031074683647602797,-0.08079465478658676,-0.0799211636185646,0.9935165643692017,1,1643992,13691
1786083232,318157262,1,-1502.6434326171875,391.5682678222656,-1278.7197265625,,,,,,,,,,1643993,13691
1786083232,318157262,,,,,5,-1496.650390625,1031.4276123046875,-791.2157592773438,0.0032674146350473166,-0.08077644556760788,-0.08050031214952469,0.9934707880020142,1,1643993,13691
1786083232,326998876,1,-1496.82861328125,395.1291809082031,-1274.724853515625,,,,,,,,,,1643994,13691
1786083232,326998876,,,,,5,-1496.647216796875,1031.468994140625,-791.2041015625,0.0022772103548049927,-0.08094216883182526,-0.07844989746809006,0.9936240911483765,1,1643994,13691
1786083232,335144391,1,-1491.9769287109375,397.5142822265625,-1272.7113037109375,,,,,,,,,,1643995,13691
1786083232,335144391,,,,,5,-1496.6412353515625,1031.41015625,-791.1633911132812,0.0028369398787617683,-0.08105522394180298,-0.07964256405830383,0.993518590927124,1,1643995,13691
1786083232,343356249,1,-1486.7579345703125,401.1044616699219,-1269.4136962890625,,,,,,,,,,1643996,13691
1786083232,343356249,,,,,5,-1496.6605224609375,1031.4884033203125,-791.2216796875,0.0030878817196935415,-0.08088913559913635,-0.07974689453840256,0.9935229420661926,1,1643996,13691
1786083232,352345617,1,-1480.7205810546875,405.253173828125,-1266.3399658203125,,,,,,,,,,1643997,13691
1786083232,352345617,,,,,5,-1496.640869140625,1031.4500732421875,-791.2333984375,0.0036225528456270695,-0.08079064637422562,-0.08000992983579636,0.9935080409049988,1,1643997,13691
1786083232,360056603,1,-1472.5469970703125,412.02154541015625,-1261.7957763671875,,,,,,,,,,1643998,13691
1786083232,360056603,,,,,5,-1496.6123046875,1031.45458984375,-791.2265014648438,0.0032822072971612215,-0.08105252683162689,-0.07971373945474625,0.9935116767883301,1,1643998,13691
1786083232,368184780,1,-1464.8870849609375,419.40423583984375,-1258.6322021484375,,,,,,,,,,1643999,13691
1786083232,368184780,,,,,5,-1496.649169921875,1031.4305419921875,-791.19482421875,0.0030194346327334642,-0.08140334486961365,-0.08156155794858932,0.9933336973190308,1,1643999,13691
1786083232,377080038,1,-1460.7196044921875,422.7943420410156,-1254.9892578125,,,,,,,,,,1644000,13691
1786083232,377080038,,,,,5,-1496.6279296875,1031.4559326171875,-791.2244262695312,0.003274207469075918,-0.08113760501146317,-0.08002622425556183,0.9934795498847961,1,1644000,13691
1786083232,385107100,1,-1453.882080078125,431.11309814453125,-1251.474609375,,,,,,,,,,1644001,13691
1786083232,385107100,,,,,5,-1496.6898193359375,1031.4764404296875,-791.2095336914062,0.0028599384240806103,-0.08076154440641403,-0.08083659410476685,0.9934459328651428,1,1644001,13691
1786083232,393062860,1,-1447.17724609375,438.3982849121094,-1247.505859375,,,,,,,,,,1644002,13691
1786083232,393062860,,,,,5,-1496.5965576171875,1031.4324951171875,-791.2078857421875,0.0029497607611119747,-0.0809810608625412,-0.07879042625427246,0.9935921430587769,1,1644002,13691
1786083232,402169402,1,-1440.0218505859375,447.9598083496094,-1243.18603515625,,,,,,,,,,1644003,13691
1786083232,402169402,,,,,5,-1496.6334228515625,1031.475830078125,-791.1818237304688,0.002847172087058425,-0.08125487715005875,-0.07965381443500519,0.9935011863708496,1,1644003,13691
1786083232,409910872,1,-1432.279296875,456.0609130859375,-1238.6173095703125,,,,,,,,,,1644004,13691
1786083232,409910872,,,,,5,-1496.6162109375,1031.4486083984375,-791.1970825195312,0.0031645928975194693,-0.08101699501276016,-0.07901447266340256,0.9935708045959473,1,1644004,13691
1786083232,418065152,1,-1423.4661865234375,468.21844482421875,-1234.729248046875,,,,,,,,,,1644005,13691
1786083232,418065152,,,,,5,-1496.68359375,1031.445556640625,-791.2479248046875,0.003135878127068281,-0.0810570940375328,-0.08079922199249268,0.993424117565155,1,1644005,13691
1786083232,426907533,1,-1415.0316162109375,479.51544189453125,-1229.839111328125,,,,,,,,,,1644006,13692
1786083232,426907533,,,,,5,-1496.6925048828125,1031.470947265625,-791.1752319335938,0.0029663259629160166,-0.08077278733253479,-0.08116019517183304,0.993418276309967,1,1644006,13692
1786083232,434885109,1,-1406.251953125,491.7548522949219,-1224.1910400390625,,,,,,,,,,1644007,13692
1786083232,434885109,,,,,5,-1496.662109375,1031.459228515625,-791.2211303710938,0.002758502960205078,-0.08125415444374084,-0.07957862317562103,0.9935075640678406,1,1644007,13692
1786083232,442789912,1,-1396.7947998046875,505.2864074707031,-1220.1514892578125,,,,,,,,,,1644008,13692
1786083232,442789912,,,,,5,-1496.631591796875,1031.4598388671875,-791.2322387695312,0.003270072164013982,-0.08123880624771118,-0.08038816601037979,0.9934420585632324,1,1644008,13692
1786083232,451954864,1,-1387.4991455078125,517.3789672851562,-1214.9451904296875,,,,,,,,,,1644009,13692
1786083232,451954864,,,,,5,-1496.6429443359375,1031.455322265625,-791.2267456054688,0.003320694202557206,-0.08072270452976227,-0.07931680232286453,0.9935701489448547,1,1644009,13692
1786083232,460584331,1,-1378.227294921875,534.2755126953125,-1209.4444580078125,,,,,,,,,,1644010,13692
1786083232,460584331,,,,,5,-1496.6148681640625,1031.45654296875,-791.24365234375,0.003771405201405287,-0.08098331838846207,-0.08120158314704895,0.9933951497077942,1,1644010,13692
1786083232,468741074,1,-1368.6456298828125,550.1876220703125,-1204.42919921875,,,,,,,,,,1644011,13692
1786083232,468741074,,,,,5,-1496.6312255859375,1031.474853515625,-791.2284545898438,0.003391886129975319,-0.08116653561592102,-0.08073167502880096,0.9934198260307312,1,1644011,13692
1786083232,476760235,1,-1358.8431396484375,566.0419921875,-1198.798828125,,,,,,,,,,1644012,13692
1786083232,476760235,,,,,5,-1496.6484375,1031.4266357421875,-791.2072143554688,0.0029228455387055874,-0.08096491545438766,-0.0799764096736908,0.9934988617897034,1,1644012,13692
1786083232,484758411,1,-1349.3839111328125,583.313720703125,-1194.220947265625,,,,,,,,,,1644013,13692
1786083232,484758411,,,,,5,-1496.680908203125,1031.478515625,-791.1814575195312,0.0029278136789798737,-0.08072541654109955,-0.08033029735088348,0.9934898018836975,1,1644013,13692
1786083232,493712784,1,-1338.98876953125,601.62060546875,-1187.6759033203125,,,,,,,,,,1644014,13692
1786083232,493712784,,,,,5,-1496.604248046875,1031.4364013671875,-791.1969604492188,0.0035307693760842085,-0.08093235641717911,-0.0807458758354187,0.9934372901916504,1,1644014,13692
1786083232,501639243,1,-1330.380126953125,618.9457397460938,-1183.938232421875,,,,,,,,,,1644015,13692
1786083232,501639243,,,,,5,-1496.6519775390625,1031.473876953125,-791.2094116210938,0.0029008903075009584,-0.08116573840379715,-0.0790601298213005,0.9935557842254639,1,1644015,13692
1786083232,509834244,1,-1321.164306640625,635.1920776367188,-1178.9500732421875,,,,,,,,,,1644016,13692
1786083232,509834244,,,,,5,-1496.6771240234375,1031.4837646484375,-791.242431640625,0.003587188431993127,-0.08094640076160431,-0.08096164464950562,0.9934183955192566,1,1644016,13692
1786083232,518593903,1,-1312.760009765625,654.8914794921875,-1173.6455078125,,,,,,,,,,1644017,13692
1786083232,518593903,,,,,5,-1496.6328125,1031.4793701171875,-791.2457885742188,0.0036597102880477905,-0.08081620931625366,-0.08087339997291565,0.9934358596801758,1,1644017,13692
1786083232,526586482,1,-1302.7677001953125,673.6697998046875,-1167.8707275390625,,,,,,,,,,1644018,13692
1786083232,526586482,,,,,5,-1496.7030029296875,1031.4649658203125,-791.1991577148438,0.0028071505948901176,-0.08120319247245789,-0.08118101954460144,0.9933820366859436,1,1644018,13692
1786083232,534577237,1,-1293.7852783203125,690.4911499023438,-1162.505859375,,,,,,,,,,1644019,13692
1786083232,534577237,,,,,5,-1496.64208984375,1031.4783935546875,-791.1864013671875,0.0029742198530584574,-0.08107896894216537,-0.07975268363952637,0.9935072660446167,1,1644019,13692
1786083232,543466450,1,-1285.0570068359375,707.6642456054688,-1157.2030029296875,,,,,,,,,,1644020,13692
1786083232,543466450,,,,,5,-1496.65576171875,1031.4237060546875,-791.2011108398438,0.003129776334390044,-0.08066698908805847,-0.08000493794679642,0.9935200810432434,1,1644020,13692
1786083232,553285979,1,-1276.078857421875,724.0706787109375,-1152.0927734375,,,,,,,,,,1644021,13692
1786083232,553285979,,,,,5,-1496.6453857421875,1031.4486083984375,-791.2161865234375,0.003397956257686019,-0.08091524988412857,-0.07986552268266678,0.9935101866722107,1,1644021,13692
1786083232,559491976,1,-1267.2625732421875,740.6064453125,-1145.5675048828125,,,,,,,,,,1644022,13692
1786083232,559491976,,,,,5,-1496.6683349609375,1031.5089111328125,-791.2279663085938,0.003174982499331236,-0.08092235773801804,-0.08021659404039383,0.9934821724891663,1,1644022,13692
1786083232,568569248,1,-1258.47802734375,757.8197021484375,-1139.1141357421875,,,,,,,,,,1644023,13692
1786083232,568569248,,,,,5,-1496.6278076171875,1031.500732421875,-791.2047729492188,0.0029909240547567606,-0.08118639886379242,-0.07975734770298004,0.9934980869293213,1,1644023,13692
1786083232,576449228,1,-1249.535400390625,772.5513305664062,-1133.280517578125,,,,,,,,,,1644024,13692
1786083232,576449228,,,,,5,-1496.6328125,1031.4676513671875,-791.251708984375,0.003646489232778549,-0.08081056922674179,-0.08033820986747742,0.99347984790802,1,1644024,13692
1786083232,585272001,1,-1240.1314697265625,786.9517211914062,-1126.8436279296875,,,,,,,,,,1644025,13692
1786083232,585272001,,,,,5,-1496.6463623046875,1031.4525146484375,-791.2355346679688,0.0033346954733133316,-0.08076703548431396,-0.08074402064085007,0.9934515357017517,1,1644025,13692
1786083232,593275231,1,-1232.0172119140625,800.0000610351562,-1122.391845703125,,,,,,,,,,1644026,13692
1786083232,593275231,,,,,5,-1496.6363525390625,1031.4365234375,-791.1602783203125,0.0032219109125435352,-0.081061951816082,-0.08071055263280869,0.9934305548667908,1,1644026,13692
1786083232,601282429,1,-1223.735595703125,812.548095703125,-1116.939453125,,,,,,,,,,1644027,13692
1786083232,601282429,,,,,5,-1496.6109619140625,1031.4178466796875,-791.228515625,0.0032176158856600523,-0.0808374360203743,-0.0805816799402237,0.9934594035148621,1,1644027,13692
1786083232,610211691,1,-1214.7498779296875,825.7954711914062,-1110.8763427734375,,,,,,,,,,1644028,13692
1786083232,610211691,,,,,5,-1496.6624755859375,1031.45068359375,-791.1751098632812,0.002737524686381221,-0.08108924329280853,-0.08032552152872086,0.993461012840271,1,1644028,13692
1786083232,618277427,1,-1208.234619140625,834.5579833984375,-1104.96630859375,,,,,,,,,,1644029,13692
1786083232,618277427,,,,,5,-1496.6416015625,1031.4676513671875,-791.1566162109375,0.0027655528392642736,-0.08109719306230545,-0.08056918531656265,0.993440568447113,1,1644029,13692
1786083232,626286959,1,-1198.4962158203125,845.6200561523438,-1100.577392578125,,,,,,,,,,1644030,13692
1786083232,626286959,,,,,5,-1496.6522216796875,1031.4739990234375,-791.2486572265625,0.0033986966591328382,-0.08089734613895416,-0.08056861907243729,0.9934549331665039,1,1644030,13692
1786083232,635170638,1,-1189.597900390625,856.2237548828125,-1093.226318359375,,,,,,,,,,1644031,13692
1786083232,635170638,,,,,5,-1496.6092529296875,1031.4873046875,-791.1991577148438,0.0029423513915389776,-0.08130479604005814,-0.0801563709974289,0.9934564232826233,1,1644031,13692
1786083232,643120032,1,-1180.8370361328125,865.9669799804688,-1087.380126953125,,,,,,,,,,1644032,13692
1786083232,643120032,,,,,5,-1496.619873046875,1031.4263916015625,-791.1964111328125,0.003203850705176592,-0.08110390603542328,-0.08088436722755432,0.9934130907058716,1,1644032,13692
1786083232,651241428,1,-1173.421142578125,873.4744873046875,-1081.8900146484375,,,,,,,,,,1644033,13692
1786083232,651241428,,,,,5,-1496.600341796875,1031.4725341796875,-791.1993408203125,0.0033616635482758284,-0.0810542106628418,-0.08038032054901123,0.993457555770874,1,1644033,13692
1786083232,660369401,1,-1164.5880126953125,881.3360595703125,-1076.0703125,,,,,,,,,,1644034,13692
1786083232,660369401,,,,,5,-1496.6497802734375,1031.435302734375,-791.2130737304688,0.0031842931639403105,-0.08114563673734665,-0.08096691220998764,0.9934030175209045,1,1644034,13692
1786083232,667569948,1,-1156.3131103515625,888.5049438476562,-1070.4398193359375,,,,,,,,,,1644035,13692
1786083232,667569948,,,,,5,-1496.6246337890625,1031.4495849609375,-791.1510620117188,0.0027289625722914934,-0.08110598474740982,-0.08010472357273102,0.9934775233268738,1,1644035,13692
1786083232,677028777,1,-1145.8773193359375,896.8216552734375,-1064.2886962890625,,,,,,,,,,1644036,13692
1786083232,677028777,,,,,5,-1496.6004638671875,1031.4761962890625,-791.2247314453125,0.0035203523002564907,-0.081250861287117,-0.08083976805210114,0.9934037327766418,1,1644036,13692
1786083232,684989464,1,-1136.2041015625,905.3150024414062,-1057.6888427734375,,,,,,,,,,1644037,13692
1786083232,684989464,,,,,5,-1496.6033935546875,1031.4481201171875,-791.208740234375,0.0032774521969258785,-0.08105828613042831,-0.08009026199579239,0.9934808015823364,1,1644037,13692
1786083232,692965856,1,-1128.9818115234375,909.59130859375,-1052.543212890625,,,,,,,,,,1644038,13692
1786083232,692965856,,,,,5,-1496.6092529296875,1031.3863525390625,-791.2059326171875,0.0029300646856427193,-0.08086948096752167,-0.08043381571769714,0.9934695959091187,1,1644038,13692
1786083232,702084873,1,-1120.1656494140625,913.974609375,-1046.525146484375,,,,,,,,,,1644039,13692
1786083232,702084873,,,,,5,-1496.598876953125,1031.4791259765625,-791.1957397460938,0.003145756898447871,-0.0810740664601326,-0.07996784895658493,0.9934899210929871,1,1644039,13692
1786083232,709892303,1,-1111.7569580078125,918.9618530273438,-1041.548095703125,,,,,,,,,,1644040,13692
1786083232,709892303,,,,,5,-1496.5751953125,1031.4498291015625,-791.2105712890625,0.0033319033682346344,-0.08089639991521835,-0.0796201229095459,0.9935317635536194,1,1644040,13692
1786083232,718008869,1,-1104.0882568359375,920.6904907226562,-1035.8338623046875,,,,,,,,,,1644041,13692
1786083232,718008869,,,,,5,-1496.691162109375,1031.516845703125,-791.2460327148438,0.0033597403671592474,-0.08106537908315659,-0.08129467815160751,0.9933822751045227,1,1644041,13692
1786083232,726894850,1,-1095.40966796875,922.2881469726562,-1030.4598388671875,,,,,,,,,,1644042,13692
1786083232,726894850,,,,,5,-1496.6080322265625,1031.4925537109375,-791.2395629882812,0.0035282489843666553,-0.0811605304479599,-0.08095604926347733,0.9934015274047852,1,1644042,13692
1786083232,734935667,1,-1086.9193115234375,924.0708618164062,-1025.1441650390625,,,,,,,,,,1644043,13692
1786083232,734935667,,,,,5,-1496.6787109375,1031.4599609375,-791.1903686523438,0.0027781054377555847,-0.08081494271755219,-0.079622283577919,0.9935398697853088,1,1644043,13692
1786083232,742791208,1,-1078.4853515625,926.3583984375,-1018.7625732421875,,,,,,,,,,1644044,13692
1786083232,742791208,,,,,5,-1496.62109375,1031.4376220703125,-791.222412109375,0.0032097394578158855,-0.08134627342224121,-0.08010446280241013,0.9934564828872681,1,1644044,13692
1786083232,752196968,1,-1070.2908935546875,927.700927734375,-1013.64697265625,,,,,,,,,,1644045,13692
1786083232,752196968,,,,,5,-1496.6292724609375,1031.458984375,-791.15673828125,0.002738889306783676,-0.08134289085865021,-0.08056648075580597,0.9934207797050476,1,1644045,13692
1786083232,759728723,1,-1062.034912109375,926.767822265625,-1007.894287109375,,,,,,,,,,1644046,13692
1786083232,759728723,,,,,5,-1496.6378173828125,1031.4505615234375,-791.2369384765625,0.003476151032373309,-0.08067022264003754,-0.07966350018978119,0.993546187877655,1,1644046,13692
1786083232,767754857,1,-1051.873046875,927.3870239257812,-1001.492919921875,,,,,,,,,,1644047,13692
1786083232,767754857,,,,,5,-1496.647705078125,1031.4783935546875,-791.2079467773438,0.003066248958930373,-0.08071542531251907,-0.0792141929268837,0.9935798048973083,1,1644047,13692
1786083232,777034391,1,-1043.0567626953125,926.306640625,-995.876220703125,,,,,,,,,,1644048,13692
1786083232,777034391,,,,,5,-1496.6422119140625,1031.4302978515625,-791.13232421875,0.0028826992493122816,-0.08119098097085953,-0.08084322512149811,0.9934102296829224,1,1644048,13692
1786083232,784606035,1,-1035.4051513671875,923.9868774414062,-990.3582763671875,,,,,,,,,,1644049,13692
1786083232,784606035,,,,,5,-1496.654541015625,1031.4989013671875,-791.2047119140625,0.003147906856611371,-0.08091837167739868,-0.07953598350286484,0.9935373067855835,1,1644049,13692
1786083232,793563127,1,-1023.7882080078125,918.5845947265625,-983.1803588867188,,,,,,,,,,1644050,13692
1786083232,793563127,,,,,5,-1496.6295166015625,1031.475341796875,-791.2137451171875,0.0032859505154192448,-0.08110599219799042,-0.07990406453609467,0.9934919476509094,1,1644050,13692
1786083232,801648824,1,-1018.4442138671875,918.1000366210938,-978.7357788085938,,,,,,,,,,1644051,13692
1786083232,801648824,,,,,5,-1496.6578369140625,1031.4364013671875,-791.1979370117188,0.003145807422697544,-0.0811125636100769,-0.08121597766876221,0.9933854937553406,1,1644051,13692
1786083232,809576530,1,-1009.8897705078125,914.0576171875,-972.9427490234375,,,,,,,,,,1644052,13692
1786083232,809576530,,,,,5,-1496.636474609375,1031.4034423828125,-791.1962280273438,0.0032285326160490513,-0.08116952329874039,-0.08109061419963837,0.9933907985687256,1,1644052,13692
1786083232,818610330,1,-1001.2494506835938,909.7364501953125,-967.0805053710938,,,,,,,,,,1644053,13692
1786083232,818610330,,,,,5,-1496.6243896484375,1031.4554443359375,-791.2302856445312,0.003414744045585394,-0.0813259407877922,-0.08107680082321167,0.9933785200119019,1,1644053,13692
1786083232,826505664,1,-993.4310913085938,904.2630615234375,-961.3732299804688,,,,,,,,,,1644054,13692
1786083232,826505664,,,,,5,-1496.678466796875,1031.4337158203125,-791.1843872070312,0.0031345488969236612,-0.08086560666561127,-0.080299012362957,0.9934802651405334,1,1644054,13692
1786083232,834634385,1,-985.7679443359375,897.4021606445312,-955.54736328125,,,,,,,,,,1644055,13692
1786083232,834634385,,,,,5,-1496.657470703125,1031.4227294921875,-791.2164306640625,0.0034160844516009092,-0.0806746557354927,-0.08074802160263062,0.9934583306312561,1,1644055,13692
1786083232,843549572,1,-978.4546508789062,889.6307983398438,-949.5567626953125,,,,,,,,,,1644056,13692
1786083232,843549572,,,,,5,-1496.636474609375,1031.4730224609375,-791.1957397460938,0.0028664059937000275,-0.08129452913999557,-0.07982660084962845,0.9934840798377991,1,1644056,13692
1786083232,851548804,1,-969.6815185546875,880.4064331054688,-944.1510620117188,,,,,,,,,,1644057,13692
1786083232,851548804,,,,,5,-1496.6082763671875,1031.4127197265625,-791.2098999023438,0.0030765137635171413,-0.08090011030435562,-0.07897080481052399,0.9935840368270874,1,1644057,13692
1786083232,859404217,1,-963.5375366210938,873.4116821289062,-939.3595581054688,,,,,,,,,,1644058,13692
1786083232,859404217,,,,,5,-1496.6488037109375,1031.5010986328125,-791.2239379882812,0.0031478279270231724,-0.08142045140266418,-0.08015716075897217,0.9934462308883667,1,1644058,13692
1786083232,868353343,1,-954.5974731445312,864.361328125,-933.1671142578125,,,,,,,,,,1644059,13692
1786083232,868353343,,,,,5,-1496.6746826171875,1031.4390869140625,-791.1533203125,0.002560859778895974,-0.0808035284280777,-0.07892856746912003,0.9935967922210693,1,1644059,13692
1786083232,876277147,1,-941.81982421875,856.8822631835938,-925.5247192382812,,,,,,,,,,1644060,13692
1786083232,876277147,,,,,5,-1496.6513671875,1031.4378662109375,-791.1954345703125,0.0028770435601472855,-0.08119239658117294,-0.08070236444473267,0.9934215545654297,1,1644060,13692
1786083232,885283053,1,-932.9973754882812,847.1128540039062,-919.612548828125,,,,,,,,,,1644061,13692
1786083232,885283053,,,,,5,-1496.680908203125,1031.4776611328125,-791.1696166992188,0.0028530091512948275,-0.08130504190921783,-0.08112429082393646,0.9933781623840332,1,1644061,13692
1786083232,893270993,1,-925.2453002929688,835.427734375,-914.2734375,,,,,,,,,,1644062,13692
1786083232,893270993,,,,,5,-1496.6531982421875,1031.488037109375,-791.207763671875,0.0029297983273863792,-0.08093996345996857,-0.07967370003461838,0.9935250878334045,1,1644062,13692
1786083232,901257015,1,-916.9749145507812,824.2865600585938,-908.5357055664062,,,,,,,,,,1644063,13692
1786083232,901257015,,,,,5,-1496.6640625,1031.412353515625,-791.1505126953125,0.0030220630578696728,-0.08065620809793472,-0.08002251386642456,0.9935199022293091,1,1644063,13692
1786083232,910241232,1,-908.370849609375,812.4752197265625,-902.8029174804688,,,,,,,,,,1644064,13692
1786083232,910241232,,,,,5,-1496.6995849609375,1031.43798828125,-791.1663208007812,0.002709528198465705,-0.08075668662786484,-0.07973997294902802,0.9935353994369507,1,1644064,13692
1786083232,918343915,1,-900.6218872070312,798.9853515625,-896.7289428710938,,,,,,,,,,1644065,13692
1786083232,918343915,,,,,5,-1496.6685791015625,1031.4482421875,-791.1604614257812,0.0027475403621792793,-0.08137152343988419,-0.08106750249862671,0.9933776259422302,1,1644065,13692
1786083232,926199296,1,-891.742431640625,786.0887451171875,-891.0411987304688,,,,,,,,,,1644066,13692
1786083232,926199296,,,,,5,-1496.6278076171875,1031.4407958984375,-791.2122802734375,0.0035095899365842342,-0.08107935637235641,-0.08125051856040955,0.9933841824531555,1,1644066,13692
1786083232,935180826,1,-882.9000854492188,772.5076904296875,-884.9409790039062,,,,,,,,,,1644067,13692
1786083232,935180826,,,,,5,-1496.64501953125,1031.4564208984375,-791.2310180664062,0.0030155309941619635,-0.0811174139380455,-0.07954196631908417,0.9935209155082703,1,1644067,13692
1786083232,943088508,1,-875.03125,757.2847900390625,-879.2254028320312,,,,,,,,,,1644068,13692
1786083232,943088508,,,,,5,-1496.6385498046875,1031.428955078125,-791.206298828125,0.003190548624843359,-0.08133967965841293,-0.0813242569565773,0.9933580160140991,1,1644068,13692
1786083232,951255167,1,-865.2911376953125,742.3767700195312,-871.3024291992188,,,,,,,,,,1644069,13692
1786083232,951255167,,,,,5,-1496.664306640625,1031.468994140625,-791.21728515625,0.002884881105273962,-0.08082333952188492,-0.08055520057678223,0.9934636950492859,1,1644069,13692
1786083232,960028262,1,-857.7614135742188,726.0543823242188,-866.2898559570312,,,,,,,,,,1644070,13692
1786083232,960028262,,,,,5,-1496.6097412109375,1031.4769287109375,-791.2059326171875,0.003006262006238103,-0.08129619061946869,-0.08001121133565903,0.9934686422348022,1,1644070,13692
1786083232,968107785,1,-849.979248046875,709.62646484375,-861.4893798828125,,,,,,,,,,1644071,13692
1786083232,968107785,,,,,5,-1496.6124267578125,1031.4549560546875,-791.2293090820312,0.0031522561330348253,-0.08112450689077377,-0.07984651625156403,0.9934954643249512,1,1644071,13692
1786083232,976943449,1,-842.8673706054688,691.211181640625,-855.6527709960938,,,,,,,,,,1644072,13692
1786083232,976943449,,,,,5,-1496.6458740234375,1031.4508056640625,-791.21728515625,0.0033365569543093443,-0.08081059157848358,-0.0810202956199646,0.9934254884719849,1,1644072,13692
1786083232,985043348,1,-834.8291015625,673.41015625,-850.1390991210938,,,,,,,,,,1644073,13692
1786083232,985043348,,,,,5,-1496.6370849609375,1031.4188232421875,-791.1896362304688,0.003033400746062398,-0.08109232783317566,-0.08030905574560165,0.9934611916542053,1,1644073,13692
1786083232,993112411,1,-825.56982421875,654.509033203125,-844.3805541992188,,,,,,,,,,1644074,13692
1786083232,993112411,,,,,5,-1496.6365966796875,1031.4246826171875,-791.1863403320312,0.0032088872976601124,-0.08093782514333725,-0.08081495761871338,0.9934322834014893,1,1644074,13692
1786083233,1028762,1,-817.1422729492188,635.6292114257812,-838.6319580078125,,,,,,,,,,1644075,13692
1786083233,1028762,,,,,5,-1496.6363525390625,1031.393310546875,-791.162109375,0.003042602678760886,-0.08084221184253693,-0.0801079198718071,0.9934978485107422,1,1644075,13692
1786083233,10035152,1,-808.8901977539062,615.1832885742188,-832.8189086914062,,,,,,,,,,1644076,13692
1786083233,10035152,,,,,5,-1496.677001953125,1031.4136962890625,-791.228759765625,0.0032081841491162777,-0.08099228143692017,-0.08075658231973648,0.9934326410293579,1,1644076,13692
1786083233,18007301,1,-800.6447143554688,594.8128051757812,-827.0516357421875,,,,,,,,,,1644077,13692
1786083233,18007301,,,,,5,-1496.6629638671875,1031.4735107421875,-791.2213745117188,0.003281576093286276,-0.08059411495923996,-0.07974506169557571,0.9935464262962341,1,1644077,13692
1786083233,26973520,1,-792.6174926757812,573.3237915039062,-821.1004638671875,,,,,,,,,,1644078,13692
1786083233,26973520,,,,,5,-1496.630859375,1031.452880859375,-791.1710205078125,0.0025618409272283316,-0.08102887123823166,-0.07864031195640564,0.9936013221740723,1,1644078,13692
1786083233,35110120,1,-784.3849487304688,551.8897705078125,-815.406005859375,,,,,,,,,,1644079,13692
1786083233,35110120,,,,,5,-1496.624267578125,1031.47265625,-791.2382202148438,0.003486710600554943,-0.08104593306779861,-0.08083230257034302,0.9934210181236267,1,1644079,13692
1786083233,42872041,1,-776.3536987304688,528.5628662109375,-809.3070678710938,,,,,,,,,,1644080,13692
1786083233,42872041,,,,,5,-1496.630126953125,1031.4237060546875,-791.2009887695312,0.0031531224958598614,-0.08123409003019333,-0.08114200830459595,0.9933815598487854,1,1644080,13692
1786083233,51897726,1,-768.168212890625,505.08935546875,-803.4932250976562,,,,,,,,,,1644081,13692
1786083233,51897726,,,,,5,-1496.62109375,1031.3958740234375,-791.1826171875,0.002865323331207037,-0.08116858452558517,-0.08047647774219513,0.9934419393539429,1,1644081,13692
1786083233,59742721,1,-759.9143676757812,481.0332336425781,-797.6290893554688,,,,,,,,,,1644082,13692
1786083233,59742721,,,,,5,-1496.6702880859375,1031.4375,-791.2258911132812,0.0033642847556620836,-0.08116114884614944,-0.08133673667907715,0.9933710098266602,1,1644082,13692
1786083233,67857953,1,-752.210205078125,455.1672058105469,-791.8562622070312,,,,,,,,,,1644083,13692
1786083233,67857953,,,,,5,-1496.6668701171875,1031.4354248046875,-791.15185546875,0.0030313741881400347,-0.08098536729812622,-0.08044595271348953,0.9934588670730591,1,1644083,13692
1786083233,76717939,1,-744.7725219726562,429.5355529785156,-785.6624755859375,,,,,,,,,,1644084,13692
1786083233,76717939,,,,,5,-1496.685791015625,1031.4976806640625,-791.2069091796875,0.002829402219504118,-0.08108292520046234,-0.08061642199754715,0.9934377074241638,1,1644084,13692
1786083233,84735318,1,-735.2462158203125,404.71575927734375,-780.1240844726562,,,,,,,,,,1644085,13692
1786083233,84735318,,,,,5,-1496.6610107421875,1031.4759521484375,-791.1840209960938,0.0027321362867951393,-0.08094529807567596,-0.07985227555036545,0.9935109615325928,1,1644085,13692
1786083233,93454139,1,-726.9743041992188,378.426513671875,-774.349609375,,,,,,,,,,1644086,13692
1786083233,93454139,,,,,5,-1496.5904541015625,1031.421875,-791.14697265625,0.00307745230384171,-0.08138997852802277,-0.07965479791164398,0.9934893846511841,1,1644086,13692
1786083233,101655612,1,-719.2113647460938,350.67620849609375,-768.5952758789062,,,,,,,,,,1644087,13692
1786083233,101655612,,,,,5,-1496.5989990234375,1031.4632568359375,-791.1458129882812,0.003479364328086376,-0.08159477263689041,-0.08036881685256958,0.9934138059616089,1,1644087,13692
1786083233,110218714,1,-711.12109375,322.7669677734375,-762.7755737304688,,,,,,,,,,1644088,13692
1786083233,110218714,,,,,5,-1496.6107177734375,1031.4541015625,-791.1857299804688,0.003490027040243149,-0.08132544159889221,-0.08110595494508743,0.9933761358261108,1,1644088,13692
1786083233,118671967,1,-703.0943603515625,293.87664794921875,-756.8131103515625,,,,,,,,,,1644089,13692
1786083233,118671967,,,,,5,-1496.6478271484375,1031.4215087890625,-791.1038818359375,0.0032041275408118963,-0.08086667954921722,-0.08031319826841354,0.9934787750244141,1,1644089,13692
1786083233,126553492,1,-695.1401977539062,264.34832763671875,-751.2514038085938,,,,,,,,,,1644090,13692
1786083233,126553492,,,,,5,-1496.64208984375,1031.50390625,-791.19775390625,0.0034408625215291977,-0.08126230537891388,-0.07943891733884811,0.9935159683227539,1,1644090,13692
1786083233,134644061,1,-686.7836303710938,234.92784118652344,-745.223876953125,,,,,,,,,,1644091,13692
1786083233,134644061,,,,,5,-1496.633056640625,1031.4794921875,-791.1566772460938,0.0032762645278126,-0.08104501664638519,-0.07969967275857925,0.9935134649276733,1,1644091,13692
1786083233,143592143,1,-678.8119506835938,204.05853271484375,-739.7138061523438,,,,,,,,,,1644092,13692
1786083233,143592143,,,,,5,-1496.6209716796875,1031.36962890625,-791.1154174804688,0.0029987944290041924,-0.08114279061555862,-0.08039958775043488,0.993449866771698,1,1644092,13692
1786083233,151476835,1,-670.8302001953125,172.8811798095703,-733.8748168945312,,,,,,,,,,1644093,13692
1786083233,151476835,,,,,5,-1496.6513671875,1031.5015869140625,-791.1846923828125,0.0030374976340681314,-0.08113580197095871,-0.07963304221630096,0.9935120940208435,1,1644093,13692
1786083233,159859074,1,-662.8695678710938,141.2560577392578,-727.9618530273438,,,,,,,,,,1644094,13692
1786083233,159859074,,,,,5,-1496.6484375,1031.5125732421875,-791.1979370117188,0.0026765677612274885,-0.08139000087976456,-0.07839211821556091,0.9935909509658813,1,1644094,13692
1786083233,168331265,1,-654.72705078125,108.76935577392578,-722.0728759765625,,,,,,,,,,1644095,13692
1786083233,168331265,,,,,5,-1496.600341796875,1031.421142578125,-791.15576171875,0.003097655950114131,-0.08119934052228928,-0.0806407555937767,0.9934254288673401,1,1644095,13692
1786083233,176253831,1,-648.4765014648438,89.135498046875,-718.6209106445312,,,,,,,,,,1644096,13692
1786083233,176253831,,,,,5,-1496.6644287109375,1031.443115234375,-791.0844116210938,0.0029060908127576113,-0.08173323422670364,-0.07992787659168243,0.9934398531913757,1,1644096,13692
1786083233,188811612,1,-642.3155517578125,105.79719543457031,-716.6543579101562,,,,,,,,,,1644097,13692
1786083233,188811612,,,,,5,-1496.6318359375,1031.450439453125,-791.1622924804688,0.0032090742606669664,-0.08121133595705032,-0.08101361989974976,0.9933937191963196,1,1644097,13692
1786083233,193358346,1,-635.8123779296875,126.3384780883789,-714.9993896484375,,,,,,,,,,1644098,13692
1786083233,193358346,,,,,5,-1496.66162109375,1031.4354248046875,-791.1166381835938,0.0028642923571169376,-0.08166562765836716,-0.07991787046194077,0.9934463500976562,1,1644098,13692
1786083233,200765259,1,-629.1238403320312,146.1413116455078,-713.09228515625,,,,,,,,,,1644099,13692
1786083233,200765259,,,,,5,-1496.6842041015625,1031.445068359375,-791.1322631835938,0.002819374203681946,-0.08112136274576187,-0.08042027056217194,0.9934505224227905,1,1644099,13692
1786083233,210538322,1,-622.6572875976562,164.7357940673828,-711.2749633789062,,,,,,,,,,1644100,13692
1786083233,210538322,,,,,5,-1496.6158447265625,1031.4254150390625,-791.1456298828125,0.003006635932251811,-0.0814579427242279,-0.08015132695436478,0.9934440851211548,1,1644100,13692
1786083233,218180190,1,-616.0111694335938,183.76939392089844,-709.4578247070312,,,,,,,,,,1644101,13692
1786083233,218180190,,,,,5,-1496.6533203125,1031.4891357421875,-791.1754760742188,0.003363407216966152,-0.08077635616064072,-0.07998572289943695,0.9935119152069092,1,1644101,13692
1786083233,226317014,1,-609.3792114257812,201.28482055664062,-707.5620727539062,,,,,,,,,,1644102,13692
1786083233,226317014,,,,,5,-1496.6502685546875,1031.4527587890625,-791.1691284179688,0.003125044982880354,-0.08104300498962402,-0.08050836622714996,0.993448793888092,1,1644102,13692
1786083233,234199627,1,-602.831298828125,218.3494415283203,-705.267333984375,,,,,,,,,,1644103,13692
1786083233,234199627,,,,,5,-1496.5953369140625,1031.4547119140625,-791.1614379882812,0.0032070023007690907,-0.08088279515504837,-0.07881186902523041,0.9935976266860962,1,1644103,13692
1786083233,243125349,1,-596.3202514648438,234.8665771484375,-703.2936401367188,,,,,,,,,,1644104,13692
1786083233,243125349,,,,,5,-1496.607421875,1031.44482421875,-791.1268310546875,0.002681189449504018,-0.08150258660316467,-0.07898984104394913,0.9935343861579895,1,1644104,13692
1786083233,251151301,1,-589.658935546875,250.38951110839844,-701.13232421875,,,,,,,,,,1644105,13692
1786083233,251151301,,,,,5,-1496.6187744140625,1031.4739990234375,-791.14404296875,0.0030841119587421417,-0.08131042122840881,-0.07940730452537537,0.9935157895088196,1,1644105,13692
1786083233,260163328,1,-583.0845947265625,265.4217224121094,-699.1124267578125,,,,,,,,,,1644106,13692
1786083233,260163328,,,,,5,-1496.663818359375,1031.471923828125,-791.1763916015625,0.0031448332592844963,-0.08101044595241547,-0.07892409712076187,0.9935785531997681,1,1644106,13692
1786083233,268103104,1,-576.5610961914062,279.6451416015625,-696.9159545898438,,,,,,,,,,1644107,13692
1786083233,268103104,,,,,5,-1496.6171875,1031.480224609375,-791.1966552734375,0.00279501685872674,-0.08120899647474289,-0.07919588685035706,0.9935417771339417,1,1644107,13692
1786083233,276223166,1,-569.614990234375,293.0861511230469,-694.05029296875,,,,,,,,,,1644108,13692
1786083233,276223166,,,,,5,-1496.621337890625,1031.461669921875,-791.211181640625,0.0033816779032349586,-0.08123841136693954,-0.08024587482213974,0.9934532642364502,1,1644108,13692
1786083233,285144378,1,-563.6060791015625,306.5552673339844,-693.0104370117188,,,,,,,,,,1644109,13692
1786083233,285144378,,,,,5,-1496.672119140625,1031.4384765625,-791.1869506835938,0.003319412237033248,-0.08082866668701172,-0.0810663029551506,0.9934203028678894,1,1644109,13692
1786083233,293245279,1,-557.1954956054688,319.0567321777344,-690.9837036132812,,,,,,,,,,1644110,13692
1786083233,293245279,,,,,5,-1496.6571044921875,1031.4764404296875,-791.197509765625,0.00295346905477345,-0.08121108263731003,-0.0797228217124939,0.9934989213943481,1,1644110,13692
1786083233,301007231,1,-550.7560424804688,331.0728454589844,-688.9452514648438,,,,,,,,,,1644111,13692
1786083233,301007231,,,,,5,-1496.6881103515625,1031.4576416015625,-791.2017822265625,0.0025770459324121475,-0.08108343183994293,-0.080018550157547,0.9934866428375244,1,1644111,13692
1786083233,309965582,1,-544.01220703125,342.6654052734375,-687.1734619140625,,,,,,,,,,1644112,13692
1786083233,309965582,,,,,5,-1496.680908203125,1031.461181640625,-791.22509765625,0.0033352805767208338,-0.080747589468956,-0.07944612950086594,0.9935578107833862,1,1644112,13692
1786083233,318099847,1,-537.6383056640625,353.2531433105469,-684.8396606445312,,,,,,,,,,1644113,13692
1786083233,318099847,,,,,5,-1496.6607666015625,1031.453369140625,-791.1749267578125,0.002631974406540394,-0.08101972937583923,-0.0797111988067627,0.9935164451599121,1,1644113,13692
1786083233,325868485,1,-531.37451171875,362.6285095214844,-682.7315673828125,,,,,,,,,,1644114,13692
1786083233,325868485,,,,,5,-1496.6546630859375,1031.4154052734375,-791.1837768554688,0.0029440296348184347,-0.08088107407093048,-0.07998979836702347,0.9935044050216675,1,1644114,13692
1786083233,334947623,1,-525.09228515625,371.0728454589844,-680.5852661132812,,,,,,,,,,1644115,13692
1786083233,334947623,,,,,5,-1496.630126953125,1031.45263671875,-791.2063598632812,0.002792381914332509,-0.08130557090044022,-0.08039692789316177,0.9934374094009399,1,1644115,13692
1786083233,342909247,1,-518.97998046875,379.5653076171875,-677.56640625,,,,,,,,,,1644116,13692
1786083233,342909247,,,,,5,-1496.7049560546875,1031.4241943359375,-791.225830078125,0.003088390687480569,-0.0809931680560112,-0.0809953361749649,0.993413507938385,1,1644116,13692
1786083233,351877450,1,-511.6297607421875,386.7698059082031,-676.0889282226562,,,,,,,,,,1644117,13692
1786083233,351877450,,,,,5,-1496.6683349609375,1031.479736328125,-791.1786499023438,0.002761624287813902,-0.08133938908576965,-0.0809956043958664,0.9933860301971436,1,1644117,13692
1786083233,359770011,1,-505.7502746582031,393.80377197265625,-674.1008911132812,,,,,,,,,,1644118,13692
1786083233,359770011,,,,,5,-1496.63671875,1031.4637451171875,-791.1902465820312,0.0027286079712212086,-0.08076538145542145,-0.07997173070907593,0.9935159087181091,1,1644118,13692
1786083233,367938120,1,-498.9752197265625,401.03179931640625,-672.3058471679688,,,,,,,,,,1644119,13692
1786083233,367938120,,,,,5,-1496.6689453125,1031.4927978515625,-791.207763671875,0.002795047126710415,-0.08119980245828629,-0.0797991007566452,0.9934942126274109,1,1644119,13692
1786083233,376783743,1,-492.6528015136719,405.8480224609375,-670.0645751953125,,,,,,,,,,1644120,13692
1786083233,376783743,,,,,5,-1496.658447265625,1031.4111328125,-791.1918334960938,0.0029192573856562376,-0.08084869384765625,-0.07937374711036682,0.993556559085846,1,1644120,13692
1786083233,384658230,1,-486.2780456542969,410.8868408203125,-667.5913696289062,,,,,,,,,,1644121,13692
1786083233,384658230,,,,,5,-1496.6500244140625,1031.409423828125,-791.1846313476562,0.002956303535029292,-0.08122846484184265,-0.0808589905500412,0.9934056997299194,1,1644121,13692
1786083233,392605011,1,-479.3485412597656,416.40838623046875,-665.3848266601562,,,,,,,,,,1644122,13692
1786083233,392605011,,,,,5,-1496.6812744140625,1031.4677734375,-791.1910400390625,0.002875798847526312,-0.08059201389551163,-0.08053329586982727,0.9934843182563782,1,1644122,13692
1786083233,401623756,1,-474.1275329589844,419.51654052734375,-664.7540283203125,,,,,,,,,,1644123,13692
1786083233,401623756,,,,,5,-1496.6138916015625,1031.4554443359375,-791.1859130859375,0.00275617279112339,-0.08114374428987503,-0.07952842861413956,0.9935206770896912,1,1644123,13692
1786083233,409903376,1,-466.92242431640625,422.9149169921875,-661.607421875,,,,,,,,,,1644124,13692
1786083233,409903376,,,,,5,-1496.635986328125,1031.4447021484375,-791.175048828125,0.0025448601227253675,-0.08101047575473785,-0.07946282625198364,0.9935373663902283,1,1644124,13692
1786083233,417599400,1,-460.4290466308594,425.16668701171875,-659.4552612304688,,,,,,,,,,1644125,13692
1786083233,417599400,,,,,5,-1496.647705078125,1031.41455078125,-791.1651000976562,0.003030194202437997,-0.08102997392416,-0.08017145097255707,0.9934774041175842,1,1644125,13692
1786083233,426763628,1,-454.68865966796875,426.614013671875,-656.8554077148438,,,,,,,,,,1644126,13693
1786083233,426763628,,,,,5,-1496.62109375,1031.4427490234375,-791.2202758789062,0.0028542226646095514,-0.0810093954205513,-0.07912177592515945,0.9935638904571533,1,1644126,13693
1786083233,434701932,1,-448.2621765136719,427.1868896484375,-654.9002685546875,,,,,,,,,,1644127,13693
1786083233,434701932,,,,,5,-1496.654296875,1031.427978515625,-791.1864624023438,0.003110321005806327,-0.08102953433990479,-0.08089961856603622,0.993418276309967,1,1644127,13693
1786083233,443444201,1,-441.54931640625,427.4519348144531,-653.1646728515625,,,,,,,,,,1644128,13693
1786083233,443444201,,,,,5,-1496.6279296875,1031.5169677734375,-791.2496337890625,0.0024159359745681286,-0.08082105964422226,-0.07836410403251648,0.9936403632164001,1,1644128,13693
1786083233,451511610,1,-435.25396728515625,427.17010498046875,-651.0614624023438,,,,,,,,,,1644129,13693
1786083233,451511610,,,,,5,-1496.666259765625,1031.496826171875,-791.233154296875,0.002902349689975381,-0.08098766207695007,-0.07961154729127884,0.9935262203216553,1,1644129,13693
1786083233,459751981,1,-428.5611267089844,426.93707275390625,-648.898681640625,,,,,,,,,,1644130,13693
1786083233,459751981,,,,,5,-1496.66845703125,1031.4251708984375,-791.1954956054688,0.0025398319121450186,-0.08127559721469879,-0.08120458573102951,0.9933748245239258,1,1644130,13693
1786083233,468370071,1,-422.13372802734375,425.85870361328125,-646.8904418945312,,,,,,,,,,1644131,13693
1786083233,468370071,,,,,5,-1496.675048828125,1031.4124755859375,-791.2450561523438,0.003039844101294875,-0.08086473494768143,-0.08002429455518723,0.993502676486969,1,1644131,13693
1786083233,476452675,1,-414.4946594238281,424.4234313964844,-644.4482421875,,,,,,,,,,1644132,13693
1786083233,476452675,,,,,5,-1496.6551513671875,1031.4837646484375,-791.2677001953125,0.0026734373532235622,-0.08069454878568649,-0.07977036386728287,0.9935380816459656,1,1644132,13693
1786083233,484497085,1,-409.8319091796875,420.10687255859375,-642.5344848632812,,,,,,,,,,1644133,13693
1786083233,484497085,,,,,5,-1496.6077880859375,1031.4459228515625,-791.2244262695312,0.0030391099862754345,-0.08111722767353058,-0.07998526841402054,0.9934852719306946,1,1644133,13693
1786083233,493350673,1,-404.35089111328125,415.8314208984375,-642.487060546875,,,,,,,,,,1644134,13693
1786083233,493350673,,,,,5,-1496.6728515625,1031.497314453125,-791.1998901367188,0.0027412588242441416,-0.08105488121509552,-0.07903846353292465,0.9935669898986816,1,1644134,13693
1786083233,501401768,1,-397.1773986816406,412.2048034667969,-638.4091186523438,,,,,,,,,,1644135,13693
1786083233,501401768,,,,,5,-1496.6302490234375,1031.4208984375,-791.2304077148438,0.0029856828041374683,-0.08071010559797287,-0.07986804097890854,0.9935281276702881,1,1644135,13693
1786083233,509282238,1,-391.331298828125,406.5486145019531,-637.1687622070312,,,,,,,,,,1644136,13693
1786083233,509282238,,,,,5,-1496.6630859375,1031.5213623046875,-791.2357788085938,0.0032306709326803684,-0.08074948936700821,-0.08060365170240402,0.9934647679328918,1,1644136,13693
1786083233,518291321,1,-384.67333984375,401.1186218261719,-634.8038330078125,,,,,,,,,,1644137,13693
1786083233,518291321,,,,,5,-1496.6468505859375,1031.473876953125,-791.2080078125,0.0027207566890865564,-0.08145801723003387,-0.07993075251579285,0.9934628009796143,1,1644137,13693
1786083233,526239574,1,-378.3468933105469,394.8398742675781,-631.75244140625,,,,,,,,,,1644138,13693
1786083233,526239574,,,,,5,-1496.5963134765625,1031.4495849609375,-791.1693115234375,0.0029161253478378057,-0.08105825632810593,-0.07941064238548279,0.9935367107391357,1,1644138,13693
1786083233,535076560,1,-372.52386474609375,387.845458984375,-629.3551025390625,,,,,,,,,,1644139,13693
1786083233,535076560,,,,,5,-1496.6605224609375,1031.461181640625,-791.2069702148438,0.0033598209265619516,-0.08078760653734207,-0.0808694139122963,0.9934396147727966,1,1644139,13693
1786083233,543250491,1,-366.5241394042969,379.76214599609375,-627.170166015625,,,,,,,,,,1644140,13693
1786083233,543250491,,,,,5,-1496.652587890625,1031.4351806640625,-791.2245483398438,0.0033191947732120752,-0.08060882240533829,-0.08028946816921234,0.9935012459754944,1,1644140,13693
1786083233,551159846,1,-400.28961181640625,308.58978271484375,-701.492919921875,,,,,,,,,,1644141,13693
1786083233,551159846,,,,,5,-1496.6900634765625,1031.4876708984375,-791.2283935546875,0.00317259319126606,-0.08102080225944519,-0.08041417598724365,0.9934582114219666,1,1644141,13693
1786083233,560121907,1,-352.3006896972656,363.2937316894531,-622.7310180664062,,,,,,,,,,1644142,13693
1786083233,560121907,,,,,5,-1496.5977783203125,1031.4986572265625,-791.2245483398438,0.00232299929484725,-0.08107154816389084,-0.07769019901752472,0.9936731457710266,1,1644142,13693
1786083233,568094695,1,-346.42254638671875,353.26953125,-620.688232421875,,,,,,,,,,1644143,13693
1786083233,568094695,,,,,5,-1496.626953125,1031.438232421875,-791.20458984375,0.0032848368864506483,-0.0811484083533287,-0.08084845542907715,0.9934121370315552,1,1644143,13693
1786083233,576065787,1,-340.50567626953125,342.5762023925781,-618.908447265625,,,,,,,,,,1644144,13693
1786083233,576065787,,,,,5,-1496.6727294921875,1031.4383544921875,-791.1892700195312,0.0027022291906177998,-0.08086128532886505,-0.07967214286327362,0.9935323596000671,1,1644144,13693
1786083233,585097967,1,-334.0639953613281,331.4880676269531,-616.753173828125,,,,,,,,,,1644145,13693
1786083233,585097967,,,,,5,-1496.640869140625,1031.4739990234375,-791.2002563476562,0.002909227041527629,-0.08135538548231125,-0.07991233468055725,0.9934720396995544,1,1644145,13693
1786083233,593067332,1,-327.6297912597656,319.737548828125,-614.507568359375,,,,,,,,,,1644146,13693
1786083233,593067332,,,,,5,-1496.6566162109375,1031.4637451171875,-791.2164916992188,0.0033296667970716953,-0.08065228164196014,-0.07925405353307724,0.9935807585716248,1,1644146,13693
1786083233,601082120,1,-321.5580139160156,307.4049987792969,-612.7630004882812,,,,,,,,,,1644147,13693
1786083233,601082120,,,,,5,-1496.6732177734375,1031.432861328125,-791.2037353515625,0.003050957340747118,-0.08126899600028992,-0.08119124174118042,0.9933750033378601,1,1644147,13693
1786083233,610177445,1,-315.04266357421875,293.5748291015625,-610.2843627929688,,,,,,,,,,1644148,13693
1786083233,610177445,,,,,5,-1496.6217041015625,1031.44921875,-791.1972045898438,0.0028991587460041046,-0.08113697916269302,-0.07887216657400131,0.9935731291770935,1,1644148,13693
1786083233,618010731,1,-308.3996276855469,278.9398193359375,-608.740478515625,,,,,,,,,,1644149,13693
1786083233,618010731,,,,,5,-1496.6744384765625,1031.4310302734375,-791.2176513671875,0.0031833178363740444,-0.08103335648775101,-0.08098974078893661,0.9934103488922119,1,1644149,13693
1786083233,626041642,1,-302.05413818359375,264.7320861816406,-606.4166870117188,,,,,,,,,,1644150,13693
1786083233,626041642,,,,,5,-1496.6529541015625,1031.45166015625,-791.2350463867188,0.002816342981532216,-0.08074552565813065,-0.0791948065161705,0.993579626083374,1,1644150,13693
1786083233,635015347,1,-295.6492614746094,249.51678466796875,-604.6275634765625,,,,,,,,,,1644151,13693
1786083233,635015347,,,,,5,-1496.649658203125,1031.49560546875,-791.25390625,0.0029813998844474554,-0.08090083301067352,-0.07931670546531677,0.993556797504425,1,1644151,13693
1786083233,643266177,1,-289.8748779296875,235.37545776367188,-600.0022583007812,,,,,,,,,,1644152,13693
1786083233,643266177,,,,,5,-1496.6654052734375,1031.4136962890625,-791.1744384765625,0.003082964802160859,-0.0806451141834259,-0.07925383001565933,0.9935821890830994,1,1644152,13693
1786083233,650881367,1,-283.45880126953125,218.96585083007812,-597.6524658203125,,,,,,,,,,1644153,13693
1786083233,650881367,,,,,5,-1496.6446533203125,1031.4755859375,-791.2335205078125,0.0030714517924934626,-0.08116912841796875,-0.07968950271606445,0.9935047030448914,1,1644153,13693
1786083233,659839365,1,-276.6139831542969,200.8402862548828,-597.5550537109375,,,,,,,,,,1644154,13693
1786083233,659839365,,,,,5,-1496.6666259765625,1031.4674072265625,-791.2081909179688,0.00267013069242239,-0.08104683458805084,-0.07872612774372101,0.9935926795005798,1,1644154,13693
1786083233,667871684,1,-270.663330078125,184.2169647216797,-592.0430908203125,,,,,,,,,,1644155,13693
1786083233,667871684,,,,,5,-1496.6575927734375,1031.449462890625,-791.2527465820312,0.0032699941657483578,-0.08069886267185211,-0.07910072803497314,0.993589460849762,1,1644155,13693
1786083233,676747824,1,-264.1690979003906,167.02162170410156,-590.0659790039062,,,,,,,,,,1644156,13693
1786083233,676747824,,,,,5,-1496.66259765625,1031.45751953125,-791.1983642578125,0.0026874560862779617,-0.08137443661689758,-0.07974804192781448,0.993484377861023,1,1644156,13693
1786083233,685633496,1,-257.9041442871094,147.70391845703125,-590.7230224609375,,,,,,,,,,1644157,13693
1786083233,685633496,,,,,5,-1496.64404296875,1031.5123291015625,-791.23681640625,0.002969898749142885,-0.08100651949644089,-0.07991190254688263,0.9935004115104675,1,1644157,13693
1786083233,692738663,1,-251.5047607421875,127.97604370117188,-588.0525512695312,,,,,,,,,,1644158,13693
1786083233,692738663,,,,,5,-1496.5916748046875,1031.43017578125,-791.1982421875,0.0030590558890253305,-0.08106663078069687,-0.07859130948781967,0.993600606918335,1,1644158,13693
1786083233,701869590,1,-245.24142456054688,106.77359008789062,-585.904052734375,,,,,,,,,,1644159,13693
1786083233,701869590,,,,,5,-1496.6468505859375,1031.4539794921875,-791.2092895507812,0.0030410131439566612,-0.08072692900896072,-0.08017532527446747,0.9935017824172974,1,1644159,13693
1786083233,709680101,1,-239.75527954101562,93.02984619140625,-583.5052490234375,,,,,,,,,,1644160,13693
1786083233,709680101,,,,,5,-1496.6571044921875,1031.4676513671875,-791.2196655273438,0.0030914763920009136,-0.0810602679848671,-0.07996667176485062,0.9934913516044617,1,1644160,13693
1786083233,717717058,1,-233.38742065429688,101.093994140625,-579.93798828125,,,,,,,,,,1644161,13693
1786083233,717717058,,,,,5,-1496.6795654296875,1031.4833984375,-791.187744140625,0.0029474697075784206,-0.08076503872871399,-0.08012418448925018,0.993503212928772,1,1644161,13693
1786083233,726645627,1,-227.2327880859375,115.52991485595703,-578.0355834960938,,,,,,,,,,1644162,13693
1786083233,726645627,,,,,5,-1496.65966796875,1031.4327392578125,-791.1828002929688,0.002760089235380292,-0.08130944520235062,-0.08042383193969727,0.9934350252151489,1,1644162,13693
1786083233,734302113,1,-221.6258087158203,128.3738250732422,-575.96728515625,,,,,,,,,,1644163,13693
1786083233,734302113,,,,,5,-1496.6719970703125,1031.4652099609375,-791.18896484375,0.002710905158892274,-0.08088301867246628,-0.07951869070529938,0.9935428500175476,1,1644163,13693
1786083233,742610363,1,-214.1352996826172,142.18020629882812,-571.9364624023438,,,,,,,,,,1644164,13693
1786083233,742610363,,,,,5,-1496.691162109375,1031.4381103515625,-791.1890869140625,0.0027377235237509012,-0.08096221089363098,-0.0796220600605011,0.9935279488563538,1,1644164,13693
1786083233,751663495,1,-209.6032257080078,153.9442138671875,-570.71142578125,,,,,,,,,,1644165,13693
1786083233,751663495,,,,,5,-1496.63427734375,1031.4447021484375,-791.24853515625,0.003303082659840584,-0.08093187212944031,-0.08023276925086975,0.9934796094894409,1,1644165,13693
1786083233,759463546,1,-201.68907165527344,165.74179077148438,-568.92236328125,,,,,,,,,,1644166,13693
1786083233,759463546,,,,,5,-1496.6417236328125,1031.4866943359375,-791.1924438476562,0.002853803103789687,-0.08113574981689453,-0.07937897741794586,0.9935329556465149,1,1644166,13693
1786083233,767622314,1,-197.58685302734375,175.7696533203125,-567.3189697265625,,,,,,,,,,1644167,13693
1786083233,767622314,,,,,5,-1496.656494140625,1031.500244140625,-791.2351684570312,0.00327198370359838,-0.08085973560810089,-0.07989685982465744,0.9935126304626465,1,1644167,13693
1786083233,776536968,1,-191.2484588623047,185.1966552734375,-564.7848510742188,,,,,,,,,,1644168,13693
1786083233,776536968,,,,,5,-1496.6395263671875,1031.4478759765625,-791.2256469726562,0.0031335954554378986,-0.08111785352230072,-0.07995900511741638,0.9934870600700378,1,1644168,13693
1786083233,784524726,1,-184.3752899169922,193.54200744628906,-563.4876708984375,,,,,,,,,,1644169,13693
1786083233,784524726,,,,,5,-1496.63330078125,1031.4608154296875,-791.2064819335938,0.0028746097814291716,-0.08125834167003632,-0.08084668964147568,0.9934044480323792,1,1644169,13693
1786083233,793410335,1,-178.95645141601562,200.86376953125,-560.1925659179688,,,,,,,,,,1644170,13693
1786083233,793410335,,,,,5,-1496.6429443359375,1031.457275390625,-791.1840209960938,0.0027936967089772224,-0.08111477643251419,-0.0802040621638298,0.9934686422348022,1,1644170,13693
1786083233,801618909,1,-173.26577758789062,208.0828094482422,-558.026123046875,,,,,,,,,,1644171,13693
1786083233,801618909,,,,,5,-1496.6317138671875,1031.4869384765625,-791.201171875,0.0029442303348332644,-0.08114783465862274,-0.07950753718614578,0.9935213327407837,1,1644171,13693
1786083233,809336494,1,-166.42152404785156,215.47079467773438,-556.0379638671875,,,,,,,,,,1644172,13693
1786083233,809336494,,,,,5,-1496.6546630859375,1031.450439453125,-791.236328125,0.003245966974645853,-0.08079975098371506,-0.07943812757730484,0.993554413318634,1,1644172,13693
1786083233,819309036,1,-161.09683227539062,220.98667907714844,-553.099853515625,,,,,,,,,,1644173,13693
1786083233,819309036,,,,,5,-1496.6468505859375,1031.4788818359375,-791.2094116210938,0.0029291005339473486,-0.0808413028717041,-0.0807521641254425,0.9934461116790771,1,1644173,13693
1786083233,826334008,1,-155.58677673339844,226.90113830566406,-550.6746826171875,,,,,,,,,,1644174,13693
1786083233,826334008,,,,,5,-1496.6497802734375,1031.4549560546875,-791.2088012695312,0.003343574469909072,-0.0811590850353241,-0.08135979622602463,0.9933692812919617,1,1644174,13693
1786083233,834794619,1,-149.4918975830078,232.29412841796875,-548.5159301757812,,,,,,,,,,1644175,13693
1786083233,834794619,,,,,5,-1496.6492919921875,1031.4837646484375,-791.221435546875,0.0029114943463355303,-0.08095569908618927,-0.07883700728416443,0.9935907125473022,1,1644175,13693
1786083233,843296750,1,-143.40074157714844,237.34169006347656,-547.2030639648438,,,,,,,,,,1644176,13693
1786083233,843296750,,,,,5,-1496.6710205078125,1031.484619140625,-791.1868286132812,0.0022129244171082973,-0.08104640245437622,-0.07842759788036346,0.9936174750328064,1,1644176,13693
1786083233,851197852,1,-138.161376953125,240.38217163085938,-543.84228515625,,,,,,,,,,1644177,13693
1786083233,851197852,,,,,5,-1496.6646728515625,1031.489013671875,-791.1976928710938,0.0030698440968990326,-0.08087194710969925,-0.07924852520227432,0.9935643076896667,1,1644177,13693
1786083233,859227003,1,-132.28790283203125,242.89044189453125,-541.3660278320312,,,,,,,,,,1644178,13693
1786083233,859227003,,,,,5,-1496.6717529296875,1031.4119873046875,-791.2404174804688,0.0030509745702147484,-0.08082477003335953,-0.08054846525192261,0.9934636950492859,1,1644178,13693
1786083233,868099401,1,-126.24967193603516,244.8605499267578,-538.8518676757812,,,,,,,,,,1644179,13693
1786083233,868099401,,,,,5,-1496.66015625,1031.456298828125,-791.1901245117188,0.0029765372164547443,-0.08114784955978394,-0.08137307316064835,0.9933702349662781,1,1644179,13693
1786083233,876174903,1,-120.61258697509766,246.03903198242188,-536.7401123046875,,,,,,,,,,1644180,13693
1786083233,876174903,,,,,5,-1496.6385498046875,1031.440673828125,-791.1435546875,0.002909245900809765,-0.08121704310178757,-0.0807819813489914,0.9934130907058716,1,1644180,13693
1786083233,885680415,1,-115.0741958618164,247.11619567871094,-535.2942504882812,,,,,,,,,,1644181,13693
1786083233,885680415,,,,,5,-1496.6724853515625,1031.4622802734375,-791.1856079101562,0.0032090891618281603,-0.08105528354644775,-0.08105908334255219,0.993402898311615,1,1644181,13693
1786083233,892986661,1,-107.5236587524414,249.09373474121094,-532.9083251953125,,,,,,,,,,1644182,13693
1786083233,892986661,,,,,5,-1496.6185302734375,1031.4674072265625,-791.1947631835938,0.002984096296131611,-0.08109553158283234,-0.08044649660587311,0.9934500455856323,1,1644182,13693
1786083233,901305467,1,-101.59346008300781,248.16954040527344,-530.6475830078125,,,,,,,,,,1644183,13693
1786083233,901305467,,,,,5,-1496.6209716796875,1031.487548828125,-791.2240600585938,0.003046883037313819,-0.08100049197673798,-0.0794832780957222,0.9935351014137268,1,1644183,13693
1786083233,909992140,1,-95.86973571777344,247.33367919921875,-528.4957275390625,,,,,,,,,,1644184,13693
1786083233,909992140,,,,,5,-1496.6414794921875,1031.430908203125,-791.1759643554688,0.003149451920762658,-0.08090823143720627,-0.0799456238746643,0.9935053586959839,1,1644184,13693
1786083233,917990870,1,-90.10218811035156,245.67044067382812,-526.2576904296875,,,,,,,,,,1644185,13693
1786083233,917990870,,,,,5,-1496.6663818359375,1031.4610595703125,-791.1640014648438,0.0027472670190036297,-0.08127481490373611,-0.08028519153594971,0.9934490919113159,1,1644185,13693
1786083233,926052234,1,-84.6392593383789,240.85101318359375,-524.7877197265625,,,,,,,,,,1644186,13693
1786083233,926052234,,,,,5,-1496.6160888671875,1031.484619140625,-791.2808837890625,0.003537158714607358,-0.08084460347890854,-0.08027532696723938,0.9934825301170349,1,1644186,13693
1786083233,935095449,1,-78.02420806884766,239.4408721923828,-522.2388916015625,,,,,,,,,,1644187,13693
1786083233,935095449,,,,,5,-1496.62255859375,1031.4403076171875,-791.207275390625,0.0032627370674163103,-0.08126848191022873,-0.08155380934476852,0.9933447241783142,1,1644187,13693
1786083233,942863895,1,-73.44763946533203,234.5013427734375,-519.8967895507812,,,,,,,,,,1644188,13693
1786083233,942863895,,,,,5,-1496.6314697265625,1031.4443359375,-791.182373046875,0.002615818055346608,-0.08111053705215454,-0.07909461855888367,0.9935583472251892,1,1644188,13693
1786083233,950968155,1,-65.47811126708984,231.4595184326172,-517.25146484375,,,,,,,,,,1644189,13693
1786083233,950968155,,,,,5,-1496.654052734375,1031.49755859375,-791.2006225585938,0.002740663243457675,-0.08082113415002823,-0.07925907522439957,0.9935685396194458,1,1644189,13693
1786083233,959827981,1,-59.88559341430664,226.43174743652344,-514.9365234375,,,,,,,,,,1644190,13693
1786083233,959827981,,,,,5,-1496.64990234375,1031.4281005859375,-791.2330932617188,0.0032362535130232573,-0.0809222012758255,-0.08073855191469193,0.9934397339820862,1,1644190,13693
1786083233,967813533,1,-53.953041076660156,220.24301147460938,-512.6283569335938,,,,,,,,,,1644191,13693
1786083233,967813533,,,,,5,-1496.6181640625,1031.4149169921875,-791.184326171875,0.0030517373234033585,-0.0811251774430275,-0.08043964207172394,0.9934479594230652,1,1644191,13693
1786083233,975831616,1,-47.7392692565918,213.46978759765625,-510.4456481933594,,,,,,,,,,1644192,13693
1786083233,975831616,,,,,5,-1496.609375,1031.4451904296875,-791.2025146484375,0.0032564178109169006,-0.08110292255878448,-0.07994736731052399,0.9934888482093811,1,1644192,13693
1786083233,984847033,1,-41.76629638671875,205.8969268798828,-508.1114501953125,,,,,,,,,,1644193,13693
1786083233,984847033,,,,,5,-1496.6593017578125,1031.4805908203125,-791.1820678710938,0.002716043498367071,-0.08111651241779327,-0.07941582053899765,0.9935320019721985,1,1644193,13693
1786083233,992865245,1,-35.59524154663086,198.6805877685547,-505.93017578125,,,,,,,,,,1644194,13693
1786083233,992865245,,,,,5,-1496.62646484375,1031.427734375,-791.2301635742188,0.0030544481705874205,-0.08090679347515106,-0.08013570308685303,0.9934902787208557,1,1644194,13693
1786083234,864167,1,-29.732410430908203,189.56126403808594,-503.8277893066406,,,,,,,,,,1644195,13693
1786083234,864167,,,,,5,-1496.658447265625,1031.48974609375,-791.2606811523438,0.00330443331040442,-0.08093077689409256,-0.08044295012950897,0.9934627413749695,1,1644195,13693
1786083234,9687659,1,-24.43708038330078,179.36305236816406,-501.4503479003906,,,,,,,,,,1644196,13693
1786083234,9687659,,,,,5,-1496.65673828125,1031.4610595703125,-791.2326049804688,0.0032512410543859005,-0.0809285044670105,-0.08122947067022324,0.9933989644050598,1,1644196,13693
1786083234,17723378,1,-18.407405853271484,170.12759399414062,-499.1766662597656,,,,,,,,,,1644197,13693
1786083234,17723378,,,,,5,-1496.6009521484375,1031.4400634765625,-791.2182006835938,0.0032674993854016066,-0.08095252513885498,-0.07950130105018616,0.9935367703437805,1,1644197,13693
1786083234,26616227,1,-13.395872116088867,158.5390167236328,-497.2130432128906,,,,,,,,,,1644198,13693
1786083234,26616227,,,,,5,-1496.60546875,1031.4412841796875,-791.16943359375,0.002657214878126979,-0.0811939537525177,-0.08022230118513107,0.9934610724449158,1,1644198,13693
1786083234,34630833,1,-6.3175506591796875,148.4344940185547,-494.49310302734375,,,,,,,,,,1644199,13693
1786083234,34630833,,,,,5,-1496.6435546875,1031.4788818359375,-791.1971435546875,0.003222063183784485,-0.08099323511123657,-0.08039773255586624,0.9934614896774292,1,1644199,13693
1786083234,42706378,1,-0.40360504388809204,136.34771728515625,-492.3377380371094,,,,,,,,,,1644200,13693
1786083234,42706378,,,,,5,-1496.660888671875,1031.416015625,-791.1578369140625,0.002665001666173339,-0.08088923990726471,-0.0801474004983902,0.9934918284416199,1,1644200,13693
1786083234,51645066,1,5.210073947906494,123.92144775390625,-490.0042724609375,,,,,,,,,,1644201,13693
1786083234,51645066,,,,,5,-1496.6641845703125,1031.4376220703125,-791.129638671875,0.0027132940012961626,-0.08131673187017441,-0.08015027642250061,0.9934566617012024,1,1644201,13693
1786083234,59668821,1,10.921879768371582,110.69441223144531,-488.42498779296875,,,,,,,,,,1644202,13693
1786083234,59668821,,,,,5,-1496.6326904296875,1031.4324951171875,-791.2050170898438,0.0033008428290486336,-0.08096136897802353,-0.0797099769115448,0.9935193061828613,1,1644202,13693
1786083234,67582824,1,17.742399215698242,97.8018569946289,-486.7595520019531,,,,,,,,,,1644203,13693
1786083234,67582824,,,,,5,-1496.620361328125,1031.3994140625,-791.172119140625,0.002920297672972083,-0.08096228539943695,-0.07996653020381927,0.9934998154640198,1,1644203,13693
1786083234,76484182,1,22.525251388549805,99.72534942626953,-484.1841125488281,,,,,,,,,,1644204,13693
1786083234,76484182,,,,,5,-1496.6278076171875,1031.4403076171875,-791.213134765625,0.003303794888779521,-0.0809524804353714,-0.07998716831207275,0.9934976696968079,1,1644204,13693
1786083234,84428926,1,28.799942016601562,108.87059783935547,-482.1855163574219,,,,,,,,,,1644205,13693
1786083234,84428926,,,,,5,-1496.6151123046875,1031.4942626953125,-791.2123413085938,0.0028962756041437387,-0.08116435259580612,-0.07991009950637817,0.9934878349304199,1,1644205,13693
1786083234,92757595,1,35.1479377746582,117.4197998046875,-480.4599914550781,,,,,,,,,,1644206,13693
1786083234,92757595,,,,,5,-1496.6357421875,1031.4505615234375,-791.1796875,0.0027829946484416723,-0.08109714835882187,-0.07965104281902313,0.9935144782066345,1,1644206,13693
1786083234,101394025,1,40.780426025390625,125.10964965820312,-478.1123046875,,,,,,,,,,1644207,13693
1786083234,101394025,,,,,5,-1496.674560546875,1031.4383544921875,-791.1614379882812,0.002878595609217882,-0.08112343400716782,-0.08046325296163559,0.9934466481208801,1,1644207,13693
1786083234,109392925,1,47.11030578613281,132.3131866455078,-476.23919677734375,,,,,,,,,,1644208,13693
1786083234,109392925,,,,,5,-1496.6588134765625,1031.4959716796875,-791.2091674804688,0.0032683629542589188,-0.08138368278741837,-0.08072097599506378,0.9934032559394836,1,1644208,13693
1786083234,118360115,1,52.89168167114258,137.8553466796875,-474.29608154296875,,,,,,,,,,1644209,13693
1786083234,118360115,,,,,5,-1496.6488037109375,1031.493408203125,-791.1875,0.002863585948944092,-0.08115370571613312,-0.0797148123383522,0.993504524230957,1,1644209,13693
1786083234,126263881,1,59.000797271728516,143.7072296142578,-472.5650634765625,,,,,,,,,,1644210,13693
1786083234,126263881,,,,,5,-1496.63525390625,1031.4544677734375,-791.1762084960938,0.0025409928057342768,-0.08114881813526154,-0.08006446063518524,0.9934777617454529,1,1644210,13693
1786083234,134411816,1,65.07402038574219,149.32408142089844,-470.2104797363281,,,,,,,,,,1644211,13693
1786083234,134411816,,,,,5,-1496.641357421875,1031.465087890625,-791.1508178710938,0.002771486295387149,-0.08106926083564758,-0.07983600348234177,0.9935020208358765,1,1644211,13693
1786083234,143383036,1,71.30170440673828,153.89248657226562,-468.2469177246094,,,,,,,,,,1644212,13693
1786083234,143383036,,,,,5,-1496.6357421875,1031.39111328125,-791.1676635742188,0.00272575207054615,-0.08092547953128815,-0.07927916198968887,0.9935585260391235,1,1644212,13693
1786083234,151315880,1,77.44650268554688,157.62350463867188,-466.0453796386719,,,,,,,,,,1644213,13693
1786083234,151315880,,,,,5,-1496.6834716796875,1031.4642333984375,-791.1785278320312,0.0026778955943882465,-0.08097421377897263,-0.08000992238521576,0.9934960007667542,1,1644213,13693
1786083234,159205348,1,83.6611099243164,160.43161010742188,-464.3423156738281,,,,,,,,,,1644214,13693
1786083234,159205348,,,,,5,-1496.6142578125,1031.42041015625,-791.24609375,0.0031728846952319145,-0.08129363507032394,-0.07997430115938187,0.9934712648391724,1,1644214,13693
1786083234,168815122,1,89.32007598876953,163.16046142578125,-462.16705322265625,,,,,,,,,,1644215,13693
1786083234,168815122,,,,,5,-1496.6474609375,1031.4007568359375,-791.1542358398438,0.0025514308363199234,-0.0811038464307785,-0.07973331212997437,0.9935080409049988,1,1644215,13693
1786083234,176127358,1,95.118408203125,164.86964416503906,-460.3221130371094,,,,,,,,,,1644216,13693
1786083234,176127358,,,,,5,-1496.652587890625,1031.4461669921875,-791.1830444335938,0.002472893800586462,-0.08118555694818497,-0.08003309369087219,0.993477463722229,1,1644216,13693
1786083234,184231373,1,101.37271118164062,166.4738006591797,-458.1735534667969,,,,,,,,,,1644217,13693
1786083234,184231373,,,,,5,-1496.6546630859375,1031.4539794921875,-791.1661376953125,0.0026072529144585133,-0.08076545596122742,-0.07944374531507492,0.9935585856437683,1,1644217,13693
1786083234,193115041,1,107.43067932128906,167.27474975585938,-456.23443603515625,,,,,,,,,,1644218,13693
1786083234,193115041,,,,,5,-1496.661376953125,1031.4561767578125,-791.2327270507812,0.0031452428083866835,-0.08059265464544296,-0.07904744148254395,0.9936027526855469,1,1644218,13693
1786083234,201030035,1,113.11483001708984,166.52841186523438,-453.969970703125,,,,,,,,,,1644219,13693
1786083234,201030035,,,,,5,-1496.642333984375,1031.4569091796875,-791.2042846679688,0.002861343091353774,-0.0807960107922554,-0.07935450971126556,0.993562638759613,1,1644219,13693
1786083234,209069177,1,119.28045654296875,165.7699737548828,-451.9490966796875,,,,,,,,,,1644220,13693
1786083234,209069177,,,,,5,-1496.66943359375,1031.4378662109375,-791.1671752929688,0.0026375409215688705,-0.08125542104244232,-0.07986477762460709,0.9934848546981812,1,1644220,13693
1786083234,217942353,1,125.16615295410156,163.30616760253906,-449.5519714355469,,,,,,,,,,1644221,13693
1786083234,217942353,,,,,5,-1496.6484375,1031.42578125,-791.1862182617188,0.0027592589613050222,-0.08085056394338608,-0.07923233509063721,0.9935682415962219,1,1644221,13693
1786083234,225908753,1,131.05445861816406,161.16024780273438,-447.0288391113281,,,,,,,,,,1644222,13693
1786083234,225908753,,,,,5,-1496.6353759765625,1031.4830322265625,-791.2009887695312,0.002938874764367938,-0.08128050714731216,-0.07966625690460205,0.993497908115387,1,1644222,13693
1786083234,234932787,1,137.60263061523438,159.3417510986328,-445.58917236328125,,,,,,,,,,1644223,13693
1786083234,234932787,,,,,5,-1496.676025390625,1031.47509765625,-791.1557006835938,0.0026998063549399376,-0.08119884878396988,-0.07978851348161697,0.9934954643249512,1,1644223,13693
1786083234,242990386,1,144.00265502929688,156.60540771484375,-443.9844970703125,,,,,,,,,,1644224,13693
1786083234,242990386,,,,,5,-1496.650146484375,1031.462158203125,-791.234375,0.0025867728982120752,-0.08069448173046112,-0.07898908853530884,0.9936007261276245,1,1644224,13693
1786083234,250924189,1,149.9197235107422,152.95948791503906,-442.0712890625,,,,,,,,,,1644225,13693
1786083234,250924189,,,,,5,-1496.6492919921875,1031.4613037109375,-791.1744995117188,0.0025181055534631014,-0.08118920773267746,-0.07946589589118958,0.9935225248336792,1,1644225,13693
1786083234,259854977,1,155.19570922851562,147.25685119628906,-439.41357421875,,,,,,,,,,1644226,13693
1786083234,259854977,,,,,5,-1496.6357421875,1031.405029296875,-791.1483764648438,0.00249388231895864,-0.0812024176120758,-0.08004698902368546,0.9934749007225037,1,1644226,13693
1786083234,267350923,1,161.39588928222656,141.03460693359375,-437.09112548828125,,,,,,,,,,1644227,13693
1786083234,267350923,,,,,5,-1496.624267578125,1031.4432373046875,-791.1941528320312,0.003139846259728074,-0.08101506531238556,-0.07996466755867004,0.9934950470924377,1,1644227,13693
1786083234,275767688,1,165.32052612304688,133.66860961914062,-437.9658508300781,,,,,,,,,,1644228,13693
1786083234,275767688,,,,,5,-1496.6802978515625,1031.4986572265625,-791.2411499023438,0.002990851178765297,-0.08092326670885086,-0.07993216067552567,0.9935055375099182,1,1644228,13693
1786083234,285202805,1,173.83212280273438,128.7245635986328,-432.78009033203125,,,,,,,,,,1644229,13693
1786083234,285202805,,,,,5,-1496.6412353515625,1031.4613037109375,-791.219970703125,0.0032254860270768404,-0.08107087761163712,-0.07933731377124786,0.9935404062271118,1,1644229,13693
1786083234,292724437,1,179.63345336914062,121.64278411865234,-432.09674072265625,,,,,,,,,,1644230,13693
1786083234,292724437,,,,,5,-1496.6302490234375,1031.4471435546875,-791.1974487304688,0.002659990219399333,-0.08117292076349258,-0.07838514447212219,0.9936093091964722,1,1644230,13693
1786083234,301408370,1,185.18031311035156,112.77059936523438,-429.0886535644531,,,,,,,,,,1644231,13693
1786083234,301408370,,,,,5,-1496.6163330078125,1031.4505615234375,-791.2239990234375,0.0033210834953933954,-0.0810951292514801,-0.0806528702378273,0.9934322237968445,1,1644231,13693
1786083234,309645264,1,191.57797241210938,104.66761779785156,-427.7620849609375,,,,,,,,,,1644232,13693
1786083234,309645264,,,,,5,-1496.6422119140625,1031.47021484375,-791.208740234375,0.0026290358509868383,-0.08126885443925858,-0.07891108840703964,0.9935600757598877,1,1644232,13693
1786083234,317669627,1,196.9331512451172,100.01090240478516,-424.95233154296875,,,,,,,,,,1644233,13693
1786083234,317669627,,,,,5,-1496.6170654296875,1031.4049072265625,-791.186279296875,0.0031184465624392033,-0.08097585290670395,-0.08018606156110764,0.9934803247451782,1,1644233,13693
1786083234,327259856,1,202.7902069091797,105.95377349853516,-424.06427001953125,,,,,,,,,,1644234,13693
1786083234,327259856,,,,,5,-1496.6929931640625,1031.4466552734375,-791.18017578125,0.002809334546327591,-0.0807381197810173,-0.080058753490448,0.9935110211372375,1,1644234,13693
1786083234,334604945,1,208.37750244140625,111.1036605834961,-423.8095397949219,,,,,,,,,,1644235,13693
1786083234,334604945,,,,,5,-1496.659423828125,1031.525634765625,-791.2271728515625,0.0031838631257414818,-0.08091305196285248,-0.08043932169675827,0.9934648275375366,1,1644235,13693
1786083234,342615840,1,213.8517608642578,116.59735870361328,-420.0554504394531,,,,,,,,,,1644236,13693
1786083234,342615840,,,,,5,-1496.637939453125,1031.401611328125,-791.1742553710938,0.0029721814207732677,-0.08100523799657822,-0.08015859127044678,0.9934806227684021,1,1644236,13693
1786083234,351513776,1,219.7161407470703,120.88027954101562,-418.3355712890625,,,,,,,,,,1644237,13693
1786083234,351513776,,,,,5,-1496.6519775390625,1031.466796875,-791.185791015625,0.0027544323820620775,-0.08129715919494629,-0.08095114678144455,0.9933933019638062,1,1644237,13693
1786083234,359616638,1,225.2628631591797,125.177734375,-416.5678405761719,,,,,,,,,,1644238,13693
1786083234,359616638,,,,,5,-1496.620361328125,1031.4375,-791.1846923828125,0.0027697058394551277,-0.08122532814741135,-0.07896260917186737,0.9935590624809265,1,1644238,13693
1786083234,367592539,1,230.88352966308594,127.8393325805664,-415.529052734375,,,,,,,,,,1644239,13693
1786083234,367592539,,,,,5,-1496.664794921875,1031.459228515625,-791.2023315429688,0.003239345969632268,-0.08127233386039734,-0.08086124062538147,0.9934011101722717,1,1644239,13693
1786083234,376463412,1,237.18588256835938,130.4345703125,-412.21929931640625,,,,,,,,,,1644240,13693
1786083234,376463412,,,,,5,-1496.68115234375,1031.4442138671875,-791.1998901367188,0.0027462614234536886,-0.08089549094438553,-0.08043745905160904,0.9934676885604858,1,1644240,13693
1786083234,384410458,1,243.50184631347656,132.8805694580078,-410.0345458984375,,,,,,,,,,1644241,13693
1786083234,384410458,,,,,5,-1496.627197265625,1031.4552001953125,-791.1570434570312,0.002947899280115962,-0.08124764263629913,-0.08007413148880005,0.9934678077697754,1,1644241,13693
1786083234,392616644,1,248.68307495117188,133.6224365234375,-408.1467590332031,,,,,,,,,,1644242,13693
1786083234,392616644,,,,,5,-1496.6363525390625,1031.4515380859375,-791.2404174804688,0.0034736734814941883,-0.08132290095090866,-0.0810619667172432,0.9933798313140869,1,1644242,13693
1786083234,401515187,1,254.83395385742188,134.22325134277344,-405.6932067871094,,,,,,,,,,1644243,13693
1786083234,401515187,,,,,5,-1496.65625,1031.4822998046875,-791.1928100585938,0.002978725591674447,-0.08115816861391068,-0.07939226180315018,0.9935296177864075,1,1644243,13693
1786083234,409308081,1,260.6632995605469,133.7987518310547,-403.64129638671875,,,,,,,,,,1644244,13693
1786083234,409308081,,,,,5,-1496.621826171875,1031.452880859375,-791.1978149414062,0.002738616894930601,-0.08119677007198334,-0.07964418828487396,0.9935070276260376,1,1644244,13693
1786083234,417672066,1,264.71942138671875,131.205078125,-401.54937744140625,,,,,,,,,,1644245,13693
1786083234,417672066,,,,,5,-1496.6328125,1031.46728515625,-791.1973266601562,0.002788195153698325,-0.08112628757953644,-0.07975048571825027,0.9935041666030884,1,1644245,13693
1786083234,426312494,1,272.1150207519531,130.5442352294922,-400.22918701171875,,,,,,,,,,1644246,13694
1786083234,426312494,,,,,5,-1496.6318359375,1031.4261474609375,-791.1932373046875,0.0029644400347024202,-0.08084718137979507,-0.08056072890758514,0.9934610724449158,1,1644246,13694
1786083234,434671904,1,278.0960388183594,128.6273193359375,-397.597900390625,,,,,,,,,,1644247,13694
1786083234,434671904,,,,,5,-1496.644775390625,1031.4617919921875,-791.1904296875,0.0027376103680580854,-0.08143141120672226,-0.07981667667627335,0.9934741258621216,1,1644247,13694
1786083234,443522528,1,283.3905029296875,125.28490447998047,-395.3035888671875,,,,,,,,,,1644248,13694
1786083234,443522528,,,,,5,-1496.67822265625,1031.4822998046875,-791.1998901367188,0.0030506658367812634,-0.08150564879179001,-0.08207729458808899,0.9932828545570374,1,1644248,13694
1786083234,451224639,1,289.0144348144531,121.28580474853516,-393.8272705078125,,,,,,,,,,1644249,13694
1786083234,451224639,,,,,5,-1496.6600341796875,1031.5074462890625,-791.2171020507812,0.0031255618669092655,-0.0808534100651741,-0.0795019119977951,0.993545413017273,1,1644249,13694
1786083234,459143249,1,294.925048828125,117.31031036376953,-392.03216552734375,,,,,,,,,,1644250,13694
1786083234,459143249,,,,,5,-1496.6392822265625,1031.4229736328125,-791.1885986328125,0.002956068143248558,-0.08096474409103394,-0.08012939989566803,0.9934864044189453,1,1644250,13694
1786083234,468111942,1,300.64141845703125,112.02214813232422,-389.67474365234375,,,,,,,,,,1644251,13694
1786083234,468111942,,,,,5,-1496.6116943359375,1031.3836669921875,-791.1732788085938,0.0028492009732872248,-0.08105103671550751,-0.07908113300800323,0.9935636520385742,1,1644251,13694
1786083234,476259685,1,306.5419006347656,106.82170104980469,-388.3050231933594,,,,,,,,,,1644252,13694
1786083234,476259685,,,,,5,-1496.626220703125,1031.4427490234375,-791.2289428710938,0.0033817668445408344,-0.08085182309150696,-0.0802205428481102,0.9934870004653931,1,1644252,13694
1786083234,484081625,1,313.2570495605469,103.10840606689453,-386.6405334472656,,,,,,,,,,1644253,13694
1786083234,484081625,,,,,5,-1496.6898193359375,1031.5064697265625,-791.2138061523438,0.002509254729375243,-0.08078601211309433,-0.07916468381881714,0.9935795068740845,1,1644253,13694
1786083234,493112632,1,318.9559020996094,104.59312438964844,-384.2121887207031,,,,,,,,,,1644254,13694
1786083234,493112632,,,,,5,-1496.6358642578125,1031.4599609375,-791.1964721679688,0.0028204889968037605,-0.08127104490995407,-0.0796118676662445,0.9935033321380615,1,1644254,13694
1786083234,501033032,1,324.7391052246094,107.74325561523438,-382.6485595703125,,,,,,,,,,1644255,13694
1786083234,501033032,,,,,5,-1496.6878662109375,1031.45556640625,-791.18212890625,0.0029233109671622515,-0.08135928958654404,-0.08098720759153366,0.9933846592903137,1,1644255,13694
1786083234,509006662,1,331.3460388183594,110.06974792480469,-379.93487548828125,,,,,,,,,,1644256,13694
1786083234,509006662,,,,,5,-1496.6331787109375,1031.454345703125,-791.1736450195312,0.0028575072064995766,-0.08123254030942917,-0.0792677253484726,0.9935339093208313,1,1644256,13694
1786083234,518067546,1,337.99395751953125,110.93843078613281,-377.6837463378906,,,,,,,,,,1644257,13694
1786083234,518067546,,,,,5,-1496.6297607421875,1031.4603271484375,-791.2137451171875,0.003239002311602235,-0.08136719465255737,-0.08048010617494583,0.9934242367744446,1,1644257,13694
1786083234,526145457,1,343.68243408203125,111.92501068115234,-375.0516357421875,,,,,,,,,,1644258,13694
1786083234,526145457,,,,,5,-1496.6478271484375,1031.490234375,-791.2008666992188,0.002816970692947507,-0.08137841522693634,-0.07984260469675064,0.9934759736061096,1,1644258,13694
1786083234,534314792,1,349.0740051269531,114.23551940917969,-373.5858459472656,,,,,,,,,,1644259,13694
1786083234,534314792,,,,,5,-1496.6636962890625,1031.4281005859375,-791.1301879882812,0.0025029811076819897,-0.08115405589342117,-0.07933811843395233,0.9935356974601746,1,1644259,13694
1786083234,543548222,1,354.9602966308594,113.68415832519531,-372.45513916015625,,,,,,,,,,1644260,13694
1786083234,543548222,,,,,5,-1496.6845703125,1031.4534912109375,-791.1553955078125,0.002791453618556261,-0.08084508031606674,-0.0796961560845375,0.9935315251350403,1,1644260,13694
1786083234,550872070,1,360.9957275390625,113.06629180908203,-369.7292175292969,,,,,,,,,,1644261,13694
1786083234,550872070,,,,,5,-1496.66064453125,1031.4808349609375,-791.2409057617188,0.0027282224036753178,-0.0811404213309288,-0.08013169467449188,0.9934725165367126,1,1644261,13694
1786083234,559784176,1,367.0441589355469,111.66503143310547,-367.4102783203125,,,,,,,,,,1644262,13694
1786083234,559784176,,,,,5,-1496.6436767578125,1031.4681396484375,-791.1881103515625,0.0029544236604124308,-0.08086661994457245,-0.0797223299741745,0.9935271143913269,1,1644262,13694
1786083234,567808123,1,373.07000732421875,109.17796325683594,-365.3955383300781,,,,,,,,,,1644263,13694
1786083234,567808123,,,,,5,-1496.6748046875,1031.4554443359375,-791.2318725585938,0.003391345962882042,-0.08090022951364517,-0.08136424422264099,0.9933899641036987,1,1644263,13694
1786083234,575812621,1,378.7651672363281,107.10202026367188,-363.5225524902344,,,,,,,,,,1644264,13694
1786083234,575812621,,,,,5,-1496.6129150390625,1031.4654541015625,-791.1703491210938,0.0029556278605014086,-0.08106599003076553,-0.0792793482542038,0.9935463666915894,1,1644264,13694
1786083234,585057215,1,384.8358459472656,103.74846649169922,-361.4051818847656,,,,,,,,,,1644265,13694
1786083234,585057215,,,,,5,-1496.6591796875,1031.465576171875,-791.208251953125,0.002963604871183634,-0.08123255521059036,-0.07963157445192337,0.993504524230957,1,1644265,13694
1786083234,592840130,1,390.99755859375,101.82566833496094,-359.5628967285156,,,,,,,,,,1644266,13694
1786083234,592840130,,,,,5,-1496.633056640625,1031.45556640625,-791.2444458007812,0.0028990108985453844,-0.08050966262817383,-0.07950229942798615,0.9935740232467651,1,1644266,13694
1786083234,600820061,1,398.14208984375,103.78244018554688,-356.0924072265625,,,,,,,,,,1644267,13694
1786083234,600820061,,,,,5,-1496.635986328125,1031.469970703125,-791.2040405273438,0.0028179269284009933,-0.08133295923471451,-0.07910381257534027,0.9935388565063477,1,1644267,13694
1786083234,609929375,1,403.06353759765625,105.06996154785156,-355.2370910644531,,,,,,,,,,1644268,13694
1786083234,609929375,,,,,5,-1496.674072265625,1031.4844970703125,-791.1993408203125,0.00316503643989563,-0.0807146430015564,-0.0800304040312767,0.9935141205787659,1,1644268,13694
1786083234,617800674,1,409.5056457519531,105.83661651611328,-353.059326171875,,,,,,,,,,1644269,13694
1786083234,617800674,,,,,5,-1496.6474609375,1031.3939208984375,-791.1970825195312,0.003106022020801902,-0.08110588043928146,-0.08148033171892166,0.9933645129203796,1,1644269,13694
1786083234,625639504,1,415.1545715332031,107.38756561279297,-351.14141845703125,,,,,,,,,,1644270,13694
1786083234,625639504,,,,,5,-1496.612548828125,1031.4332275390625,-791.2385864257812,0.003245943458750844,-0.0808347538113594,-0.08057328313589096,0.9934602379798889,1,1644270,13694
1786083234,634714335,1,420.6342468261719,108.02336883544922,-349.2909851074219,,,,,,,,,,1644271,13694
1786083234,634714335,,,,,5,-1496.6025390625,1031.44140625,-791.2052612304688,0.003138920059427619,-0.08110710233449936,-0.07978574186563492,0.9935018420219421,1,1644271,13694
1786083234,643305085,1,426.9331970214844,108.6213150024414,-346.66253662109375,,,,,,,,,,1644272,13694
1786083234,643305085,,,,,5,-1496.652587890625,1031.4281005859375,-791.1768188476562,0.0029086985159665346,-0.08117982000112534,-0.08048274368047714,0.9934403300285339,1,1644272,13694
1786083234,650813826,1,432.81219482421875,107.20812225341797,-344.191650390625,,,,,,,,,,1644273,13694
1786083234,650813826,,,,,5,-1496.6585693359375,1031.4295654296875,-791.1737060546875,0.0026995460502803326,-0.08133932948112488,-0.08128930628299713,0.9933622479438782,1,1644273,13694
1786083234,660733920,1,438.7820739746094,106.34143829345703,-342.43072509765625,,,,,,,,,,1644274,13694
1786083234,660733920,,,,,5,-1496.6531982421875,1031.4810791015625,-791.2069091796875,0.003027542494237423,-0.08081163465976715,-0.0791546106338501,0.9935767650604248,1,1644274,13694
1786083234,667607659,1,444.9657287597656,105.00106048583984,-339.9828796386719,,,,,,,,,,1644275,13694
1786083234,667607659,,,,,5,-1496.6597900390625,1031.4788818359375,-791.2412719726562,0.0034321900457143784,-0.08066214621067047,-0.07957712560892105,0.9935538172721863,1,1644275,13694
1786083234,676519765,1,450.2528991699219,104.49093627929688,-337.5890197753906,,,,,,,,,,1644276,13694
1786083234,676519765,,,,,5,-1496.654052734375,1031.465087890625,-791.2509155273438,0.0031810360960662365,-0.08092283457517624,-0.07960747182369232,0.9935311675071716,1,1644276,13694
1786083234,684516746,1,455.9873046875,105.26496887207031,-336.2783508300781,,,,,,,,,,1644277,13694
1786083234,684516746,,,,,5,-1496.6549072265625,1031.431396484375,-791.1320190429688,0.002624963875859976,-0.08108893036842346,-0.08000866323709488,0.9934869408607483,1,1644277,13694
1786083234,692480939,1,461.6774597167969,106.34669494628906,-333.847900390625,,,,,,,,,,1644278,13694
1786083234,692480939,,,,,5,-1496.607421875,1031.4173583984375,-791.16064453125,0.002638787031173706,-0.08115299791097641,-0.07995914667844772,0.993485689163208,1,1644278,13694
1786083234,701384824,1,467.47998046875,105.94406127929688,-333.2712707519531,,,,,,,,,,1644279,13694
1786083234,701384824,,,,,5,-1496.6239013671875,1031.4644775390625,-791.1829833984375,0.002945213345810771,-0.0810968205332756,-0.07914471626281738,0.9935546517372131,1,1644279,13694
1786083234,709616024,1,472.5534973144531,104.53092956542969,-331.1971435546875,,,,,,,,,,1644280,13694
1786083234,709616024,,,,,5,-1496.660400390625,1031.4970703125,-791.1962280273438,0.0026959991082549095,-0.0813753753900528,-0.07946375012397766,0.9935070276260376,1,1644280,13694
1786083234,717552323,1,478.0664367675781,104.54457092285156,-328.7920227050781,,,,,,,,,,1644281,13694
1786083234,717552323,,,,,5,-1496.6595458984375,1031.470947265625,-791.186279296875,0.003177048172801733,-0.08102217316627502,-0.08129974454641342,0.9933858513832092,1,1644281,13694
1786083234,726357907,1,484.37359619140625,105.33235168457031,-325.88751220703125,,,,,,,,,,1644282,13694
1786083234,726357907,,,,,5,-1496.6451416015625,1031.4774169921875,-791.2095947265625,0.0028043987695127726,-0.08109709620475769,-0.07915090769529343,0.9935543537139893,1,1644282,13694
1786083234,734931128,1,489.9972229003906,105.12812042236328,-323.85894775390625,,,,,,,,,,1644283,13694
1786083234,734931128,,,,,5,-1496.6810302734375,1031.4547119140625,-791.1746215820312,0.0027202037163078785,-0.08131691068410873,-0.0792320966720581,0.9935302138328552,1,1644283,13694
1786083234,743121127,1,495.10565185546875,105.40054321289062,-321.615478515625,,,,,,,,,,1644284,13694
1786083234,743121127,,,,,5,-1496.6624755859375,1031.4261474609375,-791.168212890625,0.0024600806646049023,-0.0811396986246109,-0.0789177343249321,0.9935705065727234,1,1644284,13694
1786083234,751283904,1,500.3869323730469,103.66802978515625,-320.1048583984375,,,,,,,,,,1644285,13694
1786083234,751283904,,,,,5,-1496.6695556640625,1031.4666748046875,-791.2108764648438,0.002611681120470166,-0.08104303479194641,-0.07965420186519623,0.9935192465782166,1,1644285,13694
1786083234,759599713,1,506.52813720703125,105.08505249023438,-318.9869689941406,,,,,,,,,,1644286,13694
1786083234,759599713,,,,,5,-1496.6282958984375,1031.4378662109375,-791.2072143554688,0.003294270019978285,-0.08097270131111145,-0.08088138699531555,0.9934237599372864,1,1644286,13694
1786083234,768146703,1,512.8392333984375,106.94278717041016,-316.9769287109375,,,,,,,,,,1644287,13694
1786083234,768146703,,,,,5,-1496.6292724609375,1031.490234375,-791.2064819335938,0.0027586619835346937,-0.08142319321632385,-0.07993429154157639,0.9934651255607605,1,1644287,13694
1786083234,778262854,1,518.1875610351562,107.81037902832031,-314.21624755859375,,,,,,,,,,1644288,13694
1786083234,778262854,,,,,5,-1496.6689453125,1031.506591796875,-791.2424926757812,0.0028457047883421183,-0.0813969075679779,-0.07999388873577118,0.9934622645378113,1,1644288,13694
1786083234,788599469,1,523.2059326171875,107.12260437011719,-312.6077880859375,,,,,,,,,,1644289,13694
1786083234,788599469,,,,,5,-1496.64501953125,1031.4432373046875,-791.1716918945312,0.002584681147709489,-0.08116625994443893,-0.0800410583615303,0.9934781193733215,1,1644289,13694
1786083234,793076507,1,529.2634887695312,107.42152404785156,-311.04241943359375,,,,,,,,,,1644290,13694
1786083234,793076507,,,,,5,-1496.656494140625,1031.4852294921875,-791.260986328125,0.0033462641295045614,-0.0809256061911583,-0.08032537996768951,0.9934724569320679,1,1644290,13694
1786083234,800636909,1,534.5083618164062,106.88619995117188,-309.0387878417969,,,,,,,,,,1644291,13694
1786083234,800636909,,,,,5,-1496.6082763671875,1031.4525146484375,-791.2318725585938,0.0033038693945854902,-0.08095573633909225,-0.08051365613937378,0.9934548735618591,1,1644291,13694
1786083234,809095387,1,539.8540649414062,106.03083038330078,-306.90081787109375,,,,,,,,,,1644292,13694
1786083234,809095387,,,,,5,-1496.6474609375,1031.427001953125,-791.1572265625,0.0025954246520996094,-0.0813649371266365,-0.08011718839406967,0.9934556484222412,1,1644292,13694
1786083234,818125307,1,546.2639770507812,108.45726013183594,-305.6678161621094,,,,,,,,,,1644293,13694
1786083234,818125307,,,,,5,-1496.7069091796875,1031.4803466796875,-791.2258911132812,0.0028243407141417265,-0.08068200200796127,-0.08020368218421936,0.9935038089752197,1,1644293,13694
1786083234,825988416,1,551.331298828125,106.38646697998047,-304.5692138671875,,,,,,,,,,1644294,13694
1786083234,825988416,,,,,5,-1496.65087890625,1031.474609375,-791.1973266601562,0.002795270411297679,-0.08126576989889145,-0.07944811135530472,0.9935169219970703,1,1644294,13694
1786083234,834067095,1,557.107177734375,107.16101837158203,-302.24908447265625,,,,,,,,,,1644295,13694
1786083234,834067095,,,,,5,-1496.6781005859375,1031.452392578125,-791.2368774414062,0.002836791332811117,-0.08066488802433014,-0.07936298102140427,0.9935726523399353,1,1644295,13694
1786083234,842949772,1,562.1747436523438,107.97856140136719,-300.14105224609375,,,,,,,,,,1644296,13694
1786083234,842949772,,,,,5,-1496.631591796875,1031.4609375,-791.207275390625,0.0027310827281326056,-0.08116725087165833,-0.0795629546046257,0.9935159683227539,1,1644296,13694
1786083234,850981748,1,567.478515625,107.81132507324219,-299.5517883300781,,,,,,,,,,1644297,13694
1786083234,850981748,,,,,5,-1496.666015625,1031.4739990234375,-791.2138061523438,0.002641412429511547,-0.08120524883270264,-0.0799279436469078,0.9934837818145752,1,1644297,13694
1786083234,858940311,1,574.297607421875,109.89326477050781,-297.42364501953125,,,,,,,,,,1644298,13694
1786083234,858940311,,,,,5,-1496.638671875,1031.455078125,-791.255615234375,0.0032529328018426895,-0.08078643679618835,-0.0805194079875946,0.9934684634208679,1,1644298,13694
1786083234,868009320,1,579.479736328125,108.92825317382812,-296.3255920410156,,,,,,,,,,1644299,13694
1786083234,868009320,,,,,5,-1496.6571044921875,1031.4791259765625,-791.2489013671875,0.002999188844114542,-0.08103329688310623,-0.08009986579418182,0.9934830665588379,1,1644299,13694
1786083234,876031124,1,584.79833984375,108.90945434570312,-293.2031555175781,,,,,,,,,,1644300,13694
1786083234,876031124,,,,,5,-1496.7044677734375,1031.4847412109375,-791.2125854492188,0.003111952915787697,-0.0809512585401535,-0.08144499361515045,0.9933799505233765,1,1644300,13694
1786083234,884823402,1,590.18505859375,107.71085357666016,-291.94415283203125,,,,,,,,,,1644301,13694
1786083234,884823402,,,,,5,-1496.6441650390625,1031.4110107421875,-791.1708984375,0.0024936816189438105,-0.08108014613389969,-0.07905694842338562,0.993564248085022,1,1644301,13694
1786083234,892843766,1,595.3175048828125,109.18505859375,-289.8111267089844,,,,,,,,,,1644302,13694
1786083234,892843766,,,,,5,-1496.6549072265625,1031.49072265625,-791.2156372070312,0.0024109920486807823,-0.08107432723045349,-0.07918128371238708,0.9935550093650818,1,1644302,13694
1786083234,901194379,1,600.87255859375,107.74768829345703,-288.1349792480469,,,,,,,,,,1644303,13694
1786083234,901194379,,,,,5,-1496.6429443359375,1031.4794921875,-791.1887817382812,0.002944501582533121,-0.08129440993070602,-0.07969079911708832,0.9934947490692139,1,1644303,13694
1786083234,909856496,1,606.3107299804688,107.63805389404297,-286.831787109375,,,,,,,,,,1644304,13694
1786083234,909856496,,,,,5,-1496.6466064453125,1031.4066162109375,-791.1693115234375,0.0026378571055829525,-0.08121968805789948,-0.0802876204252243,0.9934536814689636,1,1644304,13694
1786083234,917775169,1,611.493896484375,107.66658020019531,-285.2447814941406,,,,,,,,,,1644305,13694
1786083234,917775169,,,,,5,-1496.703125,1031.4451904296875,-791.2282104492188,0.0030026710592210293,-0.0808769091963768,-0.08071962743997574,0.9934456944465637,1,1644305,13694
1786083234,926819515,1,617.4940185546875,107.30076599121094,-283.5643615722656,,,,,,,,,,1644306,13694
1786083234,926819515,,,,,5,-1496.67578125,1031.4384765625,-791.1808471679688,0.0027584433555603027,-0.08081300556659698,-0.07918629050254822,0.993574857711792,1,1644306,13694
1786083234,934794264,1,622.0070190429688,106.77940368652344,-281.60589599609375,,,,,,,,,,1644307,13694
1786083234,934794264,,,,,5,-1496.6373291015625,1031.433837890625,-791.1497192382812,0.0024833090137690306,-0.08121220022439957,-0.07965175062417984,0.9935058951377869,1,1644307,13694
1786083234,942768853,1,627.8922119140625,106.59160614013672,-280.0783996582031,,,,,,,,,,1644308,13694
1786083234,942768853,,,,,5,-1496.6219482421875,1031.4381103515625,-791.2387084960938,0.0032655056565999985,-0.0807645171880722,-0.07903704047203064,0.9935891628265381,1,1644308,13694
1786083234,950800253,1,632.4652099609375,106.07710266113281,-277.8663024902344,,,,,,,,,,1644309,13694
1786083234,950800253,,,,,5,-1496.620849609375,1031.387451171875,-791.1561889648438,0.002931473311036825,-0.08108004182577133,-0.08024907857179642,0.9934674501419067,1,1644309,13694
1786083234,959765780,1,638.0635375976562,106.20403289794922,-276.9084167480469,,,,,,,,,,1644310,13694
1786083234,959765780,,,,,5,-1496.6239013671875,1031.4407958984375,-791.1939086914062,0.0032970639877021313,-0.0809566006064415,-0.08024182170629501,0.993476927280426,1,1644310,13694
1786083234,967707709,1,642.9251098632812,105.26530456542969,-275.984375,,,,,,,,,,1644311,13694
1786083234,967707709,,,,,5,-1496.636962890625,1031.48388671875,-791.1859741210938,0.002669236622750759,-0.08112239837646484,-0.07901069521903992,0.9935640096664429,1,1644311,13694
1786083234,975521588,1,647.6041870117188,105.39903259277344,-274.9138488769531,,,,,,,,,,1644312,13694
1786083234,975521588,,,,,5,-1496.6051025390625,1031.3773193359375,-791.1871948242188,0.0029363681096583605,-0.08088850229978561,-0.08011715859174728,0.9934936761856079,1,1644312,13694
1786083234,984544278,1,652.8892822265625,104.54592895507812,-272.9959716796875,,,,,,,,,,1644313,13694
1786083234,984544278,,,,,5,-1496.6790771484375,1031.4554443359375,-791.1599731445312,0.002638424513861537,-0.08125579357147217,-0.08069751411676407,0.993417501449585,1,1644313,13694
1786083234,992525968,1,658.5651245117188,104.30348205566406,-271.37188720703125,,,,,,,,,,1644314,13694
1786083234,992525968,,,,,5,-1496.6611328125,1031.48876953125,-791.1995849609375,0.003049831371754408,-0.08103635907173157,-0.08028420060873032,0.9934677481651306,1,1644314,13694
1786083235,621761,1,663.7545166015625,104.4495620727539,-269.5252380371094,,,,,,,,,,1644315,13694
1786083235,621761,,,,,5,-1496.6697998046875,1031.484619140625,-791.2380981445312,0.0030177731532603502,-0.08086298406124115,-0.07910821586847305,0.9935763478279114,1,1644315,13694
1786083235,9461898,1,668.9542236328125,104.39967346191406,-268.33441162109375,,,,,,,,,,1644316,13694
1786083235,9461898,,,,,5,-1496.6331787109375,1031.49072265625,-791.2188720703125,0.002954015275463462,-0.08101373165845871,-0.07926109433174133,0.9935520887374878,1,1644316,13694
1786083235,18061136,1,673.8802490234375,103.98352813720703,-267.1725158691406,,,,,,,,,,1644317,13694
1786083235,18061136,,,,,5,-1496.6383056640625,1031.463623046875,-791.2112426757812,0.0032105932477861643,-0.08106172829866409,-0.07937446981668472,0.9935383796691895,1,1644317,13694
1786083235,26521415,1,679.2196655273438,103.65857696533203,-265.6787109375,,,,,,,,,,1644318,13694
1786083235,26521415,,,,,5,-1496.6973876953125,1031.4588623046875,-791.1741333007812,0.0027213599532842636,-0.08113725483417511,-0.08093851059675217,0.9934074282646179,1,1644318,13694
1786083235,34823224,1,684.1961059570312,105.26696014404297,-263.8629150390625,,,,,,,,,,1644319,13694
1786083235,34823224,,,,,5,-1496.65625,1031.5037841796875,-791.2666625976562,0.0035641584545373917,-0.08084068447351456,-0.08038914948701859,0.9934735894203186,1,1644319,13694
1786083235,42314605,1,689.3507080078125,104.42880249023438,-262.1958312988281,,,,,,,,,,1644320,13694
1786083235,42314605,,,,,5,-1496.6346435546875,1031.4471435546875,-791.1636962890625,0.002702099271118641,-0.08108048886060715,-0.07976455241441727,0.9935069680213928,1,1644320,13694
1786083235,51347415,1,694.4981689453125,104.79206848144531,-260.6803894042969,,,,,,,,,,1644321,13694
1786083235,51347415,,,,,5,-1496.655029296875,1031.4288330078125,-791.2098999023438,0.002831018064171076,-0.0811564177274704,-0.08109446614980698,0.993392825126648,1,1644321,13694
1786083235,59542318,1,698.7755126953125,104.76883697509766,-259.319091796875,,,,,,,,,,1644322,13694
1786083235,59542318,,,,,5,-1496.621337890625,1031.4400634765625,-791.1974487304688,0.0030160886235535145,-0.08104825764894485,-0.0801197811961174,0.9934801459312439,1,1644322,13694
1786083235,67376519,1,704.3413696289062,105.5101547241211,-257.220703125,,,,,,,,,,1644323,13694
1786083235,67376519,,,,,5,-1496.6795654296875,1031.4642333984375,-791.1986083984375,0.0029619671404361725,-0.08116289228200912,-0.080848328769207,0.9934119582176208,1,1644323,13694
1786083235,77566768,1,709.5128173828125,103.54308319091797,-257.3132629394531,,,,,,,,,,1644324,13694
1786083235,77566768,,,,,5,-1496.6180419921875,1031.447509765625,-791.2083740234375,0.0034526216331869364,-0.0811789408326149,-0.07959438115358353,0.9935103058815002,1,1644324,13694
1786083235,84243082,1,714.4216918945312,105.261962890625,-254.15798950195312,,,,,,,,,,1644325,13694
1786083235,84243082,,,,,5,-1496.653564453125,1031.4486083984375,-791.2399291992188,0.0034629548899829388,-0.08072643727064133,-0.08001165837049484,0.9935136437416077,1,1644325,13694
1786083235,92254852,1,719.7412109375,104.28728485107422,-252.69497680664062,,,,,,,,,,1644326,13694
1786083235,92254852,,,,,5,-1496.6689453125,1031.481689453125,-791.2239379882812,0.0027051090728491545,-0.0812227874994278,-0.07928466796875,0.9935337901115417,1,1644326,13694
1786083235,101182291,1,724.710693359375,105.3069076538086,-252.16551208496094,,,,,,,,,,1644327,13694
1786083235,101182291,,,,,5,-1496.610595703125,1031.4110107421875,-791.1753540039062,0.003145708469673991,-0.08094500005245209,-0.08053135871887207,0.9934549331665039,1,1644327,13694
1786083235,109160441,1,730.5160522460938,103.82787322998047,-251.0937042236328,,,,,,,,,,1644328,13694
1786083235,109160441,,,,,5,-1496.6585693359375,1031.405029296875,-791.1871337890625,0.003159852232784033,-0.08111607283353806,-0.08002898842096329,0.9934815168380737,1,1644328,13694
1786083235,118306617,1,734.49560546875,103.86906433105469,-249.43931579589844,,,,,,,,,,1644329,13694
1786083235,118306617,,,,,5,-1496.6312255859375,1031.4368896484375,-791.24365234375,0.003181556472554803,-0.0811702087521553,-0.08076978474855423,0.9934170842170715,1,1644329,13694
1786083235,126232050,1,739.2396850585938,104.31824493408203,-247.390869140625,,,,,,,,,,1644330,13694
1786083235,126232050,,,,,5,-1496.637939453125,1031.4735107421875,-791.1762084960938,0.0027510439977049828,-0.08120127767324448,-0.07907124608755112,0.9935524463653564,1,1644330,13694
1786083235,134065867,1,744.2562255859375,103.32344055175781,-246.0975799560547,,,,,,,,,,1644331,13694
1786083235,134065867,,,,,5,-1496.6737060546875,1031.4515380859375,-791.1786499023438,0.002763978438451886,-0.08092037588357925,-0.07997544854879379,0.9935029745101929,1,1644331,13694
1786083235,143214891,1,748.6466064453125,104.0298080444336,-245.1728973388672,,,,,,,,,,1644332,13694
1786083235,143214891,,,,,5,-1496.6617431640625,1031.44873046875,-791.1495971679688,0.002593751298263669,-0.08095613121986389,-0.07994378358125687,0.9935030341148376,1,1644332,13694
1786083235,150892317,1,753.3715209960938,104.31407928466797,-243.7305908203125,,,,,,,,,,1644333,13694
1786083235,150892317,,,,,5,-1496.6346435546875,1031.4520263671875,-791.2451171875,0.003441021777689457,-0.08078771829605103,-0.07960861921310425,0.9935411810874939,1,1644333,13694
1786083235,158937354,1,757.9091186523438,104.14388275146484,-242.76626586914062,,,,,,,,,,1644334,13694
1786083235,158937354,,,,,5,-1496.6646728515625,1031.4515380859375,-791.1510620117188,0.002594084246084094,-0.081215500831604,-0.07982819527387619,0.9934911727905273,1,1644334,13694
1786083235,167858652,1,763.871826171875,105.23677062988281,-241.4656219482422,,,,,,,,,,1644335,13694
1786083235,167858652,,,,,5,-1496.6683349609375,1031.4520263671875,-791.2039184570312,0.0032228976488113403,-0.08067655563354492,-0.08106526732444763,0.9934329986572266,1,1644335,13694
1786083235,176075659,1,768.72705078125,104.95088958740234,-239.5532989501953,,,,,,,,,,1644336,13694
1786083235,176075659,,,,,5,-1496.6810302734375,1031.4669189453125,-791.203125,0.002750093350186944,-0.08097200095653534,-0.08023686707019806,0.9934778213500977,1,1644336,13694
1786083235,183821700,1,773.8380126953125,105.87504577636719,-238.47119140625,,,,,,,,,,1644337,13694
1786083235,183821700,,,,,5,-1496.685791015625,1031.4642333984375,-791.2045288085938,0.002992128487676382,-0.08102685213088989,-0.08057868480682373,0.9934448599815369,1,1644337,13694
1786083235,192904284,1,777.7160034179688,105.73322296142578,-236.77685546875,,,,,,,,,,1644338,13694
1786083235,192904284,,,,,5,-1496.6932373046875,1031.466064453125,-791.205078125,0.0026623711455613375,-0.08058466017246246,-0.07930561155080795,0.9935842752456665,1,1644338,13694
1786083235,200948361,1,782.1940307617188,106.76133728027344,-235.62767028808594,,,,,,,,,,1644339,13694
1786083235,200948361,,,,,5,-1496.6478271484375,1031.5162353515625,-791.2261962890625,0.002979761455208063,-0.08144945651292801,-0.0805867612361908,0.9934096932411194,1,1644339,13694
1786083235,209323136,1,787.4624633789062,104.34844207763672,-233.8225555419922,,,,,,,,,,1644340,13694
1786083235,209323136,,,,,5,-1496.6343994140625,1031.473876953125,-791.2032470703125,0.0028792186640203,-0.08118930459022522,-0.07983801513910294,0.9934917688369751,1,1644340,13694
1786083235,218020546,1,791.745849609375,106.02110290527344,-232.43270874023438,,,,,,,,,,1644341,13694
1786083235,218020546,,,,,5,-1496.6517333984375,1031.4521484375,-791.1947021484375,0.0032794370781630278,-0.08082004636526108,-0.0812891349196434,0.9934029579162598,1,1644341,13694
1786083235,226194145,1,795.97119140625,105.05831146240234,-230.70553588867188,,,,,,,,,,1644342,13694
1786083235,226194145,,,,,5,-1496.6834716796875,1031.5032958984375,-791.210693359375,0.0028648662846535444,-0.08099117130041122,-0.07977945357561111,0.9935125708580017,1,1644342,13694
1786083235,234841750,1,801.1924438476562,104.05618286132812,-228.9380645751953,,,,,,,,,,1644343,13694
1786083235,234841750,,,,,5,-1496.66162109375,1031.5098876953125,-791.2369995117188,0.002990571316331625,-0.0810028687119484,-0.07982362061738968,0.9935078024864197,1,1644343,13694
1786083235,242911866,1,806.2064819335938,103.66744995117188,-228.0653076171875,,,,,,,,,,1644344,13694
1786083235,242911866,,,,,5,-1496.6431884765625,1031.467529296875,-791.2129516601562,0.003006328595802188,-0.08107265830039978,-0.0793204978108406,0.9935424327850342,1,1644344,13694
1786083235,251051525,1,810.6664428710938,103.62608337402344,-226.22393798828125,,,,,,,,,,1644345,13694
1786083235,251051525,,,,,5,-1496.6278076171875,1031.4791259765625,-791.2411499023438,0.0033162536565214396,-0.08115461468696594,-0.08085059374570847,0.9934113621711731,1,1644345,13694
1786083235,259733965,1,814.7987060546875,104.00130462646484,-224.51666259765625,,,,,,,,,,1644346,13694
1786083235,259733965,,,,,5,-1496.617431640625,1031.460693359375,-791.218017578125,0.0033936260733753443,-0.08105821162462234,-0.08100435882806778,0.9934065341949463,1,1644346,13694
1786083235,267773788,1,820.5462036132812,102.33818817138672,-224.27395629882812,,,,,,,,,,1644347,13694
1786083235,267773788,,,,,5,-1496.6639404296875,1031.452880859375,-791.1943969726562,0.002716475399211049,-0.08078882098197937,-0.07969018816947937,0.9935367107391357,1,1644347,13694
1786083235,275789876,1,824.847900390625,102.99462127685547,-222.00726318359375,,,,,,,,,,1644348,13694
1786083235,275789876,,,,,5,-1496.6485595703125,1031.4490966796875,-791.1854858398438,0.0029998458921909332,-0.08067597448825836,-0.07976225763559341,0.9935392737388611,1,1644348,13694
1786083235,284616904,1,828.2254028320312,103.49565124511719,-220.90403747558594,,,,,,,,,,1644349,13694
1786083235,284616904,,,,,5,-1496.6868896484375,1031.5096435546875,-791.218505859375,0.003164515132084489,-0.08098167926073074,-0.07931362092494965,0.9935498237609863,1,1644349,13694
1786083235,292548222,1,832.218505859375,106.0292739868164,-219.51419067382812,,,,,,,,,,1644350,13694
1786083235,292548222,,,,,5,-1496.6492919921875,1031.510009765625,-791.2291870117188,0.002973848255351186,-0.08111124485731125,-0.07937027513980865,0.9935352206230164,1,1644350,13694
1786083235,300725116,1,837.44970703125,104.91513061523438,-216.829833984375,,,,,,,,,,1644351,13694
1786083235,300725116,,,,,5,-1496.6263427734375,1031.4813232421875,-791.2373046875,0.0030410250183194876,-0.08082999289035797,-0.07990070432424545,0.9935156106948853,1,1644351,13694
1786083235,309576679,1,842.9736328125,104.22129821777344,-216.64515686035156,,,,,,,,,,1644352,13694
1786083235,309576679,,,,,5,-1496.6893310546875,1031.4967041015625,-791.1495971679688,0.002759427297860384,-0.0813484638929367,-0.07992160320281982,0.9934722781181335,1,1644352,13694
1786083235,317709589,1,847.2267456054688,104.59730529785156,-215.1703338623047,,,,,,,,,,1644353,13694
1786083235,317709589,,,,,5,-1496.6707763671875,1031.450439453125,-791.193603515625,0.0026899282820522785,-0.08122957497835159,-0.07897859811782837,0.9935576915740967,1,1644353,13694
1786083235,325446225,1,851.3869018554688,105.63607025146484,-212.93228149414062,,,,,,,,,,1644354,13694
1786083235,325446225,,,,,5,-1496.648681640625,1031.479248046875,-791.2450561523438,0.0029530536849051714,-0.08101129531860352,-0.08034653961658478,0.9934651255607605,1,1644354,13694
1786083235,334238993,1,855.8228149414062,105.97240447998047,-211.48435974121094,,,,,,,,,,1644355,13694
1786083235,334238993,,,,,5,-1496.6695556640625,1031.4443359375,-791.1624755859375,0.002688322914764285,-0.08103769272565842,-0.07896389067173004,0.9935745000839233,1,1644355,13694
1786083235,342470235,1,860.6692504882812,103.99857330322266,-211.54115295410156,,,,,,,,,,1644356,13694
1786083235,342470235,,,,,5,-1496.6424560546875,1031.44580078125,-791.2243041992188,0.003060998162254691,-0.08121862262487411,-0.07922380417585373,0.9935379028320312,1,1644356,13694
1786083235,350424330,1,865.04736328125,104.3509292602539,-210.14974975585938,,,,,,,,,,1644357,13694
1786083235,350424330,,,,,5,-1496.62939453125,1031.4622802734375,-791.236083984375,0.003343624295666814,-0.08113861083984375,-0.08035409450531006,0.9934529066085815,1,1644357,13694
1786083235,359342620,1,869.1112060546875,104.82514190673828,-208.23516845703125,,,,,,,,,,1644358,13694
1786083235,359342620,,,,,5,-1496.6435546875,1031.4730224609375,-791.1801147460938,0.0030917814001441,-0.08111637830734253,-0.07978418469429016,0.9935013651847839,1,1644358,13694
1786083235,367396167,1,873.3988647460938,105.3926773071289,-206.49142456054688,,,,,,,,,,1644359,13694
1786083235,367396167,,,,,5,-1496.6500244140625,1031.4361572265625,-791.1647338867188,0.0026597867254167795,-0.08120530098676682,-0.07964392751455307,0.9935066103935242,1,1644359,13694
1786083235,376307292,1,877.5236206054688,105.76847839355469,-205.16021728515625,,,,,,,,,,1644360,13694
1786083235,376307292,,,,,5,-1496.6756591796875,1031.5068359375,-791.2579956054688,0.0029614451341331005,-0.08119823783636093,-0.08016306906938553,0.9934645891189575,1,1644360,13694
1786083235,384354696,1,881.8921508789062,105.790283203125,-203.96090698242188,,,,,,,,,,1644361,13694
1786083235,384354696,,,,,5,-1496.6282958984375,1031.453369140625,-791.2135009765625,0.00331924413330853,-0.08110209554433823,-0.08020531386137009,0.9934678673744202,1,1644361,13694
1786083235,392236529,1,885.7516479492188,106.26216888427734,-202.5670928955078,,,,,,,,,,1644362,13694
1786083235,392236529,,,,,5,-1496.6392822265625,1031.44921875,-791.2117309570312,0.0031232202891260386,-0.08100248873233795,-0.08074767142534256,0.9934327006340027,1,1644362,13694
1786083235,401438141,1,889.8451538085938,106.59419250488281,-201.1544189453125,,,,,,,,,,1644363,13694
1786083235,401438141,,,,,5,-1496.6893310546875,1031.4407958984375,-791.19580078125,0.002703026169911027,-0.08104827255010605,-0.08085948973894119,0.9934210777282715,1,1644363,13694
1786083235,409395210,1,894.369384765625,107.27976989746094,-199.62445068359375,,,,,,,,,,1644364,13694
1786083235,409395210,,,,,5,-1496.68408203125,1031.4447021484375,-791.2042846679688,0.0030056466348469257,-0.08135244995355606,-0.08098609000444412,0.9933850765228271,1,1644364,13694
1786083235,417518588,1,897.93798828125,106.9952163696289,-198.34146118164062,,,,,,,,,,1644365,13694
1786083235,417518588,,,,,5,-1496.6790771484375,1031.455078125,-791.2047729492188,0.0030070370994508266,-0.08117975294589996,-0.08112218230962753,0.9933881759643555,1,1644365,13694
1786083235,426408153,1,901.999755859375,107.46493530273438,-196.70187377929688,,,,,,,,,,1644366,13695
1786083235,426408153,,,,,5,-1496.6611328125,1031.428466796875,-791.2191772460938,0.0033618956804275513,-0.08086084574460983,-0.0792166069149971,0.9935668110847473,1,1644366,13695
1786083235,434594547,1,907.5513916015625,106.81486511230469,-195.9950408935547,,,,,,,,,,1644367,13695
1786083235,434594547,,,,,5,-1496.634033203125,1031.43212890625,-791.1782836914062,0.0023897732608020306,-0.08107718825340271,-0.07913201302289963,0.9935586452484131,1,1644367,13695
1786083235,443113494,1,911.5774536132812,107.046875,-194.80274963378906,,,,,,,,,,1644368,13695
1786083235,443113494,,,,,5,-1496.6614990234375,1031.4468994140625,-791.1664428710938,0.0024504540488123894,-0.0812445878982544,-0.08007542788982391,0.9934692978858948,1,1644368,13695
1786083235,451107861,1,915.6236572265625,107.35270690917969,-192.95729064941406,,,,,,,,,,1644369,13695
1786083235,451107861,,,,,5,-1496.6253662109375,1031.387939453125,-791.1879272460938,0.0028072427958250046,-0.08118921518325806,-0.08035937696695328,0.9934499859809875,1,1644369,13695
1786083235,459652559,1,918.7108764648438,107.66316986083984,-192.2620849609375,,,,,,,,,,1644370,13695
1786083235,459652559,,,,,5,-1496.6339111328125,1031.4520263671875,-791.1781005859375,0.00274446327239275,-0.08122610300779343,-0.08010392636060715,0.9934677481651306,1,1644370,13695
1786083235,469395001,1,922.8987426757812,107.2686538696289,-190.75070190429688,,,,,,,,,,1644371,13695
1786083235,469395001,,,,,5,-1496.63671875,1031.4376220703125,-791.2022094726562,0.003417470259591937,-0.08118275552988052,-0.08108585327863693,0.9933895468711853,1,1644371,13695
1786083235,476598197,1,927.2026977539062,107.25476837158203,-189.6499481201172,,,,,,,,,,1644372,13695
1786083235,476598197,,,,,5,-1496.61328125,1031.4705810546875,-791.2083129882812,0.002722738077864051,-0.08116447925567627,-0.07997344434261322,0.993483304977417,1,1644372,13695
1786083235,484102086,1,931.41552734375,108.69766998291016,-186.38998413085938,,,,,,,,,,1644373,13695
1786083235,484102086,,,,,5,-1496.6669921875,1031.428955078125,-791.202880859375,0.0033805128186941147,-0.08091946691274643,-0.08131656050682068,0.9933923482894897,1,1644373,13695
1786083235,493641113,1,935.2492065429688,107.21932220458984,-187.0072479248047,,,,,,,,,,1644374,13695
1786083235,493641113,,,,,5,-1496.6527099609375,1031.483642578125,-791.2221069335938,0.002816007239744067,-0.08126164972782135,-0.07889869809150696,0.9935610294342041,1,1644374,13695
1786083235,501180924,1,939.5298461914062,106.66641998291016,-185.36062622070312,,,,,,,,,,1644375,13695
1786083235,501180924,,,,,5,-1496.6697998046875,1031.420166015625,-791.1563720703125,0.0024598853196948767,-0.08122280240058899,-0.07907437533140182,0.9935511946678162,1,1644375,13695
1786083235,508790950,1,943.8184814453125,106.26947784423828,-184.0030059814453,,,,,,,,,,1644376,13695
1786083235,508790950,,,,,5,-1496.66943359375,1031.4398193359375,-791.2027587890625,0.0029845996759831905,-0.08105681091547012,-0.07989595830440521,0.9934974908828735,1,1644376,13695
1786083235,517906034,1,947.2843627929688,105.60295104980469,-183.3063507080078,,,,,,,,,,1644377,13695
1786083235,517906034,,,,,5,-1496.6868896484375,1031.494140625,-791.231201171875,0.0024921786971390247,-0.08135852217674255,-0.07960855215787888,0.9934973120689392,1,1644377,13695
1786083235,525813105,1,951.6414184570312,104.81841278076172,-181.44924926757812,,,,,,,,,,1644378,13695
1786083235,525813105,,,,,5,-1496.6258544921875,1031.409423828125,-791.2150268554688,0.0029291638638824224,-0.08127486705780029,-0.0804821327328682,0.9934326410293579,1,1644378,13695
1786083235,533888596,1,956.0602416992188,105.09341430664062,-179.96823120117188,,,,,,,,,,1644379,13695
1786083235,533888596,,,,,5,-1496.6732177734375,1031.475830078125,-791.1830444335938,0.003008434548974037,-0.08134302496910095,-0.08164079487323761,0.9933323264122009,1,1644379,13695
1786083235,542733441,1,960.2369995117188,104.96551513671875,-178.4772186279297,,,,,,,,,,1644380,13695
1786083235,542733441,,,,,5,-1496.610595703125,1031.476318359375,-791.2008666992188,0.0030235075391829014,-0.08117183297872543,-0.07946006208658218,0.993523120880127,1,1644380,13695
1786083235,550790346,1,964.3357543945312,104.5770492553711,-177.03652954101562,,,,,,,,,,1644381,13695
1786083235,550790346,,,,,5,-1496.6590576171875,1031.5015869140625,-791.2286376953125,0.0030934466049075127,-0.08105231821537018,-0.08012409508228302,0.9934791326522827,1,1644381,13695
1786083235,559690563,1,968.0752563476562,105.16918182373047,-176.04461669921875,,,,,,,,,,1644382,13695
1786083235,559690563,,,,,5,-1496.6243896484375,1031.508544921875,-791.2384643554688,0.002490778686478734,-0.08118993788957596,-0.07797916233539581,0.9936404228210449,1,1644382,13695
1786083235,567717815,1,972.118896484375,104.2598876953125,-174.27976989746094,,,,,,,,,,1644383,13695
1786083235,567717815,,,,,5,-1496.66943359375,1031.4561767578125,-791.1926879882812,0.003044687444344163,-0.08141627907752991,-0.0815880224108696,0.9933305382728577,1,1644383,13695
1786083235,575813074,1,976.3663330078125,104.22455596923828,-172.81202697753906,,,,,,,,,,1644384,13695
1786083235,575813074,,,,,5,-1496.649169921875,1031.5189208984375,-791.1859741210938,0.0028909691609442234,-0.08135799318552017,-0.08014160394668579,0.9934534430503845,1,1644384,13695
1786083235,584685270,1,980.0110473632812,104.00870513916016,-171.671142578125,,,,,,,,,,1644385,13695
1786083235,584685270,,,,,5,-1496.651123046875,1031.4642333984375,-791.2322387695312,0.0034428664948791265,-0.08109255135059357,-0.08138829469680786,0.9933720827102661,1,1644385,13695
1786083235,592541351,1,983.892822265625,103.61962890625,-170.4114532470703,,,,,,,,,,1644386,13695
1786083235,592541351,,,,,5,-1496.6463623046875,1031.456298828125,-791.167724609375,0.0029519142117351294,-0.08125787228345871,-0.08122971653938293,0.9933730363845825,1,1644386,13695
1786083235,601321963,1,988.1255493164062,103.2813949584961,-169.04083251953125,,,,,,,,,,1644387,13695
1786083235,601321963,,,,,5,-1496.6517333984375,1031.4549560546875,-791.1814575195312,0.0031486330553889275,-0.08114825934171677,-0.08120766282081604,0.9933833479881287,1,1644387,13695
1786083235,609668044,1,992.0431518554688,102.84645080566406,-167.21023559570312,,,,,,,,,,1644388,13695
1786083235,609668044,,,,,5,-1496.640625,1031.4661865234375,-791.19873046875,0.0033079874701797962,-0.0810672789812088,-0.08018573373556137,0.9934723973274231,1,1644388,13695
1786083235,617506308,1,995.130859375,102.56170654296875,-166.2865447998047,,,,,,,,,,1644389,13695
1786083235,617506308,,,,,5,-1496.6416015625,1031.4677734375,-791.2555541992188,0.003366766730323434,-0.08085702359676361,-0.08017441630363464,0.9934902191162109,1,1644389,13695
1786083235,625381967,1,998.6011352539062,102.55535125732422,-165.3883514404297,,,,,,,,,,1644390,13695
1786083235,625381967,,,,,5,-1496.644775390625,1031.4560546875,-791.2095336914062,0.002982292789965868,-0.08117525279521942,-0.07997196167707443,0.9934818744659424,1,1644390,13695
1786083235,634393984,1,1002.9784545898438,103.25022888183594,-164.24777221679688,,,,,,,,,,1644391,13695
1786083235,634393984,,,,,5,-1496.626708984375,1031.4725341796875,-791.2146606445312,0.003091883845627308,-0.08132654428482056,-0.08038676530122757,0.9934356212615967,1,1644391,13695
1786083235,642367079,1,1007.2644653320312,103.40805053710938,-162.7998504638672,,,,,,,,,,1644392,13695
1786083235,642367079,,,,,5,-1496.6226806640625,1031.453369140625,-791.2088623046875,0.002768909325823188,-0.08117228746414185,-0.07910406589508057,0.9935521483421326,1,1644392,13695
1786083235,651522468,1,1010.6293334960938,103.19954681396484,-160.79454040527344,,,,,,,,,,1644393,13695
1786083235,651522468,,,,,5,-1496.6337890625,1031.4803466796875,-791.2334594726562,0.0027480842545628548,-0.08108247816562653,-0.0789901539683342,0.9935685992240906,1,1644393,13695
1786083235,659352383,1,1014.9012451171875,102.98690032958984,-159.32704162597656,,,,,,,,,,1644394,13695
1786083235,659352383,,,,,5,-1496.6392822265625,1031.4798583984375,-791.2394409179688,0.00286528910510242,-0.08143354207277298,-0.07992744445800781,0.9934645891189575,1,1644394,13695
1786083235,667330117,1,1018.8120727539062,103.10633850097656,-157.9103240966797,,,,,,,,,,1644395,13695
1786083235,667330117,,,,,5,-1496.6488037109375,1031.474609375,-791.2244873046875,0.003006222890689969,-0.08108533173799515,-0.08056221157312393,0.9934414029121399,1,1644395,13695
1786083235,676310337,1,1022.8484497070312,103.04700469970703,-157.37771606445312,,,,,,,,,,1644396,13695
1786083235,676310337,,,,,5,-1496.6160888671875,1031.4697265625,-791.1887817382812,0.002973545342683792,-0.08123641461133957,-0.07977187633514404,0.9934929013252258,1,1644396,13695
1786083235,684422710,1,1026.81103515625,103.00985717773438,-155.91307067871094,,,,,,,,,,1644397,13695
1786083235,684422710,,,,,5,-1496.6800537109375,1031.5125732421875,-791.2078857421875,0.0029958663508296013,-0.08102882653474808,-0.07975305616855621,0.9935113191604614,1,1644397,13695
