timestamp_sec,timestamp_nanosec,marker_id,x,y,z,rigid_id,rx,ry,rz,qx,qy,qz,qw,is_track,source_frame_id,source_timestamp
1786071902,320028411,1,-170.8231964111328,108.18023681640625,-350.16180419921875,,,,,,,,,,284365,2362
1786071902,320028411,,,,,5,-1495.533203125,1021.8319702148438,-775.8475952148438,0.1111011728644371,-0.15041549503803253,-0.2665351629257202,0.9455108046531677,1,284365,2362
1786071902,328075166,1,-168.2847137451172,110.30345153808594,-349.1535949707031,,,,,,,,,,284366,2362
1786071902,328075166,,,,,5,-1495.5787353515625,1021.8178100585938,-775.8292236328125,0.11084932833909988,-0.15053237974643707,-0.26720428466796875,0.945332944393158,1,284366,2362
1786071902,336963999,1,-168.34765625,110.44833374023438,-349.1456604003906,,,,,,,,,,284367,2362
1786071902,336963999,,,,,5,-1495.5238037109375,1021.8202514648438,-775.8029174804688,0.1108289286494255,-0.15047074854373932,-0.2664068937301636,0.945570170879364,1,284367,2362
1786071902,345026853,1,-168.3012237548828,110.55369567871094,-349.0895690917969,,,,,,,,,,284368,2362
1786071902,345026853,,,,,5,-1495.5374755859375,1021.8388061523438,-775.8263549804688,0.1114574521780014,-0.1503368765115738,-0.26772403717041016,0.9451454877853394,1,284368,2362
1786071902,352918443,1,-168.35055541992188,110.5391845703125,-349.08563232421875,,,,,,,,,,284369,2362
1786071902,352918443,,,,,5,-1495.5435791015625,1021.8069458007812,-775.8156127929688,0.11141511797904968,-0.1505286544561386,-0.26786139607429504,0.9450809955596924,1,284369,2362
1786071902,362021588,1,-168.36045837402344,110.46713256835938,-349.1401672363281,,,,,,,,,,284370,2362
1786071902,362021588,,,,,5,-1495.5303955078125,1021.82568359375,-775.8136596679688,0.1111239343881607,-0.15043659508228302,-0.2670545279979706,0.9453582763671875,1,284370,2362
1786071902,370056117,1,-168.38186645507812,110.4511947631836,-349.1353454589844,,,,,,,,,,284371,2362
1786071902,370056117,,,,,5,-1495.5111083984375,1021.8095703125,-775.8223266601562,0.11117473989725113,-0.15050145983695984,-0.26727479696273804,0.9452797770500183,1,284371,2362
1786071902,377814274,1,-168.35281372070312,110.54413604736328,-349.1361389160156,,,,,,,,,,284372,2362
1786071902,377814274,,,,,5,-1495.5570068359375,1021.8279418945312,-775.8290405273438,0.11123739182949066,-0.15024951100349426,-0.26768213510513306,0.9451972842216492,1,284372,2362
1786071902,386811703,1,-168.3517303466797,110.65156555175781,-349.0146484375,,,,,,,,,,284373,2362
1786071902,386811703,,,,,5,-1495.5072021484375,1021.8067626953125,-775.81591796875,0.11123573780059814,-0.15047959983348846,-0.26742997765541077,0.9452321529388428,1,284373,2362
1786071902,394871100,1,-168.3921661376953,110.2198257446289,-349.2549133300781,,,,,,,,,,284374,2362
1786071902,394871100,,,,,5,-1495.634033203125,1021.8800659179688,-775.779296875,0.11145646870136261,-0.149797722697258,-0.26732149720191956,0.9453450441360474,1,284374,2362
1786071902,403756797,1,-168.35890197753906,110.49894714355469,-349.1444396972656,,,,,,,,,,284375,2362
1786071902,403756797,,,,,5,-1495.616455078125,1021.8783569335938,-775.75048828125,0.1117468997836113,-0.14983227849006653,-0.26831886172294617,0.9450227618217468,1,284375,2362
1786071902,411663781,1,-168.37550354003906,110.73658752441406,-349.0470886230469,,,,,,,,,,284376,2362
1786071902,411663781,,,,,5,-1495.6273193359375,1021.86572265625,-775.7852783203125,0.11162101477384567,-0.14992056787014008,-0.26770761609077454,0.9451969265937805,1,284376,2362
1786071902,419653470,1,-168.30972290039062,110.28536987304688,-349.148193359375,,,,,,,,,,284377,2362
1786071902,419653470,,,,,5,-1495.6416015625,1021.8806762695312,-775.7581176757812,0.11185465008020401,-0.1498294174671173,-0.2680908739566803,0.9450750946998596,1,284377,2362
1786071902,428828884,1,-168.4652099609375,110.68914794921875,-349.07049560546875,,,,,,,,,,284378,2362
1786071902,428828884,,,,,5,-1495.6409912109375,1021.8624267578125,-775.7623291015625,0.11162887513637543,-0.14963969588279724,-0.26792019605636597,0.945180356502533,1,284378,2362
1786071902,436666384,1,-168.43055725097656,110.7244644165039,-349.0544128417969,,,,,,,,,,284379,2362
1786071902,436666384,,,,,5,-1495.62646484375,1021.845703125,-775.7421264648438,0.11162003874778748,-0.14985404908657074,-0.2686057984828949,0.9449527263641357,1,284379,2362
1786071902,444688559,1,-170.7735137939453,107.93555450439453,-350.227783203125,,,,,,,,,,284380,2363
1786071902,444688559,,,,,5,-1495.6414794921875,1021.8756713867188,-775.7538452148438,0.11145869642496109,-0.14996083080768585,-0.26794907450675964,0.9451412558555603,1,284380,2363
1786071902,453618519,1,-168.31118774414062,110.5214614868164,-349.1382141113281,,,,,,,,,,284381,2363
1786071902,453618519,,,,,5,-1495.6361083984375,1021.8717041015625,-775.7883911132812,0.11143939942121506,-0.14984099566936493,-0.26754212379455566,0.9452778697013855,1,284381,2363
1786071902,461578730,1,-168.24221801757812,110.2403335571289,-349.16650390625,,,,,,,,,,284382,2363
1786071902,461578730,,,,,5,-1495.6326904296875,1021.9088745117188,-775.7675170898438,0.11123393476009369,-0.15000014007091522,-0.2675884962081909,0.945263683795929,1,284382,2363
1786071902,469549983,1,-168.361328125,110.7876205444336,-349.0187683105469,,,,,,,,,,284383,2363
1786071902,469549983,,,,,5,-1495.6495361328125,1021.8594970703125,-775.7647705078125,0.1118239238858223,-0.14978629350662231,-0.2679921090602875,0.9451135993003845,1,284383,2363
1786071902,478618593,1,-168.71286010742188,109.89019012451172,-348.9051818847656,,,,,,,,,,284384,2363
1786071902,478618593,,,,,5,-1495.6448974609375,1021.8610229492188,-775.7872924804688,0.11150559037923813,-0.14971667528152466,-0.2679964005947113,0.9451610445976257,1,284384,2363
1786071902,486540397,1,-168.3311309814453,110.29393768310547,-349.2315368652344,,,,,,,,,,284385,2363
1786071902,486540397,,,,,5,-1495.52001953125,1021.8063354492188,-775.8343505859375,0.11103737354278564,-0.15041087567806244,-0.267179936170578,0.9453369975090027,1,284385,2363
1786071902,495427021,1,-168.33302307128906,110.4327163696289,-349.1721496582031,,,,,,,,,,284386,2363
1786071902,495427021,,,,,5,-1495.503173828125,1021.7996215820312,-775.8007202148438,0.11078161001205444,-0.1505269855260849,-0.26687705516815186,0.9454340934753418,1,284386,2363
1786071902,503431177,1,-168.40394592285156,110.79631805419922,-349.01800537109375,,,,,,,,,,284387,2363
1786071902,503431177,,,,,5,-1495.66015625,1021.8606567382812,-775.7872314453125,0.11157016456127167,-0.14959914982318878,-0.26836898922920227,0.9450663328170776,1,284387,2363
1786071902,511475883,1,-168.37994384765625,110.44818115234375,-349.1405334472656,,,,,,,,,,284388,2363
1786071902,511475883,,,,,5,-1495.6375732421875,1021.875,-775.770263671875,0.1115274503827095,-0.1496744304895401,-0.26786455512046814,0.9452025890350342,1,284388,2363
1786071902,520543790,1,-168.41281127929688,110.4949951171875,-349.0975036621094,,,,,,,,,,284389,2363
1786071902,520543790,,,,,5,-1495.55322265625,1021.806640625,-775.7923583984375,0.11127391457557678,-0.1507173478603363,-0.26793020963668823,0.9450480341911316,1,284389,2363
1786071902,528452055,1,-168.3966064453125,110.46864318847656,-349.16986083984375,,,,,,,,,,284390,2363
1786071902,528452055,,,,,5,-1495.6180419921875,1021.8510131835938,-775.782470703125,0.11167000979185104,-0.1498274803161621,-0.26800692081451416,0.9451211094856262,1,284390,2363
1786071902,535969367,1,-168.37403869628906,110.476806640625,-349.1705322265625,,,,,,,,,,284391,2363
1786071902,535969367,,,,,5,-1495.51953125,1021.8072509765625,-775.813720703125,0.11114580184221268,-0.15062430500984192,-0.2671203017234802,0.9453073143959045,1,284391,2363
1786071902,545424705,1,-168.34315490722656,110.29517364501953,-349.135498046875,,,,,,,,,,284392,2363
1786071902,545424705,,,,,5,-1495.524658203125,1021.7952270507812,-775.7980346679688,0.11117251217365265,-0.15052661299705505,-0.2674229145050049,0.9452340006828308,1,284392,2363
1786071902,553310822,1,-168.36305236816406,110.51972961425781,-349.0682678222656,,,,,,,,,,284393,2363
1786071902,553310822,,,,,5,-1495.6634521484375,1021.85888671875,-775.7717895507812,0.11152464896440506,-0.1496923416852951,-0.26813435554504395,0.945123553276062,1,284393,2363
1786071902,561271801,1,-168.39883422851562,110.47645568847656,-349.1563415527344,,,,,,,,,,284394,2363
1786071902,561271801,,,,,5,-1495.626220703125,1021.8411254882812,-775.7486572265625,0.11155858635902405,-0.14994432032108307,-0.26844921708106995,0.9449901580810547,1,284394,2363
1786071902,570259021,1,-168.4059295654297,110.48969268798828,-349.140625,,,,,,,,,,284395,2363
1786071902,570259021,,,,,5,-1495.6160888671875,1021.8632202148438,-775.7747192382812,0.11149922013282776,-0.1497553437948227,-0.26774391531944275,0.9452271461486816,1,284395,2363
1786071902,578296590,1,-168.2921142578125,110.31185913085938,-349.1161804199219,,,,,,,,,,284396,2363
1786071902,578296590,,,,,5,-1495.5946044921875,1021.8742065429688,-775.7880249023438,0.11152879148721695,-0.1497303694486618,-0.26748621463775635,0.9453006982803345,1,284396,2363
1786071902,586179986,1,-168.45716857910156,110.7119140625,-349.0752258300781,,,,,,,,,,284397,2363
1786071902,586179986,,,,,5,-1495.6153564453125,1021.8583374023438,-775.7718505859375,0.11177185922861099,-0.14984697103500366,-0.268320769071579,0.9450169205665588,1,284397,2363
1786071902,595209518,1,-168.4060821533203,110.72651672363281,-349.0859375,,,,,,,,,,284398,2363
1786071902,595209518,,,,,5,-1495.6356201171875,1021.8566284179688,-775.7591552734375,0.11176041513681412,-0.1497289091348648,-0.26855742931365967,0.9449697732925415,1,284398,2363
1786071902,603283574,1,-168.3545379638672,110.57318878173828,-349.07708740234375,,,,,,,,,,284399,2363
1786071902,603283574,,,,,5,-1495.5357666015625,1021.7975463867188,-775.8009643554688,0.11112909764051437,-0.15049052238464355,-0.2672584354877472,0.9452913999557495,1,284399,2363
1786071902,612213054,1,-168.41018676757812,110.5112533569336,-349.1212463378906,,,,,,,,,,284400,2363
1786071902,612213054,,,,,5,-1495.6624755859375,1021.8612670898438,-775.7691650390625,0.11148389428853989,-0.14989446103572845,-0.268153578042984,0.9450908899307251,1,284400,2363
1786071902,620224187,1,-168.3223419189453,110.50707244873047,-349.08013916015625,,,,,,,,,,284401,2363
1786071902,620224187,,,,,5,-1495.5078125,1021.7841186523438,-775.7887573242188,0.11110281944274902,-0.15073686838150024,-0.26741763949394226,0.9452102184295654,1,284401,2363
1786071902,628189614,1,-168.3506622314453,110.53849029541016,-349.11358642578125,,,,,,,,,,284402,2363
1786071902,628189614,,,,,5,-1495.6444091796875,1021.8798217773438,-775.7598266601562,0.1116577759385109,-0.1497318297624588,-0.2682324945926666,0.9450736045837402,1,284402,2363
1786071902,637100947,1,-168.36712646484375,110.51579284667969,-349.13421630859375,,,,,,,,,,284403,2363
1786071902,637100947,,,,,5,-1495.4989013671875,1021.8034057617188,-775.8035278320312,0.111232690513134,-0.1503668576478958,-0.26720836758613586,0.9453129768371582,1,284403,2363
1786071902,645468947,1,-168.31028747558594,110.53392028808594,-349.10198974609375,,,,,,,,,,284404,2363
1786071902,645468947,,,,,5,-1495.66796875,1021.8920288085938,-775.7543334960938,0.11141449213027954,-0.1499103158712387,-0.2682042717933655,0.9450820684432983,1,284404,2363
1786071902,653102696,1,-168.37303161621094,110.7695541381836,-349.1075134277344,,,,,,,,,,284405,2363
1786071902,653102696,,,,,5,-1495.5213623046875,1021.79296875,-775.810791015625,0.11109607666730881,-0.15056660771369934,-0.2670055627822876,0.945354700088501,1,284405,2363
1786071902,661976486,1,-168.35079956054688,110.54964447021484,-349.1662902832031,,,,,,,,,,284406,2363
1786071902,661976486,,,,,5,-1495.6619873046875,1021.8923950195312,-775.7614135742188,0.11193644255399704,-0.1496550589799881,-0.26830771565437317,0.9450315237045288,1,284406,2363
1786071902,669883951,1,-168.30848693847656,110.20195770263672,-349.20379638671875,,,,,,,,,,284407,2363
1786071902,669883951,,,,,5,-1495.5113525390625,1021.8139038085938,-775.7803344726562,0.11133228242397308,-0.15051765739917755,-0.26786765456199646,0.9450907707214355,1,284407,2363
1786071902,677900685,1,-168.3179931640625,110.29004669189453,-349.143310546875,,,,,,,,,,284408,2363
1786071902,677900685,,,,,5,-1495.6326904296875,1021.8562622070312,-775.779541015625,0.11176766455173492,-0.1498401165008545,-0.26814568042755127,0.9450681805610657,1,284408,2363
1786071902,686844696,1,-168.3555908203125,110.76053619384766,-349.0733337402344,,,,,,,,,,284409,2363
1786071902,686844696,,,,,5,-1495.6195068359375,1021.8681640625,-775.7777709960938,0.11152546852827072,-0.1497844159603119,-0.267740935087204,0.9452203512191772,1,284409,2363
1786071902,694927874,1,-168.36505126953125,110.74630737304688,-349.05523681640625,,,,,,,,,,284410,2363
1786071902,694927874,,,,,5,-1495.6822509765625,1021.8864135742188,-775.7627563476562,0.11146947741508484,-0.14994390308856964,-0.2682530879974365,0.9450564980506897,1,284410,2363
1786071902,702847725,1,-168.3904266357422,110.50578308105469,-349.112060546875,,,,,,,,,,284411,2363
1786071902,702847725,,,,,5,-1495.5072021484375,1021.7931518554688,-775.8275756835938,0.11113431304693222,-0.15052969753742218,-0.26708656549453735,0.9453331828117371,1,284411,2363
1786071902,711906926,1,-168.29904174804688,110.55767822265625,-349.10821533203125,,,,,,,,,,284412,2363
1786071902,711906926,,,,,5,-1495.652587890625,1021.8749389648438,-775.7637329101562,0.11179624497890472,-0.14979450404644012,-0.26781487464904785,0.945165753364563,1,284412,2363
1786071902,719835931,1,-168.3263397216797,110.26325988769531,-349.17010498046875,,,,,,,,,,284413,2363
1786071902,719835931,,,,,5,-1495.528076171875,1021.8197631835938,-775.8200073242188,0.11108934879302979,-0.15040238201618195,-0.2672947645187378,0.9452998042106628,1,284413,2363
1786071902,728998767,1,-168.369140625,110.4786376953125,-349.0946044921875,,,,,,,,,,284414,2363
1786071902,728998767,,,,,5,-1495.5125732421875,1021.7965698242188,-775.841064453125,0.11100954562425613,-0.15059196949005127,-0.26672282814979553,0.9454406499862671,1,284414,2363
1786071902,736983142,1,-168.37782287597656,110.75008392333984,-349.0456237792969,,,,,,,,,,284415,2363
1786071902,736983142,,,,,5,-1495.5050048828125,1021.7869262695312,-775.8108520507812,0.11133711040019989,-0.1506151556968689,-0.26740869879722595,0.9452046155929565,1,284415,2363
1786071902,744760919,1,-168.3974609375,110.7419204711914,-349.0605773925781,,,,,,,,,,284416,2363
1786071902,744760919,,,,,5,-1495.5281982421875,1021.8104858398438,-775.7921752929688,0.11106798052787781,-0.1502973735332489,-0.26726624369621277,0.94532710313797,1,284416,2363
1786071902,753794131,1,-168.3046417236328,110.31379699707031,-349.1982421875,,,,,,,,,,284417,2363
1786071902,753794131,,,,,5,-1495.6240234375,1021.8634643554688,-775.7877197265625,0.11157023906707764,-0.14982032775878906,-0.2677592635154724,0.9452042579650879,1,284417,2363
1786071902,761743652,1,-168.37269592285156,110.7833480834961,-349.04656982421875,,,,,,,,,,284418,2363
1786071902,761743652,,,,,5,-1495.547119140625,1021.8598022460938,-775.780517578125,0.11091908067464828,-0.15061381459236145,-0.2672561705112457,0.945297122001648,1,284418,2363
1786071902,770013264,1,-168.365234375,110.77751159667969,-349.04681396484375,,,,,,,,,,284419,2363
1786071902,770013264,,,,,5,-1495.510009765625,1021.8095092773438,-775.8282470703125,0.11148429661989212,-0.15043067932128906,-0.2675949037075043,0.9451639652252197,1,284419,2363
1786071902,778757014,1,-168.38717651367188,110.50572204589844,-349.1134948730469,,,,,,,,,,284420,2363
1786071902,778757014,,,,,5,-1495.5562744140625,1021.8113403320312,-775.7994995117188,0.11107776314020157,-0.15063847601413727,-0.2682477533817291,0.9449935555458069,1,284420,2363
1786071902,786596530,1,-168.2683868408203,110.28501892089844,-349.1256103515625,,,,,,,,,,284421,2363
1786071902,786596530,,,,,5,-1495.5369873046875,1021.8009643554688,-775.827392578125,0.11131994426250458,-0.15040990710258484,-0.26744768023490906,0.9452282786369324,1,284421,2363
1786071902,795619020,1,-168.27276611328125,110.2446517944336,-349.188232421875,,,,,,,,,,284422,2363
1786071902,795619020,,,,,5,-1495.5428466796875,1021.8163452148438,-775.8128662109375,0.111232690513134,-0.15051321685314178,-0.26760268211364746,0.9451782703399658,1,284422,2363
1786071902,803582272,1,-168.35755920410156,110.5230712890625,-349.090576171875,,,,,,,,,,284423,2363
1786071902,803582272,,,,,5,-1495.5150146484375,1021.79931640625,-775.8232421875,0.1109573021531105,-0.15078292787075043,-0.2667537331581116,0.9454076290130615,1,284423,2363
1786071902,811510188,1,-168.3602752685547,110.4956283569336,-349.1340026855469,,,,,,,,,,284424,2363
1786071902,811510188,,,,,5,-1495.6546630859375,1021.900390625,-775.76318359375,0.11125021427869797,-0.14977599680423737,-0.2677691578865051,0.945246160030365,1,284424,2363
1786071902,820604148,1,-168.34547424316406,110.55329895019531,-349.0592956542969,,,,,,,,,,284425,2363
1786071902,820604148,,,,,5,-1495.5455322265625,1021.8287353515625,-775.8109741210938,0.11095649749040604,-0.15058393776416779,-0.2665479779243469,0.9454973936080933,1,284425,2363
1786071902,828472757,1,-168.3168182373047,110.7586441040039,-349.0132751464844,,,,,,,,,,284426,2363
1786071902,828472757,,,,,5,-1495.6380615234375,1021.8410034179688,-775.7592163085938,0.11166892200708389,-0.14957600831985474,-0.2679004967212677,0.9451912641525269,1,284426,2363
1786071902,836408804,1,-168.31185913085938,110.45295715332031,-349.1505126953125,,,,,,,,,,284427,2363
1786071902,836408804,,,,,5,-1495.498291015625,1021.7962036132812,-775.8201904296875,0.11111681908369064,-0.15055769681930542,-0.2671522796154022,0.9453122019767761,1,284427,2363
1786071902,845413754,1,-170.81268310546875,108.1491470336914,-350.1799011230469,,,,,,,,,,284428,2363
1786071902,845413754,,,,,5,-1495.6331787109375,1021.8804931640625,-775.7862548828125,0.11140911281108856,-0.14975087344646454,-0.26746565103530884,0.945317268371582,1,284428,2363
1786071902,853597079,1,-168.27598571777344,110.2635726928711,-349.18963623046875,,,,,,,,,,284429,2363
1786071902,853597079,,,,,5,-1495.6416015625,1021.8555908203125,-775.7831420898438,0.11165902018547058,-0.14971764385700226,-0.2684309184551239,0.9450194239616394,1,284429,2363
1786071902,861460279,1,-168.30673217773438,110.29035949707031,-349.1787414550781,,,,,,,,,,284430,2363
1786071902,861460279,,,,,5,-1495.6348876953125,1021.8651733398438,-775.7705078125,0.11166656762361526,-0.14971357583999634,-0.26810142397880554,0.9451127052307129,1,284430,2363
1786071902,870361531,1,-168.3715057373047,110.51167297363281,-349.1037902832031,,,,,,,,,,284431,2363
1786071902,870361531,,,,,5,-1495.666259765625,1021.8555908203125,-775.7590942382812,0.11168161034584045,-0.14972634613513947,-0.26889774203300476,0.9448826909065247,1,284431,2363
1786071902,878312684,1,-168.4577178955078,110.42980194091797,-349.1373596191406,,,,,,,,,,284432,2363
1786071902,878312684,,,,,5,-1495.544921875,1021.8573608398438,-775.78173828125,0.11085514724254608,-0.15065786242485046,-0.2672572433948517,0.9452973008155823,1,284432,2363
1786071902,886358991,1,-168.31419372558594,110.55838775634766,-349.09088134765625,,,,,,,,,,284433,2363
1786071902,886358991,,,,,5,-1495.643310546875,1021.892578125,-775.7872924804688,0.11187069863080978,-0.14967834949493408,-0.26814383268356323,0.9450821876525879,1,284433,2363
1786071902,895377992,1,-168.315673828125,110.41728210449219,-349.09307861328125,,,,,,,,,,284434,2363
1786071902,895377992,,,,,5,-1495.650634765625,1021.8602905273438,-775.7782592773438,0.11156534403562546,-0.1497088223695755,-0.2680865526199341,0.9451296329498291,1,284434,2363
1786071902,903499833,1,-168.33485412597656,110.52814483642578,-349.09735107421875,,,,,,,,,,284435,2363
1786071902,903499833,,,,,5,-1495.638916015625,1021.86083984375,-775.7792358398438,0.11171959340572357,-0.1497294306755066,-0.26833394169807434,0.9450380206108093,1,284435,2363
1786071902,911303278,1,-168.36874389648438,110.51348114013672,-349.20281982421875,,,,,,,,,,284436,2363
1786071902,911303278,,,,,5,-1495.5218505859375,1021.8191528320312,-775.7977905273438,0.11119049787521362,-0.15045833587646484,-0.2673337757587433,0.9452679753303528,1,284436,2363
1786071902,920251386,1,-168.39358520507812,110.46461486816406,-349.1390380859375,,,,,,,,,,284437,2363
1786071902,920251386,,,,,5,-1495.6392822265625,1021.89892578125,-775.7404174804688,0.11178330332040787,-0.14978156983852386,-0.26877737045288086,0.9448962211608887,1,284437,2363
1786071902,928183752,1,-168.4111328125,110.74702453613281,-349.09368896484375,,,,,,,,,,284438,2363
1786071902,928183752,,,,,5,-1495.5234375,1021.8248901367188,-775.8094482421875,0.11107110977172852,-0.15067033469676971,-0.2669055163860321,0.9453693628311157,1,284438,2363
1786071902,937255115,1,-168.3373565673828,110.5268783569336,-349.0934143066406,,,,,,,,,,284439,2363
1786071902,937255115,,,,,5,-1495.6890869140625,1021.8922119140625,-775.72216796875,0.11166071146726608,-0.14969749748706818,-0.26910069584846497,0.9448319673538208,1,284439,2363
1786071902,945205276,1,-168.3456573486328,110.25159454345703,-349.11737060546875,,,,,,,,,,284440,2363
1786071902,945205276,,,,,5,-1495.663330078125,1021.8694458007812,-775.7896728515625,0.11192623525857925,-0.14947213232517242,-0.2688775360584259,0.9448996782302856,1,284440,2363
1786071902,953154349,1,-168.308837890625,110.46077728271484,-349.09759521484375,,,,,,,,,,284441,2363
1786071902,953154349,,,,,5,-1495.4935302734375,1021.8289184570312,-775.8384399414062,0.11118021607398987,-0.15061740577220917,-0.26717495918273926,0.9452888369560242,1,284441,2363
1786071902,962195050,1,-168.34461975097656,110.56915283203125,-349.11883544921875,,,,,,,,,,284442,2363
1786071902,962195050,,,,,5,-1495.612548828125,1021.87744140625,-775.7705078125,0.11130811274051666,-0.14967158436775208,-0.26729702949523926,0.945389449596405,1,284442,2363
1786071902,970158013,1,-168.31321716308594,110.20953369140625,-349.1833190917969,,,,,,,,,,284443,2363
1786071902,970158013,,,,,5,-1495.6307373046875,1021.8596801757812,-775.7689208984375,0.11167795956134796,-0.14973217248916626,-0.26831507682800293,0.9450478553771973,1,284443,2363
1786071902,978097164,1,-168.35304260253906,110.49948120117188,-349.05078125,,,,,,,,,,284444,2363
1786071902,978097164,,,,,5,-1495.5169677734375,1021.8222045898438,-775.798095703125,0.1111845076084137,-0.15066426992416382,-0.2675524950027466,0.9451740384101868,1,284444,2363
1786071902,987004112,1,-168.37686157226562,110.72317504882812,-349.068115234375,,,,,,,,,,284445,2363
1786071902,987004112,,,,,5,-1495.6627197265625,1021.8671264648438,-775.7725830078125,0.11188114434480667,-0.14969220757484436,-0.26817482709884644,0.9450699090957642,1,284445,2363
1786071902,994979718,1,-168.31712341308594,110.56404113769531,-349.0893249511719,,,,,,,,,,284446,2363
1786071902,994979718,,,,,5,-1495.5455322265625,1021.8258056640625,-775.7818603515625,0.11086691915988922,-0.15076470375061035,-0.267251193523407,0.9452806115150452,1,284446,2363
1786071903,2862731,1,-168.39797973632812,110.3447036743164,-349.1803283691406,,,,,,,,,,284447,2363
1786071903,2862731,,,,,5,-1495.5113525390625,1021.8277587890625,-775.8104858398438,0.11121399700641632,-0.15048755705356598,-0.2672864496707916,0.9452740550041199,1,284447,2363
1786071903,11888485,1,-168.33413696289062,110.54469299316406,-349.07464599609375,,,,,,,,,,284448,2363
1786071903,11888485,,,,,5,-1495.5419921875,1021.8524780273438,-775.8131713867188,0.11079781502485275,-0.15082323551177979,-0.2666836678981781,0.9454396963119507,1,284448,2363
1786071903,19992723,1,-168.44607543945312,110.65555572509766,-349.10308837890625,,,,,,,,,,284449,2363
1786071903,19992723,,,,,5,-1495.6512451171875,1021.8557739257812,-775.7460327148438,0.11170017719268799,-0.14960487186908722,-0.26860639452934265,0.9449825286865234,1,284449,2363
1786071903,28880115,1,-168.35415649414062,110.47819519042969,-349.080322265625,,,,,,,,,,284450,2363
1786071903,28880115,,,,,5,-1495.533935546875,1021.8279418945312,-775.8134765625,0.11117298901081085,-0.15047897398471832,-0.2676350772380829,0.9451815485954285,1,284450,2363
1786071903,36787292,1,-170.79966735839844,108.1792221069336,-350.1353759765625,,,,,,,,,,284451,2363
1786071903,36787292,,,,,5,-1495.627197265625,1021.8857421875,-775.7755737304688,0.11163602024316788,-0.1497863531112671,-0.26811087131500244,0.9451021552085876,1,284451,2363
1786071903,44750416,1,-168.35018920898438,110.7644271850586,-349.029052734375,,,,,,,,,,284452,2363
1786071903,44750416,,,,,5,-1495.5106201171875,1021.8035278320312,-775.802734375,0.11095476895570755,-0.15050461888313293,-0.26683011651039124,0.9454306960105896,1,284452,2363
1786071903,53776362,1,-168.30258178710938,110.26151275634766,-349.15838623046875,,,,,,,,,,284453,2363
1786071903,53776362,,,,,5,-1495.670654296875,1021.8878173828125,-775.7555541992188,0.11185134947299957,-0.1498362272977829,-0.26899316906929016,0.9448180794715881,1,284453,2363
1786071903,61801609,1,-168.42044067382812,110.39222717285156,-349.1006164550781,,,,,,,,,,284454,2363
1786071903,61801609,,,,,5,-1495.5391845703125,1021.8203125,-775.78466796875,0.11124749481678009,-0.15043514966964722,-0.26759350299835205,0.9451913833618164,1,284454,2363
1786071903,69404729,1,-168.35374450683594,110.4800796508789,-349.1314392089844,,,,,,,,,,284455,2363
1786071903,69404729,,,,,5,-1495.6556396484375,1021.8818359375,-775.7736206054688,0.1117049977183342,-0.14972016215324402,-0.2681024372577667,0.9451068043708801,1,284455,2363
1786071903,78913230,1,-168.38221740722656,110.50550842285156,-349.13446044921875,,,,,,,,,,284456,2363
1786071903,78913230,,,,,5,-1495.6239013671875,1021.8259887695312,-775.7421875,0.11159220337867737,-0.14993353188037872,-0.2682751417160034,0.945037305355072,1,284456,2363
1786071903,86678172,1,-168.3438720703125,110.42695617675781,-349.16302490234375,,,,,,,,,,284457,2363
1786071903,86678172,,,,,5,-1495.547607421875,1021.8228759765625,-775.8197021484375,0.11107328534126282,-0.15039484202861786,-0.2667734920978546,0.9454502463340759,1,284457,2363
1786071903,94600040,1,-168.33290100097656,110.76579284667969,-349.02587890625,,,,,,,,,,284458,2363
1786071903,94600040,,,,,5,-1495.6578369140625,1021.87255859375,-775.7527465820312,0.11165701597929001,-0.14962610602378845,-0.26822730898857117,0.9450920224189758,1,284458,2363
1786071903,103587675,1,-168.34237670898438,110.41636657714844,-349.1639099121094,,,,,,,,,,284459,2363
1786071903,103587675,,,,,5,-1495.6497802734375,1021.8820190429688,-775.7947387695312,0.11151795834302902,-0.14932870864868164,-0.26767075061798096,0.9453132152557373,1,284459,2363
1786071903,111594135,1,-168.4013671875,110.3921127319336,-349.1625671386719,,,,,,,,,,284460,2363
1786071903,111594135,,,,,5,-1495.4896240234375,1021.8095703125,-775.8070678710938,0.1110164225101471,-0.15046073496341705,-0.2668481469154358,0.945425271987915,1,284460,2363
1786071903,119548681,1,-170.80882263183594,107.86565399169922,-350.2317810058594,,,,,,,,,,284461,2363
1786071903,119548681,,,,,5,-1495.5142822265625,1021.8113403320312,-775.7975463867188,0.11115708947181702,-0.15057611465454102,-0.26742494106292725,0.9452274441719055,1,284461,2363
1786071903,129472907,1,-168.36029052734375,110.4801025390625,-349.1211242675781,,,,,,,,,,284462,2363
1786071903,129472907,,,,,5,-1495.530029296875,1021.8018798828125,-775.798828125,0.11112964153289795,-0.15057872235774994,-0.2675465941429138,0.9451957941055298,1,284462,2363
1786071903,136558266,1,-168.39871215820312,110.42623901367188,-349.1775207519531,,,,,,,,,,284463,2363
1786071903,136558266,,,,,5,-1495.52685546875,1021.8014526367188,-775.8024291992188,0.11072572320699692,-0.15059399604797363,-0.26672080159187317,0.9454740881919861,1,284463,2363
1786071903,145498053,1,-168.35496520996094,110.50108337402344,-349.134033203125,,,,,,,,,,284464,2363
1786071903,145498053,,,,,5,-1495.6478271484375,1021.8743286132812,-775.7609252929688,0.11164174228906631,-0.14984941482543945,-0.26756930351257324,0.9452449083328247,1,284464,2363
1786071903,153506849,1,-168.25355529785156,110.24886322021484,-349.15771484375,,,,,,,,,,284465,2363
1786071903,153506849,,,,,5,-1495.6435546875,1021.8796997070312,-775.7577514648438,0.11173174530267715,-0.14975176751613617,-0.2680722773075104,0.9451071619987488,1,284465,2363
1786071903,161405864,1,-168.37646484375,110.45403289794922,-349.10772705078125,,,,,,,,,,284466,2363
1786071903,161405864,,,,,5,-1495.634033203125,1021.83642578125,-775.7536010742188,0.11163104325532913,-0.14997635781764984,-0.26849299669265747,0.9449640512466431,1,284466,2363
1786071903,170382905,1,-168.2812042236328,110.23392486572266,-349.14239501953125,,,,,,,,,,284467,2363
1786071903,170382905,,,,,5,-1495.5357666015625,1021.8214111328125,-775.8084106445312,0.11133972555398941,-0.150374174118042,-0.2673237919807434,0.9452667236328125,1,284467,2363
1786071903,178323016,1,-168.6763458251953,109.89939880371094,-348.92242431640625,,,,,,,,,,284468,2363
1786071903,178323016,,,,,5,-1495.6839599609375,1021.9379272460938,-775.7484741210938,0.11160921305418015,-0.14966462552547455,-0.2682403028011322,0.9450878500938416,1,284468,2363
1786071903,186467390,1,-168.3046875,110.29138946533203,-349.1748962402344,,,,,,,,,,284469,2363
1786071903,186467390,,,,,5,-1495.6494140625,1021.8726806640625,-775.7885131835938,0.11185964941978455,-0.14936316013336182,-0.2684718370437622,0.945040225982666,1,284469,2363
1786071903,195370721,1,-168.3170623779297,110.27256774902344,-349.1371154785156,,,,,,,,,,284470,2363
1786071903,195370721,,,,,5,-1495.6251220703125,1021.880859375,-775.77392578125,0.1115749180316925,-0.149603009223938,-0.26794901490211487,0.9451842904090881,1,284470,2363
1786071903,203475151,1,-168.33145141601562,110.51856994628906,-349.10919189453125,,,,,,,,,,284471,2363
1786071903,203475151,,,,,5,-1495.5263671875,1021.8594970703125,-775.8251953125,0.11082184314727783,-0.15074089169502258,-0.2664898931980133,0.9455046057701111,1,284471,2363
1786071903,211341936,1,-168.35633850097656,110.49227905273438,-349.05853271484375,,,,,,,,,,284472,2363
1786071903,211341936,,,,,5,-1495.62255859375,1021.8856811523438,-775.7869262695312,0.1116718277335167,-0.1497906744480133,-0.2676747143268585,0.9452208876609802,1,284472,2363
1786071903,220295165,1,-168.3485870361328,110.56240844726562,-349.1422119140625,,,,,,,,,,284473,2363
1786071903,220295165,,,,,5,-1495.5499267578125,1021.8090209960938,-775.8016357421875,0.11102905869483948,-0.15066415071487427,-0.26724669337272644,0.9452788233757019,1,284473,2363
1786071903,228259057,1,-168.32070922851562,110.54458618164062,-349.1097106933594,,,,,,,,,,284474,2363
1786071903,228259057,,,,,5,-1495.6185302734375,1021.8790893554688,-775.7730712890625,0.11151326447725296,-0.14982405304908752,-0.2676331102848053,0.9452461004257202,1,284474,2363
1786071903,236296722,1,-168.33755493164062,110.4874038696289,-349.134033203125,,,,,,,,,,284475,2363
1786071903,236296722,,,,,5,-1495.5322265625,1021.8088989257812,-775.7960815429688,0.11128031462430954,-0.15040746331214905,-0.26737135648727417,0.9452549815177917,1,284475,2363
1786071903,245264866,1,-170.8244171142578,108.18458557128906,-350.125732421875,,,,,,,,,,284476,2363
1786071903,245264866,,,,,5,-1495.6502685546875,1021.8807983398438,-775.7450561523438,0.11143860965967178,-0.1497584581375122,-0.2678076922893524,0.9452158212661743,1,284476,2363
1786071903,253194223,1,-168.30606079101562,110.29317474365234,-349.1378173828125,,,,,,,,,,284477,2363
1786071903,253194223,,,,,5,-1495.5035400390625,1021.7953491210938,-775.8005981445312,0.11100315302610397,-0.15073293447494507,-0.2672848105430603,0.9452601075172424,1,284477,2363
1786071903,262336575,1,-168.33975219726562,110.5536880493164,-349.0589294433594,,,,,,,,,,284478,2363
1786071903,262336575,,,,,5,-1495.525390625,1021.8103637695312,-775.8026123046875,0.11143454164266586,-0.1505303978919983,-0.2680237889289856,0.9450323581695557,1,284478,2363
1786071903,270118161,1,-168.41098022460938,110.38134002685547,-349.124755859375,,,,,,,,,,284479,2363
1786071903,270118161,,,,,5,-1495.5223388671875,1021.8230590820312,-775.8175659179688,0.11099725216627121,-0.15045370161533356,-0.2672279179096222,0.9453213810920715,1,284479,2363
1786071903,278156466,1,-168.3813934326172,110.47994995117188,-349.0909423828125,,,,,,,,,,284480,2363
1786071903,278156466,,,,,5,-1495.6341552734375,1021.8948364257812,-775.769287109375,0.11157194525003433,-0.14989539980888367,-0.2684425115585327,0.9449982047080994,1,284480,2363
1786071903,287217619,1,-168.355712890625,110.50263977050781,-349.1069641113281,,,,,,,,,,284481,2363
1786071903,287217619,,,,,5,-1495.5291748046875,1021.79443359375,-775.7994995117188,0.11139537394046783,-0.15058819949626923,-0.2672744691371918,0.9452401399612427,1,284481,2363
1786071903,295126620,1,-168.31690979003906,110.54938507080078,-349.0771179199219,,,,,,,,,,284482,2363
1786071903,295126620,,,,,5,-1495.5262451171875,1021.8158569335938,-775.8135986328125,0.1111849993467331,-0.15044493973255157,-0.26711222529411316,0.9453334808349609,1,284482,2363
1786071903,303000703,1,-168.42770385742188,110.6634521484375,-349.05267333984375,,,,,,,,,,284483,2363
1786071903,303000703,,,,,5,-1495.525634765625,1021.814453125,-775.8153686523438,0.11115654557943344,-0.15057025849819183,-0.26713719964027405,0.9453098773956299,1,284483,2363
1786071903,311961645,1,-168.31802368164062,110.53468322753906,-349.1248779296875,,,,,,,,,,284484,2363
1786071903,311961645,,,,,5,-1495.5108642578125,1021.7864379882812,-775.7946166992188,0.11126113682985306,-0.1505604088306427,-0.26821354031562805,0.9449940919876099,1,284484,2363
1786071903,319925057,1,-170.83535766601562,108.46035766601562,-350.07147216796875,,,,,,,,,,284485,2363
1786071903,319925057,,,,,5,-1495.5120849609375,1021.7755737304688,-775.83349609375,0.11106836795806885,-0.150602325797081,-0.2673753798007965,0.9452477693557739,1,284485,2363
1786071903,328094651,1,-168.28305053710938,110.46764373779297,-349.1357727050781,,,,,,,,,,284486,2363
1786071903,328094651,,,,,5,-1495.5146484375,1021.7847900390625,-775.8016357421875,0.11128053814172745,-0.1505943238735199,-0.26708102226257324,0.945307195186615,1,284486,2363
1786071903,336884777,1,-168.37261962890625,110.49397277832031,-349.0987854003906,,,,,,,,,,284487,2363
1786071903,336884777,,,,,5,-1495.5457763671875,1021.8277587890625,-775.8078002929688,0.11104227602481842,-0.15074262022972107,-0.2673371434211731,0.9452391266822815,1,284487,2363
1786071903,344842460,1,-168.37612915039062,110.50660705566406,-349.0846862792969,,,,,,,,,,284488,2363
1786071903,344842460,,,,,5,-1495.507080078125,1021.8001098632812,-775.8163452148438,0.1109556183218956,-0.1505701243877411,-0.2668114900588989,0.9454254508018494,1,284488,2363
1786071903,353850419,1,-168.35533142089844,110.53575897216797,-349.02459716796875,,,,,,,,,,284489,2363
1786071903,353850419,,,,,5,-1495.6351318359375,1021.8645629882812,-775.7645874023438,0.11176595836877823,-0.14979217946529388,-0.26848945021629333,0.9449784755706787,1,284489,2363
1786071903,361913209,1,-168.43255615234375,110.44282531738281,-349.12408447265625,,,,,,,,,,284490,2363
1786071903,361913209,,,,,5,-1495.6385498046875,1021.8547973632812,-775.7633666992188,0.11174691468477249,-0.1497952789068222,-0.2681920826435089,0.9450646638870239,1,284490,2363
1786071903,369867627,1,-168.3116455078125,110.56938171386719,-349.07861328125,,,,,,,,,,284491,2363
1786071903,369867627,,,,,5,-1495.633056640625,1021.8487548828125,-775.7785034179688,0.1118478924036026,-0.14982770383358002,-0.26823651790618896,0.945034921169281,1,284491,2363
1786071903,378839963,1,-168.27490234375,110.30121612548828,-349.15203857421875,,,,,,,,,,284492,2363
1786071903,378839963,,,,,5,-1495.5345458984375,1021.8294067382812,-775.7597045898438,0.11133746802806854,-0.15043354034423828,-0.2679341435432434,0.9450846314430237,1,284492,2363
1786071903,386822546,1,-168.3839569091797,110.4362564086914,-349.1097717285156,,,,,,,,,,284493,2363
1786071903,386822546,,,,,5,-1495.6572265625,1021.8644409179688,-775.7569580078125,0.11138486862182617,-0.149948850274086,-0.26755520701408386,0.9452633857727051,1,284493,2363
1786071903,394710743,1,-168.37725830078125,110.2567138671875,-349.14251708984375,,,,,,,,,,284494,2363
1786071903,394710743,,,,,5,-1495.6370849609375,1021.8622436523438,-775.7722778320312,0.11147365719079971,-0.14975324273109436,-0.26774561405181885,0.9452301859855652,1,284494,2363
1786071903,403675174,1,-168.30552673339844,110.24441528320312,-349.1671142578125,,,,,,,,,,284495,2363
1786071903,403675174,,,,,5,-1495.6326904296875,1021.8624877929688,-775.8101806640625,0.11139315366744995,-0.14974136650562286,-0.26773375272750854,0.9452447891235352,1,284495,2363
1786071903,411622391,1,-168.37974548339844,110.50936126708984,-349.1254577636719,,,,,,,,,,284496,2363
1786071903,411622391,,,,,5,-1495.6390380859375,1021.8573608398438,-775.7664184570312,0.11169727146625519,-0.14967003464698792,-0.2682194113731384,0.9450826048851013,1,284496,2363
1786071903,419637972,1,-168.38699340820312,110.41264343261719,-349.1197204589844,,,,,,,,,,284497,2363
1786071903,419637972,,,,,5,-1495.6531982421875,1021.8394775390625,-775.7835083007812,0.11162447929382324,-0.14982862770557404,-0.2677241265773773,0.9452064037322998,1,284497,2363
1786071903,428653869,1,-168.39845275878906,110.52091217041016,-349.0381774902344,,,,,,,,,,284498,2363
1786071903,428653869,,,,,5,-1495.66650390625,1021.8624877929688,-775.7609252929688,0.11166442930698395,-0.1499738097190857,-0.2680025100708008,0.9450997710227966,1,284498,2363
1786071903,436613599,1,-168.2929229736328,110.28826904296875,-349.1683349609375,,,,,,,,,,284499,2363
1786071903,436613599,,,,,5,-1495.5247802734375,1021.8049926757812,-775.802734375,0.11120353639125824,-0.15070857107639313,-0.2671818435192108,0.9452695846557617,1,284499,2363
1786071903,445494655,1,-168.35919189453125,110.49642181396484,-349.10272216796875,,,,,,,,,,284500,2364
1786071903,445494655,,,,,5,-1495.633056640625,1021.8469848632812,-775.757080078125,0.11171969026327133,-0.14975616335868835,-0.26816636323928833,0.9450814127922058,1,284500,2364
1786071903,453435790,1,-168.3837127685547,110.46221160888672,-349.0762634277344,,,,,,,,,,284501,2364
1786071903,453435790,,,,,5,-1495.6561279296875,1021.85400390625,-775.7648315429688,0.11160556226968765,-0.14980922639369965,-0.26802539825439453,0.9451263546943665,1,284501,2364
1786071903,461398593,1,-168.42767333984375,110.43958282470703,-349.1542053222656,,,,,,,,,,284502,2364
1786071903,461398593,,,,,5,-1495.5487060546875,1021.7730712890625,-775.7566528320312,0.11119689792394638,-0.1506144404411316,-0.26798906922340393,0.9450568556785583,1,284502,2364
1786071903,470474597,1,-168.34634399414062,110.24943542480469,-349.15625,,,,,,,,,,284503,2364
1786071903,470474597,,,,,5,-1495.541259765625,1021.7965698242188,-775.7987060546875,0.11131956428289413,-0.15053386986255646,-0.26785463094711304,0.9450932741165161,1,284503,2364
1786071903,478668356,1,-168.34104919433594,110.5368881225586,-349.0032043457031,,,,,,,,,,284504,2364
1786071903,478668356,,,,,5,-1495.5213623046875,1021.8088989257812,-775.8245849609375,0.11102107167243958,-0.15050585567951202,-0.26709336042404175,0.9453483819961548,1,284504,2364
1786071903,486480891,1,-168.3317413330078,110.53629302978516,-349.0609436035156,,,,,,,,,,284505,2364
1786071903,486480891,,,,,5,-1495.5301513671875,1021.7887573242188,-775.801513671875,0.11144598573446274,-0.1504630297422409,-0.26795005798339844,0.9450626373291016,1,284505,2364
1786071903,495459405,1,-168.4130859375,110.4920883178711,-349.1472473144531,,,,,,,,,,284506,2364
1786071903,495459405,,,,,5,-1495.6114501953125,1021.8549194335938,-775.7529296875,0.11172367632389069,-0.1496245563030243,-0.2681056559085846,0.9451189041137695,1,284506,2364
1786071903,503436707,1,-168.3114013671875,110.2845230102539,-349.1639404296875,,,,,,,,,,284507,2364
1786071903,503436707,,,,,5,-1495.6229248046875,1021.8322143554688,-775.7723999023438,0.1118343248963356,-0.14981037378311157,-0.2682305872440338,0.9450408816337585,1,284507,2364
1786071903,511468707,1,-168.31356811523438,110.21310424804688,-349.1944885253906,,,,,,,,,,284508,2364
1786071903,511468707,,,,,5,-1495.5501708984375,1021.8225708007812,-775.7940063476562,0.11081337183713913,-0.15067236125469208,-0.26713827252388,0.9453335404396057,1,284508,2364
1786071903,520378728,1,-168.3687286376953,110.560302734375,-349.06817626953125,,,,,,,,,,284509,2364
1786071903,520378728,,,,,5,-1495.6363525390625,1021.8927612304688,-775.7671508789062,0.11165200918912888,-0.14970262348651886,-0.26828470826148987,0.9450642466545105,1,284509,2364
1786071903,528343707,1,-168.34811401367188,110.49748229980469,-349.1263732910156,,,,,,,,,,284510,2364
1786071903,528343707,,,,,5,-1495.625,1021.8598022460938,-775.7730712890625,0.1116095632314682,-0.1495312750339508,-0.26831820607185364,0.9450868964195251,1,284510,2364
1786071903,536334068,1,-168.40078735351562,110.48095703125,-349.1565246582031,,,,,,,,,,284511,2364
1786071903,536334068,,,,,5,-1495.5081787109375,1021.80517578125,-775.83154296875,0.11109152436256409,-0.1505424529314041,-0.2671542465686798,0.9453170895576477,1,284511,2364
1786071903,545576983,1,-168.4076385498047,110.47627258300781,-349.1086120605469,,,,,,,,,,284512,2364
1786071903,545576983,,,,,5,-1495.54736328125,1021.82470703125,-775.7978515625,0.11126184463500977,-0.15037350356578827,-0.26812124252319336,0.9450501203536987,1,284512,2364
1786071903,553465629,1,-168.2759552001953,110.16409301757812,-349.2007141113281,,,,,,,,,,284513,2364
1786071903,553465629,,,,,5,-1495.5264892578125,1021.8363647460938,-775.8214111328125,0.11111792922019958,-0.1504945307970047,-0.2671993672847748,0.9453087449073792,1,284513,2364
1786071903,561392393,1,-168.4067840576172,110.52629089355469,-349.1089782714844,,,,,,,,,,284514,2364
1786071903,561392393,,,,,5,-1495.554931640625,1021.8347778320312,-775.7825927734375,0.11102232336997986,-0.15062618255615234,-0.26775509119033813,0.9451417922973633,1,284514,2364
1786071903,570583523,1,-168.2814483642578,110.32539367675781,-349.1794128417969,,,,,,,,,,284515,2364
1786071903,570583523,,,,,5,-1495.61328125,1021.8622436523438,-775.729736328125,0.11194797605276108,-0.14974024891853333,-0.268789678812027,0.9448797106742859,1,284515,2364
1786071903,578247902,1,-168.34521484375,110.4833755493164,-349.1144104003906,,,,,,,,,,284516,2364
1786071903,578247902,,,,,5,-1495.52783203125,1021.8024291992188,-775.8212890625,0.11111469566822052,-0.15055586397647858,-0.26735255122184753,0.9452560544013977,1,284516,2364
1786071903,587203115,1,-168.31224060058594,110.25836181640625,-349.1305236816406,,,,,,,,,,284517,2364
1786071903,587203115,,,,,5,-1495.635009765625,1021.8629150390625,-775.7496337890625,0.1119123175740242,-0.14965593814849854,-0.26865530014038086,0.9449354410171509,1,284517,2364
1786071903,595173664,1,-170.8350067138672,108.18822479248047,-350.1541442871094,,,,,,,,,,284518,2364
1786071903,595173664,,,,,5,-1495.52490234375,1021.80224609375,-775.8049926757812,0.111175537109375,-0.15049457550048828,-0.2671899199485779,0.9453046917915344,1,284518,2364
1786071903,602730375,1,-168.11256408691406,110.3111801147461,-348.97052001953125,,,,,,,,,,284519,2364
1786071903,602730375,,,,,5,-1495.6448974609375,1021.8606567382812,-775.77978515625,0.11175492405891418,-0.14955975115299225,-0.2687911093235016,0.9449306726455688,1,284519,2364
1786071903,612149483,1,-168.39016723632812,110.2354736328125,-349.1634826660156,,,,,,,,,,284520,2364
1786071903,612149483,,,,,5,-1495.534423828125,1021.7970581054688,-775.818603515625,0.1105823740363121,-0.15073075890541077,-0.2668094336986542,0.9454441666603088,1,284520,2364
1786071903,620211057,1,-168.31752014160156,110.52377319335938,-349.108642578125,,,,,,,,,,284521,2364
1786071903,620211057,,,,,5,-1495.656494140625,1021.8787231445312,-775.7711791992188,0.11147673428058624,-0.14962314069271088,-0.268025279045105,0.9451709985733032,1,284521,2364
1786071903,628007013,1,-168.4069366455078,110.48258972167969,-349.0293884277344,,,,,,,,,,284522,2364
1786071903,628007013,,,,,5,-1495.5130615234375,1021.8114624023438,-775.7888793945312,0.11082535982131958,-0.15053141117095947,-0.267356276512146,0.9452929496765137,1,284522,2364
1786071903,637068198,1,-168.43698120117188,110.65693664550781,-349.0846862792969,,,,,,,,,,284523,2364
1786071903,637068198,,,,,5,-1495.6336669921875,1021.8529663085938,-775.7666015625,0.11182434856891632,-0.14968664944171906,-0.26848557591438293,0.9449892640113831,1,284523,2364
1786071903,645023480,1,-168.30801391601562,110.30313110351562,-349.127197265625,,,,,,,,,,284524,2364
1786071903,645023480,,,,,5,-1495.5233154296875,1021.8229370117188,-775.7705078125,0.1109502762556076,-0.15070787072181702,-0.26730480790138245,0.9452648162841797,1,284524,2364
1786071903,653252446,1,-168.35145568847656,110.60062408447266,-349.0638122558594,,,,,,,,,,284525,2364
1786071903,653252446,,,,,5,-1495.5235595703125,1021.7614135742188,-775.8192749023438,0.11107221245765686,-0.15053513646125793,-0.2675800025463104,0.9452000260353088,1,284525,2364
1786071903,661949018,1,-168.3096466064453,110.74449157714844,-349.0022888183594,,,,,,,,,,284526,2364
1786071903,661949018,,,,,5,-1495.64697265625,1021.8871459960938,-775.7495727539062,0.11148997396230698,-0.14998924732208252,-0.26790961623191833,0.9451442956924438,1,284526,2364
1786071903,669930577,1,-168.2767791748047,110.30548095703125,-349.1179504394531,,,,,,,,,,284527,2364
1786071903,669930577,,,,,5,-1495.5184326171875,1021.783203125,-775.8158569335938,0.11140526086091995,-0.1505313515663147,-0.2675827145576477,0.9451606869697571,1,284527,2364
1786071903,679213980,1,-168.36924743652344,110.22549438476562,-349.1966552734375,,,,,,,,,,284528,2364
1786071903,679213980,,,,,5,-1495.5352783203125,1021.8190307617188,-775.8241577148438,0.11119069159030914,-0.1506558209657669,-0.26733464002609253,0.9452363848686218,1,284528,2364
1786071903,686931553,1,-168.35340881347656,110.53585052490234,-349.0752868652344,,,,,,,,,,284529,2364
1786071903,686931553,,,,,5,-1495.621826171875,1021.8502807617188,-775.744140625,0.11180506646633148,-0.14981578290462494,-0.2685149908065796,0.944962739944458,1,284529,2364
1786071903,695087641,1,-168.38331604003906,110.47866821289062,-349.102783203125,,,,,,,,,,284530,2364
1786071903,695087641,,,,,5,-1495.5389404296875,1021.8184814453125,-775.8107299804688,0.11117559671401978,-0.15043774247169495,-0.2673410475254059,0.9452710151672363,1,284530,2364
1786071903,704183072,1,-168.38711547851562,110.49971771240234,-349.10455322265625,,,,,,,,,,284531,2364
1786071903,704183072,,,,,5,-1495.6517333984375,1021.8742065429688,-775.7469482421875,0.11176034808158875,-0.14975544810295105,-0.26858097314834595,0.9449588060379028,1,284531,2364
1786071903,712306674,1,-168.36410522460938,110.5341796875,-349.0666198730469,,,,,,,,,,284532,2364
1786071903,712306674,,,,,5,-1495.6881103515625,1021.8854370117188,-775.7759399414062,0.11156056076288223,-0.1494898945093155,-0.2684793472290039,0.9450533986091614,1,284532,2364
1786071903,720003251,1,-168.33876037597656,110.53850555419922,-349.0885009765625,,,,,,,,,,284533,2364
1786071903,720003251,,,,,5,-1495.5526123046875,1021.8380737304688,-775.78076171875,0.11098622530698776,-0.1507851779460907,-0.2671692669391632,0.9452865123748779,1,284533,2364
1786071903,728836170,1,-168.28770446777344,110.25051879882812,-349.1456298828125,,,,,,,,,,284534,2364
1786071903,728836170,,,,,5,-1495.555419921875,1021.7680053710938,-775.814453125,0.1115027517080307,-0.1503314971923828,-0.26824089884757996,0.9449944496154785,1,284534,2364
1786071903,736790651,1,-168.4079132080078,110.53556823730469,-349.1059875488281,,,,,,,,,,284535,2364
1786071903,736790651,,,,,5,-1495.5333251953125,1021.7999877929688,-775.7849731445312,0.11123975366353989,-0.15018261969089508,-0.26762548089027405,0.9452235698699951,1,284535,2364
1786071903,744744749,1,-168.39549255371094,110.50154876708984,-349.07208251953125,,,,,,,,,,284536,2364
1786071903,744744749,,,,,5,-1495.5364990234375,1021.8079223632812,-775.7904052734375,0.11137961596250534,-0.15049698948860168,-0.26758408546447754,0.9451687335968018,1,284536,2364
1786071903,753666644,1,-168.36419677734375,110.5020751953125,-349.1034851074219,,,,,,,,,,284537,2364
1786071903,753666644,,,,,5,-1495.5250244140625,1021.7927856445312,-775.8049926757812,0.11128906905651093,-0.15063053369522095,-0.2677454948425293,0.9451125264167786,1,284537,2364
1786071903,761660205,1,-168.3174285888672,110.25902557373047,-349.1708679199219,,,,,,,,,,284538,2364
1786071903,761660205,,,,,5,-1495.6458740234375,1021.8749389648438,-775.7608032226562,0.11171277612447739,-0.1498439908027649,-0.26831015944480896,0.9450274109840393,1,284538,2364
1786071903,769885938,1,-168.40916442871094,110.73429870605469,-349.05206298828125,,,,,,,,,,284539,2364
1786071903,769885938,,,,,5,-1495.544921875,1021.8087158203125,-775.8026733398438,0.11113490909337997,-0.15052615106105804,-0.26750901341438293,0.9452141523361206,1,284539,2364
1786071903,778690147,1,-170.83998107910156,108.37982940673828,-350.0745544433594,,,,,,,,,,284540,2364
1786071903,778690147,,,,,5,-1495.5408935546875,1021.8015747070312,-775.7938842773438,0.11129175126552582,-0.15054383873939514,-0.26765167713165283,0.9451525807380676,1,284540,2364
1786071903,786627665,1,-168.4520721435547,110.6414566040039,-349.1477355957031,,,,,,,,,,284541,2364
1786071903,786627665,,,,,5,-1495.5428466796875,1021.8175659179688,-775.803955078125,0.11130925267934799,-0.150499165058136,-0.26747339963912964,0.9452080130577087,1,284541,2364
1786071903,795590656,1,-168.30860900878906,110.26350402832031,-349.1720275878906,,,,,,,,,,284542,2364
1786071903,795590656,,,,,5,-1495.5277099609375,1021.7885131835938,-775.8123168945312,0.11122196912765503,-0.15054094791412354,-0.2676002085208893,0.9451757669448853,1,284542,2364
1786071903,803572311,1,-168.3305206298828,110.53315734863281,-349.1086730957031,,,,,,,,,,284543,2364
1786071903,803572311,,,,,5,-1495.6455078125,1021.8528442382812,-775.7880249023438,0.11150700598955154,-0.14982327818870544,-0.2687375247478485,0.9449335336685181,1,284543,2364
1786071903,811515014,1,-168.34959411621094,110.77276611328125,-349.04083251953125,,,,,,,,,,284544,2364
1786071903,811515014,,,,,5,-1495.5377197265625,1021.8225708007812,-775.80419921875,0.11122485250234604,-0.15048876404762268,-0.267437607049942,0.9452298879623413,1,284544,2364
1786071903,820464402,1,-168.46951293945312,110.48811340332031,-349.1587829589844,,,,,,,,,,284545,2364
1786071903,820464402,,,,,5,-1495.517822265625,1021.806640625,-775.7980346679688,0.11159662157297134,-0.15046444535255432,-0.268405020236969,0.9449155330657959,1,284545,2364
1786071903,828420613,1,-168.3920440673828,110.4609146118164,-349.1299743652344,,,,,,,,,,284546,2364
1786071903,828420613,,,,,5,-1495.6539306640625,1021.8938598632812,-775.7484130859375,0.11196166276931763,-0.1496683657169342,-0.2689983546733856,0.9448301196098328,1,284546,2364
1786071903,836465191,1,-168.39056396484375,110.2229995727539,-349.23553466796875,,,,,,,,,,284547,2364
1786071903,836465191,,,,,5,-1495.5584716796875,1021.8014526367188,-775.8209838867188,0.1110282763838768,-0.15052665770053864,-0.26719948649406433,0.9453142881393433,1,284547,2364
1786071903,845674692,1,-168.4190216064453,110.7672119140625,-348.9983825683594,,,,,,,,,,284548,2364
1786071903,845674692,,,,,5,-1495.63134765625,1021.8678588867188,-775.7481079101562,0.11156165599822998,-0.1497713029384613,-0.2680470049381256,0.9451314806938171,1,284548,2364
1786071903,853651578,1,-168.3670196533203,110.49989318847656,-349.14300537109375,,,,,,,,,,284549,2364
1786071903,853651578,,,,,5,-1495.5477294921875,1021.8524780273438,-775.7871704101562,0.11074016243219376,-0.15079396963119507,-0.26697561144828796,0.9453687071800232,1,284549,2364
1786071903,861382370,1,-168.26901245117188,110.24485778808594,-349.0943908691406,,,,,,,,,,284550,2364
1786071903,861382370,,,,,5,-1495.487548828125,1021.81396484375,-775.8135986328125,0.11099999397993088,-0.15064281225204468,-0.2667102813720703,0.9454371929168701,1,284550,2364
1786071903,870338671,1,-168.4540557861328,110.65498352050781,-349.0763854980469,,,,,,,,,,284551,2364
1786071903,870338671,,,,,5,-1495.6536865234375,1021.8629150390625,-775.7657470703125,0.11166727542877197,-0.14972999691963196,-0.2682734727859497,0.945061206817627,1,284551,2364
1786071903,878797408,1,-168.31536865234375,110.28705596923828,-349.1144104003906,,,,,,,,,,284552,2364
1786071903,878797408,,,,,5,-1495.66064453125,1021.8729858398438,-775.7694702148438,0.11167360097169876,-0.14972466230392456,-0.268053263425827,0.9451238512992859,1,284552,2364
1786071903,886398383,1,-168.34942626953125,110.57038879394531,-349.0563659667969,,,,,,,,,,284553,2364
1786071903,886398383,,,,,5,-1495.5595703125,1021.8372192382812,-775.787109375,0.11103712767362595,-0.15062689781188965,-0.26732757687568665,0.9452610015869141,1,284553,2364
1786071903,895229573,1,-168.3321075439453,110.55150604248047,-349.05291748046875,,,,,,,,,,284554,2364
1786071903,895229573,,,,,5,-1495.5250244140625,1021.802734375,-775.7848510742188,0.11119422316551208,-0.1505126953125,-0.2676256597042084,0.945176362991333,1,284554,2364
1786071903,903262470,1,-168.3478546142578,110.56410217285156,-349.0648498535156,,,,,,,,,,284555,2364
1786071903,903262470,,,,,5,-1495.647705078125,1021.8816528320312,-775.7372436523438,0.11160848289728165,-0.14963878691196442,-0.2687740623950958,0.9449403882026672,1,284555,2364
1786071903,912294401,1,-168.36715698242188,110.54097747802734,-349.120361328125,,,,,,,,,,284556,2364
1786071903,912294401,,,,,5,-1495.6533203125,1021.8698120117188,-775.7722778320312,0.11121807247400284,-0.14993202686309814,-0.26748380064964294,0.9453060030937195,1,284556,2364
1786071903,920156546,1,-168.39910888671875,110.66676330566406,-349.0047607421875,,,,,,,,,,284557,2364
1786071903,920156546,,,,,5,-1495.4788818359375,1021.8157348632812,-775.8021850585938,0.11096923798322678,-0.15048320591449738,-0.26649942994117737,0.9455256462097168,1,284557,2364
1786071903,928140953,1,-168.30018615722656,110.5124282836914,-349.0827331542969,,,,,,,,,,284558,2364
1786071903,928140953,,,,,5,-1495.650634765625,1021.8878784179688,-775.7933349609375,0.11139307916164398,-0.14999337494373322,-0.26762405037879944,0.9452360272407532,1,284558,2364
1786071903,937070658,1,-168.29502868652344,110.5503158569336,-349.0866394042969,,,,,,,,,,284559,2364
1786071903,937070658,,,,,5,-1495.7025146484375,1021.8863525390625,-775.76318359375,0.11142189800739288,-0.14985254406929016,-0.2677154242992401,0.9452291131019592,1,284559,2364
1786071903,945054041,1,-168.33935546875,110.23175048828125,-349.2102966308594,,,,,,,,,,284560,2364
1786071903,945054041,,,,,5,-1495.6590576171875,1021.8598022460938,-775.7767333984375,0.11143864691257477,-0.14969438314437866,-0.26771149039268494,0.9452531933784485,1,284560,2364
1786071903,953048722,1,-168.36880493164062,110.50355529785156,-349.0531311035156,,,,,,,,,,284561,2364
1786071903,953048722,,,,,5,-1495.6265869140625,1021.8695678710938,-775.7958374023438,0.1116328313946724,-0.14951449632644653,-0.26827749609947205,0.9450982809066772,1,284561,2364
1786071903,962313369,1,-168.35171508789062,110.52339935302734,-349.09747314453125,,,,,,,,,,284562,2364
1786071903,962313369,,,,,5,-1495.666015625,1021.8981323242188,-775.7799682617188,0.11134964227676392,-0.14947395026683807,-0.26785680651664734,0.9452573657035828,1,284562,2364
1786071903,970133490,1,-168.33595275878906,110.27716064453125,-349.1537780761719,,,,,,,,,,284563,2364
1786071903,970133490,,,,,5,-1495.638427734375,1021.8804931640625,-775.766357421875,0.11164434254169464,-0.14973123371601105,-0.26848167181015015,0.9450045228004456,1,284563,2364
1786071903,977996306,1,-168.3938446044922,110.43452453613281,-349.1268310546875,,,,,,,,,,284564,2364
1786071903,977996306,,,,,5,-1495.548828125,1021.8206176757812,-775.7870483398438,0.1110895574092865,-0.1507517695426941,-0.2677226662635803,0.9451229572296143,1,284564,2364
1786071903,987014251,1,-168.3716278076172,110.5181655883789,-349.04290771484375,,,,,,,,,,284565,2364
1786071903,987014251,,,,,5,-1495.6458740234375,1021.8871459960938,-775.7808837890625,0.11163860559463501,-0.1496869921684265,-0.2681709825992584,0.9451005458831787,1,284565,2364
1786071903,994889038,1,-168.41964721679688,110.75785827636719,-349.0415954589844,,,,,,,,,,284566,2364
1786071903,994889038,,,,,5,-1495.6663818359375,1021.90966796875,-775.7747192382812,0.11156901717185974,-0.14974825084209442,-0.26786354184150696,0.9451862573623657,1,284566,2364
1786071904,2911213,1,-168.30783081054688,110.31836700439453,-349.11346435546875,,,,,,,,,,284567,2364
1786071904,2911213,,,,,5,-1495.5054931640625,1021.8058471679688,-775.7977294921875,0.1112043634057045,-0.15049321949481964,-0.2672979533672333,0.9452708959579468,1,284567,2364
1786071904,11915043,1,-170.82354736328125,107.8871078491211,-350.2081298828125,,,,,,,,,,284568,2364
1786071904,11915043,,,,,5,-1495.5379638671875,1021.8660278320312,-775.781982421875,0.11119867861270905,-0.15030838549137115,-0.26727133989334106,0.9453085660934448,1,284568,2364
1786071904,20017937,1,-168.3461151123047,110.48674774169922,-349.1571960449219,,,,,,,,,,284569,2364
1786071904,20017937,,,,,5,-1495.6207275390625,1021.8772583007812,-775.78369140625,0.11145813018083572,-0.14981712400913239,-0.2677380442619324,0.9452239274978638,1,284569,2364
1786071904,28987713,1,-168.3362274169922,110.26131439208984,-349.1152038574219,,,,,,,,,,284570,2364
1786071904,28987713,,,,,5,-1495.6287841796875,1021.89208984375,-775.7650756835938,0.11188880354166031,-0.14958469569683075,-0.2685016393661499,0.944993257522583,1,284570,2364
1786071904,36843840,1,-168.40695190429688,110.76890563964844,-349.007568359375,,,,,,,,,,284571,2364
1786071904,36843840,,,,,5,-1495.560546875,1021.8666381835938,-775.8146362304688,0.11090325564146042,-0.15045885741710663,-0.2671656608581543,0.9453492164611816,1,284571,2364
1786071904,44852732,1,-168.35931396484375,110.78651428222656,-349.04901123046875,,,,,,,,,,284572,2364
1786071904,44852732,,,,,5,-1495.5205078125,1021.78564453125,-775.8098754882812,0.11102336645126343,-0.15060020983219147,-0.266845703125,0.945402979850769,1,284572,2364
1786071904,54057752,1,-168.29949951171875,110.27794647216797,-349.1286315917969,,,,,,,,,,284573,2364
1786071904,54057752,,,,,5,-1495.6624755859375,1021.8932495117188,-775.754150390625,0.11172990500926971,-0.14985613524913788,-0.26824939250946045,0.945040762424469,1,284573,2364
1786071904,61792129,1,-168.3411407470703,110.57674407958984,-349.0777893066406,,,,,,,,,,284574,2364
1786071904,61792129,,,,,5,-1495.5198974609375,1021.8124389648438,-775.7931518554688,0.11106930673122406,-0.1504446268081665,-0.2670697271823883,0.9453591704368591,1,284574,2364
1786071904,69853158,1,-168.3016815185547,110.2523193359375,-349.1866760253906,,,,,,,,,,284575,2364
1786071904,69853158,,,,,5,-1495.5482177734375,1021.8416137695312,-775.8400268554688,0.11092998832464218,-0.1502392590045929,-0.2666556239128113,0.9455249905586243,1,284575,2364
1786071904,78991286,1,-168.37924194335938,110.71202087402344,-349.05035400390625,,,,,,,,,,284576,2364
1786071904,78991286,,,,,5,-1495.5345458984375,1021.8134765625,-775.8333129882812,0.11122342944145203,-0.15028387308120728,-0.2672671377658844,0.9453107118606567,1,284576,2364
1786071904,86805005,1,-168.3649444580078,110.7759017944336,-349.0390625,,,,,,,,,,284577,2364
1786071904,86805005,,,,,5,-1495.6341552734375,1021.8670043945312,-775.7826538085938,0.11157236993312836,-0.1497424691915512,-0.26816341280937195,0.9451017379760742,1,284577,2364
1786071904,94790725,1,-168.79525756835938,110.47900390625,-348.770751953125,,,,,,,,,,284578,2364
1786071904,94790725,,,,,5,-1495.5028076171875,1021.7911376953125,-775.8193359375,0.11108841747045517,-0.15048769116401672,-0.2665000557899475,0.9455108046531677,1,284578,2364
1786071904,103813471,1,-168.354248046875,110.47041320800781,-349.0895080566406,,,,,,,,,,284579,2364
1786071904,103813471,,,,,5,-1495.5072021484375,1021.8251953125,-775.8201904296875,0.11157050728797913,-0.15048092603683472,-0.2679392993450165,0.9450481534004211,1,284579,2364
1786071904,111730217,1,-168.28201293945312,110.28849029541016,-349.1640930175781,,,,,,,,,,284580,2364
1786071904,111730217,,,,,5,-1495.642578125,1021.8790893554688,-775.7582397460938,0.1117636114358902,-0.1498115360736847,-0.26865607500076294,0.9449282288551331,1,284580,2364
1786071904,120647632,1,-168.39256286621094,110.45210266113281,-349.0929870605469,,,,,,,,,,284581,2364
1786071904,120647632,,,,,5,-1495.6624755859375,1021.8886108398438,-775.8087768554688,0.11177170276641846,-0.1494123637676239,-0.2683894634246826,0.9450662732124329,1,284581,2364
1786071904,128801095,1,-168.41049194335938,110.68435668945312,-349.0126953125,,,,,,,,,,284582,2364
1786071904,128801095,,,,,5,-1495.5264892578125,1021.810546875,-775.7991333007812,0.11116497963666916,-0.15057212114334106,-0.26731547713279724,0.9452581405639648,1,284582,2364
1786071904,136196752,1,-168.39141845703125,110.80657196044922,-348.9642028808594,,,,,,,,,,284583,2364
1786071904,136196752,,,,,5,-1495.5234375,1021.83203125,-775.8171997070312,0.11157435178756714,-0.15023867785930634,-0.2677649259567261,0.945135772228241,1,284583,2364
1786071904,145622965,1,-168.3538818359375,110.5316162109375,-349.10186767578125,,,,,,,,,,284584,2364
1786071904,145622965,,,,,5,-1495.6546630859375,1021.8912963867188,-775.7736206054688,0.11142079532146454,-0.1500968188047409,-0.2675640881061554,0.9452332258224487,1,284584,2364
1786071904,153836343,1,-170.83457946777344,108.17979431152344,-350.1697082519531,,,,,,,,,,284585,2364
1786071904,153836343,,,,,5,-1495.6519775390625,1021.8478393554688,-775.7470092773438,0.11204201728105545,-0.1498045176267624,-0.2691435217857361,0.9447576403617859,1,284585,2364
1786071904,161513205,1,-168.46339416503906,110.35317993164062,-349.2032165527344,,,,,,,,,,284586,2364
1786071904,161513205,,,,,5,-1495.647705078125,1021.8775634765625,-775.7816772460938,0.1118251234292984,-0.149399071931839,-0.26844698190689087,0.9450457692146301,1,284586,2364
1786071904,170367087,1,-168.36376953125,110.7880859375,-349.04388427734375,,,,,,,,,,284587,2364
1786071904,170367087,,,,,5,-1495.6478271484375,1021.8638916015625,-775.7622680664062,0.11160056293010712,-0.14949144423007965,-0.2682737112045288,0.9451068043708801,1,284587,2364
1786071904,178382381,1,-168.3871307373047,110.53026580810547,-349.0770568847656,,,,,,,,,,284588,2364
1786071904,178382381,,,,,5,-1495.649169921875,1021.8825073242188,-775.8138427734375,0.11161839216947556,-0.1495554894208908,-0.26769229769706726,0.9452594518661499,1,284588,2364
1786071904,186438065,1,-168.38778686523438,110.4398422241211,-349.0872802734375,,,,,,,,,,284589,2364
1786071904,186438065,,,,,5,-1495.53173828125,1021.8158569335938,-775.8273315429688,0.1110047996044159,-0.1503933072090149,-0.267183780670166,0.9453425407409668,1,284589,2364
1786071904,195394719,1,-168.4514923095703,110.44446563720703,-349.13421630859375,,,,,,,,,,284590,2364
1786071904,195394719,,,,,5,-1495.652587890625,1021.880859375,-775.7706298828125,0.11162520945072174,-0.1496141403913498,-0.26772868633270264,0.9452391266822815,1,284590,2364
1786071904,203306921,1,-168.4552459716797,110.7102279663086,-349.053466796875,,,,,,,,,,284591,2364
1786071904,203306921,,,,,5,-1495.650146484375,1021.8707275390625,-775.8125,0.11187312752008438,-0.14945663511753082,-0.26819130778312683,0.9451035261154175,1,284591,2364
1786071904,211183884,1,-168.37020874023438,110.4598388671875,-349.0685729980469,,,,,,,,,,284592,2364
1786071904,211183884,,,,,5,-1495.521240234375,1021.8028564453125,-775.8351440429688,0.11148079484701157,-0.15043753385543823,-0.26757365465164185,0.9451693296432495,1,284592,2364
1786071904,220339583,1,-168.37229919433594,110.75548553466797,-349.04168701171875,,,,,,,,,,284593,2364
1786071904,220339583,,,,,5,-1495.6531982421875,1021.8863525390625,-775.7802124023438,0.11166445910930634,-0.14952735602855682,-0.2681123614311218,0.9451394081115723,1,284593,2364
1786071904,228350011,1,-168.39068603515625,110.43144226074219,-349.1250305175781,,,,,,,,,,284594,2364
1786071904,228350011,,,,,5,-1495.6563720703125,1021.8638916015625,-775.7863159179688,0.11164455860853195,-0.14968764781951904,-0.267814040184021,0.9452009797096252,1,284594,2364
1786071904,237339887,1,-168.4355010986328,110.46649169921875,-349.0956726074219,,,,,,,,,,284595,2364
1786071904,237339887,,,,,5,-1495.518798828125,1021.8305053710938,-775.8226928710938,0.11118792742490768,-0.15039145946502686,-0.2667619287967682,0.9454405307769775,1,284595,2364
1786071904,245305026,1,-168.43624877929688,110.7009048461914,-349.05230712890625,,,,,,,,,,284596,2364
1786071904,245305026,,,,,5,-1495.5211181640625,1021.8352661132812,-775.8414916992188,0.11110512167215347,-0.15045009553432465,-0.2669157087802887,0.9453974962234497,1,284596,2364
1786071904,253422195,1,-168.36627197265625,110.24036407470703,-349.1430969238281,,,,,,,,,,284597,2364
1786071904,253422195,,,,,5,-1495.649658203125,1021.8849487304688,-775.7778930664062,0.11134984344244003,-0.14963890612125397,-0.26779866218566895,0.9452477693557739,1,284597,2364
1786071904,261271217,1,-168.31150817871094,110.51171112060547,-349.0736389160156,,,,,,,,,,284598,2364
1786071904,261271217,,,,,5,-1495.5494384765625,1021.8024291992188,-775.8424682617188,0.11138410866260529,-0.15039591491222382,-0.26739737391471863,0.9452372193336487,1,284598,2364
1786071904,270211803,1,-168.3699493408203,110.51246643066406,-349.10595703125,,,,,,,,,,284599,2364
1786071904,270211803,,,,,5,-1495.528076171875,1021.828125,-775.8202514648438,0.11110890656709671,-0.15051858127117157,-0.26700738072395325,0.9453603029251099,1,284599,2364
1786071904,278163084,1,-168.3672637939453,110.66865539550781,-349.0973815917969,,,,,,,,,,284600,2364
1786071904,278163084,,,,,5,-1495.515869140625,1021.8240356445312,-775.8516845703125,0.11122743040323257,-0.15047331154346466,-0.2666841149330139,0.9454447031021118,1,284600,2364
1786071904,287208747,1,-168.3759765625,110.77094268798828,-349.0356140136719,,,,,,,,,,284601,2364
1786071904,287208747,,,,,5,-1495.6529541015625,1021.8518676757812,-775.7835083007812,0.11155092716217041,-0.14975835382938385,-0.2676886022090912,0.9452362060546875,1,284601,2364
1786071904,295038725,1,-170.47808837890625,108.63252258300781,-349.5710144042969,,,,,,,,,,284602,2364
1786071904,295038725,,,,,5,-1495.66455078125,1021.8959350585938,-775.7642822265625,0.11167488247156143,-0.14966461062431335,-0.26793336868286133,0.9451672434806824,1,284602,2364
1786071904,303139378,1,-168.1508331298828,110.84420013427734,-348.891357421875,,,,,,,,,,284603,2364
1786071904,303139378,,,,,5,-1495.5400390625,1021.7890625,-775.8189086914062,0.11143384873867035,-0.1503443866968155,-0.26811498403549194,0.9450361728668213,1,284603,2364
1786071904,312206260,1,-168.36961364746094,110.38813781738281,-349.1202697753906,,,,,,,,,,284604,2364
1786071904,312206260,,,,,5,-1495.6458740234375,1021.8878784179688,-775.7818603515625,0.11159863322973251,-0.149657741189003,-0.26732388138771057,0.9453498721122742,1,284604,2364
1786071904,320060851,1,-168.37046813964844,110.48211669921875,-349.126953125,,,,,,,,,,284605,2364
1786071904,320060851,,,,,5,-1495.5567626953125,1021.8271484375,-775.8152465820312,0.11136494576931,-0.15040920674800873,-0.2671697437763214,0.9453015923500061,1,284605,2364
1786071904,328070576,1,-168.4222869873047,110.50640869140625,-349.0804748535156,,,,,,,,,,284606,2364
1786071904,328070576,,,,,5,-1495.5535888671875,1021.8309936523438,-775.8319702148438,0.1113094910979271,-0.1502685844898224,-0.2670518755912781,0.9453637599945068,1,284606,2364
1786071904,337124847,1,-168.3621368408203,110.20699310302734,-349.15081787109375,,,,,,,,,,284607,2364
1786071904,337124847,,,,,5,-1495.5345458984375,1021.8380737304688,-775.8621215820312,0.11116040498018265,-0.15038691461086273,-0.26665499806404114,0.9454746842384338,1,284607,2364
1786071904,344989648,1,-168.29246520996094,110.31558990478516,-349.1714782714844,,,,,,,,,,284608,2364
1786071904,344989648,,,,,5,-1495.6402587890625,1021.8720703125,-775.8018188476562,0.11177760362625122,-0.1495266854763031,-0.2680591642856598,0.9451411962509155,1,284608,2364
1786071904,352884503,1,-168.34426879882812,110.26416778564453,-349.12933349609375,,,,,,,,,,284609,2364
1786071904,352884503,,,,,5,-1495.6473388671875,1021.8585815429688,-775.7642822265625,0.11180388182401657,-0.1497354656457901,-0.2685946822166443,0.9449529051780701,1,284609,2364
1786071904,362046731,1,-168.33343505859375,110.19806671142578,-349.1522216796875,,,,,,,,,,284610,2364
1786071904,362046731,,,,,5,-1495.5535888671875,1021.81494140625,-775.7977905273438,0.1110486313700676,-0.15049859881401062,-0.26720166206359863,0.9453155398368835,1,284610,2364
1786071904,369841407,1,-168.38818359375,110.39176177978516,-349.1069030761719,,,,,,,,,,284611,2364
1786071904,369841407,,,,,5,-1495.5296630859375,1021.83154296875,-775.8121948242188,0.11127696186304092,-0.15034900605678558,-0.26778438687324524,0.9451477527618408,1,284611,2364
1786071904,378834483,1,-168.7035675048828,110.18286895751953,-348.86480712890625,,,,,,,,,,284612,2364
1786071904,378834483,,,,,5,-1495.6732177734375,1021.884765625,-775.77001953125,0.11194692552089691,-0.14937859773635864,-0.26857781410217285,0.9449973702430725,1,284612,2364
1786071904,386775490,1,-168.4113311767578,110.22063446044922,-349.2008972167969,,,,,,,,,,284613,2364
1786071904,386775490,,,,,5,-1495.53466796875,1021.8350830078125,-775.8242797851562,0.11122550070285797,-0.15038907527923584,-0.2667297422885895,0.9454455971717834,1,284613,2364
1786071904,394791008,1,-168.3369140625,110.29029846191406,-349.17449951171875,,,,,,,,,,284614,2364
1786071904,394791008,,,,,5,-1495.5687255859375,1021.8728637695312,-775.7847900390625,0.11119778454303741,-0.15059201419353485,-0.26763805747032166,0.9451597332954407,1,284614,2364
1786071904,403787829,1,-170.8409423828125,108.44438171386719,-350.1138610839844,,,,,,,,,,284615,2364
1786071904,403787829,,,,,5,-1495.532470703125,1021.8139038085938,-775.8268432617188,0.11124838143587112,-0.15032918751239777,-0.26714324951171875,0.9453356266021729,1,284615,2364
1786071904,411656598,1,-168.37228393554688,110.50557708740234,-349.07586669921875,,,,,,,,,,284616,2364
1786071904,411656598,,,,,5,-1495.6624755859375,1021.8922119140625,-775.7794189453125,0.11184461414813995,-0.14955462515354156,-0.2684445381164551,0.9450194835662842,1,284616,2364
1786071904,419712987,1,-168.32244873046875,110.5796890258789,-349.07305908203125,,,,,,,,,,284617,2364
1786071904,419712987,,,,,5,-1495.644287109375,1021.8953247070312,-775.77197265625,0.11176031827926636,-0.14948268234729767,-0.26823267340660095,0.9451009631156921,1,284617,2364
1786071904,428725107,1,-168.34368896484375,110.5638198852539,-349.0980529785156,,,,,,,,,,284618,2364
1786071904,428725107,,,,,5,-1495.6336669921875,1021.8727416992188,-775.8049926757812,0.11200019717216492,-0.14967508614063263,-0.26834994554519653,0.9450089335441589,1,284618,2364
1786071904,436680389,1,-168.3249053955078,110.29582977294922,-349.1101379394531,,,,,,,,,,284619,2364
1786071904,436680389,,,,,5,-1495.6829833984375,1021.8971557617188,-775.7875366210938,0.11176101118326187,-0.14951303601264954,-0.2683524489402771,0.9450621008872986,1,284619,2364
1786071904,444895976,1,-168.3798828125,110.49303436279297,-349.1020812988281,,,,,,,,,,284620,2365
1786071904,444895976,,,,,5,-1495.668212890625,1021.8768920898438,-775.75732421875,0.11200790852308273,-0.14957036077976227,-0.2685137391090393,0.944977879524231,1,284620,2365
1786071904,453756995,1,-168.40469360351562,110.45376586914062,-349.1630859375,,,,,,,,,,284621,2365
1786071904,453756995,,,,,5,-1495.5240478515625,1021.8153686523438,-775.8010864257812,0.11161545664072037,-0.15040011703968048,-0.2677966356277466,0.9450961947441101,1,284621,2365
1786071904,461652554,1,-168.39064025878906,110.73885345458984,-349.0637512207031,,,,,,,,,,284622,2365
1786071904,461652554,,,,,5,-1495.64306640625,1021.8699340820312,-775.7550048828125,0.11163340508937836,-0.14974015951156616,-0.26781708002090454,0.9451930522918701,1,284622,2365
1786071904,470549900,1,-168.41806030273438,110.71110534667969,-349.0804748535156,,,,,,,,,,284623,2365
1786071904,470549900,,,,,5,-1495.5618896484375,1021.8642578125,-775.8141479492188,0.11102603375911713,-0.15041577816009521,-0.26720428466796875,0.945330798625946,1,284623,2365
1786071904,478468343,1,-168.33726501464844,110.48816680908203,-349.12872314453125,,,,,,,,,,284624,2365
1786071904,478468343,,,,,5,-1495.645751953125,1021.87353515625,-775.7933959960938,0.1116509661078453,-0.14978674054145813,-0.26790499687194824,0.9451587200164795,1,284624,2365
1786071904,486479156,1,-168.38189697265625,110.77072143554688,-349.0700378417969,,,,,,,,,,284625,2365
1786071904,486479156,,,,,5,-1495.6737060546875,1021.8562622070312,-775.73779296875,0.11164455860853195,-0.14994332194328308,-0.26859110593795776,0.9449397921562195,1,284625,2365
1786071904,495486603,1,-168.30731201171875,111.12236785888672,-349.3290710449219,,,,,,,,,,284626,2365
1786071904,495486603,,,,,5,-1495.5018310546875,1021.8450317382812,-775.8392944335938,0.1105717197060585,-0.15063834190368652,-0.265520840883255,0.9458228349685669,1,284626,2365
1786071904,503400373,1,-168.422119140625,110.7310791015625,-349.07098388671875,,,,,,,,,,284627,2365
1786071904,503400373,,,,,5,-1495.4952392578125,1021.8024291992188,-775.8292236328125,0.11103130131959915,-0.15042856335639954,-0.26704859733581543,0.9453721046447754,1,284627,2365
1786071904,511416050,1,-168.422119140625,110.7310791015625,-349.07098388671875,,,,,,,,,,284628,2365
1786071904,511416050,,,,,5,-1495.4952392578125,1021.8024291992188,-775.8292236328125,0.11103130131959915,-0.15042856335639954,-0.26704859733581543,0.9453721046447754,1,284628,2365
1786071904,520443117,1,-168.37677001953125,110.68402862548828,-349.06201171875,,,,,,,,,,284629,2365
1786071904,520443117,,,,,5,-1495.640625,1021.8887939453125,-775.7750244140625,0.11193854361772537,-0.1494409441947937,-0.26872867345809937,0.9449456334114075,1,284629,2365
1786071904,528308302,1,-168.4239044189453,110.63963317871094,-349.106201171875,,,,,,,,,,284630,2365
1786071904,528308302,,,,,5,-1495.642822265625,1021.8857421875,-775.7738647460938,0.1117069348692894,-0.14977818727493286,-0.26791495084762573,0.9451505541801453,1,284630,2365
1786071904,536312329,1,-168.31971740722656,110.5037841796875,-349.10888671875,,,,,,,,,,284631,2365
1786071904,536312329,,,,,5,-1495.525146484375,1021.8136596679688,-775.8172607421875,0.11121110618114471,-0.15050476789474487,-0.2676639258861542,0.9451647996902466,1,284631,2365
1786071904,545343396,1,-168.36090087890625,110.7536849975586,-349.0429382324219,,,,,,,,,,284632,2365
1786071904,545343396,,,,,5,-1495.6453857421875,1021.8998413085938,-775.7965698242188,0.11160577833652496,-0.14957046508789062,-0.26770737767219543,0.9452542662620544,1,284632,2365
1786071904,553399081,1,-170.76663208007812,107.8894271850586,-350.2066955566406,,,,,,,,,,284633,2365
1786071904,553399081,,,,,5,-1495.53515625,1021.8223876953125,-775.83447265625,0.11118331551551819,-0.15026237070560455,-0.2667621672153473,0.9454616904258728,1,284633,2365
1786071904,562348533,1,-168.39683532714844,110.47638702392578,-349.1076354980469,,,,,,,,,,284634,2365
1786071904,562348533,,,,,5,-1495.5068359375,1021.8212890625,-775.7882690429688,0.11124487966299057,-0.15053816139698029,-0.26763853430747986,0.9451625943183899,1,284634,2365
1786071904,570291877,1,-168.4095001220703,110.24537658691406,-349.1666564941406,,,,,,,,,,284635,2365
1786071904,570291877,,,,,5,-1495.5194091796875,1021.8313598632812,-775.829345703125,0.11109937727451324,-0.15020900964736938,-0.2669365406036377,0.9454306960105896,1,284635,2365
1786071904,578314051,1,-168.43368530273438,110.45442962646484,-349.1556701660156,,,,,,,,,,284636,2365
1786071904,578314051,,,,,5,-1495.5091552734375,1021.7916259765625,-775.80322265625,0.1113244816660881,-0.15056881308555603,-0.26722028851509094,0.9452667236328125,1,284636,2365
1786071904,587256046,1,-168.3974609375,110.78299713134766,-349.01806640625,,,,,,,,,,284637,2365
1786071904,587256046,,,,,5,-1495.556640625,1021.8342895507812,-775.8220825195312,0.11160451918840408,-0.15024270117282867,-0.2680031657218933,0.9450639486312866,1,284637,2365
1786071904,595268427,1,-168.46893310546875,110.68981170654297,-349.1034851074219,,,,,,,,,,284638,2365
1786071904,595268427,,,,,5,-1495.6265869140625,1021.8792114257812,-775.7616577148438,0.11180973798036575,-0.14986178278923035,-0.2685983180999756,0.9449312090873718,1,284638,2365
1786071904,603278215,1,-168.39285278320312,110.4555892944336,-349.1330871582031,,,,,,,,,,284639,2365
1786071904,603278215,,,,,5,-1495.55859375,1021.8349609375,-775.8037109375,0.11110438406467438,-0.15075422823429108,-0.2674744427204132,0.9451912045478821,1,284639,2365
1786071904,612226739,1,-168.39791870117188,110.45286560058594,-349.1058349609375,,,,,,,,,,284640,2365
1786071904,612226739,,,,,5,-1495.5496826171875,1021.8262939453125,-775.8017578125,0.11098034679889679,-0.1506693810224533,-0.26718875765800476,0.9453001022338867,1,284640,2365
1786071904,620139293,1,-168.35824584960938,110.29623413085938,-349.1259460449219,,,,,,,,,,284641,2365
1786071904,620139293,,,,,5,-1495.5264892578125,1021.81982421875,-775.8225708007812,0.11128344386816025,-0.15053169429302216,-0.26726478338241577,0.9452649354934692,1,284641,2365
1786071904,628222695,1,-168.3994140625,110.52571105957031,-349.1255187988281,,,,,,,,,,284642,2365
1786071904,628222695,,,,,5,-1495.6571044921875,1021.8707275390625,-775.7769165039062,0.11150302737951279,-0.1498280018568039,-0.2674626111984253,0.9452948570251465,1,284642,2365
1786071904,637044539,1,-168.37307739257812,110.44561767578125,-349.1224365234375,,,,,,,,,,284643,2365
1786071904,637044539,,,,,5,-1495.5440673828125,1021.8402709960938,-775.8074340820312,0.11085151880979538,-0.15067273378372192,-0.26706719398498535,0.9453490376472473,1,284643,2365
1786071904,645162828,1,-168.2705841064453,110.29741668701172,-349.1338806152344,,,,,,,,,,284644,2365
1786071904,645162828,,,,,5,-1495.6190185546875,1021.8850708007812,-775.751953125,0.11187291145324707,-0.14989414811134338,-0.2685888707637787,0.9449212551116943,1,284644,2365
1786071904,653049425,1,-168.47605895996094,110.64950561523438,-349.1297607421875,,,,,,,,,,284645,2365
1786071904,653049425,,,,,5,-1495.5501708984375,1021.8493041992188,-775.7775268554688,0.1115403026342392,-0.15025733411312103,-0.2675926983356476,0.9451855421066284,1,284645,2365
1786071904,662129941,1,-168.31471252441406,110.19374084472656,-349.16143798828125,,,,,,,,,,284646,2365
1786071904,662129941,,,,,5,-1495.5247802734375,1021.8512573242188,-775.8180541992188,0.11101039499044418,-0.1503186821937561,-0.266791969537735,0.9454644918441772,1,284646,2365
1786071904,669763723,1,-168.36424255371094,110.49760437011719,-349.1053771972656,,,,,,,,,,284647,2365
1786071904,669763723,,,,,5,-1495.51513671875,1021.8355712890625,-775.8297729492188,0.11129799485206604,-0.15019401907920837,-0.26752185821533203,0.9452441930770874,1,284647,2365
1786071904,677962154,1,-168.43899536132812,110.72633361816406,-349.0404052734375,,,,,,,,,,284648,2365
1786071904,677962154,,,,,5,-1495.6231689453125,1021.8576049804688,-775.7705078125,0.11166292428970337,-0.149734228849411,-0.26830118894577026,0.945053219795227,1,284648,2365
1786071904,686934235,1,-168.3987579345703,110.46536254882812,-349.09844970703125,,,,,,,,,,284649,2365
1786071904,686934235,,,,,5,-1495.5145263671875,1021.8087158203125,-775.7985229492188,0.11102654039859772,-0.15044713020324707,-0.26684004068374634,0.9454286098480225,1,284649,2365
1786071904,694847013,1,-168.3366241455078,110.70784759521484,-349.03680419921875,,,,,,,,,,284650,2365
1786071904,694847013,,,,,5,-1495.6669921875,1021.8679809570312,-775.7520751953125,0.11164060235023499,-0.14968208968639374,-0.2685534358024597,0.9449924230575562,1,284650,2365
1786071904,703779918,1,-168.38809204101562,110.27128601074219,-349.1203918457031,,,,,,,,,,284651,2365
1786071904,703779918,,,,,5,-1495.5238037109375,1021.8117065429688,-775.7860717773438,0.11133041977882385,-0.1505620777606964,-0.2676292955875397,0.9451515078544617,1,284651,2365
1786071904,711747554,1,-168.43226623535156,110.30659484863281,-349.194580078125,,,,,,,,,,284652,2365
1786071904,711747554,,,,,5,-1495.5528564453125,1021.8251953125,-775.8369140625,0.11115860939025879,-0.15023060142993927,-0.2672000527381897,0.9453458189964294,1,284652,2365
1786071904,719761375,1,-168.43385314941406,110.82073211669922,-349.03515625,,,,,,,,,,284653,2365
1786071904,719761375,,,,,5,-1495.6536865234375,1021.8701171875,-775.809326171875,0.11182792484760284,-0.14963290095329285,-0.26826316118240356,0.9450604915618896,1,284653,2365
1786071904,728902703,1,-168.402587890625,110.51453399658203,-349.1396484375,,,,,,,,,,284654,2365
1786071904,728902703,,,,,5,-1495.6497802734375,1021.8893432617188,-775.7619018554688,0.11158917099237442,-0.14981518685817719,-0.2687338888645172,0.9449261426925659,1,284654,2365
1786071904,736715142,1,-168.37411499023438,110.52395629882812,-349.091552734375,,,,,,,,,,284655,2365
1786071904,736715142,,,,,5,-1495.5423583984375,1021.8473510742188,-775.8131713867188,0.1112152636051178,-0.15036730468273163,-0.26733481884002686,0.9452793002128601,1,284655,2365
1786071904,744780493,1,-168.4160614013672,110.46974182128906,-349.1495361328125,,,,,,,,,,284656,2365
1786071904,744780493,,,,,5,-1495.6568603515625,1021.86083984375,-775.7589721679688,0.11187873780727386,-0.1496645212173462,-0.26903778314590454,0.9448292255401611,1,284656,2365
1786071904,753639336,1,-168.3461151123047,110.5244369506836,-349.0810852050781,,,,,,,,,,284657,2365
1786071904,753639336,,,,,5,-1495.5447998046875,1021.8280639648438,-775.8129272460938,0.1114576980471611,-0.1504785567522049,-0.26751455664634705,0.945182204246521,1,284657,2365
1786071904,761723410,1,-168.40208435058594,110.3515853881836,-349.159912109375,,,,,,,,,,284658,2365
1786071904,761723410,,,,,5,-1495.6591796875,1021.892578125,-775.7556762695312,0.11185286939144135,-0.14974866807460785,-0.268500953912735,0.9449716806411743,1,284658,2365
1786071904,769618233,1,-168.8715057373047,110.08258819580078,-348.8199462890625,,,,,,,,,,284659,2365
1786071904,769618233,,,,,5,-1495.521484375,1021.8203125,-775.8505249023438,0.11085601896047592,-0.1502295434474945,-0.26684775948524475,0.9454809427261353,1,284659,2365
1786071904,778578279,1,-168.35923767089844,110.74634552001953,-349.02972412109375,,,,,,,,,,284660,2365
1786071904,778578279,,,,,5,-1495.564208984375,1021.8424682617188,-775.7786254882812,0.11118043959140778,-0.15068650245666504,-0.26772046089172363,0.9451234936714172,1,284660,2365
1786071904,786549948,1,-168.49362182617188,110.6591796875,-349.08837890625,,,,,,,,,,284661,2365
1786071904,786549948,,,,,5,-1495.64111328125,1021.8699340820312,-775.7388305664062,0.11189676821231842,-0.14985975623130798,-0.2687999904155731,0.9448639154434204,1,284661,2365
1786071904,795584504,1,-168.3560333251953,110.50447845458984,-349.07940673828125,,,,,,,,,,284662,2365
1786071904,795584504,,,,,5,-1495.628662109375,1021.8759765625,-775.76318359375,0.11164873838424683,-0.14985565841197968,-0.2682211697101593,0.945058286190033,1,284662,2365
1786071904,803574576,1,-168.33888244628906,110.53720092773438,-349.15093994140625,,,,,,,,,,284663,2365
1786071904,803574576,,,,,5,-1495.540771484375,1021.8617553710938,-775.7926025390625,0.1109401285648346,-0.15075214207172394,-0.26720547676086426,0.9452869892120361,1,284663,2365
1786071904,811599471,1,-168.3502960205078,110.25856018066406,-349.22149658203125,,,,,,,,,,284664,2365
1786071904,811599471,,,,,5,-1495.5545654296875,1021.830078125,-775.7937622070312,0.11099333316087723,-0.15072870254516602,-0.2670745849609375,0.9453213214874268,1,284664,2365
1786071904,820467468,1,-168.36102294921875,110.52000427246094,-349.0799255371094,,,,,,,,,,284665,2365
1786071904,820467468,,,,,5,-1495.669921875,1021.8923950195312,-775.7251586914062,0.11128681898117065,-0.1499592363834381,-0.26839616894721985,0.945034921169281,1,284665,2365
1786071904,828489867,1,-168.35536193847656,110.26233673095703,-349.1681213378906,,,,,,,,,,284666,2365
1786071904,828489867,,,,,5,-1495.525634765625,1021.7978515625,-775.8190307617188,0.1112246885895729,-0.1504763960838318,-0.26756182312965393,0.9451966881752014,1,284666,2365
1786071904,836441180,1,-168.35888671875,110.48896789550781,-349.1142272949219,,,,,,,,,,284667,2365
1786071904,836441180,,,,,5,-1495.6531982421875,1021.8693237304688,-775.73876953125,0.11165927350521088,-0.14978943765163422,-0.26835939288139343,0.9450283646583557,1,284667,2365
1786071904,845428719,1,-168.33949279785156,110.25080108642578,-349.1597595214844,,,,,,,,,,284668,2365
1786071904,845428719,,,,,5,-1495.5341796875,1021.8391723632812,-775.7927856445312,0.11089763790369034,-0.15072406828403473,-0.2667291462421417,0.9454308152198792,1,284668,2365
1786071904,853503607,1,-168.31430053710938,110.2975082397461,-349.1497497558594,,,,,,,,,,284669,2365
1786071904,853503607,,,,,5,-1495.6322021484375,1021.8616333007812,-775.7427978515625,0.11162776499986649,-0.14971518516540527,-0.2680228650569916,0.9451394081115723,1,284669,2365
1786071904,861363063,1,-168.4673614501953,110.73529815673828,-349.1028747558594,,,,,,,,,,284670,2365
1786071904,861363063,,,,,5,-1495.6246337890625,1021.8648681640625,-775.7776489257812,0.11184398084878922,-0.14975839853286743,-0.2684784233570099,0.9449775815010071,1,284670,2365
1786071904,870480387,1,-168.4239044189453,110.73233032226562,-349.0742492675781,,,,,,,,,,284671,2365
1786071904,870480387,,,,,5,-1495.5350341796875,1021.8121337890625,-775.8057250976562,0.11116824299097061,-0.15060000121593475,-0.26651209592819214,0.9454800486564636,1,284671,2365
1786071904,878304764,1,-168.43214416503906,110.48014068603516,-349.1059265136719,,,,,,,,,,284672,2365
1786071904,878304764,,,,,5,-1495.6248779296875,1021.8497314453125,-775.7761840820312,0.11170816421508789,-0.14976145327091217,-0.2678871750831604,0.9451610445976257,1,284672,2365
1786071904,886382277,1,-168.43673706054688,110.60714721679688,-349.13494873046875,,,,,,,,,,284673,2365
1786071904,886382277,,,,,5,-1495.6190185546875,1021.88134765625,-775.8231811523438,0.11178301274776459,-0.1494879424571991,-0.2678169906139374,0.9452155232429504,1,284673,2365
1786071904,895206074,1,-168.4247589111328,110.75252532958984,-349.0714111328125,,,,,,,,,,284674,2365
1786071904,895206074,,,,,5,-1495.63134765625,1021.8781127929688,-775.76953125,0.11160152405500412,-0.14988625049591064,-0.2674902081489563,0.9452662467956543,1,284674,2365
1786071904,903212405,1,-168.4662628173828,110.43473052978516,-349.15997314453125,,,,,,,,,,284675,2365
1786071904,903212405,,,,,5,-1495.6676025390625,1021.9005737304688,-775.74609375,0.11129598319530487,-0.14990827441215515,-0.2677992880344391,0.9452112913131714,1,284675,2365
1786071904,912230478,1,-168.40377807617188,110.76693725585938,-349.0471496582031,,,,,,,,,,284676,2365
1786071904,912230478,,,,,5,-1495.521484375,1021.7883911132812,-775.8184814453125,0.111168272793293,-0.1505747139453888,-0.267016738653183,0.9453418254852295,1,284676,2365
1786071904,920193378,1,-168.38461303710938,110.55477905273438,-349.1251220703125,,,,,,,,,,284677,2365
1786071904,920193378,,,,,5,-1495.679443359375,1021.8873291015625,-775.74462890625,0.11161676794290543,-0.1497701108455658,-0.2687379717826843,0.9449288845062256,1,284677,2365
1786071904,928196701,1,-168.3528289794922,110.54285430908203,-349.04833984375,,,,,,,,,,284678,2365
1786071904,928196701,,,,,5,-1495.5301513671875,1021.8024291992188,-775.8025512695312,0.11124183982610703,-0.15067331492900848,-0.2671542465686798,0.9452785849571228,1,284678,2365
1786071904,937215734,1,-168.38424682617188,110.72863006591797,-349.1065673828125,,,,,,,,,,284679,2365
1786071904,937215734,,,,,5,-1495.5311279296875,1021.7864379882812,-775.747802734375,0.11127365380525589,-0.15073353052139282,-0.2682045102119446,0.9449676871299744,1,284679,2365
1786071904,945057715,1,-168.39344787597656,110.45918273925781,-349.11370849609375,,,,,,,,,,284680,2365
1786071904,945057715,,,,,5,-1495.5587158203125,1021.8412475585938,-775.7850952148438,0.11083065718412399,-0.15058590471744537,-0.2672635316848755,0.9453098773956299,1,284680,2365
1786071904,953069903,1,-168.39547729492188,110.77935791015625,-349.0621643066406,,,,,,,,,,284681,2365
1786071904,953069903,,,,,5,-1495.6181640625,1021.8790283203125,-775.7733154296875,0.1114962249994278,-0.14968343079090118,-0.2681387960910797,0.9451269507408142,1,284681,2365
1786071904,962272459,1,-168.36550903320312,110.53652954101562,-349.09814453125,,,,,,,,,,284682,2365
1786071904,962272459,,,,,5,-1495.6627197265625,1021.8875122070312,-775.7588500976562,0.11169921606779099,-0.14983947575092316,-0.2688419818878174,0.9448785781860352,1,284682,2365
1786071904,970239295,1,-168.46249389648438,110.69171905517578,-349.081787109375,,,,,,,,,,284683,2365
1786071904,970239295,,,,,5,-1495.546630859375,1021.8383178710938,-775.7887573242188,0.11136868596076965,-0.1505732536315918,-0.26741674542427063,0.9452052712440491,1,284683,2365
1786071904,978082716,1,-168.4019317626953,110.7662582397461,-349.04443359375,,,,,,,,,,284684,2365
1786071904,978082716,,,,,5,-1495.527587890625,1021.7965087890625,-775.79736328125,0.11104395240545273,-0.15080800652503967,-0.2672673463821411,0.9452484250068665,1,284684,2365
1786071904,987027943,1,-168.3883514404297,110.46202087402344,-349.1468505859375,,,,,,,,,,284685,2365
1786071904,987027943,,,,,5,-1495.6412353515625,1021.8214721679688,-775.7672119140625,0.11166646331548691,-0.1498895138502121,-0.2682672441005707,0.9450377821922302,1,284685,2365
1786071904,995025185,1,-168.3417205810547,110.29034423828125,-349.15911865234375,,,,,,,,,,284686,2365
1786071904,995025185,,,,,5,-1495.6480712890625,1021.8614501953125,-775.7691650390625,0.11172522604465485,-0.14961788058280945,-0.26874423027038574,0.9449383020401001,1,284686,2365
1786071905,3071012,1,-168.3674774169922,110.51153564453125,-349.2062072753906,,,,,,,,,,284687,2365
1786071905,3071012,,,,,5,-1495.6497802734375,1021.8861694335938,-775.8218383789062,0.11164577305316925,-0.1495751440525055,-0.2677687108516693,0.9452314376831055,1,284687,2365
1786071905,12011982,1,-168.41363525390625,110.73095703125,-349.10888671875,,,,,,,,,,284688,2365
1786071905,12011982,,,,,5,-1495.5096435546875,1021.7880859375,-775.804443359375,0.11109607666730881,-0.1506362408399582,-0.2668613791465759,0.9453842639923096,1,284688,2365
1786071905,20021642,1,-168.35426330566406,110.75459289550781,-348.98504638671875,,,,,,,,,,284689,2365
1786071905,20021642,,,,,5,-1495.5181884765625,1021.7980346679688,-775.8233032226562,0.1111203208565712,-0.15052324533462524,-0.2673474848270416,0.94526207447052,1,284689,2365
1786071905,28982169,1,-168.45849609375,110.69878387451172,-349.12420654296875,,,,,,,,,,284690,2365
1786071905,28982169,,,,,5,-1495.5301513671875,1021.8244018554688,-775.8258056640625,0.11088819056749344,-0.150701105594635,-0.26694825291633606,0.9453737735748291,1,284690,2365
1786071905,37141009,1,-168.40792846679688,110.76641082763672,-349.00042724609375,,,,,,,,,,284691,2365
1786071905,37141009,,,,,5,-1495.6610107421875,1021.8783569335938,-775.76123046875,0.1117037758231163,-0.14972536265850067,-0.26824551820755005,0.9450654983520508,1,284691,2365
1786071905,44954984,1,-168.39828491210938,110.7940444946289,-349.068115234375,,,,,,,,,,284692,2365
1786071905,44954984,,,,,5,-1495.6387939453125,1021.8551635742188,-775.8024291992188,0.1115991398692131,-0.149748757481575,-0.268256813287735,0.9450709819793701,1,284692,2365
1786071905,53928025,1,-168.36972045898438,110.2640380859375,-349.14312744140625,,,,,,,,,,284693,2365
1786071905,53928025,,,,,5,-1495.5162353515625,1021.8034057617188,-775.8265991210938,0.11117023974657059,-0.1505776047706604,-0.2669997215270996,0.9453458786010742,1,284693,2365
1786071905,61728206,1,-168.38388061523438,110.79122924804688,-348.9543151855469,,,,,,,,,,284694,2365
1786071905,61728206,,,,,5,-1495.65087890625,1021.8809814453125,-775.7567749023438,0.11144595593214035,-0.15009112656116486,-0.267728328704834,0.9451846480369568,1,284694,2365
1786071905,69798901,1,-168.3491973876953,110.22179412841797,-349.17578125,,,,,,,,,,284695,2365
1786071905,69798901,,,,,5,-1495.510498046875,1021.8087158203125,-775.8280029296875,0.11135530471801758,-0.15049517154693604,-0.26697155833244324,0.9453451037406921,1,284695,2365
1786071905,79072574,1,-168.33135986328125,110.25144958496094,-349.1978454589844,,,,,,,,,,284696,2365
1786071905,79072574,,,,,5,-1495.51904296875,1021.8178100585938,-775.8233032226562,0.1109868735074997,-0.15063965320587158,-0.2667500674724579,0.9454280734062195,1,284696,2365
1786071905,86715798,1,-168.34548950195312,110.26786804199219,-349.1422119140625,,,,,,,,,,284697,2365
1786071905,86715798,,,,,5,-1495.6475830078125,1021.8771362304688,-775.778076171875,0.11171092838048935,-0.14985954761505127,-0.2681952118873596,0.9450576901435852,1,284697,2365
1786071905,94770170,1,-168.324951171875,110.23202514648438,-349.17022705078125,,,,,,,,,,284698,2365
1786071905,94770170,,,,,5,-1495.542236328125,1021.8259887695312,-775.8085327148438,0.11089196056127548,-0.15063466131687164,-0.2673817574977875,0.9452614784240723,1,284698,2365
1786071905,103809335,1,-168.40985107421875,110.52081298828125,-349.11688232421875,,,,,,,,,,284699,2365
1786071905,103809335,,,,,5,-1495.5240478515625,1021.7938842773438,-775.8126220703125,0.11091940850019455,-0.15042530000209808,-0.2671530842781067,0.9453561902046204,1,284699,2365
1786071905,111576294,1,-168.3878173828125,110.54525756835938,-349.0755615234375,,,,,,,,,,284700,2365
1786071905,111576294,,,,,5,-1495.62255859375,1021.8615112304688,-775.7589721679688,0.11148954927921295,-0.14977248013019562,-0.26773008704185486,0.9452295899391174,1,284700,2365
1786071905,120555927,1,-168.44606018066406,110.53196716308594,-349.1355895996094,,,,,,,,,,284701,2365
1786071905,120555927,,,,,5,-1495.534423828125,1021.7933959960938,-775.830078125,0.11118560284376144,-0.1505761593580246,-0.2669525742530823,0.9453575611114502,1,284701,2365
1786071905,128638881,1,-168.353271484375,110.57293701171875,-349.09173583984375,,,,,,,,,,284702,2365
1786071905,128638881,,,,,5,-1495.6373291015625,1021.8513793945312,-775.7735595703125,0.11199946701526642,-0.14989213645458221,-0.26833683252334595,0.9449781775474548,1,284702,2365
1786071905,136631930,1,-168.35845947265625,110.23265838623047,-349.2031555175781,,,,,,,,,,284703,2365
1786071905,136631930,,,,,5,-1495.6268310546875,1021.8489379882812,-775.7763061523438,0.11177747696638107,-0.14973285794258118,-0.26810091733932495,0.9450967311859131,1,284703,2365
1786071905,145631312,1,-168.3449249267578,110.27093505859375,-349.12957763671875,,,,,,,,,,284704,2365
1786071905,145631312,,,,,5,-1495.541259765625,1021.7957153320312,-775.7667846679688,0.11139225959777832,-0.15077242255210876,-0.26703742146492004,0.945277988910675,1,284704,2365
1786071905,153743551,1,-168.42840576171875,110.74971771240234,-349.05023193359375,,,,,,,,,,284705,2365
1786071905,153743551,,,,,5,-1495.5589599609375,1021.82275390625,-775.77978515625,0.11097418516874313,-0.15043671429157257,-0.267273485660553,0.9453139901161194,1,284705,2365
1786071905,161623107,1,-168.29962158203125,110.53076934814453,-349.1300354003906,,,,,,,,,,284706,2365
1786071905,161623107,,,,,5,-1495.6728515625,1021.8464965820312,-775.7503662109375,0.11171035468578339,-0.14973928034305573,-0.268350213766098,0.9450328946113586,1,284706,2365
1786071905,170798265,1,-168.38973999023438,110.2241439819336,-349.1482238769531,,,,,,,,,,284707,2365
1786071905,170798265,,,,,5,-1495.6678466796875,1021.8575439453125,-775.7175903320312,0.11179111897945404,-0.14999228715896606,-0.26832762360572815,0.9449896216392517,1,284707,2365
1786071905,178552550,1,-168.3770294189453,110.21112060546875,-349.1809997558594,,,,,,,,,,284708,2365
1786071905,178552550,,,,,5,-1495.6795654296875,1021.8273315429688,-775.7224731445312,0.11204702407121658,-0.14986446499824524,-0.2687810957431793,0.944850742816925,1,284708,2365
1786071905,186469168,1,-168.383056640625,110.4812240600586,-349.0843505859375,,,,,,,,,,284709,2365
1786071905,186469168,,,,,5,-1495.6395263671875,1021.86083984375,-775.8404541015625,0.11171770095825195,-0.15011881291866302,-0.2676188051700592,0.9451791048049927,1,284709,2365
1786071905,195428286,1,-168.34512329101562,110.24517822265625,-349.15374755859375,,,,,,,,,,284710,2365
1786071905,195428286,,,,,5,-1495.563232421875,1021.7865600585938,-775.7713012695312,0.11133331805467606,-0.1506158411502838,-0.2673802971839905,0.9452129602432251,1,284710,2365
1786071905,203025549,1,-168.32765197753906,110.29224395751953,-349.19744873046875,,,,,,,,,,284711,2365
1786071905,203025549,,,,,5,-1495.6785888671875,1021.8433837890625,-775.7067260742188,0.11181899160146713,-0.149908646941185,-0.26803165674209595,0.9450836181640625,1,284711,2365
1786071905,211418705,1,-168.3417205810547,110.56901550292969,-349.10968017578125,,,,,,,,,,284712,2365
1786071905,211418705,,,,,5,-1495.6873779296875,1021.8381958007812,-775.7329711914062,0.11180704832077026,-0.14981824159622192,-0.26846250891685486,0.9449769854545593,1,284712,2365
1786071905,220603945,1,-168.3687744140625,110.49288177490234,-349.0760803222656,,,,,,,,,,284713,2365
1786071905,220603945,,,,,5,-1495.544677734375,1021.8017578125,-775.7403564453125,0.11118650436401367,-0.15069788694381714,-0.2668725848197937,0.9453606605529785,1,284713,2365
1786071905,228440965,1,-168.33119201660156,110.2757797241211,-349.16485595703125,,,,,,,,,,284714,2365
1786071905,228440965,,,,,5,-1495.7021484375,1021.87060546875,-775.6898193359375,0.11125639826059341,-0.14986084401607513,-0.2680426836013794,0.9451544284820557,1,284714,2365
1786071905,236351855,1,-168.42515563964844,110.79383850097656,-349.0185241699219,,,,,,,,,,284715,2365
1786071905,236351855,,,,,5,-1495.6619873046875,1021.8695678710938,-775.732421875,0.11126639693975449,-0.14984433352947235,-0.26756444573402405,0.9452913999557495,1,284715,2365
1786071905,245368680,1,-168.4183807373047,110.7720718383789,-349.0145263671875,,,,,,,,,,284716,2365
1786071905,245368680,,,,,5,-1495.5853271484375,1021.8272705078125,-775.7444458007812,0.11083094775676727,-0.15081028640270233,-0.266716331243515,0.9454285502433777,1,284716,2365
1786071905,253285426,1,-168.3383331298828,110.26433563232422,-349.1423645019531,,,,,,,,,,284717,2365
1786071905,253285426,,,,,5,-1495.5657958984375,1021.8297729492188,-775.7704467773438,0.11083763092756271,-0.15080659091472626,-0.26682528853416443,0.945397675037384,1,284717,2365
1786071905,262329744,1,-168.38523864746094,110.7563247680664,-349.0563049316406,,,,,,,,,,284718,2365
1786071905,262329744,,,,,5,-1495.643798828125,1021.869140625,-775.7990112304688,0.11170097440481186,-0.14968810975551605,-0.26784491539001465,0.9451854228973389,1,284718,2365
1786071905,270242010,1,-168.37954711914062,110.50391387939453,-349.0787048339844,,,,,,,,,,284719,2365
1786071905,270242010,,,,,5,-1495.6048583984375,1021.8048095703125,-775.7342529296875,0.11119194328784943,-0.15071502327919006,-0.2673662006855011,0.9452177882194519,1,284719,2365
1786071905,278491235,1,-168.45205688476562,110.5088119506836,-349.10162353515625,,,,,,,,,,284720,2365
1786071905,278491235,,,,,5,-1495.6956787109375,1021.8385009765625,-775.7255249023438,0.11155461519956589,-0.1499525010585785,-0.26777464151382446,0.9451807737350464,1,284720,2365
1786071905,287244682,1,-168.37081909179688,110.2695541381836,-349.1477355957031,,,,,,,,,,284721,2365
1786071905,287244682,,,,,5,-1495.57470703125,1021.7732543945312,-775.7509155273438,0.11153886467218399,-0.15067195892333984,-0.2674609422683716,0.945156991481781,1,284721,2365
1786071905,295421286,1,-168.3893585205078,110.49325561523438,-349.1020812988281,,,,,,,,,,284722,2365
1786071905,295421286,,,,,5,-1495.7310791015625,1021.8580322265625,-775.7095947265625,0.11152341216802597,-0.1500215083360672,-0.26794132590293884,0.9451261758804321,1,284722,2365
1786071905,303141132,1,-168.3900146484375,110.52009582519531,-349.0755310058594,,,,,,,,,,284723,2365
1786071905,303141132,,,,,5,-1495.7303466796875,1021.8466186523438,-775.7085571289062,0.11188435554504395,-0.14986495673656464,-0.2685568928718567,0.9449337124824524,1,284723,2365
1786071905,312148323,1,-168.39242553710938,110.75355529785156,-348.996826171875,,,,,,,,,,284724,2365
1786071905,312148323,,,,,5,-1495.5888671875,1021.7953491210938,-775.7545166015625,0.11103050410747528,-0.15080076456069946,-0.26723942160606384,0.9452590942382812,1,284724,2365
1786071905,320107989,1,-168.399658203125,110.80169677734375,-349.03277587890625,,,,,,,,,,284725,2365
1786071905,320107989,,,,,5,-1495.5692138671875,1021.8085327148438,-775.7710571289062,0.11096534132957458,-0.15070697665214539,-0.26735958456993103,0.9452475905418396,1,284725,2365
1786071905,328119154,1,-168.37112426757812,110.77567291259766,-349.02154541015625,,,,,,,,,,284726,2365
1786071905,328119154,,,,,5,-1495.6065673828125,1021.74755859375,-775.7760620117188,0.11120866239070892,-0.1505543440580368,-0.2670991122722626,0.9453169703483582,1,284726,2365
1786071905,337103364,1,-168.40879821777344,110.42574310302734,-349.08612060546875,,,,,,,,,,284727,2365
1786071905,337103364,,,,,5,-1495.7247314453125,1021.8404541015625,-775.69287109375,0.1114264726638794,-0.15003567934036255,-0.26773062348365784,0.945195198059082,1,284727,2365
1786071905,345165834,1,-168.35275268554688,110.42817687988281,-349.17138671875,,,,,,,,,,284728,2365
1786071905,345165834,,,,,5,-1495.6103515625,1021.7681884765625,-775.79150390625,0.11065582185983658,-0.15084052085876465,-0.266106516122818,0.9456160664558411,1,284728,2365
1786071905,353085398,1,-168.3472442626953,110.28034210205078,-349.17413330078125,,,,,,,,,,284729,2365
1786071905,353085398,,,,,5,-1495.5736083984375,1021.7797241210938,-775.7672119140625,0.11146996915340424,-0.15038590133190155,-0.2675926387310028,0.9451733827590942,1,284729,2365
1786071905,362087052,1,-170.84385681152344,108.1773452758789,-350.16986083984375,,,,,,,,,,284730,2365
1786071905,362087052,,,,,5,-1495.6678466796875,1021.7354736328125,-775.6889038085938,0.11092991381883621,-0.1507764458656311,-0.26768630743026733,0.945148229598999,1,284730,2365
1786071905,370090919,1,-168.46665954589844,110.38179779052734,-349.1459655761719,,,,,,,,,,284731,2365
1786071905,370090919,,,,,5,-1495.771728515625,1021.8233642578125,-775.6382446289062,0.11118167638778687,-0.1500425487756729,-0.2680324912071228,0.9451373219490051,1,284731,2365
1786071905,379153608,1,-168.43016052246094,110.75373077392578,-349.0373229980469,,,,,,,,,,284732,2365
1786071905,379153608,,,,,5,-1495.6600341796875,1021.7626342773438,-775.6892700195312,0.11045142263174057,-0.15082526206970215,-0.2665374279022217,0.9455210566520691,1,284732,2365
1786071905,386888817,1,-168.38272094726562,110.47599029541016,-349.0729675292969,,,,,,,,,,284733,2365
1786071905,386888817,,,,,5,-1495.6815185546875,1021.71435546875,-775.6841430664062,0.11085236072540283,-0.15078048408031464,-0.2674545645713806,0.9452223181724548,1,284733,2365
1786071905,395125143,1,-168.44944763183594,110.6755599975586,-349.06365966796875,,,,,,,,,,284734,2365
1786071905,395125143,,,,,5,-1495.78515625,1021.8029174804688,-775.6497192382812,0.11087311059236526,-0.15003539621829987,-0.267583966255188,0.9453017115592957,1,284734,2365
1786071905,404201851,1,-168.41368103027344,110.4822006225586,-349.06121826171875,,,,,,,,,,284735,2365
1786071905,404201851,,,,,5,-1495.809814453125,1021.8095703125,-775.5869140625,0.11126071214675903,-0.14999403059482574,-0.2694030702114105,0.9447458982467651,1,284735,2365
1786071905,411912255,1,-168.3893585205078,110.5318832397461,-349.0977478027344,,,,,,,,,,284736,2365
1786071905,411912255,,,,,5,-1495.6463623046875,1021.7911987304688,-775.7380981445312,0.11057266592979431,-0.15043538808822632,-0.26656025648117065,0.9455625414848328,1,284736,2365
1786071905,419872754,1,-168.2986297607422,110.29093170166016,-349.1121826171875,,,,,,,,,,284737,2365
1786071905,419872754,,,,,5,-1495.789306640625,1021.8360595703125,-775.69580078125,0.11127688735723495,-0.14968839287757874,-0.2681431472301483,0.9451507925987244,1,284737,2365
1786071905,428904334,1,-168.3318634033203,110.25737762451172,-349.1267395019531,,,,,,,,,,284738,2365
1786071905,428904334,,,,,5,-1495.6500244140625,1021.7482299804688,-775.7076416015625,0.11091788113117218,-0.15068034827709198,-0.2679564356803894,0.9450883269309998,1,284738,2365
1786071905,436729863,1,-168.4636688232422,110.72769927978516,-349.0783996582031,,,,,,,,,,284739,2365
1786071905,436729863,,,,,5,-1495.7587890625,1021.8191528320312,-775.6414184570312,0.11123131215572357,-0.15007932484149933,-0.26896411180496216,0.9448608756065369,1,284739,2365
1786071905,444783436,1,-168.39627075195312,110.51384735107422,-349.0783996582031,,,,,,,,,,284740,2365
1786071905,444783436,,,,,5,-1495.776611328125,1021.8607788085938,-775.6957397460938,0.11144997179508209,-0.14953041076660156,-0.2686675488948822,0.9450064897537231,1,284740,2365
1786071905,453779777,1,-168.37277221679688,110.54521179199219,-349.0791320800781,,,,,,,,,,284741,2366
1786071905,453779777,,,,,5,-1495.615478515625,1021.7789306640625,-775.7296142578125,0.11131680756807327,-0.15021276473999023,-0.26894524693489075,0.9448349475860596,1,284741,2366
1786071905,461750421,1,-168.34327697753906,110.28670501708984,-349.10736083984375,,,,,,,,,,284742,2366
1786071905,461750421,,,,,5,-1495.627685546875,1021.7692260742188,-775.7348022460938,0.11082781851291656,-0.15066483616828918,-0.2678019404411316,0.9451450705528259,1,284742,2366
1786071905,470752299,1,-168.4157257080078,110.75298309326172,-349.09912109375,,,,,,,,,,284743,2366
1786071905,470752299,,,,,5,-1495.7333984375,1021.8243408203125,-775.68505859375,0.1111982986330986,-0.14990848302841187,-0.2685701847076416,0.9450039863586426,1,284743,2366
1786071905,478786508,1,-168.46536254882812,110.73563385009766,-349.07073974609375,,,,,,,,,,284744,2366
1786071905,478786508,,,,,5,-1495.7230224609375,1021.8401489257812,-775.6842651367188,0.11122286319732666,-0.14984531700611115,-0.26814529299736023,0.945131778717041,1,284744,2366
1786071905,486518932,1,-168.40000915527344,110.52088928222656,-349.1114807128906,,,,,,,,,,284745,2366
1786071905,486518932,,,,,5,-1495.7115478515625,1021.8427124023438,-775.6770629882812,0.11116988956928253,-0.14952604472637177,-0.2684515118598938,0.9451016187667847,1,284745,2366
1786071905,495630431,1,-168.39932250976562,110.53052520751953,-349.067138671875,,,,,,,,,,284746,2366
1786071905,495630431,,,,,5,-1495.6072998046875,1021.7816772460938,-775.7111206054688,0.11090412735939026,-0.15064167976379395,-0.26796433329582214,0.9450939297676086,1,284746,2366
1786071905,503598291,1,-168.3635711669922,110.52388000488281,-349.0785217285156,,,,,,,,,,284747,2366
1786071905,503598291,,,,,5,-1495.584228515625,1021.8223876953125,-775.7323608398438,0.1104564219713211,-0.1505761742591858,-0.26684126257896423,0.9454744458198547,1,284747,2366
1786071905,511523711,1,-168.36776733398438,110.2877426147461,-349.1308898925781,,,,,,,,,,284748,2366
1786071905,511523711,,,,,5,-1495.6915283203125,1021.8441772460938,-775.6989135742188,0.11149801313877106,-0.14965513348579407,-0.26924607157707214,0.9448163509368896,1,284748,2366
1786071905,520691092,1,-168.36219787597656,110.28919219970703,-349.1471862792969,,,,,,,,,,284749,2366
1786071905,520691092,,,,,5,-1495.524169921875,1021.8308715820312,-775.8101806640625,0.11138518154621124,-0.15037386119365692,-0.2672794759273529,0.9452738165855408,1,284749,2366
1786071905,528613696,1,-168.42657470703125,110.79720306396484,-348.9806823730469,,,,,,,,,,284750,2366
1786071905,528613696,,,,,5,-1495.5233154296875,1021.7927856445312,-775.8182373046875,0.11128388345241547,-0.15057456493377686,-0.26731666922569275,0.9452434778213501,1,284750,2366
1786071905,536508551,1,-168.3390350341797,110.25078582763672,-349.1654357910156,,,,,,,,,,284751,2366
1786071905,536508551,,,,,5,-1495.64990234375,1021.9000854492188,-775.7702026367188,0.11156392842531204,-0.1496676653623581,-0.268012672662735,0.9451573491096497,1,284751,2366
1786071905,545626739,1,-168.38841247558594,110.26737213134766,-349.1960754394531,,,,,,,,,,284752,2366
1786071905,545626739,,,,,5,-1495.6326904296875,1021.8512573242188,-775.7764892578125,0.11154045909643173,-0.14970259368419647,-0.2675092816352844,0.945297122001648,1,284752,2366
1786071905,553915939,1,-168.38673400878906,110.5011215209961,-349.1100158691406,,,,,,,,,,284753,2366
1786071905,553915939,,,,,5,-1495.5203857421875,1021.796875,-775.8130493164062,0.11097859591245651,-0.1505008488893509,-0.2670000493526459,0.945380449295044,1,284753,2366
1786071905,562446593,1,-168.375732421875,110.51707458496094,-349.03790283203125,,,,,,,,,,284754,2366
1786071905,562446593,,,,,5,-1495.656494140625,1021.8917846679688,-775.8202514648438,0.11098822206258774,-0.1499415785074234,-0.26690590381622314,0.9454947113990784,1,284754,2366
1786071905,570351081,1,-168.45492553710938,110.73949432373047,-349.02880859375,,,,,,,,,,284755,2366
1786071905,570351081,,,,,5,-1495.5125732421875,1021.8035278320312,-775.8218994140625,0.11115927249193192,-0.15064437687397003,-0.26722121238708496,0.9452739357948303,1,284755,2366
1786071905,578351620,1,-168.37265014648438,110.5386962890625,-349.1011047363281,,,,,,,,,,284756,2366
1786071905,578351620,,,,,5,-1495.6282958984375,1021.8541259765625,-775.7824096679688,0.11173252016305923,-0.149805948138237,-0.26823505759239197,0.945052444934845,1,284756,2366
1786071905,587248454,1,-168.37635803222656,110.25315856933594,-349.1662902832031,,,,,,,,,,284757,2366
1786071905,587248454,,,,,5,-1495.555419921875,1021.8141479492188,-775.834228515625,0.11110219359397888,-0.15045875310897827,-0.2672053873538971,0.9453146457672119,1,284757,2366
1786071905,595423585,1,-168.35140991210938,110.5313491821289,-349.0615234375,,,,,,,,,,284758,2366
1786071905,595423585,,,,,5,-1495.49951171875,1021.8262939453125,-775.794677734375,0.11118526756763458,-0.15052323043346405,-0.26752564311027527,0.945203959941864,1,284758,2366
1786071905,603235000,1,-168.41575622558594,110.76496887207031,-349.0633850097656,,,,,,,,,,284759,2366
1786071905,603235000,,,,,5,-1495.7073974609375,1021.9202270507812,-775.7249755859375,0.1116681769490242,-0.14992976188659668,-0.2685343027114868,0.9449553489685059,1,284759,2366
1786071905,612145341,1,-168.44622802734375,110.4295425415039,-349.1088562011719,,,,,,,,,,284760,2366
1786071905,612145341,,,,,5,-1495.5965576171875,1021.8603515625,-775.7230224609375,0.11114387959241867,-0.15055209398269653,-0.2678443491458893,0.9451140761375427,1,284760,2366
1786071905,620087660,1,-168.45614624023438,110.69131469726562,-349.0682373046875,,,,,,,,,,284761,2366
1786071905,620087660,,,,,5,-1495.5465087890625,1021.9421997070312,-775.7426147460938,0.11205007135868073,-0.15098290145397186,-0.2693468928337097,0.9445111751556396,1,284761,2366
1786071905,627999158,1,-168.33836364746094,110.52381134033203,-349.1416015625,,,,,,,,,,284762,2366
1786071905,627999158,,,,,5,-1495.644287109375,1021.8101806640625,-775.6961669921875,0.11098883301019669,-0.15065090358257294,-0.2688063383102417,0.9448433518409729,1,284762,2366
1786071905,636946274,1,-168.43577575683594,110.45670318603516,-349.1580810546875,,,,,,,,,,284763,2366
1786071905,636946274,,,,,5,-1495.662353515625,1021.8558959960938,-775.6728515625,0.11065054684877396,-0.1507389396429062,-0.26828649640083313,0.9450168013572693,1,284763,2366
1786071905,644953725,1,-168.3828582763672,110.19152069091797,-349.1882629394531,,,,,,,,,,284764,2366
1786071905,644953725,,,,,5,-1495.6199951171875,1021.8560791015625,-775.6984252929688,0.11104201525449753,-0.1506032645702362,-0.26962900161743164,0.9446103572845459,1,284764,2366
1786071905,652944502,1,-168.36782836914062,110.45488739013672,-349.21087646484375,,,,,,,,,,284765,2366
1786071905,652944502,,,,,5,-1495.635986328125,1021.7587280273438,-775.7838745117188,0.11061260849237442,-0.15100012719631195,-0.2677440643310547,0.9451333284378052,1,284765,2366
1786071905,661901412,1,-168.38113403320312,110.48178100585938,-349.09075927734375,,,,,,,,,,284766,2366
1786071905,661901412,,,,,5,-1495.8167724609375,1021.81201171875,-775.6430053710938,0.11080959439277649,-0.1502334177494049,-0.2687109708786011,0.944957971572876,1,284766,2366
1786071905,669822063,1,-168.40191650390625,110.20796203613281,-349.2021484375,,,,,,,,,,284767,2366
1786071905,669822063,,,,,5,-1495.8211669921875,1021.8253173828125,-775.6337280273438,0.11067496240139008,-0.15030212700366974,-0.2684350311756134,0.945041298866272,1,284767,2366
1786071905,679446362,1,-168.37942504882812,110.5447998046875,-349.05718994140625,,,,,,,,,,284768,2366
1786071905,679446362,,,,,5,-1495.931884765625,1021.8777465820312,-775.5658569335938,0.11190072447061539,-0.14920265972614288,-0.2702082395553589,0.9445657134056091,1,284768,2366
1786071905,686975772,1,-168.444091796875,110.47654724121094,-349.10986328125,,,,,,,,,,284769,2366
1786071905,686975772,,,,,5,-1495.84912109375,1021.8019409179688,-775.5916748046875,0.1106809750199318,-0.14978942275047302,-0.2701610326766968,0.9446301460266113,1,284769,2366
1786071905,694910346,1,-168.39698791503906,110.50662994384766,-349.0838928222656,,,,,,,,,,284770,2366
1786071905,694910346,,,,,5,-1495.888916015625,1021.798828125,-775.5534057617188,0.1108298972249031,-0.14973528683185577,-0.27037012577056885,0.9445613622665405,1,284770,2366
1786071905,702944715,1,-168.17857360839844,110.80249786376953,-348.9339904785156,,,,,,,,,,284771,2366
1786071905,702944715,,,,,5,-1495.8525390625,1021.8029174804688,-775.57763671875,0.11084049940109253,-0.1497287154197693,-0.27003049850463867,0.9446583390235901,1,284771,2366
1786071905,711880244,1,-168.3701629638672,110.47807312011719,-349.1010437011719,,,,,,,,,,284772,2366
1786071905,711880244,,,,,5,-1495.847900390625,1021.8046875,-775.6061401367188,0.1110452339053154,-0.14979298412799835,-0.27023768424987793,0.9445648193359375,1,284772,2366
1786071905,719874797,1,-168.42138671875,110.2425537109375,-349.19891357421875,,,,,,,,,,284773,2366
1786071905,719874797,,,,,5,-1496.010986328125,1021.8923950195312,-775.4487915039062,0.11224276572465897,-0.14850439131259918,-0.27202504873275757,0.9441134929656982,1,284773,2366
1786071905,729002683,1,-168.41876220703125,110.41543579101562,-349.1534118652344,,,,,,,,,,284774,2366
1786071905,729002683,,,,,5,-1495.96630859375,1021.8338012695312,-775.4957275390625,0.11199838668107986,-0.14898930490016937,-0.27196478843688965,0.9440836310386658,1,284774,2366
1786071905,736399044,1,-168.36859130859375,110.25701141357422,-349.1648254394531,,,,,,,,,,284775,2366
1786071905,736399044,,,,,5,-1495.9754638671875,1021.8616333007812,-775.5670776367188,0.11147328466176987,-0.1489761769771576,-0.27102234959602356,0.944418728351593,1,284775,2366
1786071905,744773829,1,-168.38172912597656,110.21778869628906,-349.21099853515625,,,,,,,,,,284776,2366
1786071905,744773829,,,,,5,-1495.9793701171875,1021.83251953125,-775.5687866210938,0.11171519756317139,-0.1489364504814148,-0.2714686691761017,0.9442681074142456,1,284776,2366
1786071905,753818851,1,-168.35165405273438,110.26842498779297,-349.1763000488281,,,,,,,,,,284777,2366
1786071905,753818851,,,,,5,-1495.96923828125,1021.84423828125,-775.566650390625,0.11168885976076126,-0.14895747601985931,-0.2711103558540344,0.9443709254264832,1,284777,2366
1786071905,761766451,1,-168.40475463867188,110.72982788085938,-349.0535583496094,,,,,,,,,,284778,2366
1786071905,761766451,,,,,5,-1495.9510498046875,1021.8544311523438,-775.5845947265625,0.11153222620487213,-0.14877907931804657,-0.27066850662231445,0.9445441961288452,1,284778,2366
1786071905,769728678,1,-168.4733123779297,110.4522933959961,-349.1417236328125,,,,,,,,,,284779,2366
1786071905,769728678,,,,,5,-1495.832763671875,1021.8017578125,-775.6271362304688,0.11067456752061844,-0.15007148683071136,-0.269415944814682,0.9447987675666809,1,284779,2366
1786071905,778959431,1,-168.4539031982422,110.502197265625,-349.09515380859375,,,,,,,,,,284780,2366
1786071905,778959431,,,,,5,-1495.9390869140625,1021.85888671875,-775.5701293945312,0.11168178170919418,-0.14901103079319,-0.2708369493484497,0.9444418549537659,1,284780,2366
1786071905,786749722,1,-168.4248504638672,110.17855072021484,-349.1781005859375,,,,,,,,,,284781,2366
1786071905,786749722,,,,,5,-1495.74609375,1021.8064575195312,-775.681640625,0.1112355962395668,-0.15018492937088013,-0.26869282126426697,0.9449208378791809,1,284781,2366
1786071905,794807840,1,-168.38780212402344,110.26712799072266,-349.1636962890625,,,,,,,,,,284782,2366
1786071905,794807840,,,,,5,-1495.6986083984375,1021.8408203125,-775.7199096679688,0.11104179173707962,-0.15009884536266327,-0.26796767115592957,0.9451632499694824,1,284782,2366
1786071905,803798131,1,-168.3594207763672,110.52165985107422,-349.07745361328125,,,,,,,,,,284783,2366
1786071905,803798131,,,,,5,-1495.8531494140625,1021.8982543945312,-775.6432495117188,0.11209480464458466,-0.14929331839084625,-0.2701943814754486,0.9445322155952454,1,284783,2366
1786071905,811655091,1,-168.43141174316406,110.50596618652344,-349.10205078125,,,,,,,,,,284784,2366
1786071905,811655091,,,,,5,-1495.8153076171875,1021.8991088867188,-775.634521484375,0.11211665719747543,-0.14938561618328094,-0.26993662118911743,0.944588840007782,1,284784,2366
1786071905,820539603,1,-168.4264678955078,110.47686767578125,-349.080810546875,,,,,,,,,,284785,2366
1786071905,820539603,,,,,5,-1495.855224609375,1021.9061889648438,-775.6287841796875,0.11189675331115723,-0.14948229491710663,-0.2699117660522461,0.9446068406105042,1,284785,2366
1786071905,828767448,1,-168.38775634765625,110.48340606689453,-349.09759521484375,,,,,,,,,,284786,2366
1786071905,828767448,,,,,5,-1495.8934326171875,1021.9406127929688,-775.6198120117188,0.11187117546796799,-0.1493111252784729,-0.2704789638519287,0.9444745779037476,1,284786,2366
1786071905,836633113,1,-168.40548706054688,110.50277709960938,-349.1047058105469,,,,,,,,,,284787,2366
1786071905,836633113,,,,,5,-1495.85986328125,1021.8973999023438,-775.673095703125,0.11187483370304108,-0.14944706857204437,-0.2695006728172302,0.9447322487831116,1,284787,2366
1786071905,845511800,1,-168.45584106445312,110.7662582397461,-349.0320129394531,,,,,,,,,,284788,2366
1786071905,845511800,,,,,5,-1495.8475341796875,1021.9071655273438,-775.6607055664062,0.11171077936887741,-0.14925120770931244,-0.26953303813934326,0.9447734951972961,1,284788,2366
1786071905,853552058,1,-168.40380859375,110.52348327636719,-349.0926818847656,,,,,,,,,,284789,2366
1786071905,853552058,,,,,5,-1495.89404296875,1021.9076538085938,-775.6342163085938,0.11184493452310562,-0.14930516481399536,-0.270256370306015,0.944542407989502,1,284789,2366
1786071905,861468356,1,-168.33631896972656,110.25743865966797,-349.1283874511719,,,,,,,,,,284790,2366
1786071905,861468356,,,,,5,-1495.8533935546875,1021.9268798828125,-775.6459350585938,0.1119304671883583,-0.1492665559053421,-0.26999688148498535,0.9446125626564026,1,284790,2366
1786071905,870388907,1,-168.4119415283203,110.50003051757812,-349.11376953125,,,,,,,,,,284791,2366
1786071905,870388907,,,,,5,-1495.859619140625,1021.8876953125,-775.6377563476562,0.11217030137777328,-0.14928726851940155,-0.27027276158332825,0.944502055644989,1,284791,2366
1786071905,878414922,1,-168.3873291015625,110.50702667236328,-349.0818176269531,,,,,,,,,,284792,2366
1786071905,878414922,,,,,5,-1495.8709716796875,1021.8966064453125,-775.6405029296875,0.11209886521100998,-0.14913789927959442,-0.26996612548828125,0.944621741771698,1,284792,2366
1786071905,886556447,1,-168.08580017089844,110.63008117675781,-348.8509216308594,,,,,,,,,,284793,2366
1786071905,886556447,,,,,5,-1495.831298828125,1021.8966674804688,-775.6500854492188,0.11207319796085358,-0.14927859604358673,-0.26980239152908325,0.9446492195129395,1,284793,2366
1786071905,895890771,1,-168.3941192626953,110.6822509765625,-349.0959777832031,,,,,,,,,,284794,2366
1786071905,895890771,,,,,5,-1495.7255859375,1021.8311767578125,-775.7108154296875,0.11117344349622726,-0.15019027888774872,-0.26872754096984863,0.9449174404144287,1,284794,2366
1786071905,903354729,1,-168.427490234375,110.72592163085938,-349.0079650878906,,,,,,,,,,284795,2366
1786071905,903354729,,,,,5,-1495.855712890625,1021.8684692382812,-775.6388549804688,0.11202429234981537,-0.14922885596752167,-0.27016589045524597,0.9445589184761047,1,284795,2366
1786071905,912384772,1,-168.4120330810547,110.7839584350586,-349.0513000488281,,,,,,,,,,284796,2366
1786071905,912384772,,,,,5,-1495.862060546875,1021.9069213867188,-775.6707763671875,0.11175643652677536,-0.1493440866470337,-0.26911062002182007,0.9448737502098083,1,284796,2366
1786071905,920225249,1,-168.42990112304688,110.74837493896484,-349.0521545410156,,,,,,,,,,284797,2366
1786071905,920225249,,,,,5,-1495.8519287109375,1021.8939819335938,-775.6483764648438,0.1119937151670456,-0.1492661088705063,-0.26968157291412354,0.9446951746940613,1,284797,2366
1786071905,928488588,1,-168.35118103027344,110.52936553955078,-349.0958557128906,,,,,,,,,,284798,2366
1786071905,928488588,,,,,5,-1495.858154296875,1021.9164428710938,-775.6285400390625,0.11179791390895844,-0.14921696484088898,-0.2699957489967346,0.9446364045143127,1,284798,2366
1786071905,937518600,1,-168.3787384033203,110.52449798583984,-349.0919494628906,,,,,,,,,,284799,2366
1786071905,937518600,,,,,5,-1495.8800048828125,1021.919921875,-775.6206665039062,0.11197984218597412,-0.1493750363588333,-0.26998233795166016,0.944593608379364,1,284799,2366
1786071905,945283286,1,-168.40846252441406,110.4626235961914,-349.1343078613281,,,,,,,,,,284800,2366
1786071905,945283286,,,,,5,-1495.7581787109375,1021.8348999023438,-775.728759765625,0.11141066998243332,-0.15004567801952362,-0.26903510093688965,0.9448249936103821,1,284800,2366
1786071905,953245385,1,-168.42494201660156,110.47492218017578,-349.17071533203125,,,,,,,,,,284801,2366
1786071905,953245385,,,,,5,-1495.9029541015625,1021.9196166992188,-775.6215209960938,0.11171218752861023,-0.14940649271011353,-0.27019941806793213,0.9445583820343018,1,284801,2366
1786071905,962340561,1,-168.3633270263672,110.55259704589844,-349.11407470703125,,,,,,,,,,284802,2366
1786071905,962340561,,,,,5,-1495.8946533203125,1021.9210205078125,-775.6438598632812,0.11192260682582855,-0.14917133748531342,-0.2704761028289795,0.9444913864135742,1,284802,2366
1786071905,970093373,1,-168.35401916503906,110.51558685302734,-349.119140625,,,,,,,,,,284803,2366
1786071905,970093373,,,,,5,-1495.8363037109375,1021.90087890625,-775.6737670898438,0.11167193204164505,-0.14930719137191772,-0.26895540952682495,0.9449337720870972,1,284803,2366
1786071905,978197322,1,-168.35870361328125,110.19573974609375,-349.1563720703125,,,,,,,,,,284804,2366
1786071905,978197322,,,,,5,-1495.7606201171875,1021.8389892578125,-775.697265625,0.11128038167953491,-0.15032395720481873,-0.26899468898773193,0.9448075294494629,1,284804,2366
1786071905,987034305,1,-168.37088012695312,110.4609603881836,-349.0895080566406,,,,,,,,,,284805,2366
1786071905,987034305,,,,,5,-1495.7435302734375,1021.83544921875,-775.7130737304688,0.1111534908413887,-0.14993397891521454,-0.2686806619167328,0.9449737668037415,1,284805,2366
1786071905,995082149,1,-168.35333251953125,110.51538848876953,-349.10455322265625,,,,,,,,,,284806,2366
1786071905,995082149,,,,,5,-1495.760009765625,1021.8321533203125,-775.6911010742188,0.11116041243076324,-0.14983929693698883,-0.2687940299510956,0.9449557065963745,1,284806,2366
1786071906,3111364,1,-168.4008026123047,110.47217559814453,-349.08258056640625,,,,,,,,,,284807,2366
1786071906,3111364,,,,,5,-1495.7352294921875,1021.8419189453125,-775.7183837890625,0.11123146116733551,-0.15007741749286652,-0.2684064507484436,0.9450197815895081,1,284807,2366
1786071906,12073075,1,-168.31578063964844,110.54112243652344,-349.0776672363281,,,,,,,,,,284808,2366
1786071906,12073075,,,,,5,-1495.7613525390625,1021.8023681640625,-775.7282104492188,0.11134156584739685,-0.1500473916530609,-0.26902613043785095,0.944835364818573,1,284808,2366
1786071906,20003680,1,-168.375,110.52616882324219,-349.1163024902344,,,,,,,,,,284809,2366
1786071906,20003680,,,,,5,-1495.88525390625,1021.9237670898438,-775.6677856445312,0.11204402148723602,-0.1489580273628235,-0.26961830258369446,0.9447559714317322,1,284809,2366
1786071906,28003002,1,-168.40394592285156,110.51293182373047,-349.1793518066406,,,,,,,,,,284810,2366
1786071906,28003002,,,,,5,-1495.734619140625,1021.8201293945312,-775.7066040039062,0.11134225130081177,-0.15006673336029053,-0.26906105875968933,0.9448222517967224,1,284810,2366
1786071906,36936035,1,-168.42269897460938,110.19226837158203,-349.2025146484375,,,,,,,,,,284811,2366
1786071906,36936035,,,,,5,-1495.7384033203125,1021.8434448242188,-775.6556396484375,0.11168338358402252,-0.15005727112293243,-0.2697177827358246,0.9445961713790894,1,284811,2366
1786071906,44861104,1,-168.42401123046875,110.78177642822266,-349.0742492675781,,,,,,,,,,284812,2366
1786071906,44861104,,,,,5,-1495.8812255859375,1021.9054565429688,-775.6376342773438,0.11223926395177841,-0.1491854339838028,-0.27022504806518555,0.9445233941078186,1,284812,2366
1786071906,53950262,1,-168.3760986328125,110.56968688964844,-349.11602783203125,,,,,,,,,,284813,2366
1786071906,53950262,,,,,5,-1495.704345703125,1021.8295288085938,-775.7035522460938,0.11133134365081787,-0.15011468529701233,-0.2686702609062195,0.9449269771575928,1,284813,2366
1786071906,61853502,1,-168.374267578125,110.74515533447266,-349.0228576660156,,,,,,,,,,284814,2366
1786071906,61853502,,,,,5,-1495.8553466796875,1021.9125366210938,-775.6383666992188,0.11156690120697021,-0.14926788210868835,-0.26970043778419495,0.9447399377822876,1,284814,2366
1786071906,69821459,1,-168.4313507080078,110.43254089355469,-349.1306457519531,,,,,,,,,,284815,2366
1786071906,69821459,,,,,5,-1495.865234375,1021.9039306640625,-775.662841796875,0.11188695579767227,-0.149175226688385,-0.2695726752281189,0.9447531700134277,1,284815,2366
1786071906,78802085,1,-168.41641235351562,110.79923248291016,-349.01513671875,,,,,,,,,,284816,2366
1786071906,78802085,,,,,5,-1495.8509521484375,1021.9122924804688,-775.6439819335938,0.11201927810907364,-0.14919120073318481,-0.27036139369010925,0.944509744644165,1,284816,2366
1786071906,86668166,1,-168.43698120117188,110.48868560791016,-349.2001953125,,,,,,,,,,284817,2366
1786071906,86668166,,,,,5,-1495.7406005859375,1021.8402709960938,-775.6923828125,0.11144624650478363,-0.1500568985939026,-0.2691795527935028,0.9447778463363647,1,284817,2366
1786071906,94800345,1,-168.4067840576172,110.54150390625,-349.0747375488281,,,,,,,,,,284818,2366
1786071906,94800345,,,,,5,-1495.8487548828125,1021.8902587890625,-775.6483154296875,0.11210411041975021,-0.14929553866386414,-0.2699818015098572,0.9445916414260864,1,284818,2366
1786071906,103767080,1,-168.3855743408203,110.52056884765625,-349.147705078125,,,,,,,,,,284819,2366
1786071906,103767080,,,,,5,-1495.843994140625,1021.8865356445312,-775.6558837890625,0.1119890958070755,-0.14925673604011536,-0.27016395330429077,0.9445593357086182,1,284819,2366
1786071906,111647436,1,-170.8185272216797,108.22220611572266,-350.1221618652344,,,,,,,,,,284820,2366
1786071906,111647436,,,,,5,-1495.8780517578125,1021.96875,-775.5869140625,0.11202899366617203,-0.1491631120443344,-0.2707226872444153,0.9444094300270081,1,284820,2366
1786071906,119697584,1,-168.39447021484375,110.49253845214844,-349.2106628417969,,,,,,,,,,284821,2366
1786071906,119697584,,,,,5,-1495.771484375,1021.8761596679688,-775.7089233398438,0.11204689741134644,-0.14926162362098694,-0.2689879536628723,0.9448872804641724,1,284821,2366
1786071906,128607989,1,-168.3685760498047,110.4676742553711,-349.0960998535156,,,,,,,,,,284822,2366
1786071906,128607989,,,,,5,-1495.8363037109375,1021.8656616210938,-775.716796875,0.11182640492916107,-0.14911334216594696,-0.2688591480255127,0.9449735879898071,1,284822,2366
1786071906,136533601,1,-168.42872619628906,110.54145812988281,-349.05853271484375,,,,,,,,,,284823,2366
1786071906,136533601,,,,,5,-1495.76025390625,1021.8572387695312,-775.7472534179688,0.11148367822170258,-0.14947941899299622,-0.267914742231369,0.9452243447303772,1,284823,2366
1786071906,145762722,1,-168.3544158935547,110.53369903564453,-349.1261291503906,,,,,,,,,,284824,2366
1786071906,145762722,,,,,5,-1495.6688232421875,1021.8170166015625,-775.753173828125,0.1113363727927208,-0.15004339814186096,-0.26757746934890747,0.9452478289604187,1,284824,2366
1786071906,153665514,1,-168.34912109375,110.24585723876953,-349.2319641113281,,,,,,,,,,284825,2366
1786071906,153665514,,,,,5,-1495.673583984375,1021.8013916015625,-775.8070678710938,0.1107969656586647,-0.15014109015464783,-0.26635071635246277,0.9456420540809631,1,284825,2366
1786071906,161487427,1,-168.37347412109375,110.55099487304688,-349.0771179199219,,,,,,,,,,284826,2366
1786071906,161487427,,,,,5,-1495.7911376953125,1021.9094848632812,-775.6869506835938,0.11153751611709595,-0.14949218928813934,-0.26712024211883545,0.9454407691955566,1,284826,2366
1786071906,170599053,1,-168.44668579101562,110.75426483154297,-349.091064453125,,,,,,,,,,284827,2366
1786071906,170599053,,,,,5,-1495.6519775390625,1021.8073120117188,-775.7731323242188,0.11120127886533737,-0.14993737637996674,-0.2673649191856384,0.9453406929969788,1,284827,2366
1786071906,179024759,1,-168.33663940429688,110.48983764648438,-349.1624450683594,,,,,,,,,,284828,2366
1786071906,179024759,,,,,5,-1495.6231689453125,1021.8405151367188,-775.7627563476562,0.11120443791151047,-0.15007829666137695,-0.2671913206577301,0.9453670978546143,1,284828,2366
1786071906,186473034,1,-168.34722900390625,110.25093078613281,-349.20111083984375,,,,,,,,,,284829,2366
1786071906,186473034,,,,,5,-1495.76708984375,1021.9260864257812,-775.640625,0.11190076917409897,-0.149444580078125,-0.2688397765159607,0.9449177980422974,1,284829,2366
1786071906,195668132,1,-168.37889099121094,110.4356460571289,-349.1268615722656,,,,,,,,,,284830,2366
1786071906,195668132,,,,,5,-1495.6749267578125,1021.8699340820312,-775.6986694335938,0.11188308894634247,-0.14989227056503296,-0.2681886553764343,0.9450340270996094,1,284830,2366
1786071906,203540423,1,-168.39378356933594,110.45077514648438,-349.1191101074219,,,,,,,,,,284831,2366
1786071906,203540423,,,,,5,-1495.423828125,1021.9361572265625,-775.6803588867188,0.1119162067770958,-0.15188881754875183,-0.2649596631526947,0.9456220865249634,1,284831,2366
1786071906,211398086,1,-170.53965759277344,108.83169555664062,-349.5572509765625,,,,,,,,,,284832,2366
1786071906,211398086,,,,,5,-1495.6722412109375,1021.9722900390625,-775.6712036132812,0.11283309757709503,-0.14977103471755981,-0.2684548497200012,0.9448646903038025,1,284832,2366
1786071906,220299081,1,-168.33702087402344,110.25116729736328,-349.1342468261719,,,,,,,,,,284833,2366
1786071906,220299081,,,,,5,-1495.675048828125,1021.9708862304688,-775.6898193359375,0.11284246295690536,-0.14974160492420197,-0.26871174573898315,0.9447953701019287,1,284833,2366
1786071906,228320744,1,-168.40243530273438,110.48975372314453,-349.13055419921875,,,,,,,,,,284834,2366
1786071906,228320744,,,,,5,-1495.8114013671875,1022.1028442382812,-775.6538696289062,0.11284387856721878,-0.14961737394332886,-0.27198517322540283,0.943877637386322,1,284834,2366
1786071906,236342150,1,-168.39825439453125,110.79176330566406,-349.0655822753906,,,,,,,,,,284835,2366
1786071906,236342150,,,,,5,-1495.62451171875,1022.0269775390625,-775.6786499023438,0.11213841289281845,-0.15083394944667816,-0.2699353098869324,0.944356381893158,1,284835,2366
1786071906,245274063,1,-168.37347412109375,110.51715087890625,-349.14862060546875,,,,,,,,,,284836,2366
1786071906,245274063,,,,,5,-1495.60107421875,1022.0056762695312,-775.6245727539062,0.11224494874477386,-0.1513305902481079,-0.270484060049057,0.9441072344779968,1,284836,2366
1786071906,253298798,1,-168.39134216308594,110.25311279296875,-349.222412109375,,,,,,,,,,284837,2366
1786071906,253298798,,,,,5,-1495.5921630859375,1022.0418090820312,-775.6273803710938,0.11223999410867691,-0.15109588205814362,-0.26971638202667236,0.9443650245666504,1,284837,2366
1786071906,262791584,1,-168.3866729736328,110.50240325927734,-349.1036071777344,,,,,,,,,,284838,2366
1786071906,262791584,,,,,5,-1495.6405029296875,1022.0408325195312,-775.6566772460938,0.11210256069898605,-0.1511983424425125,-0.2698679566383362,0.9443216323852539,1,284838,2366
1786071906,269731091,1,-168.4375457763672,110.72737884521484,-349.04986572265625,,,,,,,,,,284839,2366
1786071906,269731091,,,,,5,-1495.7750244140625,1022.1310424804688,-775.6213989257812,0.11299443244934082,-0.1499970555305481,-0.2713705599308014,0.9439763426780701,1,284839,2366
1786071906,278140730,1,-168.4387664794922,110.47054290771484,-349.1436767578125,,,,,,,,,,284840,2366
1786071906,278140730,,,,,5,-1495.7462158203125,1022.083984375,-775.6232299804688,0.1126963421702385,-0.15044549107551575,-0.2708472013473511,0.9440909624099731,1,284840,2366
1786071906,287168021,1,-168.3982391357422,110.59207916259766,-349.0657653808594,,,,,,,,,,284841,2366
1786071906,287168021,,,,,5,-1495.7364501953125,1022.1082153320312,-775.6377563476562,0.11308621615171432,-0.1499790996313095,-0.27137312293052673,0.9439674615859985,1,284841,2366
1786071906,295296424,1,-168.37535095214844,110.51914978027344,-349.1160888671875,,,,,,,,,,284842,2366
1786071906,295296424,,,,,5,-1495.750244140625,1022.1099853515625,-775.63671875,0.11304169148206711,-0.1502515822649002,-0.27091148495674133,0.9440620541572571,1,284842,2366
1786071906,303070616,1,-168.3879852294922,110.54138946533203,-349.111083984375,,,,,,,,,,284843,2366
1786071906,303070616,,,,,5,-1495.7900390625,1022.1494140625,-775.649169921875,0.11329294741153717,-0.14958374202251434,-0.2714950442314148,0.9439703822135925,1,284843,2366
1786071906,312075758,1,-168.4252166748047,110.50468444824219,-349.1216125488281,,,,,,,,,,284844,2366
1786071906,312075758,,,,,5,-1495.76953125,1022.1293334960938,-775.6215209960938,0.11298438161611557,-0.15006358921527863,-0.2710466980934143,0.9440599679946899,1,284844,2366
1786071906,319918827,1,-168.459716796875,110.47018432617188,-349.128173828125,,,,,,,,,,284845,2366
1786071906,319918827,,,,,5,-1495.6102294921875,1022.0357666015625,-775.6751708984375,0.11184272170066833,-0.15108107030391693,-0.26911500096321106,0.9445860385894775,1,284845,2366
1786071906,328959752,1,-168.39151000976562,110.7301025390625,-349.0506896972656,,,,,,,,,,284846,2366
1786071906,328959752,,,,,5,-1495.7650146484375,1022.15625,-775.6178588867188,0.11278557032346725,-0.15014077723026276,-0.27053534984588623,0.9442181587219238,1,284846,2366
1786071906,336968292,1,-168.4208526611328,110.44560241699219,-349.1331481933594,,,,,,,,,,284847,2366
1786071906,336968292,,,,,5,-1495.778564453125,1022.1477661132812,-775.6039428710938,0.11268582940101624,-0.15032850205898285,-0.2708282470703125,0.9441161751747131,1,284847,2366
1786071906,345110969,1,-168.38316345214844,110.5365219116211,-349.079345703125,,,,,,,,,,284848,2366
1786071906,345110969,,,,,5,-1495.6298828125,1022.02099609375,-775.6593017578125,0.1122349426150322,-0.15094217658042908,-0.27003881335258484,0.9442980885505676,1,284848,2366
1786071906,354112815,1,-168.356689453125,110.4121322631836,-349.1530456542969,,,,,,,,,,284849,2366
1786071906,354112815,,,,,5,-1495.5985107421875,1022.0164184570312,-775.6945190429688,0.1120741218328476,-0.15127772092819214,-0.26931628584861755,0.9444698691368103,1,284849,2366
1786071906,361990291,1,-168.46612548828125,110.725341796875,-349.0305480957031,,,,,,,,,,284850,2366
1786071906,361990291,,,,,5,-1495.5947265625,1022.0175170898438,-775.6842041015625,0.11188697814941406,-0.15137223899364471,-0.2697235345840454,0.9443606734275818,1,284850,2366
1786071906,369802698,1,-168.3500213623047,110.2239761352539,-349.1929931640625,,,,,,,,,,284851,2366
1786071906,369802698,,,,,5,-1495.6295166015625,1022.0224609375,-775.6403198242188,0.11224176734685898,-0.15106481313705444,-0.2699209451675415,0.9443113803863525,1,284851,2366
1786071906,378828868,1,-168.34129333496094,110.19457244873047,-349.2031555175781,,,,,,,,,,284852,2366
1786071906,378828868,,,,,5,-1495.8094482421875,1022.1383666992188,-775.6439819335938,0.11351743340492249,-0.14953303337097168,-0.27205002307891846,0.9437915682792664,1,284852,2366
1786071906,386758673,1,-168.37319946289062,110.24018859863281,-349.1648254394531,,,,,,,,,,284853,2366
1786071906,386758673,,,,,5,-1495.5625,1022.07080078125,-775.5910034179688,0.11196233332157135,-0.15202094614505768,-0.2673732042312622,0.9449156522750854,1,284853,2366
1786071906,395118255,1,-168.324951171875,110.23775482177734,-349.1568603515625,,,,,,,,,,284854,2366
1786071906,395118255,,,,,5,-1495.6697998046875,1022.02392578125,-775.6997680664062,0.11189305782318115,-0.15066909790039062,-0.2695007622241974,0.9445359706878662,1,284854,2366
1786071906,403736765,1,-168.33786010742188,110.48452758789062,-349.09326171875,,,,,,,,,,284855,2366
1786071906,403736765,,,,,5,-1495.7835693359375,1022.0968627929688,-775.6915893554688,0.11317013949155807,-0.14969545602798462,-0.2720332145690918,0.9438124895095825,1,284855,2366
1786071906,411736888,1,-168.33941650390625,110.2701416015625,-349.1241760253906,,,,,,,,,,284856,2366
1786071906,411736888,,,,,5,-1495.7850341796875,1022.1439819335938,-775.6656494140625,0.11325500160455704,-0.14957334101200104,-0.27207326889038086,0.9438100457191467,1,284856,2366
1786071906,419918484,1,-168.2865447998047,110.30880737304688,-349.106689453125,,,,,,,,,,284857,2366
1786071906,419918484,,,,,5,-1495.6424560546875,1022.0565795898438,-775.7044067382812,0.11187426000833511,-0.15088804066181183,-0.26994043588638306,0.9443777799606323,1,284857,2366
1786071906,428771022,1,-168.45440673828125,110.46726989746094,-349.0870666503906,,,,,,,,,,284858,2366
1786071906,428771022,,,,,5,-1495.8765869140625,1022.1162109375,-775.6769409179688,0.11384072154760361,-0.14847472310066223,-0.2746543288230896,0.9431653022766113,1,284858,2366
1786071906,436685432,1,-170.87217712402344,108.43986511230469,-350.0857849121094,,,,,,,,,,284859,2366
1786071906,436685432,,,,,5,-1495.6712646484375,1022.0442504882812,-775.703857421875,0.11215978860855103,-0.15056602656841278,-0.2713777422904968,0.943983256816864,1,284859,2366
1786071906,445686286,1,-168.33624267578125,110.15489196777344,-349.2047424316406,,,,,,,,,,284860,2366
1786071906,445686286,,,,,5,-1495.7757568359375,1022.0579223632812,-775.6456298828125,0.11306726187467575,-0.14969874918460846,-0.2725782096385956,0.9436668753623962,1,284860,2366
1786071906,453633438,1,-168.35951232910156,110.52057647705078,-349.1156005859375,,,,,,,,,,284861,2367
1786071906,453633438,,,,,5,-1495.6529541015625,1022.0222778320312,-775.7091674804688,0.11219427734613419,-0.15039420127868652,-0.2708006203174591,0.9441721439361572,1,284861,2367
1786071906,462034564,1,-168.41285705566406,110.48798370361328,-349.1481018066406,,,,,,,,,,284862,2367
1786071906,462034564,,,,,5,-1495.7628173828125,1022.0769653320312,-775.6193237304688,0.1132030040025711,-0.14955537021160126,-0.2735363841056824,0.9433962106704712,1,284862,2367
1786071906,470653490,1,-168.3590850830078,110.13043975830078,-349.2003173828125,,,,,,,,,,284863,2367
1786071906,470653490,,,,,5,-1495.8026123046875,1022.14794921875,-775.6393432617188,0.11303053051233292,-0.14957819879055023,-0.2730903923511505,0.9435423612594604,1,284863,2367
1786071906,478983274,1,-168.39962768554688,110.47113800048828,-349.122314453125,,,,,,,,,,284864,2367
1786071906,478983274,,,,,5,-1495.766845703125,1022.06787109375,-775.6431274414062,0.11288952082395554,-0.1496783345937729,-0.2728908061981201,0.943601131439209,1,284864,2367
1786071906,486514189,1,-168.3698272705078,110.22349548339844,-349.2315979003906,,,,,,,,,,284865,2367
1786071906,486514189,,,,,5,-1495.6636962890625,1022.0169067382812,-775.6910400390625,0.11252889782190323,-0.150359645485878,-0.27186450362205505,0.9438320398330688,1,284865,2367
1786071906,495444885,1,-168.3090057373047,110.26551818847656,-349.1650390625,,,,,,,,,,284866,2367
1786071906,495444885,,,,,5,-1495.6484375,1021.9971923828125,-775.6755981445312,0.11240164935588837,-0.15045398473739624,-0.2715398371219635,0.9439256191253662,1,284866,2367
1786071906,503455954,1,-168.36289978027344,110.25237274169922,-349.1470031738281,,,,,,,,,,284867,2367
1786071906,503455954,,,,,5,-1495.7413330078125,1022.0222778320312,-775.7640991210938,0.11202142387628555,-0.1496915966272354,-0.2706964612007141,0.9443341493606567,1,284867,2367
1786071906,511807406,1,-168.38674926757812,110.51423645019531,-349.12200927734375,,,,,,,,,,284868,2367
1786071906,511807406,,,,,5,-1495.6534423828125,1021.974609375,-775.6751098632812,0.111759714782238,-0.15038487315177917,-0.2705874443054199,0.9442864060401917,1,284868,2367
1786071906,520587674,1,-168.3203582763672,110.2477798461914,-349.1687927246094,,,,,,,,,,284869,2367
1786071906,520587674,,,,,5,-1495.5423583984375,1021.8742065429688,-775.7272338867188,0.11075084656476974,-0.15154968202114105,-0.26860374212265015,0.9447851777076721,1,284869,2367
1786071906,528470591,1,-168.29486083984375,110.30824279785156,-349.144287109375,,,,,,,,,,284870,2367
1786071906,528470591,,,,,5,-1495.5413818359375,1021.8843994140625,-775.7955322265625,0.11063190549612045,-0.15150302648544312,-0.2681690752506256,0.9449300765991211,1,284870,2367
1786071906,536472985,1,-168.30909729003906,110.51689147949219,-349.1275329589844,,,,,,,,,,284871,2367
1786071906,536472985,,,,,5,-1495.684814453125,1021.9535522460938,-775.6905517578125,0.11180464923381805,-0.1502791941165924,-0.2712169289588928,0.9441171884536743,1,284871,2367
1786071906,545440713,1,-168.32730102539062,110.44866180419922,-349.1241760253906,,,,,,,,,,284872,2367
1786071906,545440713,,,,,5,-1495.54052734375,1021.8576049804688,-775.7457885742188,0.11078616976737976,-0.1513533592224121,-0.26868438720703125,0.9447895884513855,1,284872,2367
1786071906,553257185,1,-168.3889923095703,110.79069519042969,-349.0242614746094,,,,,,,,,,284873,2367
1786071906,553257185,,,,,5,-1495.6322021484375,1021.8694458007812,-775.7584838867188,0.11162428557872772,-0.1497788280248642,-0.267921507358551,0.9451584219932556,1,284873,2367
1786071906,562347175,1,-168.4246368408203,110.48985290527344,-349.0801696777344,,,,,,,,,,284874,2367
1786071906,562347175,,,,,5,-1495.5269775390625,1021.8141479492188,-775.8290405273438,0.11125504225492477,-0.1499619483947754,-0.268029123544693,0.9451424479484558,1,284874,2367
1786071906,570329150,1,-168.38084411621094,110.5406494140625,-349.0701904296875,,,,,,,,,,284875,2367
1786071906,570329150,,,,,5,-1495.5615234375,1021.8486328125,-775.8099975585938,0.11130545288324356,-0.15043598413467407,-0.2680954039096832,0.9450423717498779,1,284875,2367
1786071906,578442510,1,-168.3646240234375,110.44403076171875,-349.09356689453125,,,,,,,,,,284876,2367
1786071906,578442510,,,,,5,-1495.5447998046875,1021.7989501953125,-775.8318481445312,0.11135687679052353,-0.15027578175067902,-0.2683030366897583,0.9450028538703918,1,284876,2367
1786071906,587249695,1,-168.3661346435547,110.5265884399414,-349.1025695800781,,,,,,,,,,284877,2367
1786071906,587249695,,,,,5,-1495.5634765625,1021.7968139648438,-775.828369140625,0.11144840717315674,-0.1501990705728531,-0.2687053382396698,0.944890022277832,1,284877,2367
1786071906,595191695,1,-168.31704711914062,110.3322982788086,-349.1505432128906,,,,,,,,,,284878,2367
1786071906,595191695,,,,,5,-1495.5330810546875,1021.8204345703125,-775.8239135742188,0.11092236638069153,-0.15048225224018097,-0.2674448490142822,0.9452642798423767,1,284878,2367
1786071906,603297757,1,-168.37283325195312,110.48690795898438,-349.1219177246094,,,,,,,,,,284879,2367
1786071906,603297757,,,,,5,-1495.6396484375,1021.87060546875,-775.7777709960938,0.111808180809021,-0.1495470106601715,-0.2681104242801666,0.9451198577880859,1,284879,2367
1786071906,612247017,1,-168.34898376464844,110.55589294433594,-349.0996398925781,,,,,,,,,,284880,2367
1786071906,612247017,,,,,5,-1495.6375732421875,1021.84521484375,-775.7681274414062,0.11158987134695053,-0.14978241920471191,-0.26861846446990967,0.9449641108512878,1,284880,2367
1786071906,620171413,1,-168.42088317871094,110.49042510986328,-349.1297912597656,,,,,,,,,,284881,2367
1786071906,620171413,,,,,5,-1495.693359375,1021.8743286132812,-775.7885131835938,0.1114988774061203,-0.14942504465579987,-0.268486887216568,0.9450687170028687,1,284881,2367
1786071906,628122374,1,-168.3686065673828,110.46795654296875,-349.117919921875,,,,,,,,,,284882,2367
1786071906,628122374,,,,,5,-1495.5235595703125,1021.8048095703125,-775.7935180664062,0.11143472045660019,-0.1502462774515152,-0.2679908871650696,0.9450868964195251,1,284882,2367
1786071906,637063889,1,-168.40084838867188,110.74037170410156,-349.03155517578125,,,,,,,,,,284883,2367
1786071906,637063889,,,,,5,-1495.6351318359375,1021.89111328125,-775.7470092773438,0.11210796982049942,-0.1494356095790863,-0.26908087730407715,0.9448261260986328,1,284883,2367
1786071906,645015618,1,-168.41824340820312,110.72246551513672,-349.0425109863281,,,,,,,,,,284884,2367
1786071906,645015618,,,,,5,-1495.6351318359375,1021.8160400390625,-775.7963256835938,0.11165826767683029,-0.149698406457901,-0.2687547504901886,0.9449305534362793,1,284884,2367
1786071906,652909673,1,-168.4026336669922,110.2266845703125,-349.11322021484375,,,,,,,,,,284885,2367
1786071906,652909673,,,,,5,-1495.664794921875,1021.8837890625,-775.7544555664062,0.11176101118326187,-0.1494375765323639,-0.26933616399765015,0.9447941780090332,1,284885,2367
1786071906,661991246,1,-168.3855743408203,110.77206420898438,-349.0400085449219,,,,,,,,,,284886,2367
1786071906,661991246,,,,,5,-1495.6295166015625,1021.8798828125,-775.7762451171875,0.11183502525091171,-0.1491907238960266,-0.268513947725296,0.9450584053993225,1,284886,2367
1786071906,670107198,1,-168.40464782714844,110.47681427001953,-349.07086181640625,,,,,,,,,,284887,2367
1786071906,670107198,,,,,5,-1495.5286865234375,1021.7927856445312,-775.8308715820312,0.11111848056316376,-0.15050925314426422,-0.2673843204975128,0.9452542066574097,1,284887,2367
1786071906,678945173,1,-168.3468475341797,110.24007415771484,-349.1725769042969,,,,,,,,,,284888,2367
1786071906,678945173,,,,,5,-1495.635498046875,1021.8544311523438,-775.7406005859375,0.11212310940027237,-0.1492910236120224,-0.2695938050746918,0.9447008967399597,1,284888,2367
1786071906,687329047,1,-168.37759399414062,110.46004486083984,-349.1153564453125,,,,,,,,,,284889,2367
1786071906,687329047,,,,,5,-1495.522705078125,1021.8125,-775.826171875,0.11148840188980103,-0.1503034085035324,-0.26800015568733215,0.945068895816803,1,284889,2367
1786071906,694914116,1,-168.39393615722656,110.49925994873047,-349.110107421875,,,,,,,,,,284890,2367
1786071906,694914116,,,,,5,-1495.5330810546875,1021.8311767578125,-775.7943115234375,0.11135980486869812,-0.150436669588089,-0.2685419023036957,0.9449090361595154,1,284890,2367
1786071906,704337961,1,-170.826171875,107.91500091552734,-350.20318603515625,,,,,,,,,,284891,2367
1786071906,704337961,,,,,5,-1495.4720458984375,1021.8074340820312,-775.8438720703125,0.1114896833896637,-0.15028972923755646,-0.26769834756851196,0.945156455039978,1,284891,2367
1786071906,712102775,1,-168.331298828125,110.26263427734375,-349.15509033203125,,,,,,,,,,284892,2367
1786071906,712102775,,,,,5,-1495.5545654296875,1021.8134765625,-775.8087158203125,0.11112218350172043,-0.15036562085151672,-0.26791006326675415,0.9451276659965515,1,284892,2367
1786071906,719814427,1,-168.35354614257812,110.49029541015625,-349.1390686035156,,,,,,,,,,284893,2367
1786071906,719814427,,,,,5,-1495.6395263671875,1021.8585205078125,-775.7820434570312,0.11175430566072464,-0.14940296113491058,-0.2688211500644684,0.9449470639228821,1,284893,2367
1786071906,729017623,1,-168.3502655029297,110.53789520263672,-349.1056823730469,,,,,,,,,,284894,2367
1786071906,729017623,,,,,5,-1495.5233154296875,1021.8447265625,-775.8040771484375,0.1115819439291954,-0.15031421184539795,-0.26846635341644287,0.9449238181114197,1,284894,2367
1786071906,736854931,1,-168.4320526123047,110.49824523925781,-349.13592529296875,,,,,,,,,,284895,2367
1786071906,736854931,,,,,5,-1495.6295166015625,1021.8494262695312,-775.7621459960938,0.11219409108161926,-0.14934487640857697,-0.2698664367198944,0.9446061849594116,1,284895,2367
1786071906,744721332,1,-168.35313415527344,110.25430297851562,-349.1614990234375,,,,,,,,,,284896,2367
1786071906,744721332,,,,,5,-1495.530029296875,1021.8370361328125,-775.8177490234375,0.11138012260198593,-0.15026064217090607,-0.2680680453777313,0.9450692534446716,1,284896,2367
1786071906,753765138,1,-168.40565490722656,110.47295379638672,-349.09765625,,,,,,,,,,284897,2367
1786071906,753765138,,,,,5,-1495.5211181640625,1021.7750854492188,-775.808349609375,0.11126511543989182,-0.1504538506269455,-0.2680094838142395,0.9450685977935791,1,284897,2367
1786071906,761567751,1,-168.40826416015625,110.72592163085938,-349.0592956542969,,,,,,,,,,284898,2367
1786071906,761567751,,,,,5,-1495.5213623046875,1021.8068237304688,-775.796142578125,0.11154981702566147,-0.1501738429069519,-0.2686494290828705,0.9448980093002319,1,284898,2367
1786071906,770643723,1,-168.46434020996094,110.74352264404297,-349.0551452636719,,,,,,,,,,284899,2367
1786071906,770643723,,,,,5,-1495.553955078125,1021.8475952148438,-775.8446655273438,0.11158578842878342,-0.1500808149576187,-0.2685721218585968,0.9449304342269897,1,284899,2367
1786071906,778632387,1,-170.77651977539062,107.96595001220703,-350.18780517578125,,,,,,,,,,284900,2367
1786071906,778632387,,,,,5,-1495.5791015625,1021.8176879882812,-775.79541015625,0.11141867190599442,-0.15039367973804474,-0.2679422199726105,0.9450790882110596,1,284900,2367
1786071906,786547406,1,-168.39918518066406,110.4940185546875,-349.1048889160156,,,,,,,,,,284901,2367
1786071906,786547406,,,,,5,-1495.640869140625,1021.8851928710938,-775.792724609375,0.11169426888227463,-0.14961008727550507,-0.2684745490550995,0.9450199007987976,1,284901,2367
1786071906,795507804,1,-168.39437866210938,110.47085571289062,-349.15557861328125,,,,,,,,,,284902,2367
1786071906,795507804,,,,,5,-1495.4947509765625,1021.8021850585938,-775.8270874023438,0.11132204532623291,-0.15017583966255188,-0.2678157389163971,0.9451610445976257,1,284902,2367
1786071906,802928041,1,-168.32684326171875,110.29068756103516,-349.1683044433594,,,,,,,,,,284903,2367
1786071906,802928041,,,,,5,-1495.54736328125,1021.8131103515625,-775.8128051757812,0.11172488331794739,-0.1500817835330963,-0.26919424533843994,0.9447367787361145,1,284903,2367
1786071906,811460231,1,-168.33438110351562,110.80006408691406,-349.0333557128906,,,,,,,,,,284904,2367
1786071906,811460231,,,,,5,-1495.6624755859375,1021.8404541015625,-775.7708129882812,0.11219329386949539,-0.1493852585554123,-0.26983708143234253,0.9446082711219788,1,284904,2367
1786071906,820472991,1,-168.36082458496094,110.46916961669922,-349.0800476074219,,,,,,,,,,284905,2367
1786071906,820472991,,,,,5,-1495.5546875,1021.8327026367188,-775.80908203125,0.11111417412757874,-0.1505163311958313,-0.2679566442966461,0.9450914263725281,1,284905,2367
1786071906,828382601,1,-168.37246704101562,110.5406494140625,-349.103271484375,,,,,,,,,,284906,2367
1786071906,828382601,,,,,5,-1495.544921875,1021.8367309570312,-775.8118286132812,0.11156600713729858,-0.15011577308177948,-0.26844239234924316,0.9449639320373535,1,284906,2367
1786071906,836514012,1,-168.3508758544922,110.21263122558594,-349.18310546875,,,,,,,,,,284907,2367
1786071906,836514012,,,,,5,-1495.6473388671875,1021.8756103515625,-775.7946166992188,0.1120104193687439,-0.14945295453071594,-0.2693028748035431,0.9447715878486633,1,284907,2367
1786071906,845497230,1,-168.36782836914062,110.510498046875,-349.0408630371094,,,,,,,,,,284908,2367
1786071906,845497230,,,,,5,-1495.6304931640625,1021.89111328125,-775.788330078125,0.11167018115520477,-0.14948250353336334,-0.2684023976325989,0.9450634121894836,1,284908,2367
1786071906,853434813,1,-168.3876495361328,110.49527740478516,-349.1310729980469,,,,,,,,,,284909,2367
1786071906,853434813,,,,,5,-1495.509765625,1021.8346557617188,-775.8202514648438,0.11124958097934723,-0.150259330868721,-0.267520546913147,0.9452399015426636,1,284909,2367
1786071906,862467833,1,-168.36866760253906,110.52809143066406,-349.0792541503906,,,,,,,,,,284910,2367
1786071906,862467833,,,,,5,-1495.530029296875,1021.7965087890625,-775.8241577148438,0.11156120896339417,-0.15033140778541565,-0.268504798412323,0.9449124932289124,1,284910,2367
1786071906,870362655,1,-168.34120178222656,110.54181671142578,-349.10540771484375,,,,,,,,,,284911,2367
1786071906,870362655,,,,,5,-1495.66455078125,1021.8798828125,-775.7682495117188,0.11188536882400513,-0.14935241639614105,-0.2688140571117401,0.9449416399002075,1,284911,2367
1786071906,878322418,1,-168.4214630126953,110.46610260009766,-349.131103515625,,,,,,,,,,284912,2367
1786071906,878322418,,,,,5,-1495.5413818359375,1021.8211059570312,-775.8302612304688,0.11147908121347427,-0.15023010969161987,-0.2682687044143677,0.9450053572654724,1,284912,2367
1786071906,887461794,1,-168.3433074951172,110.3727798461914,-349.173095703125,,,,,,,,,,284913,2367
1786071906,887461794,,,,,5,-1495.5384521484375,1021.8023681640625,-775.84912109375,0.11128873378038406,-0.15024426579475403,-0.26821091771125793,0.945042073726654,1,284913,2367
1786071906,895559854,1,-168.4694061279297,110.15469360351562,-349.1359558105469,,,,,,,,,,284914,2367
1786071906,895559854,,,,,5,-1495.652099609375,1021.8766479492188,-775.7820434570312,0.11189208179712296,-0.14945419132709503,-0.269055038690567,0.9448560476303101,1,284914,2367
1786071906,903111637,1,-168.34092712402344,110.46688079833984,-349.071533203125,,,,,,,,,,284915,2367
1786071906,903111637,,,,,5,-1495.6402587890625,1021.8724975585938,-775.7601318359375,0.11174231767654419,-0.14975151419639587,-0.26859596371650696,0.9449573159217834,1,284915,2367
1786071906,912179255,1,-168.346435546875,110.6196060180664,-349.04931640625,,,,,,,,,,284916,2367
1786071906,912179255,,,,,5,-1495.535888671875,1021.8386840820312,-775.8128051757812,0.11112070828676224,-0.15055197477340698,-0.2676924169063568,0.9451598525047302,1,284916,2367
1786071906,920088896,1,-168.31765747070312,110.21224212646484,-349.2288513183594,,,,,,,,,,284917,2367
1786071906,920088896,,,,,5,-1495.5301513671875,1021.7991333007812,-775.8470458984375,0.11130012571811676,-0.15015429258346558,-0.2679024636745453,0.9451424479484558,1,284917,2367
1786071906,928061206,1,-168.40208435058594,110.4919204711914,-349.1556091308594,,,,,,,,,,284918,2367
1786071906,928061206,,,,,5,-1495.5205078125,1021.8168334960938,-775.8416748046875,0.11125722527503967,-0.15037964284420013,-0.26751673221588135,0.9452210068702698,1,284918,2367
1786071906,937042888,1,-168.380615234375,110.2214126586914,-349.14849853515625,,,,,,,,,,284919,2367
1786071906,937042888,,,,,5,-1495.652099609375,1021.8428955078125,-775.7714233398438,0.11202257126569748,-0.14952100813388824,-0.2692146301269531,0.9447845816612244,1,284919,2367
1786071906,945078601,1,-168.3701629638672,110.43498229980469,-349.1379089355469,,,,,,,,,,284920,2367
1786071906,945078601,,,,,5,-1495.5347900390625,1021.8224487304688,-775.8357543945312,0.11138489097356796,-0.15022391080856323,-0.2677907645702362,0.9451530575752258,1,284920,2367
1786071906,953042428,1,-168.3707275390625,110.51531982421875,-349.1060791015625,,,,,,,,,,284921,2367
1786071906,953042428,,,,,5,-1495.6463623046875,1021.8397827148438,-775.7899780273438,0.111882783472538,-0.14941176772117615,-0.269032746553421,0.9448702335357666,1,284921,2367
1786071906,962151814,1,-168.35305786132812,110.51020812988281,-349.0746154785156,,,,,,,,,,284922,2367
1786071906,962151814,,,,,5,-1495.512451171875,1021.8088989257812,-775.8225708007812,0.11141694337129593,-0.15035249292850494,-0.2678333520889282,0.9451168179512024,1,284922,2367
1786071906,969995139,1,-168.4259490966797,110.4264144897461,-349.1543884277344,,,,,,,,,,284923,2367
1786071906,969995139,,,,,5,-1495.6561279296875,1021.8818359375,-775.7838134765625,0.1114564761519432,-0.14960721135139465,-0.2683236300945282,0.9450913071632385,1,284923,2367
1786071906,979072775,1,-168.342529296875,110.53557586669922,-349.081787109375,,,,,,,,,,284924,2367
1786071906,979072775,,,,,5,-1495.5118408203125,1021.8113403320312,-775.8153076171875,0.11120299249887466,-0.1505177915096283,-0.26767805218696594,0.9451597332954407,1,284924,2367
1786071906,986958316,1,-168.3562469482422,110.48271942138672,-349.0576171875,,,,,,,,,,284925,2367
1786071906,986958316,,,,,5,-1495.537109375,1021.8322143554688,-775.8175048828125,0.11135045439004898,-0.15035215020179749,-0.2681402564048767,0.9450376629829407,1,284925,2367
1786071906,994910782,1,-168.3516082763672,110.53014373779297,-349.0892333984375,,,,,,,,,,284926,2367
1786071906,994910782,,,,,5,-1495.6605224609375,1021.9000854492188,-775.7537841796875,0.11175405234098434,-0.14960986375808716,-0.26901742815971375,0.9448584318161011,1,284926,2367
1786071907,3939513,1,-170.86553955078125,108.20116424560547,-350.1460266113281,,,,,,,,,,284927,2367
1786071907,3939513,,,,,5,-1495.635986328125,1021.8629150390625,-775.79052734375,0.11162453144788742,-0.14942944049835205,-0.2686505615711212,0.945006787776947,1,284927,2367
1786071907,12186561,1,-168.42340087890625,110.71918487548828,-349.0695495605469,,,,,,,,,,284928,2367
1786071907,12186561,,,,,5,-1495.6483154296875,1021.8707275390625,-775.758056640625,0.11193839460611343,-0.14935898780822754,-0.2688393294811249,0.9449269771575928,1,284928,2367
1786071907,19792946,1,-168.37704467773438,110.7768325805664,-349.0386047363281,,,,,,,,,,284929,2367
1786071907,19792946,,,,,5,-1495.5494384765625,1021.8093872070312,-775.814208984375,0.11122890561819077,-0.1504136323928833,-0.2679583430290222,0.9450938105583191,1,284929,2367
1786071907,28937731,1,-168.33970642089844,110.23737335205078,-349.1593017578125,,,,,,,,,,284930,2367
1786071907,28937731,,,,,5,-1495.5555419921875,1021.8082885742188,-775.8121948242188,0.1112690269947052,-0.1502360999584198,-0.2686721682548523,0.9449145793914795,1,284930,2367
1786071907,36810341,1,-168.2772979736328,110.32303619384766,-349.134033203125,,,,,,,,,,284931,2367
1786071907,36810341,,,,,5,-1495.5419921875,1021.8096923828125,-775.8362426757812,0.1115206852555275,-0.1500803828239441,-0.2685691714286804,0.9449387788772583,1,284931,2367
1786071907,44801150,1,-168.47181701660156,110.70105743408203,-349.0447082519531,,,,,,,,,,284932,2367
1786071907,44801150,,,,,5,-1495.554931640625,1021.8251953125,-775.8433837890625,0.11142200231552124,-0.1499701738357544,-0.26820462942123413,0.9450716972351074,1,284932,2367
1786071907,53749194,1,-168.3111114501953,110.37725830078125,-349.1640930175781,,,,,,,,,,284933,2367
1786071907,53749194,,,,,5,-1495.666259765625,1021.8683471679688,-775.7600708007812,0.1120578944683075,-0.1494358479976654,-0.26985472440719604,0.9446113109588623,1,284933,2367
1786071907,61655410,1,-168.461181640625,110.67279815673828,-349.0324401855469,,,,,,,,,,284934,2367
1786071907,61655410,,,,,5,-1495.632568359375,1021.8712158203125,-775.7593994140625,0.11208295822143555,-0.14930056035518646,-0.26968589425086975,0.9446778893470764,1,284934,2367
1786071907,69662862,1,-168.38320922851562,110.34124755859375,-349.1027526855469,,,,,,,,,,284935,2367
1786071907,69662862,,,,,5,-1495.5323486328125,1021.8158569335938,-775.8355102539062,0.11144542694091797,-0.15011513233184814,-0.268594890832901,0.9449350237846375,1,284935,2367
1786071907,78644864,1,-168.3918914794922,110.41694641113281,-349.10626220703125,,,,,,,,,,284936,2367
1786071907,78644864,,,,,5,-1495.6461181640625,1021.8829345703125,-775.7872314453125,0.11193389445543289,-0.14947088062763214,-0.26918405294418335,0.9448117613792419,1,284936,2367
1786071907,86815610,1,-168.37913513183594,110.72937774658203,-349.0901794433594,,,,,,,,,,284937,2367
1786071907,86815610,,,,,5,-1495.6727294921875,1021.8676147460938,-775.771484375,0.11189033091068268,-0.14938881993293762,-0.2689071297645569,0.9449087381362915,1,284937,2367
1786071907,95709372,1,-168.3342742919922,110.25979614257812,-349.1767272949219,,,,,,,,,,284938,2367
1786071907,95709372,,,,,5,-1495.5396728515625,1021.8477783203125,-775.8363037109375,0.1114511638879776,-0.15014368295669556,-0.2682396173477173,0.9450307488441467,1,284938,2367
1786071907,103561659,1,-168.30772399902344,110.56847381591797,-349.0577087402344,,,,,,,,,,284939,2367
1786071907,103561659,,,,,5,-1495.5443115234375,1021.83056640625,-775.8390502929688,0.11110147833824158,-0.15045131742954254,-0.26739320158958435,0.9452627897262573,1,284939,2367
1786071907,111615871,1,-168.33517456054688,110.19964599609375,-349.15887451171875,,,,,,,,,,284940,2367
1786071907,111615871,,,,,5,-1495.625244140625,1021.8643798828125,-775.7743530273438,0.11216504871845245,-0.14953680336475372,-0.26929864287376404,0.9447413086891174,1,284940,2367
1786071907,120588336,1,-168.35580444335938,110.23007202148438,-349.1400146484375,,,,,,,,,,284941,2367
1786071907,120588336,,,,,5,-1495.6409912109375,1021.8634033203125,-775.7962646484375,0.11166168749332428,-0.14938990771770477,-0.2690274119377136,0.9449014663696289,1,284941,2367
1786071907,128632274,1,-168.37255859375,110.485107421875,-349.13726806640625,,,,,,,,,,284942,2367
1786071907,128632274,,,,,5,-1495.5462646484375,1021.8409423828125,-775.8048095703125,0.11128906905651093,-0.1503523588180542,-0.26831918954849243,0.9449940919876099,1,284942,2367
1786071907,136487858,1,-168.3966522216797,110.77359008789062,-349.07452392578125,,,,,,,,,,284943,2367
1786071907,136487858,,,,,5,-1495.5452880859375,1021.82080078125,-775.8096313476562,0.11135374009609222,-0.1503409743309021,-0.26830175518989563,0.9449931979179382,1,284943,2367
1786071907,145520141,1,-168.45065307617188,110.70358276367188,-349.09490966796875,,,,,,,,,,284944,2367
1786071907,145520141,,,,,5,-1495.6461181640625,1021.8812866210938,-775.78125,0.11208797991275787,-0.14956532418727875,-0.2692650854587555,0.9447554349899292,1,284944,2367
1786071907,153461309,1,-168.35232543945312,110.81243896484375,-349.03399658203125,,,,,,,,,,284945,2367
1786071907,153461309,,,,,5,-1495.5330810546875,1021.82421875,-775.8151245117188,0.11159345507621765,-0.15026743710041046,-0.26848340034484863,0.94492506980896,1,284945,2367
1786071907,161414190,1,-168.430908203125,110.67544555664062,-349.0694885253906,,,,,,,,,,284946,2367
1786071907,161414190,,,,,5,-1495.490234375,1021.7571411132812,-775.795654296875,0.11118406057357788,-0.15041056275367737,-0.2676682472229004,0.945181667804718,1,284946,2367
1786071907,170432903,1,-168.2553253173828,110.9862060546875,-349.3487548828125,,,,,,,,,,284947,2367
1786071907,170432903,,,,,5,-1495.5462646484375,1021.85888671875,-775.865234375,0.11087490618228912,-0.15031185746192932,-0.2667523920536041,0.9454925656318665,1,284947,2367
1786071907,178472489,1,-168.3724365234375,110.4208984375,-349.10870361328125,,,,,,,,,,284948,2367
1786071907,178472489,,,,,5,-1495.6292724609375,1021.8563842773438,-775.7623291015625,0.11177542060613632,-0.14966674149036407,-0.2693248391151428,0.9447594285011292,1,284948,2367
1786071907,186380946,1,-168.37913513183594,110.7177734375,-349.0217590332031,,,,,,,,,,284949,2367
1786071907,186380946,,,,,5,-1495.5169677734375,1021.82470703125,-775.8191528320312,0.11129860579967499,-0.15033511817455292,-0.26827993988990784,0.9450069069862366,1,284949,2367
1786071907,195320476,1,-168.39691162109375,110.47330474853516,-349.115966796875,,,,,,,,,,284950,2367
1786071907,195320476,,,,,5,-1495.6068115234375,1021.8516845703125,-775.8383178710938,0.11186478286981583,-0.14934101700782776,-0.2687506377696991,0.9449638724327087,1,284950,2367
1786071907,203289073,1,-168.80508422851562,110.18310546875,-348.811767578125,,,,,,,,,,284951,2367
1786071907,203289073,,,,,5,-1495.6522216796875,1021.8671875,-775.7562866210938,0.11191696673631668,-0.1495090276002884,-0.2693021595478058,0.9447740912437439,1,284951,2367
1786071907,212257312,1,-168.33677673339844,110.22205352783203,-349.2372741699219,,,,,,,,,,284952,2367
1786071907,212257312,,,,,5,-1495.5361328125,1021.8090209960938,-775.7803344726562,0.11103390902280807,-0.1505824625492096,-0.2683303952217102,0.9449842572212219,1,284952,2367
1786071907,220203089,1,-168.42385864257812,110.70116424560547,-349.0489196777344,,,,,,,,,,284953,2367
1786071907,220203089,,,,,5,-1495.5294189453125,1021.7872924804688,-775.8325805664062,0.11131282150745392,-0.15016628801822662,-0.2685558795928955,0.9449535012245178,1,284953,2367
1786071907,228152193,1,-168.4151153564453,110.36270904541016,-349.14715576171875,,,,,,,,,,284954,2367
1786071907,228152193,,,,,5,-1495.650146484375,1021.8639526367188,-775.7399291992188,0.11137205362319946,-0.14990012347698212,-0.26893937587738037,0.9448798298835754,1,284954,2367
1786071907,237296370,1,-170.87289428710938,108.42401123046875,-350.0926513671875,,,,,,,,,,284955,2367
1786071907,237296370,,,,,5,-1495.6490478515625,1021.8653564453125,-775.7955932617188,0.11182615906000137,-0.14933136105537415,-0.2688470482826233,0.9449425339698792,1,284955,2367
1786071907,245123852,1,-168.33409118652344,110.5374984741211,-349.0371398925781,,,,,,,,,,284956,2367
1786071907,245123852,,,,,5,-1495.5242919921875,1021.7789306640625,-775.8347778320312,0.11140254139900208,-0.15031982958316803,-0.26812544465065,0.945040762424469,1,284956,2367
1786071907,253145034,1,-168.45416259765625,110.70746612548828,-349.0205078125,,,,,,,,,,284957,2367
1786071907,253145034,,,,,5,-1495.633056640625,1021.8515625,-775.7987670898438,0.11177755892276764,-0.1495208889245987,-0.2690623700618744,0.9448569416999817,1,284957,2367
1786071907,262446648,1,-168.44393920898438,110.51318359375,-349.0960693359375,,,,,,,,,,284958,2367
1786071907,262446648,,,,,5,-1495.6507568359375,1021.8487548828125,-775.8062133789062,0.11174137890338898,-0.14949390292167664,-0.26856228709220886,0.9450078010559082,1,284958,2367
1786071907,270078190,1,-168.3818359375,110.48506164550781,-349.1178283691406,,,,,,,,,,284959,2367
1786071907,270078190,,,,,5,-1495.501708984375,1021.7623901367188,-775.8429565429688,0.11119664460420609,-0.1502903550863266,-0.2684240937232971,0.9449849724769592,1,284959,2367
1786071907,279095526,1,-168.3756866455078,110.51713562011719,-349.1171569824219,,,,,,,,,,284960,2367
1786071907,279095526,,,,,5,-1495.61962890625,1021.8203125,-775.8038940429688,0.11160951107740402,-0.14948289096355438,-0.26887431740760803,0.9449364542961121,1,284960,2367
1786071907,286986732,1,-168.39707946777344,110.53185272216797,-349.09381103515625,,,,,,,,,,284961,2367
1786071907,286986732,,,,,5,-1495.5523681640625,1021.8182983398438,-775.8367309570312,0.11117574572563171,-0.15050116181373596,-0.26770922541618347,0.9451566934585571,1,284961,2367
1786071907,294964835,1,-168.42047119140625,110.17465209960938,-349.1521301269531,,,,,,,,,,284962,2367
1786071907,294964835,,,,,5,-1495.5146484375,1021.8088989257812,-775.80322265625,0.11168670654296875,-0.15031664073467255,-0.26807889342308044,0.9450210332870483,1,284962,2367
1786071907,303991101,1,-168.36712646484375,110.2793197631836,-349.20440673828125,,,,,,,,,,284963,2367
1786071907,303991101,,,,,5,-1495.641357421875,1021.8562622070312,-775.7545776367188,0.11175256967544556,-0.14977814257144928,-0.2686583399772644,0.9449341297149658,1,284963,2367
1786071907,312233509,1,-168.37838745117188,110.50983428955078,-349.1049499511719,,,,,,,,,,284964,2367
1786071907,312233509,,,,,5,-1495.6390380859375,1021.8917846679688,-775.7600708007812,0.11163707822561264,-0.14975322782993317,-0.2677870988845825,0.9451990723609924,1,284964,2367
1786071907,319983536,1,-168.42813110351562,110.42623138427734,-349.14190673828125,,,,,,,,,,284965,2367
1786071907,319983536,,,,,5,-1495.5338134765625,1021.8084106445312,-775.8035278320312,0.11151070147752762,-0.15041406452655792,-0.2681519091129303,0.9450055360794067,1,284965,2367
1786071907,329165064,1,-168.42030334472656,110.45997619628906,-349.1238708496094,,,,,,,,,,284966,2367
1786071907,329165064,,,,,5,-1495.6790771484375,1021.8795776367188,-775.73046875,0.11177307367324829,-0.14988644421100616,-0.26906606554985046,0.9447985291481018,1,284966,2367
1786071907,336472160,1,-168.353515625,110.2793960571289,-349.1130676269531,,,,,,,,,,284967,2367
1786071907,336472160,,,,,5,-1495.5377197265625,1021.822265625,-775.8176879882812,0.11149924248456955,-0.15035763382911682,-0.2676973342895508,0.945144772529602,1,284967,2367
1786071907,344973561,1,-168.40415954589844,110.51065063476562,-349.0761413574219,,,,,,,,,,284968,2367
1786071907,344973561,,,,,5,-1495.5526123046875,1021.8129272460938,-775.8153686523438,0.1116252914071083,-0.15034833550453186,-0.2682000398635864,0.9449888467788696,1,284968,2367
1786071907,353983984,1,-168.3199005126953,110.04547882080078,-349.1313171386719,,,,,,,,,,284969,2367
1786071907,353983984,,,,,5,-1495.6190185546875,1021.8555908203125,-775.7678833007812,0.11155764013528824,-0.1497037708759308,-0.26745370030403137,0.945310652256012,1,284969,2367
1786071907,361874134,1,-168.07833862304688,109.60974884033203,-349.2335205078125,,,,,,,,,,284970,2367
1786071907,361874134,,,,,5,-1495.51416015625,1021.8201293945312,-775.8165893554688,0.11149635910987854,-0.15045997500419617,-0.2678646147251129,0.9450814723968506,1,284970,2367
1786071907,369772413,1,-167.8865966796875,109.76728820800781,-349.0425720214844,,,,,,,,,,284971,2367
1786071907,369772413,,,,,5,-1495.642822265625,1021.8370971679688,-775.7813110351562,0.11174143850803375,-0.1496206372976303,-0.2681962549686432,0.9450916647911072,1,284971,2367
1786071907,378820700,1,-167.78973388671875,109.34984588623047,-349.0274353027344,,,,,,,,,,284972,2367
1786071907,378820700,,,,,5,-1495.5108642578125,1021.8132934570312,-775.7886962890625,0.11114775389432907,-0.1505577266216278,-0.26736289262771606,0.9452490210533142,1,284972,2367
1786071907,386703232,1,-167.61245727539062,108.82853698730469,-349.0847473144531,,,,,,,,,,284973,2367
1786071907,386703232,,,,,5,-1495.6217041015625,1021.83935546875,-775.7243041992188,0.1115911453962326,-0.14979273080825806,-0.26780471205711365,0.9451932311058044,1,284973,2367
1786071907,395754111,1,-167.2703399658203,108.03926086425781,-349.2640686035156,,,,,,,,,,284974,2367
1786071907,395754111,,,,,5,-1495.653564453125,1021.8534545898438,-775.734619140625,0.11212696135044098,-0.14954392611980438,-0.268486350774765,0.9449757933616638,1,284974,2367
1786071907,403740215,1,-167.79150390625,109.30228424072266,-348.9638366699219,,,,,,,,,,284975,2367
1786071907,403740215,,,,,5,-1495.646728515625,1021.9088745117188,-775.7438354492188,0.1114427000284195,-0.14969514310359955,-0.2680932283401489,0.9451444149017334,1,284975,2367
1786071907,411609337,1,-168.46800231933594,109.6749496459961,-349.3731384277344,,,,,,,,,,284976,2367
1786071907,411609337,,,,,5,-1495.6475830078125,1021.8932495117188,-775.7654418945312,0.11192933470010757,-0.14950671792030334,-0.2686571776866913,0.9449566006660461,1,284976,2367
1786071907,420597932,1,-168.4473419189453,110.17658996582031,-348.8213806152344,,,,,,,,,,284977,2367
1786071907,420597932,,,,,5,-1495.5118408203125,1021.8259887695312,-775.7840576171875,0.11148685961961746,-0.15051057934761047,-0.26782044768333435,0.9450870156288147,1,284977,2367
1786071907,428663635,1,-168.4182891845703,109.86911010742188,-348.67510986328125,,,,,,,,,,284978,2367
1786071907,428663635,,,,,5,-1495.6285400390625,1021.873046875,-775.7762451171875,0.11211787909269333,-0.1495911031961441,-0.26918190717697144,0.9447715282440186,1,284978,2367
1786071907,436526356,1,-168.39370727539062,109.4878921508789,-348.58544921875,,,,,,,,,,284979,2367
1786071907,436526356,,,,,5,-1495.5235595703125,1021.8277587890625,-775.7890014648438,0.11107823997735977,-0.15074601769447327,-0.2673380970954895,0.9452341198921204,1,284979,2367
1786071907,445546125,1,-167.8784637451172,109.29889678955078,-347.893310546875,,,,,,,,,,284980,2367
1786071907,445546125,,,,,5,-1495.5565185546875,1021.8453979492188,-775.8321533203125,0.11096293479204178,-0.1505305916070938,-0.2666884958744049,0.9454655647277832,1,284980,2367
1786071907,453564779,1,-167.78277587890625,109.25743865966797,-348.4270324707031,,,,,,,,,,284981,2368
1786071907,453564779,,,,,5,-1495.5455322265625,1021.8370361328125,-775.7899780273438,0.1114165335893631,-0.1505538523197174,-0.2678559124469757,0.9450782537460327,1,284981,2368
1786071907,461581864,1,-166.73439025878906,109.4828109741211,-348.49273681640625,,,,,,,,,,284982,2368
1786071907,461581864,,,,,5,-1495.5306396484375,1021.80517578125,-775.8159790039062,0.11100280284881592,-0.15076258778572083,-0.2674519717693329,0.9452081918716431,1,284982,2368
1786071907,470450085,1,-166.7138671875,109.2093276977539,-349.29412841796875,,,,,,,,,,284983,2368
1786071907,470450085,,,,,5,-1495.6400146484375,1021.8766479492188,-775.7604370117188,0.11199453473091125,-0.14956974983215332,-0.26869872212409973,0.9449270963668823,1,284983,2368
1786071907,478449151,1,-165.56825256347656,109.66796875,-350.6658935546875,,,,,,,,,,284984,2368
1786071907,478449151,,,,,5,-1495.5263671875,1021.822265625,-775.8158569335938,0.11077557504177094,-0.15067988634109497,-0.26722952723503113,0.9453110098838806,1,284984,2368
1786071907,486441848,1,-167.62205505371094,106.8456039428711,-353.5249938964844,,,,,,,,,,284985,2368
1786071907,486441848,,,,,5,-1495.64697265625,1021.8240356445312,-775.7561645507812,0.11166962236166,-0.14979398250579834,-0.2686363458633423,0.9449477791786194,1,284985,2368
1786071907,495396741,1,-166.8773956298828,106.99469757080078,-354.38323974609375,,,,,,,,,,284986,2368
1786071907,495396741,,,,,5,-1495.6396484375,1021.8744506835938,-775.807373046875,0.1118251383304596,-0.14968770742416382,-0.2678026258945465,0.9451826810836792,1,284986,2368
1786071907,503423845,1,-163.1673126220703,110.64736938476562,-353.13427734375,,,,,,,,,,284987,2368
1786071907,503423845,,,,,5,-1495.629638671875,1021.8665161132812,-775.7756958007812,0.11169534921646118,-0.14987969398498535,-0.26808038353919983,0.9450889229774475,1,284987,2368
1786071907,512420826,1,-162.08346557617188,110.92987060546875,-353.5681457519531,,,,,,,,,,284988,2368
1786071907,512420826,,,,,5,-1495.5152587890625,1021.7958984375,-775.8090209960938,0.11131085455417633,-0.1504581719636917,-0.26766282320022583,0.9451607465744019,1,284988,2368
1786071907,520308479,1,-161.59344482421875,110.8398666381836,-354.2956237792969,,,,,,,,,,284989,2368
1786071907,520308479,,,,,5,-1495.6434326171875,1021.8676147460938,-775.7832641601562,0.111933134496212,-0.14966706931591034,-0.268192857503891,0.9450625777244568,1,284989,2368
1786071907,528605521,1,-161.33729553222656,108.0842514038086,-356.47100830078125,,,,,,,,,,284990,2368
1786071907,528605521,,,,,5,-1495.642578125,1021.8795166015625,-775.7635498046875,0.11163558810949326,-0.1498306840658188,-0.26806095242500305,0.9451093673706055,1,284990,2368
1786071907,536763177,1,-163.8009490966797,107.45072937011719,-359.0904846191406,,,,,,,,,,284991,2368
1786071907,536763177,,,,,5,-1495.663330078125,1021.87646484375,-775.7272338867188,0.11165672540664673,-0.1498955339193344,-0.2686261236667633,0.9449359774589539,1,284991,2368
1786071907,545227962,1,-160.47145080566406,110.70008850097656,-357.1624755859375,,,,,,,,,,284992,2368
1786071907,545227962,,,,,5,-1495.5167236328125,1021.8048095703125,-775.81494140625,0.11137621849775314,-0.15031276643276215,-0.26776614785194397,0.945146918296814,1,284992,2368
1786071907,553082777,1,-158.74267578125,112.30631256103516,-354.98577880859375,,,,,,,,,,284993,2368
1786071907,553082777,,,,,5,-1495.548828125,1021.8414916992188,-775.8085327148438,0.1113012507557869,-0.150432750582695,-0.2676824629306793,0.9451605081558228,1,284993,2368
1786071907,562208518,1,-158.0532684326172,111.4566650390625,-356.8496398925781,,,,,,,,,,284994,2368
1786071907,562208518,,,,,5,-1495.629150390625,1021.8614501953125,-775.7892456054688,0.11158745735883713,-0.14956067502498627,-0.2678436040878296,0.9452193379402161,1,284994,2368
1786071907,570196671,1,-158.6695098876953,109.63200378417969,-360.4679870605469,,,,,,,,,,284995,2368
1786071907,570196671,,,,,5,-1495.6312255859375,1021.8624877929688,-775.7642211914062,0.11184670031070709,-0.14967189729213715,-0.26883208751678467,0.9448904395103455,1,284995,2368
1786071907,578124651,1,-158.01065063476562,109.94668579101562,-359.85345458984375,,,,,,,,,,284996,2368
1786071907,578124651,,,,,5,-1495.6346435546875,1021.8705444335938,-775.7636108398438,0.1115305945277214,-0.1496838480234146,-0.26789239048957825,0.9451926946640015,1,284996,2368
1786071907,587132866,1,-157.1647186279297,111.72198486328125,-359.31842041015625,,,,,,,,,,284997,2368
1786071907,587132866,,,,,5,-1495.536865234375,1021.8425903320312,-775.82763671875,0.11074929684400558,-0.15071836113929749,-0.266683429479599,0.9454621076583862,1,284997,2368
1786071907,595066960,1,-158.98001098632812,107.48397827148438,-361.0998229980469,,,,,,,,,,284998,2368
1786071907,595066960,,,,,5,-1495.5506591796875,1021.7985229492188,-775.7955932617188,0.11122874170541763,-0.15039049088954926,-0.26789769530296326,0.9451146125793457,1,284998,2368
1786071907,604192286,1,-158.11282348632812,106.78053283691406,-363.19219970703125,,,,,,,,,,284999,2368
1786071907,604192286,,,,,5,-1495.6500244140625,1021.8678588867188,-775.7990112304688,0.11174613982439041,-0.1497311145067215,-0.2681752145290375,0.9450796842575073,1,284999,2368
1786071907,612093477,1,-155.1032257080078,110.62390899658203,-362.28167724609375,,,,,,,,,,285000,2368
1786071907,612093477,,,,,5,-1495.529296875,1021.7963256835938,-775.7921752929688,0.11131296306848526,-0.15060792863368988,-0.2674141824245453,0.9452071189880371,1,285000,2368
1786071907,620059865,1,-154.82508850097656,110.24286651611328,-362.60992431640625,,,,,,,,,,285001,2368
1786071907,620059865,,,,,5,-1495.5198974609375,1021.7963256835938,-775.8157348632812,0.11111099272966385,-0.15063343942165375,-0.2668881416320801,0.9453754425048828,1,285001,2368
1786071907,629232143,1,-154.66690063476562,109.62549591064453,-362.87176513671875,,,,,,,,,,285002,2368
1786071907,629232143,,,,,5,-1495.5357666015625,1021.7877197265625,-775.8409423828125,0.11118383705615997,-0.15055663883686066,-0.2674351930618286,0.9452244639396667,1,285002,2368
1786071907,637225736,1,-153.87130737304688,110.20057678222656,-363.58233642578125,,,,,,,,,,285003,2368
1786071907,637225736,,,,,5,-1495.521728515625,1021.7855834960938,-775.8038940429688,0.111384816467762,-0.1505764275789261,-0.2675376832485199,0.945168673992157,1,285003,2368
1786071907,645246054,1,-247.7433319091797,55.93859100341797,-388.13336181640625,,,,,,,,,,285004,2368
1786071907,645246054,,,,,5,-1495.552978515625,1021.7908325195312,-775.8283081054688,0.11095154285430908,-0.15046781301498413,-0.26698750257492065,0.9453924298286438,1,285004,2368
1786071907,654008079,1,-153.05792236328125,110.00837707519531,-363.98773193359375,,,,,,,,,,285005,2368
1786071907,654008079,,,,,5,-1495.5345458984375,1021.8224487304688,-775.8226318359375,0.11148793995380402,-0.15032343566417694,-0.2674942910671234,0.9452090263366699,1,285005,2368
1786071907,661856429,1,-152.224365234375,109.77584838867188,-364.85772705078125,,,,,,,,,,285006,2368
1786071907,661856429,,,,,5,-1495.665771484375,1021.8790893554688,-775.7811889648438,0.11145101487636566,-0.14989499747753143,-0.2678636312484741,0.945176899433136,1,285006,2368
1786071907,670106198,1,-151.6543731689453,110.14767456054688,-365.16058349609375,,,,,,,,,,285007,2368
1786071907,670106198,,,,,5,-1495.645751953125,1021.8450317382812,-775.776611328125,0.11178281903266907,-0.14974698424339294,-0.26825693249702454,0.9450495839118958,1,285007,2368
1786071907,678978452,1,-150.6528778076172,110.9214096069336,-365.68096923828125,,,,,,,,,,285008,2368
1786071907,678978452,,,,,5,-1495.6314697265625,1021.8449096679688,-775.7670288085938,0.11175192147493362,-0.14969268441200256,-0.26848775148391724,0.9449962973594666,1,285008,2368
1786071907,687197656,1,-150.2897186279297,110.75952911376953,-366.0599670410156,,,,,,,,,,285009,2368
1786071907,687197656,,,,,5,-1495.5140380859375,1021.7926635742188,-775.7933959960938,0.11072658747434616,-0.15060822665691376,-0.26665401458740234,0.9454905390739441,1,285009,2368
1786071907,694820395,1,-150.86105346679688,109.63404846191406,-366.6099853515625,,,,,,,,,,285010,2368
1786071907,694820395,,,,,5,-1495.517578125,1021.8004150390625,-775.8309936523438,0.11110268533229828,-0.15054143965244293,-0.2667178511619568,0.9454390406608582,1,285010,2368
1786071907,704640090,1,-150.38836669921875,110.15512084960938,-367.09759521484375,,,,,,,,,,285011,2368
1786071907,704640090,,,,,5,-1495.623291015625,1021.86865234375,-775.7693481445312,0.1116253137588501,-0.1497199833393097,-0.2680758833885193,0.9451237916946411,1,285011,2368
1786071907,711814970,1,-150.36517333984375,109.32586669921875,-366.87799072265625,,,,,,,,,,285012,2368
1786071907,711814970,,,,,5,-1495.6356201171875,1021.8775634765625,-775.7669677734375,0.11155226826667786,-0.14978407323360443,-0.2679831087589264,0.9451485872268677,1,285012,2368
1786071907,719791088,1,-148.98045349121094,110.29852294921875,-367.7746887207031,,,,,,,,,,285013,2368
1786071907,719791088,,,,,5,-1495.6419677734375,1021.8663940429688,-775.7824096679688,0.11158277839422226,-0.1497272402048111,-0.26804065704345703,0.9451377987861633,1,285013,2368
1786071907,728767969,1,-149.58827209472656,109.51874542236328,-367.91961669921875,,,,,,,,,,285014,2368
1786071907,728767969,,,,,5,-1495.642333984375,1021.8720092773438,-775.7919311523438,0.11156686395406723,-0.14987970888614655,-0.26757943630218506,0.9452460408210754,1,285014,2368
1786071907,736755417,1,-148.68455505371094,109.73319244384766,-368.203369140625,,,,,,,,,,285015,2368
1786071907,736755417,,,,,5,-1495.6640625,1021.8850708007812,-775.7804565429688,0.11198707669973373,-0.1494387537240982,-0.26907581090927124,0.9448413252830505,1,285015,2368
1786071907,745820059,1,-147.98388671875,110.49394226074219,-368.80426025390625,,,,,,,,,,285016,2368
1786071907,745820059,,,,,5,-1495.6162109375,1021.8475952148438,-775.760498046875,0.11187902837991714,-0.14988841116428375,-0.26811209321022034,0.9450569748878479,1,285016,2368
1786071907,753650453,1,-147.52056884765625,110.50074005126953,-369.1993103027344,,,,,,,,,,285017,2368
1786071907,753650453,,,,,5,-1495.6346435546875,1021.8795166015625,-775.7901611328125,0.111321821808815,-0.14984339475631714,-0.2677152752876282,0.9452424049377441,1,285017,2368
1786071907,761559679,1,-147.2267303466797,110.53260040283203,-369.3793640136719,,,,,,,,,,285018,2368
1786071907,761559679,,,,,5,-1495.632080078125,1021.8614501953125,-775.7928466796875,0.1116030141711235,-0.14983126521110535,-0.26779648661613464,0.9451881051063538,1,285018,2368
1786071907,770591258,1,-147.77252197265625,108.91586303710938,-370.0583190917969,,,,,,,,,,285019,2368
1786071907,770591258,,,,,5,-1495.6292724609375,1021.8515014648438,-775.7930908203125,0.11174572259187698,-0.14986029267311096,-0.2678806185722351,0.9451428055763245,1,285019,2368
1786071907,778730031,1,-147.32594299316406,109.5663833618164,-370.06378173828125,,,,,,,,,,285020,2368
1786071907,778730031,,,,,5,-1495.6248779296875,1021.8617553710938,-775.746337890625,0.11154355853796005,-0.14968229830265045,-0.26815468072891235,0.9451171159744263,1,285020,2368
1786071907,786574572,1,-147.03672790527344,109.10971069335938,-370.7507019042969,,,,,,,,,,285021,2368
1786071907,786574572,,,,,5,-1495.6195068359375,1021.8441772460938,-775.7887573242188,0.11158452928066254,-0.14962553977966309,-0.2681330740451813,0.9451274275779724,1,285021,2368
1786071907,795480880,1,-146.343505859375,109.76870727539062,-370.9929504394531,,,,,,,,,,285022,2368
1786071907,795480880,,,,,5,-1495.6380615234375,1021.8502197265625,-775.7435913085938,0.11147752404212952,-0.15008480846881866,-0.2686785161495209,0.9449122548103333,1,285022,2368
1786071907,803567034,1,-145.94061279296875,110.20332336425781,-371.2016296386719,,,,,,,,,,285023,2368
1786071907,803567034,,,,,5,-1495.642333984375,1021.86572265625,-775.7650756835938,0.11158807575702667,-0.14989086985588074,-0.2678435146808624,0.945167064666748,1,285023,2368
1786071907,811484805,1,-145.81149291992188,110.27994537353516,-371.5329284667969,,,,,,,,,,285024,2368
1786071907,811484805,,,,,5,-1495.6622314453125,1021.8749389648438,-775.7760009765625,0.11150949448347092,-0.14973287284374237,-0.26818370819091797,0.9451049566268921,1,285024,2368
1786071907,820477721,1,-146.29039001464844,109.49809265136719,-371.9301452636719,,,,,,,,,,285025,2368
1786071907,820477721,,,,,5,-1495.62109375,1021.8570556640625,-775.7775268554688,0.11171560734510422,-0.14983905851840973,-0.2680045962333679,0.9451146125793457,1,285025,2368
1786071907,828483349,1,-145.965576171875,109.63885498046875,-372.2059020996094,,,,,,,,,,285026,2368
1786071907,828483349,,,,,5,-1495.615478515625,1021.8430786132812,-775.747314453125,0.11146773397922516,-0.14996705949306488,-0.26801198720932007,0.9451214075088501,1,285026,2368
1786071907,837671118,1,-145.98822021484375,109.12921905517578,-372.3935852050781,,,,,,,,,,285027,2368
1786071907,837671118,,,,,5,-1495.6240234375,1021.8692626953125,-775.7860717773438,0.11139293760061264,-0.14986298978328705,-0.2674429714679718,0.9453078508377075,1,285027,2368
1786071907,845415224,1,-144.6987762451172,110.23430633544922,-372.71783447265625,,,,,,,,,,285028,2368
1786071907,845415224,,,,,5,-1495.6107177734375,1021.84423828125,-775.7426147460938,0.11156896501779556,-0.14986126124858856,-0.2682652473449707,0.9450543522834778,1,285028,2368
1786071907,853484863,1,-145.45806884765625,109.13864135742188,-373.4142761230469,,,,,,,,,,285029,2368
1786071907,853484863,,,,,5,-1495.6390380859375,1021.8539428710938,-775.7496948242188,0.11150341480970383,-0.15003211796283722,-0.2681896388530731,0.9450564980506897,1,285029,2368
1786071907,862992500,1,-145.57106018066406,109.03390502929688,-373.18597412109375,,,,,,,,,,285030,2368
1786071907,862992500,,,,,5,-1495.5118408203125,1021.7536010742188,-775.7291870117188,0.11083868891000748,-0.15114930272102356,-0.2673479914665222,0.9451951384544373,1,285030,2368
1786071907,869832853,1,-144.65335083007812,110.15000915527344,-373.81329345703125,,,,,,,,,,285031,2368
1786071907,869832853,,,,,5,-1495.6031494140625,1021.8578491210938,-775.776611328125,0.11148423701524734,-0.14944973587989807,-0.2676205635070801,0.9453122019767761,1,285031,2368
1786071907,878323499,1,-145.41519165039062,108.74737548828125,-374.2214050292969,,,,,,,,,,285032,2368
1786071907,878323499,,,,,5,-1495.6571044921875,1021.884765625,-775.764892578125,0.11129984259605408,-0.1500808596611023,-0.26779043674468994,0.9451860189437866,1,285032,2368
1786071907,887250867,1,-144.64183044433594,109.52324676513672,-374.3603210449219,,,,,,,,,,285033,2368
1786071907,887250867,,,,,5,-1495.6275634765625,1021.8486328125,-775.7647705078125,0.11170869320631027,-0.1497936248779297,-0.26792123913764954,0.9451462030410767,1,285033,2368
1786071907,895532514,1,-144.49642944335938,109.46896362304688,-374.7878112792969,,,,,,,,,,285034,2368
1786071907,895532514,,,,,5,-1495.638671875,1021.8515625,-775.7633666992188,0.11177417635917664,-0.14967545866966248,-0.2687448263168335,0.9449233412742615,1,285034,2368
1786071907,903213985,1,-144.36553955078125,109.60504913330078,-374.977783203125,,,,,,,,,,285035,2368
1786071907,903213985,,,,,5,-1495.525390625,1021.8084106445312,-775.7853393554688,0.11100292205810547,-0.1508091241121292,-0.26729920506477356,0.9452438950538635,1,285035,2368
1786071907,912553590,1,-144.3363037109375,109.58910369873047,-375.2587585449219,,,,,,,,,,285036,2368
1786071907,912553590,,,,,5,-1495.6502685546875,1021.8611450195312,-775.7699584960938,0.11134256422519684,-0.14995941519737244,-0.26816877722740173,0.9450927972793579,1,285036,2368
1786071907,920343945,1,-144.1877899169922,109.78224182128906,-375.7392883300781,,,,,,,,,,285037,2368
1786071907,920343945,,,,,5,-1495.6295166015625,1021.8621215820312,-775.7401733398438,0.11141125857830048,-0.14966970682144165,-0.26757487654685974,0.945298969745636,1,285037,2368
1786071907,928085267,1,-144.45352172851562,109.56787872314453,-376.31243896484375,,,,,,,,,,285038,2368
1786071907,928085267,,,,,5,-1495.6529541015625,1021.9063720703125,-775.7572021484375,0.11134833097457886,-0.1499212384223938,-0.26785385608673096,0.9451876282691956,1,285038,2368
1786071907,937232036,1,-144.3489532470703,109.46775817871094,-376.6343078613281,,,,,,,,,,285039,2368
1786071907,937232036,,,,,5,-1495.506103515625,1021.81982421875,-775.8202514648438,0.11118987947702408,-0.15067939460277557,-0.2668338418006897,0.9453742504119873,1,285039,2368
1786071907,944997395,1,-144.40586853027344,109.489990234375,-377.0744934082031,,,,,,,,,,285040,2368
1786071907,944997395,,,,,5,-1495.50537109375,1021.7958984375,-775.8226928710938,0.11119735240936279,-0.1505698412656784,-0.26704367995262146,0.9453313946723938,1,285040,2368
1786071907,954133218,1,-144.5709686279297,108.97547912597656,-377.0890808105469,,,,,,,,,,285041,2368
1786071907,954133218,,,,,5,-1495.6348876953125,1021.8611450195312,-775.7794799804688,0.1115017682313919,-0.14975731074810028,-0.26788216829299927,0.9451874494552612,1,285041,2368
1786071907,962324096,1,-144.6791534423828,108.6605224609375,-377.2560119628906,,,,,,,,,,285042,2368
1786071907,962324096,,,,,5,-1495.520751953125,1021.7918090820312,-775.8041381835938,0.1113099753856659,-0.15070948004722595,-0.2674240171909332,0.9451884627342224,1,285042,2368
1786071907,969894250,1,-144.33372497558594,109.11654663085938,-377.9874267578125,,,,,,,,,,285043,2368
1786071907,969894250,,,,,5,-1495.493896484375,1021.8217163085938,-775.8284301757812,0.1107386127114296,-0.15053533017635345,-0.26607462763786316,0.9456639289855957,1,285043,2368
1786071907,979029656,1,-143.75015258789062,108.99683380126953,-377.7930603027344,,,,,,,,,,285044,2368
1786071907,979029656,,,,,5,-1495.5570068359375,1021.8251342773438,-775.7825317382812,0.11096587032079697,-0.15088872611522675,-0.2672784924507141,0.9452415704727173,1,285044,2368
1786071907,986919902,1,-143.99229431152344,108.62879180908203,-377.98187255859375,,,,,,,,,,285045,2368
1786071907,986919902,,,,,5,-1495.51220703125,1021.8093872070312,-775.8468017578125,0.11082656681537628,-0.15053679049015045,-0.26658064126968384,0.9455109238624573,1,285045,2368
1786071907,994956863,1,-144.14315795898438,108.04930877685547,-377.99835205078125,,,,,,,,,,285046,2368
1786071907,994956863,,,,,5,-1495.5220947265625,1021.8294067382812,-775.8449096679688,0.11068838089704514,-0.15087102353572845,-0.26652613282203674,0.9454892873764038,1,285046,2368
1786071908,4094959,1,-143.8304443359375,109.30477142333984,-378.9731140136719,,,,,,,,,,285047,2368
1786071908,4094959,,,,,5,-1495.5341796875,1021.8060913085938,-775.8272705078125,0.11102811992168427,-0.1506701111793518,-0.2664750814437866,0.9454957842826843,1,285047,2368
1786071908,11924425,1,-143.96044921875,109.33348083496094,-379.2405700683594,,,,,,,,,,285048,2368
1786071908,11924425,,,,,5,-1495.5201416015625,1021.8103637695312,-775.8056030273438,0.11129255592823029,-0.150482177734375,-0.26750651001930237,0.945203423500061,1,285048,2368
1786071908,19813007,1,-143.99607849121094,109.25689697265625,-379.48931884765625,,,,,,,,,,285049,2368
1786071908,19813007,,,,,5,-1495.656982421875,1021.87646484375,-775.7916259765625,0.11132480949163437,-0.14995227754116058,-0.2679992616176605,0.9451440572738647,1,285049,2368
1786071908,28832488,1,-143.94021606445312,109.28070831298828,-379.5846862792969,,,,,,,,,,285050,2368
1786071908,28832488,,,,,5,-1495.4918212890625,1021.7991333007812,-775.8350219726562,0.11096695810556412,-0.1505293846130371,-0.26677387952804565,0.9454410672187805,1,285050,2368
1786071908,37043306,1,-143.96963500976562,109.71951293945312,-379.8291931152344,,,,,,,,,,285051,2368
1786071908,37043306,,,,,5,-1495.531494140625,1021.7966918945312,-775.8158569335938,0.1111738309264183,-0.15066426992416382,-0.2671402096748352,0.9452919960021973,1,285051,2368
1786071908,44704293,1,-143.84161376953125,110.51582336425781,-380.204833984375,,,,,,,,,,285052,2368
1786071908,44704293,,,,,5,-1495.6392822265625,1021.8566284179688,-775.8062744140625,0.11164730787277222,-0.14983080327510834,-0.26778483390808105,0.9451862573623657,1,285052,2368
1786071908,53772487,1,-143.8668670654297,110.26327514648438,-380.42926025390625,,,,,,,,,,285053,2368
1786071908,53772487,,,,,5,-1495.5123291015625,1021.8108520507812,-775.7662963867188,0.11090546101331711,-0.15062391757965088,-0.26658937335014343,0.9454852938652039,1,285053,2368
1786071908,61761151,1,-144.18756103515625,109.74999237060547,-380.2478332519531,,,,,,,,,,285054,2368
1786071908,61761151,,,,,5,-1495.6312255859375,1021.8939819335938,-775.775390625,0.11102625727653503,-0.14989632368087769,-0.2667196989059448,0.9455499649047852,1,285054,2368
1786071908,70759252,1,-144.31785583496094,109.78083801269531,-380.3475341796875,,,,,,,,,,285055,2368
1786071908,70759252,,,,,5,-1495.5345458984375,1021.7939453125,-775.8213500976562,0.11103888601064682,-0.15053214132785797,-0.26669198274612427,0.9454553127288818,1,285055,2368
1786071908,78731818,1,-144.16038513183594,109.9544448852539,-380.5068054199219,,,,,,,,,,285056,2368
1786071908,78731818,,,,,5,-1495.62109375,1021.8718872070312,-775.82177734375,0.11126979440450668,-0.14980344474315643,-0.2671225666999817,0.9454224109649658,1,285056,2368
1786071908,86608493,1,-144.33523559570312,109.58716583251953,-380.5404357910156,,,,,,,,,,285057,2368
1786071908,86608493,,,,,5,-1495.6365966796875,1021.8439331054688,-775.8019409179688,0.11144325137138367,-0.14984306693077087,-0.267401784658432,0.9453166723251343,1,285057,2368
1786071908,95577693,1,-144.22622680664062,110.48139953613281,-380.85565185546875,,,,,,,,,,285058,2368
1786071908,95577693,,,,,5,-1495.5064697265625,1021.8607788085938,-775.8838500976562,0.11037655919790268,-0.15065313875675201,-0.26506927609443665,0.9459697604179382,1,285058,2368
1786071908,104241363,1,-144.63990783691406,109.4427490234375,-380.6557922363281,,,,,,,,,,285059,2368
1786071908,104241363,,,,,5,-1495.6412353515625,1021.861328125,-775.7923583984375,0.11160615086555481,-0.14970698952674866,-0.2679734230041504,0.9451572299003601,1,285059,2368
1786071908,111470493,1,-144.6044158935547,109.92644500732422,-380.8182067871094,,,,,,,,,,285060,2368
1786071908,111470493,,,,,5,-1495.6761474609375,1021.8723754882812,-775.7802734375,0.11120539903640747,-0.1499522477388382,-0.26751402020454407,0.9452958106994629,1,285060,2368
1786071908,120552098,1,-144.63148498535156,109.77206420898438,-380.9206848144531,,,,,,,,,,285061,2368
1786071908,120552098,,,,,5,-1495.5263671875,1021.8215942382812,-775.7984619140625,0.1111055240035057,-0.1505884975194931,-0.2665770649909973,0.9454709887504578,1,285061,2368
1786071908,128528472,1,-144.8611602783203,109.5022964477539,-380.7691345214844,,,,,,,,,,285062,2368
1786071908,128528472,,,,,5,-1495.6480712890625,1021.8782348632812,-775.790283203125,0.11125670373439789,-0.14974477887153625,-0.26759693026542664,0.9452991485595703,1,285062,2368
1786071908,137719025,1,-148.73948669433594,105.6338119506836,-383.0979309082031,,,,,,,,,,285063,2368
1786071908,137719025,,,,,5,-1495.57421875,1021.83349609375,-775.8202514648438,0.11079216748476028,-0.150775745511055,-0.2667292654514313,0.9454349875450134,1,285063,2368
1786071908,145451834,1,-145.1042938232422,109.56501770019531,-380.7698059082031,,,,,,,,,,285064,2368
1786071908,145451834,,,,,5,-1495.5162353515625,1021.7755737304688,-775.8505859375,0.11069345474243164,-0.15071053802967072,-0.2666078805923462,0.9454910755157471,1,285064,2368
1786071908,153350689,1,-145.19752502441406,109.6160888671875,-380.7346496582031,,,,,,,,,,285065,2368
1786071908,153350689,,,,,5,-1495.5257568359375,1021.8163452148438,-775.81787109375,0.11051632463932037,-0.150620236992836,-0.2665065824985504,0.9455549120903015,1,285065,2368
1786071908,162368922,1,-145.27761840820312,109.50495910644531,-380.7550048828125,,,,,,,,,,285066,2368
1786071908,162368922,,,,,5,-1495.636962890625,1021.8887939453125,-775.7868041992188,0.11132875084877014,-0.14978376030921936,-0.26728951930999756,0.9453714489936829,1,285066,2368
1786071908,170308265,1,-143.98486328125,110.09391784667969,-380.7857360839844,,,,,,,,,,285067,2368
1786071908,170308265,,,,,5,-1495.6087646484375,1021.8539428710938,-775.8070678710938,0.11141891032457352,-0.14966541528701782,-0.2675383687019348,0.9453091025352478,1,285067,2368
1786071908,178362189,1,-144.36744689941406,110.47602081298828,-380.75592041015625,,,,,,,,,,285068,2368
1786071908,178362189,,,,,5,-1495.656494140625,1021.8211059570312,-775.7939453125,0.11164142936468124,-0.1497340053319931,-0.26809701323509216,0.9451136589050293,1,285068,2368
1786071908,187350209,1,-145.6820831298828,109.4666748046875,-380.47955322265625,,,,,,,,,,285069,2368
1786071908,187350209,,,,,5,-1495.541748046875,1021.7902221679688,-775.8292846679688,0.11107120662927628,-0.15054887533187866,-0.266842246055603,0.9454066157341003,1,285069,2368
1786071908,195360221,1,-145.77613830566406,109.39440155029297,-380.3511047363281,,,,,,,,,,285070,2368
1786071908,195360221,,,,,5,-1495.512939453125,1021.7973022460938,-775.8370971679688,0.11100275814533234,-0.15059909224510193,-0.2666914463043213,0.9454491138458252,1,285070,2368
1786071908,203299884,1,-145.87242126464844,109.35063171386719,-380.3438720703125,,,,,,,,,,285071,2368
1786071908,203299884,,,,,5,-1495.640625,1021.8727416992188,-775.7939453125,0.111224465072155,-0.14971324801445007,-0.26685670018196106,0.9455171227455139,1,285071,2368
1786071908,212231573,1,-146.270263671875,109.22262573242188,-380.2052307128906,,,,,,,,,,285072,2368
1786071908,212231573,,,,,5,-1495.5341796875,1021.8230590820312,-775.8252563476562,0.11090073734521866,-0.15057392418384552,-0.26631632447242737,0.9455707669258118,1,285072,2368
1786071908,220166435,1,-145.6177978515625,109.58906555175781,-379.9404602050781,,,,,,,,,,285073,2368
1786071908,220166435,,,,,5,-1495.539306640625,1021.8096923828125,-775.8370971679688,0.11125349998474121,-0.1505771428346634,-0.26714590191841125,0.9452948570251465,1,285073,2368
1786071908,228181120,1,-146.14947509765625,109.61270141601562,-379.963134765625,,,,,,,,,,285074,2368
1786071908,228181120,,,,,5,-1495.6844482421875,1021.9017944335938,-775.7669677734375,0.11136055737733841,-0.1498408317565918,-0.26784971356391907,0.9452000260353088,1,285074,2368
1786071908,237129772,1,-146.63645935058594,109.11582946777344,-379.6311340332031,,,,,,,,,,285075,2368
1786071908,237129772,,,,,5,-1495.5113525390625,1021.8118286132812,-775.8124389648438,0.1107906699180603,-0.15059491991996765,-0.2668202519416809,0.9454382658004761,1,285075,2368
1786071908,245105282,1,-146.68394470214844,109.04532623291016,-379.24493408203125,,,,,,,,,,285076,2368
1786071908,245105282,,,,,5,-1495.550537109375,1021.8224487304688,-775.812255859375,0.11085104197263718,-0.1507667750120163,-0.26712900400161743,0.9453166127204895,1,285076,2368
1786071908,254394797,1,-146.90675354003906,109.62701416015625,-379.1031494140625,,,,,,,,,,285077,2368
1786071908,254394797,,,,,5,-1495.6318359375,1021.8671875,-775.822265625,0.1111971065402031,-0.149859219789505,-0.26705655455589294,0.9454408288002014,1,285077,2368
1786071908,262273041,1,-146.83731079101562,108.29351806640625,-379.12847900390625,,,,,,,,,,285078,2368
1786071908,262273041,,,,,5,-1495.6392822265625,1021.8605346679688,-775.8043823242188,0.11147043853998184,-0.14990293979644775,-0.2674770951271057,0.9452826976776123,1,285078,2368
1786071908,270071621,1,-146.60888671875,108.80036163330078,-379.145751953125,,,,,,,,,,285079,2368
1786071908,270071621,,,,,5,-1495.5091552734375,1021.8010864257812,-775.8348999023438,0.11100246757268906,-0.1505931317806244,-0.2669365406036377,0.9453809261322021,1,285079,2368
1786071908,279087966,1,-146.91439819335938,109.50174713134766,-378.9755554199219,,,,,,,,,,285080,2368
1786071908,279087966,,,,,5,-1495.55224609375,1021.8184814453125,-775.818359375,0.11073946207761765,-0.15075311064720154,-0.26704707741737366,0.9453550577163696,1,285080,2368
1786071908,287152068,1,-146.85337829589844,109.6817626953125,-378.82275390625,,,,,,,,,,285081,2368
1786071908,287152068,,,,,5,-1495.6297607421875,1021.8634033203125,-775.8038940429688,0.1114252507686615,-0.1497826874256134,-0.2676968574523926,0.9452449083328247,1,285081,2368
1786071908,294887309,1,-146.93927001953125,109.11155700683594,-378.8190002441406,,,,,,,,,,285082,2368
1786071908,294887309,,,,,5,-1495.5113525390625,1021.8181762695312,-775.8418579101562,0.1110391691327095,-0.15044932067394257,-0.2668192982673645,0.9454326033592224,1,285082,2368
1786071908,304435273,1,-147.01902770996094,109.52372741699219,-378.5313415527344,,,,,,,,,,285083,2368
1786071908,304435273,,,,,5,-1495.633056640625,1021.861328125,-775.7810668945312,0.11141061782836914,-0.14984221756458282,-0.26798686385154724,0.9451550841331482,1,285083,2368
1786071908,311972141,1,-147.1165008544922,109.6667251586914,-378.3663635253906,,,,,,,,,,285084,2368
1786071908,311972141,,,,,5,-1495.5213623046875,1021.8165893554688,-775.8493041992188,0.1109110489487648,-0.15060730278491974,-0.2665312886238098,0.9455037713050842,1,285084,2368
1786071908,319981129,1,-147.1527862548828,109.88169860839844,-378.2778625488281,,,,,,,,,,285085,2368
1786071908,319981129,,,,,5,-1495.6326904296875,1021.87255859375,-775.7816162109375,0.11132308840751648,-0.14971542358398438,-0.2671162486076355,0.9454318881034851,1,285085,2368
1786071908,329025127,1,-147.3224639892578,109.51136779785156,-377.9802551269531,,,,,,,,,,285086,2368
1786071908,329025127,,,,,5,-1495.641845703125,1021.86083984375,-775.8240356445312,0.11144407093524933,-0.1496773362159729,-0.2677542567253113,0.9452431201934814,1,285086,2368
1786071908,337121843,1,-147.4632110595703,110.01502227783203,-377.8193359375,,,,,,,,,,285087,2368
1786071908,337121843,,,,,5,-1495.5316162109375,1021.8341064453125,-775.8171997070312,0.11128277331590652,-0.15036839246749878,-0.2670120298862457,0.945362389087677,1,285087,2368
1786071908,344739174,1,-148.00253295898438,109.54862976074219,-377.50775146484375,,,,,,,,,,285088,2368
1786071908,344739174,,,,,5,-1495.5294189453125,1021.8396606445312,-775.8190307617188,0.11097467690706253,-0.15047211945056915,-0.2663745880126953,0.9455618858337402,1,285088,2368
1786071908,354511756,1,-148.25204467773438,109.83747863769531,-377.56634521484375,,,,,,,,,,285089,2368
1786071908,354511756,,,,,5,-1495.5123291015625,1021.7902221679688,-775.759765625,0.11090873181819916,-0.1506790816783905,-0.26705145835876465,0.9453457593917847,1,285089,2368
1786071908,361756089,1,-148.17637634277344,109.7754898071289,-377.25927734375,,,,,,,,,,285090,2368
1786071908,361756089,,,,,5,-1495.646484375,1021.8851928710938,-775.7689208984375,0.11096005886793137,-0.14989162981510162,-0.26730889081954956,0.9453921914100647,1,285090,2368
1786071908,370248720,1,-148.40037536621094,109.84310913085938,-377.3369140625,,,,,,,,,,285091,2368
1786071908,370248720,,,,,5,-1495.5230712890625,1021.8185424804688,-775.8283081054688,0.11119646579027176,-0.15053361654281616,-0.26710787415504456,0.9453192949295044,1,285091,2368
1786071908,378840249,1,-148.5902862548828,110.0990982055664,-377.0852355957031,,,,,,,,,,285092,2368
1786071908,378840249,,,,,5,-1495.5341796875,1021.81640625,-775.7848510742188,0.11097624152898788,-0.15060818195343018,-0.26711878180503845,0.9453300833702087,1,285092,2368
1786071908,386780936,1,-148.56468200683594,109.91380310058594,-377.0573425292969,,,,,,,,,,285093,2368
1786071908,386780936,,,,,5,-1495.5416259765625,1021.7987670898438,-775.8080444335938,0.11113943159580231,-0.15069283545017242,-0.2666511833667755,0.9454294443130493,1,285093,2368
1786071908,396034125,1,-148.60150146484375,109.59117126464844,-377.0050048828125,,,,,,,,,,285094,2368
1786071908,396034125,,,,,5,-1495.5107421875,1021.7951049804688,-775.8306274414062,0.11132893711328506,-0.15068289637565613,-0.2671736776828766,0.9452611804008484,1,285094,2368
1786071908,403522087,1,-148.73899841308594,109.42916870117188,-377.04571533203125,,,,,,,,,,285095,2368
1786071908,403522087,,,,,5,-1495.5191650390625,1021.8104858398438,-775.8334350585938,0.11115937680006027,-0.1505158543586731,-0.26725369691848755,0.9452851414680481,1,285095,2368
1786071908,411695298,1,-149.1597900390625,109.08247375488281,-376.6185607910156,,,,,,,,,,285096,2368
1786071908,411695298,,,,,5,-1495.5262451171875,1021.8212890625,-775.8366088867188,0.11097857356071472,-0.15058554708957672,-0.26631036400794983,0.945561408996582,1,285096,2368
1786071908,420753955,1,-149.23719787597656,109.588134765625,-376.435546875,,,,,,,,,,285097,2368
1786071908,420753955,,,,,5,-1495.6307373046875,1021.8796997070312,-775.7796630859375,0.11146155744791031,-0.14971745014190674,-0.267604261636734,0.9452773332595825,1,285097,2368
1786071908,428818953,1,-149.32400512695312,108.78669738769531,-376.6546936035156,,,,,,,,,,285098,2368
1786071908,428818953,,,,,5,-1495.6422119140625,1021.8526611328125,-775.7792358398438,0.1117250993847847,-0.14986716210842133,-0.26772770285606384,0.9451874494552612,1,285098,2368
1786071908,436627456,1,-149.11415100097656,109.60118103027344,-376.4697570800781,,,,,,,,,,285099,2368
1786071908,436627456,,,,,5,-1495.5357666015625,1021.8214721679688,-775.8096313476562,0.11054486781358719,-0.15101735293865204,-0.26600325107574463,0.945629894733429,1,285099,2368
1786071908,445611186,1,-149.1054229736328,109.44557189941406,-376.5921325683594,,,,,,,,,,285100,2368
1786071908,445611186,,,,,5,-1495.4739990234375,1021.8126220703125,-775.8170166015625,0.11121997982263565,-0.15038123726844788,-0.2670353055000305,0.9453612565994263,1,285100,2368
1786071908,453794959,1,-149.30833435058594,109.62397766113281,-376.44598388671875,,,,,,,,,,285101,2369
1786071908,453794959,,,,,5,-1495.5220947265625,1021.8273315429688,-775.8009643554688,0.11092768609523773,-0.1505601704120636,-0.26667794585227966,0.9454680681228638,1,285101,2369
1786071908,461477998,1,-149.3103485107422,109.35787963867188,-376.5042724609375,,,,,,,,,,285102,2369
1786071908,461477998,,,,,5,-1495.6038818359375,1021.8740234375,-775.76318359375,0.11152608692646027,-0.14965620636940002,-0.2677542269229889,0.9452368021011353,1,285102,2369
1786071908,470500808,1,-149.2894287109375,109.5206069946289,-376.4457702636719,,,,,,,,,,285103,2369
1786071908,470500808,,,,,5,-1495.6331787109375,1021.8611450195312,-775.8109741210938,0.11122708767652512,-0.14964577555656433,-0.2671350836753845,0.9454488754272461,1,285103,2369
1786071908,478475165,1,-149.5546112060547,109.41155242919922,-376.0074768066406,,,,,,,,,,285104,2369
1786071908,478475165,,,,,5,-1495.51416015625,1021.7830200195312,-775.8353271484375,0.11105408519506454,-0.1506877839565277,-0.26675471663475037,0.9454110860824585,1,285104,2369
1786071908,486526753,1,-148.80422973632812,110.09386444091797,-376.0237121582031,,,,,,,,,,285105,2369
1786071908,486526753,,,,,5,-1495.5179443359375,1021.7737426757812,-775.7977905273438,0.11140768975019455,-0.15055526793003082,-0.26748713850975037,0.9451835751533508,1,285105,2369
1786071908,495856373,1,-148.86424255371094,110.16531372070312,-375.7425842285156,,,,,,,,,,285106,2369
1786071908,495856373,,,,,5,-1495.638916015625,1021.8619995117188,-775.7698364257812,0.11158809065818787,-0.14985689520835876,-0.2676166296005249,0.9452366232872009,1,285106,2369
1786071908,503763934,1,-149.75306701660156,109.00653839111328,-376.29901123046875,,,,,,,,,,285107,2369
1786071908,503763934,,,,,5,-1495.5306396484375,1021.8228759765625,-775.8027954101562,0.11118315905332565,-0.15069155395030975,-0.2671191394329071,0.9452924132347107,1,285107,2369
1786071908,512623161,1,-148.1371612548828,110.40535736083984,-375.0987548828125,,,,,,,,,,285108,2369
1786071908,512623161,,,,,5,-1495.626220703125,1021.8627319335938,-775.793212890625,0.11148914694786072,-0.14965030550956726,-0.2677996754646301,0.9452293515205383,1,285108,2369
1786071908,520492283,1,-149.7361297607422,109.52967071533203,-376.6621398925781,,,,,,,,,,285109,2369
1786071908,520492283,,,,,5,-1495.6229248046875,1021.861328125,-775.7813720703125,0.1113281175494194,-0.14963936805725098,-0.2674037218093872,0.9453620314598083,1,285109,2369
1786071908,528347098,1,-149.30227661132812,109.94235229492188,-376.77569580078125,,,,,,,,,,285110,2369
1786071908,528347098,,,,,5,-1495.64501953125,1021.8505859375,-775.7771606445312,0.11153210699558258,-0.14975354075431824,-0.26754212379455566,0.9452808499336243,1,285110,2369
1786071908,537476648,1,-149.41172790527344,109.76492309570312,-376.7801513671875,,,,,,,,,,285111,2369
1786071908,537476648,,,,,5,-1495.66064453125,1021.8869018554688,-775.7774047851562,0.11138228327035904,-0.1498447060585022,-0.2682241201400757,0.945090651512146,1,285111,2369
1786071908,545287935,1,-150.10794067382812,108.98314666748047,-376.5474853515625,,,,,,,,,,285112,2369
1786071908,545287935,,,,,5,-1495.530517578125,1021.8001098632812,-775.8036499023438,0.11124193668365479,-0.15058666467666626,-0.26723840832710266,0.9452685713768005,1,285112,2369
1786071908,553435508,1,-149.36265563964844,110.03024291992188,-376.8369445800781,,,,,,,,,,285113,2369
1786071908,553435508,,,,,5,-1495.64404296875,1021.9044799804688,-775.7763061523438,0.11136642098426819,-0.1499502807855606,-0.26774850487709045,0.9452106356620789,1,285113,2369
1786071908,562614988,1,-149.8677520751953,109.54998016357422,-376.76507568359375,,,,,,,,,,285114,2369
1786071908,562614988,,,,,5,-1495.6292724609375,1021.85595703125,-775.7820434570312,0.11145517230033875,-0.14976511895656586,-0.26716241240501404,0.9453954696655273,1,285114,2369
1786071908,570305452,1,-149.4720916748047,109.8587646484375,-376.8885192871094,,,,,,,,,,285115,2369
1786071908,570305452,,,,,5,-1495.6370849609375,1021.8508911132812,-775.795166015625,0.11180763691663742,-0.14981865882873535,-0.2680117189884186,0.9451048374176025,1,285115,2369
1786071908,578155306,1,-149.4925994873047,109.63386535644531,-376.9031982421875,,,,,,,,,,285116,2369
1786071908,578155306,,,,,5,-1495.4989013671875,1021.8048095703125,-775.8252563476562,0.11107601225376129,-0.15069088339805603,-0.26658740639686584,0.9454551935195923,1,285116,2369
1786071908,587488574,1,-149.9102783203125,109.58001708984375,-376.83367919921875,,,,,,,,,,285117,2369
1786071908,587488574,,,,,5,-1495.6346435546875,1021.8709106445312,-775.774658203125,0.11159162223339081,-0.14978750050067902,-0.2675815522670746,0.9452571272850037,1,285117,2369
1786071908,595058920,1,-149.7572784423828,109.2280044555664,-376.7842102050781,,,,,,,,,,285118,2369
1786071908,595058920,,,,,5,-1495.6329345703125,1021.8621215820312,-775.7449340820312,0.11178091913461685,-0.1500038355588913,-0.26856347918510437,0.9449220299720764,1,285118,2369
1786071908,603184058,1,-149.68878173828125,109.50296783447266,-376.961669921875,,,,,,,,,,285119,2369
1786071908,603184058,,,,,5,-1495.4871826171875,1021.7902221679688,-775.8102416992188,0.11118064075708389,-0.1503911316394806,-0.2673434615135193,0.9452771544456482,1,285119,2369
1786071908,612213205,1,-150.03225708007812,109.57601165771484,-377.0316162109375,,,,,,,,,,285120,2369
1786071908,612213205,,,,,5,-1495.6346435546875,1021.8939819335938,-775.7371215820312,0.11152590066194534,-0.14991313219070435,-0.26793330907821655,0.9451454281806946,1,285120,2369
1786071908,620142242,1,-149.59103393554688,109.69585418701172,-377.03265380859375,,,,,,,,,,285121,2369
1786071908,620142242,,,,,5,-1495.5333251953125,1021.8140869140625,-775.8283081054688,0.11120568215847015,-0.15056230127811432,-0.26697999238967896,0.9453497529029846,1,285121,2369
1786071908,629665209,1,-149.5259552001953,109.98347473144531,-377.25701904296875,,,,,,,,,,285122,2369
1786071908,629665209,,,,,5,-1495.5223388671875,1021.8148803710938,-775.8098754882812,0.11105941981077194,-0.15053997933864594,-0.26694878935813904,0.9453791975975037,1,285122,2369
1786071908,636966097,1,-149.82029724121094,109.09271240234375,-377.05706787109375,,,,,,,,,,285123,2369
1786071908,636966097,,,,,5,-1495.5506591796875,1021.8046875,-775.8137817382812,0.11107847094535828,-0.15052859485149384,-0.2670608162879944,0.9453471899032593,1,285123,2369
1786071908,644928932,1,-150.47547912597656,108.53289794921875,-376.9560241699219,,,,,,,,,,285124,2369
1786071908,644928932,,,,,5,-1495.5286865234375,1021.7989501953125,-775.8595581054688,0.11082630604505539,-0.15063722431659698,-0.2666769027709961,0.9454677700996399,1,285124,2369
1786071908,654603832,1,-149.81393432617188,109.01927947998047,-377.219482421875,,,,,,,,,,285125,2369
1786071908,654603832,,,,,5,-1495.6251220703125,1021.8690795898438,-775.7974853515625,0.11152315884828568,-0.14989373087882996,-0.2675347924232483,0.9452616572380066,1,285125,2369
1786071908,662007875,1,-149.81143188476562,109.06319427490234,-377.24786376953125,,,,,,,,,,285126,2369
1786071908,662007875,,,,,5,-1495.529541015625,1021.8117065429688,-775.8005981445312,0.11156986653804779,-0.15055130422115326,-0.2679876685142517,0.9450232982635498,1,285126,2369
1786071908,669927342,1,-149.77410888671875,109.3083267211914,-377.4869079589844,,,,,,,,,,285127,2369
1786071908,669927342,,,,,5,-1495.5238037109375,1021.8068237304688,-775.8506469726562,0.11118892580270767,-0.15054935216903687,-0.2673698365688324,0.9452435970306396,1,285127,2369
1786071908,678818287,1,-149.7939453125,109.05328369140625,-377.3938293457031,,,,,,,,,,285128,2369
1786071908,678818287,,,,,5,-1495.538818359375,1021.8203125,-775.7836303710938,0.11122877895832062,-0.15057438611984253,-0.2676418423652649,0.9451577663421631,1,285128,2369
1786071908,686709749,1,-149.80067443847656,108.8894271850586,-377.43780517578125,,,,,,,,,,285129,2369
1786071908,686709749,,,,,5,-1495.6336669921875,1021.8624877929688,-775.7694702148438,0.11137011647224426,-0.1496560126543045,-0.2675444483757019,0.9453146457672119,1,285129,2369
1786071908,695760436,1,-149.80108642578125,109.19801330566406,-377.4598693847656,,,,,,,,,,285130,2369
1786071908,695760436,,,,,5,-1495.5037841796875,1021.7979736328125,-775.8423461914062,0.11117307841777802,-0.1506267637014389,-0.26700925827026367,0.9453349709510803,1,285130,2369
1786071908,704373954,1,-149.8716583251953,108.56928253173828,-377.4573974609375,,,,,,,,,,285131,2369
1786071908,704373954,,,,,5,-1495.61181640625,1021.8603515625,-775.7526245117188,0.11162766069173813,-0.14977429807186127,-0.26788172125816345,0.9451699256896973,1,285131,2369
1786071908,711652501,1,-149.77708435058594,109.12108612060547,-377.5765686035156,,,,,,,,,,285132,2369
1786071908,711652501,,,,,5,-1495.6239013671875,1021.8601684570312,-775.7802124023438,0.11174053698778152,-0.14975886046886444,-0.2681838572025299,0.9450734853744507,1,285132,2369
1786071908,721181101,1,-149.79061889648438,108.88811492919922,-377.60675048828125,,,,,,,,,,285133,2369
1786071908,721181101,,,,,5,-1495.649658203125,1021.8863525390625,-775.769287109375,0.11126068979501724,-0.1499653458595276,-0.26756587624549866,0.9452725052833557,1,285133,2369
1786071908,728729683,1,-150.3612518310547,108.53009033203125,-377.3922119140625,,,,,,,,,,285134,2369
1786071908,728729683,,,,,5,-1495.5057373046875,1021.7936401367188,-775.8162231445312,0.11124394834041595,-0.15060549974441528,-0.26711127161979675,0.9453012347221375,1,285134,2369
1786071908,736581490,1,-149.88414001464844,109.4897232055664,-377.9102478027344,,,,,,,,,,285135,2369
1786071908,736581490,,,,,5,-1495.5401611328125,1021.8516845703125,-775.8201293945312,0.11099118739366531,-0.1506788730621338,-0.266928106546402,0.9453710317611694,1,285135,2369
1786071908,745537887,1,-150.2655792236328,108.54588317871094,-377.4539489746094,,,,,,,,,,285136,2369
1786071908,745537887,,,,,5,-1495.6302490234375,1021.8654174804688,-775.76611328125,0.11173412203788757,-0.14976204931735992,-0.2684057354927063,0.9450107216835022,1,285136,2369
1786071908,753433702,1,-150.1515655517578,108.40514373779297,-377.59039306640625,,,,,,,,,,285137,2369
1786071908,753433702,,,,,5,-1495.5040283203125,1021.7985229492188,-775.8562622070312,0.11099229753017426,-0.15037670731544495,-0.26667332649230957,0.945490837097168,1,285137,2369
1786071908,761422686,1,-150.1061553955078,108.90695190429688,-377.7589111328125,,,,,,,,,,285138,2369
1786071908,761422686,,,,,5,-1495.5614013671875,1021.8441772460938,-775.8124389648438,0.11094028502702713,-0.15065030753612518,-0.26701122522354126,0.9453580379486084,1,285138,2369
1786071908,770720172,1,-150.24415588378906,108.47444152832031,-377.62982177734375,,,,,,,,,,285139,2369
1786071908,770720172,,,,,5,-1495.6474609375,1021.88525390625,-775.75830078125,0.11143691837787628,-0.14991645514965057,-0.2681226134300232,0.9451016783714294,1,285139,2369
1786071908,778420014,1,-150.00823974609375,108.87076568603516,-377.71258544921875,,,,,,,,,,285140,2369
1786071908,778420014,,,,,5,-1495.635009765625,1021.8700561523438,-775.7669677734375,0.11162187159061432,-0.1498337686061859,-0.26743170619010925,0.9452887177467346,1,285140,2369
1786071908,786420616,1,-149.86802673339844,108.80274963378906,-377.75311279296875,,,,,,,,,,285141,2369
1786071908,786420616,,,,,5,-1495.6402587890625,1021.8554077148438,-775.7846069335938,0.11142688244581223,-0.14981739223003387,-0.2672724723815918,0.9453593492507935,1,285141,2369
1786071908,795339919,1,-149.8678436279297,108.63957214355469,-377.7500305175781,,,,,,,,,,285142,2369
1786071908,795339919,,,,,5,-1495.536376953125,1021.8054809570312,-775.8428955078125,0.11098602414131165,-0.15046240389347076,-0.26666733622550964,0.9454795122146606,1,285142,2369
1786071908,803507048,1,-149.58868408203125,109.61935424804688,-378.00482177734375,,,,,,,,,,285143,2369
1786071908,803507048,,,,,5,-1495.6319580078125,1021.85595703125,-775.7802124023438,0.11151880025863647,-0.14989148080348969,-0.26745057106018066,0.9452864527702332,1,285143,2369
1786071908,812400330,1,-149.46749877929688,109.31781005859375,-377.8591003417969,,,,,,,,,,285144,2369
1786071908,812400330,,,,,5,-1495.519287109375,1021.8336181640625,-775.8330688476562,0.11062713712453842,-0.15053501725196838,-0.26657524704933167,0.9455360770225525,1,285144,2369
1786071908,820398788,1,-149.3756561279297,109.45602416992188,-377.9558410644531,,,,,,,,,,285145,2369
1786071908,820398788,,,,,5,-1495.646484375,1021.8621215820312,-775.753173828125,0.11183740943670273,-0.1498853862285614,-0.2682339549064636,0.9450277090072632,1,285145,2369
1786071908,828259908,1,-149.6721649169922,109.10502624511719,-377.6609191894531,,,,,,,,,,285146,2369
1786071908,828259908,,,,,5,-1495.5032958984375,1021.79052734375,-775.806884765625,0.1113940179347992,-0.15050655603408813,-0.2676476836204529,0.945147693157196,1,285146,2369
1786071908,837642753,1,-149.48907470703125,108.86820220947266,-377.6808776855469,,,,,,,,,,285147,2369
1786071908,837642753,,,,,5,-1495.5286865234375,1021.8270874023438,-775.7963256835938,0.11102084815502167,-0.15080580115318298,-0.2670612335205078,0.9453096389770508,1,285147,2369
1786071908,845202985,1,-149.55958557128906,109.0549545288086,-377.4994812011719,,,,,,,,,,285148,2369
1786071908,845202985,,,,,5,-1495.52294921875,1021.8377075195312,-775.8104858398438,0.11093427240848541,-0.15083785355091095,-0.26726680994033813,0.9452565908432007,1,285148,2369
1786071908,853302326,1,-149.56797790527344,108.8256607055664,-377.6785888671875,,,,,,,,,,285149,2369
1786071908,853302326,,,,,5,-1495.6368408203125,1021.8757934570312,-775.78369140625,0.11159198731184006,-0.14988921582698822,-0.2675061821937561,0.9452623724937439,1,285149,2369
1786071908,862181173,1,-149.521240234375,108.83232879638672,-377.640380859375,,,,,,,,,,285150,2369
1786071908,862181173,,,,,5,-1495.4986572265625,1021.7931518554688,-775.8161010742188,0.11128625273704529,-0.1505938321352005,-0.2674047648906708,0.9452151656150818,1,285150,2369
1786071908,870167437,1,-149.5671844482422,108.80658721923828,-377.64849853515625,,,,,,,,,,285151,2369
1786071908,870167437,,,,,5,-1495.510498046875,1021.8168334960938,-775.7915649414062,0.11084240674972534,-0.1506236046552658,-0.2663029134273529,0.9455735683441162,1,285151,2369
1786071908,878155525,1,-149.5483856201172,108.76495361328125,-377.6163635253906,,,,,,,,,,285152,2369
1786071908,878155525,,,,,5,-1495.5242919921875,1021.83154296875,-775.8202514648438,0.11089809983968735,-0.15084771811962128,-0.26684027910232544,0.9453797936439514,1,285152,2369
1786071908,887257038,1,-149.1299285888672,109.55297088623047,-377.74163818359375,,,,,,,,,,285153,2369
1786071908,887257038,,,,,5,-1495.51416015625,1021.7943725585938,-775.816650390625,0.11102154105901718,-0.1504773646593094,-0.2668672502040863,0.9454166293144226,1,285153,2369
1786071908,895212127,1,-149.109130859375,109.32269287109375,-377.7315673828125,,,,,,,,,,285154,2369
1786071908,895212127,,,,,5,-1495.6475830078125,1021.8570556640625,-775.7600708007812,0.11185833066701889,-0.14980989694595337,-0.26824232935905457,0.9450348019599915,1,285154,2369
1786071908,903259107,1,-149.30850219726562,108.92173767089844,-377.3731994628906,,,,,,,,,,285155,2369
1786071908,903259107,,,,,5,-1495.6541748046875,1021.8689575195312,-775.7576293945312,0.11142010986804962,-0.14990800619125366,-0.267799437046051,0.9451966285705566,1,285155,2369
1786071908,912017547,1,-149.18797302246094,109.2545394897461,-377.1451110839844,,,,,,,,,,285156,2369
1786071908,912017547,,,,,5,-1495.501953125,1021.8020629882812,-775.8116455078125,0.1111413985490799,-0.15061846375465393,-0.26671192049980164,0.94542396068573,1,285156,2369
1786071908,920003427,1,-148.5303497314453,109.99179077148438,-376.9305114746094,,,,,,,,,,285157,2369
1786071908,920003427,,,,,5,-1495.526611328125,1021.7833862304688,-775.8150024414062,0.11136747896671295,-0.1505686342716217,-0.26765844225883484,0.9451377391815186,1,285157,2369
1786071908,929008953,1,-148.5161895751953,109.12454223632812,-376.3266296386719,,,,,,,,,,285158,2369
1786071908,929008953,,,,,5,-1495.6566162109375,1021.8694458007812,-775.75927734375,0.11178775876760483,-0.1498095542192459,-0.2683608829975128,0.9450095295906067,1,285158,2369
1786071908,936525593,1,-147.90127563476562,109.78274536132812,-376.12091064453125,,,,,,,,,,285159,2369
1786071908,936525593,,,,,5,-1495.62646484375,1021.8531494140625,-775.7706298828125,0.1117258295416832,-0.1497243344783783,-0.2683660089969635,0.9450289607048035,1,285159,2369
1786071908,944929119,1,-147.65892028808594,109.60920715332031,-375.9696044921875,,,,,,,,,,285160,2369
1786071908,944929119,,,,,5,-1495.661865234375,1021.87451171875,-775.7631225585938,0.11142463982105255,-0.1498371660709381,-0.2679707109928131,0.945158839225769,1,285160,2369
1786071908,954190822,1,-147.4117889404297,109.6456298828125,-375.63671875,,,,,,,,,,285161,2369
1786071908,954190822,,,,,5,-1495.6160888671875,1021.86083984375,-775.7711181640625,0.11165080219507217,-0.1497906595468521,-0.26798194646835327,0.945136308670044,1,285161,2369
1786071908,962036579,1,-147.32040405273438,109.45524597167969,-375.5389404296875,,,,,,,,,,285162,2369
1786071908,962036579,,,,,5,-1495.631591796875,1021.8511962890625,-775.7631225585938,0.11173966526985168,-0.14964599907398224,-0.268494576215744,0.9450031518936157,1,285162,2369
1786071908,970277482,1,-149.6419677734375,108.6501693725586,-377.8038330078125,,,,,,,,,,285163,2369
1786071908,970277482,,,,,5,-1495.5401611328125,1021.8185424804688,-775.7962036132812,0.11095953732728958,-0.1508658528327942,-0.2669317424297333,0.9453437924385071,1,285163,2369
1786071908,978975944,1,-149.37350463867188,109.37251281738281,-377.9571838378906,,,,,,,,,,285164,2369
1786071908,978975944,,,,,5,-1495.556640625,1021.8009033203125,-775.8132934570312,0.11098476499319077,-0.1505454033613205,-0.2673664093017578,0.9452690482139587,1,285164,2369
1786071908,987052272,1,-149.66976928710938,108.68057250976562,-377.71746826171875,,,,,,,,,,285165,2369
1786071908,987052272,,,,,5,-1495.5238037109375,1021.791015625,-775.8428344726562,0.11101249605417252,-0.1504361629486084,-0.26692450046539307,0.9454081654548645,1,285165,2369
1786071908,994917937,1,-149.41049194335938,109.349853515625,-377.8482360839844,,,,,,,,,,285166,2369
1786071908,994917937,,,,,5,-1495.663330078125,1021.8773803710938,-775.7442016601562,0.11170026659965515,-0.14990724623203278,-0.2686290442943573,0.9449281692504883,1,285166,2369
1786071909,3856827,1,-149.34718322753906,109.66740417480469,-377.6106872558594,,,,,,,,,,285167,2369
1786071909,3856827,,,,,5,-1495.64208984375,1021.8811645507812,-775.7468872070312,0.11168823391199112,-0.149911031126976,-0.26839929819107056,0.9449943900108337,1,285167,2369
1786071909,11756547,1,-149.34466552734375,109.25680541992188,-377.65338134765625,,,,,,,,,,285168,2369
1786071909,11756547,,,,,5,-1495.6414794921875,1021.8689575195312,-775.7658081054688,0.11166093498468399,-0.1498957723379135,-0.2679218053817749,0.9451354146003723,1,285168,2369
1786071909,19728056,1,-149.4281768798828,108.92093658447266,-377.0352783203125,,,,,,,,,,285169,2369
1786071909,19728056,,,,,5,-1495.525390625,1021.7872924804688,-775.792236328125,0.11102085560560226,-0.15055280923843384,-0.2675890326499939,0.9452006816864014,1,285169,2369
1786071909,28966170,1,-149.3831787109375,108.41748809814453,-376.9960021972656,,,,,,,,,,285170,2369
1786071909,28966170,,,,,5,-1495.6541748046875,1021.8893432617188,-775.783447265625,0.11135561764240265,-0.15001924335956573,-0.26754653453826904,0.9452581405639648,1,285170,2369
1786071909,36761454,1,-149.0613250732422,108.95162963867188,-376.89337158203125,,,,,,,,,,285171,2369
1786071909,36761454,,,,,5,-1495.5390625,1021.8018798828125,-775.784912109375,0.11116493493318558,-0.1506120264530182,-0.2673860192298889,0.9452318549156189,1,285171,2369
1786071909,45722748,1,-148.9884796142578,109.0987548828125,-376.4479675292969,,,,,,,,,,285172,2369
1786071909,45722748,,,,,5,-1495.5325927734375,1021.8292236328125,-775.8339233398438,0.11096891015768051,-0.15082672238349915,-0.26674583554267883,0.9454014301300049,1,285172,2369
1786071909,53756349,1,-148.99032592773438,108.5588607788086,-375.9876708984375,,,,,,,,,,285173,2369
1786071909,53756349,,,,,5,-1495.632080078125,1021.8654174804688,-775.7713623046875,0.1116895079612732,-0.14983505010604858,-0.26789745688438416,0.9451486468315125,1,285173,2369
1786071909,61694796,1,-149.07444763183594,107.58126068115234,-375.8238830566406,,,,,,,,,,285174,2369
1786071909,61694796,,,,,5,-1495.5101318359375,1021.7999877929688,-775.8106689453125,0.11105368286371231,-0.15046006441116333,-0.26657822728157043,0.9454971551895142,1,285174,2369
1786071909,70783954,1,-149.20907592773438,106.71218872070312,-375.3879089355469,,,,,,,,,,285175,2369
1786071909,70783954,,,,,5,-1495.5281982421875,1021.8513793945312,-775.8034057617188,0.1110537052154541,-0.1507263332605362,-0.2674540579319,0.9452073574066162,1,285175,2369
1786071909,78686202,1,-149.5217742919922,105.72026062011719,-374.77838134765625,,,,,,,,,,285176,2369
1786071909,78686202,,,,,5,-1495.5126953125,1021.7971801757812,-775.8102416992188,0.11122320592403412,-0.15067130327224731,-0.2670068144798279,0.9453226923942566,1,285176,2369
1786071909,86554460,1,-149.34515380859375,104.15196990966797,-374.6971130371094,,,,,,,,,,285177,2369
1786071909,86554460,,,,,5,-1495.5196533203125,1021.7979736328125,-775.8318481445312,0.11103180795907974,-0.1506119817495346,-0.26717573404312134,0.9453067183494568,1,285177,2369
1786071909,95626687,1,-151.83802795410156,98.49381256103516,-378.6619873046875,,,,,,,,,,285178,2369
1786071909,95626687,,,,,5,-1495.6407470703125,1021.8610229492188,-775.7875366210938,0.11175566911697388,-0.14978042244911194,-0.2678719758987427,0.9451566934585571,1,285178,2369
1786071909,104027876,1,-148.4740447998047,103.18611907958984,-376.038818359375,,,,,,,,,,285179,2369
1786071909,104027876,,,,,5,-1495.526123046875,1021.8173828125,-775.8131103515625,0.11099462956190109,-0.15056680142879486,-0.26666855812072754,0.945461630821228,1,285179,2369
1786071909,111530402,1,-148.09893798828125,106.4218521118164,-377.4469909667969,,,,,,,,,,285180,2369
1786071909,111530402,,,,,5,-1495.50537109375,1021.8140869140625,-775.8005981445312,0.11123236268758774,-0.15060408413410187,-0.26712194085121155,0.9452996850013733,1,285180,2369
1786071909,120653006,1,-151.98915100097656,102.32811737060547,-381.0733947753906,,,,,,,,,,285181,2369
1786071909,120653006,,,,,5,-1495.501220703125,1021.8265991210938,-775.8282470703125,0.11101775616407394,-0.150678351521492,-0.26643288135528564,0.9455076456069946,1,285181,2369
1786071909,128541620,1,-149.257080078125,104.0284194946289,-379.233642578125,,,,,,,,,,285182,2369
1786071909,128541620,,,,,5,-1495.6224365234375,1021.8803100585938,-775.76220703125,0.11173490434885025,-0.14969809353351593,-0.26799654960632324,0.9451368451118469,1,285182,2369
1786071909,136403444,1,-149.61981201171875,105.06129455566406,-381.83465576171875,,,,,,,,,,285183,2369
1786071909,136403444,,,,,5,-1495.4713134765625,1021.8483276367188,-775.85693359375,0.11044462770223618,-0.15059921145439148,-0.26532164216041565,0.9458996653556824,1,285183,2369
1786071909,145351616,1,-135.23245239257812,108.65819549560547,-377.1437072753906,,,,,,,,,,285184,2369
1786071909,145351616,,,,,5,-1495.5057373046875,1021.8348999023438,-775.7938842773438,0.11073072254657745,-0.15064553916454315,-0.26669687032699585,0.9454721212387085,1,285184,2369
1786071909,153517241,1,-152.9379425048828,103.60806274414062,-389.07000732421875,,,,,,,,,,285185,2369
1786071909,153517241,,,,,5,-1495.642822265625,1021.85595703125,-775.7725830078125,0.11152154952287674,-0.14978384971618652,-0.26797884702682495,0.945153534412384,1,285185,2369
1786071909,162315529,1,-149.6693878173828,106.58220672607422,-388.5348205566406,,,,,,,,,,285186,2369
1786071909,162315529,,,,,5,-1495.6492919921875,1021.8702392578125,-775.7960205078125,0.11152417957782745,-0.1498268097639084,-0.2676106095314026,0.9452507495880127,1,285186,2369
1786071909,170378991,1,-153.81292724609375,103.5654067993164,-395.5786437988281,,,,,,,,,,285187,2369
1786071909,170378991,,,,,5,-1495.6463623046875,1021.9093627929688,-775.7322998046875,0.11129268258810043,-0.14996205270290375,-0.2680167853832245,0.9451414346694946,1,285187,2369
1786071909,178311709,1,-154.1661376953125,102.97449493408203,-399.28302001953125,,,,,,,,,,285188,2369
1786071909,178311709,,,,,5,-1495.5343017578125,1021.8438720703125,-775.8147583007812,0.1108020469546318,-0.15069834887981415,-0.26699450612068176,0.9453712701797485,1,285188,2369
1786071909,187350042,1,-153.98507690429688,104.09027099609375,-402.2270812988281,,,,,,,,,,285189,2369
1786071909,187350042,,,,,5,-1495.5205078125,1021.806640625,-775.7899169921875,0.11133185029029846,-0.15046274662017822,-0.26743173599243164,0.9452230334281921,1,285189,2369
1786071909,195318158,1,-154.98497009277344,103.05481719970703,-406.3426818847656,,,,,,,,,,285190,2369
1786071909,195318158,,,,,5,-1495.5372314453125,1021.8057861328125,-775.7977294921875,0.11105844378471375,-0.1506960690021515,-0.26747411489486694,0.9452059864997864,1,285190,2369
1786071909,203367730,1,-156.1224822998047,103.28831481933594,-412.03997802734375,,,,,,,,,,285191,2369
1786071909,203367730,,,,,5,-1495.6160888671875,1021.8570556640625,-775.7713012695312,0.11173054575920105,-0.14975310862064362,-0.26834434270858765,0.9450299739837646,1,285191,2369
1786071909,212349700,1,-156.67442321777344,104.09746551513672,-417.0856018066406,,,,,,,,,,285192,2369
1786071909,212349700,,,,,5,-1495.4940185546875,1021.8124389648438,-775.82080078125,0.11131776124238968,-0.15056179463863373,-0.26756709814071655,0.9451705813407898,1,285192,2369
1786071909,220289043,1,-158.4857635498047,104.67611694335938,-422.8391418457031,,,,,,,,,,285193,2369
1786071909,220289043,,,,,5,-1495.510986328125,1021.8135986328125,-775.8299560546875,0.11123258620500565,-0.15045768022537231,-0.2676686644554138,0.9451684951782227,1,285193,2369
1786071909,228238116,1,-159.46205139160156,103.69606018066406,-428.03564453125,,,,,,,,,,285194,2369
1786071909,228238116,,,,,5,-1495.5120849609375,1021.7883911132812,-775.8031616210938,0.1109926775097847,-0.15070000290870667,-0.26697155833244324,0.9453551173210144,1,285194,2369
1786071909,237659976,1,-159.90603637695312,101.85087585449219,-433.8155517578125,,,,,,,,,,285195,2369
1786071909,237659976,,,,,5,-1495.6356201171875,1021.8724975585938,-775.7736206054688,0.11175395548343658,-0.14993597567081451,-0.26791051030158997,0.9451212882995605,1,285195,2369
1786071909,245275130,1,-161.44546508789062,103.94367980957031,-439.59075927734375,,,,,,,,,,285196,2369
1786071909,245275130,,,,,5,-1495.513916015625,1021.7986450195312,-775.8198852539062,0.11126404255628586,-0.15053902566432953,-0.26742005348205566,0.9452221989631653,1,285196,2369
1786071909,253197638,1,-159.91018676757812,105.19104766845703,-442.9268798828125,,,,,,,,,,285197,2369
1786071909,253197638,,,,,5,-1495.6470947265625,1021.8816528320312,-775.7801513671875,0.11121129989624023,-0.15004324913024902,-0.2674948275089264,0.945285975933075,1,285197,2369
1786071909,262131119,1,-160.7399444580078,103.88663482666016,-448.78253173828125,,,,,,,,,,285198,2369
1786071909,262131119,,,,,5,-1495.6693115234375,1021.8792114257812,-775.7606201171875,0.11130057275295258,-0.1500387340784073,-0.268110990524292,0.9451016187667847,1,285198,2369
1786071909,270149453,1,-162.2090606689453,103.00355529785156,-458.2361145019531,,,,,,,,,,285199,2369
1786071909,270149453,,,,,5,-1495.607177734375,1021.8468627929688,-775.7909545898438,0.11186396330595016,-0.14980626106262207,-0.2681196630001068,0.9450695514678955,1,285199,2369
1786071909,278724691,1,-161.90147399902344,101.97993469238281,-464.7644958496094,,,,,,,,,,285200,2369
1786071909,278724691,,,,,5,-1495.5484619140625,1021.8314819335938,-775.7792358398438,0.11092428863048553,-0.15069639682769775,-0.2670374810695648,0.9453451633453369,1,285200,2369
1786071909,287176066,1,-162.9553680419922,104.30530548095703,-472.5266418457031,,,,,,,,,,285201,2369
1786071909,287176066,,,,,5,-1495.5389404296875,1021.8057861328125,-775.8005981445312,0.11129406094551086,-0.15056896209716797,-0.267622709274292,0.9451563954353333,1,285201,2369
1786071909,295061191,1,-163.07574462890625,106.84812927246094,-481.43145751953125,,,,,,,,,,285202,2369
1786071909,295061191,,,,,5,-1495.6572265625,1021.8771362304688,-775.7631225585938,0.11153006553649902,-0.14972339570522308,-0.2679845094680786,0.945160448551178,1,285202,2369
1786071909,304227452,1,-164.6439971923828,106.88609313964844,-490.7330017089844,,,,,,,,,,285203,2369
1786071909,304227452,,,,,5,-1495.68798828125,1021.8895874023438,-775.7542114257812,0.11148431152105331,-0.14984992146492004,-0.26859721541404724,0.9449717998504639,1,285203,2369
1786071909,312194480,1,-163.88027954101562,108.90425872802734,-499.8033752441406,,,,,,,,,,285204,2369
1786071909,312194480,,,,,5,-1495.524658203125,1021.8244018554688,-775.8124389648438,0.11111076176166534,-0.1506432592868805,-0.2671051025390625,0.9453126192092896,1,285204,2369
1786071909,320150818,1,-163.97120666503906,108.41058349609375,-508.6392822265625,,,,,,,,,,285205,2369
1786071909,320150818,,,,,5,-1495.5380859375,1021.8204956054688,-775.7814331054688,0.11111950874328613,-0.15074846148490906,-0.2674027383327484,0.9452105760574341,1,285205,2369
1786071909,329016446,1,-164.0180206298828,109.11480712890625,-518.7613525390625,,,,,,,,,,285206,2369
1786071909,329016446,,,,,5,-1495.5269775390625,1021.8096923828125,-775.8043823242188,0.11115481704473495,-0.1504274308681488,-0.2672017812728882,0.9453144669532776,1,285206,2369
1786071909,337060833,1,-163.84335327148438,109.82257843017578,-528.1148681640625,,,,,,,,,,285207,2369
1786071909,337060833,,,,,5,-1495.5137939453125,1021.8060913085938,-775.7883911132812,0.11121547967195511,-0.15053719282150269,-0.26724401116371155,0.9452778697013855,1,285207,2369
1786071909,344885370,1,-163.50965881347656,110.25474548339844,-536.5442504882812,,,,,,,,,,285208,2369
1786071909,344885370,,,,,5,-1495.5245361328125,1021.7758178710938,-775.7997436523438,0.11099130660295486,-0.15067066252231598,-0.2670925259590149,0.9453258514404297,1,285208,2369
1786071909,354089494,1,-163.1646728515625,109.71910858154297,-544.9598388671875,,,,,,,,,,285209,2369
1786071909,354089494,,,,,5,-1495.5576171875,1021.82568359375,-775.8034057617188,0.11086468398571014,-0.15070374310016632,-0.2669903039932251,0.9453643560409546,1,285209,2369
1786071909,361824159,1,-163.7845916748047,108.23514556884766,-556.9402465820312,,,,,,,,,,285210,2369
1786071909,361824159,,,,,5,-1495.6151123046875,1021.8600463867188,-775.7675170898438,0.11175282299518585,-0.14962942898273468,-0.26814189553260803,0.9451044797897339,1,285210,2369
1786071909,369855775,1,-163.79666137695312,107.28412628173828,-566.2095947265625,,,,,,,,,,285211,2369
1786071909,369855775,,,,,5,-1495.5357666015625,1021.8225708007812,-775.861328125,0.11097646504640579,-0.1505843847990036,-0.2666515111923218,0.9454658031463623,1,285211,2369
1786071909,378818062,1,-163.70068359375,106.50484466552734,-575.22021484375,,,,,,,,,,285212,2369
1786071909,378818062,,,,,5,-1495.6246337890625,1021.8566284179688,-775.7919311523438,0.11139561235904694,-0.14975358545780182,-0.267287015914917,0.9453689455986023,1,285212,2369
1786071909,386729367,1,-164.11102294921875,107.7155532836914,-584.7430419921875,,,,,,,,,,285213,2369
1786071909,386729367,,,,,5,-1495.6466064453125,1021.8428955078125,-775.7758178710938,0.11173751950263977,-0.14978519082069397,-0.26809945702552795,0.9450936317443848,1,285213,2369
1786071909,395618776,1,-165.48651123046875,107.87565612792969,-594.0631103515625,,,,,,,,,,285214,2369
1786071909,395618776,,,,,5,-1495.5447998046875,1021.8218994140625,-775.8113403320312,0.11116596311330795,-0.15053023397922516,-0.26692667603492737,0.9453744888305664,1,285214,2369
1786071909,403660922,1,-164.3704071044922,109.30122375488281,-603.1090087890625,,,,,,,,,,285215,2369
1786071909,403660922,,,,,5,-1495.6109619140625,1021.8490600585938,-775.7653198242188,0.11168979853391647,-0.14974677562713623,-0.26808321475982666,0.9451099038124084,1,285215,2369
1786071909,411878429,1,-164.71890258789062,106.5994644165039,-611.8831787109375,,,,,,,,,,285216,2369
1786071909,411878429,,,,,5,-1495.5506591796875,1021.82177734375,-775.7901000976562,0.11084066331386566,-0.15083259344100952,-0.26708075404167175,0.9453209042549133,1,285216,2369
1786071909,420776416,1,-164.85379028320312,108.66844177246094,-621.641357421875,,,,,,,,,,285217,2369
1786071909,420776416,,,,,5,-1495.652587890625,1021.8507690429688,-775.7626342773438,0.11146519333124161,-0.14993003010749817,-0.2677682936191559,0.9451966285705566,1,285217,2369
1786071909,428578613,1,-167.24114990234375,104.66780090332031,-632.7852783203125,,,,,,,,,,285218,2369
1786071909,428578613,,,,,5,-1495.5213623046875,1021.81103515625,-775.8021850585938,0.11127681285142899,-0.15054629743099213,-0.26731935143470764,0.9452479481697083,1,285218,2369
1786071909,436617879,1,-166.39527893066406,103.87684631347656,-641.0938720703125,,,,,,,,,,285219,2369
1786071909,436617879,,,,,5,-1495.5491943359375,1021.8062744140625,-775.794921875,0.11114579439163208,-0.15067850053310394,-0.26759272813796997,0.9451649785041809,1,285219,2369
1786071909,445554753,1,-166.2958526611328,105.03260040283203,-648.962646484375,,,,,,,,,,285220,2369
1786071909,445554753,,,,,5,-1495.6605224609375,1021.91552734375,-775.743896484375,0.11133652180433273,-0.15000924468040466,-0.2678883969783783,0.9451652765274048,1,285220,2369
1786071909,453584289,1,-165.822509765625,106.42882537841797,-657.580810546875,,,,,,,,,,285221,2370
1786071909,453584289,,,,,5,-1495.5469970703125,1021.8092041015625,-775.7586059570312,0.11108847707509995,-0.15054194629192352,-0.26766738295555115,0.9451722502708435,1,285221,2370
1786071909,462014219,1,-166.20814514160156,106.02183532714844,-666.0186157226562,,,,,,,,,,285222,2370
1786071909,462014219,,,,,5,-1495.6514892578125,1021.8739624023438,-775.7191772460938,0.1113811656832695,-0.15007005631923676,-0.26864734292030334,0.9449348449707031,1,285222,2370
1786071909,470315134,1,-166.0027618408203,107.96814727783203,-675.4293823242188,,,,,,,,,,285223,2370
1786071909,470315134,,,,,5,-1495.5137939453125,1021.8279418945312,-775.7916870117188,0.11131297051906586,-0.15061341226100922,-0.2674645483493805,0.9451919198036194,1,285223,2370
1786071909,478482360,1,-166.1975860595703,107.80156707763672,-684.3134155273438,,,,,,,,,,285224,2370
1786071909,478482360,,,,,5,-1495.641357421875,1021.8595581054688,-775.7548828125,0.1118907704949379,-0.14980292320251465,-0.26852181553840637,0.9449527263641357,1,285224,2370
1786071909,486377214,1,-166.8871612548828,106.52507019042969,-693.7631225585938,,,,,,,,,,285225,2370
1786071909,486377214,,,,,5,-1495.52978515625,1021.8283081054688,-775.794677734375,0.11115726828575134,-0.15051361918449402,-0.2672978341579437,0.9452733397483826,1,285225,2370
1786071909,495325674,1,-166.26065063476562,106.91336059570312,-703.0838012695312,,,,,,,,,,285226,2370
1786071909,495325674,,,,,5,-1495.5283203125,1021.82080078125,-775.812255859375,0.11100751906633377,-0.15072403848171234,-0.267165869474411,0.9452947378158569,1,285226,2370
1786071909,503975134,1,-166.57704162597656,105.26848602294922,-712.3452758789062,,,,,,,,,,285227,2370
1786071909,503975134,,,,,5,-1495.5369873046875,1021.8588256835938,-775.82568359375,0.11114761978387833,-0.15052954852581024,-0.26731592416763306,0.945266842842102,1,285227,2370
1786071909,512356448,1,-166.8734130859375,106.49043273925781,-721.503662109375,,,,,,,,,,285228,2370
1786071909,512356448,,,,,5,-1495.521484375,1021.8229370117188,-775.804443359375,0.1113058552145958,-0.15065085887908936,-0.26699012517929077,0.9453209638595581,1,285228,2370
1786071909,520327349,1,-167.2303466796875,107.60237121582031,-730.8233642578125,,,,,,,,,,285229,2370
1786071909,520327349,,,,,5,-1495.522216796875,1021.8279418945312,-775.8140869140625,0.11119207739830017,-0.15060463547706604,-0.26751208305358887,0.9451940655708313,1,285229,2370
1786071909,528262339,1,-165.40245056152344,109.6346435546875,-740.3110961914062,,,,,,,,,,285230,2370
1786071909,528262339,,,,,5,-1495.63525390625,1021.8621215820312,-775.744140625,0.11155308037996292,-0.1499590277671814,-0.268441379070282,0.9449907541275024,1,285230,2370
1786071909,537278171,1,-167.64085388183594,105.56177520751953,-749.7366333007812,,,,,,,,,,285231,2370
1786071909,537278171,,,,,5,-1495.5220947265625,1021.81103515625,-775.8461303710938,0.11103678494691849,-0.15060774981975555,-0.2668386697769165,0.9454022645950317,1,285231,2370
1786071909,545175875,1,-168.67874145507812,108.1273193359375,-758.4176025390625,,,,,,,,,,285232,2370
1786071909,545175875,,,,,5,-1495.639404296875,1021.9005737304688,-775.8008422851562,0.11197447776794434,-0.14958776533603668,-0.2686879634857178,0.9449295401573181,1,285232,2370
1786071909,553251947,1,-167.88226318359375,108.08329010009766,-764.7820434570312,,,,,,,,,,285233,2370
1786071909,553251947,,,,,5,-1495.6414794921875,1021.8761596679688,-775.7459716796875,0.11203553527593613,-0.14983686804771423,-0.26889482140541077,0.9448240399360657,1,285233,2370
1786071909,562176915,1,-167.51022338867188,109.26325225830078,-774.1029052734375,,,,,,,,,,285234,2370
1786071909,562176915,,,,,5,-1495.513427734375,1021.8037109375,-775.7792358398438,0.11122871935367584,-0.15053455531597137,-0.26741114258766174,0.9452295303344727,1,285234,2370
1786071909,570491528,1,-168.94888305664062,106.44286346435547,-784.7975463867188,,,,,,,,,,285235,2370
1786071909,570491528,,,,,5,-1495.6463623046875,1021.88427734375,-775.7440795898438,0.11159614473581314,-0.14997565746307373,-0.2684175670146942,0.9449896812438965,1,285235,2370
1786071909,578117372,1,-169.47842407226562,107.72982025146484,-794.1109008789062,,,,,,,,,,285236,2370
1786071909,578117372,,,,,5,-1495.54443359375,1021.8458862304688,-775.8026733398438,0.11120643466711044,-0.15061654150485992,-0.26761263608932495,0.9451620578765869,1,285236,2370
1786071909,587137238,1,-169.8071746826172,107.17461395263672,-803.7890625,,,,,,,,,,285237,2370
1786071909,587137238,,,,,5,-1495.6546630859375,1021.9127807617188,-775.7498779296875,0.11139166355133057,-0.14996188879013062,-0.26821932196617126,0.9450722932815552,1,285237,2370
1786071909,595129070,1,-171.62628173828125,107.86933135986328,-809.5899658203125,,,,,,,,,,285238,2370
1786071909,595129070,,,,,5,-1495.5191650390625,1021.845703125,-775.8226318359375,0.11109007149934769,-0.15049166977405548,-0.26719164848327637,0.9453147649765015,1,285238,2370
1786071909,603328206,1,-173.6630859375,109.267822265625,-814.4505615234375,,,,,,,,,,285239,2370
1786071909,603328206,,,,,5,-1495.5406494140625,1021.8323364257812,-775.801025390625,0.11098562926054001,-0.15065282583236694,-0.26716333627700806,0.9453093409538269,1,285239,2370
1786071909,612050544,1,-176.1687469482422,108.20132446289062,-818.1840209960938,,,,,,,,,,285240,2370
1786071909,612050544,,,,,5,-1495.5054931640625,1021.8070678710938,-775.8041381835938,0.11076785624027252,-0.1509133130311966,-0.2673046886920929,0.9452533721923828,1,285240,2370
1786071909,620143003,1,-178.3805694580078,107.99138641357422,-822.1387939453125,,,,,,,,,,285241,2370
1786071909,620143003,,,,,5,-1495.5140380859375,1021.8339233398438,-775.8200073242188,0.11090002208948135,-0.15075598657131195,-0.266504168510437,0.9454889297485352,1,285241,2370
1786071909,629081093,1,-181.1246337890625,108.84288024902344,-822.4210205078125,,,,,,,,,,285242,2370
1786071909,629081093,,,,,5,-1495.518310546875,1021.7678833007812,-775.808349609375,0.11104504019021988,-0.15069913864135742,-0.2672406733036041,0.9452731609344482,1,285242,2370
1786071909,637145388,1,-182.64434814453125,108.02324676513672,-825.0659790039062,,,,,,,,,,285243,2370
1786071909,637145388,,,,,5,-1495.5269775390625,1021.8142700195312,-775.814697265625,0.11094633489847183,-0.15084080398082733,-0.2671157121658325,0.9452974796295166,1,285243,2370
1786071909,644909274,1,-184.50816345214844,107.42676544189453,-828.9336547851562,,,,,,,,,,285244,2370
1786071909,644909274,,,,,5,-1495.5335693359375,1021.8017578125,-775.7737426757812,0.11141721904277802,-0.150492861866951,-0.2681137025356293,0.9450148344039917,1,285244,2370
1786071909,654141435,1,-186.544921875,105.62059020996094,-832.0016479492188,,,,,,,,,,285245,2370
1786071909,654141435,,,,,5,-1495.51708984375,1021.8139038085938,-775.8131713867188,0.11085590720176697,-0.15049447119235992,-0.266539990901947,0.9455257654190063,1,285245,2370
1786071909,661874275,1,-189.04119873046875,104.26033020019531,-835.1531982421875,,,,,,,,,,285246,2370
1786071909,661874275,,,,,5,-1495.5455322265625,1021.8107299804688,-775.8202514648438,0.11088726669549942,-0.15069614350795746,-0.26713860034942627,0.9453210830688477,1,285246,2370
1786071909,669827957,1,-191.98031616210938,105.10076904296875,-838.528564453125,,,,,,,,,,285247,2370
1786071909,669827957,,,,,5,-1495.624267578125,1021.865234375,-775.7769775390625,0.1116643100976944,-0.1496022641658783,-0.2683967649936676,0.9450467824935913,1,285247,2370
1786071909,678844685,1,-198.91162109375,102.05609893798828,-843.8063354492188,,,,,,,,,,285248,2370
1786071909,678844685,,,,,5,-1495.5126953125,1021.8079223632812,-775.7933959960938,0.11140576750040054,-0.15047965943813324,-0.2680377662181854,0.9450399279594421,1,285248,2370
1786071909,686812514,1,-198.6185760498047,104.44389343261719,-846.7491455078125,,,,,,,,,,285249,2370
1786071909,686812514,,,,,5,-1495.6409912109375,1021.9044189453125,-775.7565307617188,0.11147038638591766,-0.15008306503295898,-0.26809921860694885,0.9450778365135193,1,285249,2370
1786071909,694853124,1,-200.53787231445312,104.70865631103516,-848.7334594726562,,,,,,,,,,285250,2370
1786071909,694853124,,,,,5,-1495.6336669921875,1021.8406372070312,-775.7677612304688,0.11174717545509338,-0.14992983639240265,-0.26799097657203674,0.9451001286506653,1,285250,2370
1786071909,703881534,1,-201.18875122070312,107.2021713256836,-849.8640747070312,,,,,,,,,,285251,2370
1786071909,703881534,,,,,5,-1495.54931640625,1021.83203125,-775.8119506835938,0.11130625754594803,-0.15042750537395477,-0.26733261346817017,0.9452596306800842,1,285251,2370
1786071909,711710329,1,-202.382080078125,108.22187042236328,-850.9374389648438,,,,,,,,,,285252,2370
1786071909,711710329,,,,,5,-1495.490966796875,1021.7872924804688,-775.808837890625,0.1111060082912445,-0.15048201382160187,-0.2666923999786377,0.9454553723335266,1,285252,2370
1786071909,720738676,1,-204.2769012451172,106.59136962890625,-851.9974365234375,,,,,,,,,,285253,2370
1786071909,720738676,,,,,5,-1495.5477294921875,1021.8391723632812,-775.78662109375,0.1111186221241951,-0.15080823004245758,-0.267418771982193,0.9451966881752014,1,285253,2370
1786071909,728660383,1,-208.5143585205078,105.1270523071289,-854.9838256835938,,,,,,,,,,285254,2370
1786071909,728660383,,,,,5,-1495.62841796875,1021.8567504882812,-775.7645874023438,0.11183752119541168,-0.14980080723762512,-0.2684490978717804,0.9449799656867981,1,285254,2370
1786071909,736705506,1,-208.3099822998047,109.06937408447266,-855.8707885742188,,,,,,,,,,285255,2370
1786071909,736705506,,,,,5,-1495.5047607421875,1021.8140869140625,-775.7887573242188,0.11132703721523285,-0.15051017701625824,-0.2678928077220917,0.9450855255126953,1,285255,2370
1786071909,745650477,1,-212.467041015625,107.85213470458984,-858.8626708984375,,,,,,,,,,285256,2370
1786071909,745650477,,,,,5,-1495.60400390625,1021.87109375,-775.7955322265625,0.11164867132902145,-0.14975488185882568,-0.26749762892723083,0.9452793598175049,1,285256,2370
1786071909,753576186,1,-215.40414428710938,107.73528289794922,-864.3048095703125,,,,,,,,,,285257,2370
1786071909,753576186,,,,,5,-1495.5113525390625,1021.8062744140625,-775.8026733398438,0.11122175306081772,-0.15068863332271576,-0.26718005537986755,0.9452711939811707,1,285257,2370
1786071909,761543918,1,-216.6373748779297,108.92826843261719,-865.005859375,,,,,,,,,,285258,2370
1786071909,761543918,,,,,5,-1495.6380615234375,1021.8619995117188,-775.7694702148438,0.11161962896585464,-0.14979679882526398,-0.26811647415161133,0.945100724697113,1,285258,2370
1786071909,770557190,1,-221.46539306640625,106.98147583007812,-869.915283203125,,,,,,,,,,285259,2370
1786071909,770557190,,,,,5,-1495.5147705078125,1021.8053588867188,-775.8214721679688,0.11126004904508591,-0.1505000740289688,-0.2673478126525879,0.9452492594718933,1,285259,2370
1786071909,778560513,1,-223.37266540527344,106.84607696533203,-872.4176025390625,,,,,,,,,,285260,2370
1786071909,778560513,,,,,5,-1495.6173095703125,1021.86669921875,-775.7929077148438,0.11156460642814636,-0.1496259868144989,-0.2673741281032562,0.9453446865081787,1,285260,2370
1786071909,786460361,1,-225.22250366210938,107.77729034423828,-874.268310546875,,,,,,,,,,285261,2370
1786071909,786460361,,,,,5,-1495.5279541015625,1021.84619140625,-775.7924194335938,0.11088553071022034,-0.1507820338010788,-0.2668026387691498,0.9454023838043213,1,285261,2370
1786071909,795390257,1,-227.11053466796875,108.36385345458984,-875.66552734375,,,,,,,,,,285262,2370
1786071909,795390257,,,,,5,-1495.60888671875,1021.8598022460938,-775.7376098632812,0.11191601306200027,-0.14971350133419037,-0.2688317596912384,0.9448757767677307,1,285262,2370
1786071909,803388491,1,-228.72921752929688,107.07110595703125,-876.3764038085938,,,,,,,,,,285263,2370
1786071909,803388491,,,,,5,-1495.513427734375,1021.79443359375,-775.830810546875,0.1112808808684349,-0.15054726600646973,-0.26733162999153137,0.945243775844574,1,285263,2370
1786071909,812373566,1,-229.7178497314453,107.8413314819336,-882.6073608398438,,,,,,,,,,285264,2370
1786071909,812373566,,,,,5,-1495.5322265625,1021.8118286132812,-775.8031616210938,0.11116703599691391,-0.1505245715379715,-0.2670721113681793,0.9453341960906982,1,285264,2370
1786071909,820716440,1,-231.62754821777344,110.09503936767578,-886.641845703125,,,,,,,,,,285265,2370
1786071909,820716440,,,,,5,-1495.6641845703125,1021.8573608398438,-775.7449951171875,0.11167175322771072,-0.14997801184654236,-0.2682507038116455,0.945027768611908,1,285265,2370
1786071909,828400664,1,-233.38331604003906,107.42169952392578,-884.8753662109375,,,,,,,,,,285266,2370
1786071909,828400664,,,,,5,-1495.5345458984375,1021.7980346679688,-775.7731323242188,0.11101318895816803,-0.1509368121623993,-0.26715004444122314,0.9452645778656006,1,285266,2370
1786071909,837461529,1,-234.12542724609375,108.56681060791016,-885.8248291015625,,,,,,,,,,285267,2370
1786071909,837461529,,,,,5,-1495.64111328125,1021.8512573242188,-775.7559204101562,0.11200983077287674,-0.14987385272979736,-0.2685934901237488,0.944907009601593,1,285267,2370
1786071909,845253036,1,-233.9799346923828,108.4822998046875,-886.6552734375,,,,,,,,,,285268,2370
1786071909,845253036,,,,,5,-1495.6502685546875,1021.8978881835938,-775.7688598632812,0.1112685427069664,-0.14999651908874512,-0.2675389051437378,0.9452741742134094,1,285268,2370
1786071909,853263240,1,-234.73829650878906,107.97537994384766,-885.4744873046875,,,,,,,,,,285269,2370
1786071909,853263240,,,,,5,-1495.6317138671875,1021.88037109375,-775.78564453125,0.11161322891712189,-0.1497652381658554,-0.26800039410591125,0.9451395273208618,1,285269,2370
1786071909,862221206,1,-235.8087921142578,107.11211395263672,-885.2103271484375,,,,,,,,,,285270,2370
1786071909,862221206,,,,,5,-1495.5369873046875,1021.82177734375,-775.8028564453125,0.11115173995494843,-0.15068984031677246,-0.26758164167404175,0.9451656341552734,1,285270,2370
1786071909,870251862,1,-236.1863250732422,106.60877227783203,-884.6531982421875,,,,,,,,,,285271,2370
1786071909,870251862,,,,,5,-1495.5263671875,1021.8203125,-775.8162231445312,0.11100997030735016,-0.15049514174461365,-0.26749858260154724,0.9452366828918457,1,285271,2370
1786071909,878276085,1,-236.5806884765625,106.57527923583984,-884.149658203125,,,,,,,,,,285272,2370
1786071909,878276085,,,,,5,-1495.4891357421875,1021.8139038085938,-775.8272705078125,0.11103083938360214,-0.15045547485351562,-0.2668578326702118,0.9454218149185181,1,285272,2370
1786071909,887192123,1,-235.86691284179688,107.73348999023438,-883.6151733398438,,,,,,,,,,285273,2370
1786071909,887192123,,,,,5,-1495.5404052734375,1021.8238525390625,-775.8070068359375,0.11092811077833176,-0.1506148874759674,-0.267265647649765,0.9452932476997375,1,285273,2370
1786071909,895185204,1,-235.70484924316406,108.03813934326172,-882.656494140625,,,,,,,,,,285274,2370
1786071909,895185204,,,,,5,-1495.5145263671875,1021.7957153320312,-775.815673828125,0.11133669316768646,-0.15055884420871735,-0.26712679862976074,0.9452933073043823,1,285274,2370
1786071909,903266685,1,-235.35997009277344,108.44731140136719,-881.0584106445312,,,,,,,,,,285275,2370
1786071909,903266685,,,,,5,-1495.4951171875,1021.8012084960938,-775.8458251953125,0.11113069951534271,-0.15055467188358307,-0.26704660058021545,0.9453409314155579,1,285275,2370
1786071909,912084337,1,-233.03463745117188,111.17713165283203,-872.8690185546875,,,,,,,,,,285276,2370
1786071909,912084337,,,,,5,-1495.647705078125,1021.89111328125,-775.7523803710938,0.11148688197135925,-0.1498584896326065,-0.26811808347702026,0.9451062083244324,1,285276,2370
1786071909,920419946,1,-230.09548950195312,117.00653076171875,-861.5867309570312,,,,,,,,,,285277,2370
1786071909,920419946,,,,,5,-1495.6356201171875,1021.9005126953125,-775.7835693359375,0.11141829192638397,-0.14980396628379822,-0.26747921109199524,0.9453039765357971,1,285277,2370
1786071909,928328499,1,-226.2136993408203,121.875244140625,-851.8107299804688,,,,,,,,,,285278,2370
1786071909,928328499,,,,,5,-1495.4898681640625,1021.8052978515625,-775.8394775390625,0.1111006885766983,-0.15049538016319275,-0.2669048011302948,0.9453939199447632,1,285278,2370
1786071909,937264797,1,-229.2874298095703,117.99764251708984,-859.143310546875,,,,,,,,,,285279,2370
1786071909,937264797,,,,,5,-1495.6158447265625,1021.8577270507812,-775.7754516601562,0.11160717159509659,-0.1496230810880661,-0.26821979880332947,0.9451004862785339,1,285279,2370
1786071909,945067250,1,-228.83058166503906,116.17252349853516,-860.0545043945312,,,,,,,,,,285280,2370
1786071909,945067250,,,,,5,-1495.6268310546875,1021.86962890625,-775.767822265625,0.11166556924581528,-0.1499025672674179,-0.2680818438529968,0.9450885057449341,1,285280,2370
1786071909,953933390,1,-229.7239532470703,116.37383270263672,-860.4736328125,,,,,,,,,,285281,2370
1786071909,953933390,,,,,5,-1495.6474609375,1021.84375,-775.77978515625,0.11164772510528564,-0.14987599849700928,-0.26793229579925537,0.9451372027397156,1,285281,2370
1786071909,962004598,1,-228.18612670898438,115.4506607055664,-859.0089111328125,,,,,,,,,,285282,2370
1786071909,962004598,,,,,5,-1495.52490234375,1021.84033203125,-775.7804565429688,0.11077024042606354,-0.15100368857383728,-0.2672404646873474,0.9452568292617798,1,285282,2370
1786071909,970238524,1,-229.9090576171875,113.38928985595703,-862.1409301757812,,,,,,,,,,285283,2370
1786071909,970238524,,,,,5,-1495.5069580078125,1021.794921875,-775.8193969726562,0.11133327335119247,-0.150618314743042,-0.2670213580131531,0.9453140497207642,1,285283,2370
1786071909,979060657,1,-229.93759155273438,113.68925476074219,-862.6007080078125,,,,,,,,,,285284,2370
1786071909,979060657,,,,,5,-1495.6439208984375,1021.8759765625,-775.77978515625,0.11164643615484238,-0.14977756142616272,-0.268162339925766,0.9450877904891968,1,285284,2370
1786071909,987540805,1,-229.3238067626953,112.81326293945312,-862.5000610351562,,,,,,,,,,285285,2370
1786071909,987540805,,,,,5,-1495.5001220703125,1021.79736328125,-775.8543090820312,0.11096125096082687,-0.15068300068378448,-0.2666751742362976,0.94544517993927,1,285285,2370
1786071909,994795475,1,-228.31661987304688,112.04508972167969,-862.2667236328125,,,,,,,,,,285286,2370
1786071909,994795475,,,,,5,-1495.6259765625,1021.8974609375,-775.7398681640625,0.1117997020483017,-0.14993588626384735,-0.2688754200935364,0.9448418021202087,1,285286,2370
1786071910,3780422,1,-228.1601104736328,111.41422271728516,-862.72509765625,,,,,,,,,,285287,2370
1786071910,3780422,,,,,5,-1495.521240234375,1021.796875,-775.83056640625,0.11118325591087341,-0.15058471262454987,-0.2668627202510834,0.9453818798065186,1,285287,2370
1786071910,11721398,1,-229.0967559814453,109.22489166259766,-866.3163452148438,,,,,,,,,,285288,2370
1786071910,11721398,,,,,5,-1495.5089111328125,1021.78515625,-775.79931640625,0.11122763901948929,-0.15056519210338593,-0.2674384117126465,0.9452170133590698,1,285288,2370
1786071910,20746992,1,-226.37501525878906,109.49189758300781,-861.798828125,,,,,,,,,,285289,2370
1786071910,20746992,,,,,5,-1495.6578369140625,1021.86474609375,-775.7600708007812,0.11162495613098145,-0.14976045489311218,-0.26815828680992126,0.9450940489768982,1,285289,2370
1786071910,28640630,1,-226.10580444335938,111.58409118652344,-856.5264892578125,,,,,,,,,,285290,2370
1786071910,28640630,,,,,5,-1495.5968017578125,1021.87060546875,-775.7744750976562,0.11160324513912201,-0.14964823424816132,-0.26822367310523987,0.9450958371162415,1,285290,2370
1786071910,36679736,1,-225.5297393798828,110.7615966796875,-857.5211791992188,,,,,,,,,,285291,2370
1786071910,36679736,,,,,5,-1495.627197265625,1021.8715209960938,-775.7994384765625,0.11162028461694717,-0.14986291527748108,-0.267702579498291,0.9452075362205505,1,285291,2370
1786071910,45565784,1,-224.78404235839844,109.24666595458984,-858.9234619140625,,,,,,,,,,285292,2370
1786071910,45565784,,,,,5,-1495.6551513671875,1021.89404296875,-775.7686157226562,0.11181240528821945,-0.14970964193344116,-0.26856136322021484,0.9449656009674072,1,285292,2370
1786071910,54364616,1,-225.7689971923828,109.2280502319336,-859.560302734375,,,,,,,,,,285293,2370
1786071910,54364616,,,,,5,-1495.6317138671875,1021.8717651367188,-775.7770385742188,0.11140747368335724,-0.14962126314640045,-0.268169105052948,0.945138692855835,1,285293,2370
1786071910,61664159,1,-224.7882843017578,109.04168701171875,-859.21875,,,,,,,,,,285294,2370
1786071910,61664159,,,,,5,-1495.59130859375,1021.8643798828125,-775.7745971679688,0.11174902319908142,-0.14968357980251312,-0.26834213733673096,0.9450393915176392,1,285294,2370
1786071910,70679896,1,-224.2779541015625,109.1102523803711,-858.5087280273438,,,,,,,,,,285295,2370
1786071910,70679896,,,,,5,-1495.5340576171875,1021.8070678710938,-775.8528442382812,0.11115474998950958,-0.15029996633529663,-0.2669921815395355,0.9453938603401184,1,285295,2370
1786071910,78929185,1,-223.68992614746094,108.12407684326172,-858.482177734375,,,,,,,,,,285296,2370
1786071910,78929185,,,,,5,-1495.6278076171875,1021.8700561523438,-775.7762451171875,0.11175235360860825,-0.14976373314857483,-0.2679787874221802,0.9451294541358948,1,285296,2370
1786071910,87056339,1,-222.70526123046875,108.92963409423828,-857.19580078125,,,,,,,,,,285297,2370
1786071910,87056339,,,,,5,-1495.51611328125,1021.8150634765625,-775.8284301757812,0.11110004037618637,-0.150584876537323,-0.26691585779190063,0.9453766942024231,1,285297,2370
1786071910,95558795,1,-222.13243103027344,108.69140625,-856.39697265625,,,,,,,,,,285298,2370
1786071910,95558795,,,,,5,-1495.6229248046875,1021.8695678710938,-775.76513671875,0.11097875982522964,-0.14991094172000885,-0.26727554202079773,0.9453963041305542,1,285298,2370
1786071910,103716771,1,-221.2301025390625,106.7969741821289,-853.0098266601562,,,,,,,,,,285299,2370
1786071910,103716771,,,,,5,-1495.502197265625,1021.8158569335938,-775.8048706054688,0.1112319827079773,-0.15058140456676483,-0.26722007989883423,0.9452757239341736,1,285299,2370
1786071910,111478289,1,-221.33941650390625,108.3481216430664,-853.533935546875,,,,,,,,,,285300,2370
1786071910,111478289,,,,,5,-1495.6431884765625,1021.8511962890625,-775.8004150390625,0.1115569919347763,-0.14967332780361176,-0.26794978976249695,0.9451751112937927,1,285300,2370
1786071910,120737527,1,-219.9525909423828,108.58052062988281,-851.4705200195312,,,,,,,,,,285301,2370
1786071910,120737527,,,,,5,-1495.619384765625,1021.8558959960938,-775.7572631835938,0.11161208152770996,-0.14972196519374847,-0.2679104804992676,0.9451720118522644,1,285301,2370
1786071910,128464158,1,-219.32427978515625,107.87450408935547,-850.7705078125,,,,,,,,,,285302,2370
1786071910,128464158,,,,,5,-1495.514892578125,1021.7862548828125,-775.8477172851562,0.1110645979642868,-0.1505013406276703,-0.2666019797325134,0.9454826712608337,1,285302,2370
1786071910,136573485,1,-218.60174560546875,108.34905242919922,-849.8513793945312,,,,,,,,,,285303,2370
1786071910,136573485,,,,,5,-1495.5001220703125,1021.8024291992188,-775.8121948242188,0.11095704883337021,-0.1506393998861313,-0.2664721608161926,0.9455099701881409,1,285303,2370
1786071910,145357498,1,-219.07041931152344,107.73881530761719,-850.8331909179688,,,,,,,,,,285304,2370
1786071910,145357498,,,,,5,-1495.52001953125,1021.7932739257812,-775.7778930664062,0.11152965575456619,-0.1505626142024994,-0.2682158648967743,0.9449614882469177,1,285304,2370
1786071910,153292808,1,-217.63131713867188,108.95677947998047,-849.2345581054688,,,,,,,,,,285305,2370
1786071910,153292808,,,,,5,-1495.5247802734375,1021.8151245117188,-775.793212890625,0.11103679239749908,-0.15070891380310059,-0.266978919506073,0.945346474647522,1,285305,2370
1786071910,162510727,1,-216.62464904785156,108.87828826904297,-849.1736450195312,,,,,,,,,,285306,2370
1786071910,162510727,,,,,5,-1495.5301513671875,1021.7921752929688,-775.8197021484375,0.11127355694770813,-0.15042488276958466,-0.2675964832305908,0.9451892971992493,1,285306,2370
1786071910,171013023,1,-216.2323455810547,108.9420166015625,-848.9409790039062,,,,,,,,,,285307,2370
1786071910,171013023,,,,,5,-1495.5146484375,1021.7981567382812,-775.8268432617188,0.11101116240024567,-0.15055732429027557,-0.2665620744228363,0.9454913139343262,1,285307,2370
1786071910,178331802,1,-216.0719757080078,109.04820251464844,-848.9090576171875,,,,,,,,,,285308,2370
1786071910,178331802,,,,,5,-1495.5283203125,1021.7893676757812,-775.7739868164062,0.1111714243888855,-0.15048374235630035,-0.26698413491249084,0.9453650116920471,1,285308,2370
1786071910,187367318,1,-215.74790954589844,108.23462677001953,-848.4326171875,,,,,,,,,,285309,2370
1786071910,187367318,,,,,5,-1495.50634765625,1021.7880249023438,-775.83984375,0.11119680851697922,-0.1506405770778656,-0.26695623993873596,0.9453450441360474,1,285309,2370
1786071910,195231927,1,-215.25714111328125,106.76355743408203,-848.0560913085938,,,,,,,,,,285310,2370
1786071910,195231927,,,,,5,-1495.6058349609375,1021.8727416992188,-775.7570190429688,0.1115984246134758,-0.14975406229496002,-0.2680417597293854,0.945131242275238,1,285310,2370
1786071910,203203692,1,-213.93927001953125,108.7437515258789,-845.39404296875,,,,,,,,,,285311,2370
1786071910,203203692,,,,,5,-1495.5,1021.7816772460938,-775.798828125,0.111302949488163,-0.15061047673225403,-0.2673696279525757,0.945220410823822,1,285311,2370
1786071910,212201729,1,-213.60595703125,108.59104919433594,-844.5088500976562,,,,,,,,,,285312,2370
1786071910,212201729,,,,,5,-1495.5340576171875,1021.7948608398438,-775.8192138671875,0.11118562519550323,-0.15054012835025787,-0.2673185169696808,0.9452599287033081,1,285312,2370
1786071910,220162420,1,-213.35301208496094,107.78993225097656,-843.5872192382812,,,,,,,,,,285313,2370
1786071910,220162420,,,,,5,-1495.6087646484375,1021.8599853515625,-775.7753295898438,0.11166054010391235,-0.1497618854045868,-0.2677437961101532,0.9452071189880371,1,285313,2370
1786071910,228049369,1,-212.6008758544922,107.52949523925781,-842.7379760742188,,,,,,,,,,285314,2370
1786071910,228049369,,,,,5,-1495.539306640625,1021.8193359375,-775.8014526367188,0.1109507828950882,-0.15076179802417755,-0.26705288887023926,0.9453272819519043,1,285314,2370
1786071910,237336421,1,-211.8087158203125,107.44380950927734,-841.77001953125,,,,,,,,,,285315,2370
1786071910,237336421,,,,,5,-1495.5330810546875,1021.8119506835938,-775.8295288085938,0.11094097048044205,-0.15061448514461517,-0.2665964663028717,0.9454807043075562,1,285315,2370
1786071910,245132921,1,-210.8950958251953,107.58934783935547,-840.7796630859375,,,,,,,,,,285316,2370
1786071910,245132921,,,,,5,-1495.5010986328125,1021.822265625,-775.8280639648438,0.11077983677387238,-0.15046221017837524,-0.26628249883651733,0.9456122517585754,1,285316,2370
1786071910,254175094,1,-210.15003967285156,107.27430725097656,-839.9589233398438,,,,,,,,,,285317,2370
1786071910,254175094,,,,,5,-1495.6453857421875,1021.8728637695312,-775.74462890625,0.11152391135692596,-0.14990250766277313,-0.2683878540992737,0.9450182914733887,1,285317,2370
1786071910,262045849,1,-209.61805725097656,106.90342712402344,-839.4032592773438,,,,,,,,,,285318,2370
1786071910,262045849,,,,,5,-1495.6258544921875,1021.8583374023438,-775.7882080078125,0.11161667853593826,-0.1498759537935257,-0.267749547958374,0.9451926350593567,1,285318,2370
1786071910,270259803,1,-208.8228302001953,106.4223861694336,-838.6495971679688,,,,,,,,,,285319,2370
1786071910,270259803,,,,,5,-1495.520751953125,1021.8323364257812,-775.8002319335938,0.11080913990736008,-0.15070800483226776,-0.2668517529964447,0.9454092383384705,1,285319,2370
1786071910,279117302,1,-208.0455780029297,106.84915924072266,-837.677734375,,,,,,,,,,285320,2370
1786071910,279117302,,,,,5,-1495.6409912109375,1021.8902587890625,-775.7809448242188,0.11127272993326187,-0.14998598396778107,-0.26751288771629333,0.9452826976776123,1,285320,2370
1786071910,287124690,1,-207.29002380371094,107.10710144042969,-837.0081176757812,,,,,,,,,,285321,2370
1786071910,287124690,,,,,5,-1495.5203857421875,1021.7933959960938,-775.7946166992188,0.11131160706281662,-0.15054838359355927,-0.26727014780044556,0.9452574253082275,1,285321,2370
1786071910,295007574,1,-206.5542449951172,106.89530944824219,-836.0390625,,,,,,,,,,285322,2370
1786071910,295007574,,,,,5,-1495.6502685546875,1021.8927612304688,-775.7676391601562,0.1114499643445015,-0.14991100132465363,-0.26790013909339905,0.9451640844345093,1,285322,2370
1786071910,304208913,1,-205.8808135986328,106.85627746582031,-835.3402709960938,,,,,,,,,,285323,2370
1786071910,304208913,,,,,5,-1495.6617431640625,1021.8710327148438,-775.8259887695312,0.11145336180925369,-0.14965705573558807,-0.2677004933357239,0.9452604651451111,1,285323,2370
1786071910,311947195,1,-205.31072998046875,106.59609985351562,-834.7854614257812,,,,,,,,,,285324,2370
1786071910,311947195,,,,,5,-1495.543701171875,1021.8119506835938,-775.7901000976562,0.11120464652776718,-0.15079952776432037,-0.2674204111099243,0.9451875686645508,1,285324,2370
1786071910,319925681,1,-204.3817138671875,106.78466796875,-834.00732421875,,,,,,,,,,285325,2370
1786071910,319925681,,,,,5,-1495.5379638671875,1021.8082885742188,-775.8259887695312,0.11101382970809937,-0.15054160356521606,-0.2665768265724182,0.945489227771759,1,285325,2370
1786071910,328953100,1,-204.05401611328125,106.3659896850586,-833.5449829101562,,,,,,,,,,285326,2370
1786071910,328953100,,,,,5,-1495.6583251953125,1021.8513793945312,-775.7720336914062,0.11169961094856262,-0.14983060956001282,-0.2677595019340515,0.9451872706413269,1,285326,2370
1786071910,336879064,1,-202.8939971923828,106.92758178710938,-832.7360229492188,,,,,,,,,,285327,2370
1786071910,336879064,,,,,5,-1495.6275634765625,1021.8516845703125,-775.7659301757812,0.11168847978115082,-0.14978723227977753,-0.26821064949035645,0.9450675249099731,1,285327,2370
1786071910,345811937,1,-202.28079223632812,106.5472640991211,-832.5629272460938,,,,,,,,,,285328,2370
1786071910,345811937,,,,,5,-1495.5594482421875,1021.8534545898438,-775.7955932617188,0.11093656718730927,-0.15073950588703156,-0.2673013508319855,0.9452623128890991,1,285328,2370
1786071910,354014913,1,-201.88619995117188,106.66459655761719,-831.0341186523438,,,,,,,,,,285329,2370
1786071910,354014913,,,,,5,-1495.516845703125,1021.8043212890625,-775.8098754882812,0.11123695969581604,-0.1505252867937088,-0.26790693402290344,0.94508957862854,1,285329,2370
1786071910,361806261,1,-200.74159240722656,106.68122100830078,-830.58984375,,,,,,,,,,285330,2370
1786071910,361806261,,,,,5,-1495.6239013671875,1021.8814697265625,-775.8082885742188,0.11162208020687103,-0.14976970851421356,-0.26792362332344055,0.9451594352722168,1,285330,2370
1786071910,370747359,1,-200.12127685546875,106.69039916992188,-830.1751708984375,,,,,,,,,,285331,2370
1786071910,370747359,,,,,5,-1495.6339111328125,1021.8583374023438,-775.7665405273438,0.11160580813884735,-0.14972281455993652,-0.268053263425827,0.9451321363449097,1,285331,2370
1786071910,378866128,1,-199.45465087890625,106.4583740234375,-829.1215209960938,,,,,,,,,,285332,2370
1786071910,378866128,,,,,5,-1495.6444091796875,1021.87060546875,-775.7495727539062,0.11159034073352814,-0.14950913190841675,-0.2682410180568695,0.9451144933700562,1,285332,2370
1786071910,386729328,1,-198.7588653564453,106.96223449707031,-828.681884765625,,,,,,,,,,285333,2370
1786071910,386729328,,,,,5,-1495.6234130859375,1021.8729858398438,-775.8115234375,0.11154678463935852,-0.14981557428836823,-0.2675529718399048,0.9452661275863647,1,285333,2370
1786071910,395754251,1,-197.832763671875,106.96859741210938,-828.1987915039062,,,,,,,,,,285334,2370
1786071910,395754251,,,,,5,-1495.52197265625,1021.8401489257812,-775.8182373046875,0.11137517541646957,-0.15036803483963013,-0.2675033509731293,0.9452126622200012,1,285334,2370
1786071910,403651602,1,-197.24000549316406,106.97848510742188,-827.6234741210938,,,,,,,,,,285335,2370
1786071910,403651602,,,,,5,-1495.5379638671875,1021.8411254882812,-775.8087768554688,0.11094111204147339,-0.15072965621948242,-0.2670820355415344,0.9453253746032715,1,285335,2370
1786071910,411749630,1,-196.5206298828125,107.29059600830078,-826.9003295898438,,,,,,,,,,285336,2370
1786071910,411749630,,,,,5,-1495.6556396484375,1021.8748168945312,-775.7617797851562,0.11156929284334183,-0.14995820820331573,-0.268229216337204,0.9450491666793823,1,285336,2370
1786071910,420834308,1,-195.86329650878906,107.43456268310547,-826.501708984375,,,,,,,,,,285337,2370
1786071910,420834308,,,,,5,-1495.63525390625,1021.9047241210938,-775.776611328125,0.11152664572000504,-0.14973701536655426,-0.26770588755607605,0.9452376961708069,1,285337,2370
1786071910,428922031,1,-195.15725708007812,106.6191635131836,-826.3843994140625,,,,,,,,,,285338,2370
1786071910,428922031,,,,,5,-1495.5411376953125,1021.8271484375,-775.8015747070312,0.11111266911029816,-0.1506158709526062,-0.26741623878479004,0.9452286958694458,1,285338,2370
1786071910,436679868,1,-194.38595581054688,107.16979217529297,-825.1885375976562,,,,,,,,,,285339,2370
1786071910,436679868,,,,,5,-1495.6373291015625,1021.87109375,-775.7831420898438,0.11148934066295624,-0.14978648722171783,-0.267730176448822,0.945227324962616,1,285339,2370
1786071910,445687187,1,-193.61856079101562,106.9517822265625,-824.4193725585938,,,,,,,,,,285340,2370
1786071910,445687187,,,,,5,-1495.642822265625,1021.8717041015625,-775.7764282226562,0.11171358078718185,-0.14963677525520325,-0.26877158880233765,0.9449288845062256,1,285340,2370
1786071910,453625377,1,-193.12144470214844,107.027587890625,-824.3486328125,,,,,,,,,,285341,2371
1786071910,453625377,,,,,5,-1495.62158203125,1021.8658447265625,-775.7947998046875,0.11149051785469055,-0.14998061954975128,-0.2676067352294922,0.9452314972877502,1,285341,2371
1786071910,461524969,1,-192.37074279785156,106.3418197631836,-823.6624755859375,,,,,,,,,,285342,2371
1786071910,461524969,,,,,5,-1495.543701171875,1021.83203125,-775.798095703125,0.1107921376824379,-0.1507357805967331,-0.2668406665325165,0.945409893989563,1,285342,2371
1786071910,470521246,1,-191.60227966308594,106.83100891113281,-823.2090454101562,,,,,,,,,,285343,2371
1786071910,470521246,,,,,5,-1495.664794921875,1021.8941650390625,-775.7628784179688,0.11130265891551971,-0.14992734789848328,-0.2676674723625183,0.9452447295188904,1,285343,2371
1786071910,478472687,1,-191.83396911621094,103.9771728515625,-822.9827880859375,,,,,,,,,,285344,2371
1786071910,478472687,,,,,5,-1495.6363525390625,1021.875,-775.7662963867188,0.11156615614891052,-0.1498020738363266,-0.26818642020225525,0.9450864791870117,1,285344,2371
1786071910,487556948,1,-190.20114135742188,105.25502014160156,-822.4883422851562,,,,,,,,,,285345,2371
1786071910,487556948,,,,,5,-1495.6353759765625,1021.8712768554688,-775.7687377929688,0.11171211302280426,-0.14986024796962738,-0.26788821816444397,0.945144534111023,1,285345,2371
1786071910,495481601,1,-189.23658752441406,106.03678894042969,-821.8370971679688,,,,,,,,,,285346,2371
1786071910,495481601,,,,,5,-1495.5299072265625,1021.8673706054688,-775.8319091796875,0.11053011566400528,-0.1507377177476883,-0.2659029960632324,0.9457045197486877,1,285346,2371
1786071910,503539206,1,-188.5774688720703,106.26725769042969,-821.2543334960938,,,,,,,,,,285347,2371
1786071910,503539206,,,,,5,-1495.5284423828125,1021.818359375,-775.8510131835938,0.1108933612704277,-0.15063680708408356,-0.2667536735534668,0.9454383254051208,1,285347,2371
1786071910,512368891,1,-188.2000274658203,105.6649398803711,-820.5762939453125,,,,,,,,,,285348,2371
1786071910,512368891,,,,,5,-1495.5504150390625,1021.8554077148438,-775.8456420898438,0.11134319007396698,-0.1503065526485443,-0.2673896253108978,0.9452584385871887,1,285348,2371
1786071910,520424480,1,-187.1194610595703,106.03813934326172,-820.2353515625,,,,,,,,,,285349,2371
1786071910,520424480,,,,,5,-1495.6434326171875,1021.8807983398438,-775.8008422851562,0.11136434972286224,-0.14985059201717377,-0.26708126068115234,0.9454154372215271,1,285349,2371
1786071910,528379922,1,-186.64947509765625,105.66365051269531,-819.4735717773438,,,,,,,,,,285350,2371
1786071910,528379922,,,,,5,-1495.6556396484375,1021.8634033203125,-775.7944946289062,0.11167167127132416,-0.14966273307800293,-0.26806390285491943,0.9451308846473694,1,285350,2371
1786071910,536969883,1,-185.6261444091797,106.16071319580078,-819.1251831054688,,,,,,,,,,285351,2371
1786071910,536969883,,,,,5,-1495.5369873046875,1021.8326416015625,-775.8029174804688,0.11110248416662216,-0.15038365125656128,-0.26736894249916077,0.9452804327011108,1,285351,2371
1786071910,545249802,1,-185.02452087402344,105.3621597290039,-818.5430297851562,,,,,,,,,,285352,2371
1786071910,545249802,,,,,5,-1495.4886474609375,1021.8356323242188,-775.8338012695312,0.11068893224000931,-0.15064209699630737,-0.2657199203968048,0.9457525610923767,1,285352,2371
1786071910,553755779,1,-183.95701599121094,106.27790069580078,-818.2239990234375,,,,,,,,,,285353,2371
1786071910,553755779,,,,,5,-1495.4908447265625,1021.8161010742188,-775.8213500976562,0.11104358732700348,-0.1506139189004898,-0.26672929525375366,0.9454313516616821,1,285353,2371
1786071910,561158733,1,-183.12527465820312,105.96002960205078,-817.9910278320312,,,,,,,,,,285354,2371
1786071910,561158733,,,,,5,-1495.654541015625,1021.8896484375,-775.8027954101562,0.11166402697563171,-0.1496501863002777,-0.2681466341018677,0.9451102018356323,1,285354,2371
1786071910,570184232,1,-182.4314422607422,106.03768157958984,-817.4818725585938,,,,,,,,,,285355,2371
1786071910,570184232,,,,,5,-1495.6536865234375,1021.921875,-775.7864990234375,0.11110030859708786,-0.14997531473636627,-0.26691946387290955,0.9454723596572876,1,285355,2371
1786071910,578120374,1,-181.61154174804688,106.24821472167969,-816.4413452148438,,,,,,,,,,285356,2371
1786071910,578120374,,,,,5,-1495.542236328125,1021.7880249023438,-775.8810424804688,0.11062110960483551,-0.15051387250423431,-0.2662784457206726,0.9456237554550171,1,285356,2371
1786071910,587139791,1,-181.22686767578125,106.36099243164062,-815.8992919921875,,,,,,,,,,285357,2371
1786071910,587139791,,,,,5,-1495.4927978515625,1021.8080444335938,-775.8270874023438,0.11090721935033798,-0.15064457058906555,-0.26626822352409363,0.9455723762512207,1,285357,2371
1786071910,595125159,1,-180.09869384765625,106.20789337158203,-815.6854248046875,,,,,,,,,,285358,2371
1786071910,595125159,,,,,5,-1495.508056640625,1021.79736328125,-775.8367309570312,0.11105155944824219,-0.15048657357692719,-0.2669227719306946,0.9453960061073303,1,285358,2371
1786071910,604146208,1,-179.52362060546875,106.47879791259766,-814.9712524414062,,,,,,,,,,285359,2371
1786071910,604146208,,,,,5,-1495.494140625,1021.8026733398438,-775.8854370117188,0.11069287359714508,-0.15050463378429413,-0.26601287722587585,0.9456916451454163,1,285359,2371
1786071910,612109716,1,-179.06536865234375,106.32998657226562,-814.7481689453125,,,,,,,,,,285360,2371
1786071910,612109716,,,,,5,-1495.6072998046875,1021.869140625,-775.78173828125,0.11145757883787155,-0.1497584730386734,-0.26760536432266235,0.9452709555625916,1,285360,2371
1786071910,620057028,1,-178.3091583251953,105.9301986694336,-814.29052734375,,,,,,,,,,285361,2371
1786071910,620057028,,,,,5,-1495.6634521484375,1021.8590698242188,-775.7877807617188,0.11172657459974289,-0.14971549808979034,-0.26807311177253723,0.9451134204864502,1,285361,2371
1786071910,629075133,1,-177.05728149414062,107.04524993896484,-812.3783569335938,,,,,,,,,,285362,2371
1786071910,629075133,,,,,5,-1495.625732421875,1021.8666381835938,-775.7784423828125,0.11136683821678162,-0.14975771307945251,-0.26734891533851624,0.9453542828559875,1,285362,2371
1786071910,637060981,1,-176.40499877929688,106.7646484375,-812.2830200195312,,,,,,,,,,285363,2371
1786071910,637060981,,,,,5,-1495.511474609375,1021.8155517578125,-775.8202514648438,0.11104539036750793,-0.15057629346847534,-0.26687127351760864,0.9453969597816467,1,285363,2371
1786071910,645107832,1,-175.7676239013672,105.877685546875,-812.0584106445312,,,,,,,,,,285364,2371
1786071910,645107832,,,,,5,-1495.6485595703125,1021.8600463867188,-775.8088989257812,0.1115143895149231,-0.1497889906167984,-0.26791152358055115,0.9451727271080017,1,285364,2371
1786071910,654074215,1,-175.27740478515625,105.35584259033203,-811.8950805664062,,,,,,,,,,285365,2371
1786071910,654074215,,,,,5,-1495.53857421875,1021.8190307617188,-775.7971801757812,0.11096476018428802,-0.15075963735580444,-0.26680731773376465,0.945395290851593,1,285365,2371
1786071910,661999764,1,-174.4318389892578,105.67119598388672,-811.7909545898438,,,,,,,,,,285366,2371
1786071910,661999764,,,,,5,-1495.6165771484375,1021.8576049804688,-775.7948608398438,0.11166447401046753,-0.14975173771381378,-0.2680912911891937,0.9451098442077637,1,285366,2371
1786071910,670191538,1,-173.78030395507812,106.11209869384766,-811.825927734375,,,,,,,,,,285367,2371
1786071910,670191538,,,,,5,-1495.515625,1021.8421020507812,-775.7836303710938,0.11103805154561996,-0.15051878988742828,-0.2676551938056946,0.9451853632926941,1,285367,2371
1786071910,678909811,1,-173.1189422607422,106.59156036376953,-812.7258911132812,,,,,,,,,,285368,2371
1786071910,678909811,,,,,5,-1495.64111328125,1021.8951416015625,-775.7682495117188,0.1112346351146698,-0.14994265139102936,-0.2674802243709564,0.9453033208847046,1,285368,2371
1786071910,686934642,1,-172.9527587890625,105.63861083984375,-812.2799072265625,,,,,,,,,,285369,2371
1786071910,686934642,,,,,5,-1495.5096435546875,1021.7991333007812,-775.8272705078125,0.11103224009275436,-0.15058422088623047,-0.2666793763637543,0.9454514980316162,1,285369,2371
1786071910,694888547,1,-172.42886352539062,105.79090881347656,-813.2109985351562,,,,,,,,,,285370,2371
1786071910,694888547,,,,,5,-1495.5244140625,1021.8062744140625,-775.8265380859375,0.11088605225086212,-0.15064294636249542,-0.2662964165210724,0.9455670714378357,1,285370,2371
1786071910,704024754,1,-171.00308227539062,107.02134704589844,-810.6884765625,,,,,,,,,,285371,2371
1786071910,704024754,,,,,5,-1495.616455078125,1021.845703125,-775.798095703125,0.1114107295870781,-0.14972595870494843,-0.26740598678588867,0.9453379511833191,1,285371,2371
1786071910,711844331,1,-170.52120971679688,106.48921203613281,-810.5891723632812,,,,,,,,,,285372,2371
1786071910,711844331,,,,,5,-1495.608642578125,1021.8590087890625,-775.8072509765625,0.11142697930335999,-0.14987948536872864,-0.26753219962120056,0.9452760219573975,1,285372,2371
1786071910,720841280,1,-169.9475555419922,106.20265197753906,-809.980712890625,,,,,,,,,,285373,2371
1786071910,720841280,,,,,5,-1495.5213623046875,1021.8272705078125,-775.8453369140625,0.11072414368391037,-0.15076953172683716,-0.2664252817630768,0.9455296993255615,1,285373,2371
1786071910,728861470,1,-169.1427459716797,105.18258666992188,-810.5137329101562,,,,,,,,,,285374,2371
1786071910,728861470,,,,,5,-1495.6639404296875,1021.8948364257812,-775.7848510742188,0.11153871566057205,-0.14978644251823425,-0.2672712504863739,0.9453514814376831,1,285374,2371
1786071910,736741890,1,-168.69947814941406,105.97308349609375,-809.8150024414062,,,,,,,,,,285375,2371
1786071910,736741890,,,,,5,-1495.5377197265625,1021.8092041015625,-775.8370361328125,0.11095036566257477,-0.15050527453422546,-0.2666330933570862,0.9454866051673889,1,285375,2371
1786071910,745755802,1,-168.18043518066406,105.1891860961914,-809.2463989257812,,,,,,,,,,285376,2371
1786071910,745755802,,,,,5,-1495.6705322265625,1021.8670043945312,-775.8102416992188,0.11119458824396133,-0.14971913397312164,-0.26723554730415344,0.9454126954078674,1,285376,2371
1786071910,753744914,1,-167.55039978027344,105.37399291992188,-809.0029907226562,,,,,,,,,,285377,2371
1786071910,753744914,,,,,5,-1495.6265869140625,1021.9002075195312,-775.7978515625,0.11166021227836609,-0.14946061372756958,-0.26806962490081787,0.9451624751091003,1,285377,2371
1786071910,761667166,1,-167.0330810546875,105.84130096435547,-808.7550048828125,,,,,,,,,,285378,2371
1786071910,761667166,,,,,5,-1495.6346435546875,1021.8865356445312,-775.7675170898438,0.11146129667758942,-0.1496991068124771,-0.26766711473464966,0.9452624320983887,1,285378,2371
1786071910,771205017,1,-166.52944946289062,105.6898422241211,-808.5568237304688,,,,,,,,,,285379,2371
1786071910,771205017,,,,,5,-1495.5206298828125,1021.830078125,-775.82421875,0.11093734204769135,-0.150735542178154,-0.2667359411716461,0.9454225301742554,1,285379,2371
1786071910,778778371,1,-165.81936645507812,106.29854583740234,-808.66064453125,,,,,,,,,,285380,2371
1786071910,778778371,,,,,5,-1495.4912109375,1021.8026733398438,-775.8443603515625,0.1109151616692543,-0.1505262702703476,-0.26667410135269165,0.9454759359359741,1,285380,2371
1786071910,786561269,1,-165.12925720214844,105.75270080566406,-808.401611328125,,,,,,,,,,285381,2371
1786071910,786561269,,,,,5,-1495.5111083984375,1021.8239135742188,-775.8226928710938,0.11157184094190598,-0.15043821930885315,-0.26788976788520813,0.9450688362121582,1,285381,2371
1786071910,795512641,1,-164.49072265625,106.67522430419922,-806.2184448242188,,,,,,,,,,285382,2371
1786071910,795512641,,,,,5,-1495.508056640625,1021.7937622070312,-775.8161010742188,0.11098508536815643,-0.15069782733917236,-0.26676198840141296,0.945415735244751,1,285382,2371
1786071910,803514588,1,-164.25588989257812,106.04705810546875,-806.6069946289062,,,,,,,,,,285383,2371
1786071910,803514588,,,,,5,-1495.624755859375,1021.8642578125,-775.7898559570312,0.11155082285404205,-0.1498447209596634,-0.26737987995147705,0.9453099370002747,1,285383,2371
1786071910,812681905,1,-164.27818298339844,107.1268310546875,-806.6410522460938,,,,,,,,,,285384,2371
1786071910,812681905,,,,,5,-1495.6505126953125,1021.8644409179688,-775.7688598632812,0.11158445477485657,-0.14961697161197662,-0.2681070864200592,0.9451361298561096,1,285384,2371
1786071910,820563605,1,-163.7791290283203,107.23182678222656,-806.355224609375,,,,,,,,,,285385,2371
1786071910,820563605,,,,,5,-1495.5130615234375,1021.8148803710938,-775.7905883789062,0.11096593737602234,-0.15058209002017975,-0.2670455873012543,0.9453561902046204,1,285385,2371
1786071910,828466589,1,-163.71730041503906,107.26289367675781,-806.1083374023438,,,,,,,,,,285386,2371
1786071910,828466589,,,,,5,-1495.64404296875,1021.8549194335938,-775.7885131835938,0.11158202588558197,-0.14977164566516876,-0.2683362662792206,0.9450468420982361,1,285386,2371
1786071910,837466003,1,-163.64218139648438,106.99732208251953,-806.2256469726562,,,,,,,,,,285387,2371
1786071910,837466003,,,,,5,-1495.5103759765625,1021.8107299804688,-775.8402099609375,0.11109550297260284,-0.15051588416099548,-0.26695603132247925,0.9453768134117126,1,285387,2371
1786071910,845523064,1,-163.09683227539062,107.7864990234375,-805.416015625,,,,,,,,,,285388,2371
1786071910,845523064,,,,,5,-1495.6295166015625,1021.8839111328125,-775.8052978515625,0.11152350902557373,-0.14974667131900787,-0.26813212037086487,0.9451157450675964,1,285388,2371
1786071910,854173292,1,-161.92987060546875,108.12224578857422,-805.2705688476562,,,,,,,,,,285389,2371
1786071910,854173292,,,,,5,-1495.6531982421875,1021.9122314453125,-775.7535400390625,0.11161120980978012,-0.14958536624908447,-0.26833078265190125,0.9450744986534119,1,285389,2371
1786071910,862413363,1,-161.9931182861328,108.13846588134766,-804.9017944335938,,,,,,,,,,285390,2371
1786071910,862413363,,,,,5,-1495.5050048828125,1021.8193359375,-775.81640625,0.11099643260240555,-0.15059569478034973,-0.26677951216697693,0.9454255104064941,1,285390,2371
1786071910,870396554,1,-161.90097045898438,108.67342376708984,-804.6256103515625,,,,,,,,,,285391,2371
1786071910,870396554,,,,,5,-1495.6395263671875,1021.8598022460938,-775.781494140625,0.11166851967573166,-0.14983561635017395,-0.26792261004447937,0.94514399766922,1,285391,2371
1786071910,878583527,1,-161.21429443359375,109.24882507324219,-804.7362670898438,,,,,,,,,,285392,2371
1786071910,878583527,,,,,5,-1495.5218505859375,1021.8005981445312,-775.7869262695312,0.11144250631332397,-0.15044492483139038,-0.267932265996933,0.9450711607933044,1,285392,2371
1786071910,887350769,1,-160.3563232421875,107.810302734375,-804.6752319335938,,,,,,,,,,285393,2371
1786071910,887350769,,,,,5,-1495.5145263671875,1021.8298950195312,-775.8170166015625,0.11082746833562851,-0.1508021205663681,-0.2668652832508087,0.9453883171081543,1,285393,2371
1786071910,895319206,1,-160.45762634277344,107.46173858642578,-803.7723388671875,,,,,,,,,,285394,2371
1786071910,895319206,,,,,5,-1495.6524658203125,1021.88330078125,-775.7590942382812,0.11143828183412552,-0.14995741844177246,-0.2681356370449066,0.9450913667678833,1,285394,2371
1786071910,906198875,1,-160.47642517089844,107.7225570678711,-803.105712890625,,,,,,,,,,285395,2371
1786071910,906198875,,,,,5,-1495.5379638671875,1021.82763671875,-775.8046264648438,0.11096064001321793,-0.1508335918188095,-0.26694291830062866,0.9453458189964294,1,285395,2371
1786071910,912223620,1,-159.44032287597656,107.04066467285156,-803.2672729492188,,,,,,,,,,285396,2371
1786071910,912223620,,,,,5,-1495.5166015625,1021.8134765625,-775.8041381835938,0.1111164391040802,-0.15076006948947906,-0.2673840820789337,0.9452145099639893,1,285396,2371
1786071910,920198905,1,-159.22654724121094,106.72696685791016,-803.025146484375,,,,,,,,,,285397,2371
1786071910,920198905,,,,,5,-1495.6197509765625,1021.8668823242188,-775.7814331054688,0.11163826286792755,-0.1497388333082199,-0.2679708003997803,0.9451491236686707,1,285397,2371
1786071910,929200495,1,-159.39151000976562,107.77139282226562,-802.3590087890625,,,,,,,,,,285398,2371
1786071910,929200495,,,,,5,-1495.6522216796875,1021.8768920898438,-775.7771606445312,0.11128034442663193,-0.1498883068561554,-0.2677482068538666,0.9452307224273682,1,285398,2371
1786071910,937151136,1,-158.93959045410156,106.68569946289062,-802.0514526367188,,,,,,,,,,285399,2371
1786071910,937151136,,,,,5,-1495.5301513671875,1021.7852783203125,-775.8375854492188,0.11096638441085815,-0.15046732127666473,-0.2667076289653778,0.9454697966575623,1,285399,2371
1786071910,945091600,1,-158.12493896484375,106.74815368652344,-802.6693725585938,,,,,,,,,,285400,2371
1786071910,945091600,,,,,5,-1495.6451416015625,1021.8632202148438,-775.7987670898438,0.11166612058877945,-0.14980626106262207,-0.2677707374095917,0.9451918601989746,1,285400,2371
1786071910,954153105,1,-158.2279510498047,106.61965942382812,-802.1966552734375,,,,,,,,,,285401,2371
1786071910,954153105,,,,,5,-1495.640869140625,1021.8560791015625,-775.7637939453125,0.1116265058517456,-0.14977076649665833,-0.2682359516620636,0.9450702667236328,1,285401,2371
1786071910,962092704,1,-157.13006591796875,105.00010681152344,-803.900146484375,,,,,,,,,,285402,2371
1786071910,962092704,,,,,5,-1495.51953125,1021.79638671875,-775.818115234375,0.11092816293239594,-0.15053752064704895,-0.26643314957618713,0.9455403685569763,1,285402,2371
1786071910,970253368,1,-157.2088165283203,105.80961608886719,-803.2276000976562,,,,,,,,,,285403,2371
1786071910,970253368,,,,,5,-1495.6085205078125,1021.8646850585938,-775.81103515625,0.11157982051372528,-0.14955855906009674,-0.2679024338722229,0.945203959941864,1,285403,2371
1786071910,979044615,1,-156.76187133789062,105.89627838134766,-803.3243408203125,,,,,,,,,,285404,2371
1786071910,979044615,,,,,5,-1495.6412353515625,1021.84912109375,-775.7528076171875,0.1116369366645813,-0.14964768290519714,-0.267879456281662,0.9451895952224731,1,285404,2371
1786071910,987104268,1,-156.34950256347656,105.69771575927734,-803.5031127929688,,,,,,,,,,285405,2371
1786071910,987104268,,,,,5,-1495.5201416015625,1021.8016967773438,-775.8121948242188,0.11139801144599915,-0.15023241937160492,-0.2674470543861389,0.9452475309371948,1,285405,2371
1786071910,994908290,1,-156.06309509277344,106.43077087402344,-803.8009033203125,,,,,,,,,,285406,2371
1786071910,994908290,,,,,5,-1495.6561279296875,1021.8977661132812,-775.7916870117188,0.11163071542978287,-0.14971154928207397,-0.2679849863052368,0.9451503753662109,1,285406,2371
1786071911,4026926,1,-155.9447021484375,105.51918029785156,-803.251953125,,,,,,,,,,285407,2371
1786071911,4026926,,,,,5,-1495.6434326171875,1021.853515625,-775.7781372070312,0.11169452220201492,-0.14979703724384308,-0.2682360112667084,0.9450581073760986,1,285407,2371
1786071911,11912434,1,-155.84335327148438,105.49268341064453,-802.7108764648438,,,,,,,,,,285408,2371
1786071911,11912434,,,,,5,-1495.5091552734375,1021.8240356445312,-775.8276977539062,0.11131002753973007,-0.15038210153579712,-0.2672656774520874,0.9452853202819824,1,285408,2371
1786071911,20057704,1,-155.51885986328125,105.65333557128906,-802.92138671875,,,,,,,,,,285409,2371
1786071911,20057704,,,,,5,-1495.5521240234375,1021.8020629882812,-775.796630859375,0.11107883602380753,-0.15056198835372925,-0.26744142174720764,0.9452342987060547,1,285409,2371
1786071911,28879292,1,-154.82888793945312,106.531005859375,-800.6637573242188,,,,,,,,,,285410,2371
1786071911,28879292,,,,,5,-1495.5048828125,1021.7767944335938,-775.7970581054688,0.11134114861488342,-0.15067507326602936,-0.2676302492618561,0.9451318383216858,1,285410,2371
1786071911,36838575,1,-155.0898895263672,105.83560943603516,-802.3551635742188,,,,,,,,,,285411,2371
1786071911,36838575,,,,,5,-1495.5023193359375,1021.7512817382812,-775.738037109375,0.11072254180908203,-0.15113016963005066,-0.2668232023715973,0.945360004901886,1,285411,2371
1786071911,45850727,1,-154.25315856933594,106.68017578125,-800.1875,,,,,,,,,,285412,2371
1786071911,45850727,,,,,5,-1495.5177001953125,1021.7713012695312,-775.7452392578125,0.11045204848051071,-0.15130062401294708,-0.2668401598930359,0.9453595876693726,1,285412,2371
1786071911,53836158,1,-154.07095336914062,106.6803970336914,-799.9518432617188,,,,,,,,,,285413,2371
1786071911,53836158,,,,,5,-1495.620361328125,1021.8215942382812,-775.7512817382812,0.11156362295150757,-0.15005658566951752,-0.2683491110801697,0.945000171661377,1,285413,2371
1786071911,61771148,1,-154.1295928955078,106.59246063232422,-799.3316650390625,,,,,,,,,,285414,2371
1786071911,61771148,,,,,5,-1495.51708984375,1021.8048706054688,-775.7771606445312,0.11078880727291107,-0.15103508532047272,-0.2667592763900757,0.9453855156898499,1,285414,2371
1786071911,70193110,1,-153.58184814453125,106.9012680053711,-799.1797485351562,,,,,,,,,,285415,2371
1786071911,70193110,,,,,5,-1495.4656982421875,1021.8019409179688,-775.8191528320312,0.11074371635913849,-0.15072917938232422,-0.26619261503219604,0.945599377155304,1,285415,2371
1786071911,78669801,1,-154.35525512695312,105.74551391601562,-801.3128051757812,,,,,,,,,,285416,2371
1786071911,78669801,,,,,5,-1495.6131591796875,1021.8259887695312,-775.7570190429688,0.11159493029117584,-0.14993348717689514,-0.2681627571582794,0.9450690150260925,1,285416,2371
1786071911,86658338,1,-154.01145935058594,106.00350189208984,-801.1998901367188,,,,,,,,,,285417,2371
1786071911,86658338,,,,,5,-1495.626220703125,1021.8684692382812,-775.7880249023438,0.11190510541200638,-0.14959150552749634,-0.26814010739326477,0.9450929164886475,1,285417,2371
1786071911,95626833,1,-153.69073486328125,106.7773666381836,-802.6260986328125,,,,,,,,,,285418,2371
1786071911,95626833,,,,,5,-1495.5126953125,1021.8085327148438,-775.8336181640625,0.11099113523960114,-0.15052857995033264,-0.2667692303657532,0.9454396963119507,1,285418,2371
1786071911,103587044,1,-153.75265502929688,106.83064270019531,-801.2218627929688,,,,,,,,,,285419,2371
1786071911,103587044,,,,,5,-1495.62109375,1021.8594970703125,-775.7868041992188,0.11147449910640717,-0.14975428581237793,-0.26791879534721375,0.9451808333396912,1,285419,2371
1786071911,111579133,1,-153.61680603027344,105.8828125,-799.869873046875,,,,,,,,,,285420,2371
1786071911,111579133,,,,,5,-1495.62744140625,1021.8409423828125,-775.7716674804688,0.11157017946243286,-0.149788498878479,-0.2677968740463257,0.9451985955238342,1,285420,2371
1786071911,120572433,1,-154.7274627685547,104.26366424560547,-801.2176513671875,,,,,,,,,,285421,2371
1786071911,120572433,,,,,5,-1495.54296875,1021.833984375,-775.8428344726562,0.11140176653862,-0.15022413432598114,-0.26760244369506836,0.945204496383667,1,285421,2371
1786071911,128553800,1,-154.89901733398438,105.43482208251953,-798.7637939453125,,,,,,,,,,285422,2371
1786071911,128553800,,,,,5,-1495.5086669921875,1021.8453369140625,-775.83447265625,0.11098824441432953,-0.15025241672992706,-0.2666882872581482,0.9455068707466125,1,285422,2371
1786071911,136556195,1,-155.50013732910156,106.01822662353516,-795.8743286132812,,,,,,,,,,285423,2371
1786071911,136556195,,,,,5,-1495.6451416015625,1021.8858642578125,-775.7933349609375,0.1117129996418953,-0.14968785643577576,-0.2676337957382202,0.9452438950538635,1,285423,2371
1786071911,145511248,1,-156.5094757080078,105.6608657836914,-793.5910034179688,,,,,,,,,,285424,2371
1786071911,145511248,,,,,5,-1495.5272216796875,1021.8347778320312,-775.783935546875,0.11112205684185028,-0.15071512758731842,-0.26756808161735535,0.9451689124107361,1,285424,2371
1786071911,153600859,1,-157.65916442871094,105.8110122680664,-790.9347534179688,,,,,,,,,,285425,2371
1786071911,153600859,,,,,5,-1495.5262451171875,1021.8302612304688,-775.7982788085938,0.11095372587442398,-0.15058265626430511,-0.2670660614967346,0.9453516602516174,1,285425,2371
1786071911,161475486,1,-159.2788848876953,104.50459289550781,-787.6166381835938,,,,,,,,,,285426,2371
1786071911,161475486,,,,,5,-1495.631103515625,1021.8753051757812,-775.7698974609375,0.11177323758602142,-0.1499020755290985,-0.26808980107307434,0.9450734853744507,1,285426,2371
1786071911,170433388,1,-160.6066131591797,103.6275405883789,-785.3971557617188,,,,,,,,,,285427,2371
1786071911,170433388,,,,,5,-1495.5013427734375,1021.8621215820312,-775.8033447265625,0.11117922514677048,-0.15056520700454712,-0.2670662999153137,0.9453279972076416,1,285427,2371
1786071911,178373627,1,-160.55499267578125,105.94302368164062,-781.9447021484375,,,,,,,,,,285428,2371
1786071911,178373627,,,,,5,-1495.526123046875,1021.8253784179688,-775.828125,0.11108575016260147,-0.150533527135849,-0.266935259103775,0.9453809857368469,1,285428,2371
1786071911,187420825,1,-161.54666137695312,107.40678405761719,-777.7003784179688,,,,,,,,,,285429,2371
1786071911,187420825,,,,,5,-1495.532958984375,1021.8246459960938,-775.832763671875,0.11135391145944595,-0.15034085512161255,-0.2675493657588959,0.9452065229415894,1,285429,2371
1786071911,195372330,1,-160.90916442871094,107.7694091796875,-771.88427734375,,,,,,,,,,285430,2371
1786071911,195372330,,,,,5,-1495.5054931640625,1021.8049926757812,-775.8189697265625,0.11117088794708252,-0.15081830322742462,-0.2676990330219269,0.9451096653938293,1,285430,2371
1786071911,203384359,1,-161.09072875976562,109.42345428466797,-768.094482421875,,,,,,,,,,285431,2371
1786071911,203384359,,,,,5,-1495.6287841796875,1021.8744506835938,-775.7518920898438,0.11136702448129654,-0.14967435598373413,-0.2680428922176361,0.9451708793640137,1,285431,2371
1786071911,212339188,1,-161.34085083007812,108.74971771240234,-764.155517578125,,,,,,,,,,285432,2371
1786071911,212339188,,,,,5,-1495.635986328125,1021.87744140625,-775.767822265625,0.11138010025024414,-0.14979255199432373,-0.2675696909427643,0.9452846646308899,1,285432,2371
1786071911,220297831,1,-161.337890625,105.76996612548828,-762.4478149414062,,,,,,,,,,285433,2371
1786071911,220297831,,,,,5,-1495.5335693359375,1021.80322265625,-775.85400390625,0.11125235259532928,-0.15034399926662445,-0.26737651228904724,0.945266842842102,1,285433,2371
1786071911,228239286,1,-160.14669799804688,106.57266998291016,-757.0185546875,,,,,,,,,,285434,2371
1786071911,228239286,,,,,5,-1495.6441650390625,1021.84521484375,-775.7633666992188,0.11170104146003723,-0.14959299564361572,-0.2687959671020508,0.9449304938316345,1,285434,2371
1786071911,237205669,1,-158.3472900390625,107.35132598876953,-753.931640625,,,,,,,,,,285435,2371
1786071911,237205669,,,,,5,-1495.546142578125,1021.8088989257812,-775.7833251953125,0.11110731959342957,-0.15067170560359955,-0.26721978187561035,0.945276141166687,1,285435,2371
1786071911,245304722,1,-156.94253540039062,105.44996643066406,-750.7173461914062,,,,,,,,,,285436,2371
1786071911,245304722,,,,,5,-1495.6248779296875,1021.8935546875,-775.76513671875,0.11144658178091049,-0.14992937445640564,-0.26813533902168274,0.945094883441925,1,285436,2371
1786071911,253213532,1,-155.388671875,105.05603790283203,-744.4871215820312,,,,,,,,,,285437,2371
1786071911,253213532,,,,,5,-1495.6190185546875,1021.8390502929688,-775.7662963867188,0.11173314601182938,-0.14993752539157867,-0.26815265417099,0.9450547695159912,1,285437,2371
1786071911,262161511,1,-153.26280212402344,106.76822662353516,-737.8431396484375,,,,,,,,,,285438,2371
1786071911,262161511,,,,,5,-1495.655517578125,1021.8666381835938,-775.7446899414062,0.11123557388782501,-0.14996938407421112,-0.2675708830356598,0.9452733993530273,1,285438,2371
1786071911,270181061,1,-150.5106201171875,107.43746948242188,-729.28955078125,,,,,,,,,,285439,2371
1786071911,270181061,,,,,5,-1495.5374755859375,1021.82373046875,-775.8114624023438,0.11098719388246536,-0.1507175862789154,-0.2674097716808319,0.9452291131019592,1,285439,2371
1786071911,279124656,1,-148.28549194335938,111.25154876708984,-716.0088500976562,,,,,,,,,,285440,2371
1786071911,279124656,,,,,5,-1495.5263671875,1021.8021850585938,-775.7943725585938,0.11098194122314453,-0.15067817270755768,-0.26743650436401367,0.9452285170555115,1,285440,2371
1786071911,287065376,1,-145.21543884277344,107.19428253173828,-717.36376953125,,,,,,,,,,285441,2371
1786071911,287065376,,,,,5,-1495.5181884765625,1021.7997436523438,-775.8110961914062,0.11124049872159958,-0.15053358674049377,-0.26736727356910706,0.9452407360076904,1,285441,2371
1786071911,295033012,1,-142.09654235839844,107.13993835449219,-710.0997314453125,,,,,,,,,,285442,2371
1786071911,295033012,,,,,5,-1495.6373291015625,1021.8723754882812,-775.8008422851562,0.11131395399570465,-0.14992864429950714,-0.26766157150268555,0.9452449083328247,1,285442,2371
1786071911,304557676,1,-139.02279663085938,107.3057861328125,-704.2730102539062,,,,,,,,,,285443,2371
1786071911,304557676,,,,,5,-1495.49853515625,1021.8107299804688,-775.8117065429688,0.11084508150815964,-0.15064336359500885,-0.2660141587257385,0.9456512928009033,1,285443,2371
1786071911,312022690,1,-135.42529296875,106.62422943115234,-696.0939331054688,,,,,,,,,,285444,2371
1786071911,312022690,,,,,5,-1495.49951171875,1021.7692260742188,-775.7913208007812,0.11128786206245422,-0.15063506364822388,-0.2677335739135742,0.945115327835083,1,285444,2371
1786071911,319976051,1,-132.21153259277344,107.60838317871094,-689.5220947265625,,,,,,,,,,285445,2371
1786071911,319976051,,,,,5,-1495.6783447265625,1021.8953247070312,-775.7833862304688,0.11148817837238312,-0.14970864355564117,-0.2677197754383087,0.9452426433563232,1,285445,2371
1786071911,328892121,1,-128.82647705078125,107.16424560546875,-682.7589721679688,,,,,,,,,,285446,2371
1786071911,328892121,,,,,5,-1495.4998779296875,1021.8074340820312,-775.7643432617188,0.11104369163513184,-0.15062306821346283,-0.2672336995601654,0.9452874064445496,1,285446,2371
1786071911,336964097,1,-125.58753204345703,107.2422103881836,-675.3765869140625,,,,,,,,,,285447,2371
1786071911,336964097,,,,,5,-1495.6483154296875,1021.8780517578125,-775.7579956054688,0.11146406829357147,-0.1499209702014923,-0.2678634524345398,0.9451712369918823,1,285447,2371
1786071911,344880940,1,-124.99565887451172,100.09133911132812,-673.060302734375,,,,,,,,,,285448,2371
1786071911,344880940,,,,,5,-1495.6607666015625,1021.8888549804688,-775.7740478515625,0.11156217008829117,-0.14985911548137665,-0.268247127532959,0.945060670375824,1,285448,2371
1786071911,353860286,1,-119.1011962890625,105.68118286132812,-662.23974609375,,,,,,,,,,285449,2371
1786071911,353860286,,,,,5,-1495.6402587890625,1021.8765869140625,-775.8121337890625,0.11166809499263763,-0.14966127276420593,-0.267484188079834,0.9452956914901733,1,285449,2371
1786071911,361823121,1,-115.04583740234375,105.36605072021484,-657.5264282226562,,,,,,,,,,285450,2371
1786071911,361823121,,,,,5,-1495.6102294921875,1021.8610229492188,-775.7874755859375,0.11165553331375122,-0.14983457326889038,-0.2676602005958557,0.9452199339866638,1,285450,2371
1786071911,370856365,1,-112.7717056274414,106.1097412109375,-648.9705200195312,,,,,,,,,,285451,2371
1786071911,370856365,,,,,5,-1495.6331787109375,1021.87451171875,-775.7717895507812,0.11139656603336334,-0.14988435804843903,-0.2678980231285095,0.9451751708984375,1,285451,2371
1786071911,378829602,1,-109.81307983398438,104.58088684082031,-643.2279052734375,,,,,,,,,,285452,2371
1786071911,378829602,,,,,5,-1495.5404052734375,1021.7719116210938,-775.7901000976562,0.11123939603567123,-0.15052595734596252,-0.2680128216743469,0.9450592398643494,1,285452,2371
1786071911,386717159,1,-105.6761703491211,106.98118591308594,-634.8483276367188,,,,,,,,,,285453,2371
1786071911,386717159,,,,,5,-1495.6199951171875,1021.8381958007812,-775.7689208984375,0.11179490387439728,-0.1497683972120285,-0.26826250553131104,0.9450432658195496,1,285453,2371
1786071911,395735136,1,-102.67293548583984,106.31007385253906,-628.3284301757812,,,,,,,,,,285454,2371
1786071911,395735136,,,,,5,-1495.508056640625,1021.8070678710938,-775.8041381835938,0.11102574318647385,-0.15056109428405762,-0.26684191823005676,0.9454100131988525,1,285454,2371
1786071911,403662605,1,-98.5850601196289,108.63916015625,-618.2459106445312,,,,,,,,,,285455,2371
1786071911,403662605,,,,,5,-1495.520751953125,1021.8383178710938,-775.8084716796875,0.11106079071760178,-0.15081818401813507,-0.2670567035675049,0.9453040957450867,1,285455,2371
1786071911,411684011,1,-96.24485778808594,106.6072769165039,-615.1634521484375,,,,,,,,,,285456,2371
1786071911,411684011,,,,,5,-1495.6429443359375,1021.859375,-775.8151245117188,0.11187037825584412,-0.14958195388317108,-0.2682601511478424,0.9450644254684448,1,285456,2371
1786071911,420612468,1,-91.16992950439453,108.52838134765625,-600.6322021484375,,,,,,,,,,285457,2371
1786071911,420612468,,,,,5,-1495.5015869140625,1021.8136596679688,-775.8400268554688,0.11108788847923279,-0.1502213329076767,-0.2664545476436615,0.9455660581588745,1,285457,2371
1786071911,429389215,1,-90.0094223022461,107.3114013671875,-601.4327392578125,,,,,,,,,,285458,2371
1786071911,429389215,,,,,5,-1495.496826171875,1021.8082885742188,-775.8134155273438,0.11128813773393631,-0.15068168938159943,-0.2669793963432312,0.9453211426734924,1,285458,2371
1786071911,436556734,1,-86.7297592163086,108.11693572998047,-594.9190673828125,,,,,,,,,,285459,2371
1786071911,436556734,,,,,5,-1495.5306396484375,1021.7807006835938,-775.7841186523438,0.11102592200040817,-0.15065817534923553,-0.2675744295120239,0.945187509059906,1,285459,2371
1786071911,445577559,1,-82.95980834960938,108.0004653930664,-589.5806274414062,,,,,,,,,,285460,2371
1786071911,445577559,,,,,5,-1495.5234375,1021.8088989257812,-775.8248291015625,0.11120735853910446,-0.15068712830543518,-0.2668241262435913,0.9453734755516052,1,285460,2371
1786071911,453533641,1,-79.4542236328125,108.41969299316406,-582.5905151367188,,,,,,,,,,285461,2372
1786071911,453533641,,,,,5,-1495.5096435546875,1021.7994995117188,-775.8358764648438,0.11106979846954346,-0.15042085945606232,-0.26714327931404114,0.9453420639038086,1,285461,2372
1786071911,462542465,1,-76.92912292480469,108.00576782226562,-575.1128540039062,,,,,,,,,,285462,2372
1786071911,462542465,,,,,5,-1495.6273193359375,1021.8410034179688,-775.79296875,0.11170275509357452,-0.1498262882232666,-0.2681136429309845,0.9450871348381042,1,285462,2372
1786071911,470445161,1,-73.44998931884766,107.3820571899414,-568.2289428710938,,,,,,,,,,285463,2372
1786071911,470445161,,,,,5,-1495.6292724609375,1021.8409423828125,-775.7706909179688,0.11177577078342438,-0.14977344870567322,-0.2680727541446686,0.9450984597206116,1,285463,2372
1786071911,478452004,1,-70.27294158935547,107.01768493652344,-561.74072265625,,,,,,,,,,285464,2372
1786071911,478452004,,,,,5,-1495.5052490234375,1021.78369140625,-775.8054809570312,0.11136304587125778,-0.1505928635597229,-0.26752981543540955,0.9451708793640137,1,285464,2372
1786071911,487511205,1,-67.63556671142578,106.29643249511719,-555.5494384765625,,,,,,,,,,285465,2372
1786071911,487511205,,,,,5,-1495.5361328125,1021.8162231445312,-775.8108520507812,0.11094480752944946,-0.15028789639472961,-0.2665165364742279,0.9455547332763672,1,285465,2372
1786071911,495430032,1,-63.68549346923828,108.20665740966797,-545.26708984375,,,,,,,,,,285466,2372
1786071911,495430032,,,,,5,-1495.5189208984375,1021.8074340820312,-775.7799682617188,0.11105413734912872,-0.15086336433887482,-0.2672082483768463,0.9452549815177917,1,285466,2372
1786071911,503317429,1,-61.37091827392578,107.36848449707031,-542.591552734375,,,,,,,,,,285467,2372
1786071911,503317429,,,,,5,-1495.656494140625,1021.8466186523438,-775.75439453125,0.11168094724416733,-0.1497325897216797,-0.2683299481868744,0.9450432062149048,1,285467,2372
1786071911,512473704,1,-57.9649658203125,107.49388885498047,-537.0693969726562,,,,,,,,,,285468,2372
1786071911,512473704,,,,,5,-1495.5087890625,1021.80517578125,-775.8215942382812,0.11121354252099991,-0.15071019530296326,-0.267068475484848,0.9453002214431763,1,285468,2372
1786071911,520374768,1,-54.813804626464844,108.24165344238281,-529.8421020507812,,,,,,,,,,285469,2372
1786071911,520374768,,,,,5,-1495.6256103515625,1021.8707885742188,-775.7732543945312,0.11161909252405167,-0.14981921017169952,-0.2677907645702362,0.9451897740364075,1,285469,2372
1786071911,528288698,1,-51.546749114990234,108.28773498535156,-523.2407836914062,,,,,,,,,,285470,2372
1786071911,528288698,,,,,5,-1495.625,1021.8737182617188,-775.7835083007812,0.1114954799413681,-0.14989547431468964,-0.2674638032913208,0.9452848434448242,1,285470,2372
1786071911,537270828,1,-48.5418701171875,107.47798156738281,-516.5151977539062,,,,,,,,,,285471,2372
1786071911,537270828,,,,,5,-1495.642333984375,1021.8629150390625,-775.78173828125,0.11179989576339722,-0.1498590111732483,-0.26839354634284973,0.9449909925460815,1,285471,2372
1786071911,545221533,1,-45.21480178833008,107.37164306640625,-509.7422790527344,,,,,,,,,,285472,2372
1786071911,545221533,,,,,5,-1495.5413818359375,1021.8233642578125,-775.8040161132812,0.11111660301685333,-0.15058785676956177,-0.26680126786231995,0.9454064965248108,1,285472,2372
1786071911,553150250,1,-42.20378494262695,107.7413101196289,-503.0396423339844,,,,,,,,,,285473,2372
1786071911,553150250,,,,,5,-1495.55029296875,1021.8291015625,-775.8147583007812,0.11131105571985245,-0.1504051387310028,-0.26787081360816956,0.9451103210449219,1,285473,2372
1786071911,562146591,1,-39.18562316894531,107.93592834472656,-496.3161315917969,,,,,,,,,,285474,2372
1786071911,562146591,,,,,5,-1495.545166015625,1021.8516845703125,-775.8252563476562,0.11089587211608887,-0.1505131870508194,-0.26671743392944336,0.9454680681228638,1,285474,2372
1786071911,570172606,1,-36.52022171020508,107.9291000366211,-489.6243896484375,,,,,,,,,,285475,2372
1786071911,570172606,,,,,5,-1495.5137939453125,1021.79736328125,-775.81005859375,0.11123143881559372,-0.150577574968338,-0.2670907974243164,0.9453129768371582,1,285475,2372
1786071911,579097670,1,-33.27113723754883,109.3130874633789,-483.15045166015625,,,,,,,,,,285476,2372
1786071911,579097670,,,,,5,-1495.5146484375,1021.8158569335938,-775.8189086914062,0.11118347942829132,-0.15051156282424927,-0.2670976221561432,0.9453271627426147,1,285476,2372
1786071911,587381398,1,-30.505861282348633,108.94261932373047,-477.1263122558594,,,,,,,,,,285477,2372
1786071911,587381398,,,,,5,-1495.6390380859375,1021.8538208007812,-775.7574462890625,0.11136132478713989,-0.14986559748649597,-0.26751649379730225,0.9452903866767883,1,285477,2372
1786071911,595523754,1,-27.65562629699707,109.88232421875,-470.33990478515625,,,,,,,,,,285478,2372
1786071911,595523754,,,,,5,-1495.5257568359375,1021.8106689453125,-775.8470458984375,0.1113489642739296,-0.1503659337759018,-0.2671103775501251,0.9453272819519043,1,285478,2372
1786071911,603578927,1,-24.80836296081543,109.48888397216797,-464.2033996582031,,,,,,,,,,285479,2372
1786071911,603578927,,,,,5,-1495.6551513671875,1021.8663940429688,-775.725341796875,0.11148414760828018,-0.15006279945373535,-0.2679443657398224,0.9451234936714172,1,285479,2372
1786071911,612142771,1,-21.830888748168945,109.38125610351562,-457.8948974609375,,,,,,,,,,285480,2372
1786071911,612142771,,,,,5,-1495.5213623046875,1021.8063354492188,-775.796630859375,0.1112225353717804,-0.15059621632099152,-0.2675909399986267,0.9451695084571838,1,285480,2372
1786071911,620015798,1,-19.181894302368164,109.10004425048828,-451.1717224121094,,,,,,,,,,285481,2372
1786071911,620015798,,,,,5,-1495.5084228515625,1021.8356323242188,-775.81640625,0.11108604818582535,-0.15028929710388184,-0.26688048243522644,0.9454352855682373,1,285481,2372
1786071911,629096410,1,-16.474946975708008,112.38825225830078,-440.748779296875,,,,,,,,,,285482,2372
1786071911,629096410,,,,,5,-1495.4991455078125,1021.8067626953125,-775.8178100585938,0.11134792119264603,-0.15067334473133087,-0.2674141526222229,0.9451925158500671,1,285482,2372
1786071911,636932566,1,-13.374584197998047,112.19209289550781,-435.4875183105469,,,,,,,,,,285483,2372
1786071911,636932566,,,,,5,-1495.6195068359375,1021.8896484375,-775.7740478515625,0.11156004667282104,-0.14975881576538086,-0.2676471173763275,0.9452469348907471,1,285483,2372
1786071911,644908748,1,-10.11829948425293,110.8881607055664,-431.8272399902344,,,,,,,,,,285484,2372
1786071911,644908748,,,,,5,-1495.6103515625,1021.8605346679688,-775.778076171875,0.11124301701784134,-0.14956220984458923,-0.2670769691467285,0.9454765915870667,1,285484,2372
1786071911,653884797,1,-6.868782043457031,109.74871063232422,-425.6181335449219,,,,,,,,,,285485,2372
1786071911,653884797,,,,,5,-1495.5159912109375,1021.8048706054688,-775.7965087890625,0.11152449995279312,-0.1506010890007019,-0.26758190989494324,0.9451358318328857,1,285485,2372
1786071911,662005326,1,-3.3852670192718506,110.29582977294922,-419.0581359863281,,,,,,,,,,285486,2372
1786071911,662005326,,,,,5,-1495.62158203125,1021.8466796875,-775.7525634765625,0.11151807755231857,-0.1500764936208725,-0.2675907611846924,0.9452174305915833,1,285486,2372
1786071911,669915095,1,-0.9482986330986023,111.99817657470703,-411.0657653808594,,,,,,,,,,285487,2372
1786071911,669915095,,,,,5,-1495.6280517578125,1021.8544311523438,-775.77294921875,0.1114761233329773,-0.15003341436386108,-0.26776519417762756,0.9451798796653748,1,285487,2372
1786071911,678869540,1,1.922318458557129,112.52534484863281,-404.0752868652344,,,,,,,,,,285488,2372
1786071911,678869540,,,,,5,-1495.5184326171875,1021.7551879882812,-775.7034912109375,0.11093840003013611,-0.1511084884405136,-0.26712098717689514,0.9452540278434753,1,285488,2372
1786071911,686933675,1,5.119194030761719,110.7706069946289,-397.3438720703125,,,,,,,,,,285489,2372
1786071911,686933675,,,,,5,-1495.6463623046875,1021.8938598632812,-775.7590942382812,0.11122551560401917,-0.1499335765838623,-0.26762837171554565,0.9452638626098633,1,285489,2372
1786071911,695755071,1,8.223292350769043,110.83323669433594,-390.88726806640625,,,,,,,,,,285490,2372
1786071911,695755071,,,,,5,-1495.5029296875,1021.7958984375,-775.8173828125,0.11098048090934753,-0.15050828456878662,-0.2669614553451538,0.945389986038208,1,285490,2372
1786071911,703805154,1,11.116277694702148,110.83110809326172,-385.87518310546875,,,,,,,,,,285491,2372
1786071911,703805154,,,,,5,-1495.5159912109375,1021.8351440429688,-775.8005981445312,0.11075634509325027,-0.15072032809257507,-0.26652154326438904,0.9455066323280334,1,285491,2372
1786071911,711757460,1,13.353558540344238,111.24159240722656,-379.2032165527344,,,,,,,,,,285492,2372
1786071911,711757460,,,,,5,-1495.5283203125,1021.7772827148438,-775.8031616210938,0.11138870567083359,-0.15055255591869354,-0.2677292227745056,0.9451178312301636,1,285492,2372
1786071911,722237727,1,16.940650939941406,108.57180786132812,-373.45758056640625,,,,,,,,,,285493,2372
1786071911,722237727,,,,,5,-1495.640869140625,1021.87548828125,-775.7818603515625,0.11118422448635101,-0.14981703460216522,-0.2672422230243683,0.9453964829444885,1,285493,2372
1786071911,728633516,1,19.560237884521484,112.57576751708984,-367.06011962890625,,,,,,,,,,285494,2372
1786071911,728633516,,,,,5,-1495.6304931640625,1021.8502807617188,-775.787353515625,0.11172334849834442,-0.1497267186641693,-0.2685075104236603,0.9449885487556458,1,285494,2372
1786071911,736591583,1,22.642345428466797,110.75912475585938,-361.05902099609375,,,,,,,,,,285495,2372
1786071911,736591583,,,,,5,-1495.5391845703125,1021.8300170898438,-775.7911987304688,0.11125725507736206,-0.150695338845253,-0.2676980197429657,0.9451192021369934,1,285495,2372
1786071911,745590100,1,26.220169067382812,111.61405944824219,-355.3850402832031,,,,,,,,,,285496,2372
1786071911,745590100,,,,,5,-1495.5548095703125,1021.8209228515625,-775.7699584960938,0.11105690151453018,-0.1506800800561905,-0.2674335241317749,0.9452201724052429,1,285496,2372
1786071911,753641400,1,28.62220001220703,110.04276275634766,-348.187744140625,,,,,,,,,,285497,2372
1786071911,753641400,,,,,5,-1495.5091552734375,1021.8170166015625,-775.80322265625,0.11118286103010178,-0.15046803653240204,-0.2670896649360657,0.9453363418579102,1,285497,2372
1786071911,761706175,1,31.455171585083008,109.33665466308594,-341.8730163574219,,,,,,,,,,285498,2372
1786071911,761706175,,,,,5,-1495.5233154296875,1021.7957153320312,-775.8423461914062,0.11111131310462952,-0.15060554444789886,-0.26699697971343994,0.9453490972518921,1,285498,2372
1786071911,770619588,1,34.54633712768555,108.89091491699219,-335.6453857421875,,,,,,,,,,285499,2372
1786071911,770619588,,,,,5,-1495.5177001953125,1021.7697143554688,-775.8143920898438,0.11092497408390045,-0.15060342848300934,-0.26719823479652405,0.9453144669532776,1,285499,2372
1786071911,778555346,1,37.798187255859375,108.85057067871094,-329.3876037597656,,,,,,,,,,285500,2372
1786071911,778555346,,,,,5,-1495.4903564453125,1021.8001098632812,-775.8099365234375,0.11106910556554794,-0.15051594376564026,-0.26694074273109436,0.94538414478302,1,285500,2372
1786071911,787518753,1,41.88787078857422,109.29818725585938,-323.3697509765625,,,,,,,,,,285501,2372
1786071911,787518753,,,,,5,-1495.5181884765625,1021.8041381835938,-775.871337890625,0.11079281568527222,-0.15053756535053253,-0.26631495356559753,0.9455897808074951,1,285501,2372
1786071911,795473843,1,43.8069953918457,109.25704956054688,-316.570556640625,,,,,,,,,,285502,2372
1786071911,795473843,,,,,5,-1495.4990234375,1021.7984619140625,-775.814453125,0.11100123077630997,-0.15039321780204773,-0.26635944843292236,0.9455755949020386,1,285502,2372
1786071911,803452905,1,46.72865676879883,109.22001647949219,-310.4021911621094,,,,,,,,,,285503,2372
1786071911,803452905,,,,,5,-1495.48583984375,1021.8092041015625,-775.8347778320312,0.11080872267484665,-0.15060153603553772,-0.2663637101650238,0.9455638527870178,1,285503,2372
1786071911,812392756,1,50.81606674194336,110.044677734375,-303.2662048339844,,,,,,,,,,285504,2372
1786071911,812392756,,,,,5,-1495.5201416015625,1021.7900390625,-775.8328247070312,0.11101706326007843,-0.15057116746902466,-0.2670653760433197,0.9453464150428772,1,285504,2372
1786071911,820449753,1,52.6756591796875,110.47084045410156,-298.2003173828125,,,,,,,,,,285505,2372
1786071911,820449753,,,,,5,-1495.5107421875,1021.83349609375,-775.8510131835938,0.11086809635162354,-0.1505889594554901,-0.26625850796699524,0.9455885291099548,1,285505,2372
1786071911,828380390,1,55.739044189453125,109.83001708984375,-292.2510070800781,,,,,,,,,,285506,2372
1786071911,828380390,,,,,5,-1495.5869140625,1021.8727416992188,-775.8092651367188,0.11169252544641495,-0.14985890686511993,-0.26776719093322754,0.9451813697814941,1,285506,2372
1786071911,837401504,1,58.54676818847656,110.21656799316406,-285.85870361328125,,,,,,,,,,285507,2372
1786071911,837401504,,,,,5,-1495.5350341796875,1021.83349609375,-775.8353881835938,0.11073293536901474,-0.15080688893795013,-0.2663750946521759,0.9455368518829346,1,285507,2372
1786071911,845330861,1,62.00257110595703,110.06180572509766,-279.6188049316406,,,,,,,,,,285508,2372
1786071911,845330861,,,,,5,-1495.65234375,1021.8795776367188,-775.7954711914062,0.11123143136501312,-0.15004049241542816,-0.26726529002189636,0.9453490376472473,1,285508,2372
1786071911,853372271,1,63.890438079833984,109.13294982910156,-273.8597412109375,,,,,,,,,,285509,2372
1786071911,853372271,,,,,5,-1495.503662109375,1021.7958374023438,-775.8471069335938,0.11091481149196625,-0.15043498575687408,-0.2663986384868622,0.9455680847167969,1,285509,2372
1786071911,862301271,1,66.64167022705078,108.6112289428711,-267.5265808105469,,,,,,,,,,285510,2372
1786071911,862301271,,,,,5,-1495.6219482421875,1021.8703002929688,-775.7899169921875,0.11162617057561874,-0.149641215801239,-0.2679766118526459,0.9451643824577332,1,285510,2372
1786071911,870365725,1,70.00666046142578,109.33387756347656,-260.5746154785156,,,,,,,,,,285511,2372
1786071911,870365725,,,,,5,-1495.51513671875,1021.8292846679688,-775.8287963867188,0.11087598651647568,-0.1506064236164093,-0.2662854790687561,0.9455772638320923,1,285511,2372
1786071911,879294758,1,73.37294006347656,110.7569580078125,-254.944580078125,,,,,,,,,,285512,2372
1786071911,879294758,,,,,5,-1495.4993896484375,1021.8114624023438,-775.8211669921875,0.11109394580125809,-0.1505308300256729,-0.26707759499549866,0.9453403353691101,1,285512,2372
1786071911,887269339,1,76.32498168945312,110.52220153808594,-249.16159057617188,,,,,,,,,,285513,2372
1786071911,887269339,,,,,5,-1495.522705078125,1021.85107421875,-775.8525390625,0.11075326800346375,-0.15055117011070251,-0.2662539482116699,0.9456092715263367,1,285513,2372
1786071911,895198696,1,79.12173461914062,110.84609985351562,-243.0623321533203,,,,,,,,,,285514,2372
1786071911,895198696,,,,,5,-1495.496337890625,1021.8108520507812,-775.86767578125,0.11085300892591476,-0.1506623476743698,-0.2664509415626526,0.9455243945121765,1,285514,2372
1786071911,904271148,1,81.87139892578125,109.86971282958984,-237.12916564941406,,,,,,,,,,285515,2372
1786071911,904271148,,,,,5,-1495.509521484375,1021.8093872070312,-775.84375,0.11107160151004791,-0.15037252008914948,-0.26700547337532043,0.9453884363174438,1,285515,2372
1786071911,912850322,1,84.90184020996094,109.37110137939453,-230.69053649902344,,,,,,,,,,285516,2372
1786071911,912850322,,,,,5,-1495.51220703125,1021.8029174804688,-775.8535766601562,0.11100011318922043,-0.15060386061668396,-0.26657482981681824,0.9454815983772278,1,285516,2372
1786071911,920061369,1,88.64884185791016,110.34254455566406,-222.90260314941406,,,,,,,,,,285517,2372
1786071911,920061369,,,,,5,-1495.5499267578125,1021.83349609375,-775.8290405273438,0.11120794713497162,-0.15046736598014832,-0.2671399414539337,0.9453193545341492,1,285517,2372
1786071911,929134716,1,91.30486297607422,110.11774444580078,-216.7039031982422,,,,,,,,,,285518,2372
1786071911,929134716,,,,,5,-1495.6160888671875,1021.9032592773438,-775.8405151367188,0.11168628185987473,-0.14964185655117035,-0.26744383573532104,0.9453080892562866,1,285518,2372
1786071911,937059945,1,93.94569396972656,110.51495361328125,-210.8482666015625,,,,,,,,,,285519,2372
1786071911,937059945,,,,,5,-1495.6473388671875,1021.8634033203125,-775.78125,0.11153426766395569,-0.14974448084831238,-0.26756832003593445,0.9452744722366333,1,285519,2372
1786071911,945008185,1,96.97272491455078,110.92586517333984,-204.92337036132812,,,,,,,,,,285520,2372
1786071911,945008185,,,,,5,-1495.50830078125,1021.8388061523438,-775.8533325195312,0.11084647476673126,-0.15061363577842712,-0.26616933941841125,0.9456122517585754,1,285520,2372
1786071911,953992684,1,99.32188415527344,109.19547271728516,-199.91140747070312,,,,,,,,,,285521,2372
1786071911,953992684,,,,,5,-1495.5174560546875,1021.8115234375,-775.8267822265625,0.11115744709968567,-0.15057048201560974,-0.2670193016529083,0.9453429579734802,1,285521,2372
1786071911,961908278,1,102.18402099609375,109.76686096191406,-192.8020782470703,,,,,,,,,,285522,2372
1786071911,961908278,,,,,5,-1495.5169677734375,1021.8419189453125,-775.8493041992188,0.11106480658054352,-0.15043212473392487,-0.2664025127887726,0.9455499053001404,1,285522,2372
1786071911,969932117,1,104.57568359375,108.80213928222656,-186.6230926513672,,,,,,,,,,285523,2372
1786071911,969932117,,,,,5,-1495.5191650390625,1021.8253173828125,-775.8486328125,0.11120499670505524,-0.15037022531032562,-0.26662662625312805,0.9454800486564636,1,285523,2372
1786071911,979326357,1,107.55760192871094,107.57430267333984,-181.3839874267578,,,,,,,,,,285524,2372
1786071911,979326357,,,,,5,-1495.5947265625,1021.8701171875,-775.7649536132812,0.11156823486089706,-0.14972230792045593,-0.26745909452438354,0.9453049898147583,1,285524,2372
1786071911,986917666,1,109.71934509277344,107.76177215576172,-175.7000274658203,,,,,,,,,,285525,2372
1786071911,986917666,,,,,5,-1495.6312255859375,1021.9232788085938,-775.745361328125,0.11137406527996063,-0.14999307692050934,-0.2676427662372589,0.9452330470085144,1,285525,2372
1786071911,995848875,1,111.38711547851562,107.69192504882812,-170.17007446289062,,,,,,,,,,285526,2372
1786071911,995848875,,,,,5,-1495.5390625,1021.7970581054688,-775.8248291015625,0.11155219376087189,-0.15035733580589294,-0.2676527798175812,0.9451512098312378,1,285526,2372
1786071912,3894958,1,112.82038116455078,106.95914459228516,-163.37684631347656,,,,,,,,,,285527,2372
1786071912,3894958,,,,,5,-1495.6441650390625,1021.88427734375,-775.7838745117188,0.11126720905303955,-0.1499897837638855,-0.2677627205848694,0.9452121257781982,1,285527,2372
1786071912,11744524,1,117.87264251708984,110.46919250488281,-157.710693359375,,,,,,,,,,285528,2372
1786071912,11744524,,,,,5,-1495.624267578125,1021.8795166015625,-775.7764892578125,0.11143413186073303,-0.14975383877754211,-0.2674959897994995,0.9453052878379822,1,285528,2372
1786071912,20808526,1,120.59375762939453,110.54634857177734,-151.689208984375,,,,,,,,,,285529,2372
1786071912,20808526,,,,,5,-1495.6429443359375,1021.8560791015625,-775.7626953125,0.11190645396709442,-0.1497425138950348,-0.26866742968559265,0.9449189305305481,1,285529,2372
1786071912,28755198,1,124.2159423828125,109.88483428955078,-145.69334411621094,,,,,,,,,,285530,2372
1786071912,28755198,,,,,5,-1495.6312255859375,1021.8756103515625,-775.7617797851562,0.11182340979576111,-0.14984914660453796,-0.2682626247406006,0.9450269937515259,1,285530,2372
1786071912,36896563,1,126.99971771240234,110.54399108886719,-140.7375030517578,,,,,,,,,,285531,2372
1786071912,36896563,,,,,5,-1495.617431640625,1021.8679809570312,-775.76953125,0.11169178783893585,-0.14981335401535034,-0.26798927783966064,0.9451258182525635,1,285531,2372
1786071912,45730889,1,128.81700134277344,111.5240249633789,-135.89971923828125,,,,,,,,,,285532,2372
1786071912,45730889,,,,,5,-1495.5169677734375,1021.80859375,-775.8035278320312,0.11113894730806351,-0.15053962171077728,-0.26760900020599365,0.9451832175254822,1,285532,2372
1786071912,53734308,1,131.11102294921875,111.75270080566406,-130.61766052246094,,,,,,,,,,285533,2372
1786071912,53734308,,,,,5,-1495.6341552734375,1021.8638916015625,-775.77490234375,0.11172160506248474,-0.14982984960079193,-0.26836130023002625,0.9450141191482544,1,285533,2372
1786071912,61638989,1,134.75682067871094,110.14440155029297,-123.83270263671875,,,,,,,,,,285534,2372
1786071912,61638989,,,,,5,-1495.5145263671875,1021.82373046875,-775.7869262695312,0.11101849377155304,-0.15064316987991333,-0.2671698033809662,0.9453050494194031,1,285534,2372
1786071912,70654949,1,135.189208984375,110.12809753417969,-117.50409698486328,,,,,,,,,,285535,2372
1786071912,70654949,,,,,5,-1495.483154296875,1021.8251342773438,-775.8465576171875,0.11145780980587006,-0.15037938952445984,-0.2669253945350647,0.9453645348548889,1,285535,2372
1786071912,78581682,1,138.58773803710938,109.2389144897461,-111.88311004638672,,,,,,,,,,285536,2372
1786071912,78581682,,,,,5,-1495.5185546875,1021.7918090820312,-775.8118896484375,0.11120939254760742,-0.1507227122783661,-0.26693347096443176,0.9453368782997131,1,285536,2372
1786071912,86600944,1,139.81320190429688,108.66622161865234,-105.74574279785156,,,,,,,,,,285537,2372
1786071912,86600944,,,,,5,-1495.54296875,1021.8196411132812,-775.816650390625,0.11078967899084091,-0.15081945061683655,-0.2666410207748413,0.9454531669616699,1,285537,2372
1786071912,95578017,1,143.33995056152344,109.22099304199219,-100.10404968261719,,,,,,,,,,285538,2372
1786071912,95578017,,,,,5,-1495.532958984375,1021.8267822265625,-775.8451538085938,0.11117854714393616,-0.1505381017923355,-0.2665254473686218,0.9454849362373352,1,285538,2372
1786071912,103575131,1,145.385498046875,110.40213012695312,-94.614013671875,,,,,,,,,,285539,2372
1786071912,103575131,,,,,5,-1495.506103515625,1021.8140869140625,-775.8290405273438,0.11137893795967102,-0.15040245652198792,-0.26736998558044434,0.9452444911003113,1,285539,2372
1786071912,112505412,1,146.28500366210938,110.4774169921875,-88.99717712402344,,,,,,,,,,285540,2372
1786071912,112505412,,,,,5,-1495.6146240234375,1021.8792114257812,-775.7603149414062,0.1113344058394432,-0.14978499710559845,-0.2674276530742645,0.9453314542770386,1,285540,2372
1786071912,120522241,1,152.0186004638672,115.70072174072266,-86.03893280029297,,,,,,,,,,285541,2372
1786071912,120522241,,,,,5,-1495.5147705078125,1021.8203125,-775.7987670898438,0.1110670417547226,-0.1504896879196167,-0.2670655846595764,0.9453535079956055,1,285541,2372
1786071912,128464208,1,154.021484375,117.02510070800781,-82.23822784423828,,,,,,,,,,285542,2372
1786071912,128464208,,,,,5,-1495.6326904296875,1021.8435668945312,-775.7820434570312,0.11187358945608139,-0.14983578026294708,-0.2684131860733032,0.9449803233146667,1,285542,2372
1786071912,136937475,1,156.1502685546875,119.35266876220703,-78.56961059570312,,,,,,,,,,285543,2372
1786071912,136937475,,,,,5,-1495.499267578125,1021.8104858398438,-775.8329467773438,0.11101511120796204,-0.15064263343811035,-0.26657629013061523,0.9454731941223145,1,285543,2372
1786071912,145552433,1,159.6831512451172,121.76818084716797,-75.71549987792969,,,,,,,,,,285544,2372
1786071912,145552433,,,,,5,-1495.630126953125,1021.8561401367188,-775.7516479492188,0.11171700805425644,-0.149954155087471,-0.2678055167198181,0.9451525211334229,1,285544,2372
1786071912,153383500,1,161.87176513671875,122.1528091430664,-71.79027557373047,,,,,,,,,,285545,2372
1786071912,153383500,,,,,5,-1495.6361083984375,1021.8566284179688,-775.7688598632812,0.11167015880346298,-0.1498306542634964,-0.26781049370765686,0.9451761841773987,1,285545,2372
1786071912,162352955,1,164.3701629638672,122.46036529541016,-68.44428253173828,,,,,,,,,,285546,2372
1786071912,162352955,,,,,5,-1495.548095703125,1021.8035278320312,-775.8217163085938,0.11102116852998734,-0.15068836510181427,-0.26696160435676575,0.9453564286231995,1,285546,2372
1786071912,170343348,1,168.21417236328125,122.27458953857422,-64.94532775878906,,,,,,,,,,285547,2372
1786071912,170343348,,,,,5,-1495.52587890625,1021.8012084960938,-775.8081665039062,0.11138208955526352,-0.15040242671966553,-0.26722288131713867,0.9452856779098511,1,285547,2372
1786071912,178271361,1,170.63381958007812,121.93525695800781,-61.54255676269531,,,,,,,,,,285548,2372
1786071912,178271361,,,,,5,-1495.473876953125,1021.7791137695312,-775.8255615234375,0.1111840158700943,-0.15053561329841614,-0.26713669300079346,0.9453121423721313,1,285548,2372
1786071912,187337187,,,,,5,-1495.6357421875,1021.8617553710938,-775.7692260742188,0.11163805425167084,-0.14983215928077698,-0.2681848406791687,0.945073664188385,1,285549,2372
1786071912,195688767,,,,,5,-1495.5264892578125,1021.7935791015625,-775.8511962890625,0.11087468266487122,-0.15059813857078552,-0.2663043737411499,0.9455734491348267,1,285550,2372
1786071912,203262921,1,131.10079956054688,13.290227890014648,-33.13703155517578,,,,,,,,,,285551,2372
1786071912,203262921,,,,,5,-1495.6314697265625,1021.8607788085938,-775.7899780273438,0.11164026707410812,-0.1498178094625473,-0.26769232749938965,0.9452153444290161,1,285551,2372
1786071912,212157451,1,183.3911895751953,117.43598937988281,-47.43198013305664,,,,,,,,,,285552,2372
1786071912,212157451,,,,,5,-1495.6358642578125,1021.8516845703125,-775.7872924804688,0.11175853759050369,-0.14970074594020844,-0.2684217095375061,0.9450129270553589,1,285552,2372
1786071912,220901681,1,187.68936157226562,115.98931121826172,-43.426780700683594,,,,,,,,,,285553,2372
1786071912,220901681,,,,,5,-1495.5181884765625,1021.8367309570312,-775.7608032226562,0.1109597459435463,-0.1506263017654419,-0.26754945516586304,0.9452072978019714,1,285553,2372
1786071912,229152410,1,131.85708618164062,17.195877075195312,-33.94101333618164,,,,,,,,,,285554,2372
1786071912,229152410,,,,,5,-1495.6282958984375,1021.8703002929688,-775.79248046875,0.11184806376695633,-0.14931592345237732,-0.26811933517456055,0.9451490640640259,1,285554,2372
1786071912,237399043,1,191.48385620117188,109.08806610107422,-38.1820182800293,,,,,,,,,,285555,2372
1786071912,237399043,,,,,5,-1495.51123046875,1021.8037109375,-775.79296875,0.1111811175942421,-0.15035009384155273,-0.2670641243457794,0.9453625679016113,1,285555,2372
1786071912,245279495,1,199.34759521484375,111.3046875,-32.645381927490234,,,,,,,,,,285556,2372
1786071912,245279495,,,,,5,-1495.6448974609375,1021.8748168945312,-775.7589721679688,0.11172029376029968,-0.14976760745048523,-0.26809167861938477,0.9451005458831787,1,285556,2372
1786071912,254114845,1,202.1052703857422,107.84329223632812,-30.108285903930664,,,,,,,,,,285557,2372
1786071912,254114845,,,,,5,-1495.5059814453125,1021.8381958007812,-775.8321533203125,0.11107639968395233,-0.15030373632907867,-0.26675915718078613,0.9454683661460876,1,285557,2372
1786071912,262103126,1,132.08987426757812,17.328054428100586,-33.803157806396484,,,,,,,,,,285558,2372
1786071912,262103126,,,,,5,-1495.6500244140625,1021.8863525390625,-775.7575073242188,0.11132358014583588,-0.15002086758613586,-0.2674759030342102,0.9452816247940063,1,285558,2372
1786071912,269995196,1,211.56019592285156,106.70278930664062,-23.01392364501953,,,,,,,,,,285559,2372
1786071912,269995196,,,,,5,-1495.53515625,1021.8269653320312,-775.8143920898438,0.11135551333427429,-0.15025010704994202,-0.2671569883823395,0.9453316926956177,1,285559,2372
1786071912,278982895,1,215.77316284179688,108.60118865966797,-19.619176864624023,,,,,,,,,,285560,2372
1786071912,278982895,,,,,5,-1495.5179443359375,1021.8045043945312,-775.7926635742188,0.1112329438328743,-0.15053816139698029,-0.2674805521965027,0.9452088475227356,1,285560,2372
1786071912,286946915,1,219.74217224121094,109.50756072998047,-15.923867225646973,,,,,,,,,,285561,2372
1786071912,286946915,,,,,5,-1495.6151123046875,1021.8685913085938,-775.7731323242188,0.11165136843919754,-0.1497657597064972,-0.2677808701992035,0.9451971650123596,1,285561,2372
1786071912,294912374,,,,,5,-1495.5162353515625,1021.85498046875,-775.8389282226562,0.11104454845190048,-0.15042515099048615,-0.266720712184906,0.9454637169837952,1,285562,2372
1786071912,303956276,,,,,5,-1495.501953125,1021.7950439453125,-775.8206787109375,0.11108659207820892,-0.1505441665649414,-0.2669396698474884,0.9453779458999634,1,285563,2372
1786071912,312111340,1,228.4092254638672,106.87410736083984,-7.886813640594482,,,,,,,,,,285564,2372
1786071912,312111340,,,,,5,-1495.4869384765625,1021.8251342773438,-775.8121948242188,0.11128625273704529,-0.15032270550727844,-0.2670656442642212,0.9453542232513428,1,285564,2372
1786071912,320852913,1,232.893798828125,107.22313690185547,-4.842861652374268,,,,,,,,,,285565,2372
1786071912,320852913,,,,,5,-1495.6290283203125,1021.8629760742188,-775.7582397460938,0.11169755458831787,-0.14969393610954285,-0.2682475447654724,0.945070743560791,1,285565,2372
1786071912,328912630,1,237.4132080078125,105.57246398925781,-1.2294503450393677,,,,,,,,,,285566,2372
1786071912,328912630,,,,,5,-1495.6533203125,1021.8676147460938,-775.7760620117188,0.11165368556976318,-0.1498141586780548,-0.26786378026008606,0.945165753364563,1,285566,2372
1786071912,336810013,1,243.74893188476562,102.27555084228516,0.21228431165218353,,,,,,,,,,285567,2372
1786071912,336810013,,,,,5,-1495.5203857421875,1021.8096923828125,-775.822021484375,0.11107079684734344,-0.15062612295150757,-0.2666616141796112,0.9454452395439148,1,285567,2372
1786071912,345816884,1,246.33233642578125,104.82986450195312,5.9730916023254395,,,,,,,,,,285568,2372
1786071912,345816884,,,,,5,-1495.571533203125,1021.8270874023438,-775.822509765625,0.11133783310651779,-0.15053075551986694,-0.26780977845191956,0.9451044797897339,1,285568,2372
1786071912,353711899,1,249.9681396484375,106.12019348144531,9.428817749023438,,,,,,,,,,285569,2372
1786071912,353711899,,,,,5,-1495.6416015625,1021.8740234375,-775.7606811523438,0.11137338727712631,-0.14995813369750977,-0.26783958077430725,0.9451828598976135,1,285569,2372
1786071912,361748796,1,253.96583557128906,107.66120147705078,12.990296363830566,,,,,,,,,,285570,2372
1786071912,361748796,,,,,5,-1495.6314697265625,1021.8637084960938,-775.7675170898438,0.11178558319807053,-0.14980454742908478,-0.26823246479034424,0.9450470805168152,1,285570,2372
1786071912,370750962,1,257.5673522949219,107.74544525146484,15.44084358215332,,,,,,,,,,285571,2372
1786071912,370750962,,,,,5,-1495.5404052734375,1021.8248901367188,-775.817626953125,0.1107933297753334,-0.15074363350868225,-0.2668970227241516,0.9453926682472229,1,285571,2372
1786071912,378668957,1,262.02398681640625,107.49893951416016,19.262786865234375,,,,,,,,,,285572,2372
1786071912,378668957,,,,,5,-1495.5560302734375,1021.8139038085938,-775.7792358398438,0.11086895316839218,-0.15078875422477722,-0.26746878027915955,0.9452149868011475,1,285572,2372
1786071912,386669239,1,266.2247009277344,106.83589172363281,22.589662551879883,,,,,,,,,,285573,2372
1786071912,386669239,,,,,5,-1495.5101318359375,1021.8141479492188,-775.7854614257812,0.11115743964910507,-0.15040323138237,-0.2673022150993347,0.9452896118164062,1,285573,2372
1786071912,395652650,1,270.116455078125,105.58861541748047,26.214603424072266,,,,,,,,,,285574,2372
1786071912,395652650,,,,,5,-1495.5008544921875,1021.8243408203125,-775.821044921875,0.11079202592372894,-0.1506047546863556,-0.2669837772846222,0.9453904032707214,1,285574,2372
1786071912,404127837,1,273.6666564941406,105.90101623535156,29.623586654663086,,,,,,,,,,285575,2372
1786071912,404127837,,,,,5,-1495.5721435546875,1021.8245239257812,-775.7892456054688,0.11057537794113159,-0.150645449757576,-0.26690277457237244,0.9454321265220642,1,285575,2372
1786071912,411575344,1,277.5255432128906,106.75919342041016,32.826446533203125,,,,,,,,,,285576,2372
1786071912,411575344,,,,,5,-1495.5120849609375,1021.8199462890625,-775.8277587890625,0.11098164319992065,-0.15065817534923553,-0.26659512519836426,0.9454693794250488,1,285576,2372
1786071912,420555586,1,280.4377746582031,105.88429260253906,35.86455154418945,,,,,,,,,,285577,2372
1786071912,420555586,,,,,5,-1495.483642578125,1021.8154296875,-775.8164672851562,0.11122126877307892,-0.15068542957305908,-0.26678597927093506,0.9453830122947693,1,285577,2372
1786071912,428723228,1,284.0706787109375,105.54742431640625,39.63116455078125,,,,,,,,,,285578,2372
1786071912,428723228,,,,,5,-1495.5107421875,1021.8075561523438,-775.8561401367188,0.11080409586429596,-0.15055125951766968,-0.2662401497364044,0.9456072449684143,1,285578,2372
1786071912,437734515,1,288.5449523925781,105.66336059570312,43.17903137207031,,,,,,,,,,285579,2372
1786071912,437734515,,,,,5,-1495.5286865234375,1021.8363647460938,-775.7782592773438,0.11114728450775146,-0.1507292091846466,-0.26777195930480957,0.9451059103012085,1,285579,2372
1786071912,445485439,1,293.0209655761719,106.78443145751953,46.01094055175781,,,,,,,,,,285580,2372
1786071912,445485439,,,,,5,-1495.6268310546875,1021.876953125,-775.7742309570312,0.11175758391618729,-0.1498136967420578,-0.2682759761810303,0.9450365900993347,1,285580,2372
1786071912,453407595,1,295.8814392089844,108.84912872314453,50.7178840637207,,,,,,,,,,285581,2373
1786071912,453407595,,,,,5,-1495.5091552734375,1021.8235473632812,-775.8364868164062,0.11126678436994553,-0.1503879427909851,-0.26706621050834656,0.9453458786010742,1,285581,2373
1786071912,462382684,1,301.48236083984375,107.13609313964844,55.70709228515625,,,,,,,,,,285582,2373
1786071912,462382684,,,,,5,-1495.517578125,1021.8344116210938,-775.8527221679688,0.11126148700714111,-0.1504080891609192,-0.26681992411613464,0.9454128742218018,1,285582,2373
1786071912,470355537,1,304.30938720703125,108.44280242919922,56.8071403503418,,,,,,,,,,285583,2373
1786071912,470355537,,,,,5,-1495.5198974609375,1021.8346557617188,-775.8187255859375,0.11124103516340256,-0.1502726972103119,-0.26753783226013184,0.9452338218688965,1,285583,2373
1786071912,478510088,1,307.9896545410156,108.06352996826172,60.72018814086914,,,,,,,,,,285584,2373
1786071912,478510088,,,,,5,-1495.520263671875,1021.8009643554688,-775.8224487304688,0.11136472970247269,-0.15066048502922058,-0.2672462463378906,0.9452400803565979,1,285584,2373
1786071912,487357921,1,311.0423583984375,109.11515808105469,63.346588134765625,,,,,,,,,,285585,2373
1786071912,487357921,,,,,5,-1495.6527099609375,1021.87890625,-775.78515625,0.11192569881677628,-0.1495528668165207,-0.268513560295105,0.9449905157089233,1,285585,2373
1786071912,495565667,1,315.0976257324219,109.87983703613281,66.97994995117188,,,,,,,,,,285586,2373
1786071912,495565667,,,,,5,-1495.5013427734375,1021.8362426757812,-775.79248046875,0.11109283566474915,-0.15052375197410583,-0.26726168394088745,0.9452894330024719,1,285586,2373
1786071912,503418049,1,317.3748779296875,108.50995635986328,71.0922622680664,,,,,,,,,,285587,2373
1786071912,503418049,,,,,5,-1495.517578125,1021.8275756835938,-775.7979736328125,0.11125201731920242,-0.1504472941160202,-0.2673778533935547,0.9452500939369202,1,285587,2373
1786071912,512258649,1,321.4554748535156,107.88756561279297,74.34237670898438,,,,,,,,,,285588,2373
1786071912,512258649,,,,,5,-1495.5126953125,1021.8192749023438,-775.8301391601562,0.11145072430372238,-0.15032856166362762,-0.267568439245224,0.9451916813850403,1,285588,2373
1786071912,520252402,1,324.7921447753906,106.77503967285156,74.63172149658203,,,,,,,,,,285589,2373
1786071912,520252402,,,,,5,-1495.6490478515625,1021.8543090820312,-775.76513671875,0.11177587509155273,-0.1497107893228531,-0.2683899402618408,0.9450183510780334,1,285589,2373
1786071912,528213381,1,327.2562255859375,107.56106567382812,78.74940490722656,,,,,,,,,,285590,2373
1786071912,528213381,,,,,5,-1495.6405029296875,1021.8771362304688,-775.7846069335938,0.11193603277206421,-0.14948612451553345,-0.26833269000053406,0.9450511932373047,1,285590,2373
1786071912,537202393,1,328.37835693359375,107.19019317626953,82.21992492675781,,,,,,,,,,285591,2373
1786071912,537202393,,,,,5,-1495.630859375,1021.8939819335938,-775.8041381835938,0.11172360181808472,-0.14949004352092743,-0.2677975296974182,0.9452275037765503,1,285591,2373
1786071912,545751066,1,327.7480773925781,110.36238861083984,89.03535461425781,,,,,,,,,,285592,2373
1786071912,545751066,,,,,5,-1495.6556396484375,1021.8905639648438,-775.7583618164062,0.11127078533172607,-0.15001586079597473,-0.26731669902801514,0.94533371925354,1,285592,2373
1786071912,554145214,1,323.1314392089844,109.1789779663086,95.05937194824219,,,,,,,,,,285593,2373
1786071912,554145214,,,,,5,-1495.6722412109375,1021.88720703125,-775.7468872070312,0.11173232644796371,-0.1497863382101059,-0.2684808671474457,0.9449857473373413,1,285593,2373
1786071912,562147289,1,318.37060546875,107.43030548095703,101.6690444946289,,,,,,,,,,285594,2373
1786071912,562147289,,,,,5,-1495.52734375,1021.8408203125,-775.798828125,0.11087477207183838,-0.15080027282238007,-0.26683756709098816,0.9453907608985901,1,285594,2373
1786071912,570111436,1,312.03863525390625,107.5326156616211,108.15510559082031,,,,,,,,,,285595,2373
1786071912,570111436,,,,,5,-1495.517822265625,1021.79931640625,-775.823974609375,0.11120323091745377,-0.15046067535877228,-0.26739415526390076,0.945249080657959,1,285595,2373
1786071912,579667498,1,309.8433837890625,107.13478088378906,113.00003051757812,,,,,,,,,,285596,2373
1786071912,579667498,,,,,5,-1495.6612548828125,1021.8703002929688,-775.77294921875,0.1119207814335823,-0.14967100322246552,-0.2679343819618225,0.9451367259025574,1,285596,2373
1786071912,587015306,1,303.6791687011719,105.10557556152344,116.48956298828125,,,,,,,,,,285597,2373
1786071912,587015306,,,,,5,-1495.6650390625,1021.9044799804688,-775.7423095703125,0.11162444949150085,-0.14974962174892426,-0.26853784918785095,0.9449881315231323,1,285597,2373
1786071912,595016037,1,299.8861389160156,106.46717071533203,121.62007141113281,,,,,,,,,,285598,2373
1786071912,595016037,,,,,5,-1495.6341552734375,1021.8661499023438,-775.7764282226562,0.111696258187294,-0.14966489374637604,-0.26847371459007263,0.9450111985206604,1,285598,2373
1786071912,604063011,1,294.7834777832031,105.01284790039062,126.26934814453125,,,,,,,,,,285599,2373
1786071912,604063011,,,,,5,-1495.6263427734375,1021.9049072265625,-775.80224609375,0.11138222366571426,-0.14960817992687225,-0.2675235867500305,0.9453267455101013,1,285599,2373
1786071912,611962058,1,291.14447021484375,107.62203216552734,133.4964599609375,,,,,,,,,,285600,2373
1786071912,611962058,,,,,5,-1495.5435791015625,1021.8090209960938,-775.831787109375,0.11132442951202393,-0.15022987127304077,-0.2674545645713806,0.9452545642852783,1,285600,2373
1786071912,619950082,1,287.86248779296875,105.40171813964844,135.49697875976562,,,,,,,,,,285601,2373
1786071912,619950082,,,,,5,-1495.6217041015625,1021.8744506835938,-775.7557983398438,0.11158593744039536,-0.1495237797498703,-0.26785334944725037,0.945222795009613,1,285601,2373
1786071912,629050635,1,283.54241943359375,105.40132141113281,138.6529998779297,,,,,,,,,,285602,2373
1786071912,629050635,,,,,5,-1495.614990234375,1021.8621215820312,-775.7830200195312,0.11155004054307938,-0.149795264005661,-0.2679607570171356,0.9451533555984497,1,285602,2373
1786071912,636930607,1,279.9670104980469,106.61846160888672,142.29928588867188,,,,,,,,,,285603,2373
1786071912,636930607,,,,,5,-1495.61669921875,1021.91748046875,-775.8028564453125,0.11099196970462799,-0.1498134285211563,-0.26621848344802856,0.9457084536552429,1,285603,2373
1786071912,645983630,1,277.04461669921875,108.08113861083984,145.7351531982422,,,,,,,,,,285604,2373
1786071912,645983630,,,,,5,-1495.6279296875,1021.8746337890625,-775.7951049804688,0.11187631636857986,-0.14972257614135742,-0.2681100070476532,0.9450840353965759,1,285604,2373
1786071912,653824939,1,272.6083068847656,108.54446411132812,147.81602478027344,,,,,,,,,,285605,2373
1786071912,653824939,,,,,5,-1495.6341552734375,1021.8739624023438,-775.7780151367188,0.1116998940706253,-0.14988364279270172,-0.2679811120033264,0.9451159834861755,1,285605,2373
1786071912,661813603,1,270.1766357421875,109.47261810302734,147.7913818359375,,,,,,,,,,285606,2373
1786071912,661813603,,,,,5,-1495.614013671875,1021.8651733398438,-775.7559814453125,0.11166093498468399,-0.14977146685123444,-0.2678163945674896,0.9451850652694702,1,285606,2373
1786071912,670334111,1,264.0942687988281,108.72039031982422,149.40943908691406,,,,,,,,,,285607,2373
1786071912,670334111,,,,,5,-1495.648193359375,1021.87841796875,-775.7757568359375,0.11210530251264572,-0.14953550696372986,-0.26870086789131165,0.9449187517166138,1,285607,2373
1786071912,678867997,1,259.90972900390625,110.1422348022461,149.15243530273438,,,,,,,,,,285608,2373
1786071912,678867997,,,,,5,-1495.6290283203125,1021.8860473632812,-775.8309936523438,0.11168599128723145,-0.14958150684833527,-0.2675493061542511,0.945287823677063,1,285608,2373
1786071912,686897277,1,261.066162109375,108.60667419433594,151.40562438964844,,,,,,,,,,285609,2373
1786071912,686897277,,,,,5,-1495.4949951171875,1021.8020629882812,-775.8212280273438,0.11102470010519028,-0.15046675503253937,-0.26669102907180786,0.9454677104949951,1,285609,2373
1786071912,695749303,1,256.9654235839844,107.64571380615234,155.18087768554688,,,,,,,,,,285610,2373
1786071912,695749303,,,,,5,-1495.5125732421875,1021.8141479492188,-775.8297119140625,0.11148755997419357,-0.15040770173072815,-0.2675682008266449,0.9451747536659241,1,285610,2373
1786071912,703727117,1,254.56568908691406,108.36951446533203,154.18202209472656,,,,,,,,,,285611,2373
1786071912,703727117,,,,,5,-1495.633544921875,1021.8687744140625,-775.7625732421875,0.11151742190122604,-0.14977146685123444,-0.26785826683044434,0.9451901316642761,1,285611,2373
1786071912,714262530,1,251.26536560058594,108.49642181396484,155.13150024414062,,,,,,,,,,285612,2373
1786071912,714262530,,,,,5,-1495.5135498046875,1021.7906494140625,-775.8207397460938,0.11120618879795074,-0.15053114295005798,-0.26768115162849426,0.9451562762260437,1,285612,2373
1786071912,721154253,1,248.50772094726562,108.49373626708984,156.27293395996094,,,,,,,,,,285613,2373
1786071912,721154253,,,,,5,-1495.5107421875,1021.8253173828125,-775.8352661132812,0.11114789545536041,-0.15026436746120453,-0.2666482627391815,0.9454973936080933,1,285613,2373
1786071912,728699922,1,244.0259246826172,115.12925720214844,157.51589965820312,,,,,,,,,,285614,2373
1786071912,728699922,,,,,5,-1495.5177001953125,1021.8175048828125,-775.8106079101562,0.11151338368654251,-0.15041404962539673,-0.26765549182891846,0.9451460838317871,1,285614,2373
1786071912,736677128,,,,,5,-1495.6265869140625,1021.8917846679688,-775.7490234375,0.11159227788448334,-0.14994192123413086,-0.2685089111328125,0.9449695348739624,1,285615,2373
1786071912,745868898,1,238.30714416503906,103.17425537109375,157.7379913330078,,,,,,,,,,285616,2373
1786071912,745868898,,,,,5,-1495.6136474609375,1021.8916015625,-775.81494140625,0.1117393895983696,-0.1495642364025116,-0.26757967472076416,0.9452756643295288,1,285616,2373
1786071912,754775558,1,236.12115478515625,105.4982681274414,159.33905029296875,,,,,,,,,,285617,2373
1786071912,754775558,,,,,5,-1495.6378173828125,1021.8768920898438,-775.7868041992188,0.11197003722190857,-0.14954130351543427,-0.268513023853302,0.9449872374534607,1,285617,2373
1786071912,762603168,1,232.34405517578125,107.16936492919922,163.63336181640625,,,,,,,,,,285618,2373
1786071912,762603168,,,,,5,-1495.5341796875,1021.8118286132812,-775.8356323242188,0.11104584485292435,-0.15017081797122955,-0.26708588004112244,0.9454007148742676,1,285618,2373
1786071912,770717295,1,231.37042236328125,107.56726837158203,162.86746215820312,,,,,,,,,,285619,2373
1786071912,770717295,,,,,5,-1495.5360107421875,1021.7962036132812,-775.8222045898438,0.11149182915687561,-0.15041372179985046,-0.26744845509529114,0.9452072978019714,1,285619,2373
1786071912,778675362,1,226.82106018066406,107.27643585205078,162.75526428222656,,,,,,,,,,285620,2373
1786071912,778675362,,,,,5,-1495.6512451171875,1021.8681030273438,-775.7623901367188,0.11173242330551147,-0.14969272911548615,-0.26855552196502686,0.9449793696403503,1,285620,2373
1786071912,786474135,1,224.4180145263672,107.17967987060547,161.79226684570312,,,,,,,,,,285621,2373
1786071912,786474135,,,,,5,-1495.6434326171875,1021.8922119140625,-775.784423828125,0.11181861162185669,-0.14951089024543762,-0.2679547369480133,0.9451683759689331,1,285621,2373
1786071912,795513267,1,219.946044921875,108.7761001586914,161.92498779296875,,,,,,,,,,285622,2373
1786071912,795513267,,,,,5,-1495.5198974609375,1021.8361206054688,-775.8297119140625,0.11081985384225845,-0.15065567195415497,-0.2664986848831177,0.9455159306526184,1,285622,2373
1786071912,803758428,1,219.676513671875,108.70413970947266,165.0205841064453,,,,,,,,,,285623,2373
1786071912,803758428,,,,,5,-1495.5189208984375,1021.8212890625,-775.8712768554688,0.11133845150470734,-0.15028643608093262,-0.2673123776912689,0.9452840685844421,1,285623,2373
1786071912,812807835,1,217.2051239013672,106.86104583740234,166.50587463378906,,,,,,,,,,285624,2373
1786071912,812807835,,,,,5,-1495.5311279296875,1021.8178100585938,-775.8200073242188,0.11142127215862274,-0.15028923749923706,-0.2675188481807709,0.9452154040336609,1,285624,2373
1786071912,820424333,1,214.34030151367188,107.30406951904297,167.0620574951172,,,,,,,,,,285625,2373
1786071912,820424333,,,,,5,-1495.6490478515625,1021.9168090820312,-775.7955322265625,0.1118248850107193,-0.14959639310836792,-0.2676936388015747,0.9452281594276428,1,285625,2373
1786071912,828549439,1,211.1893310546875,106.56936645507812,168.28660583496094,,,,,,,,,,285626,2373
1786071912,828549439,,,,,5,-1495.5223388671875,1021.8397827148438,-775.8336791992188,0.11117234081029892,-0.15043239295482635,-0.2665001153945923,0.9455097317695618,1,285626,2373
1786071912,837464260,1,208.2438201904297,108.32268524169922,166.1496124267578,,,,,,,,,,285627,2373
1786071912,837464260,,,,,5,-1495.5281982421875,1021.79296875,-775.8110961914062,0.11122922599315643,-0.15054085850715637,-0.2673521935939789,0.9452451467514038,1,285627,2373
1786071912,845246038,1,205.59765625,108.48196411132812,168.49705505371094,,,,,,,,,,285628,2373
1786071912,845246038,,,,,5,-1495.5205078125,1021.8194580078125,-775.8173828125,0.11152420192956924,-0.15037627518177032,-0.26739540696144104,0.945224404335022,1,285628,2373
1786071912,853550313,1,203.58155822753906,107.2261962890625,171.06027221679688,,,,,,,,,,285629,2373
1786071912,853550313,,,,,5,-1495.64013671875,1021.8663330078125,-775.7360229492188,0.11172445863485336,-0.1498236507177353,-0.2682715654373169,0.9450401067733765,1,285629,2373
1786071912,862364924,1,200.34666442871094,108.1231689453125,169.8738555908203,,,,,,,,,,285630,2373
1786071912,862364924,,,,,5,-1495.640625,1021.8983764648438,-775.7965698242188,0.1116209402680397,-0.1496828943490982,-0.2676985263824463,0.9452372193336487,1,285630,2373
1786071912,870280455,1,197.52760314941406,108.34651947021484,170.90367126464844,,,,,,,,,,285631,2373
1786071912,870280455,,,,,5,-1495.4971923828125,1021.8037109375,-775.8436889648438,0.11159786581993103,-0.15046773850917816,-0.26732584834098816,0.9452208280563354,1,285631,2373
1786071912,878178638,1,195.31741333007812,108.49164581298828,171.114990234375,,,,,,,,,,285632,2373
1786071912,878178638,,,,,5,-1495.4912109375,1021.8007202148438,-775.8807983398438,0.11096003651618958,-0.15064193308353424,-0.26663827896118164,0.9454622864723206,1,285632,2373
1786071912,887173026,1,192.99465942382812,108.26231384277344,171.98118591308594,,,,,,,,,,285633,2373
1786071912,887173026,,,,,5,-1495.6131591796875,1021.8515014648438,-775.8035888671875,0.1116379052400589,-0.14983250200748444,-0.2678290009498596,0.9451744556427002,1,285633,2373
1786071912,895152793,1,189.4240264892578,108.04505157470703,171.9905548095703,,,,,,,,,,285634,2373
1786071912,895152793,,,,,5,-1495.615478515625,1021.880859375,-775.8331909179688,0.11179932951927185,-0.14954712986946106,-0.2679162621498108,0.9451760053634644,1,285634,2373
1786071912,904244928,1,187.79171752929688,108.12614440917969,173.49143981933594,,,,,,,,,,285635,2373
1786071912,904244928,,,,,5,-1495.498046875,1021.8019409179688,-775.8175048828125,0.11128376424312592,-0.15047377347946167,-0.26743584871292114,0.9452257752418518,1,285635,2373
1786071912,912068313,1,185.2081298828125,108.34932708740234,174.50901794433594,,,,,,,,,,285636,2373
1786071912,912068313,,,,,5,-1495.4893798828125,1021.8438720703125,-775.8518676757812,0.11113018542528152,-0.15044005215168,-0.2665943205356598,0.945486843585968,1,285636,2373
1786071912,920075445,1,180.859619140625,108.56196594238281,177.197509765625,,,,,,,,,,285637,2373
1786071912,920075445,,,,,5,-1495.6126708984375,1021.8414306640625,-775.7999267578125,0.11160896718502045,-0.14947770535945892,-0.2680712938308716,0.9451653957366943,1,285637,2373
1786071912,929052134,1,177.35118103027344,108.50906372070312,177.36398315429688,,,,,,,,,,285638,2373
1786071912,929052134,,,,,5,-1495.5262451171875,1021.8190307617188,-775.8555908203125,0.1113564521074295,-0.15031421184539795,-0.2674027681350708,0.9452519416809082,1,285638,2373
1786071912,937086439,1,245.07533264160156,168.72804260253906,232.52406311035156,,,,,,,,,,285639,2373
1786071912,937086439,,,,,5,-1495.5201416015625,1021.8624877929688,-775.84228515625,0.11106029897928238,-0.15059496462345123,-0.26690909266471863,0.9453816413879395,1,285639,2373
1786071912,945261922,1,176.25799560546875,110.94766235351562,183.81637573242188,,,,,,,,,,285640,2373
1786071912,945261922,,,,,5,-1495.5423583984375,1021.8493041992188,-775.8369140625,0.11107869446277618,-0.1504823863506317,-0.267133504152298,0.9453340172767639,1,285640,2373
1786071912,954003591,1,168.00015258789062,107.33512878417969,180.75523376464844,,,,,,,,,,285641,2373
1786071912,954003591,,,,,5,-1495.5238037109375,1021.8359375,-775.865234375,0.11116912961006165,-0.1504228115081787,-0.26648789644241333,0.945514976978302,1,285641,2373
1786071912,962007714,1,236.03121948242188,167.0135040283203,233.82867431640625,,,,,,,,,,285642,2373
1786071912,962007714,,,,,5,-1495.6697998046875,1021.9102783203125,-775.7882080078125,0.11166015267372131,-0.14965467154979706,-0.26830142736434937,0.9450660943984985,1,285642,2373
1786071912,970146422,1,232.16305541992188,167.0229034423828,234.6276397705078,,,,,,,,,,285643,2373
1786071912,970146422,,,,,5,-1495.6029052734375,1021.8449096679688,-775.7769165039062,0.1113329529762268,-0.14991623163223267,-0.26748278737068176,0.9452952146530151,1,285643,2373
1786071912,979098819,1,161.18544006347656,108.58065795898438,184.11322021484375,,,,,,,,,,285644,2373
1786071912,979098819,,,,,5,-1495.6072998046875,1021.9002075195312,-775.81640625,0.11171472817659378,-0.1494792103767395,-0.2673949897289276,0.9453442096710205,1,285644,2373
1786071912,989446293,1,158.96945190429688,108.81604766845703,185.4918670654297,,,,,,,,,,285645,2373
1786071912,989446293,,,,,5,-1495.6300048828125,1021.9080200195312,-775.795654296875,0.11153353750705719,-0.14962753653526306,-0.2679034173488617,0.945198118686676,1,285645,2373
1786071912,996246927,1,213.01934814453125,162.04937744140625,257.7726745605469,,,,,,,,,,285646,2373
1786071912,996246927,,,,,5,-1495.4896240234375,1021.8186645507812,-775.8202514648438,0.11096786707639694,-0.15079793334007263,-0.26689133048057556,0.9453651309013367,1,285646,2373
1786071913,3804470,1,154.22299194335938,108.8184585571289,187.66554260253906,,,,,,,,,,285647,2373
1786071913,3804470,,,,,5,-1495.6165771484375,1021.8606567382812,-775.7879638671875,0.11150738596916199,-0.14975760877132416,-0.26807281374931335,0.9451327323913574,1,285647,2373
1786071913,11813778,1,151.7877197265625,109.55177307128906,187.79071044921875,,,,,,,,,,285648,2373
1786071913,11813778,,,,,5,-1495.4932861328125,1021.7943725585938,-775.8229370117188,0.1112530529499054,-0.15056456625461578,-0.26732102036476135,0.9452473521232605,1,285648,2373
1786071913,21410872,1,149.48257446289062,108.50325775146484,190.27359008789062,,,,,,,,,,285649,2373
1786071913,21410872,,,,,5,-1495.5960693359375,1021.8736572265625,-775.8232421875,0.11142149567604065,-0.14960068464279175,-0.2674236595630646,0.9453514814376831,1,285649,2373
1786071913,28880271,1,147.23712158203125,108.25859069824219,191.41542053222656,,,,,,,,,,285650,2373
1786071913,28880271,,,,,5,-1495.5452880859375,1021.8453979492188,-775.8622436523438,0.11138759553432465,-0.15037912130355835,-0.2677701413631439,0.9451339244842529,1,285650,2373
1786071913,36856420,1,145.0465850830078,109.58688354492188,190.99102783203125,,,,,,,,,,285651,2373
1786071913,36856420,,,,,5,-1495.6253662109375,1021.9033203125,-775.8063354492188,0.1117287278175354,-0.1496884524822235,-0.26811593770980835,0.9451051950454712,1,285651,2373
1786071913,45723169,1,142.32568359375,111.65064239501953,192.10418701171875,,,,,,,,,,285652,2373
1786071913,45723169,,,,,5,-1495.6295166015625,1021.8590087890625,-775.8262329101562,0.11188260465860367,-0.14939625561237335,-0.2684187889099121,0.9450473189353943,1,285652,2373
1786071913,53727068,1,140.01995849609375,111.40778350830078,192.82032775878906,,,,,,,,,,285653,2373
1786071913,53727068,,,,,5,-1495.4906005859375,1021.7733764648438,-775.8408203125,0.11145760118961334,-0.1504545658826828,-0.2676635682582855,0.9451438784599304,1,285653,2373
1786071913,61699505,1,137.09056091308594,109.74307250976562,194.7038116455078,,,,,,,,,,285654,2373
1786071913,61699505,,,,,5,-1495.4896240234375,1021.8347778320312,-775.8818969726562,0.11120958626270294,-0.1504618376493454,-0.2664025127887726,0.9455281496047974,1,285654,2373
1786071913,70656863,1,134.7902374267578,109.67744445800781,195.2229461669922,,,,,,,,,,285655,2373
1786071913,70656863,,,,,5,-1495.6246337890625,1021.845703125,-775.790771484375,0.11170856654644012,-0.1495833545923233,-0.2682752013206482,0.9450790286064148,1,285655,2373
1786071913,78618610,1,132.5249786376953,110.00820922851562,196.1515655517578,,,,,,,,,,285656,2373
1786071913,78618610,,,,,5,-1495.6324462890625,1021.8805541992188,-775.77001953125,0.11172472685575485,-0.15002456307411194,-0.2682075798511505,0.9450264573097229,1,285656,2373
1786071913,87033146,1,130.14468383789062,109.75027465820312,196.7539825439453,,,,,,,,,,285657,2373
1786071913,87033146,,,,,5,-1495.480712890625,1021.7958374023438,-775.8522338867188,0.11111020296812057,-0.15032678842544556,-0.26708099246025085,0.9453698992729187,1,285657,2373
1786071913,95553686,1,127.94908905029297,109.75457763671875,197.40902709960938,,,,,,,,,,285658,2373
1786071913,95553686,,,,,5,-1495.49462890625,1021.7935791015625,-775.8239135742188,0.11129380762577057,-0.15058334171772003,-0.2673654854297638,0.9452269077301025,1,285658,2373
1786071913,103618492,1,126.1434326171875,110.01637268066406,198.16822814941406,,,,,,,,,,285659,2373
1786071913,103618492,,,,,5,-1495.4951171875,1021.8175659179688,-775.835693359375,0.11164486408233643,-0.15037988126277924,-0.2676564157009125,0.945135772228241,1,285659,2373
1786071913,111522629,1,123.745849609375,109.62808990478516,198.6981658935547,,,,,,,,,,285660,2373
1786071913,111522629,,,,,5,-1495.5032958984375,1021.8175659179688,-775.8382568359375,0.11136901378631592,-0.1502334475517273,-0.2673979103565216,0.9452646970748901,1,285660,2373
1786071913,120455310,,,,,5,-1495.5294189453125,1021.8334350585938,-775.8226928710938,0.11093397438526154,-0.15054678916931152,-0.2672685980796814,0.945302426815033,1,285661,2373
1786071913,128462473,,,,,5,-1495.6068115234375,1021.8460083007812,-775.7999267578125,0.11172984540462494,-0.14959214627742767,-0.26835936307907104,0.9450512528419495,1,285662,2373
1786071913,137367757,,,,,5,-1495.6024169921875,1021.8450317382812,-775.7972412109375,0.11167819797992706,-0.149539053440094,-0.26833462715148926,0.9450728297233582,1,285663,2373
1786071913,145359718,1,113.07511138916016,103.33049011230469,206.0753631591797,,,,,,,,,,285664,2373
1786071913,145359718,,,,,5,-1495.6287841796875,1021.8555908203125,-775.8150634765625,0.11194538325071335,-0.14947868883609772,-0.2685868740081787,0.9449790716171265,1,285664,2373
1786071913,153758091,1,113.60623931884766,109.89643859863281,202.58758544921875,,,,,,,,,,285665,2373
1786071913,153758091,,,,,5,-1495.6278076171875,1021.8567504882812,-775.8075561523438,0.1115061491727829,-0.14975644648075104,-0.267792284488678,0.9452124834060669,1,285665,2373
1786071913,162386075,1,110.30805206298828,108.45935821533203,204.02430725097656,,,,,,,,,,285666,2373
1786071913,162386075,,,,,5,-1495.4930419921875,1021.80615234375,-775.8361206054688,0.11112599074840546,-0.15044893324375153,-0.26727259159088135,0.9452944397926331,1,285666,2373
1786071913,170356079,1,108.39753723144531,108.36152648925781,204.73146057128906,,,,,,,,,,285667,2373
1786071913,170356079,,,,,5,-1495.5111083984375,1021.7604370117188,-775.905029296875,0.11187570542097092,-0.15063059329986572,-0.2684648633003235,0.9448390603065491,1,285667,2373
1786071913,178322564,1,107.68167877197266,109.90917205810547,205.0327606201172,,,,,,,,,,285668,2373
1786071913,178322564,,,,,5,-1495.6156005859375,1021.8207397460938,-775.8717651367188,0.11230530589818954,-0.14965924620628357,-0.268878310918808,0.9448249340057373,1,285668,2373
1786071913,187342717,1,105.05984497070312,105.03221130371094,207.40670776367188,,,,,,,,,,285669,2373
1786071913,187342717,,,,,5,-1495.5101318359375,1021.7750244140625,-775.8893432617188,0.11234235763549805,-0.15050169825553894,-0.2682812213897705,0.9448564648628235,1,285669,2373
1786071913,195401634,1,102.59838104248047,107.1998519897461,208.33753967285156,,,,,,,,,,285670,2373
1786071913,195401634,,,,,5,-1495.50244140625,1021.7717895507812,-775.9149780273438,0.11187998205423355,-0.15057311952114105,-0.26768025755882263,0.9450703859329224,1,285670,2373
1786071913,202837459,1,101.68465423583984,108.09642791748047,209.28382873535156,,,,,,,,,,285671,2373
1786071913,202837459,,,,,5,-1495.6287841796875,1021.8565673828125,-775.865234375,0.11195923388004303,-0.1500551551580429,-0.26834961771965027,0.9449535012245178,1,285671,2373
1786071913,212348264,1,99.9489974975586,105.94435119628906,210.3142547607422,,,,,,,,,,285672,2373
1786071913,212348264,,,,,5,-1495.4736328125,1021.7735595703125,-775.9410400390625,0.11176646500825882,-0.1505536139011383,-0.267631471157074,0.945100724697113,1,285672,2373
1786071913,220258610,1,97.94453430175781,105.6298599243164,211.080078125,,,,,,,,,,285673,2373
1786071913,220258610,,,,,5,-1495.478759765625,1021.7662963867188,-775.9215698242188,0.1120799258351326,-0.15066373348236084,-0.26819127798080444,0.9448872208595276,1,285673,2373
1786071913,229144786,,,,,5,-1495.5233154296875,1021.8019409179688,-775.8903198242188,0.11152541637420654,-0.15088102221488953,-0.2676590085029602,0.9450691938400269,1,285674,2373
1786071913,237111430,1,94.20601654052734,106.93919372558594,212.1811065673828,,,,,,,,,,285675,2373
1786071913,237111430,,,,,5,-1495.575927734375,1021.83447265625,-775.8831787109375,0.11233420670032501,-0.14974477887153625,-0.26825278997421265,0.9449857473373413,1,285675,2373
1786071913,245207794,1,93.35020446777344,107.13182830810547,213.9025421142578,,,,,,,,,,285676,2373
1786071913,245207794,,,,,5,-1495.6033935546875,1021.8439331054688,-775.9033203125,0.1122235655784607,-0.14966456592082977,-0.2680904269218445,0.9450576305389404,1,285676,2373
1786071913,254112758,1,91.02864837646484,107.35363006591797,214.22201538085938,,,,,,,,,,285677,2373
1786071913,254112758,,,,,5,-1495.6207275390625,1021.8458251953125,-775.9061279296875,0.11268282681703568,-0.1495986431837082,-0.2689153552055359,0.9447790384292603,1,285677,2373
1786071913,262164346,1,88.4755630493164,106.46395111083984,214.380859375,,,,,,,,,,285678,2373
1786071913,262164346,,,,,5,-1495.6380615234375,1021.8886108398438,-775.8932495117188,0.11219142377376556,-0.14981098473072052,-0.268461138010025,0.9449330568313599,1,285678,2373
1786071913,270046046,1,87.24686431884766,107.51786041259766,216.13101196289062,,,,,,,,,,285679,2373
1786071913,270046046,,,,,5,-1495.61328125,1021.8141479492188,-775.85791015625,0.11269711703062057,-0.1498834490776062,-0.2694135010242462,0.9445902705192566,1,285679,2373
1786071913,278986281,1,84.49156188964844,106.2785873413086,216.49465942382812,,,,,,,,,,285680,2373
1786071913,278986281,,,,,5,-1495.4989013671875,1021.7879028320312,-775.8815307617188,0.11174796521663666,-0.15081487596035004,-0.26824691891670227,0.9448868632316589,1,285680,2373
1786071913,286964415,1,83.31875610351562,108.11259460449219,216.69461059570312,,,,,,,,,,285681,2373
1786071913,286964415,,,,,5,-1495.486328125,1021.7991333007812,-775.9142456054688,0.11225428432226181,-0.15034212172031403,-0.2683619558811188,0.9448694586753845,1,285681,2373
1786071913,294917136,1,82.94357299804688,110.16120910644531,217.7927703857422,,,,,,,,,,285682,2373
1786071913,294917136,,,,,5,-1495.482666015625,1021.83056640625,-775.9234619140625,0.11131785064935684,-0.15054886043071747,-0.26637110114097595,0.9455103278160095,1,285682,2373
1786071913,304005367,1,80.54248809814453,107.5065689086914,218.9080352783203,,,,,,,,,,285683,2373
1786071913,304005367,,,,,5,-1495.519775390625,1021.8165283203125,-775.8744506835938,0.111491359770298,-0.1509099006652832,-0.26720672845840454,0.9451965093612671,1,285683,2373
1786071913,311929763,1,80.51996612548828,106.54314422607422,217.97903442382812,,,,,,,,,,285684,2373
1786071913,311929763,,,,,5,-1495.6177978515625,1021.8471069335938,-775.8683471679688,0.1126118078827858,-0.14964795112609863,-0.26906657218933105,0.9447365403175354,1,285684,2373
1786071913,320896786,1,78.27989196777344,107.17012023925781,222.08106994628906,,,,,,,,,,285685,2373
1786071913,320896786,,,,,5,-1495.5140380859375,1021.783203125,-775.8978881835938,0.11206506192684174,-0.150225430727005,-0.26828035712242126,0.9449336528778076,1,285685,2373
1786071913,328864870,1,77.99113464355469,107.71741485595703,221.89727783203125,,,,,,,,,,285686,2373
1786071913,328864870,,,,,5,-1495.5167236328125,1021.7986450195312,-775.8683471679688,0.11148275434970856,-0.150734543800354,-0.26779335737228394,0.9450595378875732,1,285686,2373
1786071913,336793971,1,78.3873519897461,107.25909423828125,224.54656982421875,,,,,,,,,,285687,2373
1786071913,336793971,,,,,5,-1495.50634765625,1021.8043823242188,-775.85498046875,0.11171344667673111,-0.15091444551944733,-0.268043577671051,0.9449325799942017,1,285687,2373
1786071913,345793001,1,78.00457763671875,106.59085845947266,226.7021026611328,,,,,,,,,,285688,2373
1786071913,345793001,,,,,5,-1495.6068115234375,1021.810546875,-775.8375244140625,0.11246201395988464,-0.14969661831855774,-0.2690927982330322,0.9447392821311951,1,285688,2373
1786071913,353730712,1,76.95011901855469,108.02519226074219,226.30429077148438,,,,,,,,,,285689,2373
1786071913,353730712,,,,,5,-1495.638671875,1021.8701171875,-775.8280639648438,0.11214108765125275,-0.15006935596466064,-0.2685776352882385,0.9448649287223816,1,285689,2373
1786071913,361718832,1,76.1792221069336,106.10289001464844,227.37811279296875,,,,,,,,,,285690,2373
1786071913,361718832,,,,,5,-1495.525146484375,1021.7896728515625,-775.886474609375,0.11190801858901978,-0.15063528716564178,-0.2680847644805908,0.9449423551559448,1,285690,2373
1786071913,370705027,1,75.4742431640625,107.10041046142578,228.96591186523438,,,,,,,,,,285691,2373
1786071913,370705027,,,,,5,-1495.4920654296875,1021.7800903320312,-775.9200439453125,0.11180552840232849,-0.15049871802330017,-0.26783332228660583,0.9450476765632629,1,285691,2373
1786071913,378739075,1,76.09925079345703,107.01885223388672,230.54510498046875,,,,,,,,,,285692,2373
1786071913,378739075,,,,,5,-1495.4970703125,1021.7825317382812,-775.8980102539062,0.1117754876613617,-0.15070074796676636,-0.2674136757850647,0.9451376795768738,1,285692,2373
1786071913,386719738,1,77.01183319091797,106.85029602050781,231.8394012451172,,,,,,,,,,285693,2373
1786071913,386719738,,,,,5,-1495.5084228515625,1021.8154296875,-775.89111328125,0.11187650263309479,-0.1505751609802246,-0.26811763644218445,0.9449464678764343,1,285693,2373
1786071913,395707437,1,76.10746002197266,106.2553939819336,232.46592712402344,,,,,,,,,,285694,2373
1786071913,395707437,,,,,5,-1495.6114501953125,1021.8392944335938,-775.86669921875,0.11227253824472427,-0.14983665943145752,-0.26866498589515686,0.9448613524436951,1,285694,2373
1786071913,403666592,1,76.03849792480469,108.27415466308594,235.3478546142578,,,,,,,,,,285695,2373
1786071913,403666592,,,,,5,-1495.6314697265625,1021.84814453125,-775.8823852539062,0.11259181052446365,-0.14960317313671112,-0.2688133418560028,0.9448181986808777,1,285695,2373
1786071913,411788017,1,75.68103790283203,107.3798599243164,235.56947326660156,,,,,,,,,,285696,2373
1786071913,411788017,,,,,5,-1495.51513671875,1021.7682495117188,-775.9057006835938,0.11189927160739899,-0.1505861133337021,-0.2680089473724365,0.9449727535247803,1,285696,2373
1786071913,420582336,1,76.6385269165039,108.98770141601562,237.70948791503906,,,,,,,,,,285697,2373
1786071913,420582336,,,,,5,-1495.5174560546875,1021.7608642578125,-775.8866577148438,0.11207696050405502,-0.1506330370903015,-0.2682047188282013,0.944888710975647,1,285697,2373
1786071913,428628323,1,19.03788948059082,18.714956283569336,190.3278350830078,,,,,,,,,,285698,2373
1786071913,428628323,,,,,5,-1495.5140380859375,1021.7865600585938,-775.8798828125,0.11169397085905075,-0.15049947798252106,-0.26752784848213196,0.9451472759246826,1,285698,2373
1786071913,436567538,1,76.12725830078125,106.53084564208984,241.96142578125,,,,,,,,,,285699,2373
1786071913,436567538,,,,,5,-1495.4708251953125,1021.7574462890625,-775.8778076171875,0.11151707917451859,-0.1506665199995041,-0.26757869124412537,0.9451271891593933,1,285699,2373
1786071913,445525952,1,73.8300552368164,106.45413208007812,240.37596130371094,,,,,,,,,,285700,2373
1786071913,445525952,,,,,5,-1495.5926513671875,1021.8168334960938,-775.8507690429688,0.11218618601560593,-0.1498129814863205,-0.2688308358192444,0.9448282718658447,1,285700,2373
1786071913,453536732,1,77.22575378417969,109.24696350097656,242.15689086914062,,,,,,,,,,285701,2374
1786071913,453536732,,,,,5,-1495.4813232421875,1021.8037109375,-775.8867797851562,0.11162295937538147,-0.15079371631145477,-0.26770955324172974,0.9450571537017822,1,285701,2374
1786071913,462485384,1,76.1227798461914,108.43645477294922,244.46084594726562,,,,,,,,,,285702,2374
1786071913,462485384,,,,,5,-1495.4759521484375,1021.7825317382812,-775.9025268554688,0.1119113340973854,-0.15069423615932465,-0.26793888211250305,0.9449740052223206,1,285702,2374
1786071913,470586741,1,75.8936996459961,108.75511169433594,245.40744018554688,,,,,,,,,,285703,2374
1786071913,470586741,,,,,5,-1495.6180419921875,1021.8408203125,-775.8175659179688,0.11212199181318283,-0.1500832736492157,-0.2682705223560333,0.944952130317688,1,285703,2374
1786071913,478434899,1,75.76155853271484,106.72808074951172,247.63710021972656,,,,,,,,,,285704,2374
1786071913,478434899,,,,,5,-1495.497314453125,1021.8076171875,-775.7811889648438,0.11091505736112595,-0.1508411020040512,-0.2670729458332062,0.9453131556510925,1,285704,2374
1786071913,487651345,1,75.67970275878906,107.5631103515625,248.1434783935547,,,,,,,,,,285705,2374
1786071913,487651345,,,,,5,-1495.5001220703125,1021.7932739257812,-775.8202514648438,0.11137516051530838,-0.1506686955690384,-0.26731836795806885,0.9452171325683594,1,285705,2374
1786071913,495325999,1,75.44198608398438,108.32388305664062,248.44090270996094,,,,,,,,,,285706,2374
1786071913,495325999,,,,,5,-1495.626220703125,1021.8483276367188,-775.7648315429688,0.1113693043589592,-0.14993849396705627,-0.26783016324043274,0.9451891779899597,1,285706,2374
1786071913,503394806,1,75.27667999267578,108.62632751464844,249.57504272460938,,,,,,,,,,285707,2374
1786071913,503394806,,,,,5,-1495.6112060546875,1021.8261108398438,-775.7681884765625,0.11160245537757874,-0.15004797279834747,-0.2684480845928192,0.9449689388275146,1,285707,2374
1786071913,512296409,1,74.77836608886719,108.47187042236328,249.93226623535156,,,,,,,,,,285708,2374
1786071913,512296409,,,,,5,-1495.5234375,1021.8333129882812,-775.7927856445312,0.11112155765295029,-0.1506527215242386,-0.2672785520553589,0.9452607035636902,1,285708,2374
1786071913,520290194,1,74.36636352539062,108.641845703125,250.51866149902344,,,,,,,,,,285709,2374
1786071913,520290194,,,,,5,-1495.4910888671875,1021.8046875,-775.8056640625,0.11132166534662247,-0.15057547390460968,-0.26738619804382324,0.945219099521637,1,285709,2374
1786071913,529262435,1,74.0547103881836,108.55843353271484,250.86436462402344,,,,,,,,,,285710,2374
1786071913,529262435,,,,,5,-1495.5130615234375,1021.8018798828125,-775.8150024414062,0.1111748218536377,-0.1506132185459137,-0.26683977246284485,0.9453848004341125,1,285710,2374
1786071913,537238233,1,73.80430603027344,108.6155014038086,251.5067901611328,,,,,,,,,,285711,2374
1786071913,537238233,,,,,5,-1495.6263427734375,1021.8528442382812,-775.7890014648438,0.11168133467435837,-0.14986857771873474,-0.26820388436317444,0.9450573325157166,1,285711,2374
1786071913,545208973,1,73.54703521728516,107.72941589355469,251.86062622070312,,,,,,,,,,285712,2374
1786071913,545208973,,,,,5,-1495.4749755859375,1021.7926025390625,-775.78955078125,0.1112145408987999,-0.15058746933937073,-0.26729899644851685,0.9452545046806335,1,285712,2374
1786071913,554223718,1,73.13867950439453,107.74786376953125,251.9912872314453,,,,,,,,,,285713,2374
1786071913,554223718,,,,,5,-1495.5,1021.8059692382812,-775.8170776367188,0.11123090982437134,-0.15051068365573883,-0.26730799674987793,0.9452621936798096,1,285713,2374
1786071913,562159572,1,73.15128326416016,106.5333480834961,253.5703125,,,,,,,,,,285714,2374
1786071913,562159572,,,,,5,-1495.65234375,1021.85595703125,-775.7640991210938,0.11168046295642853,-0.1497262865304947,-0.2682861089706421,0.9450566172599792,1,285714,2374
1786071913,570597920,1,72.32599639892578,107.9505615234375,252.19630432128906,,,,,,,,,,285715,2374
1786071913,570597920,,,,,5,-1495.6279296875,1021.8519897460938,-775.7725830078125,0.11163563281297684,-0.1498466432094574,-0.26809418201446533,0.9450972676277161,1,285715,2374
1786071913,578561524,,,,,5,-1495.6224365234375,1021.8536376953125,-775.7603759765625,0.1116606742143631,-0.14983846247196198,-0.2678135335445404,0.9451752305030823,1,285716,2374
1786071913,587030566,,,,,5,-1495.541259765625,1021.8217163085938,-775.8018798828125,0.11100747436285019,-0.15074890851974487,-0.26734885573387146,0.9452390670776367,1,285717,2374
1786071913,595292273,1,19.743867874145508,18.409502029418945,191.06422424316406,,,,,,,,,,285718,2374
1786071913,595292273,,,,,5,-1495.5179443359375,1021.8399658203125,-775.8273315429688,0.11098705977201462,-0.15036967396736145,-0.26668858528137207,0.9454883337020874,1,285718,2374
1786071913,604025717,1,68.75540161132812,108.14048767089844,250.10377502441406,,,,,,,,,,285719,2374
1786071913,604025717,,,,,5,-1495.4798583984375,1021.7968139648438,-775.8243408203125,0.11087165772914886,-0.15035563707351685,-0.2667851448059082,0.9454768300056458,1,285719,2374
1786071913,611984904,1,19.73171043395996,18.59232521057129,191.17750549316406,,,,,,,,,,285720,2374
1786071913,611984904,,,,,5,-1495.620849609375,1021.8611450195312,-775.7735595703125,0.11155977100133896,-0.14966288208961487,-0.2679744064807892,0.9451693296432495,1,285720,2374
1786071913,620027242,1,67.3453369140625,107.1998062133789,249.14361572265625,,,,,,,,,,285721,2374
1786071913,620027242,,,,,5,-1495.6224365234375,1021.8646850585938,-775.7733764648438,0.11155854910612106,-0.14960633218288422,-0.2677591145038605,0.9452395439147949,1,285721,2374
1786071913,628952562,1,19.69683265686035,18.528366088867188,191.13343811035156,,,,,,,,,,285722,2374
1786071913,628952562,,,,,5,-1495.6492919921875,1021.8795166015625,-775.739990234375,0.1117190346121788,-0.15000788867473602,-0.26840633153915405,0.944973349571228,1,285722,2374
1786071913,636991283,,,,,5,-1495.5264892578125,1021.7883911132812,-775.8189697265625,0.11128240078687668,-0.1505710333585739,-0.267169326543808,0.9452857971191406,1,285723,2374
1786071913,644829423,,,,,5,-1495.4793701171875,1021.7872924804688,-775.7816772460938,0.1108335629105568,-0.15056566894054413,-0.2673959732055664,0.9452753067016602,1,285724,2374
1786071913,653799327,,,,,5,-1495.50341796875,1021.8016967773438,-775.8014526367188,0.1114371195435524,-0.15064580738544464,-0.2676147520542145,0.9451296329498291,1,285725,2374
1786071913,662088112,,,,,5,-1495.557861328125,1021.8419799804688,-775.7749633789062,0.11100738495588303,-0.15086118876934052,-0.26738935708999634,0.9452096819877625,1,285726,2374
1786071913,670831541,,,,,5,-1495.6298828125,1021.8713989257812,-775.7579956054688,0.11164343357086182,-0.1498829871416092,-0.26794254779815674,0.9451336860656738,1,285727,2374
1786071913,678842545,1,67.303466796875,108.14686584472656,246.8184356689453,,,,,,,,,,285728,2374
1786071913,678842545,,,,,5,-1495.4915771484375,1021.8277587890625,-775.8246459960938,0.11118151247501373,-0.15050818026065826,-0.26715466380119324,0.9453117847442627,1,285728,2374
1786071913,686734872,1,65.70783233642578,107.89027404785156,245.08067321777344,,,,,,,,,,285729,2374
1786071913,686734872,,,,,5,-1495.5205078125,1021.8368530273438,-775.8030395507812,0.11102156341075897,-0.15083865821361542,-0.26690688729286194,0.9453479647636414,1,285729,2374
1786071913,696183745,1,66.7563247680664,109.39884948730469,244.85379028320312,,,,,,,,,,285730,2374
1786071913,696183745,,,,,5,-1495.4957275390625,1021.8082885742188,-775.8298950195312,0.11111462861299515,-0.1507241576910019,-0.2670290768146515,0.9453207850456238,1,285730,2374
1786071913,703655129,1,65.98995208740234,108.70121765136719,245.12977600097656,,,,,,,,,,285731,2374
1786071913,703655129,,,,,5,-1495.652587890625,1021.8724975585938,-775.7531127929688,0.11165395379066467,-0.1497432440519333,-0.2675779461860657,0.9452579021453857,1,285731,2374
1786071913,711727104,1,64.75190734863281,108.4462661743164,245.05508422851562,,,,,,,,,,285732,2374
1786071913,711727104,,,,,5,-1495.5174560546875,1021.7680053710938,-775.7892456054688,0.11068928241729736,-0.15080377459526062,-0.26714596152305603,0.9453247785568237,1,285732,2374
1786071913,720700849,1,30.42009162902832,34.087379455566406,165.45721435546875,,,,,,,,,,285733,2374
1786071913,720700849,,,,,5,-1495.46875,1021.8312377929688,-775.8776245117188,0.11131507903337479,-0.15045422315597534,-0.2664184868335724,0.9455124139785767,1,285733,2374
1786071913,728577620,1,62.681312561035156,106.4709701538086,243.09764099121094,,,,,,,,,,285734,2374
1786071913,728577620,,,,,5,-1495.435546875,1021.8356323242188,-775.8660278320312,0.11135618388652802,-0.15051910281181335,-0.2664561867713928,0.9454865455627441,1,285734,2374
1786071913,737102641,1,62.75349044799805,105.5102310180664,243.2625274658203,,,,,,,,,,285735,2374
1786071913,737102641,,,,,5,-1495.5782470703125,1021.9016723632812,-775.8126831054688,0.11170224100351334,-0.1497800648212433,-0.26712244749069214,0.9453752636909485,1,285735,2374
1786071913,745501686,1,63.68043899536133,106.36031341552734,244.2171173095703,,,,,,,,,,285736,2374
1786071913,745501686,,,,,5,-1495.5904541015625,1021.9015502929688,-775.8327026367188,0.11185614764690399,-0.14965157210826874,-0.26720428466796875,0.945354163646698,1,285736,2374
1786071913,753556090,1,63.678890228271484,106.0387191772461,244.5674591064453,,,,,,,,,,285737,2374
1786071913,753556090,,,,,5,-1495.6231689453125,1021.9273681640625,-775.763427734375,0.11182375252246857,-0.14995402097702026,-0.2680366635322571,0.9450744390487671,1,285737,2374
1786071913,762813312,1,63.1072998046875,104.55144500732422,245.6912841796875,,,,,,,,,,285738,2374
1786071913,762813312,,,,,5,-1495.4886474609375,1021.8461303710938,-775.8556518554688,0.11128727346658707,-0.1505311280488968,-0.2662532329559326,0.9455501437187195,1,285738,2374
1786071913,770361030,1,19.14961814880371,18.335302352905273,190.61810302734375,,,,,,,,,,285739,2374
1786071913,770361030,,,,,5,-1495.49365234375,1021.8557739257812,-775.8626708984375,0.11129996925592422,-0.15061692893505096,-0.2665823996067047,0.9454420804977417,1,285739,2374
1786071913,778311447,1,69.58013153076172,110.59120178222656,252.7953338623047,,,,,,,,,,285740,2374
1786071913,778311447,,,,,5,-1495.6197509765625,1021.9072265625,-775.7960815429688,0.1117306798696518,-0.15001021325588226,-0.2676921486854553,0.9451741576194763,1,285740,2374
1786071913,787373944,1,19.48957061767578,18.62152862548828,190.92385864257812,,,,,,,,,,285741,2374
1786071913,787373944,,,,,5,-1495.5159912109375,1021.8573608398438,-775.8933715820312,0.11120756715536118,-0.15053310990333557,-0.26593953371047974,0.9456474184989929,1,285741,2374
1786071913,795414970,1,70.61933898925781,111.37316131591797,255.35888671875,,,,,,,,,,285742,2374
1786071913,795414970,,,,,5,-1495.5960693359375,1021.88818359375,-775.82080078125,0.11186042428016663,-0.14959201216697693,-0.2678142189979553,0.9451904892921448,1,285742,2374
1786071913,803287357,,,,,5,-1495.49853515625,1021.8517456054688,-775.879150390625,0.11126361042261124,-0.15035627782344818,-0.2664993703365326,0.9455112814903259,1,285743,2374
1786071913,812336956,,,,,5,-1495.6156005859375,1021.91552734375,-775.8121948242188,0.1116829663515091,-0.14971885085105896,-0.2670399844646454,0.945410430431366,1,285744,2374
1786071913,820238755,,,,,5,-1495.60546875,1021.9057006835938,-775.8285522460938,0.11211101710796356,-0.14966244995594025,-0.26795366406440735,0.9451100826263428,1,285745,2374
1786071913,829259965,1,18.22250747680664,17.099653244018555,191.13726806640625,,,,,,,,,,285746,2374
1786071913,829259965,,,,,5,-1495.44140625,1021.8444213867188,-775.8615112304688,0.11102155596017838,-0.15044310688972473,-0.2657254636287689,0.9457435607910156,1,285746,2374
1786071913,837191050,1,48.630428314208984,99.76554107666016,246.46438598632812,,,,,,,,,,285747,2374
1786071913,837191050,,,,,5,-1495.600830078125,1021.8982543945312,-775.8074951171875,0.111951544880867,-0.1495540589094162,-0.2677761912345886,0.9451963901519775,1,285747,2374
1786071913,845181507,1,43.7874641418457,98.82487487792969,247.93861389160156,,,,,,,,,,285748,2374
1786071913,845181507,,,,,5,-1495.5780029296875,1021.8878173828125,-775.822509765625,0.11171046644449234,-0.14967823028564453,-0.26708224415779114,0.9454017281532288,1,285748,2374
1786071913,854584004,1,43.928104400634766,99.60570526123047,250.20993041992188,,,,,,,,,,285749,2374
1786071913,854584004,,,,,5,-1495.5013427734375,1021.8292846679688,-775.8683471679688,0.11152992397546768,-0.15058119595050812,-0.2667674422264099,0.9453684687614441,1,285749,2374
1786071913,863308902,1,40.92445373535156,97.80181884765625,253.36346435546875,,,,,,,,,,285750,2374
1786071913,863308902,,,,,5,-1495.4874267578125,1021.8494262695312,-775.8568725585938,0.11135490983724594,-0.15045605599880219,-0.2670142352581024,0.9453394412994385,1,285750,2374
1786071913,870159145,1,36.88582229614258,99.36630249023438,256.0403137207031,,,,,,,,,,285751,2374
1786071913,870159145,,,,,5,-1495.5745849609375,1021.8756713867188,-775.786376953125,0.11158939450979233,-0.14967459440231323,-0.26695775985717773,0.9454516768455505,1,285751,2374
1786071913,879272852,1,33.74480056762695,98.53019714355469,256.25482177734375,,,,,,,,,,285752,2374
1786071913,879272852,,,,,5,-1495.496826171875,1021.8480834960938,-775.8422241210938,0.11139072477817535,-0.15051701664924622,-0.26664695143699646,0.9454290866851807,1,285752,2374
1786071913,887080202,1,30.686256408691406,98.59176635742188,256.5982666015625,,,,,,,,,,285753,2374
1786071913,887080202,,,,,5,-1495.4735107421875,1021.8468017578125,-775.844970703125,0.11115309596061707,-0.15047939121723175,-0.2660149335861206,0.9456411600112915,1,285753,2374
1786071913,895000790,1,24.16594886779785,96.4135513305664,257.2452087402344,,,,,,,,,,285754,2374
1786071913,895000790,,,,,5,-1495.5999755859375,1021.8961181640625,-775.8046264648438,0.11171795427799225,-0.14966325461864471,-0.26715579628944397,0.9453823566436768,1,285754,2374
1786071913,904010765,1,20.91033363342285,95.93421173095703,257.41400146484375,,,,,,,,,,285755,2374
1786071913,904010765,,,,,5,-1495.5670166015625,1021.8754272460938,-775.7936401367188,0.11202852427959442,-0.1497349888086319,-0.26793569326400757,0.9451135993003845,1,285755,2374
1786071913,911967423,1,17.647563934326172,98.42546081542969,250.386962890625,,,,,,,,,,285756,2374
1786071913,911967423,,,,,5,-1495.486572265625,1021.8606567382812,-775.8251953125,0.11104650795459747,-0.15053176879882812,-0.26646360754966736,0.9455189108848572,1,285756,2374
1786071913,919928914,1,11.906108856201172,95.97869873046875,246.58009338378906,,,,,,,,,,285757,2374
1786071913,919928914,,,,,5,-1495.4957275390625,1021.8753051757812,-775.8707275390625,0.11161792278289795,-0.15032276511192322,-0.266708642244339,0.9454158544540405,1,285757,2374
1786071913,928947435,1,11.710599899291992,97.0567626953125,250.12171936035156,,,,,,,,,,285758,2374
1786071913,928947435,,,,,5,-1495.512451171875,1021.8438720703125,-775.8370971679688,0.11121533066034317,-0.1506030261516571,-0.2666671574115753,0.9454303979873657,1,285758,2374
1786071913,936870007,1,8.630448341369629,96.68549346923828,249.5641632080078,,,,,,,,,,285759,2374
1786071913,936870007,,,,,5,-1495.625732421875,1021.88818359375,-775.8261108398438,0.11159197241067886,-0.14963997900485992,-0.26721084117889404,0.9453853964805603,1,285759,2374
1786071913,945895666,,,,,5,-1495.6029052734375,1021.8871459960938,-775.8027954101562,0.11189017444849014,-0.14972852170467377,-0.2678355574607849,0.9451592564582825,1,285760,2374
1786071913,953841986,,,,,5,-1495.52197265625,1021.85595703125,-775.8256225585938,0.11097586899995804,-0.15062811970710754,-0.26653724908828735,0.9454911351203918,1,285761,2374
1786071913,961909321,,,,,5,-1495.4984130859375,1021.8683471679688,-775.8524780273438,0.11097938567399979,-0.15082864463329315,-0.2660597264766693,0.9455931186676025,1,285762,2374
1786071913,970836881,,,,,5,-1495.457275390625,1021.8357543945312,-775.820068359375,0.11071693152189255,-0.15081648528575897,-0.2661002576351166,0.9456144571304321,1,285763,2374
1786071913,979050739,1,-6.14073371887207,96.30233764648438,245.81134033203125,,,,,,,,,,285764,2374
1786071913,979050739,,,,,5,-1495.504150390625,1021.8615112304688,-775.837646484375,0.11087064445018768,-0.15071246027946472,-0.26646241545677185,0.9455111026763916,1,285764,2374
1786071913,986674023,1,-8.759949684143066,95.33955383300781,244.4669952392578,,,,,,,,,,285765,2374
1786071913,986674023,,,,,5,-1495.4837646484375,1021.8585205078125,-775.844970703125,0.11078668385744095,-0.1507023125886917,-0.265630841255188,0.9457565546035767,1,285765,2374
1786071913,995689279,1,-10.99909496307373,93.00624084472656,243.54420471191406,,,,,,,,,,285766,2374
1786071913,995689279,,,,,5,-1495.4705810546875,1021.8171997070312,-775.866455078125,0.11122418195009232,-0.1504228115081787,-0.2666204273700714,0.9454712271690369,1,285766,2374
1786071914,3640753,1,-13.577844619750977,92.9729995727539,242.2259979248047,,,,,,,,,,285767,2374
1786071914,3640753,,,,,5,-1495.591064453125,1021.89013671875,-775.7974243164062,0.11199306696653366,-0.14986158907413483,-0.26753199100494385,0.9452120065689087,1,285767,2374
1786071914,12221272,1,-16.821401596069336,94.01519775390625,240.9089813232422,,,,,,,,,,285768,2374
1786071914,12221272,,,,,5,-1495.6170654296875,1021.8932495117188,-775.8264770507812,0.11172304302453995,-0.1497655212879181,-0.2673049867153168,0.9453234076499939,1,285768,2374
1786071914,20614716,,,,,5,-1495.4727783203125,1021.8494262695312,-775.8407592773438,0.11117725819349289,-0.1504129320383072,-0.26602819561958313,0.9456450939178467,1,285769,2374
1786071914,28595954,,,,,5,-1495.6026611328125,1021.9296875,-775.8231811523438,0.11211147159337997,-0.1494857370853424,-0.26747721433639526,0.9452729821205139,1,285770,2374
1786071914,37631439,,,,,5,-1495.612060546875,1021.9205322265625,-775.80419921875,0.11167370527982712,-0.14993217587471008,-0.26738181710243225,0.9452810287475586,1,285771,2374
1786071914,45589537,,,,,5,-1495.568359375,1021.9021606445312,-775.8629760742188,0.11176995187997818,-0.1496698409318924,-0.26718753576278687,0.9453662037849426,1,285772,2374
1786071914,53982949,,,,,5,-1495.5865478515625,1021.9006958007812,-775.80859375,0.11184421926736832,-0.14975550770759583,-0.267826110124588,0.9451631903648376,1,285773,2374
1786071914,61600632,,,,,5,-1495.598388671875,1021.90673828125,-775.8002319335938,0.11121274530887604,-0.14973042905330658,-0.26711305975914,0.9454434514045715,1,285774,2374
1786071914,70710018,,,,,5,-1495.615478515625,1021.8800659179688,-775.822509765625,0.11177931725978851,-0.14974549412727356,-0.2673827111721039,0.94529789686203,1,285775,2374
1786071914,78560960,,,,,5,-1495.6171875,1021.8902587890625,-775.7994995117188,0.11137156933546066,-0.1497497409582138,-0.26708608865737915,0.945429265499115,1,285776,2374
1786071914,87399992,,,,,5,-1495.612548828125,1021.91455078125,-775.831787109375,0.11158456653356552,-0.14988502860069275,-0.2674686908721924,0.9452745318412781,1,285777,2374
1786071914,95387632,,,,,5,-1495.5147705078125,1021.8394775390625,-775.8508911132812,0.11146962642669678,-0.15057271718978882,-0.2667263150215149,0.9453884959220886,1,285778,2374
1786071914,103353348,,,,,5,-1495.4892578125,1021.8488159179688,-775.8468627929688,0.1114065870642662,-0.15053601562976837,-0.26671087741851807,0.9454061388969421,1,285779,2374
1786071914,112327348,,,,,5,-1495.473876953125,1021.8524780273438,-775.8554077148438,0.11134292930364609,-0.15059244632720947,-0.2663412392139435,0.9455088376998901,1,285780,2374
1786071914,120303594,,,,,5,-1495.4732666015625,1021.83740234375,-775.86669921875,0.11123397201299667,-0.1505943089723587,-0.26645752787590027,0.945488691329956,1,285781,2374
1786071914,128399287,,,,,5,-1495.6107177734375,1021.9105834960938,-775.7876586914062,0.11181733757257462,-0.14975222945213318,-0.2677399814128876,0.9451912641525269,1,285782,2374
1786071914,137345346,,,,,5,-1495.4886474609375,1021.8292236328125,-775.8671875,0.11123502999544144,-0.1503395289182663,-0.266812264919281,0.9454290270805359,1,285783,2374
1786071914,145561861,,,,,5,-1495.5028076171875,1021.8954467773438,-775.8932495117188,0.1105998232960701,-0.1505601704120636,-0.26492196321487427,0.945999801158905,1,285784,2374
1786071914,153545308,,,,,5,-1495.5950927734375,1021.9224853515625,-775.8012084960938,0.11206723749637604,-0.14957831799983978,-0.2679797410964966,0.9451212882995605,1,285785,2374
1786071914,162254523,,,,,5,-1495.483154296875,1021.8173828125,-775.8431396484375,0.11158224195241928,-0.15043294429779053,-0.2675235867500305,0.9451721906661987,1,285786,2374
1786071914,170231953,,,,,5,-1495.5657958984375,1021.9088134765625,-775.8192749023438,0.11170385777950287,-0.1496599316596985,-0.26740044355392456,0.9453153014183044,1,285787,2374
1786071914,179208259,,,,,5,-1495.5,1021.8445434570312,-775.8348388671875,0.1114470437169075,-0.15041306614875793,-0.2669258117675781,0.9453603625297546,1,285788,2374
1786071914,187591621,1,-51.90890884399414,102.05851745605469,234.3857879638672,,,,,,,,,,285789,2374
1786071914,187591621,,,,,5,-1495.6021728515625,1021.931640625,-775.8118286132812,0.11160843074321747,-0.14982864260673523,-0.2673678398132324,0.9453091621398926,1,285789,2374
1786071914,195396954,1,-56.238826751708984,101.5785140991211,227.79478454589844,,,,,,,,,,285790,2374
1786071914,195396954,,,,,5,-1495.6080322265625,1021.8976440429688,-775.8173217773438,0.11170653253793716,-0.14977934956550598,-0.2671166956424713,0.945376455783844,1,285790,2374
1786071914,204262327,1,-54.023590087890625,101.56366729736328,231.48611450195312,,,,,,,,,,285791,2374
1786071914,204262327,,,,,5,-1495.5035400390625,1021.8602905273438,-775.8410034179688,0.11100990325212479,-0.1506396383047104,-0.26670122146606445,0.9454390406608582,1,285791,2374
1786071914,212042120,1,-55.7783088684082,102.84038543701172,229.1910858154297,,,,,,,,,,285792,2374
1786071914,212042120,,,,,5,-1495.6123046875,1021.8788452148438,-775.83447265625,0.11181244254112244,-0.14958485960960388,-0.26776063442230225,0.9452126026153564,1,285792,2374
1786071914,220049476,1,-58.259979248046875,102.15869140625,227.1645965576172,,,,,,,,,,285793,2374
1786071914,220049476,,,,,5,-1495.5999755859375,1021.8994140625,-775.8478393554688,0.11170017719268799,-0.14988797903060913,-0.26706060767173767,0.9453758001327515,1,285793,2374
1786071914,229228763,1,-59.440391540527344,103.08843231201172,224.86300659179688,,,,,,,,,,285794,2374
1786071914,229228763,,,,,5,-1495.4814453125,1021.8556518554688,-775.8787841796875,0.11116649955511093,-0.15050159394741058,-0.2660747766494751,0.9456192255020142,1,285794,2374
1786071914,237021262,1,-64.4583511352539,101.29656982421875,219.81893920898438,,,,,,,,,,285795,2374
1786071914,237021262,,,,,5,-1495.617431640625,1021.8781127929688,-775.8290405273438,0.1119065210223198,-0.14969806373119354,-0.26775768399238586,0.9451843500137329,1,285795,2374
1786071914,244974656,1,-53.49167251586914,110.60566711425781,224.37765502929688,,,,,,,,,,285796,2374
1786071914,244974656,,,,,5,-1495.5924072265625,1021.8822631835938,-775.802490234375,0.11171840876340866,-0.14974716305732727,-0.26722022891044617,0.9453507661819458,1,285796,2374
1786071914,254044002,1,-50.50587463378906,111.80226135253906,222.8851318359375,,,,,,,,,,285797,2374
1786071914,254044002,,,,,5,-1495.4649658203125,1021.8375244140625,-775.8515625,0.11144743859767914,-0.1505683958530426,-0.26673391461372375,0.9453897476196289,1,285797,2374
1786071914,262045597,1,-57.05254364013672,110.27838897705078,218.27752685546875,,,,,,,,,,285798,2374
1786071914,262045597,,,,,5,-1495.5877685546875,1021.8884887695312,-775.8157958984375,0.11181802302598953,-0.14967113733291626,-0.2676491439342499,0.945229709148407,1,285798,2374
1786071914,269460906,1,-65.68394470214844,106.88812255859375,212.3195037841797,,,,,,,,,,285799,2374
1786071914,269460906,,,,,5,-1495.4752197265625,1021.8214721679688,-775.8587036132812,0.11132238060235977,-0.1504199206829071,-0.26615676283836365,0.9455906748771667,1,285799,2374
1786071914,278900242,1,-75.32083892822266,100.58598327636719,203.31492614746094,,,,,,,,,,285800,2374
1786071914,278900242,,,,,5,-1495.6220703125,1021.8920288085938,-775.817626953125,0.11161139607429504,-0.1497560739517212,-0.2680870592594147,0.9451165795326233,1,285800,2374
1786071914,286812828,1,-59.488616943359375,112.16395568847656,208.95166015625,,,,,,,,,,285801,2374
1786071914,286812828,,,,,5,-1495.477783203125,1021.8154296875,-775.8310546875,0.1110130250453949,-0.15067195892333984,-0.2660648226737976,0.9456127882003784,1,285801,2374
1786071914,295998996,1,-64.2245101928711,111.56515502929688,203.86053466796875,,,,,,,,,,285802,2374
1786071914,295998996,,,,,5,-1495.6109619140625,1021.8764038085938,-775.8202514648438,0.1119331642985344,-0.14972807466983795,-0.26766538619995117,0.9452024698257446,1,285802,2374
1786071914,303752224,1,-61.771392822265625,114.55335235595703,202.65545654296875,,,,,,,,,,285803,2374
1786071914,303752224,,,,,5,-1495.4832763671875,1021.82470703125,-775.8658447265625,0.11145421862602234,-0.15055106580257416,-0.2667829990386963,0.9453778266906738,1,285803,2374
1786071914,311946015,1,-62.664466857910156,115.20384979248047,197.5911407470703,,,,,,,,,,285804,2374
1786071914,311946015,,,,,5,-1495.491455078125,1021.8204956054688,-775.87158203125,0.11140764504671097,-0.15053647756576538,-0.26662465929985046,0.9454302787780762,1,285804,2374
1786071914,320863397,1,-65.68425750732422,115.29466247558594,193.58807373046875,,,,,,,,,,285805,2374
1786071914,320863397,,,,,5,-1495.6048583984375,1021.880859375,-775.8353881835938,0.11182913184165955,-0.14976729452610016,-0.2673872709274292,0.9452873468399048,1,285805,2374
1786071914,328715620,1,-69.27473449707031,113.92973327636719,187.77789306640625,,,,,,,,,,285806,2374
1786071914,328715620,,,,,5,-1495.6109619140625,1021.8963012695312,-775.8168334960938,0.11182243376970291,-0.14967045187950134,-0.2676103711128235,0.945240318775177,1,285806,2374
1786071914,336720863,1,-74.7788314819336,111.74687194824219,180.1766357421875,,,,,,,,,,285807,2374
1786071914,336720863,,,,,5,-1495.5032958984375,1021.8316650390625,-775.8484497070312,0.11106035113334656,-0.15071804821491241,-0.26688632369041443,0.9453684091567993,1,285807,2374
1786071914,345857518,1,-76.5307388305664,111.72669219970703,174.7572479248047,,,,,,,,,,285808,2374
1786071914,345857518,,,,,5,-1495.4996337890625,1021.8483276367188,-775.826904296875,0.11134084314107895,-0.15068697929382324,-0.2666358947753906,0.945410966873169,1,285808,2374
1786071914,353660195,,,,,5,-1495.470703125,1021.87548828125,-775.8954467773438,0.11166401952505112,-0.15046977996826172,-0.26690417528152466,0.945331871509552,1,285809,2374
1786071914,361628824,1,-96.50849151611328,103.87954711914062,158.1483917236328,,,,,,,,,,285810,2374
1786071914,361628824,,,,,5,-1495.5555419921875,1021.9144897460938,-775.8607788085938,0.11148305237293243,-0.14961214363574982,-0.2663370966911316,0.9456492066383362,1,285810,2374
1786071914,370563329,1,-77.67782592773438,116.17054748535156,159.3146209716797,,,,,,,,,,285811,2374
1786071914,370563329,,,,,5,-1495.4957275390625,1021.8659057617188,-775.8560791015625,0.11144809424877167,-0.1504894196987152,-0.2664656341075897,0.9454778432846069,1,285811,2374
1786071914,378588608,1,-64.39611053466797,124.95022583007812,159.0926971435547,,,,,,,,,,285812,2374
1786071914,378588608,,,,,5,-1495.5467529296875,1021.908203125,-775.8442993164062,0.11179133504629135,-0.14955799281597137,-0.2669849991798401,0.9454386830329895,1,285812,2374
1786071914,387517801,1,-58.630245208740234,129.86500549316406,156.05743408203125,,,,,,,,,,285813,2374
1786071914,387517801,,,,,5,-1495.5166015625,1021.8619384765625,-775.8501586914062,0.11092916876077652,-0.15069061517715454,-0.2664991319179535,0.9454973936080933,1,285813,2374
1786071914,395504961,1,-51.966796875,135.18359375,153.8089141845703,,,,,,,,,,285814,2374
1786071914,395504961,,,,,5,-1495.4552001953125,1021.8428955078125,-775.8673095703125,0.11129718273878098,-0.15041859447956085,-0.2662966549396515,0.9455544352531433,1,285814,2374
1786071914,403461331,,,,,5,-1495.5855712890625,1021.8648681640625,-775.8275756835938,0.11191054433584213,-0.14994218945503235,-0.26788827776908875,0.9451081156730652,1,285815,2374
1786071914,412439396,1,-75.10176086425781,124.52835845947266,137.70726013183594,,,,,,,,,,285816,2374
1786071914,412439396,,,,,5,-1495.6220703125,1021.927734375,-775.8165283203125,0.11171677708625793,-0.14977329969406128,-0.2675382196903229,0.9452570080757141,1,285816,2374
1786071914,420436446,1,-92.5684814453125,110.54642486572266,115.43785858154297,,,,,,,,,,285817,2374
1786071914,420436446,,,,,5,-1495.4635009765625,1021.8353881835938,-775.8698120117188,0.11138932406902313,-0.15058603882789612,-0.26668474078178406,0.9454076886177063,1,285817,2374
1786071914,428348040,1,-90.65544891357422,112.0221176147461,114.11580657958984,,,,,,,,,,285818,2374
1786071914,428348040,,,,,5,-1495.46826171875,1021.8703002929688,-775.8323364257812,0.11125582456588745,-0.15052279829978943,-0.26682114601135254,0.9453949928283691,1,285818,2374
1786071914,437335643,1,-90.37489318847656,115.3676528930664,106.03981018066406,,,,,,,,,,285819,2374
1786071914,437335643,,,,,5,-1495.5142822265625,1021.8425903320312,-775.8278198242188,0.11124618351459503,-0.15067742764949799,-0.26687178015708923,0.9453571438789368,1,285819,2374
1786071914,445343159,1,-93.31737518310547,114.90425109863281,98.9832763671875,,,,,,,,,,285820,2374
1786071914,445343159,,,,,5,-1495.6160888671875,1021.9066772460938,-775.8147583007812,0.11175350099802017,-0.14984454214572906,-0.26758643984794617,0.9452276825904846,1,285820,2374
1786071914,453330159,1,-96.119873046875,114.10137939453125,91.84512329101562,,,,,,,,,,285821,2375
1786071914,453330159,,,,,5,-1495.472900390625,1021.8373413085938,-775.8606567382812,0.11157121509313583,-0.15057465434074402,-0.2671296298503876,0.9452623128890991,1,285821,2375
1786071914,462799804,1,-98.45657348632812,113.72959899902344,84.92855834960938,,,,,,,,,,285822,2375
1786071914,462799804,,,,,5,-1495.616943359375,1021.9022827148438,-775.7914428710938,0.11182981729507446,-0.14985331892967224,-0.2679705023765564,0.9451082944869995,1,285822,2375
1786071914,470290359,,,,,5,-1495.4832763671875,1021.8673706054688,-775.8531494140625,0.11124105751514435,-0.15049239993095398,-0.266072154045105,0.9456125497817993,1,285823,2375
1786071914,479243588,,,,,5,-1495.4730224609375,1021.8557739257812,-775.8203125,0.11126336455345154,-0.15070536732673645,-0.26686644554138184,0.9453520774841309,1,285824,2375
1786071914,487266338,1,-108.43394470214844,110.66960906982422,64.68563842773438,,,,,,,,,,285825,2375
1786071914,487266338,,,,,5,-1495.5018310546875,1021.8573608398438,-775.8392333984375,0.11130906641483307,-0.1506214141845703,-0.26688843965530396,0.9453539848327637,1,285825,2375
1786071914,495193871,1,-106.01048278808594,113.31514739990234,58.68873596191406,,,,,,,,,,285826,2375
1786071914,495193871,,,,,5,-1495.5927734375,1021.9083251953125,-775.8314208984375,0.11189087480306625,-0.14985650777816772,-0.2673735022544861,0.9452697038650513,1,285826,2375
1786071914,504208135,1,-106.98689270019531,113.26233673095703,52.398136138916016,,,,,,,,,,285827,2375
1786071914,504208135,,,,,5,-1495.4520263671875,1021.8704223632812,-775.9059448242188,0.11173351854085922,-0.1505262553691864,-0.2667032480239868,0.9453713893890381,1,285827,2375
1786071914,512419785,1,-107.18028259277344,112.98747253417969,45.82889938354492,,,,,,,,,,285828,2375
1786071914,512419785,,,,,5,-1495.4873046875,1021.8383178710938,-775.8433837890625,0.11137872189283371,-0.1505545824766159,-0.2669934332370758,0.9453268051147461,1,285828,2375
1786071914,520131438,1,-108.49909973144531,112.99220275878906,39.76737976074219,,,,,,,,,,285829,2375
1786071914,520131438,,,,,5,-1495.497314453125,1021.8277587890625,-775.8919067382812,0.11130954325199127,-0.15045832097530365,-0.26661765575408936,0.9454562664031982,1,285829,2375
1786071914,529956254,1,-110.89257049560547,114.25005340576172,33.453155517578125,,,,,,,,,,285830,2375
1786071914,529956254,,,,,5,-1495.4637451171875,1021.8264770507812,-775.8555908203125,0.11129888147115707,-0.15045984089374542,-0.2664923667907715,0.945492684841156,1,285830,2375
1786071914,537104313,1,-111.57117462158203,112.64942169189453,27.654460906982422,,,,,,,,,,285831,2375
1786071914,537104313,,,,,5,-1495.586181640625,1021.8908081054688,-775.8179931640625,0.11189152300357819,-0.14952880144119263,-0.2678378224372864,0.9451900720596313,1,285831,2375
1786071914,545035942,1,-111.9073257446289,113.15579223632812,21.976667404174805,,,,,,,,,,285832,2375
1786071914,545035942,,,,,5,-1495.4736328125,1021.8215942382812,-775.8150634765625,0.11106836050748825,-0.15058566629886627,-0.2669474184513092,0.9453713297843933,1,285832,2375
1786071914,553999061,1,-113.70771026611328,112.90454864501953,16.27400016784668,,,,,,,,,,285833,2375
1786071914,553999061,,,,,5,-1495.5955810546875,1021.8743286132812,-775.8259887695312,0.11190958321094513,-0.14968092739582062,-0.26775482296943665,0.9451874494552612,1,285833,2375
1786071914,562036086,1,-116.64708709716797,112.02439880371094,11.189566612243652,,,,,,,,,,285834,2375
1786071914,562036086,,,,,5,-1495.611572265625,1021.9005737304688,-775.8251342773438,0.11169310659170151,-0.14959782361984253,-0.26760631799697876,0.9452682733535767,1,285834,2375
1786071914,569987591,1,-114.87162017822266,112.6197509765625,5.350302219390869,,,,,,,,,,285835,2375
1786071914,569987591,,,,,5,-1495.5101318359375,1021.8165893554688,-775.8886108398438,0.111579529941082,-0.1503380537033081,-0.26772984862327576,0.9451292753219604,1,285835,2375
1786071914,579528098,,,,,5,-1495.5067138671875,1021.8642578125,-775.8361206054688,0.11137119680643082,-0.15071311593055725,-0.2667970061302185,0.9453577995300293,1,285836,2375
1786071914,586874242,,,,,5,-1495.49169921875,1021.8238525390625,-775.8291625976562,0.11114909499883652,-0.15065856277942657,-0.2670224905014038,0.9453290700912476,1,285837,2375
1786071914,595911583,,,,,5,-1495.6090087890625,1021.9323120117188,-775.8356323242188,0.11182455718517303,-0.14993277192115784,-0.2676234841346741,0.9451947808265686,1,285838,2375
1786071914,603840331,,,,,5,-1495.4764404296875,1021.8275756835938,-775.8688354492188,0.11156017333269119,-0.15057377517223358,-0.26676005125045776,0.945368230342865,1,285839,2375
1786071914,611768984,,,,,5,-1495.474609375,1021.8234252929688,-775.8507690429688,0.11158975958824158,-0.15056855976581573,-0.26740410923957825,0.945183515548706,1,285840,2375
1786071914,620821944,,,,,5,-1495.4805908203125,1021.8580322265625,-775.850830078125,0.11140287667512894,-0.15061363577842712,-0.26724761724472046,0.945242702960968,1,285841,2375
1786071914,628740931,,,,,5,-1495.5869140625,1021.8952026367188,-775.8628540039062,0.11217008531093597,-0.14970140159130096,-0.26789090037345886,0.9451147317886353,1,285842,2375
1786071914,636753440,1,-138.27882385253906,114.70806884765625,-50.19292068481445,,,,,,,,,,285843,2375
1786071914,636753440,,,,,5,-1495.6060791015625,1021.9073486328125,-775.8290405273438,0.111797995865345,-0.1497209221124649,-0.2674654424190521,0.945276141166687,1,285843,2375
1786071914,645802591,1,-139.5329132080078,114.08342742919922,-56.18191146850586,,,,,,,,,,285844,2375
1786071914,645802591,,,,,5,-1495.4676513671875,1021.81591796875,-775.8273315429688,0.11130337417125702,-0.15083009004592896,-0.26689714193344116,0.945318877696991,1,285844,2375
1786071914,653716905,1,-190.21893310546875,25.552457809448242,-121.41453552246094,,,,,,,,,,285845,2375
1786071914,653716905,,,,,5,-1495.5970458984375,1021.9111328125,-775.8130493164062,0.11197622120380402,-0.14973536133766174,-0.26785707473754883,0.9451419711112976,1,285845,2375
1786071914,661628595,1,-142.57574462890625,111.92012023925781,-67.59843444824219,,,,,,,,,,285846,2375
1786071914,661628595,,,,,5,-1495.4781494140625,1021.8432006835938,-775.8385009765625,0.11144302785396576,-0.15054772794246674,-0.2673618495464325,0.9452160000801086,1,285846,2375
1786071914,670614598,,,,,5,-1495.61865234375,1021.9036254882812,-775.7706909179688,0.11153802275657654,-0.15008080005645752,-0.267962247133255,0.9451092481613159,1,285847,2375
1786071914,678918649,1,-146.35609436035156,111.52865600585938,-79.89138793945312,,,,,,,,,,285848,2375
1786071914,678918649,,,,,5,-1495.4866943359375,1021.8634033203125,-775.8317260742188,0.1113811507821083,-0.1506280153989792,-0.2665945291519165,0.9454272985458374,1,285848,2375
1786071914,686618939,1,-147.72634887695312,112.47966766357422,-85.73893737792969,,,,,,,,,,285849,2375
1786071914,686618939,,,,,5,-1495.6085205078125,1021.9227905273438,-775.8024291992188,0.1117885410785675,-0.14974191784858704,-0.2677000164985657,0.9452075958251953,1,285849,2375
1786071914,695620145,1,-148.68809509277344,113.93516540527344,-87.37406921386719,,,,,,,,,,285850,2375
1786071914,695620145,,,,,5,-1495.4798583984375,1021.8421020507812,-775.8809814453125,0.11121824383735657,-0.15055666863918304,-0.2661501467227936,0.9455831050872803,1,285850,2375
1786071914,703556575,,,,,5,-1495.5911865234375,1021.89404296875,-775.8447265625,0.1118122786283493,-0.1498020887374878,-0.2672586441040039,0.9453200697898865,1,285851,2375
1786071914,712497386,,,,,5,-1495.4615478515625,1021.849609375,-775.8832397460938,0.1112653911113739,-0.1504896730184555,-0.26625779271125793,0.9455579519271851,1,285852,2375
1786071914,720549454,1,-155.86224365234375,111.68534088134766,-106.80427551269531,,,,,,,,,,285853,2375
1786071914,720549454,,,,,5,-1495.4876708984375,1021.7969970703125,-775.830078125,0.11121717095375061,-0.15068630874156952,-0.2668094336986542,0.9453766942024231,1,285853,2375
1786071914,728585327,1,-158.1756134033203,111.4007797241211,-112.59186553955078,,,,,,,,,,285854,2375
1786071914,728585327,,,,,5,-1495.4808349609375,1021.8828125,-775.8545532226562,0.11107753217220306,-0.15071213245391846,-0.2666589617729187,0.9454315304756165,1,285854,2375
1786071914,739158411,1,-158.77767944335938,107.88722229003906,-119.66252136230469,,,,,,,,,,285855,2375
1786071914,739158411,,,,,5,-1495.6007080078125,1021.94677734375,-775.8189086914062,0.11144472658634186,-0.1497734636068344,-0.26704949140548706,0.9454271793365479,1,285855,2375
1786071914,745307403,,,,,5,-1495.492431640625,1021.8780517578125,-775.8328857421875,0.11116945743560791,-0.15068474411964417,-0.2669273614883423,0.9453492760658264,1,285856,2375
1786071914,753367920,,,,,5,-1495.599609375,1021.9322509765625,-775.8153686523438,0.11155945807695389,-0.1499119997024536,-0.26726236939430237,0.9453316926956177,1,285857,2375
1786071914,765724635,,,,,5,-1495.49658203125,1021.8499145507812,-775.8375854492188,0.11139654368162155,-0.15066559612751007,-0.26703956723213196,0.9452939033508301,1,285858,2375
1786071914,770284881,,,,,5,-1495.4661865234375,1021.8577270507812,-775.873779296875,0.11139590293169022,-0.15061239898204803,-0.2662299573421478,0.9455308318138123,1,285859,2375
1786071914,779298377,1,-166.62652587890625,119.65998840332031,-153.76779174804688,,,,,,,,,,285860,2375
1786071914,779298377,,,,,5,-1495.4803466796875,1021.87060546875,-775.8522338867188,0.11098232120275497,-0.15054255723953247,-0.266489177942276,0.9455174803733826,1,285860,2375
1786071914,787210419,1,-169.1734619140625,114.4308853149414,-157.47061157226562,,,,,,,,,,285861,2375
1786071914,787210419,,,,,5,-1495.4696044921875,1021.83740234375,-775.8749389648438,0.11151067912578583,-0.15051987767219543,-0.2668655514717102,0.9453526735305786,1,285861,2375
1786071914,795834530,1,-170.08120727539062,114.65486145019531,-164.04559326171875,,,,,,,,,,285862,2375
1786071914,795834530,,,,,5,-1495.5882568359375,1021.9130249023438,-775.7994384765625,0.11199845373630524,-0.14969366788864136,-0.2681882679462433,0.9450519680976868,1,285862,2375
1786071914,803610994,1,-171.7924041748047,111.09378051757812,-168.43792724609375,,,,,,,,,,285863,2375
1786071914,803610994,,,,,5,-1495.608642578125,1021.9302978515625,-775.8356323242188,0.11155310273170471,-0.14977477490901947,-0.26722538471221924,0.9453644752502441,1,285863,2375
1786071914,812163348,1,-173.54408264160156,113.27445983886719,-176.24978637695312,,,,,,,,,,285864,2375
1786071914,812163348,,,,,5,-1495.4375,1021.8139038085938,-775.8739624023438,0.11131439357995987,-0.15039965510368347,-0.266443133354187,0.9455143213272095,1,285864,2375
1786071914,820081055,1,-173.0279998779297,114.94908142089844,-186.15029907226562,,,,,,,,,,285865,2375
1786071914,820081055,,,,,5,-1495.47216796875,1021.8492431640625,-775.8737182617188,0.11128942668437958,-0.15045282244682312,-0.26705339550971985,0.9453365802764893,1,285865,2375
1786071914,829121500,1,-174.928955078125,115.26726531982422,-192.20458984375,,,,,,,,,,285866,2375
1786071914,829121500,,,,,5,-1495.4676513671875,1021.8717651367188,-775.8360595703125,0.11089673638343811,-0.15050125122070312,-0.2663578689098358,0.9455711245536804,1,285866,2375
1786071914,837079823,1,-177.76089477539062,114.07835388183594,-196.816162109375,,,,,,,,,,285867,2375
1786071914,837079823,,,,,5,-1495.5914306640625,1021.8048095703125,-775.75732421875,0.11133138090372086,-0.15018101036548615,-0.26807141304016113,0.9450865983963013,1,285867,2375
1786071914,845042946,1,-177.9510498046875,114.52324676513672,-203.47996520996094,,,,,,,,,,285868,2375
1786071914,845042946,,,,,5,-1495.7000732421875,1021.8834838867188,-775.7102661132812,0.11141031235456467,-0.14957009255886078,-0.26840153336524963,0.9450805187225342,1,285868,2375
1786071914,854462406,1,-181.8971405029297,113.43035888671875,-208.0988311767578,,,,,,,,,,285869,2375
1786071914,854462406,,,,,5,-1495.5704345703125,1021.80419921875,-775.77880859375,0.11101752519607544,-0.15028932690620422,-0.2674579322338104,0.945280134677887,1,285869,2375
1786071914,862267836,1,-183.944580078125,112.9589614868164,-213.46189880371094,,,,,,,,,,285870,2375
1786071914,862267836,,,,,5,-1495.5360107421875,1021.8218994140625,-775.8192749023438,0.11128518730401993,-0.15040841698646545,-0.26719170808792114,0.9453049302101135,1,285870,2375
1786071914,870016583,1,-185.8267364501953,112.15892791748047,-219.36561584472656,,,,,,,,,,285871,2375
1786071914,870016583,,,,,5,-1495.5367431640625,1021.8370361328125,-775.7993774414062,0.11118375509977341,-0.1506870985031128,-0.26796719431877136,0.945052981376648,1,285871,2375
1786071914,882116001,1,-187.54542541503906,113.08858489990234,-224.6585235595703,,,,,,,,,,285872,2375
1786071914,882116001,,,,,5,-1495.540283203125,1021.7781372070312,-775.8598022460938,0.11127755045890808,-0.15049660205841064,-0.26730260252952576,0.9452604651451111,1,285872,2375
1786071914,886994835,1,-189.4739990234375,112.31446838378906,-230.26600646972656,,,,,,,,,,285873,2375
1786071914,886994835,,,,,5,-1495.6400146484375,1021.85400390625,-775.7844848632812,0.11176116019487381,-0.1497458815574646,-0.2682730555534363,0.9450476765632629,1,285873,2375
1786071914,895992680,1,-193.5771942138672,109.81436157226562,-235.4389190673828,,,,,,,,,,285874,2375
1786071914,895992680,,,,,5,-1495.6009521484375,1021.8860473632812,-775.76806640625,0.11142170429229736,-0.1496717780828476,-0.2683604061603546,0.945074737071991,1,285874,2375
1786071914,904239857,1,-196.05128479003906,109.74868774414062,-240.38172912597656,,,,,,,,,,285875,2375
1786071914,904239857,,,,,5,-1495.5130615234375,1021.822265625,-775.7741088867188,0.11092033982276917,-0.15082478523254395,-0.2676321268081665,0.9451569318771362,1,285875,2375
1786071914,912521888,1,-195.31008911132812,112.54371643066406,-246.81201171875,,,,,,,,,,285876,2375
1786071914,912521888,,,,,5,-1495.495361328125,1021.8119506835938,-775.7974853515625,0.11117592453956604,-0.15034936368465424,-0.26768961548805237,0.9451863765716553,1,285876,2375
1786071914,921031258,1,-199.17434692382812,110.10050201416016,-251.72877502441406,,,,,,,,,,285877,2375
1786071914,921031258,,,,,5,-1495.530517578125,1021.8263549804688,-775.8323364257812,0.11077864468097687,-0.1507645845413208,-0.2669258713722229,0.9453827738761902,1,285877,2375
1786071914,928854419,1,-199.71502685546875,111.38336181640625,-258.0325622558594,,,,,,,,,,285878,2375
1786071914,928854419,,,,,5,-1495.510986328125,1021.7776489257812,-775.7948608398438,0.11095385998487473,-0.15077362954616547,-0.2669822871685028,0.9453449249267578,1,285878,2375
1786071914,936796066,1,-201.4410400390625,111.05641174316406,-264.0810241699219,,,,,,,,,,285879,2375
1786071914,936796066,,,,,5,-1495.6265869140625,1021.84521484375,-775.777587890625,0.11172720044851303,-0.14967171847820282,-0.2681722939014435,0.9450920224189758,1,285879,2375
1786071914,945880392,1,-203.2112274169922,111.54791259765625,-269.84710693359375,,,,,,,,,,285880,2375
1786071914,945880392,,,,,5,-1495.6351318359375,1021.8790283203125,-775.7779541015625,0.11149437725543976,-0.14993666112422943,-0.2681466341018677,0.9450849294662476,1,285880,2375
1786071914,953789585,1,-204.21124267578125,113.07217407226562,-276.5951232910156,,,,,,,,,,285881,2375
1786071914,953789585,,,,,5,-1495.5972900390625,1021.8765869140625,-775.79296875,0.1114925667643547,-0.14969661831855774,-0.2674800157546997,0.9453120231628418,1,285881,2375
1786071914,961677655,1,-205.96463012695312,112.7086181640625,-282.09088134765625,,,,,,,,,,285882,2375
1786071914,961677655,,,,,5,-1495.5433349609375,1021.7825317382812,-775.77685546875,0.11152113974094391,-0.15061399340629578,-0.26794660091400146,0.9450307488441467,1,285882,2375
1786071914,970763996,1,-208.094970703125,112.13018035888672,-288.3484802246094,,,,,,,,,,285883,2375
1786071914,970763996,,,,,5,-1495.6336669921875,1021.8935546875,-775.7323608398438,0.11149024218320847,-0.15001052618026733,-0.2676425278186798,0.9452165365219116,1,285883,2375
1786071914,978724079,1,-210.61293029785156,110.93838500976562,-296.0247497558594,,,,,,,,,,285884,2375
1786071914,978724079,,,,,5,-1495.6488037109375,1021.8430786132812,-775.7506713867188,0.11163745075464249,-0.1499646008014679,-0.2682855427265167,0.9450241923332214,1,285884,2375
1786071914,986625079,1,-212.7671356201172,110.18003845214844,-301.8352966308594,,,,,,,,,,285885,2375
1786071914,986625079,,,,,5,-1495.638916015625,1021.8473510742188,-775.7821655273438,0.11173560470342636,-0.14961077272891998,-0.26819851994514465,0.9450933337211609,1,285885,2375
1786071914,995959019,1,-214.0553436279297,110.7217025756836,-306.9310607910156,,,,,,,,,,285886,2375
1786071914,995959019,,,,,5,-1495.64697265625,1021.90673828125,-775.7283935546875,0.11164620518684387,-0.14985810220241547,-0.2686648368835449,0.9449322819709778,1,285886,2375
1786071915,3593857,1,-215.73748779296875,110.37049865722656,-311.3760986328125,,,,,,,,,,285887,2375
1786071915,3593857,,,,,5,-1495.6414794921875,1021.8549194335938,-775.7843627929688,0.11169496178627014,-0.1496724635362625,-0.26850032806396484,0.9450026750564575,1,285887,2375
1786071915,12560688,1,-217.43963623046875,109.85328674316406,-316.58837890625,,,,,,,,,,285888,2375
1786071915,12560688,,,,,5,-1495.5028076171875,1021.8240356445312,-775.8137817382812,0.11113563925027847,-0.1506495475769043,-0.2669193148612976,0.9453611373901367,1,285888,2375
1786071915,20540679,1,-219.7771453857422,108.56710815429688,-321.50518798828125,,,,,,,,,,285889,2375
1786071915,20540679,,,,,5,-1495.5198974609375,1021.8383178710938,-775.8009033203125,0.11108426749706268,-0.15073314309120178,-0.2670302093029022,0.9453226923942566,1,285889,2375
1786071915,28474389,1,-222.15750122070312,108.18448638916016,-329.1191101074219,,,,,,,,,,285890,2375
1786071915,28474389,,,,,5,-1495.5311279296875,1021.8271484375,-775.7817993164062,0.11093135923147202,-0.1509462296962738,-0.2671295404434204,0.9452784657478333,1,285890,2375
1786071915,37810569,1,-223.72247314453125,108.73380279541016,-335.3387145996094,,,,,,,,,,285891,2375
1786071915,37810569,,,,,5,-1495.5325927734375,1021.8244018554688,-775.822265625,0.11091835796833038,-0.15078386664390564,-0.2671509385108948,0.9452998638153076,1,285891,2375
1786071915,45468324,1,-225.6334228515625,108.6972427368164,-340.54327392578125,,,,,,,,,,285892,2375
1786071915,45468324,,,,,5,-1495.5455322265625,1021.7930908203125,-775.7623901367188,0.1109512522816658,-0.15087434649467468,-0.267498254776001,0.945183277130127,1,285892,2375
1786071915,53395056,1,-229.15411376953125,107.30075073242188,-346.2466125488281,,,,,,,,,,285893,2375
1786071915,53395056,,,,,5,-1495.5594482421875,1021.8285522460938,-775.7988891601562,0.11065396666526794,-0.15085268020629883,-0.2670731842517853,0.9453418254852295,1,285893,2375
1786071915,62382788,1,-230.52503967285156,107.38274383544922,-352.281982421875,,,,,,,,,,285894,2375
1786071915,62382788,,,,,5,-1495.6541748046875,1021.8837280273438,-775.7625122070312,0.11150268465280533,-0.14995549619197845,-0.26855289936065674,0.9449656009674072,1,285894,2375
1786071915,70519159,1,-231.4853973388672,109.8935317993164,-357.7237243652344,,,,,,,,,,285895,2375
1786071915,70519159,,,,,5,-1495.51708984375,1021.8142700195312,-775.81689453125,0.11112727224826813,-0.15061050653457642,-0.2668083608150482,0.9453997015953064,1,285895,2375
1786071915,78702004,1,-233.78143310546875,108.68106842041016,-363.6605224609375,,,,,,,,,,285896,2375
1786071915,78702004,,,,,5,-1495.6490478515625,1021.8970947265625,-775.7789306640625,0.11120617389678955,-0.1499970555305481,-0.2674369513988495,0.9453103542327881,1,285896,2375
1786071915,87345703,1,-235.20651245117188,109.54544830322266,-369.7449035644531,,,,,,,,,,285897,2375
1786071915,87345703,,,,,5,-1495.531982421875,1021.8108520507812,-775.7979125976562,0.11091727018356323,-0.15075106918811798,-0.2672482132911682,0.945277750492096,1,285897,2375
1786071915,95358820,1,-236.7953643798828,108.43560791015625,-375.730712890625,,,,,,,,,,285898,2375
1786071915,95358820,,,,,5,-1495.5482177734375,1021.8308715820312,-775.8209228515625,0.1106816753745079,-0.1507069170475006,-0.2668079435825348,0.9454366564750671,1,285898,2375
1786071915,104291917,1,-238.37123107910156,109.13063049316406,-381.2421875,,,,,,,,,,285899,2375
1786071915,104291917,,,,,5,-1495.6318359375,1021.8606567382812,-775.7623901367188,0.1110164150595665,-0.14985895156860352,-0.26766735315322876,0.9452892541885376,1,285899,2375
1786071915,112324173,1,-240.1030731201172,109.21625518798828,-386.9060974121094,,,,,,,,,,285900,2375
1786071915,112324173,,,,,5,-1495.5364990234375,1021.8451538085938,-775.8036499023438,0.11085256934165955,-0.15076158940792084,-0.2672702372074127,0.9452773928642273,1,285900,2375
1786071915,120276382,1,-241.8578643798828,108.22981262207031,-392.8488464355469,,,,,,,,,,285901,2375
1786071915,120276382,,,,,5,-1495.6751708984375,1021.8753051757812,-775.7723999023438,0.11157846450805664,-0.14996294677257538,-0.2680971622467041,0.945084810256958,1,285901,2375
1786071915,129229003,1,-244.09365844726562,108.77476501464844,-397.7947692871094,,,,,,,,,,285902,2375
1786071915,129229003,,,,,5,-1495.6146240234375,1021.8951416015625,-775.7566528320312,0.11126634478569031,-0.1497422605752945,-0.26758843660354614,0.945300817489624,1,285902,2375
1786071915,137224004,1,-245.8535919189453,110.255615234375,-403.50738525390625,,,,,,,,,,285903,2375
1786071915,137224004,,,,,5,-1495.538818359375,1021.8214111328125,-775.768310546875,0.11098549515008926,-0.15069299936294556,-0.26713496446609497,0.9453110694885254,1,285903,2375
1786071915,145581154,1,-247.5196075439453,108.94539642333984,-410.4426574707031,,,,,,,,,,285904,2375
1786071915,145581154,,,,,5,-1495.5179443359375,1021.8171997070312,-775.7755126953125,0.11121343076229095,-0.15054219961166382,-0.26780927181243896,0.9451173543930054,1,285904,2375
1786071915,154097117,1,-248.86585998535156,107.58350372314453,-414.46380615234375,,,,,,,,,,285905,2375
1786071915,154097117,,,,,5,-1495.5137939453125,1021.8235473632812,-775.7948608398438,0.11065248399972916,-0.1510210633277893,-0.266890287399292,0.9453667998313904,1,285905,2375
1786071915,162111258,1,-250.34983825683594,110.3260269165039,-420.00335693359375,,,,,,,,,,285906,2375
1786071915,162111258,,,,,5,-1495.480712890625,1021.7652587890625,-775.8991088867188,0.11178452521562576,-0.15060648322105408,-0.26769763231277466,0.9450713992118835,1,285906,2375
1786071915,170665628,1,-252.12649536132812,110.75486755371094,-426.01885986328125,,,,,,,,,,285907,2375
1786071915,170665628,,,,,5,-1495.4820556640625,1021.8108520507812,-775.8734741210938,0.11151471734046936,-0.15079627931118011,-0.2673411965370178,0.9451737999916077,1,285907,2375
1786071915,179061760,1,-253.98306274414062,110.67124938964844,-432.2659912109375,,,,,,,,,,285908,2375
1786071915,179061760,,,,,5,-1495.487060546875,1021.8082885742188,-775.8917846679688,0.11180730164051056,-0.15032601356506348,-0.2683962881565094,0.9449151754379272,1,285908,2375
1786071915,187007568,1,-255.43455505371094,111.51655578613281,-436.4871520996094,,,,,,,,,,285909,2375
1786071915,187007568,,,,,5,-1495.5296630859375,1021.8421020507812,-775.8864135742188,0.11132488399744034,-0.15072838962078094,-0.2667763829231262,0.945366621017456,1,285909,2375
1786071915,195043633,1,-257.1062927246094,111.74935913085938,-442.6669616699219,,,,,,,,,,285910,2375
1786071915,195043633,,,,,5,-1495.5413818359375,1021.8087768554688,-775.9035034179688,0.11148672550916672,-0.15039686858654022,-0.26746809482574463,0.9452049732208252,1,285910,2375
1786071915,203939444,1,-258.8157958984375,111.94495391845703,-448.2407531738281,,,,,,,,,,285911,2375
1786071915,203939444,,,,,5,-1495.5953369140625,1021.8536376953125,-775.8240356445312,0.1123439222574234,-0.14979711174964905,-0.26868757605552673,0.9448527693748474,1,285911,2375
1786071915,211894885,1,-260.2231140136719,111.94086456298828,-453.3706970214844,,,,,,,,,,285912,2375
1786071915,211894885,,,,,5,-1495.491943359375,1021.7634887695312,-775.9093627929688,0.11179547011852264,-0.15058492124080658,-0.26768189668655396,0.9450779557228088,1,285912,2375
1786071915,221535571,1,-261.6722717285156,111.66895294189453,-458.6590270996094,,,,,,,,,,285913,2375
1786071915,221535571,,,,,5,-1495.4945068359375,1021.76708984375,-775.8975219726562,0.11178931593894958,-0.15058335661888123,-0.2679196298122406,0.9450116753578186,1,285913,2375
1786071915,228992776,1,-262.8756408691406,112.31686401367188,-463.9379577636719,,,,,,,,,,285914,2375
1786071915,228992776,,,,,5,-1495.4886474609375,1021.7784423828125,-775.9027709960938,0.1118481382727623,-0.15061788260936737,-0.26820090413093567,0.9449194073677063,1,285914,2375
1786071915,236866314,1,-264.2369689941406,112.94661712646484,-468.9149169921875,,,,,,,,,,285915,2375
1786071915,236866314,,,,,5,-1495.5335693359375,1021.8204956054688,-775.8781127929688,0.11138220131397247,-0.15083414316177368,-0.26729753613471985,0.9451958537101746,1,285915,2375
1786071915,245841659,1,-265.7570495605469,112.34400177001953,-474.4003601074219,,,,,,,,,,285916,2375
1786071915,245841659,,,,,5,-1495.47265625,1021.7685546875,-775.8654174804688,0.11181187629699707,-0.15064428746700287,-0.2683138847351074,0.9448873400688171,1,285916,2375
1786071915,253843478,1,-266.1474609375,113.4241714477539,-480.6243591308594,,,,,,,,,,285917,2375
1786071915,253843478,,,,,5,-1495.6214599609375,1021.81005859375,-775.8527221679688,0.11254894733428955,-0.14983795583248138,-0.26925963163375854,0.9446590542793274,1,285917,2375
1786071915,261798184,1,-267.7522888183594,111.93915557861328,-485.45269775390625,,,,,,,,,,285918,2375
1786071915,261798184,,,,,5,-1495.602783203125,1021.84619140625,-775.8109741210938,0.1123269647359848,-0.14968648552894592,-0.26895904541015625,0.9447949528694153,1,285918,2375
1786071915,270954491,1,-270.0547790527344,109.47067260742188,-483.2599792480469,,,,,,,,,,285919,2375
1786071915,270954491,,,,,5,-1495.479736328125,1021.7862548828125,-775.8778686523438,0.1119074672460556,-0.15057364106178284,-0.26827988028526306,0.9448969960212708,1,285919,2375
1786071915,278720425,1,-271.082763671875,110.60366821289062,-490.0296936035156,,,,,,,,,,285920,2375
1786071915,278720425,,,,,5,-1495.4720458984375,1021.7750244140625,-775.9135131835938,0.11177081614732742,-0.150487020611763,-0.2676498591899872,0.9451055526733398,1,285920,2375
1786071915,286753002,1,-271.87335205078125,109.99456024169922,-495.60845947265625,,,,,,,,,,285921,2375
1786071915,286753002,,,,,5,-1495.51416015625,1021.7758178710938,-775.8831176757812,0.11204925924539566,-0.15053293108940125,-0.2687593698501587,0.9447504281997681,1,285921,2375
1786071915,295771651,1,-273.30303955078125,110.66343688964844,-502.24609375,,,,,,,,,,285922,2375
1786071915,295771651,,,,,5,-1495.615478515625,1021.8154296875,-775.8379516601562,0.11257600039243698,-0.14955446124076843,-0.26953625679016113,0.944621741771698,1,285922,2375
1786071915,303659944,1,-274.0927429199219,111.58114624023438,-508.41510009765625,,,,,,,,,,285923,2375
1786071915,303659944,,,,,5,-1495.46630859375,1021.7921142578125,-775.9179077148438,0.11200770735740662,-0.15070009231567383,-0.2683316171169281,0.9448502659797668,1,285923,2375
1786071915,311646432,1,-275.86065673828125,109.77613067626953,-514.9622192382812,,,,,,,,,,285924,2375
1786071915,311646432,,,,,5,-1495.6195068359375,1021.8305053710938,-775.8737182617188,0.1124253049492836,-0.14983895421028137,-0.26898741722106934,0.9447510838508606,1,285924,2375
1786071915,320676475,1,-276.42828369140625,108.84447479248047,-519.6378784179688,,,,,,,,,,285925,2375
1786071915,320676475,,,,,5,-1495.4832763671875,1021.7682495117188,-775.8902587890625,0.11207026988267899,-0.1506192982196808,-0.2679576277732849,0.9449618458747864,1,285925,2375
1786071915,328593734,1,-277.2713928222656,108.82943725585938,-526.44970703125,,,,,,,,,,285926,2375
1786071915,328593734,,,,,5,-1495.5291748046875,1021.7960815429688,-775.9152221679688,0.11111830174922943,-0.15102815628051758,-0.26721614599227905,0.9452189207077026,1,285926,2375
1786071915,337024817,1,-277.32818603515625,108.13738250732422,-531.59521484375,,,,,,,,,,285927,2375
1786071915,337024817,,,,,5,-1495.6220703125,1021.8331298828125,-775.8314208984375,0.111811563372612,-0.15014909207820892,-0.2684694230556488,0.9449220895767212,1,285927,2375
1786071915,345495299,1,-280.9522705078125,108.3663101196289,-533.1383666992188,,,,,,,,,,285928,2375
1786071915,345495299,,,,,5,-1495.4930419921875,1021.7748413085938,-775.896728515625,0.1119188517332077,-0.1504761129617691,-0.268178254365921,0.9449400305747986,1,285928,2375
1786071915,353561770,1,-281.3130187988281,109.73824310302734,-541.0294799804688,,,,,,,,,,285929,2375
1786071915,353561770,,,,,5,-1495.50732421875,1021.7996215820312,-775.8836669921875,0.1116761639714241,-0.15084011852741241,-0.2686229646205902,0.9447842836380005,1,285929,2375
1786071915,362606568,,,,,5,-1495.6187744140625,1021.8595581054688,-775.7918090820312,0.11183886229991913,-0.14954297244548798,-0.2688245475292206,0.944913923740387,1,285930,2375
1786071915,370472137,,,,,5,-1495.503173828125,1021.81005859375,-775.796875,0.11102332174777985,-0.15102164447307587,-0.2671934962272644,0.9452375173568726,1,285931,2375
1786071915,378366192,,,,,5,-1495.5155029296875,1021.8285522460938,-775.8026123046875,0.11101731657981873,-0.1507142037153244,-0.26711174845695496,0.9453104138374329,1,285932,2375
1786071915,387471257,,,,,5,-1495.4742431640625,1021.767578125,-775.8302001953125,0.11105965077877045,-0.15067853033542633,-0.26752927899360657,0.9451930522918701,1,285933,2375
1786071915,395466322,,,,,5,-1495.4888916015625,1021.8070678710938,-775.8242797851562,0.11111114919185638,-0.1505669802427292,-0.26687300205230713,0.9453903436660767,1,285934,2375
1786071915,403357208,,,,,5,-1495.6197509765625,1021.8612670898438,-775.7870483398438,0.11183253675699234,-0.14988665282726288,-0.268116295337677,0.945061445236206,1,285935,2375
1786071915,412505930,1,-293.603515625,108.1778335571289,-572.5633544921875,,,,,,,,,,285936,2375
1786071915,412505930,,,,,5,-1495.5118408203125,1021.8297119140625,-775.8184814453125,0.11101538687944412,-0.15079142153263092,-0.2671722173690796,0.9452812075614929,1,285936,2375
1786071915,420376812,1,-295.37835693359375,109.97440338134766,-578.980712890625,,,,,,,,,,285937,2375
1786071915,420376812,,,,,5,-1495.5081787109375,1021.8341674804688,-775.8134155273438,0.11085294932126999,-0.15071231126785278,-0.266768217086792,0.9454269409179688,1,285937,2375
1786071915,429346620,1,-297.4589538574219,110.24673461914062,-583.59228515625,,,,,,,,,,285938,2375
1786071915,429346620,,,,,5,-1495.509765625,1021.8080444335938,-775.8229370117188,0.11093658208847046,-0.15058781206607819,-0.2670940160751343,0.9453451037406921,1,285938,2375
1786071915,437332147,1,-298.9933166503906,110.57300567626953,-588.9993286132812,,,,,,,,,,285939,2375
1786071915,437332147,,,,,5,-1495.6268310546875,1021.8541870117188,-775.80810546875,0.11175750195980072,-0.14968420565128326,-0.2684851884841919,0.9449977874755859,1,285939,2375
1786071915,445246814,1,-300.6325378417969,110.2537612915039,-594.1513671875,,,,,,,,,,285940,2375
1786071915,445246814,,,,,5,-1495.506103515625,1021.7760009765625,-775.8095092773438,0.11117169260978699,-0.1506093293428421,-0.2677902281284332,0.9451170563697815,1,285940,2375
1786071915,454278713,1,-302.3211364746094,110.53258514404297,-599.3618774414062,,,,,,,,,,285941,2376
1786071915,454278713,,,,,5,-1495.6038818359375,1021.8670043945312,-775.7821044921875,0.1117987111210823,-0.14983919262886047,-0.26797282695770264,0.9451136589050293,1,285941,2376
1786071915,462195588,1,-303.1927490234375,110.52471160888672,-604.4334106445312,,,,,,,,,,285942,2376
1786071915,462195588,,,,,5,-1495.5145263671875,1021.8132934570312,-775.8385620117188,0.11096546798944473,-0.1504637598991394,-0.26738762855529785,0.9452783465385437,1,285942,2376
1786071915,470231397,1,-306.4300537109375,105.61361694335938,-606.3550415039062,,,,,,,,,,285943,2376
1786071915,470231397,,,,,5,-1495.5008544921875,1021.81103515625,-775.8239135742188,0.11120004206895828,-0.15065313875675201,-0.266889363527298,0.9453614354133606,1,285943,2376
1786071915,479638791,1,-306.7589416503906,107.89517974853516,-612.146728515625,,,,,,,,,,285944,2376
1786071915,479638791,,,,,5,-1495.59765625,1021.876953125,-775.7723388671875,0.11185156553983688,-0.1497592180967331,-0.2681671380996704,0.9450649619102478,1,285944,2376
1786071915,487143076,1,-307.1944274902344,109.19576263427734,-619.9317016601562,,,,,,,,,,285945,2376
1786071915,487143076,,,,,5,-1495.484130859375,1021.8060913085938,-775.7981567382812,0.11143077164888382,-0.1505500078201294,-0.26752790808677673,0.9451702237129211,1,285945,2376
1786071915,495078771,1,-279.3697204589844,122.30865478515625,-637.1819458007812,,,,,,,,,,285946,2376
1786071915,495078771,,,,,5,-1495.48388671875,1021.8057861328125,-775.8096313476562,0.11131764203310013,-0.15059728920459747,-0.26764151453971863,0.9451440572738647,1,285946,2376
1786071915,504125009,1,-285.68951416015625,119.66790771484375,-639.7701416015625,,,,,,,,,,285947,2376
1786071915,504125009,,,,,5,-1495.6007080078125,1021.8717651367188,-775.7706909179688,0.1117967963218689,-0.1497030407190323,-0.2682991623878479,0.9450428485870361,1,285947,2376
1786071915,512108168,,,,,5,-1495.5350341796875,1021.8146362304688,-775.7809448242188,0.11126210540533066,-0.15059469640254974,-0.26754137873649597,0.9451791048049927,1,285948,2376
1786071915,520111875,1,-316.4345397949219,103.79206085205078,-642.2621459960938,,,,,,,,,,285949,2376
1786071915,520111875,,,,,5,-1495.6236572265625,1021.8632202148438,-775.7801513671875,0.11167412251234055,-0.14982108771800995,-0.2680685222148895,0.9451041221618652,1,285949,2376
1786071915,528962397,1,-317.8824157714844,102.88007354736328,-643.6864013671875,,,,,,,,,,285950,2376
1786071915,528962397,,,,,5,-1495.50390625,1021.81103515625,-775.7989501953125,0.11119259148836136,-0.1504991501569748,-0.26729342341423035,0.9452727437019348,1,285950,2376
1786071915,537014913,1,-318.8274841308594,106.94741821289062,-647.9767456054688,,,,,,,,,,285951,2376
1786071915,537014913,,,,,5,-1495.5223388671875,1021.8092651367188,-775.8251953125,0.11114215850830078,-0.15057450532913208,-0.26704952120780945,0.9453355669975281,1,285951,2376
1786071915,545910339,1,-322.2779846191406,103.93841552734375,-652.8046875,,,,,,,,,,285952,2376
1786071915,545910339,,,,,5,-1495.5233154296875,1021.8160400390625,-775.8104858398438,0.11116378009319305,-0.1504974514245987,-0.2673167586326599,0.945269763469696,1,285952,2376
1786071915,553919327,1,-319.97174072265625,109.21707153320312,-657.1890869140625,,,,,,,,,,285953,2376
1786071915,553919327,,,,,5,-1495.5047607421875,1021.7982788085938,-775.823974609375,0.11131519079208374,-0.15048392117023468,-0.26773542165756226,0.9451355934143066,1,285953,2376
1786071915,561853869,1,-322.93096923828125,106.5492935180664,-660.7691650390625,,,,,,,,,,285954,2376
1786071915,561853869,,,,,5,-1495.5247802734375,1021.8065795898438,-775.818603515625,0.11110647022724152,-0.15070797502994537,-0.2673308849334717,0.9452389478683472,1,285954,2376
1786071915,570888873,1,-325.0439453125,106.54703521728516,-666.0887451171875,,,,,,,,,,285955,2376
1786071915,570888873,,,,,5,-1495.6126708984375,1021.8492431640625,-775.770751953125,0.11181165277957916,-0.14980916678905487,-0.26815593242645264,0.9450649619102478,1,285955,2376
1786071915,579392994,1,-326.18408203125,107.92249298095703,-670.8952026367188,,,,,,,,,,285956,2376
1786071915,579392994,,,,,5,-1495.5045166015625,1021.81005859375,-775.8203125,0.111261285841465,-0.15058179199695587,-0.26727738976478577,0.9452559351921082,1,285956,2376
1786071915,586838484,1,-327.64764404296875,108.43870544433594,-676.2113037109375,,,,,,,,,,285957,2376
1786071915,586838484,,,,,5,-1495.4974365234375,1021.8353881835938,-775.8265380859375,0.11074372380971909,-0.15087634325027466,-0.26645627617836,0.9455015659332275,1,285957,2376
1786071915,595809124,1,-329.7206726074219,107.03722381591797,-677.558349609375,,,,,,,,,,285958,2376
1786071915,595809124,,,,,5,-1495.4986572265625,1021.8012084960938,-775.8328247070312,0.11138588935136795,-0.15055347979068756,-0.26740044355392456,0.9452110528945923,1,285958,2376
1786071915,603780665,1,-331.4002990722656,108.13626861572266,-683.4874267578125,,,,,,,,,,285959,2376
1786071915,603780665,,,,,5,-1495.5047607421875,1021.80322265625,-775.8339233398438,0.11108485609292984,-0.15063154697418213,-0.26710307598114014,0.9453181028366089,1,285959,2376
1786071915,611628951,1,-332.56219482421875,108.45492553710938,-687.2825317382812,,,,,,,,,,285960,2376
1786071915,611628951,,,,,5,-1495.612060546875,1021.8642578125,-775.766845703125,0.11189771443605423,-0.14979039132595062,-0.2684391438961029,0.9449772834777832,1,285960,2376
1786071915,620788747,1,-333.4970397949219,106.52850341796875,-692.8801879882812,,,,,,,,,,285961,2376
1786071915,620788747,,,,,5,-1495.62109375,1021.8603515625,-775.7835083007812,0.11162347346544266,-0.1498527079820633,-0.2679089605808258,0.9451504945755005,1,285961,2376
1786071915,628632456,1,-334.7348327636719,106.45947265625,-696.9176635742188,,,,,,,,,,285962,2376
1786071915,628632456,,,,,5,-1495.6336669921875,1021.8499145507812,-775.7871704101562,0.11170396208763123,-0.14972122013568878,-0.2685845196247101,0.944969892501831,1,285962,2376
1786071915,637633310,1,-335.32281494140625,108.40971374511719,-702.4583129882812,,,,,,,,,,285963,2376
1786071915,637633310,,,,,5,-1495.6204833984375,1021.84814453125,-775.7969970703125,0.11167049407958984,-0.14983519911766052,-0.26820558309555054,0.9450634121894836,1,285963,2376
1786071915,645593649,1,-337.2669982910156,108.52899169921875,-708.3950805664062,,,,,,,,,,285964,2376
1786071915,645593649,,,,,5,-1495.531005859375,1021.8102416992188,-775.8318481445312,0.111079640686512,-0.15049786865711212,-0.2668984532356262,0.9453977346420288,1,285964,2376
1786071915,653594347,1,-338.0969543457031,108.36659240722656,-710.8402099609375,,,,,,,,,,285965,2376
1786071915,653594347,,,,,5,-1495.5247802734375,1021.7888793945312,-775.81982421875,0.11126305162906647,-0.150510773062706,-0.2677904963493347,0.9451219439506531,1,285965,2376
1786071915,662531701,1,-339.4546203613281,108.43537902832031,-716.126708984375,,,,,,,,,,285966,2376
1786071915,662531701,,,,,5,-1495.525390625,1021.810546875,-775.8056030273438,0.11103060841560364,-0.15080609917640686,-0.26751723885536194,0.9451794624328613,1,285966,2376
1786071915,670589690,1,-340.27960205078125,109.06111145019531,-720.2410888671875,,,,,,,,,,285967,2376
1786071915,670589690,,,,,5,-1495.4942626953125,1021.8112182617188,-775.822265625,0.11107209324836731,-0.1505766361951828,-0.26685193181037903,0.9453993439674377,1,285967,2376
1786071915,678469406,1,-341.2447814941406,108.37519073486328,-721.475830078125,,,,,,,,,,285968,2376
1786071915,678469406,,,,,5,-1495.611572265625,1021.8487548828125,-775.783203125,0.11157824099063873,-0.14946477115154266,-0.2680372893810272,0.9451807737350464,1,285968,2376
1786071915,687497433,1,-343.12554931640625,108.7183609008789,-728.93359375,,,,,,,,,,285969,2376
1786071915,687497433,,,,,5,-1495.499755859375,1021.8292236328125,-775.8203125,0.11104008555412292,-0.15041528642177582,-0.2668878734111786,0.9454185962677002,1,285969,2376
1786071915,695593445,1,-344.3587341308594,109.3906021118164,-732.71142578125,,,,,,,,,,285970,2376
1786071915,695593445,,,,,5,-1495.6328125,1021.87646484375,-775.7521362304688,0.11166687309741974,-0.14995849132537842,-0.2687579393386841,0.9448873400688171,1,285970,2376
1786071915,703476841,1,-345.79364013671875,108.65411376953125,-737.0744018554688,,,,,,,,,,285971,2376
1786071915,703476841,,,,,5,-1495.4859619140625,1021.7935791015625,-775.821533203125,0.1111140251159668,-0.15039509534835815,-0.267056941986084,0.9453653693199158,1,285971,2376
1786071915,712416244,1,-352.6030578613281,97.11372375488281,-751.0477905273438,,,,,,,,,,285972,2376
1786071915,712416244,,,,,5,-1495.6591796875,1021.8963012695312,-775.767578125,0.1114678680896759,-0.14996090531349182,-0.2678523063659668,0.9451675415039062,1,285972,2376
1786071915,720414862,1,-258.00616455078125,163.63314819335938,-783.5714721679688,,,,,,,,,,285973,2376
1786071915,720414862,,,,,5,-1495.5985107421875,1021.8644409179688,-775.7911987304688,0.11180415004491806,-0.14977480471134186,-0.26862749457359314,0.9449374675750732,1,285973,2376
1786071915,728363678,1,-264.16998291015625,168.53941345214844,-792.3031616210938,,,,,,,,,,285974,2376
1786071915,728363678,,,,,5,-1495.5076904296875,1021.8412475585938,-775.8220825195312,0.11110743135213852,-0.15031705796718597,-0.26668551564216614,0.945483386516571,1,285974,2376
1786071915,737380311,1,-351.18328857421875,110.7212905883789,-752.9500732421875,,,,,,,,,,285975,2376
1786071915,737380311,,,,,5,-1495.6400146484375,1021.8497924804688,-775.7681884765625,0.11180815100669861,-0.1496846079826355,-0.26848694682121277,0.9449911117553711,1,285975,2376
1786071915,745307108,1,-353.3346862792969,107.4204330444336,-759.17529296875,,,,,,,,,,285976,2376
1786071915,745307108,,,,,5,-1495.480712890625,1021.826171875,-775.8076171875,0.11111830174922943,-0.15039272606372833,-0.26703357696533203,0.9453718662261963,1,285976,2376
1786071915,753320481,1,-355.34149169921875,104.04544067382812,-763.4158325195312,,,,,,,,,,285977,2376
1786071915,753320481,,,,,5,-1495.6038818359375,1021.8687744140625,-775.7510375976562,0.11182166635990143,-0.14983245730400085,-0.26821815967559814,0.9450424909591675,1,285977,2376
1786071915,762192734,1,-356.5564270019531,106.15885925292969,-767.5380859375,,,,,,,,,,285978,2376
1786071915,762192734,,,,,5,-1495.637939453125,1021.9030151367188,-775.767822265625,0.11151690036058426,-0.14979968965053558,-0.2682441174983978,0.9450762867927551,1,285978,2376
1786071915,770291435,1,-357.041015625,110.18183135986328,-771.0535278320312,,,,,,,,,,285979,2376
1786071915,770291435,,,,,5,-1495.4910888671875,1021.8013916015625,-775.79443359375,0.11088304966688156,-0.15063723921775818,-0.2668520510196686,0.945411741733551,1,285979,2376
1786071915,779233974,1,-359.342529296875,111.6680679321289,-777.386962890625,,,,,,,,,,285980,2376
1786071915,779233974,,,,,5,-1495.5057373046875,1021.8165283203125,-775.8093872070312,0.11121153086423874,-0.15056754648685455,-0.2672852575778961,0.9452620148658752,1,285980,2376
1786071915,787192072,1,-360.8849182128906,112.1124496459961,-781.6053466796875,,,,,,,,,,285981,2376
1786071915,787192072,,,,,5,-1495.501953125,1021.7903442382812,-775.7882080078125,0.11146064102649689,-0.15044546127319336,-0.26778000593185425,0.9451119303703308,1,285981,2376
1786071915,795086415,1,-362.2982482910156,111.98329162597656,-786.4366455078125,,,,,,,,,,285982,2376
1786071915,795086415,,,,,5,-1495.5137939453125,1021.8043212890625,-775.8049926757812,0.11121519654989243,-0.15045854449272156,-0.26716119050979614,0.9453138113021851,1,285982,2376
1786071915,804120875,1,-363.810791015625,110.52597045898438,-789.8717651367188,,,,,,,,,,285983,2376
1786071915,804120875,,,,,5,-1495.635986328125,1021.8878173828125,-775.7890625,0.11140415817499161,-0.14970983564853668,-0.2674884498119354,0.9453180432319641,1,285983,2376
1786071915,812130023,1,-367.1605224609375,109.86478424072266,-796.7026977539062,,,,,,,,,,285984,2376
1786071915,812130023,,,,,5,-1495.4964599609375,1021.8289184570312,-775.760009765625,0.11084771156311035,-0.1508483737707138,-0.26729270815849304,0.9452577829360962,1,285984,2376
1786071915,820082776,1,-368.3620300292969,109.1558837890625,-800.4984130859375,,,,,,,,,,285985,2376
1786071915,820082776,,,,,5,-1495.4888916015625,1021.7755126953125,-775.7839965820312,0.11095047742128372,-0.15082265436649323,-0.2671692371368408,0.9452846646308899,1,285985,2376
1786071915,829027172,1,-368.24871826171875,112.62329864501953,-802.618896484375,,,,,,,,,,285986,2376
1786071915,829027172,,,,,5,-1495.4793701171875,1021.8010864257812,-775.7838134765625,0.11142665892839432,-0.15052616596221924,-0.26810988783836365,0.9450095891952515,1,285986,2376
1786071915,836990551,1,-370.1741027832031,111.79360961914062,-803.6210327148438,,,,,,,,,,285987,2376
1786071915,836990551,,,,,5,-1495.6298828125,1021.865234375,-775.7590942382812,0.11136170476675034,-0.15014976263046265,-0.26815059781074524,0.9450655579566956,1,285987,2376
1786071915,846136872,1,-372.6853942871094,108.72795867919922,-806.9463500976562,,,,,,,,,,285988,2376
1786071915,846136872,,,,,5,-1495.4951171875,1021.818359375,-775.85009765625,0.1111588254570961,-0.1504141092300415,-0.2672194540500641,0.9453111290931702,1,285988,2376
1786071915,853967011,1,-373.8072814941406,110.78087615966797,-809.0591430664062,,,,,,,,,,285989,2376
1786071915,853967011,,,,,5,-1495.607421875,1021.86572265625,-775.7880249023438,0.11165153235197067,-0.14975523948669434,-0.26807406544685364,0.9451157450675964,1,285989,2376
1786071915,862178277,1,-375.60528564453125,111.30728912353516,-809.9723510742188,,,,,,,,,,285990,2376
1786071915,862178277,,,,,5,-1495.5068359375,1021.7847900390625,-775.8059692382812,0.11101856827735901,-0.1502583920955658,-0.2673143446445465,0.9453255534172058,1,285990,2376
1786071915,870399560,1,-377.90234375,107.70098876953125,-811.8539428710938,,,,,,,,,,285991,2376
1786071915,870399560,,,,,5,-1495.53515625,1021.8099975585938,-775.7930297851562,0.11120112985372543,-0.15056802332401276,-0.2673749625682831,0.9452376961708069,1,285991,2376
1786071915,878828211,1,-383.3248596191406,103.28059387207031,-810.8074951171875,,,,,,,,,,285992,2376
1786071915,878828211,,,,,5,-1495.6239013671875,1021.8905639648438,-775.7730712890625,0.1115247905254364,-0.1497482806444168,-0.26801609992980957,0.9451482892036438,1,285992,2376
1786071915,886851442,1,-385.78570556640625,101.61022186279297,-809.6532592773438,,,,,,,,,,285993,2376
1786071915,886851442,,,,,5,-1495.531982421875,1021.8214111328125,-775.8117065429688,0.11082153767347336,-0.15054768323898315,-0.26695433259010315,0.9454043507575989,1,285993,2376
1786071915,895911346,1,-380.1368713378906,112.19356536865234,-808.487060546875,,,,,,,,,,285994,2376
1786071915,895911346,,,,,5,-1495.529541015625,1021.8248291015625,-775.8220825195312,0.11099899560213089,-0.1506938636302948,-0.26740550994873047,0.9452326893806458,1,285994,2376
1786071915,903813338,1,-381.97369384765625,112.73900604248047,-807.182861328125,,,,,,,,,,285995,2376
1786071915,903813338,,,,,5,-1495.5931396484375,1021.8513793945312,-775.7997436523438,0.11153793334960938,-0.14970067143440247,-0.2673950493335724,0.9453300833702087,1,285995,2376
1786071915,911790192,1,-382.3395080566406,111.87490844726562,-809.1671142578125,,,,,,,,,,285996,2376
1786071915,911790192,,,,,5,-1495.620849609375,1021.8800659179688,-775.78076171875,0.111391581594944,-0.14971986413002014,-0.267720103263855,0.9452522993087769,1,285996,2376
1786071915,920797831,1,-381.06781005859375,111.9463882446289,-803.0663452148438,,,,,,,,,,285997,2376
1786071915,920797831,,,,,5,-1495.6185302734375,1021.8602905273438,-775.7506103515625,0.11144308745861053,-0.15010188519954681,-0.2683870494365692,0.9449964165687561,1,285997,2376
1786071915,928836105,1,-381.0900573730469,112.40641021728516,-799.900390625,,,,,,,,,,285998,2376
1786071915,928836105,,,,,5,-1495.479736328125,1021.7903442382812,-775.8162231445312,0.11098361015319824,-0.1503954529762268,-0.2671980559825897,0.9453407526016235,1,285998,2376
1786071915,936751315,1,-383.5543518066406,110.00762939453125,-809.8604736328125,,,,,,,,,,285999,2376
1786071915,936751315,,,,,5,-1495.4993896484375,1021.79736328125,-775.841796875,0.11104241013526917,-0.15062285959720612,-0.266953706741333,0.945366621017456,1,285999,2376
1786071915,945667769,1,-384.10968017578125,108.82887268066406,-806.1344604492188,,,,,,,,,,286000,2376
1786071915,945667769,,,,,5,-1495.6209716796875,1021.8573608398438,-775.7887573242188,0.11160793900489807,-0.14981555938720703,-0.26794126629829407,0.9451489448547363,1,286000,2376
1786071915,953667059,1,-380.0815734863281,113.08562469482422,-796.8421630859375,,,,,,,,,,286001,2376
1786071915,953667059,,,,,5,-1495.5479736328125,1021.8209228515625,-775.7947387695312,0.11104622483253479,-0.1506420522928238,-0.26732492446899414,0.9452582597732544,1,286001,2376
1786071915,962594619,1,-384.9296875,108.66152954101562,-802.9988403320312,,,,,,,,,,286002,2376
1786071915,962594619,,,,,5,-1495.5067138671875,1021.7973022460938,-775.8267822265625,0.1111672893166542,-0.1505800038576126,-0.267442911863327,0.9452205300331116,1,286002,2376
1786071915,970822688,1,-384.4871520996094,108.6180191040039,-799.5716552734375,,,,,,,,,,286003,2376
1786071915,970822688,,,,,5,-1495.605712890625,1021.8731689453125,-775.7835693359375,0.11154742538928986,-0.14962732791900635,-0.2681722342967987,0.9451203942298889,1,286003,2376
1786071915,978488988,1,-385.2350158691406,108.28800201416016,-798.7144165039062,,,,,,,,,,286004,2376
1786071915,978488988,,,,,5,-1495.503662109375,1021.7826538085938,-775.785888671875,0.11129985749721527,-0.15056070685386658,-0.26782017946243286,0.9451011419296265,1,286004,2376
1786071915,987533562,1,-385.5928649902344,108.13383483886719,-796.0083618164062,,,,,,,,,,286005,2376
1786071915,987533562,,,,,5,-1495.5860595703125,1021.8525390625,-775.7604370117188,0.11173500120639801,-0.14969012141227722,-0.2683396339416504,0.945040762424469,1,286005,2376
1786071915,995463079,1,-386.83978271484375,104.94808959960938,-795.718017578125,,,,,,,,,,286006,2376
1786071915,995463079,,,,,5,-1495.5880126953125,1021.8396606445312,-775.7571411132812,0.11176107078790665,-0.14989051222801208,-0.26879894733428955,0.9448753595352173,1,286006,2376
1786071916,3461697,1,-384.417236328125,109.40835571289062,-792.1959228515625,,,,,,,,,,286007,2376
1786071916,3461697,,,,,5,-1495.4669189453125,1021.80224609375,-775.8016967773438,0.11123108118772507,-0.15049044787883759,-0.26732397079467773,0.9452608227729797,1,286007,2376
1786071916,12429969,1,-384.5408935546875,109.76864624023438,-787.7611694335938,,,,,,,,,,286008,2376
1786071916,12429969,,,,,5,-1495.495849609375,1021.7976684570312,-775.8228149414062,0.11133233457803726,-0.15045692026615143,-0.2677794396877289,0.94512540102005,1,286008,2376
1786071916,20425066,1,-384.1844787597656,109.4115982055664,-782.505859375,,,,,,,,,,286009,2376
1786071916,20425066,,,,,5,-1495.476806640625,1021.83203125,-775.8558959960938,0.11108855158090591,-0.1504066288471222,-0.2666788697242737,0.9454731941223145,1,286009,2376
1786071916,28426405,1,-383.57366943359375,111.1523666381836,-778.5361328125,,,,,,,,,,286010,2376
1786071916,28426405,,,,,5,-1495.504638671875,1021.8256225585938,-775.7955322265625,0.11114583909511566,-0.1506577581167221,-0.2675076425075531,0.9451923966407776,1,286010,2376
1786071916,37565557,1,-260.1788330078125,135.7835235595703,-785.3477783203125,,,,,,,,,,286011,2376
1786071916,37565557,,,,,5,-1495.6142578125,1021.8611450195312,-775.7710571289062,0.11169840395450592,-0.1497872769832611,-0.268140584230423,0.9450861811637878,1,286011,2376
1786071916,45283418,1,-382.7972412109375,111.39482116699219,-770.5209350585938,,,,,,,,,,286012,2376
1786071916,45283418,,,,,5,-1495.5230712890625,1021.8163452148438,-775.7962646484375,0.11116267740726471,-0.1504734605550766,-0.2675395607948303,0.9452107548713684,1,286012,2376
1786071916,54483925,1,-382.47491455078125,110.84988403320312,-766.3671264648438,,,,,,,,,,286013,2376
1786071916,54483925,,,,,5,-1495.6190185546875,1021.8587036132812,-775.7639770507812,0.11190363764762878,-0.1498195379972458,-0.26870137453079224,0.944897472858429,1,286013,2376
1786071916,62299277,1,-381.9798278808594,111.01620483398438,-760.4887084960938,,,,,,,,,,286014,2376
1786071916,62299277,,,,,5,-1495.498291015625,1021.79443359375,-775.8245849609375,0.111258365213871,-0.1504773199558258,-0.2673938274383545,0.9452400207519531,1,286014,2376
1786071916,70355474,1,-381.07696533203125,111.00989532470703,-755.2323608398438,,,,,,,,,,286015,2376
1786071916,70355474,,,,,5,-1495.47900390625,1021.81298828125,-775.8106689453125,0.11133313179016113,-0.1505008488893509,-0.267773300409317,0.9451200366020203,1,286015,2376
1786071916,79281914,1,-380.0988464355469,113.26652526855469,-749.888671875,,,,,,,,,,286016,2376
1786071916,79281914,,,,,5,-1495.5068359375,1021.8204956054688,-775.8109741210938,0.11114855855703354,-0.15049774944782257,-0.2671201229095459,0.94532710313797,1,286016,2376
1786071916,87322043,1,-379.2471618652344,112.45852661132812,-745.3282470703125,,,,,,,,,,286017,2376
1786071916,87322043,,,,,5,-1495.6064453125,1021.87060546875,-775.78662109375,0.11148214340209961,-0.1496640294790268,-0.2676267623901367,0.9452769160270691,1,286017,2376
1786071916,95222851,1,-378.53369140625,110.15788269042969,-740.4078979492188,,,,,,,,,,286018,2376
1786071916,95222851,,,,,5,-1495.4781494140625,1021.7992553710938,-775.8103637695312,0.11096365004777908,-0.15052065253257751,-0.2669669985771179,0.9453884363174438,1,286018,2376
1786071916,104240892,1,-377.2445068359375,19.109060287475586,-812.5048217773438,,,,,,,,,,286019,2376
1786071916,104240892,,,,,5,-1495.4913330078125,1021.8087768554688,-775.8304443359375,0.11111634224653244,-0.1504862904548645,-0.2670971155166626,0.9453391432762146,1,286019,2376
1786071916,112195950,1,-375.1348571777344,108.31800842285156,-726.00634765625,,,,,,,,,,286020,2376
1786071916,112195950,,,,,5,-1495.515869140625,1021.8065795898438,-775.7852172851562,0.11097636818885803,-0.15054774284362793,-0.2671196758747101,0.9453394412994385,1,286020,2376
1786071916,120154145,1,-384.0469665527344,94.23600769042969,-739.3506469726562,,,,,,,,,,286021,2376
1786071916,120154145,,,,,5,-1495.5345458984375,1021.8073120117188,-775.810302734375,0.11127681285142899,-0.15051792562007904,-0.2673603296279907,0.94524085521698,1,286021,2376
1786071916,129137619,1,-378.55157470703125,39.11335372924805,-819.5875854492188,,,,,,,,,,286022,2376
1786071916,129137619,,,,,5,-1495.61962890625,1021.8779296875,-775.77099609375,0.11169729381799698,-0.14979329705238342,-0.2684552073478699,0.9449961185455322,1,286022,2376
1786071916,137163090,,,,,5,-1495.54296875,1021.8214111328125,-775.8026733398438,0.11096174269914627,-0.15077808499336243,-0.2669728398323059,0.9453459978103638,1,286023,2376
1786071916,145051896,,,,,5,-1495.6282958984375,1021.8483276367188,-775.7463989257812,0.1117011085152626,-0.14990432560443878,-0.2686863839626312,0.9449123740196228,1,286024,2376
1786071916,154627321,,,,,5,-1495.51611328125,1021.8167114257812,-775.8181762695312,0.11115915328264236,-0.15050432085990906,-0.2667725086212158,0.9454229474067688,1,286025,2376
1786071916,162100657,,,,,5,-1495.51611328125,1021.8154296875,-775.8043212890625,0.11110467463731766,-0.15052807331085205,-0.26717427372932434,0.9453121423721313,1,286026,2376
1786071916,170301009,1,-355.5177307128906,100.40328216552734,-717.0501098632812,,,,,,,,,,286027,2376
1786071916,170301009,,,,,5,-1495.63525390625,1021.82958984375,-775.7335815429688,0.11134647578001022,-0.15001201629638672,-0.2682417035102844,0.9450634717941284,1,286027,2376
1786071916,179048247,1,-351.41046142578125,101.91175079345703,-709.595947265625,,,,,,,,,,286028,2376
1786071916,179048247,,,,,5,-1495.6746826171875,1021.8641967773438,-775.7616577148438,0.11146414279937744,-0.14963576197624207,-0.26821577548980713,0.9451164603233337,1,286028,2376
1786071916,187044048,1,-347.1102294921875,103.22850799560547,-701.5331420898438,,,,,,,,,,286029,2376
1786071916,187044048,,,,,5,-1495.5042724609375,1021.8298950195312,-775.8308715820312,0.11096774786710739,-0.15065234899520874,-0.2666917145252228,0.945444643497467,1,286029,2376
1786071916,195977914,1,-340.1333312988281,105.42097473144531,-695.3501586914062,,,,,,,,,,286030,2376
1786071916,195977914,,,,,5,-1495.521484375,1021.8258056640625,-775.8004760742188,0.11083659529685974,-0.15055617690086365,-0.267106294631958,0.9453582167625427,1,286030,2376
1786071916,204310994,1,-380.19879150390625,42.01415252685547,-761.0074462890625,,,,,,,,,,286031,2376
1786071916,204310994,,,,,5,-1495.5048828125,1021.8077392578125,-775.7982788085938,0.11117538809776306,-0.1505051553249359,-0.26744675636291504,0.9452303647994995,1,286031,2376
1786071916,211982351,,,,,5,-1495.6126708984375,1021.8572387695312,-775.7921142578125,0.11171256750822067,-0.14989149570465088,-0.26800116896629333,0.9451075196266174,1,286032,2376
1786071916,221039407,,,,,5,-1495.6380615234375,1021.86962890625,-775.7839965820312,0.111510269343853,-0.14975884556770325,-0.2676645815372467,0.9452479481697083,1,286033,2376
1786071916,228897935,1,-323.6513977050781,108.5413818359375,-664.1702270507812,,,,,,,,,,286034,2376
1786071916,228897935,,,,,5,-1495.49609375,1021.7899780273438,-775.8148193359375,0.11132413893938065,-0.15068021416664124,-0.26758742332458496,0.9451451897621155,1,286034,2376
1786071916,236873669,,,,,5,-1495.484375,1021.7921752929688,-775.8163452148438,0.11131291091442108,-0.1505218744277954,-0.2671909034252167,0.9452840089797974,1,286035,2376
1786071916,245906977,1,-314.1400146484375,116.2780532836914,-634.3482666015625,,,,,,,,,,286036,2376
1786071916,245906977,,,,,5,-1495.6588134765625,1021.8953247070312,-775.7452392578125,0.11168934404850006,-0.1499921977519989,-0.26827502250671387,0.9450166821479797,1,286036,2376
1786071916,253835246,1,-309.1768493652344,114.88629150390625,-627.1761474609375,,,,,,,,,,286037,2376
1786071916,253835246,,,,,5,-1495.5260009765625,1021.7994995117188,-775.8204956054688,0.11102807521820068,-0.15053142607212067,-0.2670704424381256,0.945349931716919,1,286037,2376
1786071916,261849899,1,-307.6766052246094,112.2703857421875,-629.5839233398438,,,,,,,,,,286038,2376
1786071916,261849899,,,,,5,-1495.5233154296875,1021.83203125,-775.7989501953125,0.1113043949007988,-0.15048213303089142,-0.2676398456096649,0.9451642036437988,1,286038,2376
1786071916,270781171,1,-303.70977783203125,109.269775390625,-629.298828125,,,,,,,,,,286039,2376
1786071916,270781171,,,,,5,-1495.529541015625,1021.830078125,-775.8391723632812,0.11091892421245575,-0.1503400206565857,-0.2672650218009949,0.9453383088111877,1,286039,2376
1786071916,278690205,1,-299.5781555175781,109.0898666381836,-623.4299926757812,,,,,,,,,,286040,2376
1786071916,278690205,,,,,5,-1495.5931396484375,1021.8671264648438,-775.7726440429688,0.11173918098211288,-0.14971458911895752,-0.2682625353336334,0.9450583457946777,1,286040,2376
1786071916,286695416,1,-295.0765686035156,108.78546905517578,-618.0092163085938,,,,,,,,,,286041,2376
1786071916,286695416,,,,,5,-1495.498779296875,1021.8217163085938,-775.7990112304688,0.11112165451049805,-0.15043337643146515,-0.2673569917678833,0.9452735185623169,1,286041,2376
1786071916,295799585,1,-290.8661804199219,107.98200988769531,-611.8493041992188,,,,,,,,,,286042,2376
1786071916,295799585,,,,,5,-1495.630126953125,1021.8663940429688,-775.7765502929688,0.111676424741745,-0.149800106883049,-0.26775118708610535,0.9451971054077148,1,286042,2376
1786071916,303660577,1,-287.0578308105469,109.17706298828125,-606.5321655273438,,,,,,,,,,286043,2376
1786071916,303660577,,,,,5,-1495.5233154296875,1021.8184814453125,-775.7939453125,0.11129690706729889,-0.1504175215959549,-0.26758280396461487,0.9451915621757507,1,286043,2376
1786071916,312598731,1,-282.8327941894531,107.76951599121094,-600.2346801757812,,,,,,,,,,286044,2376
1786071916,312598731,,,,,5,-1495.6297607421875,1021.8660278320312,-775.7710571289062,0.111515112221241,-0.1496049165725708,-0.2682377099990845,0.9451091289520264,1,286044,2376
1786071916,320563263,1,-278.9720764160156,105.60636901855469,-593.7610473632812,,,,,,,,,,286045,2376
1786071916,320563263,,,,,5,-1495.520751953125,1021.8082275390625,-775.801025390625,0.11120542138814926,-0.15054863691329956,-0.26732733845710754,0.9452537298202515,1,286045,2376
1786071916,328556600,1,-274.52008056640625,108.34342193603516,-589.2713012695312,,,,,,,,,,286046,2376
1786071916,328556600,,,,,5,-1495.491455078125,1021.8075561523438,-775.7848510742188,0.11113277822732925,-0.15050630271434784,-0.2674870193004608,0.945223867893219,1,286046,2376
1786071916,337544171,1,-270.8796081542969,105.72718811035156,-581.7327270507812,,,,,,,,,,286047,2376
1786071916,337544171,,,,,5,-1495.528564453125,1021.8090209960938,-775.8078002929688,0.11122580617666245,-0.1504635363817215,-0.26715800166130066,0.9453127980232239,1,286047,2376
1786071916,345570667,1,-267.0777587890625,105.38505554199219,-574.6112670898438,,,,,,,,,,286048,2376
1786071916,345570667,,,,,5,-1495.5074462890625,1021.8267822265625,-775.8060302734375,0.11117785423994064,-0.15055792033672333,-0.2673247158527374,0.9452561736106873,1,286048,2376
1786071916,353616942,1,-263.7807922363281,106.84132385253906,-569.9558715820312,,,,,,,,,,286049,2376
1786071916,353616942,,,,,5,-1495.49169921875,1021.7914428710938,-775.8368530273438,0.11097126454114914,-0.15054641664028168,-0.26720815896987915,0.9453153014183044,1,286049,2376
1786071916,362627749,1,-259.8352966308594,105.82315063476562,-564.2069702148438,,,,,,,,,,286050,2376
1786071916,362627749,,,,,5,-1495.6212158203125,1021.8517456054688,-775.7780151367188,0.11179360747337341,-0.1498296558856964,-0.26838088035583496,0.9449999332427979,1,286050,2376
1786071916,370550833,1,-259.1015625,106.9081802368164,-556.8004150390625,,,,,,,,,,286051,2376
1786071916,370550833,,,,,5,-1495.610595703125,1021.8883056640625,-775.794189453125,0.11128351837396622,-0.14970485866069794,-0.26737210154533386,0.9453660249710083,1,286051,2376
1786071916,378374795,1,-250.69337463378906,107.99012756347656,-550.2244873046875,,,,,,,,,,286052,2376
1786071916,378374795,,,,,5,-1495.522705078125,1021.8390502929688,-775.8397216796875,0.11128293722867966,-0.15021681785583496,-0.26730111241340637,0.945304811000824,1,286052,2376
1786071916,387395012,1,-254.26394653320312,108.35989379882812,-543.50439453125,,,,,,,,,,286053,2376
1786071916,387395012,,,,,5,-1495.5185546875,1021.81591796875,-775.8119506835938,0.11137252300977707,-0.15050405263900757,-0.26775071024894714,0.9451212882995605,1,286053,2376
1786071916,395349046,,,,,5,-1495.6224365234375,1021.85888671875,-775.7759399414062,0.11167526245117188,-0.14967352151870728,-0.2683926820755005,0.945035457611084,1,286054,2376
1786071916,402833295,1,-238.3981170654297,107.2020263671875,-536.2565307617188,,,,,,,,,,286055,2376
1786071916,402833295,,,,,5,-1495.640869140625,1021.8684692382812,-775.7538452148438,0.11167573928833008,-0.14992313086986542,-0.26846635341644287,0.9449748396873474,1,286055,2376
1786071916,412340388,1,-234.1221923828125,108.7697525024414,-528.3927001953125,,,,,,,,,,286056,2376
1786071916,412340388,,,,,5,-1495.6229248046875,1021.8673095703125,-775.7594604492188,0.11179175227880478,-0.14980387687683105,-0.26835304498672485,0.9450122117996216,1,286056,2376
1786071916,420358274,1,-226.80470275878906,115.96435546875,-512.236328125,,,,,,,,,,286057,2376
1786071916,420358274,,,,,5,-1495.4949951171875,1021.81103515625,-775.7810668945312,0.11122270673513412,-0.15062890946865082,-0.26739081740379333,0.9452208876609802,1,286057,2376
1786071916,429422275,1,-222.39183044433594,116.81951904296875,-505.583251953125,,,,,,,,,,286058,2376
1786071916,429422275,,,,,5,-1495.6026611328125,1021.8898315429688,-775.767333984375,0.11162643134593964,-0.14975062012672424,-0.26812994480133057,0.9451035261154175,1,286058,2376
1786071916,437280707,1,-218.14630126953125,117.33631896972656,-499.74810791015625,,,,,,,,,,286059,2376
1786071916,437280707,,,,,5,-1495.501708984375,1021.8147583007812,-775.8139038085938,0.11088118702173233,-0.1507069170475006,-0.2663749158382416,0.9455353617668152,1,286059,2376
1786071916,445411574,1,-218.40939331054688,106.80924987792969,-509.1278076171875,,,,,,,,,,286060,2376
1786071916,445411574,,,,,5,-1495.644775390625,1021.8866577148438,-775.7662353515625,0.11150418967008591,-0.1497986912727356,-0.26841217279434204,0.9450302124023438,1,286060,2376
1786071916,454238059,1,-213.5912628173828,107.39866638183594,-500.9831237792969,,,,,,,,,,286061,2377
1786071916,454238059,,,,,5,-1495.5115966796875,1021.7864379882812,-775.79833984375,0.11118556559085846,-0.15040607750415802,-0.267826646566391,0.9451373815536499,1,286061,2377
1786071916,462127697,1,-209.51901245117188,107.4578628540039,-494.33831787109375,,,,,,,,,,286062,2377
1786071916,462127697,,,,,5,-1495.6185302734375,1021.88134765625,-775.7665405273438,0.11147464066743851,-0.14972200989723206,-0.26767975091934204,0.9452535510063171,1,286062,2377
1786071916,470186934,1,-206.11434936523438,106.78441619873047,-488.6471862792969,,,,,,,,,,286063,2377
1786071916,470186934,,,,,5,-1495.5169677734375,1021.8209838867188,-775.8162841796875,0.11122328788042068,-0.15066547691822052,-0.2668784558773041,0.9453597664833069,1,286063,2377
1786071916,479127744,1,-201.48556518554688,107.2907943725586,-481.6749267578125,,,,,,,,,,286064,2377
1786071916,479127744,,,,,5,-1495.6259765625,1021.8909301757812,-775.7594604492188,0.11123944073915482,-0.15004543960094452,-0.2671414017677307,0.9453823566436768,1,286064,2377
1786071916,487097717,1,-197.36013793945312,107.35648345947266,-475.91229248046875,,,,,,,,,,286065,2377
1786071916,487097717,,,,,5,-1495.4986572265625,1021.8167114257812,-775.7584838867188,0.11107522994279861,-0.15065114200115204,-0.26732292771339417,0.9452539086341858,1,286065,2377
1786071916,494987515,1,-199.10260009765625,102.1187515258789,-477.7783203125,,,,,,,,,,286066,2377
1786071916,494987515,,,,,5,-1495.6165771484375,1021.8720703125,-775.7901611328125,0.11146000772714615,-0.14978554844856262,-0.26725128293037415,0.9453665614128113,1,286066,2377
1786071916,503361787,1,-196.62158203125,99.02206420898438,-474.39642333984375,,,,,,,,,,286067,2377
1786071916,503361787,,,,,5,-1495.502197265625,1021.8084106445312,-775.81787109375,0.11117993295192719,-0.15044118463993073,-0.26767536997795105,0.945175290107727,1,286067,2377
1786071916,512344462,1,-193.01832580566406,99.86213684082031,-470.714111328125,,,,,,,,,,286068,2377
1786071916,512344462,,,,,5,-1495.668212890625,1021.9122924804688,-775.7689819335938,0.11142006516456604,-0.14992792904376984,-0.26806047558784485,0.9451195001602173,1,286068,2377
1786071916,520355082,1,-187.20130920410156,100.27330780029297,-463.7238464355469,,,,,,,,,,286069,2377
1786071916,520355082,,,,,5,-1495.6190185546875,1021.8624267578125,-775.7473754882812,0.11123596131801605,-0.14985817670822144,-0.2685033679008484,0.9450265169143677,1,286069,2377
1786071916,529299829,1,-185.9067840576172,108.07289123535156,-454.48736572265625,,,,,,,,,,286070,2377
1786071916,529299829,,,,,5,-1495.6527099609375,1021.8796997070312,-775.7320556640625,0.11120741814374924,-0.15016776323318481,-0.26743659377098083,0.9452832341194153,1,286070,2377
1786071916,537249222,1,-187.49574279785156,113.07424926757812,-439.17071533203125,,,,,,,,,,286071,2377
1786071916,537249222,,,,,5,-1495.6444091796875,1021.8699340820312,-775.7745971679688,0.11174429953098297,-0.1495775282382965,-0.2689107358455658,0.9448951482772827,1,286071,2377
1786071916,545166609,1,-189.1120147705078,111.36233520507812,-432.4108581542969,,,,,,,,,,286072,2377
1786071916,545166609,,,,,5,-1495.6336669921875,1021.9003295898438,-775.7213745117188,0.11157621443271637,-0.14986588060855865,-0.26814165711402893,0.9450879693031311,1,286072,2377
1786071916,554198764,1,-191.18780517578125,112.28229522705078,-429.8168640136719,,,,,,,,,,286073,2377
1786071916,554198764,,,,,5,-1495.6610107421875,1021.8896484375,-775.73388671875,0.11155592650175095,-0.14981772005558014,-0.26837241649627686,0.9450324177742004,1,286073,2377
1786071916,562134811,1,-192.67185974121094,113.19865417480469,-425.02301025390625,,,,,,,,,,286074,2377
1786071916,562134811,,,,,5,-1495.551513671875,1021.8356323242188,-775.7753295898438,0.11128506809473038,-0.15056513249874115,-0.26828789710998535,0.9449694752693176,1,286074,2377
1786071916,570182206,1,-193.93043518066406,113.71188354492188,-421.1695861816406,,,,,,,,,,286075,2377
1786071916,570182206,,,,,5,-1495.6546630859375,1021.8655395507812,-775.753173828125,0.11154216527938843,-0.14991790056228638,-0.2676324248313904,0.9452279210090637,1,286075,2377
1786071916,579111238,1,-194.93405151367188,112.92070770263672,-417.23260498046875,,,,,,,,,,286076,2377
1786071916,579111238,,,,,5,-1495.5494384765625,1021.8229370117188,-775.8010864257812,0.11101142317056656,-0.15072675049304962,-0.2674376368522644,0.9452168941497803,1,286076,2377
1786071916,587074522,1,-195.18069458007812,112.3976058959961,-415.10955810546875,,,,,,,,,,286077,2377
1786071916,587074522,,,,,5,-1495.61474609375,1021.8486328125,-775.7554321289062,0.11148000508546829,-0.14994804561138153,-0.26804718375205994,0.9451130032539368,1,286077,2377
1786071916,595202060,1,-241.42608642578125,76.01780700683594,-515.4850463867188,,,,,,,,,,286078,2377
1786071916,595202060,,,,,5,-1495.4954833984375,1021.837890625,-775.8036499023438,0.11103937029838562,-0.15089315176010132,-0.2672171890735626,0.9452494978904724,1,286078,2377
1786071916,604412745,1,-196.1473388671875,112.76211547851562,-406.4273376464844,,,,,,,,,,286079,2377
1786071916,604412745,,,,,5,-1495.5179443359375,1021.8152465820312,-775.8082885742188,0.11119688302278519,-0.15062661468982697,-0.2673264145851135,0.9452426433563232,1,286079,2377
1786071916,611999062,1,-196.1297149658203,111.12022399902344,-406.7637023925781,,,,,,,,,,286080,2377
1786071916,611999062,,,,,5,-1495.63330078125,1021.8411254882812,-775.7457885742188,0.11159142851829529,-0.14997294545173645,-0.268038272857666,0.9450984001159668,1,286080,2377
1786071916,621338859,1,-196.29884338378906,110.82478332519531,-403.4067687988281,,,,,,,,,,286081,2377
1786071916,621338859,,,,,5,-1495.6005859375,1021.8671875,-775.7951049804688,0.11167969554662704,-0.14971143007278442,-0.26799461245536804,0.9451418519020081,1,286081,2377
1786071916,630103925,1,-196.23077392578125,110.55473327636719,-397.2800598144531,,,,,,,,,,286082,2377
1786071916,630103925,,,,,5,-1495.5103759765625,1021.8322143554688,-775.7930297851562,0.11141172796487808,-0.15050023794174194,-0.26771098375320435,0.9451285600662231,1,286082,2377
1786071916,636926514,1,-197.20538330078125,109.1366958618164,-398.60418701171875,,,,,,,,,,286083,2377
1786071916,636926514,,,,,5,-1495.5032958984375,1021.8132934570312,-775.7946166992188,0.11151141673326492,-0.15052388608455658,-0.2676657736301422,0.9451258778572083,1,286083,2377
1786071916,645911301,1,-196.78646850585938,107.10992431640625,-401.7801208496094,,,,,,,,,,286084,2377
1786071916,645911301,,,,,5,-1495.6383056640625,1021.9091796875,-775.7269897460938,0.1117800772190094,-0.14994637668132782,-0.26896753907203674,0.9448162317276001,1,286084,2377
1786071916,653860502,1,-198.02931213378906,115.75909423828125,-376.90740966796875,,,,,,,,,,286085,2377
1786071916,653860502,,,,,5,-1495.6162109375,1021.8539428710938,-775.7735595703125,0.11171380430459976,-0.1496996283531189,-0.2681647539138794,0.9450914859771729,1,286085,2377
1786071916,661839308,1,-175.7101287841797,127.57150268554688,-362.52734375,,,,,,,,,,286086,2377
1786071916,661839308,,,,,5,-1495.5340576171875,1021.8108520507812,-775.7877807617188,0.11127521842718124,-0.15068042278289795,-0.2675183117389679,0.9451704621315002,1,286086,2377
1786071916,670819774,1,-198.92425537109375,115.00435638427734,-378.56097412109375,,,,,,,,,,286087,2377
1786071916,670819774,,,,,5,-1495.5242919921875,1021.82568359375,-775.7858276367188,0.11100395768880844,-0.15048792958259583,-0.2672766447067261,0.945301353931427,1,286087,2377
1786071916,679205889,1,-199.2152099609375,113.23150634765625,-379.23626708984375,,,,,,,,,,286088,2377
1786071916,679205889,,,,,5,-1495.5244140625,1021.8153686523438,-775.8126220703125,0.11131838709115982,-0.15046477317810059,-0.26796644926071167,0.9450727701187134,1,286088,2377
1786071916,686827476,1,-198.00323486328125,107.45951080322266,-381.1863098144531,,,,,,,,,,286089,2377
1786071916,686827476,,,,,5,-1495.4979248046875,1021.8108520507812,-775.787353515625,0.11084277182817459,-0.15052317082881927,-0.2672606110572815,0.9453192353248596,1,286089,2377
1786071916,695745115,1,-200.01206970214844,114.92525482177734,-365.42535400390625,,,,,,,,,,286090,2377
1786071916,695745115,,,,,5,-1495.4920654296875,1021.8072509765625,-775.826171875,0.11112084239721298,-0.15062740445137024,-0.2669607996940613,0.945354700088501,1,286090,2377
1786071916,704090518,1,-199.1792755126953,112.98497009277344,-363.7696838378906,,,,,,,,,,286091,2377
1786071916,704090518,,,,,5,-1495.6492919921875,1021.9005737304688,-775.7457885742188,0.11134286969900131,-0.1498032957315445,-0.2679641544818878,0.9451756477355957,1,286091,2377
1786071916,712674173,1,-199.0205841064453,109.89656829833984,-362.3846435546875,,,,,,,,,,286092,2377
1786071916,712674173,,,,,5,-1495.533935546875,1021.81787109375,-775.8182373046875,0.11086949706077576,-0.150675967335701,-0.26698431372642517,0.9453698992729187,1,286092,2377
1786071916,720697724,1,-200.88865661621094,108.06494140625,-361.51495361328125,,,,,,,,,,286093,2377
1786071916,720697724,,,,,5,-1495.6396484375,1021.8888549804688,-775.76513671875,0.11158845573663712,-0.14986258745193481,-0.2680840492248535,0.9451032876968384,1,286093,2377
1786071916,728573951,1,-200.28684997558594,109.62064361572266,-356.8692932128906,,,,,,,,,,286094,2377
1786071916,728573951,,,,,5,-1495.4862060546875,1021.7864379882812,-775.8016967773438,0.1111157238483429,-0.15073274075984955,-0.26708170771598816,0.9453042149543762,1,286094,2377
1786071916,737696812,1,-200.33868408203125,109.41404724121094,-353.7419128417969,,,,,,,,,,286095,2377
1786071916,737696812,,,,,5,-1495.515625,1021.8051147460938,-775.8016967773438,0.11109868437051773,-0.15054985880851746,-0.26730576157569885,0.9452722072601318,1,286095,2377
1786071916,745609494,1,-200.53311157226562,108.64285278320312,-350.4635314941406,,,,,,,,,,286096,2377
1786071916,745609494,,,,,5,-1495.5115966796875,1021.8090209960938,-775.7864379882812,0.11132919788360596,-0.1506529599428177,-0.26781174540519714,0.945085346698761,1,286096,2377
1786071916,753563047,1,-200.61849975585938,108.90132141113281,-346.392822265625,,,,,,,,,,286097,2377
1786071916,753563047,,,,,5,-1495.50048828125,1021.8021850585938,-775.8108520507812,0.11130014806985855,-0.15054751932621002,-0.26736173033714294,0.9452329874038696,1,286097,2377
1786071916,762514708,1,-201.1357879638672,108.8778305053711,-343.3477478027344,,,,,,,,,,286098,2377
1786071916,762514708,,,,,5,-1495.6346435546875,1021.9037475585938,-775.7750854492188,0.11140409111976624,-0.14992907643318176,-0.2679043114185333,0.9451653957366943,1,286098,2377
1786071916,770864752,1,-201.3901824951172,109.62112426757812,-340.62481689453125,,,,,,,,,,286099,2377
1786071916,770864752,,,,,5,-1495.623046875,1021.904296875,-775.8012084960938,0.11117541790008545,-0.14997918903827667,-0.2669757008552551,0.9454471468925476,1,286099,2377
1786071916,778491044,1,-201.56259155273438,109.85423278808594,-335.9947814941406,,,,,,,,,,286100,2377
1786071916,778491044,,,,,5,-1495.4920654296875,1021.8121337890625,-775.7825317382812,0.11133099347352982,-0.15055285394191742,-0.26775944232940674,0.9451159834861755,1,286100,2377
1786071916,787495802,1,-201.67501831054688,111.9608383178711,-332.6902770996094,,,,,,,,,,286101,2377
1786071916,787495802,,,,,5,-1495.611328125,1021.8829345703125,-775.7489624023438,0.11151760071516037,-0.14974354207515717,-0.2684006690979004,0.9450407028198242,1,286101,2377
1786071916,795470192,1,-201.86245727539062,111.30703735351562,-328.6878356933594,,,,,,,,,,286102,2377
1786071916,795470192,,,,,5,-1495.5181884765625,1021.8182983398438,-775.7929077148438,0.11115624755620956,-0.1506483256816864,-0.26715055108070374,0.945293664932251,1,286102,2377
1786071916,803489294,1,-202.27505493164062,111.21490478515625,-326.846435546875,,,,,,,,,,286103,2377
1786071916,803489294,,,,,5,-1495.5155029296875,1021.89306640625,-775.8071899414062,0.11046449840068817,-0.15076735615730286,-0.26617252826690674,0.9456316232681274,1,286103,2377
1786071916,812403027,1,-202.46112060546875,111.05780792236328,-321.8701477050781,,,,,,,,,,286104,2377
1786071916,812403027,,,,,5,-1495.638916015625,1021.8736572265625,-775.7385864257812,0.11178822815418243,-0.14974960684776306,-0.26856353878974915,0.9449613690376282,1,286104,2377
1786071916,820390507,1,-203.68199157714844,109.50164031982422,-320.8049621582031,,,,,,,,,,286105,2377
1786071916,820390507,,,,,5,-1495.6414794921875,1021.8504028320312,-775.7429809570312,0.11162051558494568,-0.14970768988132477,-0.2679632306098938,0.9451583623886108,1,286105,2377
1786071916,829333846,1,-205.18246459960938,108.50497436523438,-318.02532958984375,,,,,,,,,,286106,2377
1786071916,829333846,,,,,5,-1495.626708984375,1021.8847045898438,-775.7930908203125,0.1114271730184555,-0.14988496899604797,-0.2674909830093384,0.945286750793457,1,286106,2377
1786071916,837394652,1,-202.26220703125,112.20490264892578,-310.41748046875,,,,,,,,,,286107,2377
1786071916,837394652,,,,,5,-1495.509521484375,1021.8322143554688,-775.8258056640625,0.1110442578792572,-0.15050816535949707,-0.26679089665412903,0.9454306960105896,1,286107,2377
1786071916,845236633,1,-202.9591064453125,111.48174285888672,-308.57940673828125,,,,,,,,,,286108,2377
1786071916,845236633,,,,,5,-1495.50048828125,1021.8098754882812,-775.7860107421875,0.11090856790542603,-0.15066184103488922,-0.2671566307544708,0.945318877696991,1,286108,2377
1786071916,854247120,1,-202.99057006835938,111.68291473388672,-304.7989501953125,,,,,,,,,,286109,2377
1786071916,854247120,,,,,5,-1495.5418701171875,1021.8567504882812,-775.7916870117188,0.11099331825971603,-0.15045465528964996,-0.2674689292907715,0.9452536106109619,1,286109,2377
1786071916,862174109,1,-203.34278869628906,111.29032897949219,-301.44891357421875,,,,,,,,,,286110,2377
1786071916,862174109,,,,,5,-1495.51806640625,1021.83984375,-775.7899780273438,0.11118284612894058,-0.15075866878032684,-0.26737770438194275,0.9452086687088013,1,286110,2377
1786071916,870282091,1,-204.2834014892578,109.49706268310547,-300.0355224609375,,,,,,,,,,286111,2377
1786071916,870282091,,,,,5,-1495.62890625,1021.8829956054688,-775.7556762695312,0.11165500432252884,-0.1496787667274475,-0.26836687326431274,0.945044219493866,1,286111,2377
1786071916,879225110,1,-204.56639099121094,109.3393783569336,-296.8453674316406,,,,,,,,,,286112,2377
1786071916,879225110,,,,,5,-1495.5042724609375,1021.8184814453125,-775.7901611328125,0.11123647540807724,-0.15061452984809875,-0.2677273154258728,0.945126473903656,1,286112,2377
1786071916,887192235,1,-203.31356811523438,111.21131896972656,-291.7442321777344,,,,,,,,,,286113,2377
1786071916,887192235,,,,,5,-1495.5423583984375,1021.83203125,-775.7991943359375,0.11118677258491516,-0.15069302916526794,-0.2678118944168091,0.9450957179069519,1,286113,2377
1786071916,895233965,1,-204.44737243652344,109.7111587524414,-289.9422607421875,,,,,,,,,,286114,2377
1786071916,895233965,,,,,5,-1495.5096435546875,1021.8180541992188,-775.816162109375,0.11132257431745529,-0.15032224357128143,-0.26742467284202576,0.9452484250068665,1,286114,2377
1786071916,904152947,1,-204.4183349609375,110.54681396484375,-286.3370666503906,,,,,,,,,,286115,2377
1786071916,904152947,,,,,5,-1495.4969482421875,1021.8114624023438,-775.8123779296875,0.11120227724313736,-0.1504412740468979,-0.2670048475265503,0.9453623294830322,1,286115,2377
1786071916,912322029,1,-204.6166229248047,110.73954010009766,-283.4673767089844,,,,,,,,,,286116,2377
1786071916,912322029,,,,,5,-1495.6077880859375,1021.8746337890625,-775.7757568359375,0.11153265833854675,-0.14962168037891388,-0.267887681722641,0.9452037215232849,1,286116,2377
1786071916,920018735,1,-204.31253051757812,111.36800384521484,-279.53521728515625,,,,,,,,,,286117,2377
1786071916,920018735,,,,,5,-1495.5029296875,1021.8445434570312,-775.7955932617188,0.11116372793912888,-0.15038740634918213,-0.2670157849788666,0.945372462272644,1,286117,2377
1786071916,928988350,1,-204.11476135253906,111.95964813232422,-276.10467529296875,,,,,,,,,,286118,2377
1786071916,928988350,,,,,5,-1495.5223388671875,1021.826171875,-775.80908203125,0.11125000566244125,-0.1504814326763153,-0.2673741579055786,0.9452459216117859,1,286118,2377
1786071916,937351037,1,-204.04771423339844,112.46162414550781,-273.0101013183594,,,,,,,,,,286119,2377
1786071916,937351037,,,,,5,-1495.650390625,1021.87939453125,-775.7350463867188,0.11150571703910828,-0.14995603263378143,-0.2682048976421356,0.9450638890266418,1,286119,2377
1786071916,946063740,1,-204.84092712402344,111.31719970703125,-269.2682800292969,,,,,,,,,,286120,2377
1786071916,946063740,,,,,5,-1495.4906005859375,1021.8114624023438,-775.7936401367188,0.11115214973688126,-0.15061794221401215,-0.26682886481285095,0.9453898668289185,1,286120,2377
1786071916,954038066,1,-204.89161682128906,110.59690856933594,-266.1997985839844,,,,,,,,,,286121,2377
1786071916,954038066,,,,,5,-1495.6199951171875,1021.8733520507812,-775.7805786132812,0.11144959926605225,-0.1496986299753189,-0.26767265796661377,0.9452622532844543,1,286121,2377
1786071916,961905844,1,-205.05377197265625,110.80895233154297,-263.3953552246094,,,,,,,,,,286122,2377
1786071916,961905844,,,,,5,-1495.6160888671875,1021.8564453125,-775.75927734375,0.11168599873781204,-0.14965547621250153,-0.26831746101379395,0.9450583457946777,1,286122,2377
1786071916,971563460,1,-204.96339416503906,110.68995666503906,-259.808837890625,,,,,,,,,,286123,2377
1786071916,971563460,,,,,5,-1495.63330078125,1021.8701171875,-775.7465209960938,0.11158270388841629,-0.15003876388072968,-0.2676922678947449,0.9451870322227478,1,286123,2377
1786071916,979012183,1,-207.15362548828125,108.71292877197266,-257.2245788574219,,,,,,,,,,286124,2377
1786071916,979012183,,,,,5,-1495.5101318359375,1021.8038330078125,-775.8145751953125,0.11137398332357407,-0.15046343207359314,-0.2676136791706085,0.9451664090156555,1,286124,2377
1786071916,986862774,1,-206.64479064941406,110.02421569824219,-253.19151306152344,,,,,,,,,,286125,2377
1786071916,986862774,,,,,5,-1495.5103759765625,1021.8092041015625,-775.7688598632812,0.11125639826059341,-0.15062114596366882,-0.2679460048675537,0.9450610280036926,1,286125,2377
1786071916,995843368,1,-205.75083923339844,109.93069458007812,-251.0605010986328,,,,,,,,,,286126,2377
1786071916,995843368,,,,,5,-1495.5159912109375,1021.7994384765625,-775.8331298828125,0.11118492484092712,-0.15055100619792938,-0.2670355439186096,0.9453381896018982,1,286126,2377
1786071917,3773045,1,-207.35714721679688,108.38243865966797,-248.1151123046875,,,,,,,,,,286127,2377
1786071917,3773045,,,,,5,-1495.5091552734375,1021.81982421875,-775.8115234375,0.11115460842847824,-0.15061698853969574,-0.26724007725715637,0.9452736377716064,1,286127,2377
1786071917,11780593,1,-207.54611206054688,108.65377807617188,-245.13999938964844,,,,,,,,,,286128,2377
1786071917,11780593,,,,,5,-1495.51708984375,1021.7882690429688,-775.7813720703125,0.11138082295656204,-0.15054340660572052,-0.26790252327919006,0.9450709819793701,1,286128,2377
1786071917,20780870,1,-208.45115661621094,107.5483169555664,-241.51913452148438,,,,,,,,,,286129,2377
1786071917,20780870,,,,,5,-1495.612548828125,1021.8656616210938,-775.7758178710938,0.11163575202226639,-0.14972840249538422,-0.2683045566082001,0.9450563788414001,1,286129,2377
1786071917,28683310,1,-208.0658416748047,108.09069061279297,-239.0061492919922,,,,,,,,,,286130,2377
1786071917,28683310,,,,,5,-1495.6322021484375,1021.8604736328125,-775.7635498046875,0.11158594489097595,-0.14995703101158142,-0.2681881785392761,0.945059061050415,1,286130,2377
1786071917,36665701,1,-208.6342010498047,107.29270935058594,-235.28880310058594,,,,,,,,,,286131,2377
1786071917,36665701,,,,,5,-1495.6131591796875,1021.85107421875,-775.76318359375,0.11162500828504562,-0.14992158114910126,-0.267933189868927,0.9451324939727783,1,286131,2377
1786071917,45723430,1,-204.74264526367188,110.40650939941406,-231.47166442871094,,,,,,,,,,286132,2377
1786071917,45723430,,,,,5,-1495.505859375,1021.8391723632812,-775.8187866210938,0.11095525324344635,-0.1507333219051361,-0.2670062780380249,0.9453444480895996,1,286132,2377
1786071917,53668982,1,-204.1344451904297,111.99356842041016,-228.8715362548828,,,,,,,,,,286133,2377
1786071917,53668982,,,,,5,-1495.5035400390625,1021.7974853515625,-775.7926635742188,0.11128425598144531,-0.15046556293964386,-0.2677093744277954,0.9451496005058289,1,286133,2377
1786071917,62597310,1,-204.24740600585938,112.63964080810547,-225.85433959960938,,,,,,,,,,286134,2377
1786071917,62597310,,,,,5,-1495.6624755859375,1021.8897705078125,-775.7554321289062,0.11150147020816803,-0.14994695782661438,-0.26791277527809143,0.9451488256454468,1,286134,2377
1786071917,70594264,1,-204.0517578125,112.52233123779297,-222.91246032714844,,,,,,,,,,286135,2377
1786071917,70594264,,,,,5,-1495.4959716796875,1021.80419921875,-775.7893676757812,0.111304871737957,-0.1506546437740326,-0.2674371004104614,0.9451941251754761,1,286135,2377
1786071917,78658558,1,-206.69216918945312,108.15100860595703,-220.488525390625,,,,,,,,,,286136,2377
1786071917,78658558,,,,,5,-1495.6666259765625,1021.8676147460938,-775.7092895507812,0.11142506450414658,-0.15004877746105194,-0.2688024938106537,0.9448888301849365,1,286136,2377
1786071917,87597864,1,-207.82888793945312,107.48409271240234,-216.57054138183594,,,,,,,,,,286137,2377
1786071917,87597864,,,,,5,-1495.525146484375,1021.7931518554688,-775.7733764648438,0.11110217124223709,-0.15062464773654938,-0.2678920328617096,0.9450939297676086,1,286137,2377
1786071917,95570590,1,-207.5713348388672,108.28062438964844,-214.29075622558594,,,,,,,,,,286138,2377
1786071917,95570590,,,,,5,-1495.6275634765625,1021.8635864257812,-775.754150390625,0.11178000271320343,-0.1497802734375,-0.2682712972164154,0.9450405836105347,1,286138,2377
1786071917,103499146,1,-207.67776489257812,107.37966918945312,-211.56988525390625,,,,,,,,,,286139,2377
1786071917,103499146,,,,,5,-1495.666015625,1021.8544921875,-775.7310180664062,0.11125826835632324,-0.15014426410198212,-0.2682010233402252,0.9450643062591553,1,286139,2377
1786071917,112646428,1,-209.4068603515625,105.30138397216797,-207.33351135253906,,,,,,,,,,286140,2377
1786071917,112646428,,,,,5,-1495.504150390625,1021.7673950195312,-775.804931640625,0.11120131611824036,-0.15086431801319122,-0.26719164848327637,0.9452422857284546,1,286140,2377
1786071917,120972019,1,-206.65029907226562,107.21151733398438,-207.45265197753906,,,,,,,,,,286141,2377
1786071917,120972019,,,,,5,-1495.53515625,1021.818359375,-775.8017578125,0.11065753549337387,-0.15093906223773956,-0.2666776776313782,0.9454393982887268,1,286141,2377
1786071917,128442954,1,-206.18934631347656,108.91703796386719,-202.30796813964844,,,,,,,,,,286142,2377
1786071917,128442954,,,,,5,-1495.615478515625,1021.8658447265625,-775.7857055664062,0.11157036572694778,-0.1498987227678299,-0.2676832377910614,0.945213258266449,1,286142,2377
1786071917,137532529,1,-205.6819305419922,109.93412017822266,-200.02935791015625,,,,,,,,,,286143,2377
1786071917,137532529,,,,,5,-1495.5311279296875,1021.8090209960938,-775.7874145507812,0.11117729544639587,-0.15066823363304138,-0.26750218868255615,0.9451885223388672,1,286143,2377
1786071917,145607289,1,-203.52000427246094,110.83478546142578,-195.93881225585938,,,,,,,,,,286144,2377
1786071917,145607289,,,,,5,-1495.63427734375,1021.8641967773438,-775.7555541992188,0.1119387075304985,-0.14981216192245483,-0.2686872184276581,0.9448986053466797,1,286144,2377
1786071917,153357028,1,-203.3340301513672,111.56211853027344,-193.00489807128906,,,,,,,,,,286145,2377
1786071917,153357028,,,,,5,-1495.4744873046875,1021.7933959960938,-775.8211059570312,0.11082178354263306,-0.15036296844482422,-0.2664996087551117,0.9455620646476746,1,286145,2377
1786071917,162350201,1,-203.31459045410156,111.3835220336914,-190.18124389648438,,,,,,,,,,286146,2377
1786071917,162350201,,,,,5,-1495.5179443359375,1021.8191528320312,-775.8065795898438,0.11081792414188385,-0.15049736201763153,-0.2664225697517395,0.9455628395080566,1,286146,2377
1786071917,170393179,1,-203.15960693359375,111.39998626708984,-187.36532592773438,,,,,,,,,,286147,2377
1786071917,170393179,,,,,5,-1495.6602783203125,1021.8375854492188,-775.7453002929688,0.11164145171642303,-0.14973393082618713,-0.2684905529022217,0.9450019598007202,1,286147,2377
1786071917,179320675,1,-203.443603515625,109.60985565185547,-184.23435974121094,,,,,,,,,,286148,2377
1786071917,179320675,,,,,5,-1495.6322021484375,1021.865234375,-775.7276611328125,0.1116495281457901,-0.14986814558506012,-0.26866012811660767,0.9449315071105957,1,286148,2377
1786071917,187291960,1,-202.49745178222656,110.9716796875,-181.33021545410156,,,,,,,,,,286149,2377
1786071917,187291960,,,,,5,-1495.5177001953125,1021.8038940429688,-775.7971801757812,0.11143527179956436,-0.15057507157325745,-0.26797595620155334,0.9450387954711914,1,286149,2377
1786071917,195301396,1,-203.18942260742188,110.25392150878906,-178.37405395507812,,,,,,,,,,286150,2377
1786071917,195301396,,,,,5,-1495.5169677734375,1021.8038940429688,-775.779296875,0.11097589135169983,-0.15087516605854034,-0.2674548625946045,0.9451926350593567,1,286150,2377
1786071917,204537174,1,-203.16659545898438,109.52128601074219,-175.4172821044922,,,,,,,,,,286151,2377
1786071917,204537174,,,,,5,-1495.64599609375,1021.8964233398438,-775.78662109375,0.1111946552991867,-0.15001894533634186,-0.26721957325935364,0.9453696608543396,1,286151,2377
1786071917,212892051,1,-202.9617919921875,110.64247131347656,-172.63143920898438,,,,,,,,,,286152,2377
1786071917,212892051,,,,,5,-1495.4832763671875,1021.8151245117188,-775.8186645507812,0.1111205443739891,-0.15071061253547668,-0.26666465401649475,0.9454251527786255,1,286152,2377
1786071917,220273689,1,-200.35049438476562,112.55833435058594,-168.3269500732422,,,,,,,,,,286153,2377
1786071917,220273689,,,,,5,-1495.5184326171875,1021.8104858398438,-775.7738647460938,0.11082419008016586,-0.15089860558509827,-0.267368882894516,0.9452309012413025,1,286153,2377
1786071917,229221413,1,-200.25025939941406,110.53469848632812,-165.7742156982422,,,,,,,,,,286154,2377
1786071917,229221413,,,,,5,-1495.5111083984375,1021.80908203125,-775.8427124023438,0.11093815416097641,-0.150485560297966,-0.2668618857860565,0.9454267024993896,1,286154,2377
1786071917,237289900,1,-201.75640869140625,111.31242370605469,-164.67506408691406,,,,,,,,,,286155,2377
1786071917,237289900,,,,,5,-1495.6595458984375,1021.8370361328125,-775.7434692382812,0.11154909431934357,-0.14984416961669922,-0.26837724447250366,0.9450275897979736,1,286155,2377
1786071917,245121031,1,-200.5767364501953,112.16259002685547,-160.22918701171875,,,,,,,,,,286156,2377
1786071917,245121031,,,,,5,-1495.520751953125,1021.8318481445312,-775.82666015625,0.11125528067350388,-0.15030764043331146,-0.26694440841674805,0.9453943371772766,1,286156,2377
1786071917,254269656,1,-200.29100036621094,111.83334350585938,-157.5704803466797,,,,,,,,,,286157,2377
1786071917,254269656,,,,,5,-1495.6397705078125,1021.8847045898438,-775.76513671875,0.11141017824411392,-0.15001729130744934,-0.26763513684272766,0.9452269673347473,1,286157,2377
1786071917,262122935,1,-201.16554260253906,111.11835479736328,-155.13980102539062,,,,,,,,,,286158,2377
1786071917,262122935,,,,,5,-1495.6446533203125,1021.8881225585938,-775.7645874023438,0.11140826344490051,-0.14993657171726227,-0.2677803933620453,0.9451988935470581,1,286158,2377
1786071917,270029568,1,-200.85577392578125,111.85110473632812,-152.8648681640625,,,,,,,,,,286159,2377
1786071917,270029568,,,,,5,-1495.5028076171875,1021.8156127929688,-775.8206176757812,0.11111472547054291,-0.15067118406295776,-0.26686304807662964,0.9453760385513306,1,286159,2377
1786071917,279012786,1,-201.05589294433594,111.24956512451172,-150.61354064941406,,,,,,,,,,286160,2377
1786071917,279012786,,,,,5,-1495.640625,1021.8596801757812,-775.7445678710938,0.11160481721162796,-0.14984209835529327,-0.2677824795246124,0.9451900124549866,1,286160,2377
1786071917,287003531,1,-200.2802276611328,111.58226776123047,-147.1321258544922,,,,,,,,,,286161,2377
1786071917,287003531,,,,,5,-1495.50927734375,1021.7921752929688,-775.8155517578125,0.11133220791816711,-0.1505902111530304,-0.2674611508846283,0.9451942443847656,1,286161,2377
1786071917,296026949,1,-200.4493865966797,112.0780029296875,-144.692626953125,,,,,,,,,,286162,2377
1786071917,296026949,,,,,5,-1495.6368408203125,1021.84912109375,-775.7708740234375,0.1118614673614502,-0.14982281625270844,-0.26842600107192993,0.9449801445007324,1,286162,2377
1786071917,303953969,1,-200.13192749023438,111.82715606689453,-142.02647399902344,,,,,,,,,,286163,2377
1786071917,303953969,,,,,5,-1495.6082763671875,1021.8489379882812,-775.7763061523438,0.11165889352560043,-0.1497129201889038,-0.2680973708629608,0.9451149106025696,1,286163,2377
1786071917,311907491,1,-199.66647338867188,111.98246002197266,-139.64739990234375,,,,,,,,,,286164,2377
1786071917,311907491,,,,,5,-1495.4998779296875,1021.78369140625,-775.8074340820312,0.11148632317781448,-0.15063416957855225,-0.26757630705833435,0.9451364874839783,1,286164,2377
1786071917,321112799,1,-199.75042724609375,111.60477447509766,-136.53709411621094,,,,,,,,,,286165,2377
1786071917,321112799,,,,,5,-1495.508544921875,1021.7891845703125,-775.8003540039062,0.11136844754219055,-0.15049156546592712,-0.26746317744255066,0.9452051520347595,1,286165,2377
1786071917,328941273,1,-199.41357421875,112.01558685302734,-133.9576416015625,,,,,,,,,,286166,2377
1786071917,328941273,,,,,5,-1495.541259765625,1021.7965087890625,-775.802734375,0.11121995747089386,-0.15048860013484955,-0.2672504186630249,0.9452834129333496,1,286166,2377
1786071917,336973978,1,-199.46881103515625,111.67581939697266,-131.29888916015625,,,,,,,,,,286167,2377
1786071917,336973978,,,,,5,-1495.500244140625,1021.7864379882812,-775.8147583007812,0.11110948771238327,-0.15055470168590546,-0.2671671211719513,0.9453094601631165,1,286167,2377
1786071917,345873469,1,-199.14846801757812,111.339111328125,-128.49314880371094,,,,,,,,,,286168,2377
1786071917,345873469,,,,,5,-1495.677001953125,1021.8439331054688,-775.71484375,0.11128145456314087,-0.15017609298229218,-0.2681697607040405,0.9450653791427612,1,286168,2377
1786071917,353833903,1,-198.95877075195312,111.8946304321289,-125.84415435791016,,,,,,,,,,286169,2377
1786071917,353833903,,,,,5,-1495.6201171875,1021.8800659179688,-775.7667236328125,0.11161551624536514,-0.1499628871679306,-0.2682500183582306,0.9450371861457825,1,286169,2377
1786071917,361773951,1,-198.25502014160156,111.3830795288086,-123.27537536621094,,,,,,,,,,286170,2377
1786071917,361773951,,,,,5,-1495.5113525390625,1021.8043212890625,-775.8171997070312,0.11136413365602493,-0.15026751160621643,-0.26754215359687805,0.9452190399169922,1,286170,2377
1786071917,370801081,1,-198.830078125,111.79071807861328,-120.56745147705078,,,,,,,,,,286171,2377
1786071917,370801081,,,,,5,-1495.6025390625,1021.8629760742188,-775.7697143554688,0.1115947812795639,-0.14974886178970337,-0.26787564158439636,0.9451796412467957,1,286171,2377
1786071917,378713379,1,-198.16786193847656,112.1801986694336,-118.08797454833984,,,,,,,,,,286172,2377
1786071917,378713379,,,,,5,-1495.5235595703125,1021.8583984375,-775.8202514648438,0.1109825149178505,-0.15065942704677582,-0.26683738827705383,0.9454007744789124,1,286172,2377
1786071917,386678103,1,-198.02310180664062,112.61395263671875,-115.43079376220703,,,,,,,,,,286173,2377
1786071917,386678103,,,,,5,-1495.513671875,1021.8019409179688,-775.8054809570312,0.1111363098025322,-0.15045826137065887,-0.26747122406959534,0.9452354907989502,1,286173,2377
1786071917,395732695,1,-199.1784210205078,110.20172882080078,-112.40222930908203,,,,,,,,,,286174,2377
1786071917,395732695,,,,,5,-1495.5081787109375,1021.8270874023438,-775.7808837890625,0.11091073602437973,-0.15061326324939728,-0.267087459564209,0.9453458786010742,1,286174,2377
1786071917,403720879,1,-197.6704559326172,111.23297119140625,-110.02135467529297,,,,,,,,,,286175,2377
1786071917,403720879,,,,,5,-1495.4913330078125,1021.79638671875,-775.8067626953125,0.11125923693180084,-0.150539368391037,-0.2673887014389038,0.945231556892395,1,286175,2377
1786071917,412868864,1,-198.12034606933594,112.19625854492188,-107.23822784423828,,,,,,,,,,286176,2377
1786071917,412868864,,,,,5,-1495.523681640625,1021.80126953125,-775.7968139648438,0.11120288074016571,-0.15058714151382446,-0.2674131989479065,0.9452235698699951,1,286176,2377
1786071917,420582213,1,-197.7866668701172,111.28514099121094,-104.73772430419922,,,,,,,,,,286177,2377
1786071917,420582213,,,,,5,-1495.4908447265625,1021.8020629882812,-775.7874145507812,0.11094963550567627,-0.1506536602973938,-0.2670927345752716,0.9453333616256714,1,286177,2377
1786071917,428597762,1,-197.5944366455078,111.11113739013672,-102.06513977050781,,,,,,,,,,286178,2377
1786071917,428597762,,,,,5,-1495.6148681640625,1021.8723754882812,-775.76953125,0.1116444319486618,-0.14977887272834778,-0.26779457926750183,0.9451919794082642,1,286178,2377
1786071917,437883117,1,-197.39845275878906,111.3629150390625,-99.53325653076172,,,,,,,,,,286179,2377
1786071917,437883117,,,,,5,-1495.6275634765625,1021.8585815429688,-775.76904296875,0.1115955263376236,-0.14976970851421356,-0.26780566573143005,0.9451960921287537,1,286179,2377
1786071917,445521572,1,-197.3651885986328,111.68240356445312,-96.77328491210938,,,,,,,,,,286180,2377
1786071917,445521572,,,,,5,-1495.6351318359375,1021.8707275390625,-775.7669067382812,0.11122345924377441,-0.14986859261989594,-0.2677665948867798,0.9452354311943054,1,286180,2377
1786071917,453589162,1,-197.5454559326172,111.44630432128906,-94.06949615478516,,,,,,,,,,286181,2378
1786071917,453589162,,,,,5,-1495.5101318359375,1021.7764892578125,-775.7704467773438,0.11082444339990616,-0.15083009004592896,-0.26688864827156067,0.9453774690628052,1,286181,2378
1786071917,462523764,1,-197.0657196044922,112.38607025146484,-91.83659362792969,,,,,,,,,,286182,2378
1786071917,462523764,,,,,5,-1495.519775390625,1021.8258666992188,-775.8101806640625,0.11081492900848389,-0.15083009004592896,-0.2669283449649811,0.9453675150871277,1,286182,2378
1786071917,470006669,1,-197.25869750976562,108.61113739013672,-88.4060287475586,,,,,,,,,,286183,2378
1786071917,470006669,,,,,5,-1495.515380859375,1021.8612670898438,-775.8297729492188,0.11103969067335129,-0.15047551691532135,-0.26628029346466064,0.9455803632736206,1,286183,2378
1786071917,478497444,1,-196.81593322753906,111.37291717529297,-86.57572937011719,,,,,,,,,,286184,2378
1786071917,478497444,,,,,5,-1495.6131591796875,1021.8427124023438,-775.784912109375,0.11166003346443176,-0.1496627926826477,-0.26807552576065063,0.9451289176940918,1,286184,2378
1786071917,487463731,1,-196.1884765625,112.23336791992188,-83.48676300048828,,,,,,,,,,286185,2378
1786071917,487463731,,,,,5,-1495.61181640625,1021.8588256835938,-775.770263671875,0.11160895973443985,-0.14991234242916107,-0.26753416657447815,0.9452488422393799,1,286185,2378
1786071917,495765990,1,-197.09962463378906,109.0301513671875,-81.40961456298828,,,,,,,,,,286186,2378
1786071917,495765990,,,,,5,-1495.494384765625,1021.7985229492188,-775.8134155273438,0.11108876764774323,-0.15063901245594025,-0.266706645488739,0.9454284310340881,1,286186,2378
1786071917,503408925,1,-197.0816650390625,111.31649017333984,-78.79208374023438,,,,,,,,,,286187,2378
1786071917,503408925,,,,,5,-1495.4969482421875,1021.8245239257812,-775.8280639648438,0.11105287075042725,-0.15063294768333435,-0.26633819937705994,0.9455373883247375,1,286187,2378
1786071917,512413460,1,-195.731201171875,110.96158599853516,-75.8130874633789,,,,,,,,,,286188,2378
1786071917,512413460,,,,,5,-1495.6143798828125,1021.8754272460938,-775.7487182617188,0.1114475280046463,-0.14976075291633606,-0.26740410923957825,0.9453286528587341,1,286188,2378
1786071917,520371334,1,-192.68890380859375,113.86323547363281,-74.02713775634766,,,,,,,,,,286189,2378
1786071917,520371334,,,,,5,-1495.602783203125,1021.8434448242188,-775.7786865234375,0.1117154061794281,-0.14987608790397644,-0.2682228982448578,0.9450467228889465,1,286189,2378
1786071917,529312817,1,-197.0892791748047,111.06814575195312,-72.11103820800781,,,,,,,,,,286190,2378
1786071917,529312817,,,,,5,-1495.6295166015625,1021.8854370117188,-775.7706298828125,0.11126764863729477,-0.14985351264476776,-0.2675251066684723,0.9453009366989136,1,286190,2378
1786071917,537277252,1,-197.08135986328125,112.02709197998047,-69.4601058959961,,,,,,,,,,286191,2378
1786071917,537277252,,,,,5,-1495.5321044921875,1021.8394775390625,-775.8123168945312,0.11091241240501404,-0.1506544053554535,-0.26736873388290405,0.9452595710754395,1,286191,2378
1786071917,545273246,1,-197.28512573242188,111.47024536132812,-68.0145263671875,,,,,,,,,,286192,2378
1786071917,545273246,,,,,5,-1495.6356201171875,1021.8811645507812,-775.7616577148438,0.11157260090112686,-0.14990843832492828,-0.2684710621833801,0.9449880123138428,1,286192,2378
1786071917,554178754,1,-197.2164764404297,110.7791748046875,-64.70074462890625,,,,,,,,,,286193,2378
1786071917,554178754,,,,,5,-1495.5123291015625,1021.8256225585938,-775.8131713867188,0.11067017912864685,-0.1507302075624466,-0.26624155044555664,0.945594072341919,1,286193,2378
1786071917,562195679,1,-196.9385986328125,111.04981231689453,-61.808143615722656,,,,,,,,,,286194,2378
1786071917,562195679,,,,,5,-1495.610595703125,1021.8666381835938,-775.8067016601562,0.11142764240503311,-0.14968036115169525,-0.26753395795822144,0.9453070163726807,1,286194,2378
1786071917,570154066,1,-196.9253387451172,111.70098114013672,-60.4810676574707,,,,,,,,,,286195,2378
1786071917,570154066,,,,,5,-1495.52685546875,1021.8392944335938,-775.7841186523438,0.11097133904695511,-0.15078917145729065,-0.26719802618026733,0.9452794790267944,1,286195,2378
1786071917,579168138,1,-196.40391540527344,112.18476867675781,-58.16975402832031,,,,,,,,,,286196,2378
1786071917,579168138,,,,,5,-1495.57177734375,1021.8551025390625,-775.8206176757812,0.11129312962293625,-0.14969384670257568,-0.2669661343097687,0.9454811215400696,1,286196,2378
1786071917,587116667,1,-196.268798828125,111.31852722167969,-55.73134231567383,,,,,,,,,,286197,2378
1786071917,587116667,,,,,5,-1495.642578125,1021.8756103515625,-775.7621459960938,0.11155645549297333,-0.1496822088956833,-0.2683814764022827,0.9450511932373047,1,286197,2378
1786071917,595085007,1,-195.97265625,111.78032684326172,-53.404579162597656,,,,,,,,,,286198,2378
1786071917,595085007,,,,,5,-1495.5130615234375,1021.8095092773438,-775.8207397460938,0.11104065924882889,-0.15052884817123413,-0.2669070363044739,0.9453950524330139,1,286198,2378
1786071917,604083813,1,-192.6695556640625,113.72689056396484,-50.71402359008789,,,,,,,,,,286199,2378
1786071917,604083813,,,,,5,-1495.6337890625,1021.8578491210938,-775.7843627929688,0.11148126423358917,-0.14984288811683655,-0.26760613918304443,0.945254385471344,1,286199,2378
1786071917,612079166,1,-196.4944610595703,111.77638244628906,-48.27994918823242,,,,,,,,,,286200,2378
1786071917,612079166,,,,,5,-1495.5035400390625,1021.791015625,-775.81591796875,0.11107958108186722,-0.15064671635627747,-0.26715096831321716,0.9453026056289673,1,286200,2378
1786071917,619984134,1,-192.38999938964844,113.87803649902344,-46.17372131347656,,,,,,,,,,286201,2378
1786071917,619984134,,,,,5,-1495.5091552734375,1021.8460083007812,-775.87353515625,0.11094991117715836,-0.15039341151714325,-0.2662394344806671,0.9456154108047485,1,286201,2378
1786071917,629074413,1,-195.3854522705078,112.24516296386719,-43.92205810546875,,,,,,,,,,286202,2378
1786071917,629074413,,,,,5,-1495.6265869140625,1021.8942260742188,-775.8125610351562,0.1116151437163353,-0.14957603812217712,-0.26763224601745605,0.9452736377716064,1,286202,2378
1786071917,637022846,1,-195.6913299560547,112.70968627929688,-42.22673416137695,,,,,,,,,,286203,2378
1786071917,637022846,,,,,5,-1495.6497802734375,1021.8619384765625,-775.7948608398438,0.11154362559318542,-0.14976556599140167,-0.2680995762348175,0.9451195597648621,1,286203,2378
1786071917,646022419,1,-194.19927978515625,112.7747573852539,-39.594112396240234,,,,,,,,,,286204,2378
1786071917,646022419,,,,,5,-1495.4925537109375,1021.8082885742188,-775.8137817382812,0.11109019815921783,-0.15046310424804688,-0.26724132895469666,0.9453052282333374,1,286204,2378
1786071917,654053171,1,-195.14208984375,113.0469970703125,-38.01604080200195,,,,,,,,,,286205,2378
1786071917,654053171,,,,,5,-1495.6590576171875,1021.8839721679688,-775.78173828125,0.11114142090082169,-0.1499514877796173,-0.26723843812942505,0.9453811645507812,1,286205,2378
1786071917,661839366,1,-195.36056518554688,112.4067611694336,-36.37531661987305,,,,,,,,,,286206,2378
1786071917,661839366,,,,,5,-1495.4915771484375,1021.82568359375,-775.8594970703125,0.11095203459262848,-0.15072369575500488,-0.2661275267601013,0.945594072341919,1,286206,2378
1786071917,671805424,1,-194.26904296875,112.79328918457031,-33.645870208740234,,,,,,,,,,286207,2378
1786071917,671805424,,,,,5,-1495.500244140625,1021.8068237304688,-775.8389892578125,0.11111599951982498,-0.15057402849197388,-0.26710471510887146,0.9453230500221252,1,286207,2378
1786071917,678780586,1,-193.777099609375,112.89492797851562,-30.81583023071289,,,,,,,,,,286208,2378
1786071917,678780586,,,,,5,-1495.6180419921875,1021.86669921875,-775.7931518554688,0.11149518936872482,-0.14975585043430328,-0.2677430808544159,0.945227861404419,1,286208,2378
1786071917,686862676,1,-194.59136962890625,113.34561920166016,-29.45067024230957,,,,,,,,,,286209,2378
1786071917,686862676,,,,,5,-1495.5086669921875,1021.8230590820312,-775.8082885742188,0.11079425364732742,-0.15074113011360168,-0.26642391085624695,0.9455263614654541,1,286209,2378
1786071917,695823074,1,-194.086181640625,112.92266845703125,-27.01934814453125,,,,,,,,,,286210,2378
1786071917,695823074,,,,,5,-1495.6273193359375,1021.8617553710938,-775.7460327148438,0.11169993877410889,-0.14960843324661255,-0.26862403750419617,0.9449769854545593,1,286210,2378
1786071917,704337661,1,-194.2263641357422,112.1265869140625,-24.8518123626709,,,,,,,,,,286211,2378
1786071917,704337661,,,,,5,-1495.62890625,1021.8848876953125,-775.7423095703125,0.11149997264146805,-0.14992685616016388,-0.26820120215415955,0.945070207118988,1,286211,2378
1786071917,711728069,1,-194.18365478515625,113.60468292236328,-22.88128662109375,,,,,,,,,,286212,2378
1786071917,711728069,,,,,5,-1495.5291748046875,1021.8248901367188,-775.8043823242188,0.11103686690330505,-0.1508515179157257,-0.26725849509239197,0.9452446103096008,1,286212,2378
1786071917,720726394,1,-193.97682189941406,113.34852600097656,-21.007713317871094,,,,,,,,,,286213,2378
1786071917,720726394,,,,,5,-1495.507080078125,1021.8116455078125,-775.7911987304688,0.11139433830976486,-0.15068717300891876,-0.2674314081668854,0.9451799988746643,1,286213,2378
1786071917,728636548,1,-194.29031372070312,113.86579895019531,-19.528005599975586,,,,,,,,,,286214,2378
1786071917,728636548,,,,,5,-1495.5360107421875,1021.83447265625,-775.8226318359375,0.11108783632516861,-0.150416299700737,-0.26794829964637756,0.9451127648353577,1,286214,2378
1786071917,737716168,1,-193.89825439453125,113.23743438720703,-16.89827537536621,,,,,,,,,,286215,2378
1786071917,737716168,,,,,5,-1495.5257568359375,1021.8350830078125,-775.8333129882812,0.11119724810123444,-0.1504211574792862,-0.2675784230232239,0.945203959941864,1,286215,2378
1786071917,745605838,1,-193.2272186279297,112.07261657714844,-13.743269920349121,,,,,,,,,,286216,2378
1786071917,745605838,,,,,5,-1495.6004638671875,1021.8533325195312,-775.8195190429688,0.11169048398733139,-0.1492079198360443,-0.26842164993286133,0.9450989961624146,1,286216,2378
1786071917,753588229,1,-193.4250030517578,111.0980453491211,-11.025750160217285,,,,,,,,,,286217,2378
1786071917,753588229,,,,,5,-1495.60546875,1021.8660278320312,-775.8368530273438,0.11182165890932083,-0.14950990676879883,-0.26849564909935,0.9450148344039917,1,286217,2378
1786071917,762612287,1,-194.08203125,110.49626922607422,-10.483439445495605,,,,,,,,,,286218,2378
1786071917,762612287,,,,,5,-1495.6268310546875,1021.8746337890625,-775.8048706054688,0.11199513077735901,-0.1495068222284317,-0.26876622438430786,0.9449178576469421,1,286218,2378
1786071917,770572338,1,-193.31387329101562,111.9603042602539,-7.549589157104492,,,,,,,,,,286219,2378
1786071917,770572338,,,,,5,-1495.6336669921875,1021.8549194335938,-775.7678833007812,0.11202497780323029,-0.1495583951473236,-0.268751323223114,0.9449102282524109,1,286219,2378
1786071917,778483260,1,-192.91476440429688,112.02066802978516,-5.559709548950195,,,,,,,,,,286220,2378
1786071917,778483260,,,,,5,-1495.6239013671875,1021.8646850585938,-775.8338012695312,0.11152265965938568,-0.14950528740882874,-0.2681795060634613,0.9451404809951782,1,286220,2378
1786071917,787637646,1,-192.87432861328125,111.80644989013672,-3.3935163021087646,,,,,,,,,,286221,2378
1786071917,787637646,,,,,5,-1495.6024169921875,1021.8513793945312,-775.7914428710938,0.11162277311086655,-0.14941199123859406,-0.2685728967189789,0.9450318217277527,1,286221,2378
1786071917,795472297,1,-192.4934539794922,112.33045959472656,-1.52774977684021,,,,,,,,,,286222,2378
1786071917,795472297,,,,,5,-1495.538818359375,1021.8095703125,-775.8349609375,0.11122144758701324,-0.15031129121780396,-0.26719000935554504,0.9453284740447998,1,286222,2378
1786071917,803478437,1,-193.16436767578125,111.64065551757812,1.1639041900634766,,,,,,,,,,286223,2378
1786071917,803478437,,,,,5,-1495.5262451171875,1021.8079223632812,-775.8676147460938,0.1111312136054039,-0.15030360221862793,-0.26732611656188965,0.9453018307685852,1,286223,2378
1786071917,812444916,1,-192.98484802246094,111.51947784423828,3.082468032836914,,,,,,,,,,286224,2378
1786071917,812444916,,,,,5,-1495.6385498046875,1021.9005126953125,-775.779541015625,0.11139784008264542,-0.1495368629693985,-0.26802340149879456,0.9451944828033447,1,286224,2378
1786071917,820474164,1,-193.1919708251953,111.47187805175781,4.229607582092285,,,,,,,,,,286225,2378
1786071917,820474164,,,,,5,-1495.5235595703125,1021.8106689453125,-775.8399658203125,0.11102137714624405,-0.15034542977809906,-0.2675594687461853,0.9452419281005859,1,286225,2378
1786071917,828339605,1,-192.4285125732422,111.96128845214844,7.240073204040527,,,,,,,,,,286226,2378
1786071917,828339605,,,,,5,-1495.5064697265625,1021.8096923828125,-775.853515625,0.1111464574933052,-0.1502506285905838,-0.2675943076610565,0.9452325701713562,1,286226,2378
1786071917,837362703,1,-192.43910217285156,111.55792236328125,9.3591947555542,,,,,,,,,,286227,2378
1786071917,837362703,,,,,5,-1495.516845703125,1021.8075561523438,-775.844970703125,0.11137153953313828,-0.15016618371009827,-0.26772284507751465,0.9451830983161926,1,286227,2378
1786071917,845303902,1,-191.99795532226562,112.26856994628906,11.459636688232422,,,,,,,,,,286228,2378
1786071917,845303902,,,,,5,-1495.5330810546875,1021.8030395507812,-775.8690185546875,0.11112105846405029,-0.15018372237682343,-0.26743844151496887,0.9452902674674988,1,286228,2378
1786071917,854345340,1,-192.17823791503906,112.10784149169922,13.726862907409668,,,,,,,,,,286229,2378
1786071917,854345340,,,,,5,-1495.519287109375,1021.8004150390625,-775.8639526367188,0.11147032678127289,-0.1501964032649994,-0.268165647983551,0.9450410008430481,1,286229,2378
1786071917,862330739,1,-196.974853515625,104.90831756591797,18.10428810119629,,,,,,,,,,286230,2378
1786071917,862330739,,,,,5,-1495.503173828125,1021.81298828125,-775.8598022460938,0.11114981025457382,-0.15031686425209045,-0.26730188727378845,0.9453043937683105,1,286230,2378
1786071917,870305769,1,-195.98423767089844,106.37992095947266,20.29767417907715,,,,,,,,,,286231,2378
1786071917,870305769,,,,,5,-1495.5208740234375,1021.8199462890625,-775.8639526367188,0.11116265505552292,-0.1503128856420517,-0.26715776324272156,0.9453441500663757,1,286231,2378
1786071917,879366154,1,-191.81016540527344,112.00896453857422,19.74849510192871,,,,,,,,,,286232,2378
1786071917,879366154,,,,,5,-1495.4935302734375,1021.8010864257812,-775.844970703125,0.11113914102315903,-0.15017469227313995,-0.26749107241630554,0.9452745914459229,1,286232,2378
1786071917,887443571,1,-191.63751220703125,110.32867431640625,20.910659790039062,,,,,,,,,,286233,2378
1786071917,887443571,,,,,5,-1495.6439208984375,1021.8943481445312,-775.77587890625,0.1115562692284584,-0.14955013990402222,-0.2676376700401306,0.9452829957008362,1,286233,2378
1786071917,895191038,1,-193.7265625,110.3124771118164,24.239765167236328,,,,,,,,,,286234,2378
1786071917,895191038,,,,,5,-1495.4979248046875,1021.8046875,-775.8627319335938,0.11130079627037048,-0.1501377522945404,-0.2676524221897125,0.9452158212661743,1,286234,2378
1786071917,904200277,1,-194.1167449951172,107.92796325683594,26.500410079956055,,,,,,,,,,286235,2378
1786071917,904200277,,,,,5,-1495.4862060546875,1021.7835083007812,-775.881103515625,0.11154432594776154,-0.1500769555568695,-0.2680490016937256,0.9450843930244446,1,286235,2378
1786071917,912132195,1,-192.90003967285156,109.49071502685547,27.14974021911621,,,,,,,,,,286236,2378
1786071917,912132195,,,,,5,-1495.5343017578125,1021.7996215820312,-775.8499145507812,0.11126729100942612,-0.15027789771556854,-0.26741740107536316,0.9452641010284424,1,286236,2378
1786071917,920132605,1,-192.75045776367188,110.52825927734375,30.58395767211914,,,,,,,,,,286237,2378
1786071917,920132605,,,,,5,-1495.6424560546875,1021.8522338867188,-775.7884521484375,0.11181692034006119,-0.1494063287973404,-0.2689620554447174,0.9448990225791931,1,286237,2378
1786071917,929071463,1,-193.58021545410156,109.98713684082031,32.721778869628906,,,,,,,,,,286238,2378
1786071917,929071463,,,,,5,-1495.6231689453125,1021.8527221679688,-775.7929077148438,0.1119813546538353,-0.14951111376285553,-0.2689546048641205,0.9448651075363159,1,286238,2378
1786071917,937009590,1,-193.94532775878906,107.76134490966797,34.4017448425293,,,,,,,,,,286239,2378
1786071917,937009590,,,,,5,-1495.6512451171875,1021.8771362304688,-775.8031616210938,0.111649289727211,-0.14948168396949768,-0.2691861093044281,0.9448432326316833,1,286239,2378
1786071917,946032528,1,-194.021240234375,108.085693359375,36.58357238769531,,,,,,,,,,286240,2378
1786071917,946032528,,,,,5,-1495.663818359375,1021.86279296875,-775.8126831054688,0.11166661977767944,-0.14941366016864777,-0.26848459243774414,0.9450514912605286,1,286240,2378
1786071917,954116698,1,-193.8646697998047,109.13941955566406,38.429290771484375,,,,,,,,,,286241,2378
1786071917,954116698,,,,,5,-1495.604736328125,1021.8591918945312,-775.8150634765625,0.11200224608182907,-0.14930514991283417,-0.26891499757766724,0.94490647315979,1,286241,2378
1786071917,961996030,1,-193.341796875,109.57706451416016,40.40201187133789,,,,,,,,,,286242,2378
1786071917,961996030,,,,,5,-1495.630859375,1021.8567504882812,-775.8102416992188,0.11181098222732544,-0.1495072841644287,-0.26858511567115784,0.9449909925460815,1,286242,2378
1786071917,971014263,1,-193.921142578125,108.87114715576172,42.387908935546875,,,,,,,,,,286243,2378
1786071917,971014263,,,,,5,-1495.4996337890625,1021.8115234375,-775.8419799804688,0.11123347282409668,-0.15023265779018402,-0.26761847734451294,0.9452182054519653,1,286243,2378
1786071917,978921312,1,-189.70266723632812,113.27381896972656,45.427066802978516,,,,,,,,,,286244,2378
1786071917,978921312,,,,,5,-1495.506103515625,1021.8056640625,-775.8444213867188,0.11117096245288849,-0.1501326858997345,-0.26814699172973633,0.945091724395752,1,286244,2378
1786071917,987445916,1,-190.19052124023438,111.1785888671875,46.56526565551758,,,,,,,,,,286245,2378
1786071917,987445916,,,,,5,-1495.640869140625,1021.84814453125,-775.8136596679688,0.1120380386710167,-0.14943350851535797,-0.2690933346748352,0.944831132888794,1,286245,2378
1786071917,995912334,1,-190.2604522705078,111.9110107421875,48.796470642089844,,,,,,,,,,286246,2378
1786071917,995912334,,,,,5,-1495.5279541015625,1021.7903442382812,-775.8280029296875,0.11174715310335159,-0.15034544467926025,-0.2685713768005371,0.9448694586753845,1,286246,2378
1786071918,3406153,1,-190.0738525390625,111.83668518066406,50.96491241455078,,,,,,,,,,286247,2378
1786071918,3406153,,,,,5,-1495.6065673828125,1021.86181640625,-775.8034057617188,0.11173102259635925,-0.14941555261611938,-0.2683355212211609,0.9450858235359192,1,286247,2378
1786071918,11863641,1,-189.9324493408203,111.74197387695312,53.466285705566406,,,,,,,,,,286248,2378
1786071918,11863641,,,,,5,-1495.590087890625,1021.8446655273438,-775.8077392578125,0.11191381514072418,-0.14935454726219177,-0.2690342664718628,0.9448751211166382,1,286248,2378
1786071918,20894997,1,-189.9966583251953,110.9870834350586,55.20796203613281,,,,,,,,,,286249,2378
1786071918,20894997,,,,,5,-1495.48828125,1021.7997436523438,-775.8679809570312,0.11143586039543152,-0.15011127293109894,-0.26817819476127625,0.9450551271438599,1,286249,2378
1786071918,28843397,1,-190.1935577392578,111.1432876586914,56.971534729003906,,,,,,,,,,286250,2378
1786071918,28843397,,,,,5,-1495.6136474609375,1021.8292236328125,-775.810791015625,0.11190366744995117,-0.14930184185504913,-0.2693321108818054,0.9448000192642212,1,286250,2378
1786071918,36782996,1,-190.1314239501953,109.85523223876953,59.186058044433594,,,,,,,,,,286251,2378
1786071918,36782996,,,,,5,-1495.5057373046875,1021.8176879882812,-775.8028564453125,0.11122831702232361,-0.1504073590040207,-0.2680731415748596,0.9450622797012329,1,286251,2378
1786071918,45768903,1,-191.11024475097656,109.43494415283203,62.044612884521484,,,,,,,,,,286252,2378
1786071918,45768903,,,,,5,-1495.62646484375,1021.8499145507812,-775.8273315429688,0.11188151687383652,-0.14941684901714325,-0.2686336040496826,0.9449831247329712,1,286252,2378
1786071918,53743325,1,-192.6043243408203,108.69160461425781,64.11425018310547,,,,,,,,,,286253,2378
1786071918,53743325,,,,,5,-1495.638916015625,1021.8673095703125,-775.810546875,0.11183527857065201,-0.14936792850494385,-0.2684846520423889,0.9450386762619019,1,286253,2378
1786071918,62735889,1,-190.679931640625,109.49410247802734,66.01652526855469,,,,,,,,,,286254,2378
1786071918,62735889,,,,,5,-1495.6060791015625,1021.8722534179688,-775.8369750976562,0.11188185960054398,-0.14917218685150146,-0.2691325843334198,0.9448797702789307,1,286254,2378
1786071918,70763537,1,-190.42160034179688,109.74420928955078,68.08998107910156,,,,,,,,,,286255,2378
1786071918,70763537,,,,,5,-1495.4986572265625,1021.7816772460938,-775.84912109375,0.11146345734596252,-0.15030106902122498,-0.2683696448802948,0.9449673891067505,1,286255,2378
1786071918,78643412,1,-189.9579620361328,110.78289794921875,69.68067169189453,,,,,,,,,,286256,2378
1786071918,78643412,,,,,5,-1495.6412353515625,1021.8805541992188,-775.855712890625,0.11133815348148346,-0.1493702381849289,-0.2677175998687744,0.9453146457672119,1,286256,2378
1786071918,87735963,1,-190.5351104736328,110.12620544433594,72.64820098876953,,,,,,,,,,286257,2378
1786071918,87735963,,,,,5,-1495.5006103515625,1021.7932739257812,-775.8394165039062,0.1112971231341362,-0.1502661556005478,-0.2680056393146515,0.9450957179069519,1,286257,2378
1786071918,95886386,1,-190.36041259765625,109.9762954711914,74.35089874267578,,,,,,,,,,286258,2378
1786071918,95886386,,,,,5,-1495.5233154296875,1021.8092041015625,-775.8377075195312,0.1112346276640892,-0.15013113617897034,-0.26780185103416443,0.9451823234558105,1,286258,2378
1786071918,103553262,1,-190.05062866210938,110.11261749267578,76.15792083740234,,,,,,,,,,286259,2378
1786071918,103553262,,,,,5,-1495.6292724609375,1021.8801879882812,-775.8004150390625,0.11181167513132095,-0.149576798081398,-0.2683596909046173,0.9450439214706421,1,286259,2378
1786071918,112715042,1,-189.36328125,110.92218017578125,77.7256851196289,,,,,,,,,,286260,2378
1786071918,112715042,,,,,5,-1495.633544921875,1021.8870239257812,-775.7743530273438,0.11187997460365295,-0.14956669509410858,-0.2693023085594177,0.9447693228721619,1,286260,2378
1786071918,120479984,1,-189.5332794189453,111.2100601196289,79.87101745605469,,,,,,,,,,286261,2378
1786071918,120479984,,,,,5,-1495.6146240234375,1021.8577270507812,-775.8125,0.1114947721362114,-0.14936302602291107,-0.26820769906044006,0.9451583027839661,1,286261,2378
1786071918,128526291,1,-189.60487365722656,111.09051513671875,81.76407623291016,,,,,,,,,,286262,2378
1786071918,128526291,,,,,5,-1495.4814453125,1021.7833862304688,-775.8724365234375,0.11140069365501404,-0.15010593831539154,-0.2682349383831024,0.9450439810752869,1,286262,2378
1786071918,137479968,1,-189.74786376953125,110.6844253540039,84.42244720458984,,,,,,,,,,286263,2378
1786071918,137479968,,,,,5,-1495.6417236328125,1021.8663940429688,-775.7985229492188,0.11152593791484833,-0.1492835432291031,-0.2687106728553772,0.9450243711471558,1,286263,2378
1786071918,145428432,1,-189.6726837158203,111.42786407470703,85.98526763916016,,,,,,,,,,286264,2378
1786071918,145428432,,,,,5,-1495.5234375,1021.8241577148438,-775.8284912109375,0.1112172082066536,-0.15031656622886658,-0.2682040333747864,0.9450409412384033,1,286264,2378
1786071918,153437036,1,-189.96762084960938,111.24626922607422,88.13382720947266,,,,,,,,,,286265,2378
1786071918,153437036,,,,,5,-1495.6533203125,1021.86083984375,-775.8056030273438,0.11187698692083359,-0.14961190521717072,-0.2691509425640106,0.9448056817054749,1,286265,2378
1786071918,162460678,1,-189.95277404785156,111.4101333618164,90.42448425292969,,,,,,,,,,286266,2378
1786071918,162460678,,,,,5,-1495.49462890625,1021.8126831054688,-775.8368530273438,0.11098724603652954,-0.15050403773784637,-0.26776033639907837,0.9451638460159302,1,286266,2378
1786071918,170374865,1,-189.85118103027344,111.25931549072266,92.32998657226562,,,,,,,,,,286267,2378
1786071918,170374865,,,,,5,-1495.576416015625,1021.8180541992188,-775.7529296875,0.11141986399888992,-0.1499185562133789,-0.268300324678421,0.9450528621673584,1,286267,2378
1786071918,179352738,1,-189.75079345703125,111.39774322509766,94.58078002929688,,,,,,,,,,286268,2378
1786071918,179352738,,,,,5,-1495.432373046875,1021.7123413085938,-775.7732543945312,0.11083200573921204,-0.15102919936180115,-0.26749104261398315,0.9451745748519897,1,286268,2378
1786071918,187282255,1,-189.79782104492188,111.40235900878906,96.46632385253906,,,,,,,,,,286269,2378
1786071918,187282255,,,,,5,-1495.5716552734375,1021.8214721679688,-775.7345581054688,0.11161155998706818,-0.14995966851711273,-0.26855000853538513,0.9449528455734253,1,286269,2378
1786071918,195427013,1,-189.92559814453125,110.55709838867188,98.8938217163086,,,,,,,,,,286270,2378
1786071918,195427013,,,,,5,-1495.5687255859375,1021.8448486328125,-775.7680053710938,0.1111917495727539,-0.14992789924144745,-0.26750850677490234,0.9453027844429016,1,286270,2378
1786071918,204255450,1,-189.62750244140625,111.53614807128906,100.7132797241211,,,,,,,,,,286271,2378
1786071918,204255450,,,,,5,-1495.4437255859375,1021.7274780273438,-775.796875,0.11078739166259766,-0.1509924679994583,-0.2671632766723633,0.9452784061431885,1,286271,2378
1786071918,212249427,1,-189.80958557128906,110.7532958984375,103.00410461425781,,,,,,,,,,286272,2378
1786071918,212249427,,,,,5,-1495.565673828125,1021.7620239257812,-775.6127319335938,0.11093461513519287,-0.15086030960083008,-0.26736173033714294,0.9452261924743652,1,286272,2378
1786071918,220523745,1,-189.5066680908203,111.39909362792969,104.61357879638672,,,,,,,,,,286273,2378
1786071918,220523745,,,,,5,-1495.4183349609375,1021.6941528320312,-775.69580078125,0.11068832874298096,-0.15159621834754944,-0.26684412360191345,0.9452834725379944,1,286273,2378
1786071918,229168788,1,-189.06576538085938,111.72085571289062,106.59654998779297,,,,,,,,,,286274,2378
1786071918,229168788,,,,,5,-1495.5911865234375,1021.8487548828125,-775.7190551757812,0.1108514592051506,-0.15032459795475006,-0.26629820466041565,0.9456214308738708,1,286274,2378
1786071918,237611745,1,-189.04978942871094,111.67311096191406,108.4599380493164,,,,,,,,,,286275,2378
1786071918,237611745,,,,,5,-1495.43505859375,1021.7452392578125,-775.7631225585938,0.11074293404817581,-0.15091966092586517,-0.2668151557445526,0.9453935027122498,1,286275,2378
1786071918,245125025,1,-189.61265563964844,111.59336853027344,110.88995361328125,,,,,,,,,,286276,2378
1786071918,245125025,,,,,5,-1495.4237060546875,1021.7781372070312,-775.7554931640625,0.11044947803020477,-0.15111857652664185,-0.2659730017185211,0.9456334114074707,1,286276,2378
1786071918,254113172,1,-188.91722106933594,112.26614379882812,112.50208282470703,,,,,,,,,,286277,2378
1786071918,254113172,,,,,5,-1495.4986572265625,1021.8840942382812,-775.7377319335938,0.11084648966789246,-0.15141268074512482,-0.26887083053588867,0.9447199702262878,1,286277,2378
1786071918,262081480,1,-189.36764526367188,111.8356704711914,114.6651382446289,,,,,,,,,,286278,2378
1786071918,262081480,,,,,5,-1495.6666259765625,1022.0609741210938,-775.6779174804688,0.11231596767902374,-0.15045537054538727,-0.27186840772628784,0.9438410401344299,1,286278,2378
1786071918,270002612,1,-189.5431365966797,112.21000671386719,116.8344497680664,,,,,,,,,,286279,2378
1786071918,270002612,,,,,5,-1495.7576904296875,1022.1173706054688,-775.6713256835938,0.11308953911066055,-0.1493590921163559,-0.2730730473995209,0.9435750842094421,1,286279,2378
1786071918,279033871,1,-191.98541259765625,109.41154479980469,120.37810516357422,,,,,,,,,,286280,2378
1786071918,279033871,,,,,5,-1495.6326904296875,1021.9912109375,-775.6926879882812,0.11227386444807053,-0.1504136472940445,-0.27124375104904175,0.9440323710441589,1,286280,2378
1786071918,286996387,1,-189.42982482910156,112.49230194091797,120.7269058227539,,,,,,,,,,286281,2378
1786071918,286996387,,,,,5,-1495.7835693359375,1022.1153564453125,-775.662109375,0.11316327005624771,-0.14941957592964172,-0.27287325263023376,0.9436143636703491,1,286281,2378
1786071918,295967283,1,-189.4860382080078,112.4830093383789,122.67456817626953,,,,,,,,,,286282,2378
1786071918,295967283,,,,,5,-1495.7977294921875,1022.1000366210938,-775.6333618164062,0.11367616057395935,-0.14926958084106445,-0.27373796701431274,0.943325936794281,1,286282,2378
1786071918,303970798,1,-189.4309844970703,112.69119262695312,124.76092529296875,,,,,,,,,,286283,2378
1786071918,303970798,,,,,5,-1495.638671875,1022.03369140625,-775.6774291992188,0.11220414191484451,-0.15063118934631348,-0.27141302824020386,0.9439573287963867,1,286283,2378
1786071918,311870325,1,-189.42491149902344,113.01200103759766,126.90534210205078,,,,,,,,,,286284,2378
1786071918,311870325,,,,,5,-1495.6083984375,1022.0111694335938,-775.577880859375,0.11230267584323883,-0.15106073021888733,-0.2708873748779297,0.9440280199050903,1,286284,2378
1786071918,320893615,1,-190.23056030273438,111.97998809814453,129.1041717529297,,,,,,,,,,286285,2378
1786071918,320893615,,,,,5,-1495.781982421875,1022.1002807617188,-775.6159057617188,0.11286705732345581,-0.14985749125480652,-0.2728656530380249,0.9435826539993286,1,286285,2378
1786071918,328847553,1,-190.19802856445312,112.0030746459961,131.12637329101562,,,,,,,,,,286286,2378
1786071918,328847553,,,,,5,-1495.7689208984375,1022.0811767578125,-775.6259765625,0.1133960410952568,-0.14923985302448273,-0.27377763390541077,0.9433528780937195,1,286286,2378
1786071918,336853116,1,-190.68650817871094,111.38172149658203,132.34722900390625,,,,,,,,,,286287,2378
1786071918,336853116,,,,,5,-1495.80712890625,1022.1452026367188,-775.6354370117188,0.1131223812699318,-0.14954417943954468,-0.27289867401123047,0.9435921311378479,1,286287,2378
1786071918,346001102,1,-189.71871948242188,112.83597564697266,134.37411499023438,,,,,,,,,,286288,2378
1786071918,346001102,,,,,5,-1495.6563720703125,1022.0025634765625,-775.6936645507812,0.1124648004770279,-0.15040381252765656,-0.27186349034309387,0.9438329935073853,1,286288,2378
1786071918,353748249,1,-190.5030975341797,112.20342254638672,136.98915100097656,,,,,,,,,,286289,2378
1786071918,353748249,,,,,5,-1495.6092529296875,1021.9874877929688,-775.7052612304688,0.11229114234447479,-0.15040601789951324,-0.27169710397720337,0.9439012408256531,1,286289,2378
1786071918,362786069,1,-190.68161010742188,112.80181884765625,138.7114715576172,,,,,,,,,,286290,2378
1786071918,362786069,,,,,5,-1495.7532958984375,1022.0932006835938,-775.6655883789062,0.1132584884762764,-0.149509996175766,-0.27303922176361084,0.943540632724762,1,286290,2378
1786071918,370670042,1,-188.64019775390625,113.4066162109375,140.2656707763672,,,,,,,,,,286291,2378
1786071918,370670042,,,,,5,-1495.6297607421875,1022.0101928710938,-775.705322265625,0.11242546886205673,-0.15045709908008575,-0.27136051654815674,0.9439738392829895,1,286291,2378
1786071918,378683607,1,-190.834228515625,112.3525161743164,142.85226440429688,,,,,,,,,,286292,2378
1786071918,378683607,,,,,5,-1495.6761474609375,1022.0297241210938,-775.6819458007812,0.11236035078763962,-0.1505502611398697,-0.2715200185775757,0.9439208507537842,1,286292,2378
1786071918,387691214,1,-190.81625366210938,112.18327331542969,144.2774200439453,,,,,,,,,,286293,2378
1786071918,387691214,,,,,5,-1495.71240234375,1022.0211791992188,-775.7122192382812,0.1128980964422226,-0.14962983131408691,-0.2728973627090454,0.9436058402061462,1,286293,2378
1786071918,395615674,1,-190.5457305908203,112.7484130859375,145.8973388671875,,,,,,,,,,286294,2378
1786071918,395615674,,,,,5,-1495.6336669921875,1022.0040893554688,-775.68310546875,0.11265581846237183,-0.1503692865371704,-0.27136653661727905,0.9439588189125061,1,286294,2378
1786071918,403599473,1,-190.1516571044922,113.21605682373047,147.407958984375,,,,,,,,,,286295,2378
1786071918,403599473,,,,,5,-1495.71630859375,1022.0515747070312,-775.6171264648438,0.11321936547756195,-0.14989572763442993,-0.27246296405792236,0.9436507821083069,1,286295,2378
1786071918,412621003,1,-190.299560546875,113.07140350341797,149.16197204589844,,,,,,,,,,286296,2378
1786071918,412621003,,,,,5,-1495.6492919921875,1022.0380859375,-775.6380615234375,0.11282801628112793,-0.15040893852710724,-0.271881639957428,0.9437835216522217,1,286296,2378
1786071918,420525043,1,-190.29312133789062,112.7654037475586,150.9984893798828,,,,,,,,,,286297,2378
1786071918,420525043,,,,,5,-1495.6434326171875,1022.0570678710938,-775.6283569335938,0.11213910579681396,-0.15078917145729065,-0.26991015672683716,0.9443708062171936,1,286297,2378
1786071918,428631073,1,-189.82354736328125,112.98544311523438,153.03395080566406,,,,,,,,,,286298,2378
1786071918,428631073,,,,,5,-1495.628173828125,1022.0263671875,-775.6964111328125,0.11219876259565353,-0.15072943270206451,-0.2701919674873352,0.944292426109314,1,286298,2378
1786071918,437555209,1,-189.6942138671875,113.08383178710938,155.0755157470703,,,,,,,,,,286299,2378
1786071918,437555209,,,,,5,-1495.6546630859375,1022.02197265625,-775.7054443359375,0.1122358962893486,-0.15067213773727417,-0.2699567973613739,0.9443645477294922,1,286299,2378
1786071918,445431276,1,-190.05995178222656,112.48062133789062,156.54705810546875,,,,,,,,,,286300,2378
1786071918,445431276,,,,,5,-1495.6558837890625,1022.0343627929688,-775.6686401367188,0.11241737753152847,-0.15052247047424316,-0.2709471583366394,0.9440830945968628,1,286300,2378
1786071918,453470797,1,-189.84365844726562,113.20314025878906,158.52639770507812,,,,,,,,,,286301,2379
1786071918,453470797,,,,,5,-1495.7774658203125,1022.1176147460938,-775.6553344726562,0.11311239004135132,-0.14961543679237366,-0.27182820439338684,0.9438909888267517,1,286301,2379
1786071918,462467522,1,-190.04737854003906,113.2944564819336,160.46841430664062,,,,,,,,,,286302,2379
1786071918,462467522,,,,,5,-1495.6405029296875,1022.0626831054688,-775.7037353515625,0.11202572286128998,-0.15045085549354553,-0.2701880633831024,0.9443586468696594,1,286302,2379
1786071918,470595733,1,-189.09481811523438,113.52371215820312,161.88331604003906,,,,,,,,,,286303,2379
1786071918,470595733,,,,,5,-1495.803466796875,1022.1456298828125,-775.64013671875,0.11326422542333603,-0.14955291152000427,-0.2722301781177521,0.9437668919563293,1,286303,2379
1786071918,478451188,1,-189.89393615722656,112.78995513916016,164.17611694335938,,,,,,,,,,286304,2379
1786071918,478451188,,,,,5,-1495.6229248046875,1022.046875,-775.6459350585938,0.11210852116346359,-0.15111060440540314,-0.2693827450275421,0.9444735050201416,1,286304,2379
1786071918,487412450,1,-190.10516357421875,113.16195678710938,166.52867126464844,,,,,,,,,,286305,2379
1786071918,487412450,,,,,5,-1495.6561279296875,1022.0625,-775.6865844726562,0.11226428300142288,-0.15057505667209625,-0.26956498622894287,0.9444886445999146,1,286305,2379
1786071918,495346576,1,-189.79501342773438,113.32064819335938,168.18792724609375,,,,,,,,,,286306,2379
1786071918,495346576,,,,,5,-1495.7747802734375,1022.1244506835938,-775.601806640625,0.11317823082208633,-0.1499386429786682,-0.27122271060943604,0.9440061450004578,1,286306,2379
1786071918,504321793,1,-189.86619567871094,113.2477798461914,170.08981323242188,,,,,,,,,,286307,2379
1786071918,504321793,,,,,5,-1495.8155517578125,1022.1555786132812,-775.6566162109375,0.11301591247320175,-0.14970001578330994,-0.270881712436676,0.9441612958908081,1,286307,2379
1786071918,512305048,1,-189.68380737304688,113.09746551513672,172.04344177246094,,,,,,,,,,286308,2379
1786071918,512305048,,,,,5,-1495.7823486328125,1022.1537475585938,-775.6317749023438,0.11339728534221649,-0.14967304468154907,-0.2717664837837219,0.9438654780387878,1,286308,2379
1786071918,520360605,1,-191.95046997070312,110.70918273925781,175.34756469726562,,,,,,,,,,286309,2379
1786071918,520360605,,,,,5,-1495.778564453125,1022.1527709960938,-775.61962890625,0.11255590617656708,-0.14995424449443817,-0.2707418203353882,0.9442160725593567,1,286309,2379
1786071918,529206006,1,-189.57174682617188,112.39611053466797,176.0760040283203,,,,,,,,,,286310,2379
1786071918,529206006,,,,,5,-1495.7713623046875,1022.1405639648438,-775.6564331054688,0.11325330287218094,-0.1494181901216507,-0.27174046635627747,0.9439306855201721,1,286310,2379
1786071918,536727447,1,-188.73622131347656,112.46952056884766,177.7664337158203,,,,,,,,,,286311,2379
1786071918,536727447,,,,,5,-1495.7958984375,1022.146484375,-775.6265869140625,0.11326972395181656,-0.14968053996562958,-0.27155017852783203,0.9439418315887451,1,286311,2379
1786071918,545145695,1,-188.633056640625,113.3656005859375,179.32752990722656,,,,,,,,,,286312,2379
1786071918,545145695,,,,,5,-1495.7412109375,1022.1451416015625,-775.6205444335938,0.11292040348052979,-0.1502658724784851,-0.27041974663734436,0.9442151784896851,1,286312,2379
1786071918,554391555,1,-188.82530212402344,112.1270980834961,181.08692932128906,,,,,,,,,,286313,2379
1786071918,554391555,,,,,5,-1495.7393798828125,1022.1127319335938,-775.6371459960938,0.11288540065288544,-0.1502290964126587,-0.2707502841949463,0.944130539894104,1,286313,2379
1786071918,562121451,1,-189.3138427734375,113.26995086669922,182.71554565429688,,,,,,,,,,286314,2379
1786071918,562121451,,,,,5,-1495.7657470703125,1022.1554565429688,-775.6788940429688,0.11301999539136887,-0.14973033964633942,-0.27019003033638,0.9443541169166565,1,286314,2379
1786071918,570114115,1,-189.1940155029297,112.25788879394531,184.31443786621094,,,,,,,,,,286315,2379
1786071918,570114115,,,,,5,-1495.7835693359375,1022.1710205078125,-775.6639404296875,0.1130249947309494,-0.14965510368347168,-0.27085980772972107,0.9441735744476318,1,286315,2379
1786071918,579086708,1,-190.80392456054688,112.64207458496094,186.6456298828125,,,,,,,,,,286316,2379
1786071918,579086708,,,,,5,-1495.8099365234375,1022.1466064453125,-775.6427001953125,0.1130223199725151,-0.1498313993215561,-0.27123522758483887,0.9440381526947021,1,286316,2379
1786071918,587027299,1,-189.09617614746094,111.09346008300781,188.7069854736328,,,,,,,,,,286317,2379
1786071918,587027299,,,,,5,-1495.5970458984375,1022.0379028320312,-775.6473388671875,0.11192850768566132,-0.15102292597293854,-0.26928824186325073,0.9445358514785767,1,286317,2379
1786071918,596013494,1,-189.7260284423828,111.35183715820312,190.8053436279297,,,,,,,,,,286318,2379
1786071918,596013494,,,,,5,-1495.7425537109375,1022.1046142578125,-775.6170043945312,0.11316891014575958,-0.1501964032649994,-0.2709897756576538,0.9440330862998962,1,286318,2379
1786071918,604120389,1,-189.90589904785156,112.70178985595703,191.83145141601562,,,,,,,,,,286319,2379
1786071918,604120389,,,,,5,-1495.7568359375,1022.12548828125,-775.6024780273438,0.11305242031812668,-0.15026332437992096,-0.27157455682754517,0.9438682794570923,1,286319,2379
1786071918,612210896,1,-189.2301483154297,112.57402038574219,193.8435821533203,,,,,,,,,,286320,2379
1786071918,612210896,,,,,5,-1495.692138671875,1022.1071166992188,-775.6154174804688,0.112434983253479,-0.1505342274904251,-0.27006539702415466,0.9443318843841553,1,286320,2379
1786071918,620917678,1,-189.63238525390625,111.83065795898438,196.1281280517578,,,,,,,,,,286321,2379
1786071918,620917678,,,,,5,-1495.6025390625,1021.9577026367188,-775.701416015625,0.11247383803129196,-0.15103906393051147,-0.2704191207885742,0.9441453218460083,1,286321,2379
1786071918,628961041,1,-189.67417907714844,112.38672637939453,198.19482421875,,,,,,,,,,286322,2379
1786071918,628961041,,,,,5,-1495.745361328125,1022.1190795898438,-775.6226806640625,0.11288964003324509,-0.15018998086452484,-0.27076488733291626,0.9441320896148682,1,286322,2379
1786071918,636894463,1,-191.0897674560547,112.59020233154297,200.07733154296875,,,,,,,,,,286323,2379
1786071918,636894463,,,,,5,-1495.76513671875,1022.1339721679688,-775.624755859375,0.11291200667619705,-0.15033839643001556,-0.2703598439693451,0.9442217946052551,1,286323,2379
1786071918,645866095,1,-189.6113739013672,113.32592010498047,202.10174560546875,,,,,,,,,,286324,2379
1786071918,645866095,,,,,5,-1495.584716796875,1022.029296875,-775.6537475585938,0.11204690486192703,-0.15120862424373627,-0.2692752182483673,0.9444958567619324,1,286324,2379
1786071918,653901648,1,-191.64859008789062,111.89240264892578,204.49755859375,,,,,,,,,,286325,2379
1786071918,653901648,,,,,5,-1495.8209228515625,1022.1140747070312,-775.61865234375,0.11307069659233093,-0.14944064617156982,-0.2720183730125427,0.9438689351081848,1,286325,2379
1786071918,661900042,1,-191.42727661132812,113.26411437988281,205.7472686767578,,,,,,,,,,286326,2379
1786071918,661900042,,,,,5,-1495.864501953125,1022.1942749023438,-775.6091918945312,0.1131136417388916,-0.14914780855178833,-0.27201464772224426,0.9439111948013306,1,286326,2379
1786071918,670822769,1,-191.44534301757812,112.03947448730469,207.61424255371094,,,,,,,,,,286327,2379
1786071918,670822769,,,,,5,-1495.6875,1022.0380249023438,-775.6961059570312,0.1122555136680603,-0.15037570893764496,-0.2705916464328766,0.9442276954650879,1,286327,2379
1786071918,678757919,1,-191.21681213378906,112.6843032836914,209.6934356689453,,,,,,,,,,286328,2379
1786071918,678757919,,,,,5,-1495.8184814453125,1022.1261596679688,-775.631103515625,0.11359421908855438,-0.14936062693595886,-0.2734241485595703,0.9434123039245605,1,286328,2379
1786071918,686710801,1,-191.4369659423828,112.59033203125,211.30226135253906,,,,,,,,,,286329,2379
1786071918,686710801,,,,,5,-1495.8291015625,1022.11279296875,-775.6857299804688,0.11313219368457794,-0.14915071427822113,-0.272175133228302,0.94386225938797,1,286329,2379
1786071918,695687554,1,-191.6110076904297,113.04474639892578,213.27182006835938,,,,,,,,,,286330,2379
1786071918,695687554,,,,,5,-1495.8529052734375,1022.12548828125,-775.6990966796875,0.11286036670207977,-0.1491924226284027,-0.27189674973487854,0.9439684748649597,1,286330,2379
1786071918,703741510,1,-192.1372833251953,112.82609558105469,215.2095184326172,,,,,,,,,,286331,2379
1786071918,703741510,,,,,5,-1495.8519287109375,1022.0422973632812,-775.7318725585938,0.11248698085546494,-0.14932909607887268,-0.2717294692993164,0.944039523601532,1,286331,2379
1786071918,712870388,1,-191.9899444580078,113.10042572021484,216.7332763671875,,,,,,,,,,286332,2379
1786071918,712870388,,,,,5,-1495.6942138671875,1021.9832153320312,-775.810546875,0.11098285764455795,-0.15040910243988037,-0.26836034655570984,0.9450093507766724,1,286332,2379
1786071918,720713873,1,-192.3780975341797,112.81437683105469,218.59014892578125,,,,,,,,,,286333,2379
1786071918,720713873,,,,,5,-1495.808349609375,1022.0241088867188,-775.7799682617188,0.11137392371892929,-0.14981746673583984,-0.2696973979473114,0.9446765780448914,1,286333,2379
1786071918,728592885,1,-192.2576904296875,113.34932708740234,219.4524688720703,,,,,,,,,,286334,2379
1786071918,728592885,,,,,5,-1495.870849609375,1022.0699462890625,-775.6564331054688,0.11340412497520447,-0.14904943108558655,-0.273359477519989,0.9435032606124878,1,286334,2379
1786071918,737541569,1,-192.56784057617188,113.71820831298828,221.12767028808594,,,,,,,,,,286335,2379
1786071918,737541569,,,,,5,-1495.8875732421875,1022.1154174804688,-775.5768432617188,0.11397396773099899,-0.1486431211233139,-0.27491047978401184,0.9430478811264038,1,286335,2379
1786071918,745538715,1,-192.32176208496094,113.65938568115234,223.26632690429688,,,,,,,,,,286336,2379
1786071918,745538715,,,,,5,-1495.989501953125,1022.240234375,-775.5025024414062,0.11485929787158966,-0.14814910292625427,-0.2752496898174286,0.9429193139076233,1,286336,2379
1786071918,753520337,1,-192.5975341796875,113.85150146484375,223.8929443359375,,,,,,,,,,286337,2379
1786071918,753520337,,,,,5,-1495.7894287109375,1021.98974609375,-775.5614624023438,0.11387808620929718,-0.1484188735485077,-0.2720763385295868,0.943916380405426,1,286337,2379
1786071918,762730030,1,-193.30650329589844,113.43486022949219,225.45018005371094,,,,,,,,,,286338,2379
1786071918,762730030,,,,,5,-1495.81884765625,1022.0528564453125,-775.5302124023438,0.1144857332110405,-0.14895299077033997,-0.27166876196861267,0.9438761472702026,1,286338,2379
1786071918,770528931,1,-193.20883178710938,113.14051818847656,226.83204650878906,,,,,,,,,,286339,2379
1786071918,770528931,,,,,5,-1495.9833984375,1022.1492309570312,-775.5408325195312,0.11476322263479233,-0.14764513075351715,-0.2740935683250427,0.9433466792106628,1,286339,2379
1786071918,778474131,1,-192.9657745361328,113.28272247314453,228.32640075683594,,,,,,,,,,286340,2379
1786071918,778474131,,,,,5,-1495.9422607421875,1022.0062866210938,-775.62890625,0.11376045644283295,-0.14792025089263916,-0.271902859210968,0.9440587162971497,1,286340,2379
1786071918,787381527,1,-193.58938598632812,113.51480102539062,229.0219268798828,,,,,,,,,,286341,2379
1786071918,787381527,,,,,5,-1495.7646484375,1021.8765869140625,-775.6649780273438,0.11241655051708221,-0.1493697315454483,-0.26930341124534607,0.9447364211082458,1,286341,2379
1786071918,795415832,1,-193.7139892578125,113.35005187988281,230.2647247314453,,,,,,,,,,286342,2379
1786071918,795415832,,,,,5,-1495.68408203125,1021.8236694335938,-775.7079467773438,0.11218457669019699,-0.1490006446838379,-0.26934778690338135,0.9448095560073853,1,286342,2379
1786071918,804452276,1,-193.7177734375,113.08676147460938,231.4956817626953,,,,,,,,,,286343,2379
1786071918,804452276,,,,,5,-1495.8001708984375,1021.8458251953125,-775.7032470703125,0.11209727078676224,-0.14931230247020721,-0.2692508399486542,0.944798469543457,1,286343,2379
1786071918,812453903,1,-195.4945831298828,111.3739242553711,231.87103271484375,,,,,,,,,,286344,2379
1786071918,812453903,,,,,5,-1495.8548583984375,1021.9080200195312,-775.6380615234375,0.1120772510766983,-0.14914345741271973,-0.2700148820877075,0.9446093440055847,1,286344,2379
1786071918,820319280,1,-195.31394958496094,111.61023712158203,232.928466796875,,,,,,,,,,286345,2379
1786071918,820319280,,,,,5,-1495.8765869140625,1021.9052734375,-775.6488647460938,0.11172443628311157,-0.14936895668506622,-0.2698054611682892,0.9446753263473511,1,286345,2379
1786071918,829350540,1,-194.3509063720703,113.1510238647461,234.25355529785156,,,,,,,,,,286346,2379
1786071918,829350540,,,,,5,-1495.85009765625,1021.8966064453125,-775.6529541015625,0.11224205791950226,-0.1491195112466812,-0.2706405222415924,0.9444145560264587,1,286346,2379
1786071918,837493601,1,-195.0728759765625,112.42494201660156,234.99977111816406,,,,,,,,,,286347,2379
1786071918,837493601,,,,,5,-1495.84814453125,1021.919921875,-775.6287231445312,0.11188395321369171,-0.14929501712322235,-0.2698887884616852,0.9446443915367126,1,286347,2379
1786071918,845317402,1,-194.73133850097656,113.13971710205078,235.9749755859375,,,,,,,,,,286348,2379
1786071918,845317402,,,,,5,-1495.86767578125,1021.8746337890625,-775.6608276367188,0.11194617301225662,-0.14920301735401154,-0.2701719105243683,0.9445706009864807,1,286348,2379
1786071918,854157586,1,-194.7607879638672,113.4398422241211,236.9871368408203,,,,,,,,,,286349,2379
1786071918,854157586,,,,,5,-1495.8466796875,1021.9566650390625,-775.65966796875,0.11150836199522018,-0.14933238923549652,-0.26863405108451843,0.9450405240058899,1,286349,2379
1786071918,862141513,1,-196.5752716064453,111.99401092529297,236.75820922851562,,,,,,,,,,286350,2379
1786071918,862141513,,,,,5,-1495.9527587890625,1021.8638916015625,-775.5680541992188,0.11154628545045853,-0.14881351590156555,-0.27128511667251587,0.9443603157997131,1,286350,2379
1786071918,870151269,1,-196.92642211914062,111.2829360961914,237.21923828125,,,,,,,,,,286351,2379
1786071918,870151269,,,,,5,-1495.8211669921875,1021.7521362304688,-775.60888671875,0.11121145635843277,-0.15007397532463074,-0.2704872190952301,0.9444292187690735,1,286351,2379
1786071918,879083822,1,-194.71604919433594,114.52896881103516,239.03860473632812,,,,,,,,,,286352,2379
1786071918,879083822,,,,,5,-1496.0018310546875,1021.8593139648438,-775.5635986328125,0.11165619641542435,-0.14884069561958313,-0.2720356285572052,0.9441272020339966,1,286352,2379
1786071918,887271212,1,-195.70445251464844,113.33277893066406,238.8541259765625,,,,,,,,,,286353,2379
1786071918,887271212,,,,,5,-1495.8424072265625,1021.7705078125,-775.6419677734375,0.11093433201313019,-0.14980171620845795,-0.27010637521743774,0.9446139335632324,1,286353,2379
1786071918,896078781,1,-196.8623809814453,111.9895248413086,238.81422424316406,,,,,,,,,,286354,2379
1786071918,896078781,,,,,5,-1495.946533203125,1021.9140625,-775.5485229492188,0.11122020334005356,-0.14908650517463684,-0.27067533135414124,0.9445306658744812,1,286354,2379
1786071918,904081176,1,-196.85923767089844,112.28008270263672,239.13021850585938,,,,,,,,,,286355,2379
1786071918,904081176,,,,,5,-1495.962890625,1021.8863525390625,-775.5492553710938,0.11142530292272568,-0.14912256598472595,-0.2707259953022003,0.9444862604141235,1,286355,2379
1786071918,912402446,1,-197.3170623779297,112.01134490966797,239.36581420898438,,,,,,,,,,286356,2379
1786071918,912402446,,,,,5,-1495.8043212890625,1021.7838745117188,-775.6261596679688,0.11097992211580276,-0.14990773797035217,-0.26975953578948975,0.9446909427642822,1,286356,2379
1786071918,921025405,1,-197.8802947998047,110.56513214111328,239.6709747314453,,,,,,,,,,286357,2379
1786071918,921025405,,,,,5,-1495.9605712890625,1021.8717651367188,-775.5043334960938,0.11190611869096756,-0.14873172342777252,-0.27095121145248413,0.9444265961647034,1,286357,2379
1786071918,929301035,1,-198.23240661621094,111.23162841796875,239.3850555419922,,,,,,,,,,286358,2379
1786071918,929301035,,,,,5,-1495.9185791015625,1021.9063720703125,-775.5392456054688,0.11151009052991867,-0.1493207812309265,-0.2693880796432495,0.9448274970054626,1,286358,2379
1786071918,937284130,1,-196.58428955078125,112.93746948242188,240.0982666015625,,,,,,,,,,286359,2379
1786071918,937284130,,,,,5,-1495.7847900390625,1021.7784423828125,-775.6154174804688,0.11101225018501282,-0.15020011365413666,-0.26845797896385193,0.9450113773345947,1,286359,2379
1786071918,946091764,1,-196.9911651611328,113.34191131591797,240.16624450683594,,,,,,,,,,286360,2379
1786071918,946091764,,,,,5,-1495.8148193359375,1021.8037109375,-775.617431640625,0.11138516664505005,-0.1499326527118683,-0.2689644992351532,0.9448659420013428,1,286360,2379
1786071918,953863012,1,-197.19483947753906,112.95968627929688,240.0215301513672,,,,,,,,,,286361,2379
1786071918,953863012,,,,,5,-1495.8271484375,1021.837890625,-775.6378173828125,0.1114065870642662,-0.15015235543251038,-0.2697235941886902,0.9446120858192444,1,286361,2379
1786071918,961999767,1,-194.46917724609375,113.01322174072266,239.05035400390625,,,,,,,,,,286362,2379
1786071918,961999767,,,,,5,-1495.665283203125,1021.8112182617188,-775.6708374023438,0.11094299703836441,-0.15069679915905,-0.2689500153064728,0.944800615310669,1,286362,2379
1786071918,970853106,1,-197.2506866455078,112.80453491210938,239.41384887695312,,,,,,,,,,286363,2379
1786071918,970853106,,,,,5,-1495.8026123046875,1021.8580322265625,-775.620361328125,0.11169714480638504,-0.14975866675376892,-0.2696360647678375,0.9446653127670288,1,286363,2379
1786071918,978815109,1,-199.26931762695312,110.79708099365234,238.80751037597656,,,,,,,,,,286364,2379
1786071918,978815109,,,,,5,-1495.8870849609375,1021.8561401367188,-775.5260009765625,0.1115238219499588,-0.14989808201789856,-0.2697826325893402,0.9446218013763428,1,286364,2379
1786071918,986854598,1,-199.31443786621094,111.3587646484375,238.1792755126953,,,,,,,,,,286365,2379
1786071918,986854598,,,,,5,-1495.8348388671875,1021.8953247070312,-775.525146484375,0.11169388890266418,-0.1495257318019867,-0.2704281806945801,0.9444761872291565,1,286365,2379
1786071918,995711393,1,-198.93821716308594,111.71769714355469,238.03094482421875,,,,,,,,,,286366,2379
1786071918,995711393,,,,,5,-1495.866455078125,1021.8837890625,-775.5421142578125,0.11154340952634811,-0.1498938798904419,-0.26985928416252136,0.9445983171463013,1,286366,2379
1786071919,3770823,1,-199.00343322753906,111.4775390625,237.88914489746094,,,,,,,,,,286367,2379
1786071919,3770823,,,,,5,-1495.8660888671875,1021.8728637695312,-775.5271606445312,0.11156456172466278,-0.14979621767997742,-0.2694087326526642,0.9447399377822876,1,286367,2379
1786071919,12714258,1,-197.46717834472656,113.13439178466797,237.68348693847656,,,,,,,,,,286368,2379
1786071919,12714258,,,,,5,-1495.6317138671875,1021.8405151367188,-775.6653442382812,0.11138331145048141,-0.1494508981704712,-0.26989275217056274,0.9446777701377869,1,286368,2379
1786071919,20700073,1,-197.89060974121094,112.87373352050781,237.10826110839844,,,,,,,,,,286369,2379
1786071919,20700073,,,,,5,-1495.771728515625,1021.7792358398438,-775.6427612304688,0.11174241453409195,-0.1497219204902649,-0.26893192529678345,0.9448664784431458,1,286369,2379
1786071919,28713414,1,-198.17921447753906,112.64989471435547,236.5144805908203,,,,,,,,,,286370,2379
1786071919,28713414,,,,,5,-1495.6441650390625,1021.7374877929688,-775.69970703125,0.11070709675550461,-0.15085160732269287,-0.2674444019794464,0.9452309012413025,1,286370,2379
1786071919,37671604,1,-200.33311462402344,111.18282318115234,235.232177734375,,,,,,,,,,286371,2379
1786071919,37671604,,,,,5,-1495.630615234375,1021.7219848632812,-775.7206420898438,0.11121755838394165,-0.15067952871322632,-0.2679140567779541,0.9450653195381165,1,286371,2379
1786071919,45680304,1,-198.34182739257812,113.35209655761719,235.55128479003906,,,,,,,,,,286372,2379
1786071919,45680304,,,,,5,-1495.61376953125,1021.7496337890625,-775.668701171875,0.11079175770282745,-0.15076257288455963,-0.26747560501098633,0.9452263116836548,1,286372,2379
1786071919,53644099,1,-200.28697204589844,111.53900909423828,234.22433471679688,,,,,,,,,,286373,2379
1786071919,53644099,,,,,5,-1495.6717529296875,1021.7470703125,-775.7047119140625,0.11077666282653809,-0.1506599634885788,-0.2677839398384094,0.9451571106910706,1,286373,2379
1786071919,62618708,1,-198.45977783203125,113.21307373046875,234.385498046875,,,,,,,,,,286374,2379
1786071919,62618708,,,,,5,-1495.7567138671875,1021.7725830078125,-775.6546020507812,0.1115550845861435,-0.14981745183467865,-0.2684532701969147,0.9450096487998962,1,286374,2379
1786071919,70070504,1,-198.6349639892578,112.91352844238281,233.63607788085938,,,,,,,,,,286375,2379
1786071919,70070504,,,,,5,-1495.7587890625,1021.7860717773438,-775.6563720703125,0.1115172728896141,-0.1497775912284851,-0.26847606897354126,0.9450138807296753,1,286375,2379
1786071919,78689942,1,-198.76536560058594,113.11557006835938,233.1252899169922,,,,,,,,,,286376,2379
1786071919,78689942,,,,,5,-1495.6385498046875,1021.7546997070312,-775.6730346679688,0.11072432994842529,-0.15087783336639404,-0.267348051071167,0.9452518224716187,1,286376,2379
1786071919,87410199,1,-198.66326904296875,113.32533264160156,232.37721252441406,,,,,,,,,,286377,2379
1786071919,87410199,,,,,5,-1495.73828125,1021.7863159179688,-775.6803588867188,0.1115037351846695,-0.14981462061405182,-0.26859650015830994,0.9449753761291504,1,286377,2379
1786071919,95640797,1,-200.8298797607422,111.67623138427734,230.92591857910156,,,,,,,,,,286378,2379
1786071919,95640797,,,,,5,-1495.732421875,1021.7833862304688,-775.6552124023438,0.1113993227481842,-0.1496332436800003,-0.26795509457588196,0.9451984763145447,1,286378,2379
1786071919,103408044,1,-198.5488739013672,113.26126098632812,231.32777404785156,,,,,,,,,,286379,2379
1786071919,103408044,,,,,5,-1495.6146240234375,1021.7620239257812,-775.7068481445312,0.11070027202367783,-0.1508130580186844,-0.2670920789241791,0.9453374743461609,1,286379,2379
1786071919,112644782,1,-199.48101806640625,112.49987030029297,230.3482666015625,,,,,,,,,,286380,2379
1786071919,112644782,,,,,5,-1495.7679443359375,1021.8019409179688,-775.6484985351562,0.11129395663738251,-0.1501019150018692,-0.2684139907360077,0.9450064301490784,1,286380,2379
1786071919,120977734,1,-198.45472717285156,113.3054428100586,229.99917602539062,,,,,,,,,,286381,2379
1786071919,120977734,,,,,5,-1495.6356201171875,1021.7877807617188,-775.7132568359375,0.11079388111829758,-0.15070047974586487,-0.2672652304172516,0.9452953934669495,1,286381,2379
1786071919,129589427,1,-198.4976348876953,113.36307525634766,229.2834014892578,,,,,,,,,,286382,2379
1786071919,129589427,,,,,5,-1495.6480712890625,1021.76416015625,-775.6791381835938,0.11084458231925964,-0.15068954229354858,-0.2679887115955353,0.9450863599777222,1,286382,2379
1786071919,137256111,1,-198.60171508789062,113.38275909423828,228.64712524414062,,,,,,,,,,286383,2379
1786071919,137256111,,,,,5,-1495.7548828125,1021.8101806640625,-775.6447143554688,0.11147858202457428,-0.1497693955898285,-0.2683089077472687,0.9450672268867493,1,286383,2379
1786071919,145266155,1,-198.76708984375,113.30110931396484,228.22445678710938,,,,,,,,,,286384,2379
1786071919,145266155,,,,,5,-1495.6884765625,1021.8368530273438,-775.7371215820312,0.11104787886142731,-0.14959532022476196,-0.2679074704647064,0.9452592134475708,1,286384,2379
1786071919,154260000,1,-198.58009338378906,113.17559814453125,227.63853454589844,,,,,,,,,,286385,2379
1786071919,154260000,,,,,5,-1495.61962890625,1021.7608642578125,-775.7130737304688,0.11081346869468689,-0.15052880346775055,-0.2675759494304657,0.945232629776001,1,286385,2379
1786071919,162231413,1,-198.6521759033203,113.11112213134766,226.95680236816406,,,,,,,,,,286386,2379
1786071919,162231413,,,,,5,-1495.5833740234375,1021.7716064453125,-775.6849365234375,0.11104296892881393,-0.1506338119506836,-0.26798808574676514,0.9450720548629761,1,286386,2379
1786071919,170229231,1,-198.45120239257812,113.18798828125,226.43385314941406,,,,,,,,,,286387,2379
1786071919,170229231,,,,,5,-1495.6229248046875,1021.7433471679688,-775.7191772460938,0.11099649965763092,-0.15062838792800903,-0.267263799905777,0.9452835321426392,1,286387,2379
1786071919,179189085,1,-198.43157958984375,113.34407043457031,225.841064453125,,,,,,,,,,286388,2379
1786071919,179189085,,,,,5,-1495.6029052734375,1021.7486572265625,-775.6925048828125,0.11104407906532288,-0.15072619915008545,-0.2673822343349457,0.9452288150787354,1,286388,2379
1786071919,187113257,1,-198.5531005859375,113.36278533935547,225.2816162109375,,,,,,,,,,286389,2379
1786071919,187113257,,,,,5,-1495.61328125,1021.7783203125,-775.6945190429688,0.11055898666381836,-0.15054340660572052,-0.26699206233024597,0.9454251527786255,1,286389,2379
1786071919,195210325,1,-198.75668334960938,113.17312622070312,224.59922790527344,,,,,,,,,,286390,2379
1786071919,195210325,,,,,5,-1495.5948486328125,1021.7415161132812,-775.6898803710938,0.11096876114606857,-0.15058957040309906,-0.26763033866882324,0.9451891779899597,1,286390,2379
1786071919,204105879,1,-198.5134735107422,113.0685806274414,224.43922424316406,,,,,,,,,,286391,2379
1786071919,204105879,,,,,5,-1495.4854736328125,1021.8640747070312,-775.7640991210938,0.11094283312559128,-0.15133734047412872,-0.2647797167301178,0.9458755850791931,1,286391,2379
1786071919,213506840,1,-198.38330078125,112.92761993408203,223.70790100097656,,,,,,,,,,286392,2379
1786071919,213506840,,,,,5,-1495.4852294921875,1021.8469848632812,-775.807861328125,0.1109345480799675,-0.15084844827651978,-0.26532071828842163,0.9458029866218567,1,286392,2379
1786071919,220024189,1,-198.5921630859375,113.82530975341797,222.58128356933594,,,,,,,,,,286393,2379
1786071919,220024189,,,,,5,-1495.547119140625,1021.8048095703125,-775.7841186523438,0.11063370108604431,-0.15094253420829773,-0.26638495922088623,0.9455240964889526,1,286393,2379
1786071919,229082493,1,-198.9173126220703,112.81278228759766,222.74008178710938,,,,,,,,,,286394,2379
1786071919,229082493,,,,,5,-1495.6280517578125,1021.8111572265625,-775.6887817382812,0.11140914261341095,-0.14994759857654572,-0.26715782284736633,0.9453731775283813,1,286394,2379
1786071919,237059443,1,-198.67381286621094,112.78829193115234,222.05584716796875,,,,,,,,,,286395,2379
1786071919,237059443,,,,,5,-1495.68701171875,1021.8230590820312,-775.7418212890625,0.11161449551582336,-0.1497504562139511,-0.268128901720047,0.9451053142547607,1,286395,2379
1786071919,246103889,1,-197.98826599121094,113.46166229248047,221.8308868408203,,,,,,,,,,286396,2379
1786071919,246103889,,,,,5,-1495.535400390625,1021.8212280273438,-775.7499389648438,0.11078977584838867,-0.15070796012878418,-0.26684677600860596,0.9454129338264465,1,286396,2379
1786071919,253985973,1,-197.8063201904297,113.55656433105469,221.25946044921875,,,,,,,,,,286397,2379
1786071919,253985973,,,,,5,-1495.6827392578125,1021.8796997070312,-775.7085571289062,0.11093486845493317,-0.14991849660873413,-0.2667553722858429,0.9455471634864807,1,286397,2379
1786071919,261911906,1,-198.13095092773438,112.86151123046875,220.28343200683594,,,,,,,,,,286398,2379
1786071919,261911906,,,,,5,-1495.6201171875,1021.9241333007812,-775.7244262695312,0.11251970380544662,-0.14998333156108856,-0.2694885730743408,0.9445741176605225,1,286398,2379
1786071919,270951455,1,-197.81248474121094,112.15294647216797,220.16986083984375,,,,,,,,,,286399,2379
1786071919,270951455,,,,,5,-1495.6258544921875,1021.9242553710938,-775.7550659179688,0.1123429611325264,-0.14986532926559448,-0.26863428950309753,0.9448571801185608,1,286399,2379
1786071919,278995777,1,-197.69168090820312,112.3841323852539,219.74880981445312,,,,,,,,,,286400,2379
1786071919,278995777,,,,,5,-1495.5452880859375,1021.7942504882812,-775.7744750976562,0.11136303097009659,-0.15050175786018372,-0.2676720917224884,0.9451451897621155,1,286400,2379
1786071919,286284790,1,-197.94082641601562,112.99014282226562,219.639892578125,,,,,,,,,,286401,2379
1786071919,286284790,,,,,5,-1495.5599365234375,1021.80712890625,-775.7540283203125,0.11109467595815659,-0.15092769265174866,-0.2670704424381256,0.9452788829803467,1,286401,2379
1786071919,295254182,1,-198.5273895263672,111.69544982910156,219.6132049560547,,,,,,,,,,286402,2379
1786071919,295254182,,,,,5,-1495.57568359375,1021.8351440429688,-775.808837890625,0.11100348085165024,-0.15052950382232666,-0.2667239010334015,0.945451021194458,1,286402,2379
1786071919,304211668,1,-198.18748474121094,112.08033752441406,218.56741333007812,,,,,,,,,,286403,2379
1786071919,304211668,,,,,5,-1495.5401611328125,1021.82470703125,-775.732177734375,0.1106949970126152,-0.15088127553462982,-0.26626917719841003,0.9455592036247253,1,286403,2379
1786071919,312237427,1,-197.56515502929688,113.0178451538086,217.68785095214844,,,,,,,,,,286404,2379
1786071919,312237427,,,,,5,-1495.68212890625,1021.8563842773438,-775.7545776367188,0.11191166937351227,-0.14973999559879303,-0.2678356170654297,0.9451549053192139,1,286404,2379
1786071919,320172897,1,-197.3535919189453,113.54052734375,217.54580688476562,,,,,,,,,,286405,2379
1786071919,320172897,,,,,5,-1495.540283203125,1021.8070678710938,-775.7743530273438,0.11114143580198288,-0.15032142400741577,-0.2666536271572113,0.9454876780509949,1,286405,2379
1786071919,329180312,1,-197.76681518554688,112.76826477050781,216.869140625,,,,,,,,,,286406,2379
1786071919,329180312,,,,,5,-1495.51416015625,1021.8991088867188,-775.6113891601562,0.11135240644216537,-0.15009810030460358,-0.27142125368118286,0.9441407918930054,1,286406,2379
1786071919,337060572,1,-198.0889434814453,112.48322296142578,216.6651611328125,,,,,,,,,,286407,2379
1786071919,337060572,,,,,5,-1495.53955078125,1021.798828125,-775.7460327148438,0.11129473149776459,-0.15051637589931488,-0.26742249727249146,0.945221483707428,1,286407,2379
1786071919,346068915,1,-197.0539093017578,113.42253875732422,215.7099609375,,,,,,,,,,286408,2379
1786071919,346068915,,,,,5,-1495.5074462890625,1021.9114379882812,-775.6232299804688,0.11095163226127625,-0.15034395456314087,-0.2699078321456909,0.9445825815200806,1,286408,2379
1786071919,354014692,1,-196.704833984375,113.61259460449219,215.7435760498047,,,,,,,,,,286409,2379
1786071919,354014692,,,,,5,-1495.5634765625,1021.8232421875,-775.7245483398438,0.11090422421693802,-0.15091073513031006,-0.26700931787490845,0.9453213214874268,1,286409,2379
1786071919,362065991,1,-197.56732177734375,112.67981719970703,215.48033142089844,,,,,,,,,,286410,2379
1786071919,362065991,,,,,5,-1495.59375,1021.8031616210938,-775.733642578125,0.11111022531986237,-0.15073569118976593,-0.26777568459510803,0.9451082348823547,1,286410,2379
1786071919,371015604,1,-197.5253448486328,112.79862213134766,214.90512084960938,,,,,,,,,,286411,2379
1786071919,371015604,,,,,5,-1495.46337890625,1021.857421875,-775.72509765625,0.11106386035680771,-0.1502392590045929,-0.2688513398170471,0.9448873400688171,1,286411,2379
1786071919,378967045,1,-197.5503387451172,112.33631134033203,214.85044860839844,,,,,,,,,,286412,2379
1786071919,378967045,,,,,5,-1495.6409912109375,1021.9456176757812,-775.6593017578125,0.11181220412254333,-0.1496938318014145,-0.27058151364326477,0.9443916082382202,1,286412,2379
1786071919,386932825,1,-196.86184692382812,112.01526641845703,214.37916564941406,,,,,,,,,,286413,2379
1786071919,386932825,,,,,5,-1495.4871826171875,1021.8449096679688,-775.7389526367188,0.11128462851047516,-0.15025682747364044,-0.2692131996154785,0.944755494594574,1,286413,2379
1786071919,396172987,1,-196.27529907226562,112.86331939697266,213.5338134765625,,,,,,,,,,286414,2379
1786071919,396172987,,,,,5,-1495.6014404296875,1021.9029541015625,-775.7033081054688,0.11170589178800583,-0.14945177733898163,-0.2692928612232208,0.9448107481002808,1,286414,2379
1786071919,403875006,1,-194.79293823242188,113.57698822021484,213.36178588867188,,,,,,,,,,286415,2379
1786071919,403875006,,,,,5,-1495.5760498046875,1021.9148559570312,-775.7672729492188,0.11137354373931885,-0.1492285430431366,-0.26944491267204285,0.9448419213294983,1,286415,2379
1786071919,411880249,1,-194.86715698242188,113.8174057006836,212.810546875,,,,,,,,,,286416,2379
1786071919,411880249,,,,,5,-1495.581787109375,1021.9010620117188,-775.7540283203125,0.11128310859203339,-0.149765282869339,-0.2688513696193695,0.9449368119239807,1,286416,2379
1786071919,421350151,1,-196.44981384277344,113.47315216064453,212.6781768798828,,,,,,,,,,286417,2379
1786071919,421350151,,,,,5,-1495.5966796875,1021.8991088867188,-775.7736206054688,0.11191832274198532,-0.1493585705757141,-0.26916393637657166,0.9448371529579163,1,286417,2379
1786071919,428801050,1,-195.84642028808594,113.03954315185547,212.056640625,,,,,,,,,,286418,2379
1786071919,428801050,,,,,5,-1495.48291015625,1021.8219604492188,-775.8126831054688,0.11137088388204575,-0.1502947360277176,-0.2682568430900574,0.9450112581253052,1,286418,2379
1786071919,436831194,1,-196.86395263671875,112.88912963867188,211.7083740234375,,,,,,,,,,286419,2379
1786071919,436831194,,,,,5,-1495.476318359375,1021.85595703125,-775.8009033203125,0.1109158992767334,-0.15071527659893036,-0.2676117718219757,0.9451806545257568,1,286419,2379
1786071919,445924641,1,-195.9029541015625,112.17335510253906,211.34878540039062,,,,,,,,,,286420,2379
1786071919,445924641,,,,,5,-1495.4940185546875,1021.8284301757812,-775.8276977539062,0.1112644225358963,-0.14997433125972748,-0.2682308256626129,0.9450821876525879,1,286420,2379
1786071919,454107486,1,-195.64532470703125,113.12115478515625,210.9026641845703,,,,,,,,,,286421,2380
1786071919,454107486,,,,,5,-1495.49658203125,1021.8388061523438,-775.7870483398438,0.11096545308828354,-0.1506248563528061,-0.26798146963119507,0.9450846314430237,1,286421,2380
1786071919,465799884,1,-195.72715759277344,112.6617202758789,210.50929260253906,,,,,,,,,,286422,2380
1786071919,465799884,,,,,5,-1495.5015869140625,1021.8218994140625,-775.7951049804688,0.11106173694133759,-0.15068019926548004,-0.26799991726875305,0.9450592398643494,1,286422,2380
1786071919,470665755,1,-194.91909790039062,113.45213317871094,210.53683471679688,,,,,,,,,,286423,2380
1786071919,470665755,,,,,5,-1495.5032958984375,1021.7911987304688,-775.782958984375,0.11094058305025101,-0.15058650076389313,-0.2678035795688629,0.9451438784599304,1,286423,2380
1786071919,478646130,1,-195.0384063720703,112.99497985839844,210.29525756835938,,,,,,,,,,286424,2380
1786071919,478646130,,,,,5,-1495.6383056640625,1021.8712768554688,-775.7716674804688,0.11177628487348557,-0.1497451215982437,-0.26860353350639343,0.9449522495269775,1,286424,2380
1786071919,487666443,1,-195.09971618652344,112.8989028930664,209.84754943847656,,,,,,,,,,286425,2380
1786071919,487666443,,,,,5,-1495.6539306640625,1021.8868408203125,-775.76220703125,0.11137857288122177,-0.1499030441045761,-0.2680245041847229,0.9451385140419006,1,286425,2380
1786071919,495685481,1,-193.43829345703125,113.86358642578125,209.50357055664062,,,,,,,,,,286426,2380
1786071919,495685481,,,,,5,-1495.62646484375,1021.8661499023438,-775.7645263671875,0.11173115670681,-0.14963777363300323,-0.2687206268310547,0.9449412226676941,1,286426,2380
1786071919,503572174,1,-194.92007446289062,113.06640625,209.20074462890625,,,,,,,,,,286427,2380
1786071919,503572174,,,,,5,-1495.6478271484375,1021.8827514648438,-775.7691650390625,0.11139725893735886,-0.149671733379364,-0.2674691081047058,0.9453302621841431,1,286427,2380
1786071919,513510515,1,-194.5493621826172,113.16100311279297,208.61280822753906,,,,,,,,,,286428,2380
1786071919,513510515,,,,,5,-1495.66015625,1021.8718872070312,-775.7289428710938,0.1118410974740982,-0.14985878765583038,-0.2686989903450012,0.9448993802070618,1,286428,2380
1786071919,519891486,1,-194.83860778808594,112.9195327758789,208.53585815429688,,,,,,,,,,286429,2380
1786071919,519891486,,,,,5,-1495.5203857421875,1021.8046264648438,-775.838134765625,0.11104201525449753,-0.15047216415405273,-0.2673968970775604,0.9452654123306274,1,286429,2380
1786071919,528527504,1,-194.79757690429688,112.3354721069336,208.20419311523438,,,,,,,,,,286430,2380
1786071919,528527504,,,,,5,-1495.63134765625,1021.84814453125,-775.7578125,0.11146267503499985,-0.14994028210639954,-0.2676520347595215,0.9452282190322876,1,286430,2380
1786071919,537465914,1,-194.630859375,113.03533935546875,207.95982360839844,,,,,,,,,,286431,2380
1786071919,537465914,,,,,5,-1495.64794921875,1021.8679809570312,-775.7607421875,0.11172474920749664,-0.14974485337734222,-0.26842641830444336,0.9450087547302246,1,286431,2380
1786071919,545506684,1,-192.99441528320312,112.93313598632812,209.53952026367188,,,,,,,,,,286432,2380
1786071919,545506684,,,,,5,-1495.6737060546875,1021.8866577148438,-775.7152709960938,0.11185044050216675,-0.14988408982753754,-0.26892006397247314,0.9448313117027283,1,286432,2380
1786071919,553435721,1,-194.2134552001953,112.20274353027344,207.35865783691406,,,,,,,,,,286433,2380
1786071919,553435721,,,,,5,-1495.5220947265625,1021.8185424804688,-775.8129272460938,0.11137332022190094,-0.15054179728031158,-0.2673787474632263,0.945220410823822,1,286433,2380
1786071919,562515053,1,-191.5523223876953,114.61283874511719,207.55848693847656,,,,,,,,,,286434,2380
1786071919,562515053,,,,,5,-1495.6434326171875,1021.8718872070312,-775.7509765625,0.11127578467130661,-0.14974893629550934,-0.26810115575790405,0.9451533555984497,1,286434,2380
1786071919,570372717,1,-192.5046844482422,113.79124450683594,206.94671630859375,,,,,,,,,,286435,2380
1786071919,570372717,,,,,5,-1495.4876708984375,1021.7785034179688,-775.8142700195312,0.11105409264564514,-0.15054479241371155,-0.26731523871421814,0.945275604724884,1,286435,2380
1786071919,579454034,1,-190.69004821777344,114.08871459960938,207.10401916503906,,,,,,,,,,286436,2380
1786071919,579454034,,,,,5,-1495.544921875,1021.8283081054688,-775.8016967773438,0.11099757999181747,-0.1505240947008133,-0.26749369502067566,0.9452349543571472,1,286436,2380
1786071919,587420006,1,-194.1976318359375,113.15868377685547,206.47360229492188,,,,,,,,,,286437,2380
1786071919,587420006,,,,,5,-1495.6617431640625,1021.88525390625,-775.7634887695312,0.11117079854011536,-0.15000903606414795,-0.268085241317749,0.945128858089447,1,286437,2380
1786071919,595527892,1,-194.5523223876953,113.0398178100586,206.01150512695312,,,,,,,,,,286438,2380
1786071919,595527892,,,,,5,-1495.506591796875,1021.8056640625,-775.8070678710938,0.11114626377820969,-0.15053237974643707,-0.267187237739563,0.9453029632568359,1,286438,2380
1786071919,603811428,1,-193.4968719482422,112.90840911865234,205.89849853515625,,,,,,,,,,286439,2380
1786071919,603811428,,,,,5,-1495.4989013671875,1021.81494140625,-775.8041381835938,0.11124938726425171,-0.1504460871219635,-0.2673570513725281,0.9452565312385559,1,286439,2380
1786071919,612300762,1,-193.98748779296875,112.43937683105469,205.72976684570312,,,,,,,,,,286440,2380
1786071919,612300762,,,,,5,-1495.5257568359375,1021.8168334960938,-775.7700805664062,0.1112067773938179,-0.15065470337867737,-0.2681112289428711,0.9450146555900574,1,286440,2380
1786071919,620243177,1,-194.18470764160156,111.8431167602539,205.6839141845703,,,,,,,,,,286441,2380
1786071919,620243177,,,,,5,-1495.652099609375,1021.8800048828125,-775.7718505859375,0.11139075458049774,-0.14985372126102448,-0.2679421305656433,0.9451683163642883,1,286441,2380
1786071919,629229948,1,-194.4173126220703,112.08126068115234,205.04100036621094,,,,,,,,,,286442,2380
1786071919,629229948,,,,,5,-1495.6536865234375,1021.8956298828125,-775.7772216796875,0.11139810085296631,-0.14973467588424683,-0.2679723799228668,0.9451777935028076,1,286442,2380
1786071919,637130916,1,-194.39785766601562,112.15621185302734,204.5926513671875,,,,,,,,,,286443,2380
1786071919,637130916,,,,,5,-1495.53466796875,1021.8707885742188,-775.8145751953125,0.11091557145118713,-0.15046414732933044,-0.26683300733566284,0.9454410076141357,1,286443,2380
1786071919,645488257,1,-194.53927612304688,112.19415283203125,204.29110717773438,,,,,,,,,,286444,2380
1786071919,645488257,,,,,5,-1495.6497802734375,1021.8517456054688,-775.7408447265625,0.11134368181228638,-0.14991581439971924,-0.2683834731578827,0.9450386762619019,1,286444,2380
1786071919,654167451,1,-194.60589599609375,112.09849548339844,204.21592712402344,,,,,,,,,,286445,2380
1786071919,654167451,,,,,5,-1495.641845703125,1021.8907470703125,-775.7737426757812,0.1112368255853653,-0.15000440180301666,-0.2675098776817322,0.945284903049469,1,286445,2380
1786071919,662170646,1,-194.35877990722656,112.21741485595703,204.0741424560547,,,,,,,,,,286446,2380
1786071919,662170646,,,,,5,-1495.5162353515625,1021.8297729492188,-775.8078002929688,0.11066314578056335,-0.15070900321006775,-0.26690205931663513,0.9454119801521301,1,286446,2380
1786071919,670075070,1,-194.52313232421875,112.31929779052734,203.92994689941406,,,,,,,,,,286447,2380
1786071919,670075070,,,,,5,-1495.5045166015625,1021.8173828125,-775.8142700195312,0.11141263693571091,-0.15023569762706757,-0.2679198980331421,0.9451113343238831,1,286447,2380
1786071919,679114683,1,-194.31137084960938,112.18682861328125,204.1280975341797,,,,,,,,,,286448,2380
1786071919,679114683,,,,,5,-1495.654541015625,1021.91796875,-775.7683715820312,0.11151474714279175,-0.1495203673839569,-0.26822933554649353,0.9451248645782471,1,286448,2380
1786071919,687708069,1,-192.44302368164062,111.53931427001953,206.09841918945312,,,,,,,,,,286449,2380
1786071919,687708069,,,,,5,-1495.5069580078125,1021.8217163085938,-775.7843627929688,0.11084792762994766,-0.15054865181446075,-0.2673744559288025,0.9452824592590332,1,286449,2380
1786071919,696028731,1,-194.18814086914062,112.32688903808594,203.63487243652344,,,,,,,,,,286450,2380
1786071919,696028731,,,,,5,-1495.470947265625,1021.8211059570312,-775.8222045898438,0.11112474650144577,-0.15050245821475983,-0.26742053031921387,0.9452441334724426,1,286450,2380
1786071919,704106084,1,-194.12905883789062,111.5028305053711,203.50967407226562,,,,,,,,,,286451,2380
1786071919,704106084,,,,,5,-1495.6224365234375,1021.8878784179688,-775.7821655273438,0.11141347140073776,-0.1494167298078537,-0.2676992416381836,0.9453035593032837,1,286451,2380
1786071919,712546577,1,-194.46002197265625,112.20384979248047,203.19190979003906,,,,,,,,,,286452,2380
1786071919,712546577,,,,,5,-1495.614501953125,1021.8904418945312,-775.7606201171875,0.11131293326616287,-0.1495509147644043,-0.2682124078273773,0.9451486468315125,1,286452,2380
1786071919,719963966,1,-193.94529724121094,111.68055725097656,203.8317413330078,,,,,,,,,,286453,2380
1786071919,719963966,,,,,5,-1495.447509765625,1021.8738403320312,-775.8017578125,0.11007847636938095,-0.15033301711082458,-0.26572543382644653,0.9458714723587036,1,286453,2380
1786071919,729082506,1,-193.58570861816406,112.22694396972656,203.86151123046875,,,,,,,,,,286454,2380
1786071919,729082506,,,,,5,-1495.5872802734375,1021.9581909179688,-775.68994140625,0.11076425760984421,-0.14943242073059082,-0.2684358060359955,0.9451684951782227,1,286454,2380
1786071919,737020664,1,-194.34593200683594,111.5403823852539,203.02601623535156,,,,,,,,,,286455,2380
1786071919,737020664,,,,,5,-1495.541748046875,1021.9600830078125,-775.7201538085938,0.11060037463903427,-0.1493578553199768,-0.26738137006759644,0.9454982876777649,1,286455,2380
1786071919,745866545,1,-193.9714813232422,112.35417938232422,203.5863800048828,,,,,,,,,,286456,2380
1786071919,745866545,,,,,5,-1495.534423828125,1021.88427734375,-775.7420043945312,0.11122061312198639,-0.15046857297420502,-0.2689795196056366,0.9447958469390869,1,286456,2380
1786071919,753768953,1,-194.15467834472656,111.82792663574219,203.021484375,,,,,,,,,,286457,2380
1786071919,753768953,,,,,5,-1495.388427734375,1021.9611206054688,-775.7816772460938,0.10921670496463776,-0.149824321269989,-0.26552969217300415,0.946107029914856,1,286457,2380
1786071919,762564745,1,-194.0908966064453,111.7970199584961,203.44215393066406,,,,,,,,,,286458,2380
1786071919,762564745,,,,,5,-1495.4866943359375,1021.9808959960938,-775.7564697265625,0.11004018038511276,-0.1489224135875702,-0.26718518137931824,0.9456877708435059,1,286458,2380
1786071919,774153411,1,-194.24636840820312,111.54806518554688,202.94973754882812,,,,,,,,,,286459,2380
1786071919,774153411,,,,,5,-1495.486572265625,1021.83447265625,-775.7781372070312,0.1115516722202301,-0.15045662224292755,-0.2693166434764862,0.9446627497673035,1,286459,2380
1786071919,778694453,1,-194.1846160888672,111.87710571289062,203.18296813964844,,,,,,,,,,286460,2380
1786071919,778694453,,,,,5,-1495.549072265625,1021.8179931640625,-775.7362670898438,0.11098498851060867,-0.15050449967384338,-0.26729658246040344,0.9452953934669495,1,286460,2380
1786071919,787718736,1,-194.4274444580078,112.12576293945312,203.217529296875,,,,,,,,,,286461,2380
1786071919,787718736,,,,,5,-1495.5511474609375,1021.7933959960938,-775.7764892578125,0.11120977997779846,-0.150629922747612,-0.2671343982219696,0.9452947378158569,1,286461,2380
1786071919,795686724,1,-194.28842163085938,111.53661346435547,203.160888671875,,,,,,,,,,286462,2380
1786071919,795686724,,,,,5,-1495.7113037109375,1021.8839111328125,-775.682373046875,0.11163263022899628,-0.15005823969841003,-0.2689446210861206,0.9448224902153015,1,286462,2380
1786071919,803676764,1,-194.29661560058594,112.00394439697266,203.0470428466797,,,,,,,,,,286463,2380
1786071919,803676764,,,,,5,-1495.4698486328125,1021.9017944335938,-775.7880859375,0.11140912771224976,-0.1503783017396927,-0.2705490291118622,0.9443398118019104,1,286463,2380
1786071919,812645580,1,-194.0459747314453,111.6236572265625,203.03968811035156,,,,,,,,,,286464,2380
1786071919,812645580,,,,,5,-1495.578369140625,1021.8095703125,-775.765625,0.11072849482297897,-0.15078015625476837,-0.26682233810424805,0.9454156160354614,1,286464,2380
1786071919,820565559,1,-194.4408721923828,112.30004119873047,202.8022003173828,,,,,,,,,,286465,2380
1786071919,820565559,,,,,5,-1495.5875244140625,1021.8632202148438,-775.77099609375,0.11092381179332733,-0.1506541222333908,-0.2663727402687073,0.9455394744873047,1,286465,2380
1786071919,830126198,1,-193.7604217529297,112.73355102539062,202.88943481445312,,,,,,,,,,286466,2380
1786071919,830126198,,,,,5,-1495.5579833984375,1021.7966918945312,-775.747314453125,0.1110747754573822,-0.1506696343421936,-0.2670159935951233,0.9453378319740295,1,286466,2380
1786071919,837522943,1,-194.5030059814453,111.78299713134766,202.7284698486328,,,,,,,,,,286467,2380
1786071919,837522943,,,,,5,-1495.6849365234375,1021.8492431640625,-775.6981811523438,0.1113843247294426,-0.15017415583133698,-0.26809725165367126,0.945074200630188,1,286467,2380
1786071919,845493332,1,-194.8579559326172,113.16214752197266,202.95980834960938,,,,,,,,,,286468,2380
1786071919,845493332,,,,,5,-1495.5621337890625,1021.7836303710938,-775.7330932617188,0.11095232516527176,-0.15102878212928772,-0.2672548294067383,0.9452273845672607,1,286468,2380
1786071919,853465033,1,-194.54981994628906,112.17256164550781,202.9319610595703,,,,,,,,,,286469,2380
1786071919,853465033,,,,,5,-1495.5484619140625,1021.7904663085938,-775.7437133789062,0.11128329485654831,-0.15060380101203918,-0.26704835891723633,0.9453147053718567,1,286469,2380
1786071919,862463294,1,-195.1779022216797,112.52715301513672,202.7216339111328,,,,,,,,,,286470,2380
1786071919,862463294,,,,,5,-1495.6741943359375,1021.8248291015625,-775.7282104492188,0.11166569590568542,-0.1499176174402237,-0.2683364152908325,0.9450138211250305,1,286470,2380
1786071919,870445782,1,-194.8880615234375,112.11753845214844,202.93931579589844,,,,,,,,,,286471,2380
1786071919,870445782,,,,,5,-1495.566650390625,1021.8045043945312,-775.7236938476562,0.11113126575946808,-0.15076442062854767,-0.2675652801990509,0.9451607465744019,1,286471,2380
1786071919,878398119,1,-198.1992645263672,109.8422622680664,201.9932403564453,,,,,,,,,,286472,2380
1786071919,878398119,,,,,5,-1495.561279296875,1021.7824096679688,-775.7658081054688,0.11114960163831711,-0.15063267946243286,-0.2671487331390381,0.9452974200248718,1,286472,2380
1786071919,887407166,1,-195.25506591796875,112.26759338378906,202.8770294189453,,,,,,,,,,286473,2380
1786071919,887407166,,,,,5,-1495.578369140625,1021.8045043945312,-775.713134765625,0.1108960509300232,-0.1507568657398224,-0.266837477684021,0.945395290851593,1,286473,2380
1786071919,895368785,1,-197.7792205810547,109.51344299316406,201.47496032714844,,,,,,,,,,286474,2380
1786071919,895368785,,,,,5,-1495.643798828125,1021.8408203125,-775.71875,0.11173591017723083,-0.14969167113304138,-0.2680293917655945,0.9451284408569336,1,286474,2380
1786071919,904412367,1,-196.2305450439453,112.41776275634766,202.29623413085938,,,,,,,,,,286475,2380
1786071919,904412367,,,,,5,-1495.6820068359375,1021.85791015625,-775.7091064453125,0.11183632910251617,-0.1498696208000183,-0.2681390047073364,0.9450573325157166,1,286475,2380
1786071919,912360448,1,-195.81314086914062,111.87611389160156,202.3053741455078,,,,,,,,,,286476,2380
1786071919,912360448,,,,,5,-1495.55810546875,1021.8020629882812,-775.76220703125,0.111091747879982,-0.15072929859161377,-0.26677849888801575,0.9453932642936707,1,286476,2380
1786071919,920680822,1,-196.27227783203125,111.7702865600586,201.97146606445312,,,,,,,,,,286477,2380
1786071919,920680822,,,,,5,-1495.563232421875,1021.7623291015625,-775.7770385742188,0.11116012930870056,-0.15065936744213104,-0.2669101059436798,0.9453593492507935,1,286477,2380
1786071919,929270431,1,-196.10812377929688,112.85834503173828,202.58070373535156,,,,,,,,,,286478,2380
1786071919,929270431,,,,,5,-1495.6483154296875,1021.83447265625,-775.7007446289062,0.11124949902296066,-0.14983905851840973,-0.2676537036895752,0.9452689290046692,1,286478,2380
1786071919,937224752,1,-196.308837890625,111.6485824584961,201.94692993164062,,,,,,,,,,286479,2380
1786071919,937224752,,,,,5,-1495.6697998046875,1021.8385620117188,-775.7036743164062,0.11130906641483307,-0.15024612843990326,-0.26776838302612305,0.9451648592948914,1,286479,2380
1786071919,945247727,1,-196.1895751953125,112.42851257324219,202.46986389160156,,,,,,,,,,286480,2380
1786071919,945247727,,,,,5,-1495.5643310546875,1021.8485717773438,-775.7811279296875,0.1113758236169815,-0.15022589266300201,-0.2678273022174835,0.945143461227417,1,286480,2380
1786071919,954203580,1,-197.24464416503906,112.58595275878906,202.00555419921875,,,,,,,,,,286481,2380
1786071919,954203580,,,,,5,-1495.54248046875,1021.7890625,-775.7811889648438,0.11076221615076065,-0.15070295333862305,-0.26615339517593384,0.9456123113632202,1,286481,2380
1786071919,962731642,1,-197.2063751220703,112.78488159179688,202.02886962890625,,,,,,,,,,286482,2380
1786071919,962731642,,,,,5,-1495.5731201171875,1021.7750854492188,-775.7708129882812,0.1110309287905693,-0.1507272869348526,-0.26666703820228577,0.9454322457313538,1,286482,2380
1786071919,970114528,1,-196.86973571777344,112.6749267578125,202.3976287841797,,,,,,,,,,286483,2380
1786071919,970114528,,,,,5,-1495.656982421875,1021.8318481445312,-775.7587280273438,0.11160659044981003,-0.14973661303520203,-0.2678898274898529,0.9451761245727539,1,286483,2380
1786071919,979140251,1,-196.6824493408203,112.7436752319336,202.1290283203125,,,,,,,,,,286484,2380
1786071919,979140251,,,,,5,-1495.6907958984375,1021.8333129882812,-775.72119140625,0.11138799786567688,-0.15003786981105804,-0.26769256591796875,0.9452101588249207,1,286484,2380
1786071919,987081514,1,-197.73519897460938,112.85088348388672,201.98556518554688,,,,,,,,,,286485,2380
1786071919,987081514,,,,,5,-1495.533935546875,1021.7958984375,-775.79052734375,0.11080262809991837,-0.15077504515647888,-0.26622799038887024,0.9455750584602356,1,286485,2380
1786071919,996098659,1,-196.5465850830078,111.54351043701172,202.62042236328125,,,,,,,,,,286486,2380
1786071919,996098659,,,,,5,-1495.677734375,1021.8171997070312,-775.7478637695312,0.11180216819047928,-0.14986395835876465,-0.2682504653930664,0.9450305700302124,1,286486,2380
1786071920,4407607,1,-196.7945556640625,111.40001678466797,202.56573486328125,,,,,,,,,,286487,2380
1786071920,4407607,,,,,5,-1495.5257568359375,1021.7885131835938,-775.74755859375,0.1109839379787445,-0.15059903264045715,-0.26629453897476196,0.9455631971359253,1,286487,2380
1786071920,12041101,1,-197.01222229003906,111.36892700195312,202.90931701660156,,,,,,,,,,286488,2380
1786071920,12041101,,,,,5,-1495.6634521484375,1021.8621215820312,-775.7374877929688,0.11194010823965073,-0.14964652061462402,-0.2678135931491852,0.9451726078987122,1,286488,2380
1786071920,21545569,1,-197.1744842529297,111.34443664550781,202.94273376464844,,,,,,,,,,286489,2380
1786071920,21545569,,,,,5,-1495.5784912109375,1021.77978515625,-775.77392578125,0.11142174899578094,-0.15055003762245178,-0.26753315329551697,0.9451697468757629,1,286489,2380
1786071920,29274312,1,-197.15499877929688,111.65230560302734,202.9578094482422,,,,,,,,,,286490,2380
1786071920,29274312,,,,,5,-1495.6673583984375,1021.8365478515625,-775.7217407226562,0.11181215196847916,-0.1500134915113449,-0.26777538657188416,0.9451403617858887,1,286490,2380
1786071920,37131848,1,-197.272216796875,112.1668701171875,202.9453125,,,,,,,,,,286491,2380
1786071920,37131848,,,,,5,-1495.6827392578125,1021.8556518554688,-775.7010498046875,0.11121737957000732,-0.15016008913516998,-0.2675244212150574,0.9452583193778992,1,286491,2380
1786071920,45900498,1,-197.2532196044922,111.8797378540039,202.88381958007812,,,,,,,,,,286492,2380
1786071920,45900498,,,,,5,-1495.5545654296875,1021.8093872070312,-775.7698364257812,0.11096146702766418,-0.1505582183599472,-0.26708370447158813,0.9453496932983398,1,286492,2380
1786071920,53919408,1,-197.3645477294922,111.86392211914062,202.93072509765625,,,,,,,,,,286493,2380
1786071920,53919408,,,,,5,-1495.5338134765625,1021.7618408203125,-775.7411499023438,0.11106633394956589,-0.15066120028495789,-0.2669656276702881,0.9453543424606323,1,286493,2380
1786071920,61996409,1,-197.2332305908203,111.95967864990234,203.02264404296875,,,,,,,,,,286494,2380
1786071920,61996409,,,,,5,-1495.6844482421875,1021.8508911132812,-775.7357788085938,0.111603744328022,-0.1497640162706375,-0.26783618330955505,0.9451873898506165,1,286494,2380
1786071920,70872375,1,-196.77076721191406,112.12447357177734,202.82217407226562,,,,,,,,,,286495,2380
1786071920,70872375,,,,,5,-1495.6634521484375,1021.8529663085938,-775.7265625,0.11167678236961365,-0.14993049204349518,-0.26767513155937195,0.9451979994773865,1,286495,2380
1786071920,78884340,1,-196.8768768310547,112.15909576416016,202.84872436523438,,,,,,,,,,286496,2380
1786071920,78884340,,,,,5,-1495.5106201171875,1021.8067626953125,-775.7891845703125,0.11102825403213501,-0.1506446897983551,-0.26632457971572876,0.9455422163009644,1,286496,2380
1786071920,86786908,1,-197.37142944335938,111.93730163574219,202.76870727539062,,,,,,,,,,286497,2380
1786071920,86786908,,,,,5,-1495.6309814453125,1021.8733520507812,-775.7514038085938,0.11130713671445847,-0.1497107297182083,-0.26674237847328186,0.9455400705337524,1,286497,2380
1786071920,95745066,1,-197.23899841308594,111.8768310546875,203.31414794921875,,,,,,,,,,286498,2380
1786071920,95745066,,,,,5,-1495.5411376953125,1021.7970581054688,-775.760009765625,0.11126082390546799,-0.1506340056657791,-0.26703041791915894,0.9453175067901611,1,286498,2380
1786071920,103673751,1,-196.85891723632812,112.213134765625,202.96209716796875,,,,,,,,,,286499,2380
1786071920,103673751,,,,,5,-1495.553955078125,1021.7813720703125,-775.7611694335938,0.11121346801519394,-0.15074804425239563,-0.26721373200416565,0.9452531933784485,1,286499,2380
1786071920,112695024,1,-197.43785095214844,111.95492553710938,202.83872985839844,,,,,,,,,,286500,2380
1786071920,112695024,,,,,5,-1495.5517578125,1021.8137817382812,-775.73974609375,0.11081521213054657,-0.15105736255645752,-0.2668672800064087,0.9453483819961548,1,286500,2380
1786071920,120689257,1,-197.25965881347656,112.02409362792969,202.91757202148438,,,,,,,,,,286501,2380
1786071920,120689257,,,,,5,-1495.5386962890625,1021.8251342773438,-775.759765625,0.11096116900444031,-0.15050290524959564,-0.266860693693161,0.9454215168952942,1,286501,2380
1786071920,128782581,1,-196.6531524658203,112.37108612060547,203.30322265625,,,,,,,,,,286502,2380
1786071920,128782581,,,,,5,-1495.6998291015625,1021.8189697265625,-775.721435546875,0.11166359484195709,-0.14979271590709686,-0.2684793770313263,0.9449933171272278,1,286502,2380
1786071920,137100395,1,-197.64109802246094,111.5196762084961,202.98974609375,,,,,,,,,,286503,2380
1786071920,137100395,,,,,5,-1495.6805419921875,1021.8668212890625,-775.6947021484375,0.1113460585474968,-0.14998269081115723,-0.2679278254508972,0.9451571702957153,1,286503,2380
1786071920,145599491,1,-197.43113708496094,112.01832580566406,202.92813110351562,,,,,,,,,,286504,2380
1786071920,145599491,,,,,5,-1495.541015625,1021.7819213867188,-775.7633056640625,0.11127965897321701,-0.1506737321615219,-0.26719531416893005,0.9452624320983887,1,286504,2380
1786071920,153536177,1,-197.7572784423828,112.11199951171875,203.20298767089844,,,,,,,,,,286505,2380
1786071920,153536177,,,,,5,-1495.6981201171875,1021.8786010742188,-775.7216186523438,0.11167743802070618,-0.14982731640338898,-0.2677343487739563,0.9451975226402283,1,286505,2380
1786071920,162789558,1,-197.83204650878906,111.81551361083984,202.88169860839844,,,,,,,,,,286506,2380
1786071920,162789558,,,,,5,-1495.603759765625,1021.89794921875,-775.782470703125,0.11175961047410965,-0.14972999691963196,-0.2695649564266205,0.9446827173233032,1,286506,2380
1786071920,170468340,1,-198.0912628173828,111.91606140136719,203.17169189453125,,,,,,,,,,286507,2380
1786071920,170468340,,,,,5,-1495.611572265625,1021.8988647460938,-775.73828125,0.11202460527420044,-0.14970651268959045,-0.269736111164093,0.9446062445640564,1,286507,2380
1786071920,178500885,1,-197.35006713867188,111.8036117553711,202.9293670654297,,,,,,,,,,286508,2380
1786071920,178500885,,,,,5,-1495.6435546875,1021.8881225585938,-775.7672119140625,0.11170580238103867,-0.14961709082126617,-0.26898086071014404,0.9448735117912292,1,286508,2380
1786071920,187479590,1,-197.8842315673828,112.18732452392578,203.1836395263672,,,,,,,,,,286509,2380
1786071920,187479590,,,,,5,-1495.6488037109375,1021.8671264648438,-775.7373046875,0.11173541843891144,-0.14961902797222137,-0.2689773738384247,0.9448705911636353,1,286509,2380
1786071920,195426807,1,-197.9154815673828,112.1082534790039,203.1619873046875,,,,,,,,,,286510,2380
1786071920,195426807,,,,,5,-1495.6527099609375,1021.8744506835938,-775.7523803710938,0.11161672323942184,-0.14977861940860748,-0.2678464949131012,0.9451806545257568,1,286510,2380
1786071920,203440724,1,-198.050048828125,112.03572845458984,203.24169921875,,,,,,,,,,286511,2380
1786071920,203440724,,,,,5,-1495.5328369140625,1021.7948608398438,-775.787841796875,0.11134643852710724,-0.1507205218076706,-0.26771435141563416,0.9451001882553101,1,286511,2380
1786071920,212397441,1,-197.878662109375,112.24696350097656,203.2698211669922,,,,,,,,,,286512,2380
1786071920,212397441,,,,,5,-1495.5233154296875,1021.9157104492188,-775.7313842773438,0.11012408137321472,-0.14928224682807922,-0.26595091819763184,0.9459692239761353,1,286512,2380
1786071920,220504208,1,-197.86927795410156,112.52718353271484,203.46115112304688,,,,,,,,,,286513,2380
1786071920,220504208,,,,,5,-1495.4647216796875,1021.8328247070312,-775.7970581054688,0.1103784367442131,-0.15028445422649384,-0.2661386728286743,0.9457279443740845,1,286513,2380
1786071920,229481057,1,-193.5563201904297,113.04495239257812,205.58399963378906,,,,,,,,,,286514,2380
1786071920,229481057,,,,,5,-1495.63330078125,1021.8969116210938,-775.7451171875,0.11106225848197937,-0.14957599341869354,-0.26759520173072815,0.9453491568565369,1,286514,2380
1786071920,237258290,1,-193.49453735351562,113.05449676513672,205.60462951660156,,,,,,,,,,286515,2380
1786071920,237258290,,,,,5,-1495.517822265625,1021.8062744140625,-775.7945556640625,0.1112189069390297,-0.15054862201213837,-0.2674049437046051,0.9452301859855652,1,286515,2380
1786071920,245240552,1,-193.45542907714844,113.55226135253906,205.42425537109375,,,,,,,,,,286516,2380
1786071920,245240552,,,,,5,-1495.6175537109375,1021.8580322265625,-775.7780151367188,0.11150194704532623,-0.14985285699367523,-0.26759693026542664,0.9452530741691589,1,286516,2380
1786071920,254440292,1,-198.02285766601562,111.94044494628906,203.4073028564453,,,,,,,,,,286517,2380
1786071920,254440292,,,,,5,-1495.6409912109375,1021.8683471679688,-775.767578125,0.11174139380455017,-0.14979030191898346,-0.26834002137184143,0.9450240135192871,1,286517,2380
1786071920,262192623,1,-195.73060607910156,111.87089538574219,205.88238525390625,,,,,,,,,,286518,2380
1786071920,262192623,,,,,5,-1495.6317138671875,1021.8782348632812,-775.7930908203125,0.11155953258275986,-0.14959119260311127,-0.2675677239894867,0.945296049118042,1,286518,2380
1786071920,270172678,1,-193.63204956054688,112.99270629882812,205.57261657714844,,,,,,,,,,286519,2380
1786071920,270172678,,,,,5,-1495.6356201171875,1021.8674926757812,-775.7832641601562,0.11175762116909027,-0.14971984922885895,-0.26855406165122986,0.9449724555015564,1,286519,2380
1786071920,279205218,1,-193.49671936035156,113.14031982421875,205.4476318359375,,,,,,,,,,286520,2380
1786071920,279205218,,,,,5,-1495.6575927734375,1021.8775634765625,-775.7583618164062,0.11150761693716049,-0.14987756311893463,-0.2682557702064514,0.9450618028640747,1,286520,2380
1786071920,287137807,1,-198.1988067626953,111.97665405273438,202.99490356445312,,,,,,,,,,286521,2380
1786071920,287137807,,,,,5,-1495.6385498046875,1021.8510131835938,-775.7926635742188,0.11147481948137283,-0.14974933862686157,-0.26782602071762085,0.9452077746391296,1,286521,2380
1786071920,295139850,1,-198.1519317626953,112.15283203125,203.0691680908203,,,,,,,,,,286522,2380
1786071920,295139850,,,,,5,-1495.501953125,1021.783203125,-775.8587036132812,0.11104165762662888,-0.15061531960964203,-0.26701223850250244,0.9453513622283936,1,286522,2380
1786071920,304144545,1,-197.69337463378906,112.39774322509766,203.19285583496094,,,,,,,,,,286523,2380
1786071920,304144545,,,,,5,-1495.630859375,1021.86328125,-775.7722778320312,0.1116780936717987,-0.14976659417152405,-0.2683682143688202,0.945027232170105,1,286523,2380
1786071920,312386824,1,-197.99429321289062,112.03446197509766,203.1426239013672,,,,,,,,,,286524,2380
1786071920,312386824,,,,,5,-1495.5179443359375,1021.8194580078125,-775.8264770507812,0.11111954599618912,-0.15058588981628418,-0.26719051599502563,0.945296585559845,1,286524,2380
1786071920,321067234,1,-197.92514038085938,112.15576171875,203.01087951660156,,,,,,,,,,286525,2380
1786071920,321067234,,,,,5,-1495.5211181640625,1021.7886962890625,-775.8073120117188,0.11112166196107864,-0.15062463283538818,-0.26780638098716736,0.9451157450675964,1,286525,2380
1786071920,329056346,1,-197.46624755859375,112.10816192626953,202.72573852539062,,,,,,,,,,286526,2380
1786071920,329056346,,,,,5,-1495.5230712890625,1021.8362426757812,-775.826416015625,0.11134941130876541,-0.15036877989768982,-0.2672935724258423,0.9452750086784363,1,286526,2380
1786071920,337002378,1,-197.37896728515625,111.95653533935547,202.68716430664062,,,,,,,,,,286527,2380
1786071920,337002378,,,,,5,-1495.65234375,1021.8564453125,-775.78662109375,0.11148690432310104,-0.14978136122226715,-0.26836901903152466,0.9450472593307495,1,286527,2380
1786071920,346083695,1,-197.21578979492188,112.10382080078125,202.73095703125,,,,,,,,,,286528,2380
1786071920,346083695,,,,,5,-1495.5113525390625,1021.7940673828125,-775.7737426757812,0.11109388619661331,-0.15068982541561127,-0.2669665813446045,0.9453462362289429,1,286528,2380
1786071920,353913930,1,-197.46241760253906,112.03610229492188,202.63748168945312,,,,,,,,,,286529,2380
1786071920,353913930,,,,,5,-1495.4886474609375,1021.7752075195312,-775.8147583007812,0.11078685522079468,-0.15057747066020966,-0.26668781042099,0.9454789161682129,1,286529,2380
1786071920,361917061,1,-197.4583740234375,111.95176696777344,202.6665496826172,,,,,,,,,,286530,2380
1786071920,361917061,,,,,5,-1495.5064697265625,1021.8046875,-775.805908203125,0.11108674108982086,-0.15066440403461456,-0.26701977849006653,0.9453362226486206,1,286530,2380
1786071920,370893974,1,-197.14060974121094,112.11375427246094,202.7056884765625,,,,,,,,,,286531,2380
1786071920,370893974,,,,,5,-1495.52880859375,1021.8228759765625,-775.7958374023438,0.11124341189861298,-0.15064464509487152,-0.2676032781600952,0.9451559782028198,1,286531,2380
1786071920,379077651,1,-197.79025268554688,112.18912506103516,202.82481384277344,,,,,,,,,,286532,2380
1786071920,379077651,,,,,5,-1495.48974609375,1021.8383178710938,-775.7921752929688,0.111040398478508,-0.15060563385486603,-0.2670828700065613,0.9453331232070923,1,286532,2380
1786071920,386867014,1,-197.275146484375,112.12136840820312,202.55918884277344,,,,,,,,,,286533,2380
1786071920,386867014,,,,,5,-1495.6414794921875,1021.8746948242188,-775.7817993164062,0.11159996688365936,-0.14977020025253296,-0.268212229013443,0.9450801014900208,1,286533,2380
1786071920,395923046,1,-197.3204345703125,111.79251098632812,202.5184326171875,,,,,,,,,,286534,2380
1786071920,395923046,,,,,5,-1495.4730224609375,1021.7787475585938,-775.7822265625,0.11114560812711716,-0.15069760382175446,-0.26724982261657715,0.9452589154243469,1,286534,2380
1786071920,403755489,1,-197.12355041503906,112.05679321289062,202.50262451171875,,,,,,,,,,286535,2380
1786071920,403755489,,,,,5,-1495.5185546875,1021.8043823242188,-775.8184204101562,0.11110983043909073,-0.1505429595708847,-0.26698827743530273,0.9453617930412292,1,286535,2380
1786071920,413023784,1,-197.64036560058594,111.89535522460938,202.61695861816406,,,,,,,,,,286536,2380
1786071920,413023784,,,,,5,-1495.638671875,1021.8834838867188,-775.7601928710938,0.11143779009580612,-0.14994367957115173,-0.2678462862968445,0.9451755881309509,1,286536,2380
1786071920,421929004,1,-197.22622680664062,111.9688491821289,202.49632263183594,,,,,,,,,,286537,2380
1786071920,421929004,,,,,5,-1495.6319580078125,1021.8443603515625,-775.7630615234375,0.11160395294427872,-0.14982293546199799,-0.26829835772514343,0.9450470209121704,1,286537,2380
1786071920,428785584,1,-197.1792449951172,112.06525421142578,202.4779510498047,,,,,,,,,,286538,2380
1786071920,428785584,,,,,5,-1495.6396484375,1021.8661499023438,-775.76171875,0.11191435158252716,-0.1497701108455658,-0.2682631313800812,0.94502854347229,1,286538,2380
1786071920,438174255,1,-197.6521759033203,111.79198455810547,202.4669189453125,,,,,,,,,,286539,2380
1786071920,438174255,,,,,5,-1495.6365966796875,1021.8176879882812,-775.7687377929688,0.11175964772701263,-0.14988645911216736,-0.2683349549770355,0.9450080394744873,1,286539,2380
1786071920,445739192,1,-196.996337890625,112.09597778320312,202.5819549560547,,,,,,,,,,286540,2380
1786071920,445739192,,,,,5,-1495.6488037109375,1021.8702392578125,-775.8079223632812,0.11180341243743896,-0.1498149037361145,-0.2681129574775696,0.9450773000717163,1,286540,2380
1786071920,453694858,1,-197.082763671875,111.79993438720703,202.49961853027344,,,,,,,,,,286541,2381
1786071920,453694858,,,,,5,-1495.5126953125,1021.8182983398438,-775.8405151367188,0.11114713549613953,-0.15031807124614716,-0.2667764723300934,0.9454529285430908,1,286541,2381
1786071920,462676796,1,-197.01394653320312,112.09355926513672,202.5000762939453,,,,,,,,,,286542,2381
1786071920,462676796,,,,,5,-1495.4622802734375,1021.7948608398438,-775.8265380859375,0.11110923439264297,-0.15046530961990356,-0.26703184843063354,0.9453619122505188,1,286542,2381
1786071920,470626413,1,-196.7893524169922,111.90373992919922,202.53128051757812,,,,,,,,,,286543,2381
1786071920,470626413,,,,,5,-1495.6129150390625,1021.8455200195312,-775.7630004882812,0.11172104626893997,-0.14974434673786163,-0.26815560460090637,0.9450861215591431,1,286543,2381
1786071920,478606307,1,-197.045166015625,112.0121078491211,202.45947265625,,,,,,,,,,286544,2381
1786071920,478606307,,,,,5,-1495.6175537109375,1021.8604736328125,-775.771484375,0.11166802793741226,-0.1495756208896637,-0.2680894136428833,0.9451377987861633,1,286544,2381
1786071920,487541325,1,-196.90101623535156,112.07311248779297,202.48410034179688,,,,,,,,,,286545,2381
1786071920,487541325,,,,,5,-1495.5260009765625,1021.8137817382812,-775.8423461914062,0.11152882874011993,-0.15039478242397308,-0.26768621802330017,0.9451385736465454,1,286545,2381
1786071920,495544296,1,-196.93316650390625,112.00543975830078,202.43788146972656,,,,,,,,,,286546,2381
1786071920,495544296,,,,,5,-1495.513916015625,1021.7960205078125,-775.8295288085938,0.11141996830701828,-0.1503932774066925,-0.26731035113334656,0.9452580213546753,1,286546,2381
1786071920,503525727,1,-197.0086669921875,112.02572631835938,202.41107177734375,,,,,,,,,,286547,2381
1786071920,503525727,,,,,5,-1495.49609375,1021.7926635742188,-775.8312377929688,0.11122546344995499,-0.15031839907169342,-0.26726508140563965,0.9453055262565613,1,286547,2381
1786071920,512569500,1,-197.13314819335938,111.9173583984375,202.32456970214844,,,,,,,,,,286548,2381
1786071920,512569500,,,,,5,-1495.6324462890625,1021.8538208007812,-775.7714233398438,0.11202245205640793,-0.1495666801929474,-0.26849663257598877,0.9449817538261414,1,286548,2381
1786071920,520568438,1,-196.96426391601562,111.81964111328125,202.45205688476562,,,,,,,,,,286549,2381
1786071920,520568438,,,,,5,-1495.635009765625,1021.8736572265625,-775.7957153320312,0.11147945374250412,-0.14970214664936066,-0.2677319049835205,0.9452414512634277,1,286549,2381
1786071920,529305179,1,-197.37167358398438,112.28978729248047,202.36375427246094,,,,,,,,,,286550,2381
1786071920,529305179,,,,,5,-1495.6220703125,1021.8568725585938,-775.7515258789062,0.11178044974803925,-0.14981287717819214,-0.26807722449302673,0.9450904726982117,1,286550,2381
1786071920,537474133,1,-197.0241241455078,111.928466796875,202.37112426757812,,,,,,,,,,286551,2381
1786071920,537474133,,,,,5,-1495.5198974609375,1021.8097534179688,-775.8251342773438,0.11112856864929199,-0.1502731591463089,-0.2669028639793396,0.9454265832901001,1,286551,2381
1786071920,545426182,1,-197.43495178222656,111.76436614990234,202.3608856201172,,,,,,,,,,286552,2381
1786071920,545426182,,,,,5,-1495.6468505859375,1021.8692626953125,-775.7924194335938,0.11207693815231323,-0.14960640668869019,-0.2687437832355499,0.9448986053466797,1,286552,2381
1786071920,554473604,1,-196.94313049316406,111.75611877441406,202.22694396972656,,,,,,,,,,286553,2381
1786071920,554473604,,,,,5,-1495.6678466796875,1021.85888671875,-775.75,0.11171526461839676,-0.14982683956623077,-0.26861900091171265,0.944942057132721,1,286553,2381
1786071920,562469630,1,-197.1959991455078,111.88861846923828,202.365966796875,,,,,,,,,,286554,2381
1786071920,562469630,,,,,5,-1495.5125732421875,1021.8073120117188,-775.7680053710938,0.11138414591550827,-0.15049254894256592,-0.26780956983566284,0.9451051354408264,1,286554,2381
1786071920,570329598,1,-197.08529663085938,111.97547912597656,202.31195068359375,,,,,,,,,,286555,2381
1786071920,570329598,,,,,5,-1495.646484375,1021.89306640625,-775.7638549804688,0.11159811168909073,-0.14975880086421967,-0.2676498293876648,0.9452416300773621,1,286555,2381
1786071920,579324499,1,-197.05239868164062,111.79806518554688,202.46786499023438,,,,,,,,,,286556,2381
1786071920,579324499,,,,,5,-1495.538818359375,1021.82470703125,-775.8239135742188,0.11136508733034134,-0.15039785206317902,-0.267373651266098,0.9452458620071411,1,286556,2381
1786071920,587276484,1,-197.17564392089844,111.93167114257812,202.36495971679688,,,,,,,,,,286557,2381
1786071920,587276484,,,,,5,-1495.6163330078125,1021.8309936523438,-775.7391967773438,0.1117425188422203,-0.15006636083126068,-0.2681780159473419,0.9450259804725647,1,286557,2381
1786071920,595312613,1,-197.01754760742188,111.96678161621094,202.40611267089844,,,,,,,,,,286558,2381
1786071920,595312613,,,,,5,-1495.545166015625,1021.8453369140625,-775.8041381835938,0.11124294996261597,-0.15042398869991302,-0.26754552125930786,0.9452074766159058,1,286558,2381
1786071920,604315131,1,-197.2249298095703,111.94195556640625,202.318603515625,,,,,,,,,,286559,2381
1786071920,604315131,,,,,5,-1495.6541748046875,1021.8848876953125,-775.7484741210938,0.1115315854549408,-0.15003091096878052,-0.26798439025878906,0.9451115131378174,1,286559,2381
1786071920,612458897,1,-197.1780548095703,111.93756866455078,202.3287811279297,,,,,,,,,,286560,2381
1786071920,612458897,,,,,5,-1495.5302734375,1021.7999877929688,-775.8026733398438,0.11124757677316666,-0.15047265589237213,-0.26753538846969604,0.9452019929885864,1,286560,2381
1786071920,620204315,1,-197.14874267578125,111.70667266845703,202.29437255859375,,,,,,,,,,286561,2381
1786071920,620204315,,,,,5,-1495.5135498046875,1021.8209838867188,-775.80419921875,0.11118287593126297,-0.15043096244335175,-0.26783668994903564,0.9451308846473694,1,286561,2381
1786071920,629336970,1,-196.99383544921875,111.75921630859375,202.3340606689453,,,,,,,,,,286562,2381
1786071920,629336970,,,,,5,-1495.6328125,1021.8761596679688,-775.7977905273438,0.11193329840898514,-0.1494961678981781,-0.2682313323020935,0.9450787305831909,1,286562,2381
1786071920,637601974,1,-196.93519592285156,112.0860595703125,202.47308349609375,,,,,,,,,,286563,2381
1786071920,637601974,,,,,5,-1495.6356201171875,1021.8726806640625,-775.7799072265625,0.11168500781059265,-0.14979873597621918,-0.2682717740535736,0.9450487494468689,1,286563,2381
1786071920,645252366,1,-197.19204711914062,111.75250244140625,202.41238403320312,,,,,,,,,,286564,2381
1786071920,645252366,,,,,5,-1495.524658203125,1021.7989501953125,-775.8119506835938,0.11129635572433472,-0.15039512515068054,-0.26778486371040344,0.9451380372047424,1,286564,2381
1786071920,654492177,1,-197.3974609375,111.86561584472656,202.339599609375,,,,,,,,,,286565,2381
1786071920,654492177,,,,,5,-1495.5,1021.8184814453125,-775.8218383789062,0.11110321432352066,-0.15043655037879944,-0.2672179341316223,0.9453145265579224,1,286565,2381
1786071920,662122726,1,-197.142333984375,111.84392547607422,202.3839874267578,,,,,,,,,,286566,2381
1786071920,662122726,,,,,5,-1495.5125732421875,1021.8430786132812,-775.7982788085938,0.11086365580558777,-0.15089821815490723,-0.26663753390312195,0.9454330205917358,1,286566,2381
1786071920,670664006,1,-197.47059631347656,111.90382385253906,202.37673950195312,,,,,,,,,,286567,2381
1786071920,670664006,,,,,5,-1495.6451416015625,1021.8441772460938,-775.7814331054688,0.11164922267198563,-0.14970165491104126,-0.26781317591667175,0.9451983571052551,1,286567,2381
1786071920,679080654,1,-197.5279541015625,111.81781768798828,202.4193878173828,,,,,,,,,,286568,2381
1786071920,679080654,,,,,5,-1495.6190185546875,1021.8621215820312,-775.7772216796875,0.11160527914762497,-0.14981935918331146,-0.26801103353500366,0.945128858089447,1,286568,2381
1786071920,687006715,1,-197.11444091796875,111.82946014404297,202.50192260742188,,,,,,,,,,286569,2381
1786071920,687006715,,,,,5,-1495.4769287109375,1021.8056640625,-775.7948608398438,0.11096960306167603,-0.15042056143283844,-0.2665102481842041,0.945532500743866,1,286569,2381
1786071920,696191827,1,-197.37066650390625,111.95600128173828,202.46893310546875,,,,,,,,,,286570,2381
1786071920,696191827,,,,,5,-1495.492919921875,1021.7914428710938,-775.796630859375,0.1107935756444931,-0.15057776868343353,-0.2668772041797638,0.9454246759414673,1,286570,2381
1786071920,703960386,1,-197.39480590820312,111.96847534179688,202.44119262695312,,,,,,,,,,286571,2381
1786071920,703960386,,,,,5,-1495.615966796875,1021.85791015625,-775.7733764648438,0.11153541505336761,-0.14976093173027039,-0.2677097022533417,0.9452317953109741,1,286571,2381
1786071920,712059023,1,-197.33343505859375,112.00653839111328,202.5365753173828,,,,,,,,,,286572,2381
1786071920,712059023,,,,,5,-1495.497314453125,1021.8126831054688,-775.84228515625,0.11103871464729309,-0.15058158338069916,-0.26704078912734985,0.9453490972518921,1,286572,2381
1786071920,720900646,1,-197.3000946044922,111.99005889892578,202.51931762695312,,,,,,,,,,286573,2381
1786071920,720900646,,,,,5,-1495.5064697265625,1021.80859375,-775.8278198242188,0.11112505942583084,-0.15056079626083374,-0.2673197388648987,0.9452634453773499,1,286573,2381
1786071920,729758337,1,-197.2236785888672,111.7917709350586,202.44850158691406,,,,,,,,,,286574,2381
1786071920,729758337,,,,,5,-1495.5474853515625,1021.8093872070312,-775.8322143554688,0.11147896200418472,-0.15045450627803802,-0.2679246962070465,0.9450673460960388,1,286574,2381
1786071920,736882232,1,-197.53758239746094,111.8060302734375,202.4000244140625,,,,,,,,,,286575,2381
1786071920,736882232,,,,,5,-1495.5169677734375,1021.8049926757812,-775.8509521484375,0.11117248982191086,-0.1504961997270584,-0.26710039377212524,0.9453301429748535,1,286575,2381
1786071920,745980512,1,-197.40834045410156,111.91284942626953,202.4582977294922,,,,,,,,,,286576,2381
1786071920,745980512,,,,,5,-1495.5272216796875,1021.8161010742188,-775.7899780273438,0.11097169667482376,-0.15067829191684723,-0.2670668661594391,0.9453341960906982,1,286576,2381
1786071920,753854466,1,-197.3933868408203,111.95405578613281,202.49502563476562,,,,,,,,,,286577,2381
1786071920,753854466,,,,,5,-1495.5184326171875,1021.7789916992188,-775.8389892578125,0.11118508875370026,-0.15062713623046875,-0.2675098478794098,0.9451919198036194,1,286577,2381
1786071920,761817302,1,-197.36572265625,112.0092544555664,202.51187133789062,,,,,,,,,,286578,2381
1786071920,761817302,,,,,5,-1495.617919921875,1021.8306884765625,-775.7673950195312,0.11157429963350296,-0.15006287395954132,-0.2680397927761078,0.9450856447219849,1,286578,2381
1786071920,770773571,1,-197.4047088623047,112.40689849853516,202.95758056640625,,,,,,,,,,286579,2381
1786071920,770773571,,,,,5,-1495.5184326171875,1021.7990112304688,-775.8041381835938,0.11125384271144867,-0.15050140023231506,-0.26727524399757385,0.9452703595161438,1,286579,2381
1786071920,778884658,1,-197.59886169433594,111.79446411132812,202.4622039794922,,,,,,,,,,286580,2381
1786071920,778884658,,,,,5,-1495.5302734375,1021.8136596679688,-775.7904052734375,0.1113399937748909,-0.1504530906677246,-0.2679232656955719,0.9450843334197998,1,286580,2381
1786071920,787682818,1,-197.39907836914062,111.87847900390625,202.485595703125,,,,,,,,,,286581,2381
1786071920,787682818,,,,,5,-1495.498291015625,1021.8090209960938,-775.80224609375,0.1112065240740776,-0.15062913298606873,-0.2674139142036438,0.9452162384986877,1,286581,2381
1786071920,795947406,1,-197.62307739257812,112.3335952758789,202.79002380371094,,,,,,,,,,286582,2381
1786071920,795947406,,,,,5,-1495.6361083984375,1021.865234375,-775.77880859375,0.11153625696897507,-0.14979711174964905,-0.26758018136024475,0.9452625513076782,1,286582,2381
1786071920,803660915,1,-197.3369140625,112.01229858398438,202.5207977294922,,,,,,,,,,286583,2381
1786071920,803660915,,,,,5,-1495.6336669921875,1021.8373413085938,-775.7490234375,0.11167196184396744,-0.14996621012687683,-0.2678116261959076,0.9451541900634766,1,286583,2381
1786071920,812649062,1,-197.72311401367188,111.8548583984375,202.50729370117188,,,,,,,,,,286584,2381
1786071920,812649062,,,,,5,-1495.6097412109375,1021.8513793945312,-775.7950439453125,0.11162640899419785,-0.14970159530639648,-0.2680692970752716,0.9451285600662231,1,286584,2381
1786071920,820599575,1,-197.50131225585938,111.98908996582031,202.53292846679688,,,,,,,,,,286585,2381
1786071920,820599575,,,,,5,-1495.4915771484375,1021.7947387695312,-775.8055419921875,0.11112350225448608,-0.1506672203540802,-0.2669110894203186,0.9453620314598083,1,286585,2381
1786071920,828741356,1,-197.56434631347656,111.91506958007812,202.46658325195312,,,,,,,,,,286586,2381
1786071920,828741356,,,,,5,-1495.6280517578125,1021.8695678710938,-775.7782592773438,0.11167795956134796,-0.14979365468025208,-0.2680252194404602,0.9451202750205994,1,286586,2381
1786071920,837891294,1,-197.2908477783203,112.08499145507812,202.4659881591797,,,,,,,,,,286587,2381
1786071920,837891294,,,,,5,-1495.4990234375,1021.8098754882812,-775.8201904296875,0.11108843982219696,-0.1505684107542038,-0.26708000898361206,0.9453341960906982,1,286587,2381
1786071920,845605314,1,-197.58587646484375,111.96614074707031,202.38992309570312,,,,,,,,,,286588,2381
1786071920,845605314,,,,,5,-1495.633056640625,1021.8659057617188,-775.7428588867188,0.11168497055768967,-0.1497153788805008,-0.2683210074901581,0.9450479745864868,1,286588,2381
1786071920,853549394,1,-197.47828674316406,111.68138885498047,202.45852661132812,,,,,,,,,,286589,2381
1786071920,853549394,,,,,5,-1495.6263427734375,1021.8445434570312,-775.7582397460938,0.1116451546549797,-0.14949217438697815,-0.2679663598537445,0.945188581943512,1,286589,2381
1786071920,862559818,1,-197.56581115722656,111.833740234375,202.4846954345703,,,,,,,,,,286590,2381
1786071920,862559818,,,,,5,-1495.6551513671875,1021.8884887695312,-775.762451171875,0.1114344373345375,-0.15002097189426422,-0.2680736780166626,0.9450992345809937,1,286590,2381
1786071920,870513627,1,-197.54734802246094,111.88880157470703,202.4543914794922,,,,,,,,,,286591,2381
1786071920,870513627,,,,,5,-1495.521484375,1021.8087768554688,-775.8135375976562,0.11111054569482803,-0.15061268210411072,-0.2670474946498871,0.9453338384628296,1,286591,2381
1786071920,878477967,1,-197.5591278076172,111.89247131347656,202.43060302734375,,,,,,,,,,286592,2381
1786071920,878477967,,,,,5,-1495.520751953125,1021.8449096679688,-775.7802734375,0.1111317127943039,-0.15074843168258667,-0.267631471157074,0.9451444149017334,1,286592,2381
1786071920,887404215,1,-197.78305053710938,111.85057830810547,202.4000701904297,,,,,,,,,,286593,2381
1786071920,887404215,,,,,5,-1495.5223388671875,1021.7996215820312,-775.7966918945312,0.1112966239452362,-0.1505347043275833,-0.26728078722953796,0.9452583193778992,1,286593,2381
1786071920,895467837,1,-197.3501739501953,111.99956512451172,202.46115112304688,,,,,,,,,,286594,2381
1786071920,895467837,,,,,5,-1495.513671875,1021.8102416992188,-775.812255859375,0.11139920353889465,-0.15039348602294922,-0.2676946520805359,0.9451515674591064,1,286594,2381
1786071920,904438061,1,-197.44686889648438,111.84133911132812,202.38446044921875,,,,,,,,,,286595,2381
1786071920,904438061,,,,,5,-1495.5064697265625,1021.8067626953125,-775.812744140625,0.11134910583496094,-0.15034474432468414,-0.26712363958358765,0.9453268051147461,1,286595,2381
1786071920,912411458,1,-197.4892120361328,111.7047348022461,202.34498596191406,,,,,,,,,,286596,2381
1786071920,912411458,,,,,5,-1495.6259765625,1021.8513793945312,-775.7567749023438,0.11166823655366898,-0.1496763974428177,-0.2683107256889343,0.945059061050415,1,286596,2381
1786071920,920324140,1,-197.61349487304688,111.966552734375,202.34820556640625,,,,,,,,,,286597,2381
1786071920,920324140,,,,,5,-1495.486328125,1021.8236694335938,-775.7990112304688,0.1113712340593338,-0.1506202220916748,-0.26736366748809814,0.9452125430107117,1,286597,2381
1786071920,929329219,1,-197.58360290527344,111.83634185791016,202.37843322753906,,,,,,,,,,286598,2381
1786071920,929329219,,,,,5,-1495.650634765625,1021.8464965820312,-775.7485961914062,0.11147772520780563,-0.15001292526721954,-0.26843830943107605,0.944991946220398,1,286598,2381
1786071920,937274419,1,-197.22618103027344,111.84904479980469,202.399169921875,,,,,,,,,,286599,2381
1786071920,937274419,,,,,5,-1495.5440673828125,1021.8444213867188,-775.8053588867188,0.11090866476297379,-0.15060801804065704,-0.26685595512390137,0.945412278175354,1,286599,2381
1786071920,945328183,1,-197.43479919433594,111.9674072265625,202.36036682128906,,,,,,,,,,286600,2381
1786071920,945328183,,,,,5,-1495.6527099609375,1021.8549194335938,-775.7432861328125,0.11168105900287628,-0.1497727930545807,-0.26800164580345154,0.9451299905776978,1,286600,2381
1786071920,954312554,1,-197.48681640625,111.66268920898438,202.34524536132812,,,,,,,,,,286601,2381
1786071920,954312554,,,,,5,-1495.525390625,1021.7672119140625,-775.7793579101562,0.11126049607992172,-0.15082348883152008,-0.2677328288555145,0.9450886249542236,1,286601,2381
1786071920,962219251,1,-197.3988037109375,111.96257019042969,202.26275634765625,,,,,,,,,,286602,2381
1786071920,962219251,,,,,5,-1495.6258544921875,1021.8564453125,-775.7636108398438,0.11182761937379837,-0.1497291475534439,-0.268549382686615,0.9449641108512878,1,286602,2381
1786071920,970228783,1,-197.40133666992188,112.07444763183594,202.2613067626953,,,,,,,,,,286603,2381
1786071920,970228783,,,,,5,-1495.5184326171875,1021.7919311523438,-775.7694702148438,0.11108981817960739,-0.1507789045572281,-0.26707616448402405,0.9453016519546509,1,286603,2381
1786071920,979202976,1,-197.4584197998047,111.85395050048828,202.285400390625,,,,,,,,,,286604,2381
1786071920,979202976,,,,,5,-1495.6160888671875,1021.8751831054688,-775.785888671875,0.11156614869832993,-0.14968399703502655,-0.26792433857917786,0.9451795220375061,1,286604,2381
1786071920,987142735,1,-197.3146514892578,111.90780639648438,202.3087158203125,,,,,,,,,,286605,2381
1786071920,987142735,,,,,5,-1495.5137939453125,1021.8142700195312,-775.8114624023438,0.1110621839761734,-0.15055052936077118,-0.2672347128391266,0.9452964067459106,1,286605,2381
1786071920,995113668,1,-197.50341796875,111.89327239990234,202.27511596679688,,,,,,,,,,286606,2381
1786071920,995113668,,,,,5,-1495.5355224609375,1021.8222045898438,-775.8267822265625,0.11071523278951645,-0.15077351033687592,-0.26651236414909363,0.9455055594444275,1,286606,2381
1786071921,4106072,1,-197.4815673828125,112.4090805053711,202.7263946533203,,,,,,,,,,286607,2381
1786071921,4106072,,,,,5,-1495.4813232421875,1021.8147583007812,-775.8275756835938,0.11117307841777802,-0.15072064101696014,-0.2665797472000122,0.9454412460327148,1,286607,2381
1786071921,12074092,1,-197.52920532226562,111.8511734008789,202.24786376953125,,,,,,,,,,286608,2381
1786071921,12074092,,,,,5,-1495.6142578125,1021.8404541015625,-775.8003540039062,0.11170429736375809,-0.14989343285560608,-0.26791736483573914,0.9451319575309753,1,286608,2381
1786071921,21059583,1,-197.5083770751953,111.5997543334961,202.18589782714844,,,,,,,,,,286609,2381
1786071921,21059583,,,,,5,-1495.6444091796875,1021.8564453125,-775.7716064453125,0.1116144061088562,-0.14983348548412323,-0.26789066195487976,0.9451596736907959,1,286609,2381
1786071921,29022002,1,-197.51075744628906,111.90081024169922,202.2941131591797,,,,,,,,,,286610,2381
1786071921,29022002,,,,,5,-1495.59765625,1021.8573608398438,-775.7275390625,0.11147948354482651,-0.1500403732061386,-0.2684139609336853,0.944994330406189,1,286610,2381
1786071921,36974916,1,-197.5491485595703,111.64544677734375,202.15463256835938,,,,,,,,,,286611,2381
1786071921,36974916,,,,,5,-1495.6240234375,1021.8635864257812,-775.7750854492188,0.11164712905883789,-0.14971721172332764,-0.26844778656959534,0.9450162649154663,1,286611,2381
1786071921,46062474,1,-197.81211853027344,112.673095703125,202.1756591796875,,,,,,,,,,286612,2381
1786071921,46062474,,,,,5,-1495.5123291015625,1021.7919311523438,-775.7979125976562,0.11107121407985687,-0.1505891978740692,-0.26661333441734314,0.9454646706581116,1,286612,2381
1786071921,53980725,1,-197.66539001464844,111.84369659423828,202.23318481445312,,,,,,,,,,286613,2381
1786071921,53980725,,,,,5,-1495.6077880859375,1021.8632202148438,-775.7643432617188,0.111751027405262,-0.14988404512405396,-0.26810115575790405,0.9450758099555969,1,286613,2381
1786071921,62038490,1,-197.6031036376953,111.84941864013672,202.19357299804688,,,,,,,,,,286614,2381
1786071921,62038490,,,,,5,-1495.6429443359375,1021.8518676757812,-775.7723388671875,0.11186489462852478,-0.14967815577983856,-0.2682289779186249,0.9450587630271912,1,286614,2381
1786071921,70910488,1,-197.66505432128906,111.77560424804688,202.2438507080078,,,,,,,,,,286615,2381
1786071921,70910488,,,,,5,-1495.534912109375,1021.8303833007812,-775.8136596679688,0.11120972037315369,-0.15045028924942017,-0.26764434576034546,0.9451793432235718,1,286615,2381
1786071921,78931414,1,-197.56378173828125,112.31689453125,202.63693237304688,,,,,,,,,,286616,2381
1786071921,78931414,,,,,5,-1495.6634521484375,1021.8902587890625,-775.7738647460938,0.11143114417791367,-0.15002454817295074,-0.2678113579750061,0.9451733827590942,1,286616,2381
1786071921,86812186,1,-197.3502960205078,111.74292755126953,202.29710388183594,,,,,,,,,,286617,2381
1786071921,86812186,,,,,5,-1495.62060546875,1021.8544921875,-775.7733764648438,0.11174579709768295,-0.1498446762561798,-0.26805344223976135,0.9450961947441101,1,286617,2381
1786071921,95883005,1,-197.38214111328125,111.69084930419922,202.2666473388672,,,,,,,,,,286618,2381
1786071921,95883005,,,,,5,-1495.53515625,1021.8206176757812,-775.7848510742188,0.11100074648857117,-0.15072031319141388,-0.26748940348625183,0.9452046155929565,1,286618,2381
1786071921,103873365,1,-197.40748596191406,112.18435668945312,202.7384490966797,,,,,,,,,,286619,2381
1786071921,103873365,,,,,5,-1495.51904296875,1021.8331298828125,-775.7999267578125,0.11095745861530304,-0.150748148560524,-0.2670062482357025,0.9453418850898743,1,286619,2381
1786071921,111774365,1,-197.4654083251953,111.86780548095703,202.346923828125,,,,,,,,,,286620,2381
1786071921,111774365,,,,,5,-1495.515625,1021.8150634765625,-775.8114013671875,0.11106283962726593,-0.15054966509342194,-0.26699742674827576,0.9453635811805725,1,286620,2381
1786071921,121027586,1,-197.6876678466797,112.68986511230469,202.13172912597656,,,,,,,,,,286621,2381
1786071921,121027586,,,,,5,-1495.5179443359375,1021.7865600585938,-775.8113403320312,0.11142522096633911,-0.15062713623046875,-0.26745980978012085,0.9451778531074524,1,286621,2381
1786071921,128752169,1,-197.74383544921875,111.68478393554688,202.24925231933594,,,,,,,,,,286622,2381
1786071921,128752169,,,,,5,-1495.527587890625,1021.80322265625,-775.80322265625,0.11124227195978165,-0.1506168097257614,-0.26747390627861023,0.9451970458030701,1,286622,2381
1786071921,137751358,1,-197.76223754882812,111.76901245117188,202.31195068359375,,,,,,,,,,286623,2381
1786071921,137751358,,,,,5,-1495.5335693359375,1021.81982421875,-775.8123779296875,0.11106990277767181,-0.15061041712760925,-0.267185777425766,0.9452998638153076,1,286623,2381
1786071921,145744407,1,-197.5597381591797,111.9117431640625,202.2510223388672,,,,,,,,,,286624,2381
1786071921,145744407,,,,,5,-1495.54541015625,1021.80908203125,-775.811279296875,0.11135965585708618,-0.1504523605108261,-0.26775872707366943,0.9451287984848022,1,286624,2381
1786071921,153766806,1,-197.59771728515625,111.91011810302734,202.268798828125,,,,,,,,,,286625,2381
1786071921,153766806,,,,,5,-1495.609130859375,1021.8782348632812,-775.7789916992188,0.11150951683521271,-0.14962725341320038,-0.2678053677082062,0.9452288746833801,1,286625,2381
1786071921,162674938,1,-197.646728515625,112.71106719970703,202.19287109375,,,,,,,,,,286626,2381
1786071921,162674938,,,,,5,-1495.607666015625,1021.89208984375,-775.7590942382812,0.11157175153493881,-0.14981932938098907,-0.26772594451904297,0.9452136158943176,1,286626,2381
1786071921,170633837,1,-197.55792236328125,111.85869598388672,202.3004913330078,,,,,,,,,,286627,2381
1786071921,170633837,,,,,5,-1495.5032958984375,1021.7987670898438,-775.821044921875,0.11106237024068832,-0.15063068270683289,-0.2667030990123749,0.9454337954521179,1,286627,2381
1786071921,178718743,1,-197.73382568359375,111.69114685058594,202.15576171875,,,,,,,,,,286628,2381
1786071921,178718743,,,,,5,-1495.6351318359375,1021.8707885742188,-775.738525390625,0.11155363917350769,-0.1499086171388626,-0.26809704303741455,0.9450964331626892,1,286628,2381
1786071921,187899246,1,-197.44334411621094,111.86363220214844,202.24545288085938,,,,,,,,,,286629,2381
1786071921,187899246,,,,,5,-1495.51953125,1021.8123168945312,-775.8048095703125,0.11122862994670868,-0.15059585869312286,-0.267437219619751,0.9452123641967773,1,286629,2381
1786071921,195577196,1,-197.8350830078125,111.62249755859375,202.32920837402344,,,,,,,,,,286630,2381
1786071921,195577196,,,,,5,-1495.6492919921875,1021.85302734375,-775.7592163085938,0.11165118962526321,-0.14999502897262573,-0.2683357000350952,0.9450033903121948,1,286630,2381
1786071921,203045635,1,-197.88059997558594,112.64481353759766,202.13133239746094,,,,,,,,,,286631,2381
1786071921,203045635,,,,,5,-1495.6451416015625,1021.8616333007812,-775.7752685546875,0.11177143454551697,-0.14985361695289612,-0.2683023512363434,0.9450210928916931,1,286631,2381
1786071921,212562233,1,-197.48605346679688,111.98941040039062,202.21783447265625,,,,,,,,,,286632,2381
1786071921,212562233,,,,,5,-1495.615234375,1021.8629150390625,-775.7661743164062,0.11160363256931305,-0.14969362318515778,-0.2677386999130249,0.9452261328697205,1,286632,2381
1786071921,220522028,1,-197.7727508544922,111.6968002319336,202.24375915527344,,,,,,,,,,286633,2381
1786071921,220522028,,,,,5,-1495.6309814453125,1021.85498046875,-775.7589721679688,0.11157046258449554,-0.14984898269176483,-0.26780661940574646,0.9451861381530762,1,286633,2381
1786071921,228560558,1,-197.8003387451172,112.15619659423828,202.5526123046875,,,,,,,,,,286634,2381
1786071921,228560558,,,,,5,-1495.64599609375,1021.8600463867188,-775.7816772460938,0.11162341386079788,-0.14981241524219513,-0.26794517040252686,0.9451466202735901,1,286634,2381
1786071921,237507801,1,-197.90017700195312,111.96028137207031,202.4873809814453,,,,,,,,,,286635,2381
1786071921,237507801,,,,,5,-1495.6199951171875,1021.8568725585938,-775.7747802734375,0.11180753260850906,-0.14989273250102997,-0.26802411675453186,0.94508957862854,1,286635,2381
1786071921,245495473,1,-197.3203582763672,111.70597839355469,202.25245666503906,,,,,,,,,,286636,2381
1786071921,245495473,,,,,5,-1495.5281982421875,1021.81103515625,-775.7926635742188,0.11116000264883041,-0.15079209208488464,-0.26750582456588745,0.9451698064804077,1,286636,2381
1786071921,254458240,1,-197.56283569335938,111.90957641601562,202.21119689941406,,,,,,,,,,286637,2381
1786071921,254458240,,,,,5,-1495.5067138671875,1021.8034057617188,-775.8073120117188,0.11109955608844757,-0.15050432085990906,-0.26689764857292175,0.9453946352005005,1,286637,2381
1786071921,262426836,1,-197.54298400878906,112.1138687133789,202.7156524658203,,,,,,,,,,286638,2381
1786071921,262426836,,,,,5,-1495.6422119140625,1021.8634033203125,-775.7455444335938,0.11126165837049484,-0.1501394510269165,-0.2677380442619324,0.9451959729194641,1,286638,2381
1786071921,270388968,1,-197.47286987304688,111.68069458007812,202.17027282714844,,,,,,,,,,286639,2381
1786071921,270388968,,,,,5,-1495.5255126953125,1021.7918090820312,-775.7847900390625,0.1109970360994339,-0.15095700323581696,-0.26742056012153625,0.9451867341995239,1,286639,2381
1786071921,279797930,1,-197.57997131347656,112.34398651123047,202.6666259765625,,,,,,,,,,286640,2381
1786071921,279797930,,,,,5,-1495.5228271484375,1021.8233642578125,-775.8176879882812,0.11068117618560791,-0.15076914429664612,-0.2666907012462616,0.9454599022865295,1,286640,2381
1786071921,287309961,1,-197.8732452392578,112.7236099243164,202.1461639404297,,,,,,,,,,286641,2381
1786071921,287309961,,,,,5,-1495.6143798828125,1021.8347778320312,-775.7307739257812,0.11179128289222717,-0.1499803364276886,-0.2682333290576935,0.9450182318687439,1,286641,2381
1786071921,295272092,1,-197.73367309570312,111.79753875732422,202.28102111816406,,,,,,,,,,286642,2381
1786071921,295272092,,,,,5,-1495.4940185546875,1021.8104858398438,-775.8067626953125,0.11101248860359192,-0.1507093459367752,-0.2665790617465973,0.9454620480537415,1,286642,2381
1786071921,304271153,1,-197.65780639648438,111.84227752685547,202.24351501464844,,,,,,,,,,286643,2381
1786071921,304271153,,,,,5,-1495.659423828125,1021.8951416015625,-775.75634765625,0.11143374443054199,-0.15001749992370605,-0.26797398924827576,0.9451282620429993,1,286643,2381
1786071921,312220610,1,-197.6858367919922,111.82764434814453,202.18357849121094,,,,,,,,,,286644,2381
1786071921,312220610,,,,,5,-1495.507080078125,1021.81689453125,-775.8109741210938,0.11127901822328568,-0.15055979788303375,-0.2672385573387146,0.9452683329582214,1,286644,2381
1786071921,320175732,1,-197.83287048339844,112.76206970214844,202.16554260253906,,,,,,,,,,286645,2381
1786071921,320175732,,,,,5,-1495.5213623046875,1021.8397827148438,-775.7804565429688,0.11103051155805588,-0.15069375932216644,-0.2673678398132324,0.945239782333374,1,286645,2381
1786071921,329164168,1,-197.61192321777344,111.77172088623047,202.202880859375,,,,,,,,,,286646,2381
1786071921,329164168,,,,,5,-1495.642578125,1021.8892822265625,-775.7664184570312,0.11160694062709808,-0.14974752068519592,-0.26821720600128174,0.9450815916061401,1,286646,2381
1786071921,337146623,1,-197.88955688476562,111.82201385498047,202.18312072753906,,,,,,,,,,286647,2381
1786071921,337146623,,,,,5,-1495.6510009765625,1021.8683471679688,-775.7578125,0.11152373999357224,-0.1500188708305359,-0.26806318759918213,0.9450920820236206,1,286647,2381
1786071921,346116111,1,-198.0044403076172,112.06326293945312,202.48672485351562,,,,,,,,,,286648,2381
1786071921,346116111,,,,,5,-1495.5089111328125,1021.7838134765625,-775.8168334960938,0.11148405820131302,-0.15070103108882904,-0.2675169110298157,0.945142924785614,1,286648,2381
1786071921,354123402,1,-197.79566955566406,112.0638198852539,202.65786743164062,,,,,,,,,,286649,2381
1786071921,354123402,,,,,5,-1495.5152587890625,1021.8214111328125,-775.8357543945312,0.11111518740653992,-0.15056538581848145,-0.26676422357559204,0.9454207420349121,1,286649,2381
1786071921,362085245,1,-197.60379028320312,112.13455200195312,202.5857696533203,,,,,,,,,,286650,2381
1786071921,362085245,,,,,5,-1495.6329345703125,1021.8538208007812,-775.7780151367188,0.11181385070085526,-0.1496496945619583,-0.2682460844516754,0.9450643658638,1,286650,2381
1786071921,371065231,1,-197.6706085205078,112.27796936035156,202.6985321044922,,,,,,,,,,286651,2381
1786071921,371065231,,,,,5,-1495.6265869140625,1021.86572265625,-775.7732543945312,0.11171793937683105,-0.14984287321567535,-0.2682711184024811,0.9450380802154541,1,286651,2381
1786071921,378980122,1,-197.39166259765625,111.7772445678711,202.17332458496094,,,,,,,,,,286652,2381
1786071921,378980122,,,,,5,-1495.6138916015625,1021.8547973632812,-775.7562866210938,0.11190621554851532,-0.1497156322002411,-0.2689754068851471,0.9448357820510864,1,286652,2381
1786071921,387039711,1,-197.72499084472656,111.86260986328125,202.26585388183594,,,,,,,,,,286653,2381
1786071921,387039711,,,,,5,-1495.607666015625,1021.8517456054688,-775.7648315429688,0.11157780885696411,-0.14996154606342316,-0.26797014474868774,0.9451211094856262,1,286653,2381
1786071921,396060857,1,-197.43472290039062,111.89807891845703,202.26573181152344,,,,,,,,,,286654,2381
1786071921,396060857,,,,,5,-1495.5311279296875,1021.8161010742188,-775.8284301757812,0.11120238900184631,-0.1505231112241745,-0.2672843635082245,0.9452703595161438,1,286654,2381
1786071921,403937788,1,-197.73313903808594,111.82115936279297,202.2149658203125,,,,,,,,,,286655,2381
1786071921,403937788,,,,,5,-1495.614501953125,1021.8239135742188,-775.7549438476562,0.11172698438167572,-0.14985375106334686,-0.26847192645072937,0.9449782371520996,1,286655,2381
1786071921,411910481,1,-197.97903442382812,112.05968475341797,202.50270080566406,,,,,,,,,,286656,2381
1786071921,411910481,,,,,5,-1495.5185546875,1021.8025512695312,-775.8128051757812,0.1110214814543724,-0.15078695118427277,-0.2671538293361664,0.9452865123748779,1,286656,2381
1786071921,420876160,1,-197.8177490234375,111.79981994628906,202.19622802734375,,,,,,,,,,286657,2381
1786071921,420876160,,,,,5,-1495.5238037109375,1021.7863159179688,-775.8232421875,0.11137614399194717,-0.1505424827337265,-0.2674597203731537,0.9451971054077148,1,286657,2381
1786071921,428888445,1,-197.74945068359375,111.68999481201172,202.13587951660156,,,,,,,,,,286658,2381
1786071921,428888445,,,,,5,-1495.6353759765625,1021.8621215820312,-775.7763061523438,0.11169538646936417,-0.1498066782951355,-0.26826170086860657,0.9450490474700928,1,286658,2381
1786071921,436792997,1,-197.83111572265625,111.71975708007812,202.1803436279297,,,,,,,,,,286659,2381
1786071921,436792997,,,,,5,-1495.4976806640625,1021.7847900390625,-775.8060302734375,0.11122643202543259,-0.15033608675003052,-0.2675000727176666,0.9452362060546875,1,286659,2381
1786071921,445771703,1,-197.7304229736328,111.85469055175781,202.17848205566406,,,,,,,,,,286660,2381
1786071921,445771703,,,,,5,-1495.5255126953125,1021.7927856445312,-775.7631225585938,0.11157512664794922,-0.15038302540779114,-0.2676527500152588,0.945144534111023,1,286660,2381
1786071921,453765232,1,-197.48497009277344,111.93414306640625,202.18443298339844,,,,,,,,,,286661,2382
1786071921,453765232,,,,,5,-1495.6566162109375,1021.8829956054688,-775.7706909179688,0.11161316931247711,-0.1499723196029663,-0.26834219694137573,0.945009708404541,1,286661,2382
1786071921,462751811,1,-197.63815307617188,111.80596160888672,202.15660095214844,,,,,,,,,,286662,2382
1786071921,462751811,,,,,5,-1495.4822998046875,1021.77783203125,-775.7910766601562,0.11111804842948914,-0.150616854429245,-0.2673178017139435,0.9452558159828186,1,286662,2382
1786071921,470708757,1,-197.54205322265625,111.64787292480469,202.14071655273438,,,,,,,,,,286663,2382
1786071921,470708757,,,,,5,-1495.6197509765625,1021.8562622070312,-775.792236328125,0.11169155687093735,-0.14981800317764282,-0.26795122027397156,0.9451358914375305,1,286663,2382
1786071921,478733684,1,-197.68283081054688,111.56405639648438,202.02439880371094,,,,,,,,,,286664,2382
1786071921,478733684,,,,,5,-1495.62109375,1021.8578491210938,-775.78369140625,0.11168070882558823,-0.14974947273731232,-0.26823899149894714,0.9450663328170776,1,286664,2382
1786071921,487657628,1,-197.58038330078125,111.61971282958984,202.16323852539062,,,,,,,,,,286665,2382
1786071921,487657628,,,,,5,-1495.5096435546875,1021.8012084960938,-775.7980346679688,0.11119764298200607,-0.1505201905965805,-0.26709529757499695,0.9453247785568237,1,286665,2382
1786071921,498209332,1,-197.60250854492188,112.29637908935547,202.55723571777344,,,,,,,,,,286666,2382
1786071921,498209332,,,,,5,-1495.6400146484375,1021.8756713867188,-775.7852172851562,0.11144647002220154,-0.1497611105442047,-0.26764094829559326,0.9452617168426514,1,286666,2382
1786071921,503635276,1,-197.962158203125,111.97954559326172,202.4202117919922,,,,,,,,,,286667,2382
1786071921,503635276,,,,,5,-1495.5120849609375,1021.7872924804688,-775.8137817382812,0.11128007620573044,-0.15055617690086365,-0.26720839738845825,0.9452773928642273,1,286667,2382
1786071921,512611549,1,-197.78443908691406,111.62876892089844,202.1224365234375,,,,,,,,,,286668,2382
1786071921,512611549,,,,,5,-1495.6356201171875,1021.8544921875,-775.7744140625,0.11182060837745667,-0.14978280663490295,-0.2682408392429352,0.9450440406799316,1,286668,2382
1786071921,521285878,1,-197.81283569335938,111.89771270751953,202.16708374023438,,,,,,,,,,286669,2382
1786071921,521285878,,,,,5,-1495.503662109375,1021.79345703125,-775.8395385742188,0.11118928343057632,-0.15058408677577972,-0.2671991288661957,0.9452861547470093,1,286669,2382
1786071921,528566698,1,-197.6189727783203,111.7293701171875,202.068115234375,,,,,,,,,,286670,2382
1786071921,528566698,,,,,5,-1495.6236572265625,1021.8778686523438,-775.7916259765625,0.11182104051113129,-0.1495155394077301,-0.2680925130844116,0.9451283812522888,1,286670,2382
1786071921,537713371,1,-197.8928985595703,112.01480865478516,202.422119140625,,,,,,,,,,286671,2382
1786071921,537713371,,,,,5,-1495.6180419921875,1021.85009765625,-775.7495727539062,0.11149918287992477,-0.14995120465755463,-0.26817959547042847,0.9450728297233582,1,286671,2382
1786071921,545522225,1,-197.83895874023438,111.93074035644531,202.4897003173828,,,,,,,,,,286672,2382
1786071921,545522225,,,,,5,-1495.6282958984375,1021.8771362304688,-775.7886962890625,0.11132033914327621,-0.14978143572807312,-0.2678143382072449,0.9452242255210876,1,286672,2382
1786071921,553593753,1,-197.57904052734375,112.37085723876953,202.4871826171875,,,,,,,,,,286673,2382
1786071921,553593753,,,,,5,-1495.498291015625,1021.802734375,-775.8112182617188,0.11108320951461792,-0.15043021738529205,-0.2669529914855957,0.9453927278518677,1,286673,2382
1786071921,562479417,1,-197.7967071533203,111.93171691894531,202.45440673828125,,,,,,,,,,286674,2382
1786071921,562479417,,,,,5,-1495.4871826171875,1021.8065795898438,-775.8412475585938,0.11104529350996017,-0.15054219961166382,-0.2666780352592468,0.9454569220542908,1,286674,2382
1786071921,570415431,1,-197.72608947753906,111.8456039428711,202.0857391357422,,,,,,,,,,286675,2382
1786071921,570415431,,,,,5,-1495.62451171875,1021.89013671875,-775.7762451171875,0.11132028698921204,-0.14991360902786255,-0.26758649945259094,0.9452678561210632,1,286675,2382
1786071921,579437761,1,-197.81817626953125,112.13199615478516,202.42478942871094,,,,,,,,,,286676,2382
1786071921,579437761,,,,,5,-1495.5257568359375,1021.802734375,-775.7926025390625,0.11089392006397247,-0.15087245404720306,-0.26752620935440063,0.9451825022697449,1,286676,2382
1786071921,587387282,1,-198.12722778320312,112.71533203125,202.2769012451172,,,,,,,,,,286677,2382
1786071921,587387282,,,,,5,-1495.6219482421875,1021.8932495117188,-775.7872924804688,0.11128409951925278,-0.15000475943088531,-0.2673609256744385,0.9453215003013611,1,286677,2382
1786071921,595473661,1,-197.5751953125,112.36119842529297,202.5665283203125,,,,,,,,,,286678,2382
1786071921,595473661,,,,,5,-1495.5242919921875,1021.8004760742188,-775.80810546875,0.11111252754926682,-0.1507917046546936,-0.2672811448574066,0.9452389478683472,1,286678,2382
1786071921,604528860,1,-197.8033905029297,112.10363006591797,202.4921875,,,,,,,,,,286679,2382
1786071921,604528860,,,,,5,-1495.6138916015625,1021.8538208007812,-775.7805786132812,0.11175242811441422,-0.14983513951301575,-0.26834648847579956,0.9450137615203857,1,286679,2382
1786071921,612363288,1,-197.71286010742188,111.91121673583984,202.50701904296875,,,,,,,,,,286680,2382
1786071921,612363288,,,,,5,-1495.4915771484375,1021.8154296875,-775.8126831054688,0.11096284538507462,-0.1505064219236374,-0.2664911448955536,0.9455249905586243,1,286680,2382
1786071921,620291685,1,-197.67294311523438,111.8272933959961,202.0940399169922,,,,,,,,,,286681,2382
1786071921,620291685,,,,,5,-1495.48828125,1021.7926025390625,-775.8396606445312,0.11114101856946945,-0.15045249462127686,-0.26680636405944824,0.9454237222671509,1,286681,2382
1786071921,629349061,1,-197.4990997314453,111.67431640625,202.1180877685547,,,,,,,,,,286682,2382
1786071921,629349061,,,,,5,-1495.6290283203125,1021.8588256835938,-775.7755126953125,0.11173228174448013,-0.14980849623680115,-0.26803919672966003,0.9451075792312622,1,286682,2382
1786071921,637335677,1,-197.92141723632812,112.11355590820312,202.4288787841797,,,,,,,,,,286683,2382
1786071921,637335677,,,,,5,-1495.5362548828125,1021.8165283203125,-775.8157958984375,0.1109088584780693,-0.15069009363651276,-0.2671583592891693,0.9453138113021851,1,286683,2382
1786071921,645298672,1,-197.50820922851562,112.54168701171875,202.0407257080078,,,,,,,,,,286684,2382
1786071921,645298672,,,,,5,-1495.527587890625,1021.8302001953125,-775.8151245117188,0.11129890382289886,-0.15046881139278412,-0.26729005575180054,0.9452659487724304,1,286684,2382
1786071921,654284195,1,-198.2114715576172,112.79059600830078,202.2530059814453,,,,,,,,,,286685,2382
1786071921,654284195,,,,,5,-1495.630126953125,1021.88232421875,-775.7487182617188,0.11146050691604614,-0.14981193840503693,-0.2677134573459625,0.9452314376831055,1,286685,2382
1786071921,662215024,1,-197.7783660888672,111.72071838378906,202.16314697265625,,,,,,,,,,286686,2382
1786071921,662215024,,,,,5,-1495.5146484375,1021.8092041015625,-775.792724609375,0.11117223650217056,-0.1505972445011139,-0.2670080363750458,0.9453400373458862,1,286686,2382
1786071921,670200168,1,-197.5967559814453,112.38350677490234,202.58349609375,,,,,,,,,,286687,2382
1786071921,670200168,,,,,5,-1495.4813232421875,1021.7901611328125,-775.7939453125,0.11132096499204636,-0.1504901498556137,-0.26749172806739807,0.9452028274536133,1,286687,2382
1786071921,679189244,1,-197.6974639892578,111.7956771850586,202.1837921142578,,,,,,,,,,286688,2382
1786071921,679189244,,,,,5,-1495.6209716796875,1021.8602905273438,-775.7874755859375,0.11165201663970947,-0.14971739053726196,-0.268068790435791,0.9451230764389038,1,286688,2382
1786071921,687161329,1,-198.2308349609375,112.72724914550781,202.23077392578125,,,,,,,,,,286689,2382
1786071921,687161329,,,,,5,-1495.5426025390625,1021.8370971679688,-775.7907104492188,0.11083076894283295,-0.1506669521331787,-0.2669259309768677,0.945392370223999,1,286689,2382
1786071921,696096154,1,-197.87718200683594,112.24164581298828,202.40965270996094,,,,,,,,,,286690,2382
1786071921,696096154,,,,,5,-1495.5150146484375,1021.8151245117188,-775.8142700195312,0.11123108118772507,-0.15044176578521729,-0.2678520977497101,0.9451190829277039,1,286690,2382
1786071921,704084050,1,-197.67388916015625,112.30498504638672,202.58547973632812,,,,,,,,,,286691,2382
1786071921,704084050,,,,,5,-1495.63330078125,1021.8590087890625,-775.7806396484375,0.11153323203325272,-0.1496383398771286,-0.2679484784603119,0.9451838135719299,1,286691,2382
1786071921,711986682,1,-197.9180145263672,112.67222595214844,202.07310485839844,,,,,,,,,,286692,2382
1786071921,711986682,,,,,5,-1495.6185302734375,1021.8660278320312,-775.7647094726562,0.11179862171411514,-0.14970137178897858,-0.2685033977031708,0.9449849724769592,1,286692,2382
1786071921,721017814,1,-197.91928100585938,112.05659484863281,202.47317504882812,,,,,,,,,,286693,2382
1786071921,721017814,,,,,5,-1495.63623046875,1021.8727416992188,-775.7670288085938,0.11151399463415146,-0.1496475636959076,-0.2674420177936554,0.9453280568122864,1,286693,2382
1786071921,729001293,1,-197.93736267089844,111.81519317626953,202.16847229003906,,,,,,,,,,286694,2382
1786071921,729001293,,,,,5,-1495.6363525390625,1021.8609619140625,-775.79345703125,0.11153579503297806,-0.14982850849628448,-0.2676633596420288,0.9452340602874756,1,286694,2382
1786071921,736419674,1,-197.7252655029297,112.80228424072266,202.01382446289062,,,,,,,,,,286695,2382
1786071921,736419674,,,,,5,-1495.483154296875,1021.8053588867188,-775.8402709960938,0.11112695187330246,-0.15056900680065155,-0.2668703496456146,0.9453887343406677,1,286695,2382
1786071921,746080908,1,-198.00428771972656,112.00347900390625,202.36294555664062,,,,,,,,,,286696,2382
1786071921,746080908,,,,,5,-1495.6314697265625,1021.8543090820312,-775.7819213867188,0.11164159327745438,-0.14972274005413055,-0.26818549633026123,0.9450903534889221,1,286696,2382
1786071921,753904421,1,-197.8300323486328,112.68757629394531,201.90518188476562,,,,,,,,,,286697,2382
1786071921,753904421,,,,,5,-1495.622802734375,1021.8671264648438,-775.7552490234375,0.11174122989177704,-0.1497885286808014,-0.26808828115463257,0.9450957179069519,1,286697,2382
1786071921,761901343,1,-197.9763946533203,112.013671875,202.3844451904297,,,,,,,,,,286698,2382
1786071921,761901343,,,,,5,-1495.4984130859375,1021.78759765625,-775.8243408203125,0.1114976778626442,-0.15068629384040833,-0.26768526434898376,0.9450960159301758,1,286698,2382
1786071921,770916151,1,-197.97743225097656,111.80582427978516,202.01817321777344,,,,,,,,,,286699,2382
1786071921,770916151,,,,,5,-1495.5068359375,1021.8114624023438,-775.83251953125,0.11103025078773499,-0.1504633128643036,-0.26673978567123413,0.945453941822052,1,286699,2382
1786071921,778814590,1,-198.01467895507812,112.5971908569336,201.92784118652344,,,,,,,,,,286700,2382
1786071921,778814590,,,,,5,-1495.524658203125,1021.8135986328125,-775.8214111328125,0.11121653020381927,-0.15050478279590607,-0.2673155963420868,0.9452626705169678,1,286700,2382
1786071921,787816212,1,-197.64158630371094,111.80326843261719,202.04356384277344,,,,,,,,,,286701,2382
1786071921,787816212,,,,,5,-1495.6273193359375,1021.88427734375,-775.7814331054688,0.11157304793596268,-0.14953528344631195,-0.26769280433654785,0.9452677965164185,1,286701,2382
1786071921,795793354,1,-197.38681030273438,112.0648193359375,202.4842987060547,,,,,,,,,,286702,2382
1786071921,795793354,,,,,5,-1495.653564453125,1021.87109375,-775.7608642578125,0.11164259910583496,-0.14981426298618317,-0.26793596148490906,0.9451465010643005,1,286702,2382
1786071921,803765215,1,-193.894287109375,112.76355743408203,204.84405517578125,,,,,,,,,,286703,2382
1786071921,803765215,,,,,5,-1495.5101318359375,1021.7838745117188,-775.81396484375,0.11135964840650558,-0.1506805717945099,-0.2672458589076996,0.9452375769615173,1,286703,2382
1786071921,812736175,1,-195.96270751953125,111.72179412841797,205.0030975341797,,,,,,,,,,286704,2382
1786071921,812736175,,,,,5,-1495.5155029296875,1021.7953491210938,-775.8114624023438,0.11127842217683792,-0.1505761593580246,-0.26736903190612793,0.9452288746833801,1,286704,2382
1786071921,820710885,1,-193.7256317138672,112.73505401611328,204.78546142578125,,,,,,,,,,286705,2382
1786071921,820710885,,,,,5,-1495.5023193359375,1021.7927856445312,-775.8194580078125,0.11102408170700073,-0.15064483880996704,-0.26696252822875977,0.9453628659248352,1,286705,2382
1786071921,828651092,1,-195.9313201904297,111.7139892578125,204.9786834716797,,,,,,,,,,286706,2382
1786071921,828651092,,,,,5,-1495.6209716796875,1021.8381958007812,-775.7648315429688,0.11186952143907547,-0.1495722234249115,-0.26891860365867615,0.9448789358139038,1,286706,2382
1786071921,837676206,1,-194.1708526611328,113.3544921875,204.69998168945312,,,,,,,,,,286707,2382
1786071921,837676206,,,,,5,-1495.50390625,1021.8043212890625,-775.7975463867188,0.11122793704271317,-0.1506204903125763,-0.2672291696071625,0.9452674388885498,1,286707,2382
1786071921,845591321,1,-193.76296997070312,113.17034149169922,204.7228546142578,,,,,,,,,,286708,2382
1786071921,845591321,,,,,5,-1495.6199951171875,1021.8566284179688,-775.7882690429688,0.111667200922966,-0.14985018968582153,-0.2678637206554413,0.9451583623886108,1,286708,2382
1786071921,853637020,1,-193.93528747558594,113.51705932617188,204.69674682617188,,,,,,,,,,286709,2382
1786071921,853637020,,,,,5,-1495.529296875,1021.7875366210938,-775.8197631835938,0.11125519126653671,-0.15053221583366394,-0.2673087418079376,0.9452557563781738,1,286709,2382
1786071921,862605803,1,-195.96243286132812,111.72018432617188,204.98965454101562,,,,,,,,,,286710,2382
1786071921,862605803,,,,,5,-1495.62109375,1021.8654174804688,-775.7719116210938,0.11171524226665497,-0.1498139351606369,-0.26843446493148804,0.9449964761734009,1,286710,2382
1786071921,870531960,1,-193.6561737060547,112.9575424194336,204.75750732421875,,,,,,,,,,286711,2382
1786071921,870531960,,,,,5,-1495.6334228515625,1021.8585205078125,-775.7659301757812,0.11169954389333725,-0.1500416398048401,-0.2683103084564209,0.9449974894523621,1,286711,2382
1786071921,878511086,1,-193.86929321289062,113.33810424804688,204.75790405273438,,,,,,,,,,286712,2382
1786071921,878511086,,,,,5,-1495.611328125,1021.8441772460938,-775.7965698242188,0.11161771416664124,-0.14956507086753845,-0.2683408558368683,0.9450741410255432,1,286712,2382
1786071921,887499714,1,-198.3054962158203,112.39720916748047,202.18777465820312,,,,,,,,,,286713,2382
1786071921,887499714,,,,,5,-1495.5145263671875,1021.7799682617188,-775.8209838867188,0.11111709475517273,-0.1506579965353012,-0.267365962266922,0.9452357292175293,1,286713,2382
1786071921,895466326,1,-197.61935424804688,111.64326477050781,201.93801879882812,,,,,,,,,,286714,2382
1786071921,895466326,,,,,5,-1495.5316162109375,1021.8615112304688,-775.84326171875,0.11101094633340836,-0.15055014193058014,-0.2665921449661255,0.945483922958374,1,286714,2382
1786071921,905018995,1,-197.7689971923828,111.78662109375,202.03201293945312,,,,,,,,,,286715,2382
1786071921,905018995,,,,,5,-1495.5113525390625,1021.7926635742188,-775.820556640625,0.1113511398434639,-0.1505432426929474,-0.26752960681915283,0.9451802968978882,1,286715,2382
1786071921,912436608,1,-197.71824645996094,111.80985260009766,202.09542846679688,,,,,,,,,,286716,2382
1786071921,912436608,,,,,5,-1495.6376953125,1021.85009765625,-775.7960205078125,0.11169913411140442,-0.14966705441474915,-0.26797112822532654,0.9451532959938049,1,286716,2382
1786071921,920445436,1,-198.17111206054688,112.51944732666016,201.99581909179688,,,,,,,,,,286717,2382
1786071921,920445436,,,,,5,-1495.5379638671875,1021.81396484375,-775.8092651367188,0.11102178692817688,-0.15055739879608154,-0.267366498708725,0.9452628493309021,1,286717,2382
1786071921,929404490,1,-197.53952026367188,111.91397857666016,201.99514770507812,,,,,,,,,,286718,2382
1786071921,929404490,,,,,5,-1495.5289306640625,1021.81884765625,-775.8124389648438,0.11132195591926575,-0.1504414975643158,-0.2672601044178009,0.9452760815620422,1,286718,2382
1786071921,937315572,1,-197.9445343017578,112.72368621826172,201.8848876953125,,,,,,,,,,286719,2382
1786071921,937315572,,,,,5,-1495.520751953125,1021.8234252929688,-775.8065795898438,0.11150968074798584,-0.15060892701148987,-0.26809173822402954,0.9449917078018188,1,286719,2382
1786071921,945285384,1,-197.87896728515625,112.60769653320312,201.86888122558594,,,,,,,,,,286720,2382
1786071921,945285384,,,,,5,-1495.5606689453125,1021.8507080078125,-775.7763671875,0.11110489070415497,-0.1505659520626068,-0.26788267493247986,0.9451054930686951,1,286720,2382
1786071921,954344745,1,-198.3107452392578,112.72518157958984,202.11851501464844,,,,,,,,,,286721,2382
1786071921,954344745,,,,,5,-1495.546875,1021.8015747070312,-775.8087768554688,0.11102623492479324,-0.15052156150341034,-0.2668936848640442,0.945401668548584,1,286721,2382
1786071921,962248241,1,-197.7917938232422,111.5531234741211,201.97311401367188,,,,,,,,,,286722,2382
1786071921,962248241,,,,,5,-1495.5120849609375,1021.81884765625,-775.8008422851562,0.11110088229179382,-0.15087489783763885,-0.26683542132377625,0.9453529715538025,1,286722,2382
1786071921,970442352,1,-198.42506408691406,112.71495819091797,202.0743865966797,,,,,,,,,,286723,2382
1786071921,970442352,,,,,5,-1495.630126953125,1021.8922119140625,-775.7691040039062,0.1114034429192543,-0.14979489147663116,-0.26788967847824097,0.9451908469200134,1,286723,2382
1786071921,979205273,1,-197.65980529785156,112.40543365478516,201.88815307617188,,,,,,,,,,286724,2382
1786071921,979205273,,,,,5,-1495.6580810546875,1021.8817749023438,-775.7528686523438,0.11123864352703094,-0.14987698197364807,-0.2674415409564972,0.9453243613243103,1,286724,2382
1786071921,987223159,1,-197.76463317871094,111.77892303466797,201.9100799560547,,,,,,,,,,286725,2382
1786071921,987223159,,,,,5,-1495.659912109375,1021.8710327148438,-775.7626342773438,0.11147548258304596,-0.14982324838638306,-0.2681888937950134,0.9450931549072266,1,286725,2382
1786071921,996170563,1,-197.97817993164062,112.66853332519531,201.8517608642578,,,,,,,,,,286726,2382
1786071921,996170563,,,,,5,-1495.6492919921875,1021.8500366210938,-775.7533569335938,0.11188134551048279,-0.14977344870567322,-0.26856449246406555,0.9449464082717896,1,286726,2382
1786071922,4104273,1,-197.91297912597656,112.07353210449219,202.34100341796875,,,,,,,,,,286727,2382
1786071922,4104273,,,,,5,-1495.6502685546875,1021.8785400390625,-775.7826538085938,0.11143532395362854,-0.14993178844451904,-0.26803192496299744,0.9451252222061157,1,286727,2382
1786071922,12071301,1,-198.08946228027344,111.95712280273438,202.385009765625,,,,,,,,,,286728,2382
1786071922,12071301,,,,,5,-1495.48095703125,1021.818359375,-775.8391723632812,0.11053764820098877,-0.15074440836906433,-0.2659362554550171,0.9456932544708252,1,286728,2382
1786071922,21086141,1,-198.022216796875,112.03306579589844,202.32943725585938,,,,,,,,,,286729,2382
1786071922,21086141,,,,,5,-1495.4920654296875,1021.7859497070312,-775.7908325195312,0.11117332428693771,-0.15070544183254242,-0.26766452193260193,0.9451371431350708,1,286729,2382
1786071922,29060467,1,-198.3379364013672,112.74469757080078,202.14657592773438,,,,,,,,,,286730,2382
1786071922,29060467,,,,,5,-1495.6328125,1021.8736572265625,-775.7750854492188,0.1115742176771164,-0.1500064879655838,-0.26832589507102966,0.9450135231018066,1,286730,2382
1786071922,36979966,1,-198.49749755859375,112.62603759765625,202.04820251464844,,,,,,,,,,286731,2382
1786071922,36979966,,,,,5,-1495.4923095703125,1021.8106689453125,-775.8449096679688,0.11095474660396576,-0.1505575031042099,-0.26639360189437866,0.9455452561378479,1,286731,2382
1786071922,46061571,1,-197.9694366455078,112.13404846191406,202.29714965820312,,,,,,,,,,286732,2382
1786071922,46061571,,,,,5,-1495.630859375,1021.8601684570312,-775.7766723632812,0.11164218187332153,-0.1497097760438919,-0.26801735162734985,0.9451401233673096,1,286732,2382
1786071922,54033080,1,-197.72885131835938,111.78919982910156,201.94244384765625,,,,,,,,,,286733,2382
1786071922,54033080,,,,,5,-1495.6600341796875,1021.8596801757812,-775.7406616210938,0.11138492077589035,-0.15004776418209076,-0.26817724108695984,0.9450714588165283,1,286733,2382
1786071922,62047445,1,-198.0439910888672,112.61112976074219,201.85003662109375,,,,,,,,,,286734,2382
1786071922,62047445,,,,,5,-1495.4947509765625,1021.8209228515625,-775.8389282226562,0.11088526248931885,-0.15085643529891968,-0.2667023241519928,0.9454187750816345,1,286734,2382
1786071922,70986975,1,-198.3761444091797,112.38355255126953,202.0149688720703,,,,,,,,,,286735,2382
1786071922,70986975,,,,,5,-1495.50634765625,1021.7792358398438,-775.7801513671875,0.11096775531768799,-0.15062353014945984,-0.2670643627643585,0.9453440308570862,1,286735,2382
1786071922,78995515,1,-198.28981018066406,112.74368286132812,202.0998992919922,,,,,,,,,,286736,2382
1786071922,78995515,,,,,5,-1495.6434326171875,1021.8408203125,-775.7877807617188,0.11183247715234756,-0.1498023122549057,-0.2683461606502533,0.9450095295906067,1,286736,2382
1786071922,86898115,1,-197.75216674804688,111.80545043945312,201.9781036376953,,,,,,,,,,286737,2382
1786071922,86898115,,,,,5,-1495.6512451171875,1021.8682861328125,-775.7703857421875,0.11138959974050522,-0.14989930391311646,-0.26756832003593445,0.9452670812606812,1,286737,2382
1786071922,95944705,1,-198.31222534179688,112.7614974975586,202.11102294921875,,,,,,,,,,286738,2382
1786071922,95944705,,,,,5,-1495.6204833984375,1021.8626098632812,-775.7805786132812,0.11157122999429703,-0.14976434409618378,-0.2677496373653412,0.9452155828475952,1,286738,2382
1786071922,103846505,1,-197.3251953125,112.18512725830078,201.94979858398438,,,,,,,,,,286739,2382
1786071922,103846505,,,,,5,-1495.6348876953125,1021.8681030273438,-775.7772827148438,0.11118840426206589,-0.15016460418701172,-0.26768186688423157,0.9452164769172668,1,286739,2382
1786071922,112801910,1,-197.74351501464844,112.15879821777344,202.28358459472656,,,,,,,,,,286740,2382
1786071922,112801910,,,,,5,-1495.5966796875,1021.859375,-775.7803955078125,0.11186162382364273,-0.14945422112941742,-0.2681178152561188,0.9451261162757874,1,286740,2382
1786071922,120774252,1,-198.3085174560547,112.76629638671875,202.07276916503906,,,,,,,,,,286741,2382
1786071922,120774252,,,,,5,-1495.532470703125,1021.8096923828125,-775.81103515625,0.11114201694726944,-0.1508188545703888,-0.26734083890914917,0.9452143311500549,1,286741,2382
1786071922,128767621,1,-198.00941467285156,112.15323638916016,202.3197479248047,,,,,,,,,,286742,2382
1786071922,128767621,,,,,5,-1495.6470947265625,1021.8966064453125,-775.7699584960938,0.11163904517889023,-0.14975416660308838,-0.26798221468925476,0.9451434016227722,1,286742,2382
1786071922,137807586,1,-198.03367614746094,111.79155731201172,202.07846069335938,,,,,,,,,,286743,2382
1786071922,137807586,,,,,5,-1495.6317138671875,1021.8095703125,-775.751708984375,0.11180350929498672,-0.15000440180301666,-0.268403023481369,0.9449648261070251,1,286743,2382
1786071922,145809052,1,-198.2042694091797,112.67166900634766,201.97604370117188,,,,,,,,,,286744,2382
1786071922,145809052,,,,,5,-1495.5257568359375,1021.8049926757812,-775.8250732421875,0.11123636364936829,-0.1503501981496811,-0.26674774289131165,0.9454454183578491,1,286744,2382
1786071922,153701250,1,-198.0067901611328,111.99568939208984,202.2838592529297,,,,,,,,,,286745,2382
1786071922,153701250,,,,,5,-1495.512939453125,1021.8264770507812,-775.8349609375,0.11128166317939758,-0.15036877989768982,-0.266718327999115,0.9454453587532043,1,286745,2382
1786071922,162617128,1,-197.85943603515625,112.03581237792969,202.3845672607422,,,,,,,,,,286746,2382
1786071922,162617128,,,,,5,-1495.5457763671875,1021.8339233398438,-775.8236694335938,0.11111780256032944,-0.1505608856678009,-0.26712727546691895,0.9453185796737671,1,286746,2382
1786071922,170542133,1,-198.04336547851562,112.48419189453125,201.8170166015625,,,,,,,,,,286747,2382
1786071922,170542133,,,,,5,-1495.5374755859375,1021.8212890625,-775.8191528320312,0.11132976412773132,-0.15044352412223816,-0.2671370804309845,0.945309579372406,1,286747,2382
1786071922,178570580,1,-198.05738830566406,112.40387725830078,201.89141845703125,,,,,,,,,,286748,2382
1786071922,178570580,,,,,5,-1495.6397705078125,1021.8560791015625,-775.7374877929688,0.11168672889471054,-0.15016357600688934,-0.2688577175140381,0.9448241591453552,1,286748,2382
1786071922,187590510,1,-198.19442749023438,112.43994903564453,201.8215789794922,,,,,,,,,,286749,2382
1786071922,187590510,,,,,5,-1495.64501953125,1021.8607788085938,-775.8001098632812,0.1115640252828598,-0.14961248636245728,-0.2681146562099457,0.945137083530426,1,286749,2382
1786071922,195498135,1,-198.14083862304688,112.3295669555664,201.77638244628906,,,,,,,,,,286750,2382
1786071922,195498135,,,,,5,-1495.6497802734375,1021.8671875,-775.7811889648438,0.11179198324680328,-0.1494479775428772,-0.26801797747612,0.9451636075973511,1,286750,2382
1786071922,203504754,1,-198.37754821777344,112.70098876953125,202.14805603027344,,,,,,,,,,286751,2382
1786071922,203504754,,,,,5,-1495.5052490234375,1021.7820434570312,-775.8060913085938,0.11095288395881653,-0.15067289769649506,-0.26699134707450867,0.9453585147857666,1,286751,2382
1786071922,212489541,1,-198.02255249023438,112.0657730102539,202.22047424316406,,,,,,,,,,286752,2382
1786071922,212489541,,,,,5,-1495.5341796875,1021.8068237304688,-775.8292236328125,0.1112913116812706,-0.150279238820076,-0.26716020703315735,0.94533371925354,1,286752,2382
1786071922,220490879,1,-198.3313446044922,112.7130355834961,202.013671875,,,,,,,,,,286753,2382
1786071922,220490879,,,,,5,-1495.510009765625,1021.8142700195312,-775.8311157226562,0.11133395880460739,-0.15021994709968567,-0.26720306277275085,0.9453259706497192,1,286753,2382
1786071922,229476306,1,-198.39610290527344,112.68743896484375,202.05519104003906,,,,,,,,,,286754,2382
1786071922,229476306,,,,,5,-1495.5155029296875,1021.7642822265625,-775.8040771484375,0.11117926239967346,-0.15041108429431915,-0.2678565979003906,0.945128858089447,1,286754,2382
1786071922,237589090,1,-198.4074249267578,112.68500518798828,202.10958862304688,,,,,,,,,,286755,2382
1786071922,237589090,,,,,5,-1495.6607666015625,1021.8397827148438,-775.7799072265625,0.11185500025749207,-0.14962491393089294,-0.2686954736709595,0.9449357986450195,1,286755,2382
1786071922,245342286,1,-197.80459594726562,111.87924194335938,201.9936981201172,,,,,,,,,,286756,2382
1786071922,245342286,,,,,5,-1495.62353515625,1021.85546875,-775.7650756835938,0.11163784563541412,-0.14986158907413483,-0.26781508326530457,0.9451738595962524,1,286756,2382
1786071922,254347268,1,-198.09307861328125,112.6469497680664,201.81356811523438,,,,,,,,,,286757,2382
1786071922,254347268,,,,,5,-1495.6619873046875,1021.8822631835938,-775.7606811523438,0.11160639673471451,-0.14983732998371124,-0.2683425843715668,0.9450317025184631,1,286757,2382
1786071922,262298678,1,-198.4207000732422,112.74605560302734,201.95333862304688,,,,,,,,,,286758,2382
1786071922,262298678,,,,,5,-1495.6572265625,1021.8421020507812,-775.7335205078125,0.11190968751907349,-0.14980506896972656,-0.268919974565506,0.9448369145393372,1,286758,2382
1786071922,269959760,1,-198.36573791503906,112.68651580810547,202.06712341308594,,,,,,,,,,286759,2382
1786071922,269959760,,,,,5,-1495.6883544921875,1021.8380126953125,-775.6954956054688,0.11167167127132416,-0.15018023550510406,-0.26837119460105896,0.9449615478515625,1,286759,2382
1786071922,279404345,1,-198.29786682128906,112.66144561767578,202.0333251953125,,,,,,,,,,286760,2382
1786071922,279404345,,,,,5,-1495.6695556640625,1021.8875122070312,-775.7883911132812,0.11166097968816757,-0.1497587263584137,-0.2679574489593506,0.9451470375061035,1,286760,2382
1786071922,287288382,1,-198.18084716796875,111.91368103027344,202.13153076171875,,,,,,,,,,286761,2382
1786071922,287288382,,,,,5,-1495.5487060546875,1021.85107421875,-775.8038330078125,0.11128951609134674,-0.15050536394119263,-0.26756608486175537,0.945183277130127,1,286761,2382
1786071922,295249809,1,-198.317626953125,112.57173156738281,202.05447387695312,,,,,,,,,,286762,2382
1786071922,295249809,,,,,5,-1495.505859375,1021.8126831054688,-775.8043823242188,0.1110355332493782,-0.15085533261299133,-0.2670244872570038,0.9453104138374329,1,286762,2382
1786071922,304267978,1,-198.0324249267578,111.8520278930664,202.2735137939453,,,,,,,,,,286763,2382
1786071922,304267978,,,,,5,-1495.5198974609375,1021.8285522460938,-775.78564453125,0.11114752292633057,-0.1506296843290329,-0.26711222529411316,0.9453083276748657,1,286763,2382
1786071922,312228733,1,-198.1027374267578,112.04483795166016,202.23495483398438,,,,,,,,,,286764,2382
1786071922,312228733,,,,,5,-1495.6488037109375,1021.8603515625,-775.7777709960938,0.111859031021595,-0.14971473813056946,-0.26808223128318787,0.9450952410697937,1,286764,2382
1786071922,320152649,1,-198.050537109375,112.02534484863281,202.25164794921875,,,,,,,,,,286765,2382
