{
  "transform_convention": {
    "T_rigid_camera": "maps camera_color_optical_frame points into mocap rigid body 4 coordinates",
    "T_camera_rigid": "inverse; maps rigid body 4 points into camera coordinates"
  },
  "selected": {
    "method": "Daniilidis",
    "mocap_pose_direction": "rigid_to_world",
    "T_rigid_camera": [
      [
        -0.9987191858531299,
        0.017162986980218276,
        0.047596425147043306,
        0.030531116491659762
      ],
      [
        -0.018967724965339588,
        -0.9991079856831458,
        -0.03772874704792101,
        -0.01960833550612112
      ],
      [
        0.04690643046001765,
        -0.03858321943648084,
        0.9981538568574565,
        0.0019199786816600708
      ],
      [
        0.0,
        0.0,
        0.0,
        1.0
      ]
    ],
    "quaternion_xyzw": [
      0.023637591737311878,
      -0.019087583087753185,
      0.9994975022972459,
      -0.009037219168260802
    ],
    "translation_m": [
      0.030531116491659762,
      -0.01960833550612112,
      0.0019199786816600708
    ],
    "translation_rmse_mm": 7.596729301505578,
    "rotation_rmse_deg": 1.22705029684398,
    "translation_max_mm": 17.95831991899587,
    "rotation_max_deg": 2.1540397056597356
  },
  "T_camera_rigid": [
    [
      -0.9987191858531299,
      -0.018967724965339588,
      0.04690643046001765,
      0.030030026944313292
    ],
    [
      0.017162986980218276,
      -0.9991079856831458,
      -0.03858321943648084,
      -0.020040770786170007
    ],
    [
      0.047596425147043306,
      -0.03772874704792101,
      0.9981538568574565,
      -0.004109404057275249
    ],
    [
      0.0,
      0.0,
      0.0,
      1.0
    ]
  ],
  "sample_count_collected": 37,
  "sample_count_used": 37,
  "rejected_sample_indices_zero_based": [],
  "rigid_id": 4,
  "mocap_position_scale": 0.001,
  "board": {
    "dictionary": "DICT_6X6_250",
    "squares_x": 7,
    "squares_y": 5,
    "square_length_m": 0.01812,
    "marker_length_m": 0.01446
  },
  "camera": {
    "matrix": [
      [
        605.9110107421875,
        0.0,
        327.7267150878906
      ],
      [
        0.0,
        605.3831787109375,
        242.38011169433594
      ],
      [
        0.0,
        0.0,
        1.0
      ]
    ],
    "distortion_model": "distortion.inverse_brown_conrady",
    "raw_distortion_coefficients": [
      [
        0.0,
        0.0,
        0.0,
        0.0,
        0.0
      ]
    ]
  },
  "all_solver_results": [
    {
      "method": "Daniilidis",
      "mocap_pose_direction": "rigid_to_world",
      "T_rigid_camera": [
        [
          -0.9987191858531299,
          0.017162986980218276,
          0.047596425147043306,
          0.030531116491659762
        ],
        [
          -0.018967724965339588,
          -0.9991079856831458,
          -0.03772874704792101,
          -0.01960833550612112
        ],
        [
          0.04690643046001765,
          -0.03858321943648084,
          0.9981538568574565,
          0.0019199786816600708
        ],
        [
          0.0,
          0.0,
          0.0,
          1.0
        ]
      ],
      "quaternion_xyzw": [
        0.023637591737311878,
        -0.019087583087753185,
        0.9994975022972459,
        -0.009037219168260802
      ],
      "translation_m": [
        0.030531116491659762,
        -0.01960833550612112,
        0.0019199786816600708
      ],
      "translation_rmse_mm": 7.596729301505578,
      "rotation_rmse_deg": 1.22705029684398,
      "translation_max_mm": 17.95831991899587,
      "rotation_max_deg": 2.1540397056597356
    },
    {
      "method": "Park",
      "mocap_pose_direction": "rigid_to_world",
      "T_rigid_camera": [
        [
          -0.9987266577804614,
          0.01799499820283562,
          0.047130065545772926,
          0.031278112564474256
        ],
        [
          -0.019775627670197228,
          -0.9990974953503278,
          -0.0375914795526926,
          -0.019668913220369545
        ],
        [
          0.04641107183548523,
          -0.0384756393629917,
          0.9981811647124457,
          0.00236592131195355
        ],
        [
          0.0,
          0.0,
          0.0,
          1.0
        ]
      ],
      "quaternion_xyzw": [
        0.023396970196042585,
        -0.019026282596021547,
        0.9995005400002579,
        -0.009447375054200333
      ],
      "translation_m": [
        0.031278112564474256,
        -0.019668913220369545,
        0.00236592131195355
      ],
      "translation_rmse_mm": 7.598458364573272,
      "rotation_rmse_deg": 1.2265946888091568,
      "translation_max_mm": 18.298894403093094,
      "rotation_max_deg": 2.14554714535027
    },
    {
      "method": "Horaud",
      "mocap_pose_direction": "rigid_to_world",
      "T_rigid_camera": [
        [
          -0.9987212458792518,
          0.018483811842230424,
          0.047055517521051915,
          0.0313474760941001
        ],
        [
          -0.02025333142499296,
          -0.9990947323600013,
          -0.03741013681723907,
          -0.019670240516434585
        ],
        [
          0.04632143775383482,
          -0.03831532944235474,
          0.9981914946212181,
          0.00236822438885791
        ],
        [
          0.0,
          0.0,
          0.0,
          1.0
        ]
      ],
      "quaternion_xyzw": [
        0.023355897860772787,
        -0.01894082164289774,
        0.9995008095119876,
        -0.009689122534612318
      ],
      "translation_m": [
        0.0313474760941001,
        -0.019670240516434585,
        0.00236822438885791
      ],
      "translation_rmse_mm": 7.600493768333161,
      "rotation_rmse_deg": 1.2264712710161942,
      "translation_max_mm": 18.35135172100503,
      "rotation_max_deg": 2.1522786958630777
    },
    {
      "method": "Tsai-Lenz",
      "mocap_pose_direction": "rigid_to_world",
      "T_rigid_camera": [
        [
          -0.9941707481669493,
          0.10719027103741913,
          0.011609017361221812,
          0.04514585227370451
        ],
        [
          -0.10759192899961573,
          -0.993281840995542,
          -0.042604708221608015,
          -0.017549158740794
        ],
        [
          0.006964215914959288,
          -0.043605391219794495,
          0.99902455903409,
          0.002887171801978025
        ],
        [
          0.0,
          0.0,
          0.0,
          1.0
        ]
      ],
      "quaternion_xyzw": [
        0.0046511771225847195,
        -0.021589048944527737,
        0.9983082124520191,
        -0.053786545417044196
      ],
      "translation_m": [
        0.04514585227370451,
        -0.017549158740794,
        0.002887171801978025
      ],
      "translation_rmse_mm": 10.008279451530656,
      "rotation_rmse_deg": 2.5172004416429257,
      "translation_max_mm": 20.488425556997264,
      "rotation_max_deg": 5.14132352205969
    },
    {
      "method": "Andreff",
      "mocap_pose_direction": "rigid_to_world",
      "T_rigid_camera": [
        [
          -0.9987134878578381,
          0.01777501348687005,
          0.04749124199652863,
          0.03192556243667506
        ],
        [
          -0.01956414874771506,
          -0.9991059371530888,
          -0.03747759903229425,
          -0.01831810931481241
        ],
        [
          0.046782617013251315,
          -0.03835850936871393,
          0.9981683282414854,
          0.029275450566379646
        ],
        [
          0.0,
          0.0,
          0.0,
          1.0
        ]
      ],
      "quaternion_xyzw": [
        0.023580293964267175,
        -0.018968542796325896,
        0.9994983433268427,
        -0.009339475768989584
      ],
      "translation_m": [
        0.03192556243667506,
        -0.01831810931481241,
        0.029275450566379646
      ],
      "translation_rmse_mm": 18.996551881441533,
      "rotation_rmse_deg": 1.226622811267409,
      "translation_max_mm": 37.190808545559506,
      "rotation_max_deg": 2.1632713881917436
    }
  ],