timestamp_sec,timestamp_nanosec,marker_id,x,y,z,rigid_id,rx,ry,rz,qx,qy,qz,qw,is_track,source_frame_id,source_timestamp
1786075320,257166979,1,-412.04522705078125,108.63789367675781,-675.1292114257812,,,,,,,,,,694554,5780
1786075320,257166979,,,,,5,-1495.3070068359375,1021.3975830078125,-775.4586181640625,0.11291926354169846,-0.14894045889377594,-0.27027565240859985,0.9444666504859924,1,694554,5780
1786075320,266159374,1,-410.9678039550781,110.19331359863281,-674.8971557617188,,,,,,,,,,694555,5780
1786075320,266159374,,,,,5,-1495.179443359375,1021.3222045898438,-775.47119140625,0.11224145442247391,-0.1495330035686493,-0.2693864703178406,0.9447076916694641,1,694555,5780
1786075320,274288841,1,-412.0801696777344,108.61389923095703,-675.1633911132812,,,,,,,,,,694556,5780
1786075320,274288841,,,,,5,-1495.2906494140625,1021.4078369140625,-775.4969482421875,0.1130656823515892,-0.14885419607162476,-0.27078521251678467,0.9443166851997375,1,694556,5780
1786075320,282446725,1,-411.8365478515625,107.4635238647461,-675.3696899414062,,,,,,,,,,694557,5780
1786075320,282446725,,,,,5,-1495.2938232421875,1021.3788452148438,-775.4728393554688,0.11299975216388702,-0.1489158570766449,-0.2707415819168091,0.9443272352218628,1,694557,5780
1786075320,291395087,1,-412.1027526855469,108.39537811279297,-675.0670166015625,,,,,,,,,,694558,5780
1786075320,291395087,,,,,5,-1495.2724609375,1021.4097900390625,-775.4469604492188,0.11303295195102692,-0.14870062470436096,-0.2699870467185974,0.9445732831954956,1,694558,5780
1786075320,299537802,1,-411.7855529785156,107.53091430664062,-675.3224487304688,,,,,,,,,,694559,5780
1786075320,299537802,,,,,5,-1495.293212890625,1021.40283203125,-775.4795532226562,0.11305849254131317,-0.1487465351819992,-0.26943090558052063,0.9447218775749207,1,694559,5780
1786075320,308051180,1,-412.0986633300781,108.64688110351562,-675.1831665039062,,,,,,,,,,694560,5780
1786075320,308051180,,,,,5,-1495.3258056640625,1021.373046875,-775.4470825195312,0.11276108026504517,-0.14884616434574127,-0.26982381939888,0.9446296095848083,1,694560,5780
1786075320,316036740,1,-411.67181396484375,107.68318176269531,-675.438232421875,,,,,,,,,,694561,5780
1786075320,316036740,,,,,5,-1495.3287353515625,1021.4328002929688,-775.4728393554688,0.11311414837837219,-0.14880995452404022,-0.2698727250099182,0.9445791840553284,1,694561,5780
1786075320,323959291,1,-410.9056396484375,108.8749771118164,-675.4127807617188,,,,,,,,,,694562,5780
1786075320,323959291,,,,,5,-1495.304931640625,1021.3729858398438,-775.4382934570312,0.11284283548593521,-0.14891140162944794,-0.2698342204093933,0.9446065425872803,1,694562,5780
1786075320,333179691,1,-412.1382141113281,108.4029312133789,-675.085205078125,,,,,,,,,,694563,5780
1786075320,333179691,,,,,5,-1495.3070068359375,1021.3697509765625,-775.4238891601562,0.11300304532051086,-0.14864659309387207,-0.2703016400337219,0.944495439529419,1,694563,5780
1786075320,341042209,1,-411.6571350097656,107.73600769042969,-675.4165649414062,,,,,,,,,,694564,5780
1786075320,341042209,,,,,5,-1495.3299560546875,1021.4021606445312,-775.4368286132812,0.11292984336614609,-0.1490364670753479,-0.2701042890548706,0.9444991946220398,1,694564,5780
1786075320,348907958,1,-412.05462646484375,108.53653717041016,-675.0379028320312,,,,,,,,,,694565,5780
1786075320,348907958,,,,,5,-1495.3138427734375,1021.4057006835938,-775.47265625,0.1129690632224083,-0.14888995885849,-0.2692968249320984,0.9447481036186218,1,694565,5780
1786075320,358037988,1,-412.0968933105469,108.37557983398438,-675.0556640625,,,,,,,,,,694566,5780
1786075320,358037988,,,,,5,-1495.331298828125,1021.4140625,-775.4910278320312,0.11287036538124084,-0.1490814983844757,-0.2707274854183197,0.9443207383155823,1,694566,5780
1786075320,365819320,1,-412.0826721191406,108.45835876464844,-675.153076171875,,,,,,,,,,694567,5780
1786075320,365819320,,,,,5,-1495.3123779296875,1021.3673095703125,-775.4205932617188,0.11281595379114151,-0.14888086915016174,-0.2698490023612976,0.9446102976799011,1,694567,5780
1786075320,374088438,1,-411.7407531738281,107.66574096679688,-675.3836059570312,,,,,,,,,,694568,5780
1786075320,374088438,,,,,5,-1495.28564453125,1021.3815307617188,-775.4611206054688,0.11293350905179977,-0.14883263409137726,-0.2697380781173706,0.9446355700492859,1,694568,5780
1786075320,382801308,1,-412.6894836425781,108.31182861328125,-674.9400634765625,,,,,,,,,,694569,5780
1786075320,382801308,,,,,5,-1495.311279296875,1021.4016723632812,-775.413330078125,0.1129344031214714,-0.1490091234445572,-0.27014750242233276,0.9444905519485474,1,694569,5780
1786075320,390851925,1,-411.9879150390625,108.7074203491211,-675.2059936523438,,,,,,,,,,694570,5780
1786075320,390851925,,,,,5,-1495.3353271484375,1021.4088745117188,-775.4773559570312,0.11303111910820007,-0.14893698692321777,-0.2698250114917755,0.9445825219154358,1,694570,5780
1786075320,399717118,1,-411.8005676269531,107.47428131103516,-675.278564453125,,,,,,,,,,694571,5780
1786075320,399717118,,,,,5,-1495.3045654296875,1021.4060668945312,-775.4636840820312,0.11294929683208466,-0.14889276027679443,-0.2697194814682007,0.944629430770874,1,694571,5780
1786075320,407769655,1,-412.1212463378906,108.37689971923828,-675.1095581054688,,,,,,,,,,694572,5780
1786075320,407769655,,,,,5,-1495.3258056640625,1021.3641967773438,-775.3960571289062,0.11274179071187973,-0.14884763956069946,-0.2700709402561188,0.9445609450340271,1,694572,5780
1786075320,415677774,1,-411.29339599609375,109.94559478759766,-675.1000366210938,,,,,,,,,,694573,5780
1786075320,415677774,,,,,5,-1495.32666015625,1021.4088745117188,-775.453369140625,0.11289198696613312,-0.1489211916923523,-0.2694980502128601,0.9446951150894165,1,694573,5780
1786075320,424694266,1,-411.7203674316406,107.68797302246094,-675.4259643554688,,,,,,,,,,694574,5780
1786075320,424694266,,,,,5,-1495.2901611328125,1021.3269653320312,-775.4555053710938,0.11306305229663849,-0.14871688187122345,-0.27051466703414917,0.9444162249565125,1,694574,5780
1786075320,432771252,1,-412.09613037109375,108.4808349609375,-675.1368408203125,,,,,,,,,,694575,5780
1786075320,432771252,,,,,5,-1495.3060302734375,1021.4041137695312,-775.4586791992188,0.11300906538963318,-0.14874620735645294,-0.26957911252975464,0.9446853995323181,1,694575,5780
1786075320,440654602,1,-410.8004455566406,108.65482330322266,-675.3284912109375,,,,,,,,,,694576,5780
1786075320,440654602,,,,,5,-1495.30029296875,1021.4024658203125,-775.4490966796875,0.11305420845746994,-0.14876994490623474,-0.2697446644306183,0.9446291327476501,1,694576,5780
1786075320,449634549,1,-412.0899353027344,108.31307983398438,-675.0145263671875,,,,,,,,,,694577,5780
1786075320,449634549,,,,,5,-1495.308837890625,1021.4330444335938,-775.4137573242188,0.11315520852804184,-0.14889369904994965,-0.2701623737812042,0.9444781541824341,1,694577,5780
1786075320,457554060,1,-412.1163635253906,107.54857635498047,-675.030517578125,,,,,,,,,,694578,5780
1786075320,457554060,,,,,5,-1495.2864990234375,1021.4013061523438,-775.4467163085938,0.11290687322616577,-0.14879988133907318,-0.2695142924785614,0.9447078108787537,1,694578,5780
1786075320,465684710,1,-411.8041076660156,107.5125961303711,-675.26953125,,,,,,,,,,694579,5780
1786075320,465684710,,,,,5,-1495.299560546875,1021.3497924804688,-775.4364624023438,0.1126389279961586,-0.14896702766418457,-0.2699821889400482,0.9445797801017761,1,694579,5780
1786075320,474644913,1,-412.0994873046875,108.3949203491211,-675.2188110351562,,,,,,,,,,694580,5780
1786075320,474644913,,,,,5,-1495.2879638671875,1021.3679809570312,-775.3771362304688,0.11272876709699631,-0.14876219630241394,-0.2703894376754761,0.9444848895072937,1,694580,5780
1786075320,482476838,1,-412.1606750488281,108.4156494140625,-675.2600708007812,,,,,,,,,,694581,5780
1786075320,482476838,,,,,5,-1495.3179931640625,1021.3786010742188,-775.430419921875,0.11282982677221298,-0.14883312582969666,-0.27009591460227966,0.9445456266403198,1,694581,5780
1786075320,490453822,1,-411.8299560546875,107.41981506347656,-675.3125,,,,,,,,,,694582,5780
1786075320,490453822,,,,,5,-1495.3179931640625,1021.3917846679688,-775.4154663085938,0.11282315105199814,-0.14903728663921356,-0.2707502543926239,0.9443269371986389,1,694582,5780
1786075320,499358568,1,-412.0617370605469,108.60142517089844,-675.1261596679688,,,,,,,,,,694583,5780
1786075320,499358568,,,,,5,-1495.3138427734375,1021.4213256835938,-775.4627685546875,0.11304689198732376,-0.14893746376037598,-0.2702483534812927,0.9444596171379089,1,694583,5780
1786075320,507501507,1,-411.78472900390625,106.79065704345703,-675.0963134765625,,,,,,,,,,694584,5781
1786075320,507501507,,,,,5,-1495.29296875,1021.38525390625,-775.4644165039062,0.11295735090970993,-0.14872826635837555,-0.2701617479324341,0.9445279836654663,1,694584,5781
1786075320,516401388,1,-411.822021484375,107.47627258300781,-675.2918701171875,,,,,,,,,,694585,5781
1786075320,516401388,,,,,5,-1495.3115234375,1021.3851928710938,-775.4772338867188,0.11265356838703156,-0.1491115391254425,-0.2709008753299713,0.9442921876907349,1,694585,5781
1786075320,524506375,1,-412.1898193359375,108.3244400024414,-675.196533203125,,,,,,,,,,694586,5781
1786075320,524506375,,,,,5,-1495.3089599609375,1021.3731689453125,-775.4498291015625,0.11283404380083084,-0.14883019030094147,-0.27001523971557617,0.9445685744285583,1,694586,5781
1786075320,532266874,1,-412.0025634765625,108.91465759277344,-675.2835083007812,,,,,,,,,,694587,5781
1786075320,532266874,,,,,5,-1495.2919921875,1021.41259765625,-775.4517211914062,0.11225809901952744,-0.1487686038017273,-0.26913952827453613,0.944896936416626,1,694587,5781
1786075320,541494634,1,-410.780029296875,108.61886596679688,-675.3155517578125,,,,,,,,,,694588,5781
1786075320,541494634,,,,,5,-1495.314697265625,1021.3754272460938,-775.4533081054688,0.11294910311698914,-0.1488393098115921,-0.27060121297836304,0.9443857073783875,1,694588,5781
1786075320,549275678,1,-411.77972412109375,107.47637939453125,-675.268798828125,,,,,,,,,,694589,5781
1786075320,549275678,,,,,5,-1495.3026123046875,1021.3504028320312,-775.4478149414062,0.11260896921157837,-0.1491132229566574,-0.2698322832584381,0.9446030259132385,1,694589,5781
1786075320,557274007,1,-412.0704345703125,108.8490982055664,-675.3550415039062,,,,,,,,,,694590,5781
1786075320,557274007,,,,,5,-1495.28564453125,1021.4464721679688,-775.5033569335938,0.11239306628704071,-0.14880429208278656,-0.2681722640991211,0.9451501369476318,1,694590,5781
1786075320,566095519,1,-410.91278076171875,110.06226348876953,-674.8892822265625,,,,,,,,,,694591,5781
1786075320,566095519,,,,,5,-1495.3006591796875,1021.3385009765625,-775.4413452148438,0.11281538009643555,-0.14888155460357666,-0.2706751525402069,0.9443738460540771,1,694591,5781
1786075320,574167800,1,-411.6517639160156,107.74295806884766,-675.3978271484375,,,,,,,,,,694592,5781
1786075320,574167800,,,,,5,-1495.2891845703125,1021.4049072265625,-775.4993286132812,0.11289086192846298,-0.14899089932441711,-0.27032679319381714,0.9444473385810852,1,694592,5781
1786075320,582135728,1,-412.1177673339844,108.42350006103516,-675.1358642578125,,,,,,,,,,694593,5781
1786075320,582135728,,,,,5,-1495.2784423828125,1021.4171752929688,-775.4594116210938,0.11298669874668121,-0.14871172606945038,-0.2700083553791046,0.9445710778236389,1,694593,5781
1786075320,591257374,1,-412.0954284667969,108.37971496582031,-675.0643310546875,,,,,,,,,,694594,5781
1786075320,591257374,,,,,5,-1495.286376953125,1021.4013671875,-775.4362182617188,0.11310025304555893,-0.14862656593322754,-0.26976194977760315,0.9446412324905396,1,694594,5781
1786075320,599072531,1,-412.09039306640625,108.54190063476562,-675.0907592773438,,,,,,,,,,694595,5781
1786075320,599072531,,,,,5,-1495.3157958984375,1021.3822631835938,-775.4441528320312,0.1128142923116684,-0.14885008335113525,-0.26991772651672363,0.9445957541465759,1,694595,5781
1786075320,608162912,1,-412.1759033203125,107.59738159179688,-675.0391845703125,,,,,,,,,,694596,5781
1786075320,608162912,,,,,5,-1495.2943115234375,1021.3668212890625,-775.4030151367188,0.11282771080732346,-0.14891113340854645,-0.27030327916145325,0.9444742798805237,1,694596,5781
1786075320,616006901,1,-411.8525390625,107.44337463378906,-675.3316650390625,,,,,,,,,,694597,5781
1786075320,616006901,,,,,5,-1495.3387451171875,1021.380859375,-775.439208984375,0.11287885904312134,-0.1489059180021286,-0.27027246356010437,0.9444777369499207,1,694597,5781
1786075320,624201009,1,-412.4149475097656,107.15642547607422,-674.8919677734375,,,,,,,,,,694598,5781
1786075320,624201009,,,,,5,-1495.33203125,1021.3890991210938,-775.4368896484375,0.11282394826412201,-0.14886239171028137,-0.2696804702281952,0.9446604251861572,1,694598,5781
1786075320,632922295,1,-410.97998046875,110.00738525390625,-674.9048461914062,,,,,,,,,,694599,5781
1786075320,632922295,,,,,5,-1495.2740478515625,1021.3746337890625,-775.4426879882812,0.112840436398983,-0.14897386729717255,-0.269614577293396,0.9446597099304199,1,694599,5781
1786075320,641061298,1,-412.0596618652344,108.41465759277344,-675.0665893554688,,,,,,,,,,694600,5781
1786075320,641061298,,,,,5,-1495.3309326171875,1021.4054565429688,-775.4464111328125,0.11283628642559052,-0.14900605380535126,-0.26973646879196167,0.9446203112602234,1,694600,5781
1786075320,648942281,1,-412.4087829589844,107.00945281982422,-675.0698852539062,,,,,,,,,,694601,5781
1786075320,648942281,,,,,5,-1495.2808837890625,1021.4159545898438,-775.4466552734375,0.11288430541753769,-0.1488979309797287,-0.26958152651786804,0.9446759223937988,1,694601,5781
1786075320,657925268,1,-412.0244445800781,108.5082015991211,-675.0051879882812,,,,,,,,,,694602,5781
1786075320,657925268,,,,,5,-1495.297119140625,1021.3777465820312,-775.4513549804688,0.11275715380907059,-0.14903785288333893,-0.2698589563369751,0.9445897936820984,1,694602,5781
1786075320,665826538,1,-411.7745666503906,107.71965789794922,-675.1807250976562,,,,,,,,,,694603,5781
1786075320,665826538,,,,,5,-1495.300537109375,1021.3673095703125,-775.4609375,0.11288312822580338,-0.14894169569015503,-0.2700539529323578,0.9445341229438782,1,694603,5781
1786075320,674175529,1,-412.1045837402344,108.40431213378906,-675.113525390625,,,,,,,,,,694604,5781
1786075320,674175529,,,,,5,-1495.3299560546875,1021.3910522460938,-775.4320678710938,0.11276983469724655,-0.1491219848394394,-0.2697497606277466,0.9446061253547668,1,694604,5781
1786075320,682918704,1,-411.7677307128906,107.63325500488281,-675.3728637695312,,,,,,,,,,694605,5781
1786075320,682918704,,,,,5,-1495.3089599609375,1021.3446655273438,-775.4286499023438,0.1128600612282753,-0.14902600646018982,-0.2710787057876587,0.9442299604415894,1,694605,5781
1786075320,690847719,1,-411.7684020996094,107.5472183227539,-675.2941284179688,,,,,,,,,,694606,5781
1786075320,690847719,,,,,5,-1495.3072509765625,1021.4076538085938,-775.4525756835938,0.11296076327562332,-0.14879019558429718,-0.2693670392036438,0.9447448253631592,1,694606,5781
1786075320,698973857,1,-411.7160339355469,107.67707061767578,-675.3196411132812,,,,,,,,,,694607,5781
1786075320,698973857,,,,,5,-1495.3465576171875,1021.3884887695312,-775.4640502929688,0.11265477538108826,-0.14911918342113495,-0.2697719931602478,0.9446139335632324,1,694607,5781
1786075320,707857515,1,-412.0286560058594,108.67530059814453,-675.1747436523438,,,,,,,,,,694608,5781
1786075320,707857515,,,,,5,-1495.2650146484375,1021.3869018554688,-775.4465942382812,0.11308603733778,-0.14873318374156952,-0.27021193504333496,0.9444975256919861,1,694608,5781
1786075320,715832386,1,-412.123779296875,108.44692993164062,-675.1442260742188,,,,,,,,,,694609,5781
1786075320,715832386,,,,,5,-1495.3216552734375,1021.3638916015625,-775.4503173828125,0.11271318048238754,-0.14889925718307495,-0.27029478549957275,0.9444922208786011,1,694609,5781
1786075320,723751001,1,-412.0927734375,108.60321807861328,-675.1853637695312,,,,,,,,,,694610,5781
1786075320,723751001,,,,,5,-1495.3182373046875,1021.3445434570312,-775.4550170898438,0.11267633736133575,-0.14896295964717865,-0.2698952257633209,0.9446007609367371,1,694610,5781
1786075320,732702404,1,-412.05322265625,108.43767547607422,-675.1342163085938,,,,,,,,,,694611,5781
1786075320,732702404,,,,,5,-1495.3236083984375,1021.4064331054688,-775.482421875,0.1128886267542839,-0.14915533363819122,-0.26918286085128784,0.9447484016418457,1,694611,5781
1786075320,740835583,1,-410.9237365722656,109.98084259033203,-674.8257446289062,,,,,,,,,,694612,5781
1786075320,740835583,,,,,5,-1495.3275146484375,1021.3824462890625,-775.4508666992188,0.11271253228187561,-0.14904876053333282,-0.27018558979034424,0.9444999098777771,1,694612,5781
1786075320,749774185,1,-411.7828063964844,107.49510955810547,-675.3046264648438,,,,,,,,,,694613,5781
1786075320,749774185,,,,,5,-1495.3270263671875,1021.4036254882812,-775.4629516601562,0.11302386224269867,-0.14901316165924072,-0.2701391577720642,0.944481611251831,1,694613,5781
1786075320,757624190,1,-411.7937316894531,107.64574432373047,-675.3480834960938,,,,,,,,,,694614,5781
1786075320,757624190,,,,,5,-1495.3170166015625,1021.38232421875,-775.4328002929688,0.11302903294563293,-0.14887735247612,-0.2699892520904541,0.944545328617096,1,694614,5781
1786075320,765526197,1,-412.0235900878906,108.85131072998047,-675.2598266601562,,,,,,,,,,694615,5781
1786075320,765526197,,,,,5,-1495.3067626953125,1021.3916015625,-775.4696655273438,0.11308015137910843,-0.14879149198532104,-0.26988285779953003,0.9445831775665283,1,694615,5781
1786075320,774237883,1,-411.7938537597656,107.50847625732422,-675.2384643554688,,,,,,,,,,694616,5781
1786075320,774237883,,,,,5,-1495.2933349609375,1021.3375244140625,-775.4295654296875,0.11274737864732742,-0.1488158404827118,-0.27055442333221436,0.9444268941879272,1,694616,5781
1786075320,782530937,1,-412.09881591796875,108.42543029785156,-675.0374755859375,,,,,,,,,,694617,5781
1786075320,782530937,,,,,5,-1495.2889404296875,1021.3552856445312,-775.42041015625,0.11285016685724258,-0.14874646067619324,-0.27035194635391235,0.9444836378097534,1,694617,5781
1786075320,790605619,1,-411.79278564453125,107.47345733642578,-675.2411499023438,,,,,,,,,,694618,5781
1786075320,790605619,,,,,5,-1495.316650390625,1021.3800659179688,-775.4502563476562,0.11283711344003677,-0.14895689487457275,-0.26982593536376953,0.944602370262146,1,694618,5781
1786075320,799749537,1,-410.8843688964844,108.6519546508789,-675.302490234375,,,,,,,,,,694619,5781
1786075320,799749537,,,,,5,-1495.2994384765625,1021.4127197265625,-775.4548950195312,0.11306492239236832,-0.14867964386940002,-0.26967716217041016,0.9446613788604736,1,694619,5781
1786075320,807764729,1,-411.73760986328125,107.54598999023438,-675.2968139648438,,,,,,,,,,694620,5781
1786075320,807764729,,,,,5,-1495.338134765625,1021.3961791992188,-775.4459228515625,0.11285719275474548,-0.14905734360218048,-0.2698466181755066,0.9445782899856567,1,694620,5781
1786075320,815636271,1,-411.7747497558594,107.5635986328125,-675.2359619140625,,,,,,,,,,694621,5781
1786075320,815636271,,,,,5,-1495.2845458984375,1021.39111328125,-775.4610595703125,0.11320281028747559,-0.14882828295230865,-0.2700274884700775,0.9445213079452515,1,694621,5781
1786075320,824436567,1,-412.0545959472656,108.43916320800781,-675.1017456054688,,,,,,,,,,694622,5781
1786075320,824436567,,,,,5,-1495.2884521484375,1021.4083862304688,-775.43701171875,0.11299426108598709,-0.1486419439315796,-0.2698226571083069,0.944634199142456,1,694622,5781
1786075320,832451183,1,-411.8010559082031,107.65103149414062,-675.2737426757812,,,,,,,,,,694623,5781
1786075320,832451183,,,,,5,-1495.2962646484375,1021.3861694335938,-775.4527587890625,0.1129060834646225,-0.14887119829654694,-0.26974937319755554,0.9446296095848083,1,694623,5781
1786075320,841516636,1,-412.09063720703125,108.40569305419922,-675.1339721679688,,,,,,,,,,694624,5781
1786075320,841516636,,,,,5,-1495.3314208984375,1021.42578125,-775.4593505859375,0.11300865560770035,-0.14895504713058472,-0.26962709426879883,0.9446390271186829,1,694624,5781
1786075320,849677400,1,-411.7865295410156,107.53691864013672,-675.2474975585938,,,,,,,,,,694625,5781
1786075320,849677400,,,,,5,-1495.302001953125,1021.3855590820312,-775.4238891601562,0.11268530786037445,-0.14869031310081482,-0.26983022689819336,0.9446613788604736,1,694625,5781
1786075320,857347082,1,-412.727294921875,107.91222381591797,-674.9108276367188,,,,,,,,,,694626,5781
1786075320,857347082,,,,,5,-1495.3035888671875,1021.3878173828125,-775.4269409179688,0.1129203736782074,-0.14884670078754425,-0.270644873380661,0.9443754553794861,1,694626,5781
1786075320,866281556,1,-412.0981140136719,108.40045166015625,-675.0816650390625,,,,,,,,,,694627,5781
1786075320,866281556,,,,,5,-1495.3121337890625,1021.3855590820312,-775.43603515625,0.11282069981098175,-0.1487601101398468,-0.2700251340866089,0.9445784687995911,1,694627,5781
1786075320,874319533,1,-410.94781494140625,110.00374603271484,-674.8592529296875,,,,,,,,,,694628,5781
1786075320,874319533,,,,,5,-1495.2919921875,1021.4061889648438,-775.4550170898438,0.112918920814991,-0.1488496959209442,-0.26930662989616394,0.9447576999664307,1,694628,5781
1786075320,882209507,1,-410.9490661621094,109.99215698242188,-674.7905883789062,,,,,,,,,,694629,5781
1786075320,882209507,,,,,5,-1495.3050537109375,1021.3816528320312,-775.4483642578125,0.11291580647230148,-0.14879794418811798,-0.27005627751350403,0.9445521831512451,1,694629,5781
1786075320,891259568,1,-410.8535461425781,108.68855285644531,-675.2761840820312,,,,,,,,,,694630,5781
1786075320,891259568,,,,,5,-1495.303955078125,1021.376953125,-775.4287109375,0.11287170648574829,-0.14870856702327728,-0.2699590027332306,0.9445993304252625,1,694630,5781
1786075320,899306121,1,-411.7731018066406,107.52214050292969,-675.31005859375,,,,,,,,,,694631,5781
1786075320,899306121,,,,,5,-1495.334716796875,1021.3685913085938,-775.4396362304688,0.11279980838298798,-0.1488989293575287,-0.27000001072883606,0.9445663094520569,1,694631,5781
1786075320,907142078,1,-411.6443786621094,107.7263412475586,-675.4281005859375,,,,,,,,,,694632,5781
1786075320,907142078,,,,,5,-1495.3173828125,1021.3800659179688,-775.4515991210938,0.11282597482204437,-0.14884424209594727,-0.27006179094314575,0.9445540904998779,1,694632,5781
1786075320,916603538,1,-412.065185546875,108.39791870117188,-675.0322265625,,,,,,,,,,694633,5781
1786075320,916603538,,,,,5,-1495.3128662109375,1021.4322509765625,-775.4390869140625,0.11295075714588165,-0.14888101816177368,-0.2709466516971588,0.9442799091339111,1,694633,5781
1786075320,924393031,1,-411.8088684082031,107.48531341552734,-675.1869506835938,,,,,,,,,,694634,5781
1786075320,924393031,,,,,5,-1495.3182373046875,1021.3895874023438,-775.4131469726562,0.11295794695615768,-0.14875954389572144,-0.2700953483581543,0.9445421099662781,1,694634,5781
1786075320,933058892,1,-412.0850830078125,108.46926879882812,-675.0867919921875,,,,,,,,,,694635,5781
1786075320,933058892,,,,,5,-1495.3421630859375,1021.3973999023438,-775.4581909179688,0.11280503869056702,-0.14896270632743835,-0.26993289589881897,0.944574773311615,1,694635,5781
1786075320,941103109,1,-412.4078369140625,107.816650390625,-675.2903442382812,,,,,,,,,,694636,5781
1786075320,941103109,,,,,5,-1495.3255615234375,1021.3764038085938,-775.4765014648438,0.1128196120262146,-0.14922581613063812,-0.27019357681274414,0.9444569945335388,1,694636,5781
1786075320,949326561,1,-410.8701171875,108.65814971923828,-675.2811889648438,,,,,,,,,,694637,5781
1786075320,949326561,,,,,5,-1495.299072265625,1021.4006958007812,-775.46826171875,0.11301033943891525,-0.14891032874584198,-0.26972267031669617,0.9446185827255249,1,694637,5781
1786075320,957115350,1,-411.9996337890625,108.7239761352539,-675.1357421875,,,,,,,,,,694638,5781
1786075320,957115350,,,,,5,-1495.3050537109375,1021.3868408203125,-775.4410400390625,0.11273707449436188,-0.14904442429542542,-0.2697371542453766,0.9446258544921875,1,694638,5781
1786075320,966140354,1,-410.9515686035156,109.88007354736328,-674.8399658203125,,,,,,,,,,694639,5781
1786075320,966140354,,,,,5,-1495.2965087890625,1021.39013671875,-775.4733276367188,0.11312903463840485,-0.14887043833732605,-0.26956090331077576,0.9446568489074707,1,694639,5781
1786075320,974289949,1,-411.8414306640625,107.65887451171875,-675.2556762695312,,,,,,,,,,694640,5781
1786075320,974289949,,,,,5,-1495.2904052734375,1021.361328125,-775.4620361328125,0.11268652230501175,-0.14893898367881775,-0.26968544721603394,0.9446632862091064,1,694640,5781
1786075320,982990307,1,-412.0816345214844,108.66542053222656,-675.0723266601562,,,,,,,,,,694641,5781
1786075320,982990307,,,,,5,-1495.3145751953125,1021.3963012695312,-775.4481811523438,0.11279003322124481,-0.14890480041503906,-0.27009764313697815,0.9445386528968811,1,694641,5781
1786075320,991120893,1,-412.091064453125,108.36883544921875,-675.0608520507812,,,,,,,,,,694642,5781
1786075320,991120893,,,,,5,-1495.3026123046875,1021.4291381835938,-775.4332275390625,0.11289896070957184,-0.14897161722183228,-0.2698042094707489,0.9445989727973938,1,694642,5781
1786075320,998967635,1,-412.1866149902344,108.34530639648438,-675.3113403320312,,,,,,,,,,694643,5781
1786075320,998967635,,,,,5,-1495.28564453125,1021.4117431640625,-775.4658813476562,0.11315025389194489,-0.1487908810377121,-0.26983338594436646,0.9445889592170715,1,694643,5781
1786075321,7943326,1,-412.4211120605469,106.96184539794922,-674.9891357421875,,,,,,,,,,694644,5781
1786075321,7943326,,,,,5,-1495.312744140625,1021.3707275390625,-775.4076538085938,0.11301573365926743,-0.14858758449554443,-0.27054062485694885,0.9444348812103271,1,694644,5781
1786075321,15885333,1,-411.82891845703125,107.42072296142578,-675.2799072265625,,,,,,,,,,694645,5781
1786075321,15885333,,,,,5,-1495.3216552734375,1021.3753051757812,-775.4523315429688,0.11277782171964645,-0.14881570637226105,-0.2697030007839203,0.9446668028831482,1,694645,5781
1786075321,23952110,1,-411.8013610839844,107.43872833251953,-675.2739868164062,,,,,,,,,,694646,5781
1786075321,23952110,,,,,5,-1495.265380859375,1021.4015502929688,-775.4572143554688,0.11291960626840591,-0.14896026253700256,-0.2689930498600006,0.9448295831680298,1,694646,5781
1786075321,32741269,1,-412.1100769042969,108.59554290771484,-675.1522216796875,,,,,,,,,,694647,5781
1786075321,32741269,,,,,5,-1495.3154296875,1021.3621215820312,-775.4389038085938,0.1127009466290474,-0.14895987510681152,-0.27013710141181946,0.9445292949676514,1,694647,5781
1786075321,40741262,1,-412.1098937988281,108.41129302978516,-675.0943603515625,,,,,,,,,,694648,5781
1786075321,40741262,,,,,5,-1495.3416748046875,1021.3826293945312,-775.4414672851562,0.11284860968589783,-0.14900465309619904,-0.2702409029006958,0.9444749355316162,1,694648,5781
1786075321,49796442,1,-412.0912170410156,108.47787475585938,-675.0888671875,,,,,,,,,,694649,5781
1786075321,49796442,,,,,5,-1495.2908935546875,1021.4039306640625,-775.4065551757812,0.11308535188436508,-0.14871002733707428,-0.27017295360565186,0.9445124268531799,1,694649,5781
1786075321,57758737,1,-410.75189208984375,108.69943237304688,-675.2498168945312,,,,,,,,,,694650,5781
1786075321,57758737,,,,,5,-1495.300048828125,1021.4254150390625,-775.45654296875,0.11290379613637924,-0.14880149066448212,-0.2705322504043579,0.944416880607605,1,694650,5781
1786075321,65610823,1,-411.7455749511719,107.67486572265625,-675.3057861328125,,,,,,,,,,694651,5781
1786075321,65610823,,,,,5,-1495.3076171875,1021.4171752929688,-775.4498291015625,0.11298951506614685,-0.14885137975215912,-0.2699519395828247,0.944564700126648,1,694651,5781
1786075321,74969529,1,-411.75640869140625,107.54222869873047,-675.2549438476562,,,,,,,,,,694652,5781
1786075321,74969529,,,,,5,-1495.3304443359375,1021.3788452148438,-775.4403686523438,0.11275780200958252,-0.14885149896144867,-0.2697753310203552,0.9446428418159485,1,694652,5781
1786075321,82614602,1,-412.1476745605469,108.33047485351562,-675.0707397460938,,,,,,,,,,694653,5781
1786075321,82614602,,,,,5,-1495.3277587890625,1021.3908081054688,-775.442138671875,0.11274152249097824,-0.14895544946193695,-0.26992741227149963,0.9445850253105164,1,694653,5781
1786075321,90640803,1,-410.9393310546875,109.95074462890625,-674.8196411132812,,,,,,,,,,694654,5781
1786075321,90640803,,,,,5,-1495.32080078125,1021.38916015625,-775.427490234375,0.11302509158849716,-0.14872126281261444,-0.27031657099723816,0.9444767236709595,1,694654,5781
1786075321,99579149,1,-410.94903564453125,109.95822143554688,-674.7706298828125,,,,,,,,,,694655,5781
1786075321,99579149,,,,,5,-1495.2962646484375,1021.4000854492188,-775.4738159179688,0.1131884753704071,-0.1486695259809494,-0.27021485567092896,0.9444944858551025,1,694655,5781
1786075321,107498724,1,-411.73089599609375,107.53201293945312,-675.292236328125,,,,,,,,,,694656,5781
1786075321,107498724,,,,,5,-1495.32080078125,1021.4091186523438,-775.3983154296875,0.11303908377885818,-0.14883308112621307,-0.2704012393951416,0.9444332718849182,1,694656,5781
1786075321,115437691,1,-411.7424621582031,107.53370666503906,-675.2754516601562,,,,,,,,,,694657,5781
1786075321,115437691,,,,,5,-1495.2879638671875,1021.4107666015625,-775.4667358398438,0.11301173269748688,-0.148806631565094,-0.2694198191165924,0.9447211027145386,1,694657,5781
1786075321,124540456,1,-411.9941101074219,108.91033935546875,-675.3309936523438,,,,,,,,,,694658,5781
1786075321,124540456,,,,,5,-1495.2677001953125,1021.4669799804688,-775.4781494140625,0.11254797130823135,-0.14870396256446838,-0.2682303190231323,0.9451310038566589,1,694658,5781
1786075321,132493535,1,-412.0867919921875,108.44037628173828,-675.1094970703125,,,,,,,,,,694659,5781
1786075321,132493535,,,,,5,-1495.279541015625,1021.4093017578125,-775.4609375,0.11306348443031311,-0.14876341819763184,-0.26968148350715637,0.9446471929550171,1,694659,5781
1786075321,140435990,1,-410.9526062011719,109.90983581542969,-674.8057250976562,,,,,,,,,,694660,5781
1786075321,140435990,,,,,5,-1495.3203125,1021.4249877929688,-775.4581909179688,0.11300668120384216,-0.14898869395256042,-0.26977503299713135,0.9445916414260864,1,694660,5781
1786075321,149482498,1,-412.0628356933594,108.4614486694336,-675.0177001953125,,,,,,,,,,694661,5781
1786075321,149482498,,,,,5,-1495.275390625,1021.4010009765625,-775.4403686523438,0.11299760639667511,-0.1486719250679016,-0.269569993019104,0.9447011351585388,1,694661,5781
1786075321,157425177,1,-412.0644226074219,108.64798736572266,-675.0885009765625,,,,,,,,,,694662,5781
1786075321,157425177,,,,,5,-1495.280029296875,1021.3759155273438,-775.47314453125,0.1130283921957016,-0.14865118265151978,-0.2693338394165039,0.9447681307792664,1,694662,5781
1786075321,165297743,1,-411.7952880859375,107.4820785522461,-675.2021484375,,,,,,,,,,694663,5781
1786075321,165297743,,,,,5,-1495.3226318359375,1021.3853759765625,-775.4525756835938,0.11282383650541306,-0.14883877336978912,-0.26969438791275024,0.9446601271629333,1,694663,5781
1786075321,174460253,1,-412.3382263183594,107.24542999267578,-675.1729736328125,,,,,,,,,,694664,5781
1786075321,174460253,,,,,5,-1495.3079833984375,1021.3944702148438,-775.46484375,0.11286983639001846,-0.14859266579151154,-0.2695717513561249,0.9447283744812012,1,694664,5781
1786075321,182288754,1,-411.7147216796875,107.90672302246094,-675.324462890625,,,,,,,,,,694665,5781
1786075321,182288754,,,,,5,-1495.3206787109375,1021.3875122070312,-775.4406127929688,0.11300817131996155,-0.14878886938095093,-0.26998233795166016,0.9445636868476868,1,694665,5781
1786075321,191343007,1,-411.78662109375,107.48609924316406,-675.31689453125,,,,,,,,,,694666,5781
1786075321,191343007,,,,,5,-1495.3072509765625,1021.3925170898438,-775.4642944335938,0.11309061199426651,-0.14882414042949677,-0.26994770765304565,0.9445582628250122,1,694666,5781
1786075321,199362519,1,-412.07220458984375,108.44216918945312,-675.0973510742188,,,,,,,,,,694667,5781
1786075321,199362519,,,,,5,-1495.30712890625,1021.3806762695312,-775.4636840820312,0.11276844888925552,-0.14893899857997894,-0.26933833956718445,0.94475257396698,1,694667,5781
1786075321,207382480,1,-412.1327209472656,108.58060455322266,-675.1100463867188,,,,,,,,,,694668,5781
1786075321,207382480,,,,,5,-1495.31494140625,1021.3782348632812,-775.4464721679688,0.11274140328168869,-0.1489754021167755,-0.2696019411087036,0.9446749091148376,1,694668,5781
1786075321,216319578,1,-411.9935302734375,108.4624252319336,-675.08740234375,,,,,,,,,,694669,5781
1786075321,216319578,,,,,5,-1495.3123779296875,1021.3639526367188,-775.4307250976562,0.11282817274332047,-0.14897508919239044,-0.2698412239551544,0.9445961713790894,1,694669,5781
1786075321,224347058,1,-411.7887268066406,107.49323272705078,-675.3551025390625,,,,,,,,,,694670,5781
1786075321,224347058,,,,,5,-1495.2884521484375,1021.4104614257812,-775.4654541015625,0.11311624199151993,-0.148789182305336,-0.26960673928260803,0.9446580410003662,1,694670,5781
1786075321,232197160,1,-412.1011047363281,108.4032211303711,-675.062744140625,,,,,,,,,,694671,5781
1786075321,232197160,,,,,5,-1495.33984375,1021.3834838867188,-775.4224853515625,0.1129152849316597,-0.14885777235031128,-0.27021557092666626,0.944497287273407,1,694671,5781
1786075321,241276148,1,-412.1225280761719,108.40827941894531,-675.0917358398438,,,,,,,,,,694672,5781
1786075321,241276148,,,,,5,-1495.3319091796875,1021.3990478515625,-775.43115234375,0.11299882084131241,-0.1489028036594391,-0.2702427804470062,0.9444724917411804,1,694672,5781
1786075321,249600019,1,-412.1219177246094,108.54498291015625,-675.0260620117188,,,,,,,,,,694673,5781
1786075321,249600019,,,,,5,-1495.3148193359375,1021.36376953125,-775.4542846679688,0.11262066662311554,-0.14900313317775726,-0.2699103355407715,0.9445967078208923,1,694673,5781
1786075321,257281893,1,-411.8102111816406,107.67031860351562,-675.1892700195312,,,,,,,,,,694674,5781
1786075321,257281893,,,,,5,-1495.3074951171875,1021.4072265625,-775.4738159179688,0.11290561407804489,-0.14902056753635406,-0.2696506083011627,0.9446342587471008,1,694674,5781
1786075321,266520341,1,-412.13818359375,108.4386215209961,-675.0908813476562,,,,,,,,,,694675,5781
1786075321,266520341,,,,,5,-1495.29296875,1021.3854370117188,-775.4214477539062,0.11289667338132858,-0.14876514673233032,-0.27038300037384033,0.944466233253479,1,694675,5781
1786075321,274418251,1,-412.0935974121094,108.45179748535156,-675.0894165039062,,,,,,,,,,694676,5781
1786075321,274418251,,,,,5,-1495.3057861328125,1021.3900756835938,-775.4266967773438,0.11290526390075684,-0.14890103042125702,-0.2698092460632324,0.9446077942848206,1,694676,5781
1786075321,283500728,1,-410.9797668457031,109.98140716552734,-674.844970703125,,,,,,,,,,694677,5781
1786075321,283500728,,,,,5,-1495.296630859375,1021.4100952148438,-775.4534301757812,0.11295850574970245,-0.1488490253686905,-0.26930612325668335,0.9447531700134277,1,694677,5781
1786075321,291318956,1,-412.10943603515625,108.39147186279297,-675.0423583984375,,,,,,,,,,694678,5781
1786075321,291318956,,,,,5,-1495.2940673828125,1021.3912353515625,-775.430419921875,0.11283160001039505,-0.14893868565559387,-0.2695332467556,0.9446894526481628,1,694678,5781
1786075321,298921277,1,-412.0636901855469,108.50389099121094,-675.0928955078125,,,,,,,,,,694679,5781
1786075321,298921277,,,,,5,-1495.330322265625,1021.3896484375,-775.4652099609375,0.11296417564153671,-0.14871065318584442,-0.269624799489975,0.9446834325790405,1,694679,5781
1786075321,307918984,1,-412.0677795410156,107.91991424560547,-674.8617553710938,,,,,,,,,,694680,5781
1786075321,307918984,,,,,5,-1495.2794189453125,1021.4064331054688,-775.4395751953125,0.11298657208681107,-0.1487286537885666,-0.2693759799003601,0.9447488784790039,1,694680,5781
1786075321,316014466,1,-411.7575378417969,107.6646499633789,-675.3417358398438,,,,,,,,,,694681,5781
1786075321,316014466,,,,,5,-1495.3045654296875,1021.4346923828125,-775.4410400390625,0.11311793327331543,-0.1488393396139145,-0.2700382471084595,0.9445266723632812,1,694681,5781
1786075321,324617190,1,-411.7284851074219,107.52867126464844,-675.3108520507812,,,,,,,,,,694682,5781
1786075321,324617190,,,,,5,-1495.282958984375,1021.4196166992188,-775.4598999023438,0.11300132423639297,-0.14895421266555786,-0.2701244652271271,0.94449782371521,1,694682,5781
1786075321,333103303,1,-412.1405334472656,108.40142059326172,-675.106689453125,,,,,,,,,,694683,5781
1786075321,333103303,,,,,5,-1495.2879638671875,1021.4130859375,-775.4484252929688,0.11301596462726593,-0.14867627620697021,-0.2697148323059082,0.9446569681167603,1,694683,5781
1786075321,341114240,1,-412.1918640136719,108.25235748291016,-675.2501831054688,,,,,,,,,,694684,5781
1786075321,341114240,,,,,5,-1495.3199462890625,1021.4005126953125,-775.4111938476562,0.11290361732244492,-0.1488797813653946,-0.26993390917778015,0.9445757865905762,1,694684,5781
1786075321,348951765,1,-412.0406799316406,108.49076080322266,-675.0728149414062,,,,,,,,,,694685,5781
1786075321,348951765,,,,,5,-1495.328369140625,1021.4061889648438,-775.4325561523438,0.112753726541996,-0.14903788268566132,-0.2697804570198059,0.9446126222610474,1,694685,5781
1786075321,357992705,1,-412.0472717285156,108.53361511230469,-675.042236328125,,,,,,,,,,694686,5781
1786075321,357992705,,,,,5,-1495.309814453125,1021.4078369140625,-775.4789428710938,0.11296141892671585,-0.14875909686088562,-0.26951152086257935,0.9447084665298462,1,694686,5781
1786075321,365810133,1,-412.0938720703125,108.43578338623047,-675.05419921875,,,,,,,,,,694687,5781
1786075321,365810133,,,,,5,-1495.29052734375,1021.3914184570312,-775.4598388671875,0.1131661906838417,-0.14865157008171082,-0.27030837535858154,0.9444732069969177,1,694687,5781
1786075321,374275350,1,-412.0716857910156,108.43598937988281,-675.03173828125,,,,,,,,,,694688,5781
1786075321,374275350,,,,,5,-1495.3162841796875,1021.3659057617188,-775.4222412109375,0.11282915621995926,-0.1487298458814621,-0.2700098156929016,0.9445866346359253,1,694688,5781
1786075321,382714647,1,-412.07159423828125,108.40098571777344,-675.0203857421875,,,,,,,,,,694689,5781
1786075321,382714647,,,,,5,-1495.279541015625,1021.4096069335938,-775.4217529296875,0.1130981594324112,-0.1487652063369751,-0.26975318789482117,0.9446221590042114,1,694689,5781
1786075321,390804497,1,-410.97320556640625,109.98242950439453,-674.8217163085938,,,,,,,,,,694690,5781
1786075321,390804497,,,,,5,-1495.3280029296875,1021.3868408203125,-775.4275512695312,0.112788625061512,-0.14876043796539307,-0.26956623792648315,0.944713294506073,1,694690,5781
1786075321,399739419,1,-411.762939453125,107.58399200439453,-675.2149658203125,,,,,,,,,,694691,5781
1786075321,399739419,,,,,5,-1495.3060302734375,1021.3934936523438,-775.4191284179688,0.11286351084709167,-0.1487506479024887,-0.2697620093822479,0.9446499347686768,1,694691,5781
1786075321,407936439,1,-411.82501220703125,107.52214050292969,-675.3450317382812,,,,,,,,,,694692,5781
1786075321,407936439,,,,,5,-1495.3035888671875,1021.4054565429688,-775.4490356445312,0.11297845840454102,-0.1487768590450287,-0.26963308453559875,0.9446690082550049,1,694692,5781
1786075321,415639849,1,-410.7992248535156,108.65174865722656,-675.2659912109375,,,,,,,,,,694693,5781
1786075321,415639849,,,,,5,-1495.262939453125,1021.390625,-775.4581909179688,0.11317591369152069,-0.14867229759693146,-0.2697155475616455,0.9446382522583008,1,694693,5781
1786075321,424577235,1,-412.23211669921875,108.25439453125,-675.2368774414062,,,,,,,,,,694694,5781
1786075321,424577235,,,,,5,-1495.308349609375,1021.3987426757812,-775.4470825195312,0.11302738636732101,-0.14874416589736938,-0.26982730627059937,0.9446127414703369,1,694694,5781
1786075321,432663309,1,-411.7645263671875,107.56769561767578,-675.2747192382812,,,,,,,,,,694695,5781
1786075321,432663309,,,,,5,-1495.2967529296875,1021.3782348632812,-775.4459228515625,0.11276543140411377,-0.14894169569015503,-0.26954665780067444,0.9446932673454285,1,694695,5781
1786075321,440563683,1,-411.9960021972656,108.68766784667969,-675.2470092773438,,,,,,,,,,694696,5781
1786075321,440563683,,,,,5,-1495.283935546875,1021.4103393554688,-775.4535522460938,0.11292970925569534,-0.14886994659900665,-0.26939263939857483,0.9447286128997803,1,694696,5781
1786075321,449386571,1,-412.04132080078125,108.45799255371094,-675.0632934570312,,,,,,,,,,694697,5781
1786075321,449386571,,,,,5,-1495.308349609375,1021.4190673828125,-775.4462890625,0.11306759715080261,-0.1489628702402115,-0.26957640051841736,0.9446452260017395,1,694697,5781
1786075321,457456997,1,-412.0715637207031,108.44135284423828,-675.0443725585938,,,,,,,,,,694698,5781
1786075321,457456997,,,,,5,-1495.302001953125,1021.4027709960938,-775.4503784179688,0.11290621012449265,-0.1488906443119049,-0.26949623227119446,0.9446986317634583,1,694698,5781
1786075321,465532606,1,-412.1078796386719,108.4189224243164,-675.1168823242188,,,,,,,,,,694699,5781
1786075321,465532606,,,,,5,-1495.3084716796875,1021.3822631835938,-775.4895629882812,0.11293530464172363,-0.1488875299692154,-0.2697400152683258,0.9446261525154114,1,694699,5781
1786075321,474556586,1,-412.1284484863281,108.4508056640625,-675.1069946289062,,,,,,,,,,694700,5781
1786075321,474556586,,,,,5,-1495.312255859375,1021.3777465820312,-775.4246215820312,0.11285968124866486,-0.14874286949634552,-0.26999911665916443,0.9445840120315552,1,694700,5781
1786075321,482471233,1,-412.0655517578125,108.45932006835938,-675.0485229492188,,,,,,,,,,694701,5781
1786075321,482471233,,,,,5,-1495.302734375,1021.40283203125,-775.45068359375,0.1131099984049797,-0.14894846081733704,-0.2699839770793915,0.944525957107544,1,694701,5781
1786075321,491466700,1,-410.92962646484375,110.01300811767578,-674.8435668945312,,,,,,,,,,694702,5781
1786075321,491466700,,,,,5,-1495.304931640625,1021.4130249023438,-775.4512329101562,0.11305604875087738,-0.1487649828195572,-0.2696286141872406,0.9446628093719482,1,694702,5781
1786075321,499511941,1,-410.9002990722656,110.0552978515625,-674.7857055664062,,,,,,,,,,694703,5781
1786075321,499511941,,,,,5,-1495.2703857421875,1021.3931884765625,-775.4427490234375,0.11321718990802765,-0.1486053466796875,-0.26934677362442017,0.9447489976882935,1,694703,5781
1786075321,507384411,1,-412.0545349121094,108.67105865478516,-675.135986328125,,,,,,,,,,694704,5782
1786075321,507384411,,,,,5,-1495.2767333984375,1021.3836059570312,-775.4562377929688,0.11283654719591141,-0.14883454144001007,-0.2696814239025116,0.9446629285812378,1,694704,5782
1786075321,516351333,1,-411.97772216796875,108.89307403564453,-675.3925170898438,,,,,,,,,,694705,5782
1786075321,516351333,,,,,5,-1495.31494140625,1021.4290161132812,-775.4722290039062,0.11228914558887482,-0.14885810017585754,-0.2686571776866913,0.9450162649154663,1,694705,5782
1786075321,524691492,1,-412.06475830078125,108.45974731445312,-675.0577392578125,,,,,,,,,,694706,5782
1786075321,524691492,,,,,5,-1495.293701171875,1021.375,-775.4745483398438,0.11299735307693481,-0.14885376393795013,-0.26980894804000854,0.944604218006134,1,694706,5782
1786075321,532250292,1,-410.86602783203125,108.61090850830078,-675.2372436523438,,,,,,,,,,694707,5782
1786075321,532250292,,,,,5,-1495.3084716796875,1021.3887939453125,-775.4364013671875,0.1129360944032669,-0.14875857532024384,-0.26985281705856323,0.9446141719818115,1,694707,5782
1786075321,541240255,1,-412.045166015625,108.45248413085938,-675.103515625,,,,,,,,,,694708,5782
1786075321,541240255,,,,,5,-1495.3114013671875,1021.3972778320312,-775.4191284179688,0.11284102499485016,-0.14884060621261597,-0.2696375250816345,0.9446741342544556,1,694708,5782
1786075321,549401498,1,-410.8606262207031,110.05074310302734,-674.7779541015625,,,,,,,,,,694709,5782
1786075321,549401498,,,,,5,-1495.2738037109375,1021.4195556640625,-775.4812622070312,0.11302889883518219,-0.14880594611167908,-0.27047663927078247,0.9444171190261841,1,694709,5782
1786075321,557333873,1,-411.7774353027344,107.70003509521484,-675.2118530273438,,,,,,,,,,694710,5782
1786075321,557333873,,,,,5,-1495.2723388671875,1021.39111328125,-775.4325561523438,0.11311952769756317,-0.14885011315345764,-0.26983964443206787,0.9445815086364746,1,694710,5782
1786075321,566426910,1,-411.09906005859375,110.70719909667969,-675.373291015625,,,,,,,,,,694711,5782
1786075321,566426910,,,,,5,-1495.2855224609375,1021.4070434570312,-775.4561767578125,0.1129889115691185,-0.1487576812505722,-0.2694935202598572,0.9447105526924133,1,694711,5782
1786075321,574328948,1,-411.00445556640625,109.86007690429688,-674.8756103515625,,,,,,,,,,694712,5782
1786075321,574328948,,,,,5,-1495.3199462890625,1021.3655395507812,-775.4320678710938,0.11307220906019211,-0.14872847497463226,-0.2703784704208374,0.9444522857666016,1,694712,5782
1786075321,582085128,1,-411.7510986328125,107.5455093383789,-675.2459106445312,,,,,,,,,,694713,5782
1786075321,582085128,,,,,5,-1495.3255615234375,1021.3771362304688,-775.4318237304688,0.11298108845949173,-0.1490766555070877,-0.2703520357608795,0.9444159865379333,1,694713,5782
1786075321,591104499,1,-412.1632385253906,108.34933471679688,-675.2206420898438,,,,,,,,,,694714,5782
1786075321,591104499,,,,,5,-1495.3125,1021.3972778320312,-775.4229736328125,0.11290021985769272,-0.14866575598716736,-0.2701420187950134,0.9445503950119019,1,694714,5782
1786075321,599150252,1,-412.1139831542969,108.488037109375,-675.046630859375,,,,,,,,,,694715,5782
1786075321,599150252,,,,,5,-1495.3145751953125,1021.38720703125,-775.4701538085938,0.11299609392881393,-0.14880794286727905,-0.26955646276474,0.9446837306022644,1,694715,5782
1786075321,608062486,1,-412.0846252441406,108.41374206542969,-675.100830078125,,,,,,,,,,694716,5782
1786075321,608062486,,,,,5,-1495.26513671875,1021.4078369140625,-775.4511108398438,0.11313216388225555,-0.1487552374601364,-0.27089840173721313,0.9442918300628662,1,694716,5782
1786075321,615915819,1,-412.0823669433594,108.41233825683594,-675.0314331054688,,,,,,,,,,694717,5782
1786075321,615915819,,,,,5,-1495.2919921875,1021.4033203125,-775.4571533203125,0.11308930069208145,-0.1487208604812622,-0.26981502771377563,0.9446126222610474,1,694717,5782
1786075321,623928004,1,-412.10565185546875,108.37298583984375,-675.0604858398438,,,,,,,,,,694718,5782
1786075321,623928004,,,,,5,-1495.2646484375,1021.42578125,-775.4928588867188,0.11298660933971405,-0.14900194108486176,-0.26979124546051025,0.9445872902870178,1,694718,5782
1786075321,632933231,1,-410.84259033203125,108.66535186767578,-675.2685546875,,,,,,,,,,694719,5782
1786075321,632933231,,,,,5,-1495.2945556640625,1021.4053955078125,-775.4637451171875,0.11301808059215546,-0.14878830313682556,-0.26958009600639343,0.9446775317192078,1,694719,5782
1786075321,641058154,1,-411.8336181640625,107.43721771240234,-675.1534423828125,,,,,,,,,,694720,5782
1786075321,641058154,,,,,5,-1495.3226318359375,1021.4303588867188,-775.4547729492188,0.1131027489900589,-0.14897708594799042,-0.2699180245399475,0.9445412158966064,1,694720,5782
1786075321,649264966,1,-410.9783630371094,109.89250946044922,-674.7871704101562,,,,,,,,,,694721,5782
1786075321,649264966,,,,,5,-1495.314453125,1021.4000854492188,-775.4613647460938,0.1131015494465828,-0.1488199681043625,-0.2695135176181793,0.9446815848350525,1,694721,5782
1786075321,656844022,1,-410.9151306152344,109.95654296875,-674.8114013671875,,,,,,,,,,694722,5782
1786075321,656844022,,,,,5,-1495.2991943359375,1021.4046020507812,-775.4724731445312,0.11292441934347153,-0.14887675642967224,-0.2693707346916199,0.944734513759613,1,694722,5782
1786075321,665783936,1,-410.8747253417969,108.53669738769531,-675.263916015625,,,,,,,,,,694723,5782
1786075321,665783936,,,,,5,-1495.295166015625,1021.4058837890625,-775.4511108398438,0.11307259649038315,-0.14872364699840546,-0.269726037979126,0.9446395039558411,1,694723,5782
1786075321,674349123,1,-411.0627136230469,109.85029602050781,-674.846435546875,,,,,,,,,,694724,5782
1786075321,674349123,,,,,5,-1495.291259765625,1021.39990234375,-775.4811401367188,0.11308301985263824,-0.1489391177892685,-0.26938602328300476,0.9447013139724731,1,694724,5782
1786075321,682894885,1,-411.79656982421875,107.5329360961914,-675.2693481445312,,,,,,,,,,694725,5782
1786075321,682894885,,,,,5,-1495.318359375,1021.4150390625,-775.4528198242188,0.11294818669557571,-0.14899319410324097,-0.26958709955215454,0.9446515440940857,1,694725,5782
1786075321,690897150,1,-411.8520202636719,107.4566879272461,-675.3062133789062,,,,,,,,,,694726,5782
1786075321,690897150,,,,,5,-1495.2923583984375,1021.41845703125,-775.4550170898438,0.1130862683057785,-0.14904549717903137,-0.2699975371360779,0.9445096254348755,1,694726,5782
1786075321,698825236,1,-411.7574462890625,107.49303436279297,-675.22509765625,,,,,,,,,,694727,5782
1786075321,698825236,,,,,5,-1495.316650390625,1021.423828125,-775.44091796875,0.11301839351654053,-0.14878983795642853,-0.2699243426322937,0.9445789456367493,1,694727,5782
1786075321,707802271,1,-410.7748107910156,108.72702026367188,-675.2395629882812,,,,,,,,,,694728,5782
1786075321,707802271,,,,,5,-1495.3193359375,1021.4323120117188,-775.4581909179688,0.11294937133789062,-0.14909574389457703,-0.2705675959587097,0.9443548917770386,1,694728,5782
1786075321,715773015,1,-411.7055358886719,107.7031478881836,-675.403564453125,,,,,,,,,,694729,5782
1786075321,715773015,,,,,5,-1495.2957763671875,1021.4042358398438,-775.46337890625,0.11302508413791656,-0.14896084368228912,-0.26986953616142273,0.9445668458938599,1,694729,5782
1786075321,724850339,1,-410.70599365234375,108.81816101074219,-675.4087524414062,,,,,,,,,,694730,5782
1786075321,724850339,,,,,5,-1495.2991943359375,1021.3809814453125,-775.4083251953125,0.1128108873963356,-0.1488955169916153,-0.26989203691482544,0.9445962905883789,1,694730,5782
1786075321,732753338,1,-411.73907470703125,107.46167755126953,-675.3005981445312,,,,,,,,,,694731,5782
1786075321,732753338,,,,,5,-1495.3079833984375,1021.4425048828125,-775.4595947265625,0.11288563162088394,-0.14909595251083374,-0.27030739188194275,0.9444369673728943,1,694731,5782
1786075321,740660496,1,-410.790771484375,108.84628295898438,-675.3736572265625,,,,,,,,,,694732,5782
1786075321,740660496,,,,,5,-1495.29248046875,1021.4242553710938,-775.4326782226562,0.11297480762004852,-0.14888131618499756,-0.2687937617301941,0.9448920488357544,1,694732,5782
1786075321,749517561,1,-412.0674133300781,108.6036605834961,-675.0858154296875,,,,,,,,,,694733,5782
1786075321,749517561,,,,,5,-1495.3333740234375,1021.3930053710938,-775.4228515625,0.1128685399889946,-0.1487555056810379,-0.2697560787200928,0.9446503520011902,1,694733,5782
1786075321,757613619,1,-412.0748291015625,108.46224212646484,-675.0828857421875,,,,,,,,,,694734,5782
1786075321,757613619,,,,,5,-1495.3040771484375,1021.4003295898438,-775.41748046875,0.11280544847249985,-0.1489342749118805,-0.26902633905410767,0.9448376893997192,1,694734,5782
1786075321,765574090,1,-412.0743103027344,107.92169952392578,-674.8880615234375,,,,,,,,,,694735,5782
1786075321,765574090,,,,,5,-1495.31884765625,1021.40087890625,-775.4363403320312,0.11276032030582428,-0.14890946447849274,-0.26955080032348633,0.9446974992752075,1,694735,5782
1786075321,774796474,1,-410.8210754394531,108.65840911865234,-675.2894897460938,,,,,,,,,,694736,5782
1786075321,774796474,,,,,5,-1495.2308349609375,1021.35107421875,-775.5098876953125,0.1125522032380104,-0.1497354507446289,-0.2689240872859955,0.9447704553604126,1,694736,5782
1786075321,782492460,1,-410.65771484375,109.12089538574219,-675.3756713867188,,,,,,,,,,694737,5782
1786075321,782492460,,,,,5,-1495.2896728515625,1021.3988647460938,-775.4654541015625,0.11299311369657516,-0.14874257147312164,-0.26964473724365234,0.9446691870689392,1,694737,5782
1786075321,790533765,1,-412.10711669921875,108.46881866455078,-675.0446166992188,,,,,,,,,,694738,5782
1786075321,790533765,,,,,5,-1495.3140869140625,1021.3951416015625,-775.4225463867188,0.11283423006534576,-0.1488732248544693,-0.2695293128490448,0.9447005391120911,1,694738,5782
1786075321,799539504,1,-411.8127746582031,107.6566390991211,-675.1297607421875,,,,,,,,,,694739,5782
1786075321,799539504,,,,,5,-1495.2637939453125,1021.3923950195312,-775.4871826171875,0.11325255781412125,-0.14859704673290253,-0.2696382999420166,0.9446629881858826,1,694739,5782
1786075321,807558569,1,-411.7377624511719,107.533447265625,-675.272705078125,,,,,,,,,,694740,5782
1786075321,807558569,,,,,5,-1495.2987060546875,1021.4172973632812,-775.4754638671875,0.11295144259929657,-0.1488647311925888,-0.26943811774253845,0.9447138905525208,1,694740,5782
1786075321,815425023,1,-411.6636047363281,107.7740478515625,-675.3308715820312,,,,,,,,,,694741,5782
1786075321,815425023,,,,,5,-1495.3238525390625,1021.3988647460938,-775.4445190429688,0.11296802759170532,-0.14881391823291779,-0.2697879374027252,0.9446201920509338,1,694741,5782
1786075321,824717007,1,-411.75115966796875,107.6808853149414,-675.347900390625,,,,,,,,,,694742,5782
1786075321,824717007,,,,,5,-1495.315673828125,1021.4230346679688,-775.4700927734375,0.11294793337583542,-0.14900022745132446,-0.26954910159111023,0.9446613192558289,1,694742,5782
1786075321,832311392,1,-411.0259094238281,109.9491195678711,-674.8414306640625,,,,,,,,,,694743,5782
1786075321,832311392,,,,,5,-1495.3226318359375,1021.4037475585938,-775.4384155273438,0.11275310069322586,-0.1489221453666687,-0.2691647708415985,0.9448065161705017,1,694743,5782
1786075321,840873763,1,-412.031982421875,108.49606323242188,-675.0416870117188,,,,,,,,,,694744,5782
1786075321,840873763,,,,,5,-1495.2969970703125,1021.3729858398438,-775.4332885742188,0.11291147768497467,-0.14876936376094818,-0.2694087326526642,0.9447421431541443,1,694744,5782
1786075321,849262178,1,-412.0595397949219,108.43025207519531,-675.0155639648438,,,,,,,,,,694745,5782
1786075321,849262178,,,,,5,-1495.2989501953125,1021.3611450195312,-775.441162109375,0.11306628584861755,-0.14870813488960266,-0.2700616717338562,0.9445468187332153,1,694745,5782
1786075321,857421853,1,-411.81268310546875,107.46122741699219,-675.2779541015625,,,,,,,,,,694746,5782
1786075321,857421853,,,,,5,-1495.341064453125,1021.4089965820312,-775.4413452148438,0.11298064887523651,-0.14903225004673004,-0.2701084613800049,0.9444925785064697,1,694746,5782
1786075321,866130851,1,-410.9747619628906,109.93179321289062,-674.8118896484375,,,,,,,,,,694747,5782
1786075321,866130851,,,,,5,-1495.2969970703125,1021.4296264648438,-775.4403686523438,0.11308078467845917,-0.14883345365524292,-0.26989397406578064,0.9445732831954956,1,694747,5782
1786075321,874479842,1,-410.9325866699219,110.04301452636719,-674.7802734375,,,,,,,,,,694748,5782
1786075321,874479842,,,,,5,-1495.3175048828125,1021.4068603515625,-775.4388427734375,0.11291303485631943,-0.14896026253700256,-0.26968249678611755,0.9446337819099426,1,694748,5782
1786075321,882103539,1,-411.7885437011719,107.5351333618164,-675.3342895507812,,,,,,,,,,694749,5782
1786075321,882103539,,,,,5,-1495.2904052734375,1021.4281616210938,-775.4498901367188,0.11307806521654129,-0.14879944920539856,-0.2697894871234894,0.9446086883544922,1,694749,5782
1786075321,891632008,1,-410.5184326171875,109.5624771118164,-675.55810546875,,,,,,,,,,694750,5782
1786075321,891632008,,,,,5,-1495.2841796875,1021.43310546875,-775.4398803710938,0.11231997609138489,-0.14874500036239624,-0.2684479355812073,0.9450898766517639,1,694750,5782
1786075321,899474045,1,-411.7207946777344,107.54142761230469,-675.2382202148438,,,,,,,,,,694751,5782
1786075321,899474045,,,,,5,-1495.3123779296875,1021.38427734375,-775.4276733398438,0.11289212852716446,-0.14869661629199982,-0.27005815505981445,0.9445704817771912,1,694751,5782
1786075321,908140706,1,-412.0243835449219,108.84765625,-675.2041625976562,,,,,,,,,,694752,5782
1786075321,908140706,,,,,5,-1495.2972412109375,1021.3914184570312,-775.4488525390625,0.11279475688934326,-0.14880412817001343,-0.2695830166339874,0.9447008967399597,1,694752,5782
1786075321,916025816,1,-412.05035400390625,108.3895263671875,-675.0758666992188,,,,,,,,,,694753,5782
1786075321,916025816,,,,,5,-1495.2882080078125,1021.3822631835938,-775.4208374023438,0.11283151805400848,-0.1487419456243515,-0.27005451917648315,0.9445716738700867,1,694753,5782
1786075321,924277653,1,-410.8424987792969,108.6183090209961,-675.3228759765625,,,,,,,,,,694754,5782
1786075321,924277653,,,,,5,-1495.277099609375,1021.3948364257812,-775.4498901367188,0.11312802135944366,-0.1487562358379364,-0.2698425352573395,0.9445945024490356,1,694754,5782
1786075321,932974651,1,-412.1797790527344,107.47368621826172,-675.00390625,,,,,,,,,,694755,5782
1786075321,932974651,,,,,5,-1495.302734375,1021.4102783203125,-775.3969116210938,0.11311511695384979,-0.14880923926830292,-0.27036699652671814,0.9444376826286316,1,694755,5782
1786075321,941029812,1,-411.78717041015625,107.53006744384766,-675.2653198242188,,,,,,,,,,694756,5782
1786075321,941029812,,,,,5,-1495.2830810546875,1021.4198608398438,-775.4515991210938,0.11290936917066574,-0.1488727331161499,-0.26930156350135803,0.9447566866874695,1,694756,5782
1786075321,948952107,1,-412.0691223144531,108.4531021118164,-675.1201782226562,,,,,,,,,,694757,5782
1786075321,948952107,,,,,5,-1495.30810546875,1021.373046875,-775.4473876953125,0.11300795525312424,-0.148870050907135,-0.2698501944541931,0.9445887804031372,1,694757,5782
1786075321,958050872,1,-412.3276062011719,107.25869750976562,-675.338623046875,,,,,,,,,,694758,5782
1786075321,958050872,,,,,5,-1495.2919921875,1021.421875,-775.4503784179688,0.11300747096538544,-0.14881324768066406,-0.26943719387054443,0.944715678691864,1,694758,5782
1786075321,965902253,1,-410.8973693847656,109.98158264160156,-674.7280883789062,,,,,,,,,,694759,5782
1786075321,965902253,,,,,5,-1495.3531494140625,1021.365234375,-775.3997802734375,0.11269894987344742,-0.14898546040058136,-0.27014005184173584,0.9445245862007141,1,694759,5782
1786075321,973934758,1,-411.7916564941406,107.48379516601562,-675.2169189453125,,,,,,,,,,694760,5782
1786075321,973934758,,,,,5,-1495.2884521484375,1021.412109375,-775.4658813476562,0.11294137686491013,-0.14881399273872375,-0.270644873380661,0.9443780779838562,1,694760,5782
1786075321,982770574,1,-410.9339599609375,109.99663543701172,-674.7932739257812,,,,,,,,,,694761,5782
1786075321,982770574,,,,,5,-1495.3001708984375,1021.3907470703125,-775.4070434570312,0.11297094076871872,-0.1487654447555542,-0.26994088292121887,0.9445838332176208,1,694761,5782
1786075321,990910217,1,-411.7749328613281,107.48941040039062,-675.292724609375,,,,,,,,,,694762,5782
1786075321,990910217,,,,,5,-1495.3216552734375,1021.3836059570312,-775.4613647460938,0.11273868381977081,-0.14902034401893616,-0.26987388730049133,0.9445905685424805,1,694762,5782
1786075321,998814975,1,-410.8121032714844,108.66332244873047,-675.2897338867188,,,,,,,,,,694763,5782
1786075321,998814975,,,,,5,-1495.3087158203125,1021.4042358398438,-775.4295654296875,0.1128392145037651,-0.1488487273454666,-0.2696840167045593,0.9446597695350647,1,694763,5782
1786075322,7820746,1,-410.8782653808594,110.02864074707031,-674.7924194335938,,,,,,,,,,694764,5782
1786075322,7820746,,,,,5,-1495.2987060546875,1021.4050903320312,-775.4697265625,0.11271321028470993,-0.1487622857093811,-0.2690170109272003,0.9448785781860352,1,694764,5782
1786075322,15826403,1,-412.1209411621094,108.29495239257812,-675.0325317382812,,,,,,,,,,694765,5782
1786075322,15826403,,,,,5,-1495.3076171875,1021.3619384765625,-775.4107666015625,0.11266256123781204,-0.14881278574466705,-0.27011653780937195,0.9445627927780151,1,694765,5782
1786075322,23947453,1,-411.7388916015625,107.50243377685547,-675.2587280273438,,,,,,,,,,694766,5782
1786075322,23947453,,,,,5,-1495.27783203125,1021.4369506835938,-775.4741821289062,0.11307182163000107,-0.14905031025409698,-0.27014657855033875,0.9444679617881775,1,694766,5782
1786075322,32803941,1,-410.75958251953125,108.68670654296875,-675.1746826171875,,,,,,,,,,694767,5782
1786075322,32803941,,,,,5,-1495.3033447265625,1021.38525390625,-775.4132690429688,0.11288738995790482,-0.14873260259628296,-0.2702583074569702,0.9445081353187561,1,694767,5782
1786075322,40824542,1,-411.7521057128906,107.54730987548828,-675.2539672851562,,,,,,,,,,694768,5782
1786075322,40824542,,,,,5,-1495.2996826171875,1021.3865356445312,-775.46337890625,0.1127721443772316,-0.148880273103714,-0.26981210708618164,0.9446261525154114,1,694768,5782
1786075322,49603652,1,-412.0362854003906,108.44466400146484,-675.0263061523438,,,,,,,,,,694769,5782
1786075322,49603652,,,,,5,-1495.3206787109375,1021.4058837890625,-775.422119140625,0.1129138320684433,-0.1490468680858612,-0.2700679302215576,0.9445098042488098,1,694769,5782
1786075322,58195016,1,-410.9264221191406,110.0436019897461,-674.7896728515625,,,,,,,,,,694770,5782
1786075322,58195016,,,,,5,-1495.2880859375,1021.4044799804688,-775.4657592773438,0.11284638196229935,-0.1488373875617981,-0.26923343539237976,0.9447892308235168,1,694770,5782
1786075322,65637781,1,-410.7821350097656,110.96315002441406,-674.794921875,,,,,,,,,,694771,5782
1786075322,65637781,,,,,5,-1495.2623291015625,1021.4618530273438,-775.5028686523438,0.11237349361181259,-0.14883437752723694,-0.2677336633205414,0.9452720880508423,1,694771,5782
1786075322,74672897,1,-411.72119140625,107.74764251708984,-675.353271484375,,,,,,,,,,694772,5782
1786075322,74672897,,,,,5,-1495.27587890625,1021.4026489257812,-775.4449462890625,0.11321452260017395,-0.1486239731311798,-0.2696649730205536,0.9446556568145752,1,694772,5782
1786075322,82612920,1,-412.0714111328125,108.39451599121094,-675.0654296875,,,,,,,,,,694773,5782
1786075322,82612920,,,,,5,-1495.283935546875,1021.4078369140625,-775.4656372070312,0.11290844529867172,-0.14878346025943756,-0.2694697678089142,0.9447228908538818,1,694773,5782
1786075322,90497261,1,-410.8153076171875,108.66653442382812,-675.2987060546875,,,,,,,,,,694774,5782
1786075322,90497261,,,,,5,-1495.298095703125,1021.4013671875,-775.4714965820312,0.11280281841754913,-0.14891363680362701,-0.2697324752807617,0.9446399211883545,1,694774,5782
1786075322,99450199,1,-411.04681396484375,108.59105682373047,-675.34326171875,,,,,,,,,,694775,5782
1786075322,99450199,,,,,5,-1495.2916259765625,1021.4212036132812,-775.483154296875,0.11295972764492035,-0.14890176057815552,-0.2693766951560974,0.9447246193885803,1,694775,5782
1786075322,107471376,1,-410.8329772949219,108.68780517578125,-675.331298828125,,,,,,,,,,694776,5782
1786075322,107471376,,,,,5,-1495.291748046875,1021.3831176757812,-775.468994140625,0.11284193396568298,-0.14904040098190308,-0.27006101608276367,0.9445214867591858,1,694776,5782
1786075322,115472904,1,-411.8197326660156,107.60773468017578,-675.2193603515625,,,,,,,,,,694777,5782
1786075322,115472904,,,,,5,-1495.3310546875,1021.3724975585938,-775.4579467773438,0.11269987374544144,-0.14897696673870087,-0.26974356174468994,0.9446390271186829,1,694777,5782
1786075322,124470771,1,-411.7757873535156,107.50426483154297,-675.3021850585938,,,,,,,,,,694778,5782
1786075322,124470771,,,,,5,-1495.27978515625,1021.3861694335938,-775.46728515625,0.11272367089986801,-0.14888474345207214,-0.2696733772754669,0.9446709156036377,1,694778,5782
1786075322,132452779,1,-412.08892822265625,108.43898010253906,-675.120361328125,,,,,,,,,,694779,5782
1786075322,132452779,,,,,5,-1495.3134765625,1021.4434814453125,-775.4755249023438,0.11303815245628357,-0.14902813732624054,-0.2701329290866852,0.9444794058799744,1,694779,5782
1786075322,140415010,1,-410.97491455078125,109.91414642333984,-674.7564697265625,,,,,,,,,,694780,5782
1786075322,140415010,,,,,5,-1495.2879638671875,1021.4208984375,-775.4660034179688,0.1129901185631752,-0.14875146746635437,-0.2694312036037445,0.9447291493415833,1,694780,5782
1786075322,149371500,1,-410.7028503417969,109.10767364501953,-675.604248046875,,,,,,,,,,694781,5782
1786075322,149371500,,,,,5,-1495.30908203125,1021.4877319335938,-775.47998046875,0.11236914247274399,-0.1491081714630127,-0.2680172026157379,0.9451491832733154,1,694781,5782
1786075322,157368324,1,-410.9761657714844,109.9763412475586,-674.8948974609375,,,,,,,,,,694782,5782
1786075322,157368324,,,,,5,-1495.3092041015625,1021.412109375,-775.4725952148438,0.11287946254014969,-0.14891432225704193,-0.26944732666015625,0.9447121620178223,1,694782,5782
1786075322,166350927,1,-410.9471740722656,109.96897888183594,-674.78515625,,,,,,,,,,694783,5782
1786075322,166350927,,,,,5,-1495.2894287109375,1021.4226684570312,-775.4696044921875,0.11301542818546295,-0.14873966574668884,-0.2695349156856537,0.9446983933448792,1,694783,5782
1786075322,174322982,1,-411.71990966796875,107.59537506103516,-675.216796875,,,,,,,,,,694784,5782
1786075322,174322982,,,,,5,-1495.3035888671875,1021.4071655273438,-775.4796752929688,0.11292266845703125,-0.148845836520195,-0.2709304690361023,0.9442934989929199,1,694784,5782
1786075322,182266173,1,-412.081298828125,108.48298645019531,-675.078369140625,,,,,,,,,,694785,5782
1786075322,182266173,,,,,5,-1495.3154296875,1021.3741455078125,-775.45849609375,0.11282137036323547,-0.1488177627325058,-0.27016201615333557,0.9445301294326782,1,694785,5782
1786075322,191300201,1,-412.06878662109375,108.63042449951172,-675.1757202148438,,,,,,,,,,694786,5782
1786075322,191300201,,,,,5,-1495.2752685546875,1021.4176025390625,-775.4762573242188,0.1130942702293396,-0.14874976873397827,-0.26980605721473694,0.9446099996566772,1,694786,5782
1786075322,199419875,1,-410.8168029785156,108.65521240234375,-675.2410278320312,,,,,,,,,,694787,5782
1786075322,199419875,,,,,5,-1495.3145751953125,1021.4169311523438,-775.47216796875,0.11296342313289642,-0.14888784289360046,-0.26932647824287415,0.9447407722473145,1,694787,5782
1786075322,207293497,1,-410.78070068359375,110.88150024414062,-674.67919921875,,,,,,,,,,694788,5782
1786075322,207293497,,,,,5,-1495.3348388671875,1021.3883056640625,-775.4754028320312,0.11267868429422379,-0.1487821340560913,-0.2696748971939087,0.9446919560432434,1,694788,5782
1786075322,216192514,1,-411.8331298828125,107.70220184326172,-675.1839599609375,,,,,,,,,,694789,5782
1786075322,216192514,,,,,5,-1495.3062744140625,1021.4534301757812,-775.5197143554688,0.11296022683382034,-0.14900211989879608,-0.26999759674072266,0.9445314407348633,1,694789,5782
1786075322,224556193,1,-411.7809753417969,107.65142059326172,-675.3155517578125,,,,,,,,,,694790,5782
1786075322,224556193,,,,,5,-1495.283447265625,1021.3485717773438,-775.4608764648438,0.11276427656412125,-0.1489858627319336,-0.27040815353393555,0.9444400668144226,1,694790,5782
1786075322,232194514,1,-411.7955627441406,107.43365478515625,-675.2611694335938,,,,,,,,,,694791,5782
1786075322,232194514,,,,,5,-1495.3177490234375,1021.40185546875,-775.4672241210938,0.11277996748685837,-0.14907054603099823,-0.2708030641078949,0.9443115592002869,1,694791,5782
1786075322,241205021,1,-412.1322937011719,108.3829345703125,-675.0352783203125,,,,,,,,,,694792,5782
1786075322,241205021,,,,,5,-1495.270263671875,1021.3790893554688,-775.4525146484375,0.11285394430160522,-0.1489994376897812,-0.2697579264640808,0.9446130394935608,1,694792,5782
1786075322,249351608,1,-412.1527099609375,108.32762908935547,-675.2744750976562,,,,,,,,,,694793,5782
1786075322,249351608,,,,,5,-1495.2908935546875,1021.4119262695312,-775.4411010742188,0.11302307993173599,-0.1487531214952469,-0.26940035820007324,0.944733738899231,1,694793,5782
1786075322,258102430,1,-410.7640075683594,108.73059844970703,-675.2252197265625,,,,,,,,,,694794,5782
1786075322,258102430,,,,,5,-1495.302001953125,1021.4205932617188,-775.48681640625,0.11296793073415756,-0.14888519048690796,-0.2692301571369171,0.9447680115699768,1,694794,5782
1786075322,266102710,1,-411.783203125,107.41001892089844,-675.3294067382812,,,,,,,,,,694795,5782
1786075322,266102710,,,,,5,-1495.2906494140625,1021.3673706054688,-775.4501342773438,0.11297467350959778,-0.14880165457725525,-0.2703604996204376,0.9444575309753418,1,694795,5782
1786075322,274532630,1,-411.78240966796875,107.54512786865234,-675.2780151367188,,,,,,,,,,694796,5782
1786075322,274532630,,,,,5,-1495.3095703125,1021.40283203125,-775.4647827148438,0.11299502849578857,-0.14903533458709717,-0.26957541704177856,0.9446426630020142,1,694796,5782
1786075322,282882389,1,-412.1481018066406,108.3470458984375,-675.25537109375,,,,,,,,,,694797,5782
1786075322,282882389,,,,,5,-1495.2894287109375,1021.3883666992188,-775.4667358398438,0.11303971707820892,-0.14872384071350098,-0.2699318528175354,0.9445846080780029,1,694797,5782
1786075322,290986223,1,-411.84246826171875,107.42475891113281,-675.2510375976562,,,,,,,,,,694798,5782
1786075322,290986223,,,,,5,-1495.2978515625,1021.3541259765625,-775.4366455078125,0.11286451667547226,-0.14881668984889984,-0.27081412076950073,0.9443384408950806,1,694798,5782
1786075322,298820676,1,-412.1256103515625,108.39643096923828,-675.0723266601562,,,,,,,,,,694799,5782
1786075322,298820676,,,,,5,-1495.2596435546875,1021.3731689453125,-775.471923828125,0.11333784461021423,-0.14856866002082825,-0.2701832354068756,0.944501519203186,1,694799,5782
1786075322,307933777,1,-412.03704833984375,108.4361801147461,-675.103515625,,,,,,,,,,694800,5782
1786075322,307933777,,,,,5,-1495.278564453125,1021.41015625,-775.4391479492188,0.11284548044204712,-0.14889369904994965,-0.26945456862449646,0.9447174072265625,1,694800,5782
1786075322,315881320,1,-412.1004333496094,108.5430679321289,-675.111572265625,,,,,,,,,,694801,5782
1786075322,315881320,,,,,5,-1495.332763671875,1021.3978881835938,-775.4413452148438,0.11284071207046509,-0.14914025366306305,-0.2700217664241791,0.9445170760154724,1,694801,5782
1786075322,323892256,1,-411.7207946777344,107.65487670898438,-675.348876953125,,,,,,,,,,694802,5782
1786075322,323892256,,,,,5,-1495.279296875,1021.3955078125,-775.4637451171875,0.11280329525470734,-0.14907002449035645,-0.27009129524230957,0.9445127844810486,1,694802,5782
1786075322,332781065,1,-411.78076171875,107.52542114257812,-675.285400390625,,,,,,,,,,694803,5782
1786075322,332781065,,,,,5,-1495.3006591796875,1021.3893432617188,-775.4909057617188,0.11286453902721405,-0.149133563041687,-0.2699054479598999,0.9445486068725586,1,694803,5782
1786075322,340814722,1,-411.80059814453125,107.41527557373047,-675.3197021484375,,,,,,,,,,694804,5782
1786075322,340814722,,,,,5,-1495.2777099609375,1021.4071655273438,-775.4594116210938,0.1127556562423706,-0.14891351759433746,-0.2689536213874817,0.9448676109313965,1,694804,5782
1786075322,348789785,1,-410.87823486328125,108.56334686279297,-675.2526245117188,,,,,,,,,,694805,5782
1786075322,348789785,,,,,5,-1495.3150634765625,1021.3894653320312,-775.4660034179688,0.11267930269241333,-0.14898787438869476,-0.2692757248878479,0.9447733759880066,1,694805,5782
1786075322,357855045,1,-411.72186279296875,107.5284652709961,-675.1875610351562,,,,,,,,,,694806,5782
1786075322,357855045,,,,,5,-1495.31201171875,1021.3980712890625,-775.4977416992188,0.11281832307577133,-0.1490430384874344,-0.26989397406578064,0.9445715546607971,1,694806,5782
1786075322,365731163,1,-411.71881103515625,107.49176025390625,-675.3490600585938,,,,,,,,,,694807,5782
1786075322,365731163,,,,,5,-1495.3297119140625,1021.39013671875,-775.476806640625,0.11280085891485214,-0.14888368546962738,-0.269962877035141,0.9445791244506836,1,694807,5782
1786075322,374346271,1,-410.8098449707031,108.64434814453125,-675.2842407226562,,,,,,,,,,694808,5782
1786075322,374346271,,,,,5,-1495.2994384765625,1021.3795166015625,-775.4708251953125,0.11283384263515472,-0.14876089990139008,-0.26982381939888,0.9446343183517456,1,694808,5782
1786075322,382629756,1,-412.0709228515625,108.47372436523438,-675.0321655273438,,,,,,,,,,694809,5782
1786075322,382629756,,,,,5,-1495.2738037109375,1021.3870239257812,-775.478515625,0.11318332701921463,-0.1486385464668274,-0.2694348394870758,0.9447228312492371,1,694809,5782
1786075322,390842808,1,-410.8117370605469,108.6722640991211,-675.2935791015625,,,,,,,,,,694810,5782
1786075322,390842808,,,,,5,-1495.289306640625,1021.4239501953125,-775.5150756835938,0.1129743680357933,-0.1489245593547821,-0.2705795168876648,0.9443754553794861,1,694810,5782
1786075322,399611263,1,-411.7437438964844,107.5279541015625,-675.2951049804688,,,,,,,,,,694811,5782
1786075322,399611263,,,,,5,-1495.3173828125,1021.4200439453125,-775.5049438476562,0.11280906200408936,-0.14912962913513184,-0.2688533663749695,0.9448557496070862,1,694811,5782
1786075322,407576182,1,-412.09674072265625,108.4131088256836,-675.0228881835938,,,,,,,,,,694812,5782
1786075322,407576182,,,,,5,-1495.310791015625,1021.39453125,-775.4906616210938,0.11286824941635132,-0.14895351231098175,-0.26955288648605347,0.9446771144866943,1,694812,5782
1786075322,415507693,1,-410.8379821777344,110.32428741455078,-674.6156616210938,,,,,,,,,,694813,5782
1786075322,415507693,,,,,5,-1495.2847900390625,1021.4061889648438,-775.4758911132812,0.11286153644323349,-0.14885611832141876,-0.2708694636821747,0.9443166255950928,1,694813,5782
1786075322,424621626,1,-410.98345947265625,109.9841537475586,-674.848876953125,,,,,,,,,,694814,5782
1786075322,424621626,,,,,5,-1495.3231201171875,1021.3453369140625,-775.4293823242188,0.11284501105546951,-0.14894284307956696,-0.27058523893356323,0.94438636302948,1,694814,5782
1786075322,432637522,1,-412.0906066894531,108.4537124633789,-675.12939453125,,,,,,,,,,694815,5782
1786075322,432637522,,,,,5,-1495.2703857421875,1021.3976440429688,-775.4693603515625,0.1127648651599884,-0.14887462556362152,-0.2698773443698883,0.9446093440055847,1,694815,5782
1786075322,440562121,1,-412.0918884277344,108.40315246582031,-675.06298828125,,,,,,,,,,694816,5782
1786075322,440562121,,,,,5,-1495.3035888671875,1021.3937377929688,-775.4476928710938,0.11298155784606934,-0.14883491396903992,-0.2702472507953644,0.9444839358329773,1,694816,5782
1786075322,449553972,1,-410.76080322265625,108.655029296875,-675.2767944335938,,,,,,,,,,694817,5782
1786075322,449553972,,,,,5,-1495.3192138671875,1021.3834838867188,-775.4521484375,0.11297430098056793,-0.14877353608608246,-0.2703131437301636,0.9444755911827087,1,694817,5782
1786075322,457733071,1,-410.9184265136719,110.17687225341797,-674.9036254882812,,,,,,,,,,694818,5782
1786075322,457733071,,,,,5,-1495.3060302734375,1021.3949584960938,-775.43408203125,0.11288996785879135,-0.14881041646003723,-0.2695695459842682,0.9446924328804016,1,694818,5782
1786075322,465376256,1,-411.7912902832031,107.44366455078125,-675.2364501953125,,,,,,,,,,694819,5782
1786075322,465376256,,,,,5,-1495.3104248046875,1021.4226684570312,-775.4991455078125,0.1130228340625763,-0.14876163005828857,-0.2695694863796234,0.9446842074394226,1,694819,5782
1786075322,474683857,1,-410.97308349609375,108.38481903076172,-675.4732055664062,,,,,,,,,,694820,5782
1786075322,474683857,,,,,5,-1495.3389892578125,1021.4078369140625,-775.4494018554688,0.11280680447816849,-0.14900320768356323,-0.26986759901046753,0.9445868134498596,1,694820,5782
1786075322,482399044,1,-412.12109375,107.81403350830078,-674.8609619140625,,,,,,,,,,694821,5782
1786075322,482399044,,,,,5,-1495.3072509765625,1021.4220581054688,-775.4824829101562,0.11299125105142593,-0.14887258410453796,-0.26989832520484924,0.9445765614509583,1,694821,5782
1786075322,491411951,1,-412.21575927734375,108.36214447021484,-675.2492065429688,,,,,,,,,,694822,5782
1786075322,491411951,,,,,5,-1495.2894287109375,1021.4111328125,-775.46875,0.11299939453601837,-0.14880764484405518,-0.26964977383613586,0.9446569085121155,1,694822,5782
1786075322,499304517,1,-411.8345642089844,107.45500946044922,-675.2664794921875,,,,,,,,,,694823,5782
1786075322,499304517,,,,,5,-1495.3050537109375,1021.3984375,-775.4298706054688,0.11275357007980347,-0.14871713519096375,-0.2697060704231262,0.9446843862533569,1,694823,5782
1786075322,507316253,1,-410.7443542480469,110.54827880859375,-675.0250244140625,,,,,,,,,,694824,5783
1786075322,507316253,,,,,5,-1495.303466796875,1021.4443359375,-775.4842529296875,0.11220845580101013,-0.14899709820747375,-0.2677967846393585,0.9452481865882874,1,694824,5783
1786075322,516202726,1,-412.07861328125,108.4642105102539,-675.0338745117188,,,,,,,,,,694825,5783
1786075322,516202726,,,,,5,-1495.29736328125,1021.41748046875,-775.4508056640625,0.11310521513223648,-0.14890407025814056,-0.2700752317905426,0.9445074796676636,1,694825,5783
1786075322,524337857,1,-411.78997802734375,107.60722351074219,-675.3569946289062,,,,,,,,,,694826,5783
1786075322,524337857,,,,,5,-1495.2967529296875,1021.4011840820312,-775.455810546875,0.11291812360286713,-0.14885219931602478,-0.269951730966568,0.9445732831954956,1,694826,5783
1786075322,532171958,1,-411.03411865234375,109.86628723144531,-674.849853515625,,,,,,,,,,694827,5783
1786075322,532171958,,,,,5,-1495.3057861328125,1021.3773803710938,-775.4401245117188,0.11275991797447205,-0.14883869886398315,-0.26966211199760437,0.9446770548820496,1,694827,5783
1786075322,541191777,1,-412.1120910644531,108.40800476074219,-675.1094970703125,,,,,,,,,,694828,5783
1786075322,541191777,,,,,5,-1495.3031005859375,1021.4064331054688,-775.4222412109375,0.11296918243169785,-0.14870989322662354,-0.26983946561813354,0.9446216821670532,1,694828,5783
1786075322,549087319,1,-411.7863464355469,107.52511596679688,-675.2593994140625,,,,,,,,,,694829,5783
1786075322,549087319,,,,,5,-1495.3045654296875,1021.4161376953125,-775.4679565429688,0.11288243532180786,-0.14905881881713867,-0.2693451941013336,0.9447181820869446,1,694829,5783
1786075322,558254085,1,-412.0680847167969,108.51050567626953,-675.03662109375,,,,,,,,,,694830,5783
1786075322,558254085,,,,,5,-1495.3001708984375,1021.4179077148438,-775.4668579101562,0.1131204143166542,-0.14877228438854218,-0.2698153853416443,0.9446006417274475,1,694830,5783
1786075322,565980024,1,-412.169921875,107.59735107421875,-675.0177001953125,,,,,,,,,,694831,5783
1786075322,565980024,,,,,5,-1495.2904052734375,1021.4076538085938,-775.4514770507812,0.11304221302270889,-0.14883823692798615,-0.269471675157547,0.9446977376937866,1,694831,5783
1786075322,574248885,1,-412.1476135253906,108.40876770019531,-675.06201171875,,,,,,,,,,694832,5783
1786075322,574248885,,,,,5,-1495.3138427734375,1021.4024658203125,-775.4202880859375,0.11292162537574768,-0.14888253808021545,-0.2695479393005371,0.9446834921836853,1,694832,5783
1786075322,583006268,1,-412.2363586425781,107.2328109741211,-675.3351440429688,,,,,,,,,,694833,5783
1786075322,583006268,,,,,5,-1495.2947998046875,1021.4112548828125,-775.4600830078125,0.1129411906003952,-0.14867092669010162,-0.2693374752998352,0.944774329662323,1,694833,5783
1786075322,591021492,1,-412.0675964355469,108.45433044433594,-675.1185302734375,,,,,,,,,,694834,5783
1786075322,591021492,,,,,5,-1495.328125,1021.4210815429688,-775.4130249023438,0.11283133924007416,-0.14906497299671173,-0.269493967294693,0.9446808695793152,1,694834,5783
1786075322,598970923,1,-410.8199157714844,108.86634063720703,-675.28515625,,,,,,,,,,694835,5783
1786075322,598970923,,,,,5,-1495.2972412109375,1021.40771484375,-775.4810791015625,0.11278954148292542,-0.14887696504592896,-0.26895344257354736,0.9448694586753845,1,694835,5783
1786075322,607852692,1,-410.84185791015625,108.637451171875,-675.3082885742188,,,,,,,,,,694836,5783
1786075322,607852692,,,,,5,-1495.3160400390625,1021.3839721679688,-775.4332275390625,0.11275842040777206,-0.14900529384613037,-0.2703976035118103,0.9444406628608704,1,694836,5783
1786075322,615855852,1,-411.16925048828125,110.91395568847656,-675.4136352539062,,,,,,,,,,694837,5783
1786075322,615855852,,,,,5,-1495.3118896484375,1021.4208374023438,-775.4508666992188,0.11288327723741531,-0.1489684134721756,-0.26938125491142273,0.9447219371795654,1,694837,5783
1786075322,623851460,1,-410.9292907714844,108.66187286376953,-675.16259765625,,,,,,,,,,694838,5783
1786075322,623851460,,,,,5,-1495.314697265625,1021.4293212890625,-775.434814453125,0.11313076317310333,-0.1487429141998291,-0.2700236141681671,0.9445444345474243,1,694838,5783
1786075322,632820686,1,-411.7326965332031,107.71346282958984,-675.2428588867188,,,,,,,,,,694839,5783
1786075322,632820686,,,,,5,-1495.269287109375,1021.4148559570312,-775.451171875,0.11318580061197281,-0.14871619641780853,-0.2692234516143799,0.9447705745697021,1,694839,5783
1786075322,640876871,1,-412.095947265625,108.3946304321289,-675.0624389648438,,,,,,,,,,694840,5783
1786075322,640876871,,,,,5,-1495.3240966796875,1021.4110717773438,-775.4114990234375,0.1129535660147667,-0.14901897311210632,-0.2699206471443176,0.9445516467094421,1,694840,5783
1786075322,648778461,1,-412.11285400390625,108.38912963867188,-675.1007690429688,,,,,,,,,,694841,5783
1786075322,648778461,,,,,5,-1495.2901611328125,1021.3956909179688,-775.3932495117188,0.11291258782148361,-0.14865130186080933,-0.2705325782299042,0.9444392919540405,1,694841,5783
1786075322,657864714,1,-410.7625427246094,108.64190673828125,-675.2245483398438,,,,,,,,,,694842,5783
1786075322,657864714,,,,,5,-1495.306640625,1021.3923950195312,-775.4097900390625,0.1128205731511116,-0.14884109795093536,-0.26979297399520874,0.9446319937705994,1,694842,5783
1786075322,665833921,1,-412.1168212890625,107.86840057373047,-674.9176025390625,,,,,,,,,,694843,5783
1786075322,665833921,,,,,5,-1495.298095703125,1021.3952026367188,-775.3955078125,0.1129111498594284,-0.14868704974651337,-0.2699654698371887,0.9445961713790894,1,694843,5783
1786075322,674863117,1,-412.0633239746094,108.4439926147461,-675.0540771484375,,,,,,,,,,694844,5783
1786075322,674863117,,,,,5,-1495.2978515625,1021.39013671875,-775.3936767578125,0.11287587136030197,-0.14866122603416443,-0.26993295550346375,0.9446136355400085,1,694844,5783
1786075322,682673793,1,-410.9086608886719,109.97525787353516,-674.859130859375,,,,,,,,,,694845,5783
1786075322,682673793,,,,,5,-1495.2935791015625,1021.3972778320312,-775.3799438476562,0.11299588531255722,-0.1486537754535675,-0.2703145146369934,0.9444913864135742,1,694845,5783
1786075322,690728346,1,-412.1308288574219,108.35530090332031,-675.0885009765625,,,,,,,,,,694846,5783
1786075322,690728346,,,,,5,-1495.3216552734375,1021.4030151367188,-775.4150390625,0.11291942745447159,-0.14882676303386688,-0.2700854539871216,0.9445388913154602,1,694846,5783
1786075322,698926326,1,-412.1136169433594,108.47628784179688,-675.0931396484375,,,,,,,,,,694847,5783
1786075322,698926326,,,,,5,-1495.3138427734375,1021.3816528320312,-775.4345703125,0.1127694696187973,-0.14883220195770264,-0.26967722177505493,0.9446725249290466,1,694847,5783
1786075322,708379018,1,-411.73114013671875,107.55335235595703,-675.2719116210938,,,,,,,,,,694848,5783
1786075322,708379018,,,,,5,-1495.3167724609375,1021.3800659179688,-775.4280395507812,0.11290311813354492,-0.14884357154369354,-0.26991569995880127,0.9445867538452148,1,694848,5783
1786075322,715866648,1,-410.78173828125,108.6490478515625,-675.2645874023438,,,,,,,,,,694849,5783
1786075322,715866648,,,,,5,-1495.3017578125,1021.4110717773438,-775.4605712890625,0.112994484603405,-0.14898501336574554,-0.2696235775947571,0.944636881351471,1,694849,5783
1786075322,723885168,1,-410.8011474609375,108.66722106933594,-675.134521484375,,,,,,,,,,694850,5783
1786075322,723885168,,,,,5,-1495.293701171875,1021.3837280273438,-775.4237060546875,0.11281957477331161,-0.14885136485099792,-0.26946690678596497,0.9447236061096191,1,694850,5783
1786075322,732842683,1,-410.8079833984375,108.59992980957031,-675.2432861328125,,,,,,,,,,694851,5783
1786075322,732842683,,,,,5,-1495.31640625,1021.3964233398438,-775.4282836914062,0.11279173195362091,-0.14895278215408325,-0.2699543833732605,0.9445716738700867,1,694851,5783
1786075322,740858003,1,-410.8912048339844,110.02304077148438,-674.8276977539062,,,,,,,,,,694852,5783
1786075322,740858003,,,,,5,-1495.2801513671875,1021.4231567382812,-775.4340209960938,0.11304619908332825,-0.14868421852588654,-0.2696717083454132,0.9446643590927124,1,694852,5783
1786075322,748828618,1,-411.79010009765625,107.55201721191406,-675.3215942382812,,,,,,,,,,694853,5783
1786075322,748828618,,,,,5,-1495.302001953125,1021.3712158203125,-775.4144897460938,0.11290831863880157,-0.14888672530651093,-0.26962628960609436,0.9446619749069214,1,694853,5783
1786075322,757758868,1,-412.086669921875,108.43260955810547,-675.0689086914062,,,,,,,,,,694854,5783
1786075322,757758868,,,,,5,-1495.3304443359375,1021.3748168945312,-775.4310302734375,0.11283843964338303,-0.14887593686580658,-0.26986372470855713,0.9446041584014893,1,694854,5783
1786075322,765750924,1,-411.78314208984375,107.62178802490234,-675.3828125,,,,,,,,,,694855,5783
1786075322,765750924,,,,,5,-1495.3192138671875,1021.3674926757812,-775.4375,0.1127844974398613,-0.14876048266887665,-0.2698040306568146,0.9446459412574768,1,694855,5783
1786075322,774736695,1,-410.9989013671875,109.91268157958984,-674.7971801757812,,,,,,,,,,694856,5783
1786075322,774736695,,,,,5,-1495.2906494140625,1021.3800048828125,-775.4607543945312,0.11290262639522552,-0.14885680377483368,-0.2694700062274933,0.9447119235992432,1,694856,5783
1786075322,782775631,1,-410.78594970703125,108.69173431396484,-675.2681274414062,,,,,,,,,,694857,5783
1786075322,782775631,,,,,5,-1495.3062744140625,1021.40576171875,-775.4349975585938,0.11299153417348862,-0.14890757203102112,-0.2698171138763428,0.9445943236351013,1,694857,5783
1786075322,790663333,1,-411.78704833984375,107.4898681640625,-675.2512817382812,,,,,,,,,,694858,5783
1786075322,790663333,,,,,5,-1495.2928466796875,1021.3995361328125,-775.42626953125,0.11294164508581161,-0.1486915498971939,-0.26974979043006897,0.9446533918380737,1,694858,5783
1786075322,799776626,1,-410.93109130859375,110.14140319824219,-674.5170288085938,,,,,,,,,,694859,5783
1786075322,799776626,,,,,5,-1495.3079833984375,1021.3478393554688,-775.4309692382812,0.11265643686056137,-0.14890620112419128,-0.270144522190094,0.9445408582687378,1,694859,5783
1786075322,807725706,1,-410.8188171386719,108.84104919433594,-675.2172241210938,,,,,,,,,,694860,5783
1786075322,807725706,,,,,5,-1495.2808837890625,1021.3689575195312,-775.4696655273438,0.11266259849071503,-0.14893867075443268,-0.26948049664497375,0.9447246193885803,1,694860,5783
1786075322,815675873,1,-411.7745361328125,107.47112274169922,-675.283447265625,,,,,,,,,,694861,5783
1786075322,815675873,,,,,5,-1495.302001953125,1021.3649291992188,-775.4677124023438,0.11257287859916687,-0.14905798435211182,-0.2707681655883789,0.9443483352661133,1,694861,5783
1786075322,824588586,1,-410.8511047363281,108.5672378540039,-675.2406616210938,,,,,,,,,,694862,5783
1786075322,824588586,,,,,5,-1495.31396484375,1021.4154663085938,-775.44873046875,0.11313612014055252,-0.14891581237316132,-0.2707381248474121,0.9443120360374451,1,694862,5783
1786075322,832580066,1,-411.8659362792969,106.69168853759766,-675.1233520507812,,,,,,,,,,694863,5783
1786075322,832580066,,,,,5,-1495.2958984375,1021.4223022460938,-775.4279174804688,0.11303871124982834,-0.1487480252981186,-0.26995640993118286,0.9445738792419434,1,694863,5783
1786075322,840516089,1,-410.8085021972656,108.68683624267578,-675.2758178710938,,,,,,,,,,694864,5783
1786075322,840516089,,,,,5,-1495.3109130859375,1021.3829956054688,-775.4143676757812,0.11288445442914963,-0.14872130751609802,-0.27024102210998535,0.9445152282714844,1,694864,5783
1786075322,849429698,1,-411.75689697265625,107.74541473388672,-675.191650390625,,,,,,,,,,694865,5783
1786075322,849429698,,,,,5,-1495.1878662109375,1021.3361206054688,-775.4342651367188,0.11246295273303986,-0.1493632197380066,-0.2693818509578705,0.9447095990180969,1,694865,5783
1786075322,857433050,1,-411.7593078613281,107.723388671875,-675.1749267578125,,,,,,,,,,694866,5783
1786075322,857433050,,,,,5,-1495.31494140625,1021.4202270507812,-775.4179077148438,0.11293408274650574,-0.1488584280014038,-0.2698097229003906,0.9446109533309937,1,694866,5783
1786075322,866382116,1,-412.04949951171875,108.58338928222656,-675.0562133789062,,,,,,,,,,694867,5783
1786075322,866382116,,,,,5,-1495.3162841796875,1021.4064331054688,-775.4606323242188,0.11291839182376862,-0.14885126054286957,-0.2691061496734619,0.9448146820068359,1,694867,5783
1786075322,874892390,1,-411.75091552734375,107.53742980957031,-675.2880859375,,,,,,,,,,694868,5783
1786075322,874892390,,,,,5,-1495.30615234375,1021.4049072265625,-775.4644775390625,0.11298811435699463,-0.14895786345005035,-0.26980718970298767,0.9445895552635193,1,694868,5783
1786075322,882307635,1,-410.8760986328125,108.5382308959961,-675.4730224609375,,,,,,,,,,694869,5783
1786075322,882307635,,,,,5,-1495.287109375,1021.3497314453125,-775.4550170898438,0.11309991031885147,-0.1488264948129654,-0.27045437693595886,0.9444118142127991,1,694869,5783
1786075322,891818183,1,-412.1007080078125,108.37914276123047,-675.08642578125,,,,,,,,,,694870,5783
1786075322,891818183,,,,,5,-1495.3026123046875,1021.3635864257812,-775.4077758789062,0.11276742070913315,-0.14881573617458344,-0.2701330780982971,0.9445451498031616,1,694870,5783
1786075322,899712477,1,-412.070068359375,108.5996322631836,-675.120849609375,,,,,,,,,,694871,5783
1786075322,899712477,,,,,5,-1495.32763671875,1021.3744506835938,-775.4205932617188,0.11283299326896667,-0.14892348647117615,-0.2701140344142914,0.9445258378982544,1,694871,5783
1786075322,906955783,1,-411.0209655761719,108.57488250732422,-675.3382568359375,,,,,,,,,,694872,5783
1786075322,906955783,,,,,5,-1495.311767578125,1021.3737182617188,-775.40576171875,0.11284451186656952,-0.14901845157146454,-0.27033960819244385,0.9444449543952942,1,694872,5783
1786075322,916331513,1,-412.0906677246094,108.45994567871094,-675.0341186523438,,,,,,,,,,694873,5783
1786075322,916331513,,,,,5,-1495.3275146484375,1021.3598022460938,-775.41796875,0.11267238855361938,-0.1488199084997177,-0.2696671187877655,0.9446889758110046,1,694873,5783
1786075322,924349938,1,-411.7994689941406,107.41926574707031,-675.2208862304688,,,,,,,,,,694874,5783
1786075322,924349938,,,,,5,-1495.3111572265625,1021.3983764648438,-775.448486328125,0.11298384517431259,-0.14889897406101227,-0.26990175247192383,0.9445723295211792,1,694874,5783
1786075322,932228583,1,-411.79351806640625,107.51576232910156,-675.267578125,,,,,,,,,,694875,5783
1786075322,932228583,,,,,5,-1495.3150634765625,1021.43212890625,-775.4588623046875,0.11301571130752563,-0.14902465045452118,-0.2699858844280243,0.9445246458053589,1,694875,5783
1786075322,941197490,1,-412.0948486328125,108.4398422241211,-675.0530395507812,,,,,,,,,,694876,5783
1786075322,941197490,,,,,5,-1495.30810546875,1021.4104614257812,-775.4619750976562,0.11303543299436569,-0.14881186187267303,-0.26952534914016724,0.9446873664855957,1,694876,5783
1786075322,949246347,1,-410.8052978515625,110.21935272216797,-674.4131469726562,,,,,,,,,,694877,5783
1786075322,949246347,,,,,5,-1495.29296875,1021.3698120117188,-775.4235229492188,0.11274795234203339,-0.1490021049976349,-0.26969659328460693,0.9446429014205933,1,694877,5783
1786075322,957286083,1,-411.7286376953125,107.5501708984375,-675.3419189453125,,,,,,,,,,694878,5783
1786075322,957286083,,,,,5,-1495.2901611328125,1021.3964233398438,-775.4415283203125,0.11301775276660919,-0.1489163041114807,-0.2712497413158417,0.944179356098175,1,694878,5783
1786075322,966168844,1,-410.9059143066406,107.92916107177734,-675.11572265625,,,,,,,,,,694879,5783
1786075322,966168844,,,,,5,-1495.2781982421875,1021.361328125,-775.4766235351562,0.1128934770822525,-0.14890894293785095,-0.2696978747844696,0.9446398615837097,1,694879,5783
1786075322,974051618,1,-411.6665954589844,107.76226043701172,-675.4130859375,,,,,,,,,,694880,5783
1786075322,974051618,,,,,5,-1495.2822265625,1021.3665161132812,-775.4771728515625,0.11294781416654587,-0.14886145293712616,-0.2699328362941742,0.9445735812187195,1,694880,5783
1786075322,982981612,1,-412.0498046875,108.49754333496094,-675.0404052734375,,,,,,,,,,694881,5783
1786075322,982981612,,,,,5,-1495.3076171875,1021.400390625,-775.43359375,0.113338902592659,-0.14858673512935638,-0.2705323398113251,0.9443985223770142,1,694881,5783
1786075322,990991748,1,-411.85772705078125,107.19269561767578,-675.5708618164062,,,,,,,,,,694882,5783
1786075322,990991748,,,,,5,-1495.3126220703125,1021.3494262695312,-775.4679565429688,0.11301051825284958,-0.14902380108833313,-0.2707744240760803,0.944299578666687,1,694882,5783
1786075322,999654120,1,-411.8589172363281,106.76563262939453,-675.1533813476562,,,,,,,,,,694883,5783
1786075322,999654120,,,,,5,-1495.307861328125,1021.4073486328125,-775.4528198242188,0.1128758117556572,-0.14899961650371552,-0.26960983872413635,0.9446526765823364,1,694883,5783
1786075323,8006855,1,-410.7932434082031,110.26377868652344,-674.9542846679688,,,,,,,,,,694884,5783
1786075323,8006855,,,,,5,-1495.2840576171875,1021.41943359375,-775.462158203125,0.11290773004293442,-0.14877083897590637,-0.26905742287635803,0.944842517375946,1,694884,5783
1786075323,16040543,1,-410.8647155761719,108.8300552368164,-675.35791015625,,,,,,,,,,694885,5783
1786075323,16040543,,,,,5,-1495.31005859375,1021.3650512695312,-775.450439453125,0.11293569207191467,-0.14881259202957153,-0.2702714800834656,0.9444860219955444,1,694885,5783
1786075323,23964502,1,-412.1849365234375,108.34102630615234,-675.2882690429688,,,,,,,,,,694886,5783
1786075323,23964502,,,,,5,-1495.3358154296875,1021.4446411132812,-775.4669799804688,0.11291336268186569,-0.1491491049528122,-0.2705856263637543,0.9443455934524536,1,694886,5783
1786075323,32851647,1,-411.8270263671875,107.44261169433594,-675.3037109375,,,,,,,,,,694887,5783
1786075323,32851647,,,,,5,-1495.2984619140625,1021.3807983398438,-775.4291381835938,0.11284399777650833,-0.14883637428283691,-0.26970022916793823,0.9446563720703125,1,694887,5783
1786075323,40876407,1,-411.7569580078125,107.58638000488281,-675.2283325195312,,,,,,,,,,694888,5783
1786075323,40876407,,,,,5,-1495.3115234375,1021.3896484375,-775.4056396484375,0.11286689341068268,-0.14867740869522095,-0.27005454897880554,0.9445775747299194,1,694888,5783
1786075323,49156180,1,-410.9388732910156,110.0184555053711,-674.8306884765625,,,,,,,,,,694889,5783
1786075323,49156180,,,,,5,-1495.2969970703125,1021.3878173828125,-775.3947143554688,0.11288207769393921,-0.1488054394721985,-0.2699487805366516,0.9445858001708984,1,694889,5783
1786075323,57944891,1,-411.7973327636719,107.37696838378906,-675.300537109375,,,,,,,,,,694890,5783
1786075323,57944891,,,,,5,-1495.29443359375,1021.3955078125,-775.4576416015625,0.11295084655284882,-0.14872324466705322,-0.26945608854293823,0.9447310566902161,1,694890,5783
1786075323,65776335,1,-411.7159118652344,107.55229187011719,-675.2222290039062,,,,,,,,,,694891,5783
1786075323,65776335,,,,,5,-1495.27294921875,1021.3596801757812,-775.421875,0.11305074393749237,-0.14865098893642426,-0.2697339355945587,0.9446513056755066,1,694891,5783
1786075323,74797179,1,-410.9098205566406,108.584228515625,-675.2307739257812,,,,,,,,,,694892,5783
1786075323,74797179,,,,,5,-1495.2701416015625,1021.4234619140625,-775.4127807617188,0.11311881244182587,-0.14873066544532776,-0.2695349156856537,0.9446874856948853,1,694892,5783
1786075323,83024119,1,-410.9460144042969,109.99502563476562,-674.7975463867188,,,,,,,,,,694893,5783
1786075323,83024119,,,,,5,-1495.3094482421875,1021.38623046875,-775.4174194335938,0.1129070445895195,-0.14882637560367584,-0.26984235644340515,0.9446098804473877,1,694893,5783
1786075323,90671368,1,-410.863525390625,108.60267639160156,-675.232421875,,,,,,,,,,694894,5783
1786075323,90671368,,,,,5,-1495.3048095703125,1021.3893432617188,-775.4257202148438,0.11298079043626785,-0.14875900745391846,-0.2699281871318817,0.944587230682373,1,694894,5783
1786075323,99761652,1,-411.7948913574219,107.44332885742188,-675.2391357421875,,,,,,,,,,694895,5783
1786075323,99761652,,,,,5,-1495.2847900390625,1021.44677734375,-775.3971557617188,0.11303230375051498,-0.14902201294898987,-0.269447922706604,0.9446766376495361,1,694895,5783
1786075323,107696075,1,-411.8076477050781,107.51748657226562,-675.2781372070312,,,,,,,,,,694896,5783
1786075323,107696075,,,,,5,-1495.303955078125,1021.3798217773438,-775.4049682617188,0.11282260715961456,-0.14886853098869324,-0.269482284784317,0.9447162747383118,1,694896,5783
1786075323,115757956,1,-412.7992858886719,108.03765869140625,-675.0009765625,,,,,,,,,,694897,5783
1786075323,115757956,,,,,5,-1495.30517578125,1021.41748046875,-775.4321899414062,0.11296417564153671,-0.1489894539117813,-0.26974472403526306,0.94460529088974,1,694897,5783
1786075323,124668557,1,-411.8282775878906,107.50572204589844,-675.2395629882812,,,,,,,,,,694898,5783
1786075323,124668557,,,,,5,-1495.3153076171875,1021.3707275390625,-775.4069213867188,0.11282574385404587,-0.14898517727851868,-0.2701856791973114,0.9444963335990906,1,694898,5783
1786075323,132629540,1,-411.73663330078125,107.48615264892578,-675.2200317382812,,,,,,,,,,694899,5783
1786075323,132629540,,,,,5,-1495.2774658203125,1021.4326171875,-775.4853515625,0.11302710324525833,-0.14891383051872253,-0.27025189995765686,0.9444646835327148,1,694899,5783
1786075323,141297961,1,-411.74072265625,107.70491027832031,-675.337158203125,,,,,,,,,,694900,5783
1786075323,141297961,,,,,5,-1495.2938232421875,1021.376953125,-775.414306640625,0.11300797760486603,-0.14871467649936676,-0.2702556550502777,0.9444971680641174,1,694900,5783
1786075323,149629479,1,-411.8299865722656,107.58352661132812,-675.3194580078125,,,,,,,,,,694901,5783
1786075323,149629479,,,,,5,-1495.291015625,1021.3984375,-775.4474487304688,0.11305881291627884,-0.14873456954956055,-0.269521027803421,0.9446979761123657,1,694901,5783
1786075323,157834019,1,-411.7969665527344,107.62444305419922,-675.18017578125,,,,,,,,,,694902,5783
1786075323,157834019,,,,,5,-1495.2891845703125,1021.3970947265625,-775.4680786132812,0.11290846019983292,-0.14877255260944366,-0.2694837749004364,0.9447206258773804,1,694902,5783
1786075323,165749881,1,-412.090576171875,108.41801452636719,-675.0983276367188,,,,,,,,,,694903,5783
1786075323,165749881,,,,,5,-1495.287841796875,1021.3984375,-775.4598999023438,0.11302468180656433,-0.14865054190158844,-0.26986512541770935,0.9446171522140503,1,694903,5783
1786075323,174603777,1,-411.7803039550781,107.5416259765625,-675.2838745117188,,,,,,,,,,694904,5783
1786075323,174603777,,,,,5,-1495.2916259765625,1021.3916015625,-775.4517822265625,0.11316995322704315,-0.14887790381908417,-0.26964011788368225,0.944628119468689,1,694904,5783
1786075323,182373684,1,-410.85540771484375,110.32476043701172,-674.5584106445312,,,,,,,,,,694905,5783
1786075323,182373684,,,,,5,-1495.28173828125,1021.4275512695312,-775.498046875,0.1131458580493927,-0.14890243113040924,-0.27023643255233765,0.9444567561149597,1,694905,5783
1786075323,191510434,1,-411.7732849121094,107.55049133300781,-675.2583618164062,,,,,,,,,,694906,5783
1786075323,191510434,,,,,5,-1495.3116455078125,1021.4229736328125,-775.419677734375,0.11302385479211807,-0.14882802963256836,-0.27007585763931274,0.9445288777351379,1,694906,5783
1786075323,199400600,1,-410.89202880859375,110.15441131591797,-674.4488525390625,,,,,,,,,,694907,5783
1786075323,199400600,,,,,5,-1495.2962646484375,1021.3580932617188,-775.4004516601562,0.11315412074327469,-0.14868563413619995,-0.27087804675102234,0.9443060159683228,1,694907,5783
1786075323,207412464,1,-411.0621032714844,108.08197784423828,-675.0921020507812,,,,,,,,,,694908,5783
1786075323,207412464,,,,,5,-1495.299072265625,1021.38525390625,-775.4142456054688,0.11294368654489517,-0.14876562356948853,-0.27020466327667236,0.9445115327835083,1,694908,5783
1786075323,216286328,1,-411.8001403808594,107.51293182373047,-675.3118896484375,,,,,,,,,,694909,5783
1786075323,216286328,,,,,5,-1495.2899169921875,1021.3848876953125,-775.4376220703125,0.11315789073705673,-0.14872688055038452,-0.27010661363601685,0.9445200562477112,1,694909,5783
1786075323,224838042,1,-410.776123046875,108.8800277709961,-675.2868041992188,,,,,,,,,,694910,5783
1786075323,224838042,,,,,5,-1495.265625,1021.4049072265625,-775.42236328125,0.1130439043045044,-0.14858826994895935,-0.26998022198677063,0.9445915818214417,1,694910,5783
1786075323,232288712,1,-411.7535095214844,107.51891326904297,-675.2860717773438,,,,,,,,,,694911,5783
1786075323,232288712,,,,,5,-1495.275390625,1021.4099731445312,-775.4171752929688,0.11300323158502579,-0.14887401461601257,-0.2695558965206146,0.9446727633476257,1,694911,5783
1786075323,241387220,1,-412.0636901855469,108.37528228759766,-675.0233154296875,,,,,,,,,,694912,5783
1786075323,241387220,,,,,5,-1495.2861328125,1021.4010620117188,-775.44287109375,0.11292766034603119,-0.14894849061965942,-0.2693610191345215,0.9447255730628967,1,694912,5783
1786075323,249343499,1,-411.8229064941406,107.25568389892578,-675.4926147460938,,,,,,,,,,694913,5783
1786075323,249343499,,,,,5,-1495.2996826171875,1021.3615112304688,-775.4260864257812,0.11284757405519485,-0.14875608682632446,-0.2700769901275635,0.9445610642433167,1,694913,5783
1786075323,258179251,1,-411.8074645996094,107.4571304321289,-675.23388671875,,,,,,,,,,694914,5783
1786075323,258179251,,,,,5,-1495.30810546875,1021.3627319335938,-775.4440307617188,0.1130271926522255,-0.14891614019870758,-0.2705409526824951,0.944381594657898,1,694914,5783
1786075323,266367247,1,-411.7569580078125,107.52870178222656,-675.2929077148438,,,,,,,,,,694915,5783
1786075323,266367247,,,,,5,-1495.2969970703125,1021.3943481445312,-775.4382934570312,0.11302044242620468,-0.1487627625465393,-0.2697778344154358,0.9446247816085815,1,694915,5783
1786075323,274239428,1,-411.8294982910156,107.45056915283203,-675.2589111328125,,,,,,,,,,694916,5783
1786075323,274239428,,,,,5,-1495.3206787109375,1021.4011840820312,-775.3978881835938,0.11285117268562317,-0.1489441841840744,-0.2701238691806793,0.9445175528526306,1,694916,5783
1786075323,283486067,1,-411.3151550292969,109.95242309570312,-675.1704711914062,,,,,,,,,,694917,5783
1786075323,283486067,,,,,5,-1495.2918701171875,1021.3969116210938,-775.47216796875,0.11295676231384277,-0.14871399104595184,-0.2698574960231781,0.9446173310279846,1,694917,5783
1786075323,291155685,1,-410.9202880859375,109.55182647705078,-674.6168212890625,,,,,,,,,,694918,5783
1786075323,291155685,,,,,5,-1495.3004150390625,1021.4332885742188,-775.4164428710938,0.11314211040735245,-0.1488114297389984,-0.26996055245399475,0.9445504546165466,1,694918,5783
1786075323,299193534,1,-411.03106689453125,109.78248596191406,-674.7732543945312,,,,,,,,,,694919,5783
1786075323,299193534,,,,,5,-1495.2955322265625,1021.3820190429688,-775.4473876953125,0.11291638761758804,-0.1489017754793167,-0.2700650691986084,0.9445333480834961,1,694919,5783
1786075323,308002565,1,-411.8085021972656,107.42662048339844,-675.3169555664062,,,,,,,,,,694920,5783
1786075323,308002565,,,,,5,-1495.277587890625,1021.37890625,-775.4574584960938,0.11284573376178741,-0.14885683357715607,-0.2699167728424072,0.944591224193573,1,694920,5783
1786075323,316082174,1,-412.0746154785156,108.4698715209961,-675.0846557617188,,,,,,,,,,694921,5783
1786075323,316082174,,,,,5,-1495.3031005859375,1021.3884887695312,-775.4180908203125,0.1129111722111702,-0.1488068550825119,-0.2700673043727875,0.9445482492446899,1,694921,5783
1786075323,324003988,1,-411.72052001953125,107.72022247314453,-675.3458862304688,,,,,,,,,,694922,5783
1786075323,324003988,,,,,5,-1495.318603515625,1021.4193725585938,-775.4586791992188,0.1129867285490036,-0.14902547001838684,-0.26947566866874695,0.9446737766265869,1,694922,5783
1786075323,333436487,1,-411.0942687988281,109.93888854980469,-674.8374633789062,,,,,,,,,,694923,5783
1786075323,333436487,,,,,5,-1495.277099609375,1021.33642578125,-775.4686279296875,0.11289573460817337,-0.1489299237728119,-0.27092650532722473,0.9442844390869141,1,694923,5783
1786075323,340924342,1,-412.08123779296875,108.57598876953125,-675.2361450195312,,,,,,,,,,694924,5783
1786075323,340924342,,,,,5,-1495.3270263671875,1021.3864135742188,-775.4230346679688,0.11286022514104843,-0.14905166625976562,-0.2703884243965149,0.9444238543510437,1,694924,5783
1786075323,348912717,1,-410.7996520996094,108.64110565185547,-675.2964477539062,,,,,,,,,,694925,5783
1786075323,348912717,,,,,5,-1495.287841796875,1021.3751831054688,-775.4356689453125,0.11309730261564255,-0.14879007637500763,-0.2703389823436737,0.944450855255127,1,694925,5783
1786075323,357842903,1,-411.7514953613281,107.47505950927734,-675.2743530273438,,,,,,,,,,694926,5783
1786075323,357842903,,,,,5,-1495.3123779296875,1021.3898315429688,-775.4241333007812,0.1128142848610878,-0.1489376574754715,-0.27022573351860046,0.9444939494132996,1,694926,5783
1786075323,365849551,1,-411.789306640625,107.63011169433594,-675.28564453125,,,,,,,,,,694927,5783
1786075323,365849551,,,,,5,-1495.2965087890625,1021.3881225585938,-775.4052124023438,0.11304295063018799,-0.1487245112657547,-0.27040329575538635,0.944449245929718,1,694927,5783
1786075323,373847270,1,-411.8680114746094,107.54894256591797,-675.2548217773438,,,,,,,,,,694928,5783
1786075323,373847270,,,,,5,-1495.3240966796875,1021.37646484375,-775.4437255859375,0.11279205232858658,-0.14879615604877472,-0.2699345648288727,0.9446019530296326,1,694928,5783
1786075323,382700910,1,-412.1419372558594,107.57682037353516,-674.9656372070312,,,,,,,,,,694929,5783
1786075323,382700910,,,,,5,-1495.2880859375,1021.3497924804688,-775.4743041992188,0.1129617989063263,-0.14878299832344055,-0.26975101232528687,0.9446362853050232,1,694929,5783
1786075323,390700070,1,-410.8076171875,108.66691589355469,-675.3278198242188,,,,,,,,,,694930,5783
1786075323,390700070,,,,,5,-1495.3143310546875,1021.3773803710938,-775.451171875,0.11280784755945206,-0.14888298511505127,-0.26980000734329224,0.9446249604225159,1,694930,5783
1786075323,399867796,1,-411.7672119140625,107.50718688964844,-675.2593994140625,,,,,,,,,,694931,5783
1786075323,399867796,,,,,5,-1495.29296875,1021.3953247070312,-775.4679565429688,0.11287310719490051,-0.1489194631576538,-0.26929864287376404,0.9447545409202576,1,694931,5783
1786075323,407765418,1,-412.1075439453125,108.39420318603516,-675.1134643554688,,,,,,,,,,694932,5783
1786075323,407765418,,,,,5,-1495.2882080078125,1021.4171142578125,-775.4615478515625,0.11316554993391037,-0.14880777895450592,-0.26950353384017944,0.9446786046028137,1,694932,5783
1786075323,415662016,1,-411.7955322265625,107.51532745361328,-675.3048706054688,,,,,,,,,,694933,5783
1786075323,415662016,,,,,5,-1495.2965087890625,1021.38330078125,-775.4490966796875,0.112886942923069,-0.14886526763439178,-0.269620418548584,0.9446695446968079,1,694933,5783
1786075323,424644010,1,-412.0930480957031,108.37521362304688,-675.1400146484375,,,,,,,,,,694934,5783
1786075323,424644010,,,,,5,-1495.3211669921875,1021.4017944335938,-775.4939575195312,0.11293379217386246,-0.14910176396369934,-0.26964181661605835,0.9446205496788025,1,694934,5783
1786075323,432643874,1,-410.8807373046875,110.03550720214844,-674.7557373046875,,,,,,,,,,694935,5783
1786075323,432643874,,,,,5,-1495.2889404296875,1021.3976440429688,-775.4595336914062,0.11287713050842285,-0.1489323526620865,-0.26936888694763184,0.9447320103645325,1,694935,5783
1786075323,440363253,1,-412.09027099609375,108.37635803222656,-675.1099243164062,,,,,,,,,,694936,5783
1786075323,440363253,,,,,5,-1495.31103515625,1021.4073486328125,-775.4223022460938,0.11291880160570145,-0.14916826784610748,-0.2696690857410431,0.9446039795875549,1,694936,5783
1786075323,449640005,1,-410.76776123046875,108.70051574707031,-675.2388305664062,,,,,,,,,,694937,5783
1786075323,449640005,,,,,5,-1495.3319091796875,1021.39013671875,-775.4296264648438,0.1129651740193367,-0.14868707954883575,-0.2699280083179474,0.9446004629135132,1,694937,5783
1786075323,457509210,1,-411.77392578125,107.52372741699219,-675.2832641601562,,,,,,,,,,694938,5783
1786075323,457509210,,,,,5,-1495.3155517578125,1021.3517456054688,-775.434326171875,0.11277827620506287,-0.14876745641231537,-0.2704586684703827,0.9444583654403687,1,694938,5783
1786075323,465469617,1,-410.8843688964844,108.59562683105469,-675.2200927734375,,,,,,,,,,694939,5783
1786075323,465469617,,,,,5,-1495.275634765625,1021.4248046875,-775.490234375,0.11304957419633865,-0.14888088405132294,-0.2700410783290863,0.9445274472236633,1,694939,5783
1786075323,474538845,1,-411.11474609375,108.68782806396484,-675.665771484375,,,,,,,,,,694940,5783
1786075323,474538845,,,,,5,-1495.305419921875,1021.3536987304688,-775.3939208984375,0.11279254406690598,-0.14895839989185333,-0.27009865641593933,0.9445295929908752,1,694940,5783
1786075323,482502517,1,-412.1910095214844,108.25704193115234,-674.970458984375,,,,,,,,,,694941,5783
1786075323,482502517,,,,,5,-1495.3206787109375,1021.3724975585938,-775.427734375,0.11282069236040115,-0.14878717064857483,-0.26991769671440125,0.9446049928665161,1,694941,5783
1786075323,490486412,1,-411.8244934082031,107.4508285522461,-675.2785034179688,,,,,,,,,,694942,5783
1786075323,490486412,,,,,5,-1495.344970703125,1021.4053955078125,-775.4453125,0.11286512762308121,-0.1490190625190735,-0.26981011033058167,0.9445938467979431,1,694942,5783
1786075323,499509879,1,-411.750244140625,107.50521850585938,-675.259521484375,,,,,,,,,,694943,5783
1786075323,499509879,,,,,5,-1495.2969970703125,1021.3944702148438,-775.46142578125,0.11289796233177185,-0.1488618701696396,-0.2694588303565979,0.9447149038314819,1,694943,5783
1786075323,507435214,1,-411.80059814453125,107.46394348144531,-675.2483520507812,,,,,,,,,,694944,5784
1786075323,507435214,,,,,5,-1495.2802734375,1021.4057006835938,-775.4502563476562,0.11311716586351395,-0.14880625903606415,-0.26987388730049133,0.9445789456367493,1,694944,5784
1786075323,516410648,1,-412.05865478515625,108.45230102539062,-675.135498046875,,,,,,,,,,694945,5784
1786075323,516410648,,,,,5,-1495.3026123046875,1021.3772583007812,-775.412353515625,0.11286535114049911,-0.14871475100517273,-0.27043208479881287,0.9444637894630432,1,694945,5784
1786075323,524506162,1,-411.8163146972656,107.50144958496094,-675.3379516601562,,,,,,,,,,694946,5784
1786075323,524506162,,,,,5,-1495.3258056640625,1021.3732299804688,-775.4601440429688,0.11289332807064056,-0.14893008768558502,-0.26974713802337646,0.9446224570274353,1,694946,5784
1786075323,532329926,1,-412.1104431152344,108.45024871826172,-675.0116577148438,,,,,,,,,,694947,5784
1786075323,532329926,,,,,5,-1495.2906494140625,1021.3661499023438,-775.43017578125,0.11290131509304047,-0.14882895350456238,-0.2701873779296875,0.9445115923881531,1,694947,5784
1786075323,541272688,1,-412.07830810546875,108.45500183105469,-675.0960083007812,,,,,,,,,,694948,5784
1786075323,541272688,,,,,5,-1495.3206787109375,1021.4332275390625,-775.4854125976562,0.1129404827952385,-0.14902102947235107,-0.27075743675231934,0.9443132877349854,1,694948,5784
1786075323,549345641,1,-410.91546630859375,110.17568969726562,-674.7770385742188,,,,,,,,,,694949,5784
1786075323,549345641,,,,,5,-1495.3095703125,1021.3635864257812,-775.4212646484375,0.11282090842723846,-0.14875070750713348,-0.2698499262332916,0.944629967212677,1,694949,5784
1786075323,557265472,1,-410.87359619140625,108.60191345214844,-675.2200927734375,,,,,,,,,,694950,5784
1786075323,557265472,,,,,5,-1495.318603515625,1021.39453125,-775.4016723632812,0.11276199668645859,-0.1488886922597885,-0.27028754353523254,0.9444901347160339,1,694950,5784
1786075323,566397197,1,-412.01654052734375,108.48442840576172,-675.088134765625,,,,,,,,,,694951,5784
1786075323,566397197,,,,,5,-1495.313720703125,1021.4283447265625,-775.482421875,0.11305679380893707,-0.14895175397396088,-0.2712430953979492,0.9441710710525513,1,694951,5784
1786075323,574236226,1,-411.7920227050781,107.45946502685547,-675.2467651367188,,,,,,,,,,694952,5784
1786075323,574236226,,,,,5,-1495.352783203125,1021.3525390625,-775.4472045898438,0.11273679882287979,-0.14899876713752747,-0.27059802412986755,0.944386899471283,1,694952,5784
1786075323,582210329,1,-412.0649719238281,108.38011169433594,-674.993408203125,,,,,,,,,,694953,5784
1786075323,582210329,,,,,5,-1495.3214111328125,1021.3693237304688,-775.4451904296875,0.11295419931411743,-0.14876480400562286,-0.2701578140258789,0.944523811340332,1,694953,5784
1786075323,591243236,1,-412.19189453125,108.30642700195312,-675.3273315429688,,,,,,,,,,694954,5784
1786075323,591243236,,,,,5,-1495.3211669921875,1021.3662109375,-775.4359741210938,0.11281832307577133,-0.14875428378582,-0.2700783908367157,0.9445644617080688,1,694954,5784
1786075323,599147098,1,-410.7568054199219,110.69672393798828,-674.7040405273438,,,,,,,,,,694955,5784
1786075323,599147098,,,,,5,-1495.3177490234375,1021.3651733398438,-775.4467163085938,0.11278729140758514,-0.1489037722349167,-0.26982581615448,0.9446168541908264,1,694955,5784
1786075323,607130034,1,-411.7607421875,107.50682067871094,-675.2874755859375,,,,,,,,,,694956,5784
1786075323,607130034,,,,,5,-1495.3309326171875,1021.3744506835938,-775.442138671875,0.11284403502941132,-0.1490170806646347,-0.27072232961654663,0.9443355202674866,1,694956,5784
1786075323,616054203,1,-412.1101379394531,108.41184997558594,-675.0521240234375,,,,,,,,,,694957,5784
1786075323,616054203,,,,,5,-1495.3304443359375,1021.3624267578125,-775.4586791992188,0.11264021694660187,-0.14906156063079834,-0.27018052339553833,0.9445079565048218,1,694957,5784
1786075323,624015666,1,-412.1050109863281,108.4295883178711,-675.0830688476562,,,,,,,,,,694958,5784
1786075323,624015666,,,,,5,-1495.2999267578125,1021.3355712890625,-775.4389038085938,0.11272116005420685,-0.14892351627349854,-0.2703961431980133,0.9444584846496582,1,694958,5784
1786075323,632908539,1,-412.0768127441406,108.40438842773438,-674.9743041992188,,,,,,,,,,694959,5784
1786075323,632908539,,,,,5,-1495.3023681640625,1021.3556518554688,-775.4658203125,0.11260838806629181,-0.148989737033844,-0.2698761224746704,0.9446102380752563,1,694959,5784
1786075323,640882259,1,-410.7795104980469,108.81983184814453,-675.3033447265625,,,,,,,,,,694960,5784
1786075323,640882259,,,,,5,-1495.291015625,1021.3663940429688,-775.48486328125,0.11281344294548035,-0.1490037441253662,-0.26977768540382385,0.9446116089820862,1,694960,5784
1786075323,648894795,1,-411.69378662109375,107.73619079589844,-675.4132080078125,,,,,,,,,,694961,5784
1786075323,648894795,,,,,5,-1495.3004150390625,1021.3585205078125,-775.4334106445312,0.1128222718834877,-0.14902769029140472,-0.26992443203926086,0.9445648789405823,1,694961,5784
1786075323,658064889,1,-410.8681335449219,110.05264282226562,-674.7774658203125,,,,,,,,,,694962,5784
1786075323,658064889,,,,,5,-1495.308349609375,1021.3793334960938,-775.4592895507812,0.11293578147888184,-0.14892244338989258,-0.26990318298339844,0.9445740580558777,1,694962,5784
1786075323,665937230,1,-412.1151123046875,108.38128662109375,-675.06982421875,,,,,,,,,,694963,5784
1786075323,665937230,,,,,5,-1495.3084716796875,1021.3639526367188,-775.4255981445312,0.11285655200481415,-0.14869458973407745,-0.2701292335987091,0.9445547461509705,1,694963,5784
1786075323,673896485,1,-412.0657043457031,108.47032928466797,-675.0283813476562,,,,,,,,,,694964,5784
1786075323,673896485,,,,,5,-1495.30322265625,1021.359375,-775.4605712890625,0.11293467879295349,-0.1488713026046753,-0.270343154668808,0.9444563388824463,1,694964,5784
1786075323,682757133,1,-410.86553955078125,109.97711944580078,-674.7325439453125,,,,,,,,,,694965,5784
1786075323,682757133,,,,,5,-1495.296875,1021.4063720703125,-775.4669799804688,0.11288410425186157,-0.14897002279758453,-0.2705710530281067,0.944381594657898,1,694965,5784
1786075323,690778406,1,-412.0819396972656,108.38194274902344,-675.0827026367188,,,,,,,,,,694966,5784
1786075323,690778406,,,,,5,-1495.3388671875,1021.4226684570312,-775.4288940429688,0.11291172355413437,-0.14902107417583466,-0.2700309157371521,0.9445248246192932,1,694966,5784
1786075323,698932384,1,-411.7939147949219,107.57073974609375,-675.2739868164062,,,,,,,,,,694967,5784
1786075323,698932384,,,,,5,-1495.330322265625,1021.3741455078125,-775.4420776367188,0.11293962597846985,-0.14882558584213257,-0.2701059579849243,0.9445307850837708,1,694967,5784
1786075323,707814761,1,-411.9718933105469,108.73614501953125,-675.2164916992188,,,,,,,,,,694968,5784
1786075323,707814761,,,,,5,-1495.327880859375,1021.3995971679688,-775.4063110351562,0.11291388422250748,-0.14892281591892242,-0.270283967256546,0.9444676637649536,1,694968,5784
1786075323,715726047,1,-412.11212158203125,108.55667114257812,-675.0288696289062,,,,,,,,,,694969,5784
1786075323,715726047,,,,,5,-1495.303955078125,1021.3736572265625,-775.431884765625,0.11280974745750427,-0.1488809436559677,-0.2697611153125763,0.9446362257003784,1,694969,5784
1786075323,724687721,1,-410.8335876464844,108.56351470947266,-675.2738037109375,,,,,,,,,,694970,5784
1786075323,724687721,,,,,5,-1495.3131103515625,1021.4049072265625,-775.4141845703125,0.11287645995616913,-0.1489235758781433,-0.2698304057121277,0.9446017146110535,1,694970,5784
1786075323,732849796,1,-412.1044616699219,108.38909912109375,-675.0466918945312,,,,,,,,,,694971,5784
1786075323,732849796,,,,,5,-1495.3494873046875,1021.3969116210938,-775.42919921875,0.1129409596323967,-0.14894628524780273,-0.27005207538604736,0.9445270895957947,1,694971,5784
1786075323,740819803,1,-412.0844421386719,108.58778381347656,-675.03759765625,,,,,,,,,,694972,5784
1786075323,740819803,,,,,5,-1495.3056640625,1021.3516845703125,-775.4364624023438,0.1126919612288475,-0.14898623526096344,-0.27000489830970764,0.9445640444755554,1,694972,5784
1786075323,749533185,1,-412.129150390625,108.45521545410156,-675.10107421875,,,,,,,,,,694973,5784
1786075323,749533185,,,,,5,-1495.28515625,1021.3595581054688,-775.4788208007812,0.11299839615821838,-0.14890779554843903,-0.27026692032814026,0.9444648027420044,1,694973,5784
1786075323,757496216,1,-411.8148193359375,107.47676086425781,-675.2543334960938,,,,,,,,,,694974,5784
1786075323,757496216,,,,,5,-1495.3016357421875,1021.3783569335938,-775.44580078125,0.11285575479269028,-0.14901265501976013,-0.26998665928840637,0.9445453882217407,1,694974,5784
1786075323,765618354,1,-410.843994140625,108.80973052978516,-675.0968627929688,,,,,,,,,,694975,5784
1786075323,765618354,,,,,5,-1495.320068359375,1021.3552856445312,-775.4470825195312,0.11283203214406967,-0.14884406328201294,-0.2704920470714569,0.9444302916526794,1,694975,5784
1786075323,774673950,1,-412.10040283203125,108.38052368164062,-675.0628662109375,,,,,,,,,,694976,5784
1786075323,774673950,,,,,5,-1495.3160400390625,1021.3619384765625,-775.4456787109375,0.11274252831935883,-0.14901965856552124,-0.2704300880432129,0.9444310069084167,1,694976,5784
1786075323,782431953,1,-412.1854553222656,108.40145111083984,-675.2787475585938,,,,,,,,,,694977,5784
1786075323,782431953,,,,,5,-1495.2967529296875,1021.3912963867188,-775.458984375,0.11295047402381897,-0.14899034798145294,-0.2699621617794037,0.9445446133613586,1,694977,5784
1786075323,791603487,1,-411.811767578125,107.46693420410156,-675.3426513671875,,,,,,,,,,694978,5784
1786075323,791603487,,,,,5,-1495.292236328125,1021.4017944335938,-775.4613647460938,0.11298858374357224,-0.14882636070251465,-0.2693207263946533,0.9447490572929382,1,694978,5784
1786075323,799706169,1,-412.0609436035156,108.4061279296875,-675.1163330078125,,,,,,,,,,694979,5784
1786075323,799706169,,,,,5,-1495.2991943359375,1021.3562622070312,-775.4374389648438,0.1126684918999672,-0.14887364208698273,-0.27005863189697266,0.9445690512657166,1,694979,5784
1786075323,807578638,1,-412.1371765136719,108.55731964111328,-675.0822143554688,,,,,,,,,,694980,5784
1786075323,807578638,,,,,5,-1495.2889404296875,1021.3624267578125,-775.4851684570312,0.11294594407081604,-0.1489977389574051,-0.27053380012512207,0.944380521774292,1,694980,5784
1786075323,816345941,1,-411.80499267578125,107.51448059082031,-675.3359375,,,,,,,,,,694981,5784
1786075323,816345941,,,,,5,-1495.3101806640625,1021.3572387695312,-775.4375,0.11291828751564026,-0.14893801510334015,-0.27053511142730713,0.9443928003311157,1,694981,5784
1786075323,824381965,1,-410.8636474609375,108.6260757446289,-675.2504272460938,,,,,,,,,,694982,5784
1786075323,824381965,,,,,5,-1495.2919921875,1021.3986206054688,-775.4738159179688,0.11288286745548248,-0.14892445504665375,-0.2707059681415558,0.9443502426147461,1,694982,5784
1786075323,832335236,1,-410.8065490722656,108.67890930175781,-675.22607421875,,,,,,,,,,694983,5784
1786075323,832335236,,,,,5,-1495.300048828125,1021.3938598632812,-775.4851684570312,0.11316341161727905,-0.14879746735095978,-0.27008694410324097,0.9445138573646545,1,694983,5784
1786075323,841402704,1,-411.8424987792969,107.45923614501953,-675.2345581054688,,,,,,,,,,694984,5784
1786075323,841402704,,,,,5,-1495.3211669921875,1021.3896484375,-775.4732666015625,0.11281870305538177,-0.14911018311977386,-0.26976898312568665,0.9445966482162476,1,694984,5784
1786075323,849427081,1,-411.8023986816406,107.4927978515625,-675.2471923828125,,,,,,,,,,694985,5784
1786075323,849427081,,,,,5,-1495.30322265625,1021.3818359375,-775.4733276367188,0.11292828619480133,-0.1489495486021042,-0.2696690857410431,0.9446374177932739,1,694985,5784
1786075323,857270429,1,-411.834716796875,107.4264144897461,-675.2340698242188,,,,,,,,,,694986,5784
1786075323,857270429,,,,,5,-1495.31396484375,1021.38671875,-775.4786987304688,0.11270662397146225,-0.14904487133026123,-0.2699859142303467,0.9445584416389465,1,694986,5784
1786075323,866244360,1,-412.4443054199219,107.10831451416016,-675.0101318359375,,,,,,,,,,694987,5784
1786075323,866244360,,,,,5,-1495.293212890625,1021.3596801757812,-775.4296875,0.11266659200191498,-0.1489480882883072,-0.2698867917060852,0.9446067810058594,1,694987,5784
1786075323,874298529,1,-410.8281555175781,108.81582641601562,-675.1257934570312,,,,,,,,,,694988,5784
1786075323,874298529,,,,,5,-1495.31640625,1021.3942260742188,-775.4130249023438,0.11283105611801147,-0.1487620323896408,-0.27002477645874023,0.9445770382881165,1,694988,5784
1786075323,882300760,1,-411.7693176269531,107.52842712402344,-675.1578979492188,,,,,,,,,,694989,5784
1786075323,882300760,,,,,5,-1495.3115234375,1021.4124145507812,-775.4984741210938,0.11288193613290787,-0.14894413948059082,-0.26917511224746704,0.9447847008705139,1,694989,5784
1786075323,891279459,1,-412.0404052734375,108.44715881347656,-675.072998046875,,,,,,,,,,694990,5784
1786075323,891279459,,,,,5,-1495.29736328125,1021.3829345703125,-775.4576416015625,0.11295134574174881,-0.1488223820924759,-0.2699519991874695,0.9445739984512329,1,694990,5784
1786075323,899440126,1,-411.7361755371094,107.56261444091797,-675.255126953125,,,,,,,,,,694991,5784
1786075323,899440126,,,,,5,-1495.2781982421875,1021.4088745117188,-775.4401245117188,0.11306756734848022,-0.14861437678337097,-0.26991337537765503,0.944603681564331,1,694991,5784
1786075323,907305683,1,-411.782958984375,107.54594421386719,-675.2763061523438,,,,,,,,,,694992,5784
1786075323,907305683,,,,,5,-1495.2772216796875,1021.4093627929688,-775.4415893554688,0.1130584254860878,-0.14865267276763916,-0.27001017332077026,0.9445711970329285,1,694992,5784
1786075323,916412320,1,-410.777099609375,108.6723861694336,-675.2027587890625,,,,,,,,,,694993,5784
1786075323,916412320,,,,,5,-1495.31201171875,1021.4060668945312,-775.4181518554688,0.11304990202188492,-0.1487848162651062,-0.2698885202407837,0.9445862174034119,1,694993,5784
1786075323,924332246,1,-411.8019714355469,107.42620086669922,-675.2197875976562,,,,,,,,,,694994,5784
1786075323,924332246,,,,,5,-1495.2802734375,1021.4395751953125,-775.4778442382812,0.112969309091568,-0.1490442454814911,-0.2702179551124573,0.9444606900215149,1,694994,5784
1786075323,932360239,1,-411.842529296875,107.34526824951172,-675.2042846679688,,,,,,,,,,694995,5784
1786075323,932360239,,,,,5,-1495.2698974609375,1021.41650390625,-775.483642578125,0.11305194348096848,-0.1488446593284607,-0.2707880139350891,0.944318950176239,1,694995,5784
1786075323,941139125,1,-411.7884521484375,107.51638793945312,-675.2178955078125,,,,,,,,,,694996,5784
1786075323,941139125,,,,,5,-1495.297119140625,1021.3580932617188,-775.4474487304688,0.11267542839050293,-0.1490059196949005,-0.2697734832763672,0.9446289539337158,1,694996,5784
1786075323,949334865,1,-412.02294921875,108.89539337158203,-675.2987060546875,,,,,,,,,,694997,5784
1786075323,949334865,,,,,5,-1495.2877197265625,1021.4280395507812,-775.4994506835938,0.11234568804502487,-0.14895781874656677,-0.26839911937713623,0.9450672268867493,1,694997,5784
1786075323,958160760,1,-412.13189697265625,108.45724487304688,-675.0419311523438,,,,,,,,,,694998,5784
1786075323,958160760,,,,,5,-1495.3236083984375,1021.3676147460938,-775.453125,0.11268444359302521,-0.14897552132606506,-0.2698644697666168,0.9446067214012146,1,694998,5784
1786075323,966126063,1,-411.8128967285156,107.51190948486328,-675.2337036132812,,,,,,,,,,694999,5784
1786075323,966126063,,,,,5,-1495.2767333984375,1021.3848876953125,-775.4491577148438,0.1129268929362297,-0.14882104098796844,-0.26890233159065247,0.9448764324188232,1,694999,5784
1786075323,973598429,1,-411.617431640625,107.97354125976562,-675.4857788085938,,,,,,,,,,695000,5784
1786075323,973598429,,,,,5,-1495.2801513671875,1021.4302978515625,-775.4971923828125,0.11243738979101181,-0.14907066524028778,-0.2684626281261444,0.9450203776359558,1,695000,5784
1786075323,983077073,1,-411.79443359375,107.50353240966797,-675.26025390625,,,,,,,,,,695001,5784
1786075323,983077073,,,,,5,-1495.2806396484375,1021.3892822265625,-775.4613037109375,0.1128728836774826,-0.14891184866428375,-0.26948854327201843,0.9447014927864075,1,695001,5784
1786075323,990975943,1,-410.9452819824219,110.02416229248047,-674.790283203125,,,,,,,,,,695002,5784
1786075323,990975943,,,,,5,-1495.3233642578125,1021.3990478515625,-775.442626953125,0.11294763535261154,-0.1489393413066864,-0.26995429396629333,0.9445552825927734,1,695002,5784
1786075323,999064801,1,-411.7813415527344,107.51380157470703,-675.27294921875,,,,,,,,,,695003,5784
1786075323,999064801,,,,,5,-1495.2877197265625,1021.3927612304688,-775.4811401367188,0.11287741363048553,-0.14890584349632263,-0.2695940434932709,0.9446718692779541,1,695003,5784
1786075324,7963913,1,-411.7364196777344,107.70685577392578,-675.1577758789062,,,,,,,,,,695004,5784
1786075324,7963913,,,,,5,-1495.302001953125,1021.40087890625,-775.46875,0.11316732317209244,-0.14877073466777802,-0.27004456520080566,0.9445297718048096,1,695004,5784
1786075324,15850111,1,-411.7825012207031,107.50917053222656,-675.2605590820312,,,,,,,,,,695005,5784
1786075324,15850111,,,,,5,-1495.298828125,1021.4146728515625,-775.4546508789062,0.11294803023338318,-0.14898847043514252,-0.26977676153182983,0.9445981979370117,1,695005,5784
1786075324,25014733,1,-411.8252258300781,107.50102233886719,-675.1553344726562,,,,,,,,,,695006,5784
1786075324,25014733,,,,,5,-1495.298828125,1021.3756713867188,-775.4818725585938,0.11270563304424286,-0.1487337052822113,-0.2700099050998688,0.9446006417274475,1,695006,5784
1786075324,32913538,1,-410.9566955566406,110.0115737915039,-674.8324584960938,,,,,,,,,,695007,5784
1786075324,32913538,,,,,5,-1495.296875,1021.3942260742188,-775.46240234375,0.11306459456682205,-0.14875325560569763,-0.2696567177772522,0.9446556568145752,1,695007,5784
1786075324,40877209,1,-412.08526611328125,108.45191192626953,-675.0601806640625,,,,,,,,,,695008,5784
1786075324,40877209,,,,,5,-1495.292724609375,1021.4083862304688,-775.4698486328125,0.11305955797433853,-0.1487589180469513,-0.2697734236717224,0.9446219801902771,1,695008,5784
1786075324,49849475,1,-411.82476806640625,106.32783508300781,-675.3673095703125,,,,,,,,,,695009,5784
1786075324,49849475,,,,,5,-1495.3035888671875,1021.3854370117188,-775.4556274414062,0.11302530020475388,-0.1488550305366516,-0.27011072635650635,0.9445144534111023,1,695009,5784
1786075324,57709720,1,-412.1031799316406,108.44878387451172,-675.0554809570312,,,,,,,,,,695010,5784
1786075324,57709720,,,,,5,-1495.2884521484375,1021.3742065429688,-775.3934936523438,0.11274506896734238,-0.14884808659553528,-0.27012768387794495,0.9445443153381348,1,695010,5784
1786075324,65836083,1,-410.7630920410156,108.69464111328125,-675.219970703125,,,,,,,,,,695011,5784
1786075324,65836083,,,,,5,-1495.296630859375,1021.3853759765625,-775.4691772460938,0.11283499747514725,-0.14894883334636688,-0.2698679268360138,0.9445918798446655,1,695011,5784
1786075324,74873150,1,-412.1566467285156,108.37620544433594,-675.2521362304688,,,,,,,,,,695012,5784
1786075324,74873150,,,,,5,-1495.28125,1021.3805541992188,-775.4761962890625,0.11292881518602371,-0.14883805811405182,-0.2697921395301819,0.9446197748184204,1,695012,5784
1786075324,82648433,1,-411.7999267578125,107.45982360839844,-675.2075805664062,,,,,,,,,,695013,5784
1786075324,82648433,,,,,5,-1495.2998046875,1021.3984375,-775.4577026367188,0.11320080608129501,-0.1487288773059845,-0.27003201842308044,0.9445359706878662,1,695013,5784
1786075324,90719082,1,-411.87054443359375,107.42003631591797,-675.329833984375,,,,,,,,,,695014,5784
1786075324,90719082,,,,,5,-1495.3193359375,1021.3958129882812,-775.4263305664062,0.11296738684177399,-0.1487634778022766,-0.27020516991615295,0.9445088505744934,1,695014,5784
1786075324,100112956,1,-412.0718994140625,108.47987365722656,-675.0911254882812,,,,,,,,,,695015,5784
1786075324,100112956,,,,,5,-1495.294189453125,1021.4093627929688,-775.4292602539062,0.11300504207611084,-0.14873243868350983,-0.26979318261146545,0.944627046585083,1,695015,5784
1786075324,107809806,1,-410.9096984863281,108.61254119873047,-675.2111206054688,,,,,,,,,,695016,5784
1786075324,107809806,,,,,5,-1495.3150634765625,1021.42041015625,-775.4566650390625,0.11290549486875534,-0.14884871244430542,-0.26978152990341187,0.9446240067481995,1,695016,5784
1786075324,115656707,1,-410.8554992675781,108.57533264160156,-675.2127685546875,,,,,,,,,,695017,5784
1786075324,115656707,,,,,5,-1495.3211669921875,1021.4068603515625,-775.4774169921875,0.11294528841972351,-0.14897045493125916,-0.26991426944732666,0.9445622563362122,1,695017,5784
1786075324,124846289,1,-411.7737121582031,107.5472640991211,-675.245849609375,,,,,,,,,,695018,5784
1786075324,124846289,,,,,5,-1495.2808837890625,1021.4005737304688,-775.462890625,0.11301577836275101,-0.1487695872783661,-0.26971253752708435,0.944642961025238,1,695018,5784
1786075324,132537827,1,-412.1092529296875,108.44711303710938,-675.0591430664062,,,,,,,,,,695019,5784
1786075324,132537827,,,,,5,-1495.2728271484375,1021.4039916992188,-775.471435546875,0.11307011544704437,-0.14884714782238007,-0.2695562243461609,0.9446687698364258,1,695019,5784
1786075324,141648496,1,-411.8429870605469,107.42501068115234,-675.2213134765625,,,,,,,,,,695020,5784
1786075324,141648496,,,,,5,-1495.2734375,1021.3970947265625,-775.4591674804688,0.1129690408706665,-0.1488797962665558,-0.269446462392807,0.9447072148323059,1,695020,5784
1786075324,149553926,1,-411.6849670410156,108.07975769042969,-675.4699096679688,,,,,,,,,,695021,5784
1786075324,149553926,,,,,5,-1495.28466796875,1021.4481811523438,-775.50634765625,0.11251888424158096,-0.14876297116279602,-0.2682540714740753,0.9451183676719666,1,695021,5784
1786075324,157666431,1,-412.10076904296875,108.45854187011719,-674.9376220703125,,,,,,,,,,695022,5784
1786075324,157666431,,,,,5,-1495.313720703125,1021.4148559570312,-775.4576416015625,0.11290744692087173,-0.14901268482208252,-0.26972904801368713,0.9446128606796265,1,695022,5784
1786075324,166454470,1,-410.767333984375,108.69024658203125,-675.2094116210938,,,,,,,,,,695023,5784
1786075324,166454470,,,,,5,-1495.295166015625,1021.4042358398438,-775.4791259765625,0.11297484487295151,-0.148765429854393,-0.26959601044654846,0.944681704044342,1,695023,5784
1786075324,174698786,1,-412.12542724609375,108.37342834472656,-675.0609741210938,,,,,,,,,,695024,5784
1786075324,174698786,,,,,5,-1495.296142578125,1021.3888549804688,-775.5143432617188,0.11311553418636322,-0.14894472062587738,-0.26966777443885803,0.9446161985397339,1,695024,5784
1786075324,182318419,1,-411.7618103027344,107.53557586669922,-675.2189331054688,,,,,,,,,,695025,5784
1786075324,182318419,,,,,5,-1495.3062744140625,1021.4098510742188,-775.4769897460938,0.11292091012001038,-0.1490328013896942,-0.2695624530315399,0.9446556568145752,1,695025,5784
1786075324,191622307,1,-412.05194091796875,108.64042663574219,-675.012939453125,,,,,,,,,,695026,5784
1786075324,191622307,,,,,5,-1495.3216552734375,1021.4080200195312,-775.4686889648438,0.11300048977136612,-0.14894099533557892,-0.26995861530303955,0.9445475339889526,1,695026,5784
1786075324,199273236,1,-411.8500671386719,107.38463592529297,-675.2117309570312,,,,,,,,,,695027,5784
1786075324,199273236,,,,,5,-1495.3123779296875,1021.3944702148438,-775.4579467773438,0.11306696385145187,-0.1486404985189438,-0.2703363597393036,0.9444787502288818,1,695027,5784
1786075324,207291884,1,-412.0907287597656,108.43265533447266,-675.042724609375,,,,,,,,,,695028,5784
1786075324,207291884,,,,,5,-1495.322509765625,1021.3946533203125,-775.4479370117188,0.11287561058998108,-0.1490502655506134,-0.27011972665786743,0.9444990754127502,1,695028,5784
1786075324,216185685,1,-411.7469482421875,107.54249572753906,-675.2669067382812,,,,,,,,,,695029,5784
1786075324,216185685,,,,,5,-1495.2806396484375,1021.4093017578125,-775.4540405273438,0.11306904256343842,-0.1487572342157364,-0.26984989643096924,0.9445992708206177,1,695029,5784
1786075324,224317839,1,-411.7598571777344,107.5053482055664,-675.2841796875,,,,,,,,,,695030,5784
1786075324,224317839,,,,,5,-1495.3184814453125,1021.3768920898438,-775.4347534179688,0.11282772570848465,-0.14861299097537994,-0.270193874835968,0.9445525407791138,1,695030,5784
1786075324,232155140,1,-410.8420715332031,108.64240264892578,-675.2693481445312,,,,,,,,,,695031,5784
1786075324,232155140,,,,,5,-1495.29736328125,1021.36669921875,-775.4034423828125,0.11262258887290955,-0.14872385561466217,-0.2704622447490692,0.9444827437400818,1,695031,5784
1786075324,241445492,1,-410.8315124511719,108.639404296875,-675.2705078125,,,,,,,,,,695032,5784
1786075324,241445492,,,,,5,-1495.295654296875,1021.4242553710938,-775.4679565429688,0.11298803985118866,-0.14864881336688995,-0.2700648605823517,0.944564700126648,1,695032,5784
1786075324,249162822,1,-410.8865966796875,108.5423812866211,-675.2643432617188,,,,,,,,,,695033,5784
1786075324,249162822,,,,,5,-1495.2733154296875,1021.4552612304688,-775.5060424804688,0.11318041384220123,-0.1488613486289978,-0.27032217383384705,0.9444345235824585,1,695033,5784
1786075324,258373397,1,-411.8347473144531,107.25141143798828,-675.5690307617188,,,,,,,,,,695034,5784
1786075324,258373397,,,,,5,-1495.31787109375,1021.3937377929688,-775.4866333007812,0.11284201592206955,-0.14906415343284607,-0.2698763906955719,0.9445705413818359,1,695034,5784
1786075324,266047622,1,-410.8158264160156,108.66963195800781,-675.2533569335938,,,,,,,,,,695035,5784
1786075324,266047622,,,,,5,-1495.3187255859375,1021.3865356445312,-775.4306030273438,0.11286193132400513,-0.14889110624790192,-0.2696404755115509,0.9446626901626587,1,695035,5784
1786075324,274378148,1,-410.7059326171875,108.9142074584961,-675.3772583007812,,,,,,,,,,695036,5784
1786075324,274378148,,,,,5,-1495.3125,1021.3896484375,-775.4716796875,0.11276017129421234,-0.14904119074344635,-0.26963821053504944,0.9446519017219543,1,695036,5784
1786075324,283183883,1,-411.7082214355469,107.46672058105469,-675.1524047851562,,,,,,,,,,695037,5784
1786075324,283183883,,,,,5,-1495.296875,1021.41455078125,-775.4566040039062,0.11311321705579758,-0.14865052700042725,-0.26978614926338196,0.9446290731430054,1,695037,5784
1786075324,291176898,1,-412.138427734375,108.43936920166016,-675.0676879882812,,,,,,,,,,695038,5784
1786075324,291176898,,,,,5,-1495.294921875,1021.4102783203125,-775.4675903320312,0.11305083334445953,-0.1487230509519577,-0.2697169780731201,0.9446448683738708,1,695038,5784
1786075324,299140665,1,-410.8838806152344,110.03204345703125,-674.85498046875,,,,,,,,,,695039,5784
1786075324,299140665,,,,,5,-1495.3037109375,1021.4154663085938,-775.46630859375,0.11299147456884384,-0.1488572508096695,-0.26920169591903687,0.9447777271270752,1,695039,5784
1786075324,308270054,1,-412.10797119140625,108.40454864501953,-674.974365234375,,,,,,,,,,695040,5784
1786075324,308270054,,,,,5,-1495.3253173828125,1021.3883666992188,-775.4371948242188,0.11280209571123123,-0.1489020138978958,-0.269634485244751,0.9446699619293213,1,695040,5784
1786075324,315943640,1,-412.079345703125,108.47797393798828,-674.9783325195312,,,,,,,,,,695041,5784
1786075324,315943640,,,,,5,-1495.3101806640625,1021.4013061523438,-775.4249877929688,0.11295104771852493,-0.14858369529247284,-0.27016425132751465,0.9445508718490601,1,695041,5784
1786075324,323973040,1,-411.8211975097656,107.42627716064453,-675.273193359375,,,,,,,,,,695042,5784
1786075324,323973040,,,,,5,-1495.292236328125,1021.40087890625,-775.4525756835938,0.11286561191082001,-0.1487598568201065,-0.26978933811187744,0.944640576839447,1,695042,5784
1786075324,332900089,1,-412.1236572265625,108.6856460571289,-675.09912109375,,,,,,,,,,695043,5784
1786075324,332900089,,,,,5,-1495.25830078125,1021.4574584960938,-775.4723510742188,0.11306585371494293,-0.14879773557186127,-0.2702750861644745,0.9444716572761536,1,695043,5784
1786075324,340901553,1,-411.80194091796875,107.60018157958984,-675.1971435546875,,,,,,,,,,695044,5784
1786075324,340901553,,,,,5,-1495.3037109375,1021.4210815429688,-775.4466552734375,0.11292687803506851,-0.1488834023475647,-0.2691536247730255,0.9447949528694153,1,695044,5784
1786075324,348933161,1,-411.77435302734375,107.47761535644531,-675.3131713867188,,,,,,,,,,695045,5784
1786075324,348933161,,,,,5,-1495.3258056640625,1021.4230346679688,-775.4760131835938,0.11298088729381561,-0.14896288514137268,-0.2700067460536957,0.9445326924324036,1,695045,5784
1786075324,358124184,1,-410.94915771484375,110.15143585205078,-674.8914794921875,,,,,,,,,,695046,5784
1786075324,358124184,,,,,5,-1495.2957763671875,1021.4197387695312,-775.4650268554688,0.11309034377336502,-0.14874815940856934,-0.26964902877807617,0.9446555972099304,1,695046,5784
1786075324,365881739,1,-412.070556640625,108.43769836425781,-675.0914916992188,,,,,,,,,,695047,5784
1786075324,365881739,,,,,5,-1495.3367919921875,1021.4031372070312,-775.4440307617188,0.11280912905931473,-0.14900042116641998,-0.26995518803596497,0.9445618987083435,1,695047,5784
1786075324,373876322,1,-410.87744140625,108.6468276977539,-675.2158203125,,,,,,,,,,695048,5784
1786075324,373876322,,,,,5,-1495.3309326171875,1021.3938598632812,-775.4387817382812,0.11291752010583878,-0.14893586933612823,-0.2702587842941284,0.9444723725318909,1,695048,5784
1786075324,382874253,1,-410.8116149902344,108.62287139892578,-675.2244873046875,,,,,,,,,,695049,5784
1786075324,382874253,,,,,5,-1495.301025390625,1021.37744140625,-775.4378051757812,0.1126619353890419,-0.14903847873210907,-0.26965412497520447,0.9446593523025513,1,695049,5784
1786075324,390817123,1,-412.1432800292969,108.4129867553711,-675.0028686523438,,,,,,,,,,695050,5784
1786075324,390817123,,,,,5,-1495.2939453125,1021.4030151367188,-775.4544067382812,0.11293768882751465,-0.148886039853096,-0.26956906914711,0.9446749091148376,1,695050,5784
1786075324,399809038,1,-411.782958984375,107.51656341552734,-675.21142578125,,,,,,,,,,695051,5784
1786075324,399809038,,,,,5,-1495.3140869140625,1021.3786010742188,-775.4236450195312,0.11290880292654037,-0.14883297681808472,-0.2700267434120178,0.9445559978485107,1,695051,5784
1786075324,407938056,1,-412.0769958496094,108.3251953125,-675.0225830078125,,,,,,,,,,695052,5784
1786075324,407938056,,,,,5,-1495.290771484375,1021.3990478515625,-775.4517211914062,0.11308018118143082,-0.14880548417568207,-0.2698665261268616,0.9445856809616089,1,695052,5784
1786075324,415981824,1,-412.1083679199219,108.89881134033203,-675.4971923828125,,,,,,,,,,695053,5784
1786075324,415981824,,,,,5,-1495.296875,1021.4378051757812,-775.5009155273438,0.11230583488941193,-0.14891546964645386,-0.26824045181274414,0.9451236128807068,1,695053,5784
1786075324,425390579,1,-410.83135986328125,108.6362075805664,-675.2485961914062,,,,,,,,,,695054,5784
1786075324,425390579,,,,,5,-1495.3006591796875,1021.3771362304688,-775.4856567382812,0.11274275928735733,-0.14894865453243256,-0.2693866789340973,0.9447404146194458,1,695054,5784
1786075324,432685789,1,-410.8631286621094,108.66275787353516,-675.2476806640625,,,,,,,,,,695055,5784
1786075324,432685789,,,,,5,-1495.287353515625,1021.3893432617188,-775.4664306640625,0.11284629255533218,-0.14864563941955566,-0.2701326608657837,0.9445626139640808,1,695055,5784
1786075324,440659156,1,-411.8192443847656,107.4481201171875,-675.2529907226562,,,,,,,,,,695056,5784
1786075324,440659156,,,,,5,-1495.3216552734375,1021.400390625,-775.474609375,0.1129860058426857,-0.14901503920555115,-0.2699369192123413,0.944543719291687,1,695056,5784
1786075324,449607742,1,-411.7621154785156,107.53394317626953,-675.2674560546875,,,,,,,,,,695057,5784
1786075324,449607742,,,,,5,-1495.3009033203125,1021.3843994140625,-775.4618530273438,0.11286371201276779,-0.1489124298095703,-0.26968660950660706,0.9446460604667664,1,695057,5784
1786075324,457743192,1,-411.8003234863281,106.83853149414062,-675.1165161132812,,,,,,,,,,695058,5784
1786075324,457743192,,,,,5,-1495.2840576171875,1021.3513793945312,-775.4784545898438,0.11312752962112427,-0.14868281781673431,-0.27009016275405884,0.9445353150367737,1,695058,5784
1786075324,465777264,1,-412.0760192871094,108.63240814208984,-675.072509765625,,,,,,,,,,695059,5784
1786075324,465777264,,,,,5,-1495.2841796875,1021.400390625,-775.4447631835938,0.11295131593942642,-0.14868225157260895,-0.26962947845458984,0.9446881413459778,1,695059,5784
1786075324,474909598,1,-411.7696533203125,107.49283599853516,-675.2147827148438,,,,,,,,,,695060,5784
1786075324,474909598,,,,,5,-1495.3082275390625,1021.3983764648438,-775.4916381835938,0.11261264979839325,-0.1489265263080597,-0.26938721537590027,0.9447590708732605,1,695060,5784
1786075324,482344778,1,-410.8978576660156,110.22998046875,-674.8097534179688,,,,,,,,,,695061,5784
1786075324,482344778,,,,,5,-1495.286376953125,1021.431640625,-775.4985961914062,0.1129944771528244,-0.1487821787595749,-0.2704475224018097,0.944433331489563,1,695061,5784
1786075324,491470231,1,-410.79559326171875,108.67969512939453,-675.2218627929688,,,,,,,,,,695062,5784
1786075324,491470231,,,,,5,-1495.3013916015625,1021.3790283203125,-775.48291015625,0.11285609751939774,-0.1489260196685791,-0.26970812678337097,0.9446385502815247,1,695062,5784
1786075324,499427406,1,-411.8028564453125,107.68521881103516,-675.1764526367188,,,,,,,,,,695063,5784
1786075324,499427406,,,,,5,-1495.3109130859375,1021.3992309570312,-775.4765014648438,0.11324361711740494,-0.14872100949287415,-0.2703724503517151,0.9444345831871033,1,695063,5784
1786075324,506883452,1,-410.9621887207031,109.99055480957031,-674.7841796875,,,,,,,,,,695064,5785
1786075324,506883452,,,,,5,-1495.3240966796875,1021.3966674804688,-775.462890625,0.11289796233177185,-0.14895957708358765,-0.26986032724380493,0.944584846496582,1,695064,5785
1786075324,516366639,1,-410.9372253417969,109.98029327392578,-674.747314453125,,,,,,,,,,695065,5785
1786075324,516366639,,,,,5,-1495.310546875,1021.3866577148438,-775.419677734375,0.11276663839817047,-0.1490361988544464,-0.2704700231552124,0.9444140195846558,1,695065,5785
1786075324,524775503,1,-412.0182189941406,108.9045639038086,-675.3153076171875,,,,,,,,,,695066,5785
1786075324,524775503,,,,,5,-1495.2847900390625,1021.4423217773438,-775.4917602539062,0.11246871203184128,-0.14889489114284515,-0.26814207434654236,0.9451354146003723,1,695066,5785
1786075324,532432352,1,-411.1786193847656,110.26576232910156,-675.0431518554688,,,,,,,,,,695067,5785
1786075324,532432352,,,,,5,-1495.2943115234375,1021.4159545898438,-775.4713745117188,0.11304376274347305,-0.1488797664642334,-0.2715049684047699,0.9441086649894714,1,695067,5785
1786075324,541428971,1,-411.77215576171875,107.65111541748047,-675.2838134765625,,,,,,,,,,695068,5785
1786075324,541428971,,,,,5,-1495.2965087890625,1021.4057006835938,-775.4569091796875,0.11315137892961502,-0.14847871661186218,-0.2704537510871887,0.9444605708122253,1,695068,5785
1786075324,549349377,1,-410.8021545410156,108.67577362060547,-675.2156982421875,,,,,,,,,,695069,5785
1786075324,549349377,,,,,5,-1495.2972412109375,1021.40576171875,-775.4521484375,0.11293404549360275,-0.14883475005626678,-0.26940619945526123,0.9447299242019653,1,695069,5785
1786075324,557209942,1,-411.8069152832031,107.47718048095703,-675.2437744140625,,,,,,,,,,695070,5785
1786075324,557209942,,,,,5,-1495.287353515625,1021.4098510742188,-775.429931640625,0.11284055560827255,-0.14873744547367096,-0.2696417272090912,0.9446890950202942,1,695070,5785
1786075324,566285922,1,-411.8180236816406,107.28582763671875,-675.4586181640625,,,,,,,,,,695071,5785
1786075324,566285922,,,,,5,-1495.3148193359375,1021.4227905273438,-775.4695434570312,0.11298413574695587,-0.14886781573295593,-0.2694796323776245,0.9446977376937866,1,695071,5785
1786075324,574260793,1,-411.7707824707031,107.50493621826172,-675.2297973632812,,,,,,,,,,695072,5785
1786075324,574260793,,,,,5,-1495.3309326171875,1021.40478515625,-775.4338989257812,0.11298095434904099,-0.1487998217344284,-0.2697369158267975,0.9446353316307068,1,695072,5785
1786075324,582518293,1,-411.822021484375,107.4538803100586,-675.228759765625,,,,,,,,,,695073,5785
1786075324,582518293,,,,,5,-1495.3192138671875,1021.3859252929688,-775.443115234375,0.11282322555780411,-0.14883027970790863,-0.26975759863853455,0.9446436166763306,1,695073,5785
1786075324,591283868,1,-410.92791748046875,108.60265350341797,-675.3029174804688,,,,,,,,,,695074,5785
1786075324,591283868,,,,,5,-1495.34033203125,1021.4142456054688,-775.4561767578125,0.11288470029830933,-0.14908292889595032,-0.2692805528640747,0.9447324275970459,1,695074,5785
1786075324,599217842,1,-410.8575134277344,108.58323669433594,-675.3930053710938,,,,,,,,,,695075,5785
1786075324,599217842,,,,,5,-1495.293212890625,1021.4125366210938,-775.4647827148438,0.11309497803449631,-0.14869672060012817,-0.26994040608406067,0.9445798397064209,1,695075,5785
1786075324,608116603,1,-410.9692687988281,109.97059631347656,-674.7630004882812,,,,,,,,,,695076,5785
1786075324,608116603,,,,,5,-1495.2735595703125,1021.4503173828125,-775.4593505859375,0.11314341425895691,-0.14880074560642242,-0.27034980058670044,0.9444406628608704,1,695076,5785
1786075324,616009968,1,-411.7587890625,107.49845886230469,-675.27099609375,,,,,,,,,,695077,5785
1786075324,616009968,,,,,5,-1495.28662109375,1021.4149780273438,-775.4451293945312,0.11296069622039795,-0.14876283705234528,-0.269279420375824,0.9447741508483887,1,695077,5785
1786075324,624016040,1,-410.9157409667969,109.93987274169922,-674.7066040039062,,,,,,,,,,695078,5785
1786075324,624016040,,,,,5,-1495.264892578125,1021.4423217773438,-775.4655151367188,0.11319286376237869,-0.1488676220178604,-0.2700558304786682,0.9445081353187561,1,695078,5785
1786075324,632885520,1,-411.80596923828125,107.44599914550781,-675.2207641601562,,,,,,,,,,695079,5785
1786075324,632885520,,,,,5,-1495.2977294921875,1021.3370361328125,-775.4247436523438,0.11292459815740585,-0.14865835011005402,-0.2710089385509491,0.9443002343177795,1,695079,5785
1786075324,641004490,1,-411.8071594238281,107.45703125,-675.2005615234375,,,,,,,,,,695080,5785
1786075324,641004490,,,,,5,-1495.2613525390625,1021.3712158203125,-775.4559936523438,0.1129794716835022,-0.1489270031452179,-0.27064865827560425,0.944354772567749,1,695080,5785
1786075324,648928832,1,-412.00775146484375,108.52999114990234,-674.9675903320312,,,,,,,,,,695081,5785
1786075324,648928832,,,,,5,-1495.311767578125,1021.4320678710938,-775.4444580078125,0.11296036839485168,-0.14900386333465576,-0.2693709433078766,0.9447101354598999,1,695081,5785
1786075324,657885866,1,-410.85382080078125,108.5752182006836,-675.2111206054688,,,,,,,,,,695082,5785
1786075324,657885866,,,,,5,-1495.282958984375,1021.4086303710938,-775.435302734375,0.11309250444173813,-0.14869995415210724,-0.26955121755599976,0.9446907043457031,1,695082,5785
1786075324,665848641,1,-410.7669982910156,108.68894958496094,-675.1727294921875,,,,,,,,,,695083,5785
1786075324,665848641,,,,,5,-1495.2945556640625,1021.3673706054688,-775.4193725585938,0.11273021996021271,-0.14891692996025085,-0.269666463136673,0.9446670413017273,1,695083,5785
1786075324,674068733,1,-410.9784240722656,109.97276306152344,-674.7656860351562,,,,,,,,,,695084,5785
1786075324,674068733,,,,,5,-1495.3065185546875,1021.4176025390625,-775.4522094726562,0.11304687708616257,-0.1487126350402832,-0.26990261673927307,0.9445939064025879,1,695084,5785
1786075324,682694785,1,-410.7925109863281,108.69434356689453,-675.2113037109375,,,,,,,,,,695085,5785
1786075324,682694785,,,,,5,-1495.30029296875,1021.3873901367188,-775.4011840820312,0.1129540503025055,-0.14882336556911469,-0.27000337839126587,0.9445587992668152,1,695085,5785
1786075324,690786490,1,-410.93072509765625,109.9933853149414,-674.7894897460938,,,,,,,,,,695086,5785
1786075324,690786490,,,,,5,-1495.290283203125,1021.3897705078125,-775.4657592773438,0.11286475509405136,-0.14893323183059692,-0.26938098669052124,0.9447298049926758,1,695086,5785
1786075324,699657186,1,-410.7937927246094,110.47396087646484,-675.0811157226562,,,,,,,,,,695087,5785
1786075324,699657186,,,,,5,-1495.2613525390625,1021.4365234375,-775.48046875,0.11251546442508698,-0.14889784157276154,-0.2684699296951294,0.9450362920761108,1,695087,5785
1786075324,707813885,1,-411.73284912109375,107.04378509521484,-675.1909790039062,,,,,,,,,,695088,5785
1786075324,707813885,,,,,5,-1495.2728271484375,1021.4519653320312,-775.4353637695312,0.11322741955518723,-0.14862333238124847,-0.2705293297767639,0.944407045841217,1,695088,5785
1786075324,715593200,1,-411.9018249511719,106.9490737915039,-674.8670654296875,,,,,,,,,,695089,5785
1786075324,715593200,,,,,5,-1495.27880859375,1021.4216918945312,-775.4332885742188,0.1130802258849144,-0.14858147501945496,-0.27024659514427185,0.9445121884346008,1,695089,5785
1786075324,724706941,1,-411.65679931640625,107.93171691894531,-675.5361938476562,,,,,,,,,,695090,5785
1786075324,724706941,,,,,5,-1495.2933349609375,1021.4449462890625,-775.5142211914062,0.11255035549402237,-0.14879050850868225,-0.2685175836086273,0.9450355768203735,1,695090,5785
1786075324,732589362,1,-411.738037109375,107.51676940917969,-675.2744750976562,,,,,,,,,,695091,5785
1786075324,732589362,,,,,5,-1495.27294921875,1021.3737182617188,-775.4505615234375,0.11312592029571533,-0.14866599440574646,-0.27086395025253296,0.9443165063858032,1,695091,5785
1786075324,740706284,1,-411.7766418457031,107.51423645019531,-675.2468872070312,,,,,,,,,,695092,5785
1786075324,740706284,,,,,5,-1495.3177490234375,1021.3910522460938,-775.4805908203125,0.11281834542751312,-0.14906400442123413,-0.26971134543418884,0.9446203708648682,1,695092,5785
1786075324,749661526,1,-411.747314453125,107.56907653808594,-675.2171020507812,,,,,,,,,,695093,5785
1786075324,749661526,,,,,5,-1495.2938232421875,1021.40576171875,-775.4252319335938,0.11308786273002625,-0.14855830371379852,-0.27012646198272705,0.9445492029190063,1,695093,5785
1786075324,757585292,1,-411.7628173828125,107.51480865478516,-675.2892456054688,,,,,,,,,,695094,5785
1786075324,757585292,,,,,5,-1495.27978515625,1021.4328002929688,-775.4208984375,0.11306657642126083,-0.14868225157260895,-0.2698032259941101,0.944624662399292,1,695094,5785
1786075324,765598756,1,-410.8587951660156,108.5927963256836,-675.24658203125,,,,,,,,,,695095,5785
1786075324,765598756,,,,,5,-1495.2838134765625,1021.4027709960938,-775.4080810546875,0.11285530030727386,-0.14886346459388733,-0.27033913135528564,0.9444682598114014,1,695095,5785
1786075324,774695601,1,-410.9517517089844,109.90499877929688,-674.7638549804688,,,,,,,,,,695096,5785
1786075324,774695601,,,,,5,-1495.2889404296875,1021.3961181640625,-775.4590454101562,0.11315687000751495,-0.14891232550144196,-0.27050337195396423,0.9443774223327637,1,695096,5785
1786075324,782537125,1,-410.7907409667969,108.71287536621094,-675.2088012695312,,,,,,,,,,695097,5785
1786075324,782537125,,,,,5,-1495.3052978515625,1021.3981323242188,-775.4456787109375,0.1130569577217102,-0.14886002242565155,-0.2702060043811798,0.9444828033447266,1,695097,5785
1786075324,790628831,1,-412.08135986328125,108.44889831542969,-675.0667114257812,,,,,,,,,,695098,5785
1786075324,790628831,,,,,5,-1495.2978515625,1021.4036254882812,-775.44384765625,0.11316801607608795,-0.14892280101776123,-0.2704942226409912,0.9443769454956055,1,695098,5785
1786075324,799515335,1,-410.86224365234375,108.84224700927734,-675.1813354492188,,,,,,,,,,695099,5785
1786075324,799515335,,,,,5,-1495.2733154296875,1021.3554077148438,-775.3930053710938,0.11271048337221146,-0.14876538515090942,-0.2705479860305786,0.9444410800933838,1,695099,5785
1786075324,807413917,1,-411.7256774902344,107.5602035522461,-675.2412719726562,,,,,,,,,,695100,5785
1786075324,807413917,,,,,5,-1495.275390625,1021.3819580078125,-775.3930053710938,0.11286040395498276,-0.14869508147239685,-0.27039584517478943,0.944477915763855,1,695100,5785
1786075324,816425480,1,-410.87261962890625,110.2476806640625,-674.7598266601562,,,,,,,,,,695101,5785
1786075324,816425480,,,,,5,-1495.28515625,1021.4267578125,-775.452880859375,0.11306598782539368,-0.14881137013435364,-0.26947546005249023,0.9446980357170105,1,695101,5785
1786075324,824517537,1,-410.8724365234375,110.03633880615234,-674.724609375,,,,,,,,,,695102,5785
1786075324,824517537,,,,,5,-1495.2841796875,1021.42626953125,-775.42724609375,0.11318771541118622,-0.14847539365291595,-0.27030250430107117,0.9445000290870667,1,695102,5785
1786075324,832431959,1,-410.7873840332031,108.64747619628906,-675.143798828125,,,,,,,,,,695103,5785
1786075324,832431959,,,,,5,-1495.2908935546875,1021.3726806640625,-775.4036254882812,0.11283997446298599,-0.1485755890607834,-0.27048757672309875,0.9444729089736938,1,695103,5785
1786075324,841437282,1,-412.12750244140625,108.45852661132812,-675.0322265625,,,,,,,,,,695104,5785
1786075324,841437282,,,,,5,-1495.2730712890625,1021.38037109375,-775.449951171875,0.11279324442148209,-0.14894047379493713,-0.2697903513908386,0.9446203112602234,1,695104,5785
1786075324,849378360,1,-411.77276611328125,107.49964904785156,-675.2643432617188,,,,,,,,,,695105,5785
1786075324,849378360,,,,,5,-1495.3350830078125,1021.4141845703125,-775.41162109375,0.11296141147613525,-0.1488994061946869,-0.27046895027160645,0.9444126486778259,1,695105,5785
1786075324,857799416,1,-411.7753601074219,107.2956771850586,-675.4303588867188,,,,,,,,,,695106,5785
1786075324,857799416,,,,,5,-1495.3253173828125,1021.3952026367188,-775.431640625,0.11293908208608627,-0.1490056961774826,-0.27021700143814087,0.9444707036018372,1,695106,5785
1786075324,866238168,1,-410.9502868652344,108.51317596435547,-675.1973876953125,,,,,,,,,,695107,5785
1786075324,866238168,,,,,5,-1495.3125,1021.4047241210938,-775.4153442382812,0.11292058229446411,-0.14875446259975433,-0.26975584030151367,0.9446442723274231,1,695107,5785
1786075324,874312177,1,-410.73870849609375,108.8875503540039,-675.269287109375,,,,,,,,,,695108,5785
1786075324,874312177,,,,,5,-1495.2841796875,1021.4065551757812,-775.4478759765625,0.1129610538482666,-0.1487344354391098,-0.2700487971305847,0.9445589780807495,1,695108,5785
1786075324,882150886,1,-411.86553955078125,107.37483978271484,-675.1660766601562,,,,,,,,,,695109,5785
1786075324,882150886,,,,,5,-1495.3040771484375,1021.3972778320312,-775.4266967773438,0.11295962333679199,-0.14876770973205566,-0.2701011300086975,0.9445388317108154,1,695109,5785
1786075324,891208145,1,-410.8146057128906,108.67438507080078,-675.2198486328125,,,,,,,,,,695110,5785
1786075324,891208145,,,,,5,-1495.2889404296875,1021.369140625,-775.4564819335938,0.11269327998161316,-0.14889568090438843,-0.2697030007839203,0.9446642994880676,1,695110,5785
1786075324,899170792,1,-411.74755859375,107.4737777709961,-675.1928100585938,,,,,,,,,,695111,5785
1786075324,899170792,,,,,5,-1495.2984619140625,1021.3610229492188,-775.4172973632812,0.11276710778474808,-0.14889715611934662,-0.2703377902507782,0.9444738030433655,1,695111,5785
1786075324,908063217,1,-411.74102783203125,107.53890228271484,-675.2265014648438,,,,,,,,,,695112,5785
1786075324,908063217,,,,,5,-1495.2926025390625,1021.3707275390625,-775.4137573242188,0.11282379925251007,-0.14878807961940765,-0.2704143524169922,0.9444623589515686,1,695112,5785
1786075324,916116426,1,-411.82208251953125,107.48406219482422,-675.2303466796875,,,,,,,,,,695113,5785
1786075324,916116426,,,,,5,-1495.2952880859375,1021.4044799804688,-775.4606323242188,0.11287455260753632,-0.14908382296562195,-0.26968321204185486,0.9446186423301697,1,695113,5785
1786075324,924270692,1,-410.78662109375,108.6627197265625,-675.215087890625,,,,,,,,,,695114,5785
1786075324,924270692,,,,,5,-1495.281982421875,1021.3951416015625,-775.4674072265625,0.11288531124591827,-0.1489398330450058,-0.26962488889694214,0.9446566700935364,1,695114,5785
1786075324,933121580,1,-410.7718200683594,108.79740142822266,-675.2083740234375,,,,,,,,,,695115,5785
1786075324,933121580,,,,,5,-1495.3245849609375,1021.3829345703125,-775.4447021484375,0.11286354064941406,-0.1489580273628235,-0.2704598903656006,0.9444177150726318,1,695115,5785
1786075324,940989441,1,-410.8955383300781,108.51416778564453,-675.19140625,,,,,,,,,,695116,5785
1786075324,940989441,,,,,5,-1495.294189453125,1021.4053955078125,-775.46435546875,0.11294723302125931,-0.1488933116197586,-0.2697000801563263,0.9446351528167725,1,695116,5785
1786075324,949128316,1,-411.77801513671875,107.67413330078125,-675.3106689453125,,,,,,,,,,695117,5785
1786075324,949128316,,,,,5,-1495.2919921875,1021.4156494140625,-775.4508666992188,0.11301066726446152,-0.14881548285484314,-0.26970550417900085,0.9446382522583008,1,695117,5785
1786075324,957922050,1,-410.7745056152344,108.93019104003906,-675.3148193359375,,,,,,,,,,695118,5785
1786075324,957922050,,,,,5,-1495.2894287109375,1021.4144897460938,-775.4662475585938,0.11301366984844208,-0.14883454144001007,-0.2696115970611572,0.9446617960929871,1,695118,5785
1786075324,965975003,1,-410.8720397949219,108.59934997558594,-675.1775512695312,,,,,,,,,,695119,5785
1786075324,965975003,,,,,5,-1495.31005859375,1021.3740234375,-775.434814453125,0.11289848387241364,-0.1486055999994278,-0.27066758275032043,0.9444096088409424,1,695119,5785
1786075324,973930962,1,-411.0088806152344,109.85973358154297,-674.7738037109375,,,,,,,,,,695120,5785
1786075324,973930962,,,,,5,-1495.2679443359375,1021.3611450195312,-775.4837646484375,0.11287035793066025,-0.14880894124507904,-0.270164430141449,0.9445249438285828,1,695120,5785
1786075324,982841307,1,-410.80902099609375,108.68663024902344,-675.23388671875,,,,,,,,,,695121,5785
1786075324,982841307,,,,,5,-1495.301025390625,1021.3658447265625,-775.4269409179688,0.11289787292480469,-0.1488950550556183,-0.27097976207733154,0.9442744851112366,1,695121,5785
1786075324,990906195,1,-410.8109436035156,110.26577758789062,-674.9075927734375,,,,,,,,,,695122,5785
1786075324,990906195,,,,,5,-1495.2984619140625,1021.4015502929688,-775.469482421875,0.11296243220567703,-0.14879199862480164,-0.2696399688720703,0.9446664452552795,1,695122,5785
1786075324,999802940,1,-411.2222900390625,109.9956283569336,-675.0717163085938,,,,,,,,,,695123,5785
1786075324,999802940,,,,,5,-1495.2916259765625,1021.4013061523438,-775.4861450195312,0.11289390176534653,-0.1489919275045395,-0.26997247338294983,0.9445481896400452,1,695123,5785
1786075325,7733746,1,-411.7983093261719,107.4854965209961,-675.2500610351562,,,,,,,,,,695124,5785
1786075325,7733746,,,,,5,-1495.33349609375,1021.3851928710938,-775.4488525390625,0.11299475282430649,-0.1488020122051239,-0.27030861377716064,0.9444698095321655,1,695124,5785
1786075325,15764491,1,-410.8416442871094,108.68206024169922,-675.2506713867188,,,,,,,,,,695125,5785
1786075325,15764491,,,,,5,-1495.2984619140625,1021.3779296875,-775.4796752929688,0.11299558728933334,-0.14911390841007233,-0.27040234208106995,0.9443939328193665,1,695125,5785
1786075325,24812438,1,-410.8078918457031,108.62396240234375,-675.175048828125,,,,,,,,,,695126,5785
1786075325,24812438,,,,,5,-1495.31982421875,1021.3826293945312,-775.4508056640625,0.11284169554710388,-0.14907275140285492,-0.27013441920280457,0.9444953203201294,1,695126,5785
1786075325,32736812,1,-412.1555480957031,108.42025756835938,-675.0005493164062,,,,,,,,,,695127,5785
1786075325,32736812,,,,,5,-1495.3292236328125,1021.3903198242188,-775.451171875,0.11272928863763809,-0.1490623503923416,-0.2700212001800537,0.9445428848266602,1,695127,5785
1786075325,40401693,1,-412.16522216796875,108.40621948242188,-675.0548095703125,,,,,,,,,,695128,5785
1786075325,40401693,,,,,5,-1495.32958984375,1021.3549194335938,-775.4542236328125,0.11277574300765991,-0.14906351268291473,-0.2707415819168091,0.9443309903144836,1,695128,5785
1786075325,49932626,1,-410.8260192871094,108.72894287109375,-675.19677734375,,,,,,,,,,695129,5785
1786075325,49932626,,,,,5,-1495.28759765625,1021.4010009765625,-775.4696044921875,0.11296840012073517,-0.14879180490970612,-0.27035045623779297,0.9444626569747925,1,695129,5785
1786075325,57742629,1,-411.7560119628906,107.44112396240234,-675.25048828125,,,,,,,,,,695130,5785
1786075325,57742629,,,,,5,-1495.2991943359375,1021.3781127929688,-775.4171752929688,0.11297618597745895,-0.14859603345394135,-0.27053338289260864,0.9444403052330017,1,695130,5785
1786075325,65774910,1,-412.0871887207031,108.45693969726562,-675.0321655273438,,,,,,,,,,695131,5785
1786075325,65774910,,,,,5,-1495.2786865234375,1021.3765869140625,-775.4869995117188,0.11281167715787888,-0.14898669719696045,-0.26984459161758423,0.9445953369140625,1,695131,5785
1786075325,74669254,1,-412.7035217285156,108.16487121582031,-675.3193359375,,,,,,,,,,695132,5785
1786075325,74669254,,,,,5,-1495.3145751953125,1021.4248046875,-775.4552612304688,0.1130184456706047,-0.14899469912052155,-0.2696673274040222,0.9446200728416443,1,695132,5785
1786075325,82672189,1,-410.8143615722656,108.56243896484375,-675.2376708984375,,,,,,,,,,695133,5785
1786075325,82672189,,,,,5,-1495.2684326171875,1021.3790893554688,-775.495361328125,0.11319693922996521,-0.1487937718629837,-0.2696891129016876,0.944624125957489,1,695133,5785
1786075325,90523250,1,-410.8813171386719,108.56194305419922,-675.2174682617188,,,,,,,,,,695134,5785
1786075325,90523250,,,,,5,-1495.303955078125,1021.38330078125,-775.5006713867188,0.112806536257267,-0.14891017973423004,-0.26965153217315674,0.9446632862091064,1,695134,5785
1786075325,99545725,1,-410.9944763183594,109.87115478515625,-674.7394409179688,,,,,,,,,,695135,5785
1786075325,99545725,,,,,5,-1495.281494140625,1021.4110717773438,-775.45263671875,0.11296547949314117,-0.14880651235580444,-0.2696744501590729,0.9446540474891663,1,695135,5785
1786075325,107516628,1,-410.9238586425781,110.04056549072266,-674.7660522460938,,,,,,,,,,695136,5785
1786075325,107516628,,,,,5,-1495.2938232421875,1021.4052734375,-775.4530639648438,0.11306887865066528,-0.14881567656993866,-0.2697312533855438,0.9446238875389099,1,695136,5785
1786075325,116363067,1,-410.822021484375,108.64309692382812,-675.2255249023438,,,,,,,,,,695137,5785
1786075325,116363067,,,,,5,-1495.2835693359375,1021.4091796875,-775.428466796875,0.11304967105388641,-0.1485908329486847,-0.26995137333869934,0.9445987939834595,1,695137,5785
1786075325,124410708,1,-410.8577575683594,108.39679718017578,-675.3814697265625,,,,,,,,,,695138,5785
1786075325,124410708,,,,,5,-1495.2890625,1021.4063720703125,-775.4596557617188,0.11304111778736115,-0.14873763918876648,-0.2699279189109802,0.9445833563804626,1,695138,5785
1786075325,132310665,1,-410.8425598144531,110.25153350830078,-674.7573852539062,,,,,,,,,,695139,5785
1786075325,132310665,,,,,5,-1495.3138427734375,1021.3677978515625,-775.4490356445312,0.11259675025939941,-0.14898303151130676,-0.2697044312953949,0.9446616172790527,1,695139,5785
1786075325,141390869,1,-411.8175048828125,107.42359161376953,-675.1852416992188,,,,,,,,,,695140,5785
1786075325,141390869,,,,,5,-1495.325927734375,1021.3585205078125,-775.4332885742188,0.11303552985191345,-0.1487819105386734,-0.27105170488357544,0.9442552328109741,1,695140,5785
1786075325,149603857,1,-411.7490234375,107.50576782226562,-675.2960815429688,,,,,,,,,,695141,5785
1786075325,149603857,,,,,5,-1495.291259765625,1021.4066772460938,-775.448486328125,0.1130145862698555,-0.14877237379550934,-0.26985982060432434,0.9446006417274475,1,695141,5785
1786075325,157441989,1,-412.0716247558594,108.48088073730469,-675.0040283203125,,,,,,,,,,695142,5785
1786075325,157441989,,,,,5,-1495.2996826171875,1021.4093017578125,-775.4569702148438,0.11302781105041504,-0.14877429604530334,-0.26974228024482727,0.9446322321891785,1,695142,5785
1786075325,166326478,1,-411.8204650878906,107.44122314453125,-675.2273559570312,,,,,,,,,,695143,5785
1786075325,166326478,,,,,5,-1495.2774658203125,1021.3837890625,-775.4799194335938,0.11289658397436142,-0.14886777102947235,-0.26989349722862244,0.9445900917053223,1,695143,5785
1786075325,174242947,1,-410.8271484375,108.68325805664062,-675.2673950195312,,,,,,,,,,695144,5785
1786075325,174242947,,,,,5,-1495.3157958984375,1021.416015625,-775.4618530273438,0.11307372152805328,-0.14888456463813782,-0.27020370960235596,0.9444776177406311,1,695144,5785
1786075325,182479807,1,-411.8284912109375,107.44596862792969,-675.1360473632812,,,,,,,,,,695145,5785
1786075325,182479807,,,,,5,-1495.2884521484375,1021.4010620117188,-775.471923828125,0.11303839832544327,-0.14885741472244263,-0.26960116624832153,0.9446582198143005,1,695145,5785
1786075325,191245829,1,-411.6761474609375,107.89817810058594,-675.4925537109375,,,,,,,,,,695146,5785
1786075325,191245829,,,,,5,-1495.2799072265625,1021.4420166015625,-775.5111694335938,0.11231276392936707,-0.14885510504245758,-0.26794886589050293,0.9452150464057922,1,695146,5785
1786075325,199287262,1,-411.8836669921875,107.1845932006836,-675.5135498046875,,,,,,,,,,695147,5785
1786075325,199287262,,,,,5,-1495.2967529296875,1021.3611450195312,-775.4776000976562,0.11295894533395767,-0.14883360266685486,-0.27000850439071655,0.9445551037788391,1,695147,5785
1786075325,207199220,1,-410.68682861328125,108.82894134521484,-675.312744140625,,,,,,,,,,695148,5785
1786075325,207199220,,,,,5,-1495.1807861328125,1021.36669921875,-775.4846801757812,0.11265609413385391,-0.1493603140115738,-0.2691477835178375,0.9447537660598755,1,695148,5785
1786075325,216198398,1,-411.78070068359375,107.49633026123047,-675.30908203125,,,,,,,,,,695149,5785
1786075325,216198398,,,,,5,-1495.3232421875,1021.4275512695312,-775.4677124023438,0.11290886253118515,-0.14899298548698425,-0.26975327730178833,0.9446089267730713,1,695149,5785
1786075325,224196277,1,-410.86541748046875,110.28189086914062,-674.8760375976562,,,,,,,,,,695150,5785
1786075325,224196277,,,,,5,-1495.2955322265625,1021.4089965820312,-775.46142578125,0.11294715851545334,-0.14869080483913422,-0.2696766257286072,0.9446736574172974,1,695150,5785
1786075325,233236993,1,-411.3193054199219,109.9786148071289,-675.10888671875,,,,,,,,,,695151,5785
1786075325,233236993,,,,,5,-1495.2879638671875,1021.4369506835938,-775.4835815429688,0.11311879009008408,-0.14878793060779572,-0.27016156911849976,0.9444994330406189,1,695151,5785
1786075325,241085909,1,-411.78851318359375,107.41171264648438,-675.2626953125,,,,,,,,,,695152,5785
1786075325,241085909,,,,,5,-1495.3236083984375,1021.3733520507812,-775.4407348632812,0.11279846727848053,-0.14883984625339508,-0.2698664963245392,0.9446138739585876,1,695152,5785
1786075325,249542421,1,-412.0760498046875,108.468994140625,-675.0810546875,,,,,,,,,,695153,5785
1786075325,249542421,,,,,5,-1495.320068359375,1021.3826293945312,-775.4296264648438,0.11292777210474014,-0.1488913595676422,-0.2705998420715332,0.944380521774292,1,695153,5785
1786075325,258226874,1,-411.83953857421875,107.48954772949219,-675.3668823242188,,,,,,,,,,695154,5785
1786075325,258226874,,,,,5,-1495.334716796875,1021.3893432617188,-775.4453125,0.11291331052780151,-0.1488705724477768,-0.26999446749687195,0.94455885887146,1,695154,5785
1786075325,266059374,1,-410.8369140625,108.60713195800781,-675.1893310546875,,,,,,,,,,695155,5785
1786075325,266059374,,,,,5,-1495.313720703125,1021.3884887695312,-775.4697265625,0.11294295638799667,-0.14874078333377838,-0.26969262957572937,0.9446619153022766,1,695155,5785
1786075325,273979620,1,-411.144775390625,110.69889831542969,-675.3798217773438,,,,,,,,,,695156,5785
1786075325,273979620,,,,,5,-1495.2855224609375,1021.3857421875,-775.4539184570312,0.11296280473470688,-0.14886046946048737,-0.2695878744125366,0.9446706175804138,1,695156,5785
1786075325,282942766,1,-410.8648376464844,108.43577575683594,-675.328857421875,,,,,,,,,,695157,5785
1786075325,282942766,,,,,5,-1495.3397216796875,1021.3839721679688,-775.43310546875,0.11295908689498901,-0.14887100458145142,-0.2703007757663727,0.9444655179977417,1,695157,5785
1786075325,290941829,1,-411.8104553222656,107.49175262451172,-675.3056030273438,,,,,,,,,,695158,5785
1786075325,290941829,,,,,5,-1495.3062744140625,1021.40625,-775.4801025390625,0.11288079619407654,-0.14905481040477753,-0.2697272300720215,0.9446099400520325,1,695158,5785
1786075325,298982301,1,-412.0469665527344,108.50502014160156,-674.9620971679688,,,,,,,,,,695159,5785
1786075325,298982301,,,,,5,-1495.3323974609375,1021.40087890625,-775.419921875,0.11277496814727783,-0.14889492094516754,-0.26997143030166626,0.9445780515670776,1,695159,5785
1786075325,307870438,1,-411.7301330566406,107.72809600830078,-675.4055786132812,,,,,,,,,,695160,5785
1786075325,307870438,,,,,5,-1495.318115234375,1021.388671875,-775.4143676757812,0.11290305107831955,-0.1485496312379837,-0.2706511616706848,0.9444225430488586,1,695160,5785
1786075325,315779420,1,-410.8604736328125,108.63379669189453,-675.1998291015625,,,,,,,,,,695161,5785
1786075325,315779420,,,,,5,-1495.298095703125,1021.4137573242188,-775.4490966796875,0.11316998302936554,-0.148659810423851,-0.27001410722732544,0.9445556402206421,1,695161,5785
1786075325,324815815,1,-412.0679016113281,108.5185775756836,-675.0640258789062,,,,,,,,,,695162,5785
1786075325,324815815,,,,,5,-1495.296142578125,1021.3992309570312,-775.46484375,0.11301275342702866,-0.14872589707374573,-0.26998668909072876,0.9445719718933105,1,695162,5785
1786075325,332701468,1,-410.90594482421875,108.63752746582031,-675.2769165039062,,,,,,,,,,695163,5785
1786075325,332701468,,,,,5,-1495.2938232421875,1021.3616333007812,-775.42333984375,0.11276134848594666,-0.14872880280017853,-0.2705462574958801,0.9444414377212524,1,695163,5785
1786075325,340688371,1,-412.1718444824219,107.57955932617188,-674.9525146484375,,,,,,,,,,695164,5785
1786075325,340688371,,,,,5,-1495.2918701171875,1021.416015625,-775.463623046875,0.11289836466312408,-0.1488312929868698,-0.26944881677627563,0.9447224736213684,1,695164,5785
1786075325,349806720,1,-410.89849853515625,110.07210540771484,-674.7718505859375,,,,,,,,,,695165,5785
1786075325,349806720,,,,,5,-1495.2857666015625,1021.3556518554688,-775.4656982421875,0.11291148513555527,-0.14873813092708588,-0.2696966528892517,0.9446648955345154,1,695165,5785
1786075325,357803575,1,-411.7734069824219,107.4749984741211,-675.2232666015625,,,,,,,,,,695166,5785
1786075325,357803575,,,,,5,-1495.3201904296875,1021.3673706054688,-775.4298706054688,0.11274904757738113,-0.14906048774719238,-0.27015960216522217,0.9445011615753174,1,695166,5785
1786075325,365746766,1,-411.0274963378906,108.55191040039062,-675.3558349609375,,,,,,,,,,695167,5785
1786075325,365746766,,,,,5,-1495.2874755859375,1021.35791015625,-775.42822265625,0.112761490046978,-0.14880317449569702,-0.2702823877334595,0.9445052146911621,1,695167,5785
1786075325,374757496,1,-410.8952331542969,110.02410888671875,-674.7606811523438,,,,,,,,,,695168,5785
1786075325,374757496,,,,,5,-1495.3035888671875,1021.4053955078125,-775.4263305664062,0.11299732327461243,-0.14881226420402527,-0.2702934145927429,0.9444723725318909,1,695168,5785
1786075325,382573772,1,-411.79290771484375,107.44560241699219,-675.2476196289062,,,,,,,,,,695169,5785
1786075325,382573772,,,,,5,-1495.3348388671875,1021.3903198242188,-775.3925170898438,0.1129053384065628,-0.14890703558921814,-0.27003705501556396,0.9445417523384094,1,695169,5785
1786075325,390583140,1,-411.7806091308594,107.50263214111328,-675.2893676757812,,,,,,,,,,695170,5785
1786075325,390583140,,,,,5,-1495.2796630859375,1021.380859375,-775.4635620117188,0.11298462748527527,-0.14878351986408234,-0.270104318857193,0.9445325136184692,1,695170,5785
1786075325,399575086,1,-412.0821533203125,108.44868469238281,-675.0729370117188,,,,,,,,,,695171,5785
1786075325,399575086,,,,,5,-1495.2906494140625,1021.4046020507812,-775.45361328125,0.11297772079706192,-0.14871633052825928,-0.26968029141426086,0.9446649551391602,1,695171,5785
1786075325,407681096,1,-411.88031005859375,107.40211486816406,-675.1822509765625,,,,,,,,,,695172,5785
1786075325,407681096,,,,,5,-1495.302978515625,1021.4298095703125,-775.4479370117188,0.11312050372362137,-0.14864405989646912,-0.2696588337421417,0.9446655511856079,1,695172,5785
1786075325,415883139,1,-411.70849609375,107.90835571289062,-674.97216796875,,,,,,,,,,695173,5785
1786075325,415883139,,,,,5,-1495.3140869140625,1021.43310546875,-775.458251953125,0.11303598433732986,-0.149090975522995,-0.26954057812690735,0.9446389079093933,1,695173,5785
1786075325,424628681,1,-412.0807189941406,108.38134765625,-675.01220703125,,,,,,,,,,695174,5785
1786075325,424628681,,,,,5,-1495.3094482421875,1021.3969116210938,-775.4029541015625,0.11304250359535217,-0.14875270426273346,-0.2702251672744751,0.9444958567619324,1,695174,5785
1786075325,432540415,1,-410.8677673339844,108.81669616699219,-675.08251953125,,,,,,,,,,695175,5785
1786075325,432540415,,,,,5,-1495.3001708984375,1021.3993530273438,-775.4732055664062,0.11288248002529144,-0.14888419210910797,-0.26971203088760376,0.9446409940719604,1,695175,5785
1786075325,441450567,1,-410.9124755859375,110.02757263183594,-674.735595703125,,,,,,,,,,695176,5785
1786075325,441450567,,,,,5,-1495.283447265625,1021.3978881835938,-775.4383544921875,0.11287800967693329,-0.14884136617183685,-0.2692604064941406,0.9447770714759827,1,695176,5785
1786075325,449541120,1,-410.80169677734375,108.67830657958984,-675.2073364257812,,,,,,,,,,695177,5785
1786075325,449541120,,,,,5,-1495.3314208984375,1021.3959350585938,-775.4197387695312,0.11311072111129761,-0.14886072278022766,-0.270278662443161,0.9444554448127747,1,695177,5785
1786075325,457399989,1,-411.6871337890625,107.8792724609375,-675.522705078125,,,,,,,,,,695178,5785
1786075325,457399989,,,,,5,-1495.2908935546875,1021.4343872070312,-775.4481811523438,0.1123787984251976,-0.14884936809539795,-0.26847943663597107,0.9450575113296509,1,695178,5785
1786075325,466420736,1,-411.77850341796875,107.48699188232422,-675.2804565429688,,,,,,,,,,695179,5785
1786075325,466420736,,,,,5,-1495.3336181640625,1021.3646850585938,-775.41064453125,0.11263014376163483,-0.1489272266626358,-0.27035942673683167,0.9444792866706848,1,695179,5785
1786075325,474371223,1,-411.7923583984375,107.54949188232422,-675.262451171875,,,,,,,,,,695180,5785
1786075325,474371223,,,,,5,-1495.2867431640625,1021.3829345703125,-775.4556274414062,0.11297239363193512,-0.14882685244083405,-0.2698138952255249,0.9446101188659668,1,695180,5785
1786075325,482669812,1,-411.8133544921875,107.5263900756836,-675.31298828125,,,,,,,,,,695181,5785
1786075325,482669812,,,,,5,-1495.3016357421875,1021.3756713867188,-775.457275390625,0.11282443255186081,-0.14884012937545776,-0.2699861228466034,0.9445765614509583,1,695181,5785
1786075325,491340440,1,-412.0762939453125,108.39685821533203,-675.0423583984375,,,,,,,,,,695182,5785
1786075325,491340440,,,,,5,-1495.336181640625,1021.3771362304688,-775.4561157226562,0.11270526796579361,-0.1491479128599167,-0.2701266407966614,0.9445021748542786,1,695182,5785
1786075325,499572628,1,-410.8777770996094,108.74028778076172,-675.202392578125,,,,,,,,,,695183,5785
1786075325,499572628,,,,,5,-1495.3013916015625,1021.412109375,-775.459228515625,0.11307093501091003,-0.1487308293581009,-0.2695440649986267,0.944690465927124,1,695183,5785
1786075325,507233861,1,-412.1151428222656,108.4718017578125,-675.0279541015625,,,,,,,,,,695184,5786
1786075325,507233861,,,,,5,-1495.3231201171875,1021.3272705078125,-775.4009399414062,0.11312416195869446,-0.14859116077423096,-0.27024489641189575,0.9445058107376099,1,695184,5786
1786075325,516218543,1,-411.73809814453125,107.59466552734375,-675.2196655273438,,,,,,,,,,695185,5786
1786075325,516218543,,,,,5,-1495.2796630859375,1021.3704223632812,-775.4539184570312,0.11288578808307648,-0.1487036496400833,-0.27029529213905334,0.9445022344589233,1,695185,5786
1786075325,524257159,1,-412.0677185058594,108.56221771240234,-675.1253662109375,,,,,,,,,,695186,5786
1786075325,524257159,,,,,5,-1495.298828125,1021.3570556640625,-775.4323120117188,0.11280900239944458,-0.14887063205242157,-0.2700722813606262,0.9445489645004272,1,695186,5786
1786075325,533228977,1,-410.7712707519531,110.69631958007812,-674.987548828125,,,,,,,,,,695187,5786
1786075325,533228977,,,,,5,-1495.2562255859375,1021.4488525390625,-775.5554809570312,0.11253885179758072,-0.1489243060350418,-0.26903408765792847,0.9448689222335815,1,695187,5786
1786075325,541169159,1,-410.77606201171875,108.67955780029297,-675.2258911132812,,,,,,,,,,695188,5786
1786075325,541169159,,,,,5,-1495.3128662109375,1021.3478393554688,-775.4517211914062,0.11267108470201492,-0.14889764785766602,-0.2699297070503235,0.944601833820343,1,695188,5786
1786075325,549355298,1,-411.8294677734375,107.51243591308594,-675.23974609375,,,,,,,,,,695189,5786
1786075325,549355298,,,,,5,-1495.3228759765625,1021.3787231445312,-775.4426879882812,0.11275781691074371,-0.14884455502033234,-0.26961952447891235,0.944688618183136,1,695189,5786
1786075325,558163241,1,-410.82415771484375,108.65121459960938,-675.2469482421875,,,,,,,,,,695190,5786
1786075325,558163241,,,,,5,-1495.2919921875,1021.3847045898438,-775.4635620117188,0.11300856620073318,-0.14865082502365112,-0.2700469493865967,0.9445669651031494,1,695190,5786
1786075325,566024894,1,-410.5753173828125,109.14349365234375,-675.4024658203125,,,,,,,,,,695191,5786
1786075325,566024894,,,,,5,-1495.3065185546875,1021.4586791992188,-775.4882202148438,0.11255031824111938,-0.1489802449941635,-0.2685336470603943,0.9450011253356934,1,695191,5786
1786075325,574258522,1,-410.9067687988281,110.05397033691406,-674.7576904296875,,,,,,,,,,695192,5786
1786075325,574258522,,,,,5,-1495.3062744140625,1021.3787231445312,-775.4368896484375,0.11297927796840668,-0.14880207180976868,-0.2703206539154053,0.9444683790206909,1,695192,5786
1786075325,582984575,1,-411.03375244140625,109.88191986083984,-674.845703125,,,,,,,,,,695193,5786
1786075325,582984575,,,,,5,-1495.2762451171875,1021.357421875,-775.4517822265625,0.11315803974866867,-0.14877742528915405,-0.2705601751804352,0.9443823099136353,1,695193,5786
1786075325,590960918,1,-411.7843322753906,107.55703735351562,-675.2784423828125,,,,,,,,,,695194,5786
1786075325,590960918,,,,,5,-1495.29296875,1021.4050903320312,-775.4595336914062,0.11294368654489517,-0.14875197410583496,-0.2695085406303406,0.9447125792503357,1,695194,5786
1786075325,598842060,1,-410.82904052734375,108.51776885986328,-675.3558349609375,,,,,,,,,,695195,5786
1786075325,598842060,,,,,5,-1495.2916259765625,1021.4046020507812,-775.4608764648438,0.11301122605800629,-0.1488337218761444,-0.26956629753112793,0.9446750283241272,1,695195,5786
1786075325,608387936,1,-411.7218933105469,107.52750396728516,-675.2596435546875,,,,,,,,,,695196,5786
1786075325,608387936,,,,,5,-1495.28955078125,1021.41064453125,-775.4861450195312,0.11292964220046997,-0.14880523085594177,-0.2693621814250946,0.9447476267814636,1,695196,5786
1786075325,615827021,1,-410.9402160644531,110.03223419189453,-674.7283935546875,,,,,,,,,,695197,5786
1786075325,615827021,,,,,5,-1495.2882080078125,1021.3866577148438,-775.4669799804688,0.11299838870763779,-0.1487133949995041,-0.2698172628879547,0.9446239471435547,1,695197,5786
1786075325,624170251,1,-411.7456359863281,107.52163696289062,-675.28173828125,,,,,,,,,,695198,5786
1786075325,624170251,,,,,5,-1495.300048828125,1021.3884887695312,-775.4657592773438,0.1129532903432846,-0.14884844422340393,-0.2695901095867157,0.9446728825569153,1,695198,5786
1786075325,632837295,1,-411.84857177734375,107.446044921875,-675.2562255859375,,,,,,,,,,695199,5786
1786075325,632837295,,,,,5,-1495.306640625,1021.3692626953125,-775.4508666992188,0.11285200715065002,-0.14882992208003998,-0.270089328289032,0.944545328617096,1,695199,5786
1786075325,640751301,1,-411.841796875,107.43489837646484,-675.1766357421875,,,,,,,,,,695200,5786
1786075325,640751301,,,,,5,-1495.3145751953125,1021.3746948242188,-775.4374389648438,0.11305113136768341,-0.14880743622779846,-0.2699805796146393,0.9445562362670898,1,695200,5786
1786075325,649695279,1,-410.7461853027344,108.03052520751953,-675.1644287109375,,,,,,,,,,695201,5786
1786075325,649695279,,,,,5,-1495.295166015625,1021.3526611328125,-775.4410400390625,0.11271613091230392,-0.14894358813762665,-0.27012717723846436,0.9445328712463379,1,695201,5786
1786075325,657806664,1,-410.81781005859375,108.68367004394531,-675.2122802734375,,,,,,,,,,695202,5786
1786075325,657806664,,,,,5,-1495.2933349609375,1021.4430541992188,-775.4425659179688,0.1130743995308876,-0.14889691770076752,-0.2696175277233124,0.9446430802345276,1,695202,5786
1786075325,666570606,1,-411.75726318359375,107.65052795410156,-675.3402099609375,,,,,,,,,,695203,5786
1786075325,666570606,,,,,5,-1495.324462890625,1021.3609619140625,-775.4474487304688,0.11273333430290222,-0.14897581934928894,-0.26993483304977417,0.9445806741714478,1,695203,5786
1786075325,674976525,1,-412.116943359375,108.4529800415039,-675.0711669921875,,,,,,,,,,695204,5786
1786075325,674976525,,,,,5,-1495.2701416015625,1021.4010009765625,-775.4581298828125,0.11308944225311279,-0.14868465065956116,-0.26973891258239746,0.9446401000022888,1,695204,5786
1786075325,682718720,1,-410.90789794921875,108.59486389160156,-675.2057495117188,,,,,,,,,,695205,5786
1786075325,682718720,,,,,5,-1495.255859375,1021.4213256835938,-775.4850463867188,0.11302510648965836,-0.14894717931747437,-0.270423024892807,0.9444106817245483,1,695205,5786
1786075325,690759704,1,-411.2666015625,109.98783111572266,-675.0346069335938,,,,,,,,,,695206,5786
1786075325,690759704,,,,,5,-1495.2681884765625,1021.4125366210938,-775.4432983398438,0.11294487863779068,-0.14878462255001068,-0.2694825530052185,0.9447146058082581,1,695206,5786
1786075325,699927750,1,-411.7856140136719,107.4686508178711,-675.227783203125,,,,,,,,,,695207,5786
1786075325,699927750,,,,,5,-1495.3211669921875,1021.42529296875,-775.4395751953125,0.11310489475727081,-0.14895077049732208,-0.27019667625427246,0.9444653391838074,1,695207,5786
1786075325,707697593,1,-410.9325256347656,109.98299407958984,-674.802001953125,,,,,,,,,,695208,5786
1786075325,707697593,,,,,5,-1495.3216552734375,1021.3853759765625,-775.4259643554688,0.11289767920970917,-0.14893727004528046,-0.2698339819908142,0.9445958733558655,1,695208,5786
1786075325,715798578,1,-410.8538818359375,108.688232421875,-675.2105712890625,,,,,,,,,,695209,5786
1786075325,715798578,,,,,5,-1495.3402099609375,1021.36083984375,-775.4515991210938,0.11266251653432846,-0.14895860850811005,-0.2703555226325989,0.9444714784622192,1,695209,5786
1786075325,724649114,1,-412.0770263671875,108.37348175048828,-675.011962890625,,,,,,,,,,695210,5786
1786075325,724649114,,,,,5,-1495.27294921875,1021.392578125,-775.4640502929688,0.11306757479906082,-0.14874255657196045,-0.269838809967041,0.9446049332618713,1,695210,5786
1786075325,732578384,1,-411.75579833984375,107.41107177734375,-675.241943359375,,,,,,,,,,695211,5786
1786075325,732578384,,,,,5,-1495.308837890625,1021.4117431640625,-775.4833374023438,0.11297976970672607,-0.14890550076961517,-0.26981237530708313,0.9445973634719849,1,695211,5786
1786075325,740707914,1,-410.9124450683594,110.0929183959961,-674.7536010742188,,,,,,,,,,695212,5786
1786075325,740707914,,,,,5,-1495.2972412109375,1021.4068603515625,-775.4583129882812,0.11324509978294373,-0.14866390824317932,-0.2702769339084625,0.9444707036018372,1,695212,5786
1786075325,749752213,1,-411.7518310546875,107.53262329101562,-675.2205200195312,,,,,,,,,,695213,5786
1786075325,749752213,,,,,5,-1495.3184814453125,1021.3607788085938,-775.4536743164062,0.11300365626811981,-0.14863793551921844,-0.2704322338104248,0.9444593787193298,1,695213,5786
1786075325,757530280,1,-410.86090087890625,108.73040008544922,-675.220947265625,,,,,,,,,,695214,5786
1786075325,757530280,,,,,5,-1495.2747802734375,1021.3912963867188,-775.4801635742188,0.11327097564935684,-0.14852114021778107,-0.269763320684433,0.944636881351471,1,695214,5786
1786075325,766455153,1,-410.8304138183594,108.4987564086914,-675.3141479492188,,,,,,,,,,695215,5786
1786075325,766455153,,,,,5,-1495.2977294921875,1021.3946533203125,-775.4599609375,0.11289813369512558,-0.14871817827224731,-0.26947346329689026,0.9447334408760071,1,695215,5786
1786075325,774454857,1,-410.80267333984375,108.67955017089844,-675.2344360351562,,,,,,,,,,695216,5786
1786075325,774454857,,,,,5,-1495.2860107421875,1021.4309692382812,-775.4953002929688,0.1131650060415268,-0.14883896708488464,-0.2704128324985504,0.9444139003753662,1,695216,5786
1786075325,782520066,1,-411.0005798339844,108.58440399169922,-675.3023681640625,,,,,,,,,,695217,5786
1786075325,782520066,,,,,5,-1495.298095703125,1021.4024658203125,-775.4796752929688,0.11296269297599792,-0.14879223704338074,-0.2695581018924713,0.9446898102760315,1,695217,5786
1786075325,791498508,1,-412.2889099121094,107.34334564208984,-675.162841796875,,,,,,,,,,695218,5786
1786075325,791498508,,,,,5,-1495.30126953125,1021.3796997070312,-775.4255981445312,0.11295401304960251,-0.14879778027534485,-0.27020809054374695,0.9445042014122009,1,695218,5786
1786075325,799408065,1,-411.7631530761719,107.62168884277344,-675.2348022460938,,,,,,,,,,695219,5786
1786075325,799408065,,,,,5,-1495.2935791015625,1021.3868408203125,-775.4190673828125,0.11283417046070099,-0.14873674511909485,-0.2699829638004303,0.9445925354957581,1,695219,5786
1786075325,807565436,1,-411.7848205566406,107.49333190917969,-675.2900390625,,,,,,,,,,695220,5786
1786075325,807565436,,,,,5,-1495.339111328125,1021.3800659179688,-775.4078979492188,0.11283278465270996,-0.14910952746868134,-0.2704792022705078,0.9443920254707336,1,695220,5786
1786075325,816298753,1,-410.8240661621094,108.62981414794922,-675.1842651367188,,,,,,,,,,695221,5786
1786075325,816298753,,,,,5,-1495.31787109375,1021.4176025390625,-775.4888916015625,0.11300738155841827,-0.1490136981010437,-0.26967018842697144,0.9446175694465637,1,695221,5786
1786075325,824808674,1,-412.0901794433594,108.61677551269531,-675.06689453125,,,,,,,,,,695222,5786
1786075325,824808674,,,,,5,-1495.333984375,1021.3994140625,-775.4442749023438,0.1129855364561081,-0.14889279007911682,-0.27038300037384033,0.9444354176521301,1,695222,5786
1786075325,832289968,1,-410.80023193359375,108.67948150634766,-675.180908203125,,,,,,,,,,695223,5786
1786075325,832289968,,,,,5,-1495.2977294921875,1021.4161376953125,-775.4696655273438,0.11310698091983795,-0.14879566431045532,-0.2700195610523224,0.9445401430130005,1,695223,5786
1786075325,841408093,1,-410.902587890625,108.58976745605469,-675.2509765625,,,,,,,,,,695224,5786
1786075325,841408093,,,,,5,-1495.2904052734375,1021.4125366210938,-775.4712524414062,0.11309058964252472,-0.1487259864807129,-0.2698487341403961,0.9446020126342773,1,695224,5786
1786075325,849203920,1,-411.0043640136719,109.92158508300781,-674.8458251953125,,,,,,,,,,695225,5786
1786075325,849203920,,,,,5,-1495.2635498046875,1021.4086303710938,-775.4598999023438,0.11306142807006836,-0.148711696267128,-0.26983922719955444,0.9446103572845459,1,695225,5786
1786075325,858506272,1,-411.7351989746094,107.57112121582031,-675.1859130859375,,,,,,,,,,695226,5786
1786075325,858506272,,,,,5,-1495.3104248046875,1021.42626953125,-775.481689453125,0.11295726895332336,-0.14898598194122314,-0.26992809772491455,0.9445542097091675,1,695226,5786
1786075325,866209554,1,-410.985107421875,109.89573669433594,-674.7764892578125,,,,,,,,,,695227,5786
1786075325,866209554,,,,,5,-1495.2747802734375,1021.4374389648438,-775.4797973632812,0.11294908821582794,-0.14878277480602264,-0.270133376121521,0.9445286989212036,1,695227,5786
1786075325,874213194,1,-412.0733337402344,108.41581726074219,-675.1002807617188,,,,,,,,,,695228,5786
1786075325,874213194,,,,,5,-1495.3304443359375,1021.3663330078125,-775.4494018554688,0.11276520788669586,-0.14896301925182343,-0.26950567960739136,0.9447014331817627,1,695228,5786
1786075325,883099282,1,-411.8287048339844,107.402587890625,-675.2280883789062,,,,,,,,,,695229,5786
1786075325,883099282,,,,,5,-1495.314453125,1021.4190673828125,-775.469482421875,0.11300734430551529,-0.14871734380722046,-0.2695634961128235,0.9446946382522583,1,695229,5786
1786075325,891141610,1,-412.79571533203125,107.00369262695312,-674.725341796875,,,,,,,,,,695230,5786
1786075325,891141610,,,,,5,-1495.2918701171875,1021.4072265625,-775.4489135742188,0.11310918629169464,-0.1488514095544815,-0.2697513997554779,0.9446078538894653,1,695230,5786
1786075325,899209379,1,-410.8023376464844,108.65786743164062,-675.2578125,,,,,,,,,,695231,5786
1786075325,899209379,,,,,5,-1495.3123779296875,1021.3937377929688,-775.4342651367188,0.11289000511169434,-0.1487799435853958,-0.26972830295562744,0.9446518421173096,1,695231,5786
1786075325,908160525,1,-410.6451416015625,109.16092681884766,-675.5625610351562,,,,,,,,,,695232,5786
1786075325,908160525,,,,,5,-1495.2894287109375,1021.3919067382812,-775.4781494140625,0.11225660890340805,-0.1491050273180008,-0.26911306381225586,0.9448514580726624,1,695232,5786
1786075325,916107875,1,-412.0960693359375,108.41622924804688,-675.0216674804688,,,,,,,,,,695233,5786
1786075325,916107875,,,,,5,-1495.2911376953125,1021.3767700195312,-775.4591674804688,0.11287501454353333,-0.1487770974636078,-0.2699944078922272,0.9445780515670776,1,695233,5786
1786075325,924668517,1,-412.1070861816406,108.45512390136719,-674.9717407226562,,,,,,,,,,695234,5786
1786075325,924668517,,,,,5,-1495.3369140625,1021.3880004882812,-775.450927734375,0.11302319914102554,-0.14870482683181763,-0.2702638804912567,0.9444946050643921,1,695234,5786
1786075325,932875233,1,-412.7279968261719,108.08455657958984,-675.325439453125,,,,,,,,,,695235,5786
1786075325,932875233,,,,,5,-1495.305908203125,1021.4171142578125,-775.4702758789062,0.11304076015949249,-0.14872482419013977,-0.2697823941707611,0.9446271061897278,1,695235,5786
1786075325,940972698,1,-410.9051513671875,108.61038208007812,-675.2581787109375,,,,,,,,,,695236,5786
1786075325,940972698,,,,,5,-1495.288330078125,1021.4078979492188,-775.4552001953125,0.11296408623456955,-0.1488114297389984,-0.269853800535202,0.9446022510528564,1,695236,5786
1786075325,949006770,1,-411.7859191894531,107.51466369628906,-675.3017578125,,,,,,,,,,695237,5786
1786075325,949006770,,,,,5,-1495.33349609375,1021.4024658203125,-775.4284057617188,0.11304177343845367,-0.14892737567424774,-0.2703416645526886,0.9444351196289062,1,695237,5786
1786075325,958741931,1,-410.8235168457031,108.63128662109375,-675.2767333984375,,,,,,,,,,695238,5786
1786075325,958741931,,,,,5,-1495.3114013671875,1021.4039306640625,-775.4826049804688,0.11309967190027237,-0.14861705899238586,-0.27013206481933594,0.9445369839668274,1,695238,5786
1786075325,965987188,1,-410.8940124511719,108.52641296386719,-675.333740234375,,,,,,,,,,695239,5786
1786075325,965987188,,,,,5,-1495.2918701171875,1021.3723754882812,-775.4283447265625,0.11290290206670761,-0.14880655705928802,-0.27002885937690735,0.944560170173645,1,695239,5786
1786075325,973826728,1,-410.874755859375,108.55859375,-675.2219848632812,,,,,,,,,,695240,5786
1786075325,973826728,,,,,5,-1495.2879638671875,1021.40283203125,-775.4608154296875,0.11298056691884995,-0.1487688571214676,-0.26951539516448975,0.9447035193443298,1,695240,5786
1786075325,982812914,1,-410.8167724609375,110.3707046508789,-674.4697265625,,,,,,,,,,695241,5786
1786075325,982812914,,,,,5,-1495.2860107421875,1021.3733520507812,-775.4596557617188,0.11307152360677719,-0.1486855447292328,-0.2705121636390686,0.9444208741188049,1,695241,5786
1786075325,991014798,1,-411.81561279296875,107.43988800048828,-675.2496337890625,,,,,,,,,,695242,5786
1786075325,991014798,,,,,5,-1495.3011474609375,1021.3606567382812,-775.4405517578125,0.11263195425271988,-0.14884985983371735,-0.27016642689704895,0.9445464611053467,1,695242,5786
1786075325,999706258,1,-412.7688903808594,107.94918823242188,-674.7882080078125,,,,,,,,,,695243,5786
1786075325,999706258,,,,,5,-1495.3358154296875,1021.4130859375,-775.4405517578125,0.11303240060806274,-0.1489667445421219,-0.27030253410339355,0.9444411993026733,1,695243,5786
1786075326,7743690,1,-411.7983703613281,107.50843811035156,-675.2767333984375,,,,,,,,,,695244,5786
1786075326,7743690,,,,,5,-1495.2994384765625,1021.4037475585938,-775.4442749023438,0.11303269118070602,-0.1487075239419937,-0.2702178359031677,0.9445062875747681,1,695244,5786
1786075326,15685825,1,-410.8241882324219,108.58435821533203,-675.2744750976562,,,,,,,,,,695245,5786
1786075326,15685825,,,,,5,-1495.31640625,1021.3815307617188,-775.4359741210938,0.11290723085403442,-0.14880947768688202,-0.27004799246788025,0.9445539116859436,1,695245,5786
1786075326,24701035,1,-411.77935791015625,107.8265380859375,-675.2158813476562,,,,,,,,,,695246,5786
1786075326,24701035,,,,,5,-1495.265625,1021.3922119140625,-775.447998046875,0.11317957937717438,-0.14872917532920837,-0.2704169452190399,0.9444282650947571,1,695246,5786
1786075326,32596160,1,-410.8153381347656,108.84651947021484,-675.1641845703125,,,,,,,,,,695247,5786
1786075326,32596160,,,,,5,-1495.33203125,1021.3914184570312,-775.4589233398438,0.11267003417015076,-0.14913292229175568,-0.26993295550346375,0.9445639848709106,1,695247,5786
1786075326,40588024,1,-410.8094482421875,108.68370056152344,-675.2338256835938,,,,,,,,,,695248,5786
1786075326,40588024,,,,,5,-1495.2955322265625,1021.4066772460938,-775.4584350585938,0.11296163499355316,-0.14882716536521912,-0.2691984176635742,0.9447869658470154,1,695248,5786
1786075326,49559233,1,-411.8326110839844,107.47708129882812,-675.219482421875,,,,,,,,,,695249,5786
1786075326,49559233,,,,,5,-1495.2830810546875,1021.3773803710938,-775.4793701171875,0.11303689330816269,-0.14890620112419128,-0.2697344720363617,0.9446126818656921,1,695249,5786
1786075326,57556985,1,-411.81121826171875,107.5257797241211,-675.25244140625,,,,,,,,,,695250,5786
1786075326,57556985,,,,,5,-1495.2996826171875,1021.4047241210938,-775.43212890625,0.11301687359809875,-0.14867787063121796,-0.27051979303359985,0.9444263577461243,1,695250,5786
1786075326,65645906,1,-411.72845458984375,107.62638092041016,-675.2999877929688,,,,,,,,,,695251,5786
1786075326,65645906,,,,,5,-1495.2850341796875,1021.3976440429688,-775.4988403320312,0.1132403314113617,-0.1488312929868698,-0.2699665129184723,0.94453364610672,1,695251,5786
1786075326,74627195,1,-410.99688720703125,109.94569396972656,-674.7166137695312,,,,,,,,,,695252,5786
1786075326,74627195,,,,,5,-1495.301513671875,1021.3634033203125,-775.4515991210938,0.11268623173236847,-0.1488848775625229,-0.2698555588722229,0.9446232914924622,1,695252,5786
1786075326,82460752,1,-410.7612609863281,108.68360137939453,-675.2547607421875,,,,,,,,,,695253,5786
1786075326,82460752,,,,,5,-1495.3096923828125,1021.4254150390625,-775.4821166992188,0.11296910047531128,-0.1489735096693039,-0.26959267258644104,0.9446505308151245,1,695253,5786
1786075326,91519483,1,-410.9707336425781,109.9897689819336,-674.7686157226562,,,,,,,,,,695254,5786
1786075326,91519483,,,,,5,-1495.28857421875,1021.3843994140625,-775.4878540039062,0.11285348981618881,-0.14907555282115936,-0.2701786458492279,0.9444808959960938,1,695254,5786
1786075326,99390064,1,-410.8580017089844,108.68791198730469,-675.222900390625,,,,,,,,,,695255,5786
1786075326,99390064,,,,,5,-1495.2484130859375,1021.3654174804688,-775.4375,0.11346454173326492,-0.14839200675487518,-0.2702835500240326,0.9444853067398071,1,695255,5786
1786075326,107060449,1,-410.91314697265625,110.17704010009766,-674.837646484375,,,,,,,,,,695256,5786
1786075326,107060449,,,,,5,-1495.2855224609375,1021.40380859375,-775.4844970703125,0.11285211890935898,-0.14913003146648407,-0.269564151763916,0.9446480870246887,1,695256,5786
1786075326,116690839,1,-411.749267578125,107.49933624267578,-675.2416381835938,,,,,,,,,,695257,5786
1786075326,116690839,,,,,5,-1495.3045654296875,1021.40087890625,-775.4646606445312,0.11313684284687042,-0.14882192015647888,-0.2698758840560913,0.9445735216140747,1,695257,5786
1786075326,124893330,1,-411.70892333984375,107.65773010253906,-675.2922973632812,,,,,,,,,,695258,5786
1786075326,124893330,,,,,5,-1495.2607421875,1021.3798828125,-775.4826049804688,0.11321542412042618,-0.14863145351409912,-0.2700173556804657,0.944553792476654,1,695258,5786
1786075326,132421921,1,-410.6663513183594,108.93231201171875,-675.2488403320312,,,,,,,,,,695259,5786
1786075326,132421921,,,,,5,-1495.3194580078125,1021.4109497070312,-775.4837646484375,0.1132591962814331,-0.14892399311065674,-0.270401269197464,0.9443925619125366,1,695259,5786
1786075326,141761553,1,-411.8062438964844,107.42084503173828,-675.2669677734375,,,,,,,,,,695260,5786
1786075326,141761553,,,,,5,-1495.293212890625,1021.3974609375,-775.4832153320312,0.11294253170490265,-0.14888224005699158,-0.2696458399295807,0.9446530342102051,1,695260,5786
1786075326,149434818,1,-410.9742431640625,110.0188980102539,-674.7658081054688,,,,,,,,,,695261,5786
1786075326,149434818,,,,,5,-1495.2972412109375,1021.3866577148438,-775.4837646484375,0.11282322555780411,-0.14900356531143188,-0.269654244184494,0.9446457624435425,1,695261,5786
1786075326,157693087,1,-410.9671630859375,109.9508056640625,-674.6786499023438,,,,,,,,,,695262,5786
1786075326,157693087,,,,,5,-1495.304931640625,1021.408203125,-775.4799194335938,0.113002248108387,-0.14878617227077484,-0.26944541931152344,0.9447181224822998,1,695262,5786
1786075326,166358050,1,-410.7801513671875,108.65960693359375,-675.2308959960938,,,,,,,,,,695263,5786
1786075326,166358050,,,,,5,-1495.2779541015625,1021.3619384765625,-775.4867553710938,0.11310592293739319,-0.14872051775455475,-0.2700050175189972,0.9445563554763794,1,695263,5786
1786075326,174792034,1,-410.906005859375,110.00807189941406,-674.7662353515625,,,,,,,,,,695264,5786
1786075326,174792034,,,,,5,-1495.2998046875,1021.4025268554688,-775.4638061523438,0.11300690472126007,-0.1487627476453781,-0.26960036158561707,0.9446771144866943,1,695264,5786
1786075326,182321328,1,-412.030029296875,108.52288055419922,-675.0017700195312,,,,,,,,,,695265,5786
1786075326,182321328,,,,,5,-1495.3021240234375,1021.3853759765625,-775.4806518554688,0.11280681937932968,-0.14884212613105774,-0.2697657346725464,0.9446412324905396,1,695265,5786
1786075326,191333787,1,-410.9622802734375,109.90220642089844,-674.7890014648438,,,,,,,,,,695266,5786
1786075326,191333787,,,,,5,-1495.2698974609375,1021.4037475585938,-775.4761962890625,0.11304175108671188,-0.1487351804971695,-0.26985421776771545,0.944604754447937,1,695266,5786
1786075326,199137870,1,-411.79644775390625,107.51229858398438,-675.2579956054688,,,,,,,,,,695267,5786
1786075326,199137870,,,,,5,-1495.2655029296875,1021.3740234375,-775.4672241210938,0.11305522173643112,-0.14878444373607635,-0.27048230171203613,0.9444156885147095,1,695267,5786
1786075326,208117976,1,-411.8006896972656,107.43340301513672,-675.2469482421875,,,,,,,,,,695268,5786
1786075326,208117976,,,,,5,-1495.297607421875,1021.3713989257812,-775.4745483398438,0.11283928155899048,-0.1488034725189209,-0.26993849873542786,0.9445942044258118,1,695268,5786
1786075326,216001773,1,-410.8475646972656,108.63822937011719,-675.1820068359375,,,,,,,,,,695269,5786
1786075326,216001773,,,,,5,-1495.2919921875,1021.4586181640625,-775.509765625,0.1129254400730133,-0.14884871244430542,-0.26958149671554565,0.9446787238121033,1,695269,5786
1786075326,224010309,1,-411.2761535644531,110.0091323852539,-675.0064086914062,,,,,,,,,,695270,5786
1786075326,224010309,,,,,5,-1495.313720703125,1021.3778686523438,-775.4223022460938,0.11306101083755493,-0.14878132939338684,-0.2704750895500183,0.9444177150726318,1,695270,5786
1786075326,232980367,1,-412.1580505371094,108.382080078125,-675.3264770507812,,,,,,,,,,695271,5786
1786075326,232980367,,,,,5,-1495.3165283203125,1021.3624877929688,-775.438232421875,0.11282679438591003,-0.14873871207237244,-0.27053576707839966,0.9444350004196167,1,695271,5786
1786075326,241455247,1,-410.7391662597656,108.89476013183594,-675.35205078125,,,,,,,,,,695272,5786
1786075326,241455247,,,,,5,-1495.3155517578125,1021.39013671875,-775.4454956054688,0.11291355639696121,-0.14874573051929474,-0.27007558941841125,0.9445551037788391,1,695272,5786
1786075326,248986973,1,-410.86083984375,108.66171264648438,-675.260009765625,,,,,,,,,,695273,5786
1786075326,248986973,,,,,5,-1495.3060302734375,1021.4156494140625,-775.462646484375,0.11307132989168167,-0.14892195165157318,-0.26988857984542847,0.9445620179176331,1,695273,5786
1786075326,257957735,1,-412.3975524902344,106.97616577148438,-674.9351806640625,,,,,,,,,,695274,5786
1786075326,257957735,,,,,5,-1495.3037109375,1021.3762817382812,-775.4102783203125,0.1128767728805542,-0.14880183339118958,-0.26976799964904785,0.9446386098861694,1,695274,5786
1786075326,265893341,1,-410.8698425292969,108.6303482055664,-675.2052001953125,,,,,,,,,,695275,5786
1786075326,265893341,,,,,5,-1495.287353515625,1021.4057006835938,-775.461669921875,0.11304498463869095,-0.14877960085868835,-0.26962149143218994,0.944663941860199,1,695275,5786
1786075326,274126425,1,-411.8056945800781,107.51693725585938,-675.3065185546875,,,,,,,,,,695276,5786
1786075326,274126425,,,,,5,-1495.2896728515625,1021.4186401367188,-775.4497680664062,0.11308514326810837,-0.14872229099273682,-0.26998957991600037,0.9445629715919495,1,695276,5786
1786075326,282852702,1,-410.8879699707031,108.55613708496094,-675.1983032226562,,,,,,,,,,695277,5786
1786075326,282852702,,,,,5,-1495.2821044921875,1021.388671875,-775.4445190429688,0.11302877217531204,-0.14884158968925476,-0.27009347081184387,0.9445213079452515,1,695277,5786
1786075326,290806324,1,-410.83251953125,108.6571273803711,-675.2686767578125,,,,,,,,,,695278,5786
1786075326,290806324,,,,,5,-1495.3240966796875,1021.4111328125,-775.4651489257812,0.11300637573003769,-0.1489318609237671,-0.2696498930454254,0.9446364045143127,1,695278,5786
1786075326,299800062,1,-412.00634765625,108.6231460571289,-675.040283203125,,,,,,,,,,695279,5786
1786075326,299800062,,,,,5,-1495.3345947265625,1021.3992309570312,-775.4559936523438,0.1128760352730751,-0.1491202861070633,-0.26964059472084045,0.9446249008178711,1,695279,5786
1786075326,307885527,1,-411.8118591308594,107.45484161376953,-675.2296752929688,,,,,,,,,,695280,5786
1786075326,307885527,,,,,5,-1495.3050537109375,1021.3529663085938,-775.4592895507812,0.11267174035310745,-0.14894503355026245,-0.2699946165084839,0.9445757865905762,1,695280,5786
1786075326,315770860,1,-411.7953796386719,107.41869354248047,-675.25732421875,,,,,,,,,,695281,5786
1786075326,315770860,,,,,5,-1495.299072265625,1021.3798217773438,-775.4752807617188,0.11274106800556183,-0.14889121055603027,-0.26958104968070984,0.9446941614151001,1,695281,5786
1786075326,324703445,1,-410.8567810058594,108.69766998291016,-675.3209228515625,,,,,,,,,,695282,5786
1786075326,324703445,,,,,5,-1495.2747802734375,1021.4236450195312,-775.4988403320312,0.11298590898513794,-0.14892107248306274,-0.27020809054374695,0.9444808959960938,1,695282,5786
1786075326,332692461,1,-411.7755126953125,107.4435806274414,-675.2944946289062,,,,,,,,,,695283,5786
1786075326,332692461,,,,,5,-1495.2684326171875,1021.4025268554688,-775.4464721679688,0.11320123076438904,-0.1488960236310959,-0.2706255316734314,0.9443395733833313,1,695283,5786
1786075326,340690372,1,-410.87567138671875,108.66500091552734,-675.2567749023438,,,,,,,,,,695284,5786
1786075326,340690372,,,,,5,-1495.26513671875,1021.4330444335938,-775.4778442382812,0.11303038895130157,-0.14873042702674866,-0.2701650559902191,0.9445180892944336,1,695284,5786
1786075326,349744079,1,-411.7934265136719,107.70110321044922,-675.1719360351562,,,,,,,,,,695285,5786
1786075326,349744079,,,,,5,-1495.3011474609375,1021.4057006835938,-775.4470825195312,0.11310609430074692,-0.1486978679895401,-0.26976433396339417,0.9446285963058472,1,695285,5786
1786075326,357698693,1,-412.0618591308594,108.4288101196289,-675.0272827148438,,,,,,,,,,695286,5786
1786075326,357698693,,,,,5,-1495.3118896484375,1021.3644409179688,-775.4335327148438,0.11275452375411987,-0.14884519577026367,-0.27019551396369934,0.9445241689682007,1,695286,5786
1786075326,365679228,1,-411.02197265625,108.60725402832031,-675.3553466796875,,,,,,,,,,695287,5786
1786075326,365679228,,,,,5,-1495.2979736328125,1021.3400268554688,-775.4288940429688,0.11281721293926239,-0.14885471761226654,-0.27041757106781006,0.9444516897201538,1,695287,5786
1786075326,374761864,1,-410.718017578125,109.02701568603516,-675.3076782226562,,,,,,,,,,695288,5786
1786075326,374761864,,,,,5,-1495.302001953125,1021.3744506835938,-775.4395141601562,0.1128535121679306,-0.1488097906112671,-0.2697451710700989,0.9446468353271484,1,695288,5786
1786075326,382627645,1,-410.8941650390625,108.58757781982422,-675.212646484375,,,,,,,,,,695289,5786
1786075326,382627645,,,,,5,-1495.2734375,1021.4049682617188,-775.4530639648438,0.11304005235433578,-0.14873535931110382,-0.26952365040779114,0.9446992874145508,1,695289,5786
1786075326,391260288,1,-412.0539855957031,108.44581604003906,-675.0364990234375,,,,,,,,,,695290,5786
1786075326,391260288,,,,,5,-1495.302001953125,1021.3692626953125,-775.4337158203125,0.11267131567001343,-0.14903807640075684,-0.27018994092941284,0.9445053935050964,1,695290,5786
1786075326,399646879,1,-411.7972412109375,107.46310424804688,-675.19384765625,,,,,,,,,,695291,5786
1786075326,399646879,,,,,5,-1495.279052734375,1021.3854370117188,-775.4490356445312,0.11289082467556,-0.14890854060649872,-0.2698794901371002,0.944588303565979,1,695291,5786
1786075326,407548564,1,-411.1631164550781,110.7289810180664,-675.3470458984375,,,,,,,,,,695292,5786
1786075326,407548564,,,,,5,-1495.3084716796875,1021.3937377929688,-775.4237670898438,0.11285749077796936,-0.14891980588436127,-0.26933443546295166,0.9447460174560547,1,695292,5786
1786075326,415620717,1,-410.92767333984375,109.95089721679688,-674.7839965820312,,,,,,,,,,695293,5786
1786075326,415620717,,,,,5,-1495.2950439453125,1021.39208984375,-775.4706420898438,0.11294853687286377,-0.14897853136062622,-0.2695106565952301,0.9446756839752197,1,695293,5786
1786075326,424885148,1,-411.8634948730469,107.65605926513672,-675.1382446289062,,,,,,,,,,695294,5786
1786075326,424885148,,,,,5,-1495.2894287109375,1021.3656616210938,-775.4813842773438,0.11305540055036545,-0.1489572674036026,-0.2703341245651245,0.944430947303772,1,695294,5786
1786075326,432596110,1,-412.11773681640625,108.32884216308594,-675.0673828125,,,,,,,,,,695295,5786
1786075326,432596110,,,,,5,-1495.3275146484375,1021.3820190429688,-775.46435546875,0.11301496624946594,-0.14899910986423492,-0.27058884501457214,0.9443562030792236,1,695295,5786
1786075326,441603352,1,-412.10504150390625,108.37030792236328,-674.9646606445312,,,,,,,,,,695296,5786
1786075326,441603352,,,,,5,-1495.3116455078125,1021.3875122070312,-775.4337158203125,0.11298710852861404,-0.14890049397945404,-0.26999431848526,0.9445452690124512,1,695296,5786
1786075326,449527310,1,-410.8000793457031,108.86955261230469,-675.1535034179688,,,,,,,,,,695297,5786
1786075326,449527310,,,,,5,-1495.2864990234375,1021.3378295898438,-775.4697265625,0.11289925128221512,-0.1488521546125412,-0.26985445618629456,0.9446033239364624,1,695297,5786
1786075326,457483301,1,-410.8406066894531,108.5841293334961,-675.2243041992188,,,,,,,,,,695298,5786
1786075326,457483301,,,,,5,-1495.2718505859375,1021.39404296875,-775.4932250976562,0.11326240003108978,-0.14873521029949188,-0.2696784436702728,0.9446285963058472,1,695298,5786
1786075326,466318636,1,-412.020263671875,108.51138305664062,-674.9365234375,,,,,,,,,,695299,5786
1786075326,466318636,,,,,5,-1495.270751953125,1021.4132080078125,-775.5077514648438,0.11306189745664597,-0.14881867170333862,-0.2707604467868805,0.9443297982215881,1,695299,5786
1786075326,474395845,1,-411.8287658691406,107.46726989746094,-675.2496948242188,,,,,,,,,,695300,5786
1786075326,474395845,,,,,5,-1495.31884765625,1021.3762817382812,-775.40283203125,0.11286158114671707,-0.14881384372711182,-0.27017855644226074,0.9445213079452515,1,695300,5786
1786075326,482359675,1,-412.0059509277344,108.4542465209961,-675.0425415039062,,,,,,,,,,695301,5786
1786075326,482359675,,,,,5,-1495.301513671875,1021.4060668945312,-775.4646606445312,0.11304432898759842,-0.1487760841846466,-0.2698068618774414,0.9446116089820862,1,695301,5786
1786075326,491332901,1,-411.7232971191406,106.8598861694336,-675.1373901367188,,,,,,,,,,695302,5786
1786075326,491332901,,,,,5,-1495.3004150390625,1021.3483276367188,-775.4619750976562,0.11273211985826492,-0.14879564940929413,-0.2705692946910858,0.9444277286529541,1,695302,5786
1786075326,499330172,1,-411.76708984375,107.508544921875,-675.2095336914062,,,,,,,,,,695303,5786
1786075326,499330172,,,,,5,-1495.2978515625,1021.38134765625,-775.435546875,0.112940214574337,-0.14872126281261444,-0.27036499977111816,0.9444730877876282,1,695303,5786
1786075326,507355796,1,-410.79010009765625,110.2736587524414,-674.8591918945312,,,,,,,,,,695304,5787
1786075326,507355796,,,,,5,-1495.302734375,1021.40087890625,-775.4473266601562,0.11287058889865875,-0.14902736246585846,-0.2699037790298462,0.9445650577545166,1,695304,5787
1786075326,516257468,1,-410.7730712890625,108.69921875,-675.160888671875,,,,,,,,,,695305,5787
1786075326,516257468,,,,,5,-1495.29248046875,1021.4229736328125,-775.4740600585938,0.11310480535030365,-0.1487847864627838,-0.26974812150001526,0.9446196556091309,1,695305,5787
1786075326,524424279,1,-410.8602294921875,110.20800018310547,-674.7227172851562,,,,,,,,,,695306,5787
1786075326,524424279,,,,,5,-1495.3138427734375,1021.3912353515625,-775.4445190429688,0.11293719708919525,-0.14872078597545624,-0.27008476853370667,0.9445536732673645,1,695306,5787
1786075326,533233694,1,-410.7859191894531,108.88481903076172,-675.0858154296875,,,,,,,,,,695307,5787
1786075326,533233694,,,,,5,-1495.2879638671875,1021.3988647460938,-775.4804077148438,0.11297816038131714,-0.1489822268486023,-0.2693430185317993,0.9447193741798401,1,695307,5787
1786075326,541230325,1,-411.889892578125,106.93421936035156,-674.9988403320312,,,,,,,,,,695308,5787
1786075326,541230325,,,,,5,-1495.314208984375,1021.3539428710938,-775.4331665039062,0.11267074197530746,-0.1489771455526352,-0.2698553502559662,0.9446107745170593,1,695308,5787
1786075326,549334382,1,-411.7153015136719,107.54177856445312,-675.2030029296875,,,,,,,,,,695309,5787
1786075326,549334382,,,,,5,-1495.3387451171875,1021.4005737304688,-775.4552612304688,0.11290783435106277,-0.14903578162193298,-0.27009233832359314,0.9445053339004517,1,695309,5787
1786075326,558211030,1,-411.7278747558594,107.52593231201172,-675.2376098632812,,,,,,,,,,695310,5787
1786075326,558211030,,,,,5,-1495.2403564453125,1021.3660278320312,-775.4635009765625,0.11308220028877258,-0.1488317847251892,-0.27087247371673584,0.9442932605743408,1,695310,5787
1786075326,566118060,1,-410.7935485839844,108.64659881591797,-675.2144775390625,,,,,,,,,,695311,5787
1786075326,566118060,,,,,5,-1495.274169921875,1021.3678588867188,-775.4884643554688,0.11272317916154861,-0.14893992245197296,-0.2695232331752777,0.9447051286697388,1,695311,5787
1786075326,574279334,1,-411.84185791015625,107.47280883789062,-675.216796875,,,,,,,,,,695312,5787
1786075326,574279334,,,,,5,-1495.2742919921875,1021.3640747070312,-775.4755249023438,0.11303457617759705,-0.1486586183309555,-0.2697097063064575,0.9446589350700378,1,695312,5787
1786075326,583023179,1,-412.1869812011719,108.33573913574219,-675.1935424804688,,,,,,,,,,695313,5787
1786075326,583023179,,,,,5,-1495.293212890625,1021.4017944335938,-775.4589233398438,0.11297770589590073,-0.14871877431869507,-0.2695731818675995,0.9446953535079956,1,695313,5787
1786075326,590958241,1,-412.0484619140625,108.45984649658203,-675.06689453125,,,,,,,,,,695314,5787
1786075326,590958241,,,,,5,-1495.3006591796875,1021.3881225585938,-775.4271850585938,0.11314114183187485,-0.1486208587884903,-0.2709273397922516,0.9443036317825317,1,695314,5787
1786075326,599001146,1,-412.068603515625,108.35246276855469,-674.941162109375,,,,,,,,,,695315,5787
1786075326,599001146,,,,,5,-1495.284912109375,1021.3907470703125,-775.4735717773438,0.1127789095044136,-0.14887715876102448,-0.2698868215084076,0.9446045160293579,1,695315,5787
1786075326,607864769,1,-411.0797424316406,110.72721099853516,-675.3911743164062,,,,,,,,,,695316,5787
1786075326,607864769,,,,,5,-1495.2825927734375,1021.4249877929688,-775.491943359375,0.11214495450258255,-0.14889289438724518,-0.26827290654182434,0.9451370239257812,1,695316,5787
1786075326,615927258,1,-411.7281799316406,107.53691864013672,-675.26611328125,,,,,,,,,,695317,5787
1786075326,615927258,,,,,5,-1495.308837890625,1021.3677978515625,-775.4441528320312,0.11297058314085007,-0.14873839914798737,-0.26999759674072266,0.9445717930793762,1,695317,5787
1786075326,623940337,1,-410.81402587890625,108.820556640625,-675.2491455078125,,,,,,,,,,695318,5787
1786075326,623940337,,,,,5,-1495.3189697265625,1021.3900756835938,-775.4547729492188,0.1128576472401619,-0.1489730179309845,-0.26993629336357117,0.9445658326148987,1,695318,5787
1786075326,633672745,1,-410.9057312011719,108.49263000488281,-675.4267578125,,,,,,,,,,695319,5787
1786075326,633672745,,,,,5,-1495.3065185546875,1021.3777465820312,-775.4474487304688,0.1128053143620491,-0.14890983700752258,-0.26969170570373535,0.9446519613265991,1,695319,5787
1786075326,640305159,1,-410.85589599609375,108.67012786865234,-675.2482299804688,,,,,,,,,,695320,5787
1786075326,640305159,,,,,5,-1495.3109130859375,1021.4050903320312,-775.4441528320312,0.11282510310411453,-0.14893688261508942,-0.269610732793808,0.9446683526039124,1,695320,5787
1786075326,649736121,1,-412.4780578613281,106.97430419921875,-674.9427490234375,,,,,,,,,,695321,5787
1786075326,649736121,,,,,5,-1495.306640625,1021.3663330078125,-775.4481811523438,0.1125984862446785,-0.14910706877708435,-0.2702055275440216,0.9444987177848816,1,695321,5787
1786075326,657717936,1,-411.78466796875,107.24987030029297,-675.4503173828125,,,,,,,,,,695322,5787
1786075326,657717936,,,,,5,-1495.3065185546875,1021.3658447265625,-775.4306030273438,0.11288008093833923,-0.14888273179531097,-0.2705327868461609,0.9444068670272827,1,695322,5787
1786075326,665697063,1,-410.8192443847656,108.67891693115234,-675.2454833984375,,,,,,,,,,695323,5787
1786075326,665697063,,,,,5,-1495.2972412109375,1021.3795166015625,-775.447265625,0.11282560974359512,-0.14875763654708862,-0.2698965072631836,0.9446149468421936,1,695323,5787
1786075326,674771667,1,-410.9772644042969,109.87533569335938,-674.7741088867188,,,,,,,,,,695324,5787
1786075326,674771667,,,,,5,-1495.2779541015625,1021.3785400390625,-775.4594116210938,0.11286166310310364,-0.14885355532169342,-0.2697770297527313,0.9446297287940979,1,695324,5787
1786075326,682624935,1,-410.8480529785156,108.58759307861328,-675.2152709960938,,,,,,,,,,695325,5787
1786075326,682624935,,,,,5,-1495.2982177734375,1021.4168090820312,-775.4724731445312,0.11293980479240417,-0.14900343120098114,-0.2695550322532654,0.9446601867675781,1,695325,5787
1786075326,690600286,1,-412.1002502441406,108.44561004638672,-675.0128173828125,,,,,,,,,,695326,5787
1786075326,690600286,,,,,5,-1495.2982177734375,1021.3644409179688,-775.4368896484375,0.11269152164459229,-0.14909948408603668,-0.270316481590271,0.9444570541381836,1,695326,5787
1786075326,699694154,1,-410.94287109375,109.9660415649414,-674.838623046875,,,,,,,,,,695327,5787
1786075326,699694154,,,,,5,-1495.2783203125,1021.3715209960938,-775.4684448242188,0.11283188313245773,-0.1488550901412964,-0.2698175013065338,0.9446214437484741,1,695327,5787
1786075326,707640832,1,-411.2027282714844,110.6139907836914,-675.3971557617188,,,,,,,,,,695328,5787
1786075326,707640832,,,,,5,-1495.2861328125,1021.3866577148438,-775.4521484375,0.11291177570819855,-0.14902280271053314,-0.2704097330570221,0.9444161057472229,1,695328,5787
1786075326,715600759,1,-411.72369384765625,107.4942626953125,-675.266845703125,,,,,,,,,,695329,5787
1786075326,715600759,,,,,5,-1495.281494140625,1021.3855590820312,-775.45458984375,0.11317238211631775,-0.14880967140197754,-0.270104318857193,0.9445059895515442,1,695329,5787
1786075326,724480671,1,-411.7618103027344,107.50997161865234,-675.2484741210938,,,,,,,,,,695330,5787
1786075326,724480671,,,,,5,-1495.3377685546875,1021.3551635742188,-775.4459838867188,0.11285926401615143,-0.14885976910591125,-0.27092739939689636,0.9442996978759766,1,695330,5787
1786075326,732539479,1,-410.7943115234375,108.81877136230469,-675.277587890625,,,,,,,,,,695331,5787
1786075326,732539479,,,,,5,-1495.2947998046875,1021.3934936523438,-775.4623413085938,0.11296577751636505,-0.1487882435321808,-0.26967859268188477,0.9446556568145752,1,695331,5787
1786075326,741427231,1,-411.834716796875,107.46027374267578,-675.2166137695312,,,,,,,,,,695332,5787
1786075326,741427231,,,,,5,-1495.2874755859375,1021.3972778320312,-775.434326171875,0.11309134215116501,-0.14862625300884247,-0.27006644010543823,0.9445552825927734,1,695332,5787
1786075326,749424695,1,-410.8370056152344,108.54409790039062,-675.192626953125,,,,,,,,,,695333,5787
1786075326,749424695,,,,,5,-1495.3148193359375,1021.3466796875,-775.4467163085938,0.11261589825153351,-0.1488838791847229,-0.26996487379074097,0.9446005821228027,1,695333,5787
1786075326,757378029,1,-410.8377990722656,108.68163299560547,-675.2379760742188,,,,,,,,,,695334,5787
1786075326,757378029,,,,,5,-1495.2701416015625,1021.3742065429688,-775.4651489257812,0.11287876218557358,-0.14872115850448608,-0.2700698971748352,0.944564938545227,1,695334,5787
1786075326,766477241,1,-410.81573486328125,108.58112335205078,-675.1318359375,,,,,,,,,,695335,5787
1786075326,766477241,,,,,5,-1495.3253173828125,1021.3912963867188,-775.4451904296875,0.11276665329933167,-0.14908413589000702,-0.2695939242839813,0.9446569681167603,1,695335,5787
1786075326,774440208,1,-410.7837219238281,108.67832946777344,-675.24560546875,,,,,,,,,,695336,5787
1786075326,774440208,,,,,5,-1495.2969970703125,1021.3961791992188,-775.4711303710938,0.11323674023151398,-0.1487259417772293,-0.2700161635875702,0.944536566734314,1,695336,5787
1786075326,782453703,1,-411.7883605957031,107.51466369628906,-675.2562255859375,,,,,,,,,,695337,5787
1786075326,782453703,,,,,5,-1495.3328857421875,1021.3697509765625,-775.4291381835938,0.11269209533929825,-0.14909780025482178,-0.27024704217910767,0.9444770812988281,1,695337,5787
1786075326,791422545,1,-411.71636962890625,106.81391906738281,-675.0509033203125,,,,,,,,,,695338,5787
1786075326,791422545,,,,,5,-1495.3038330078125,1021.3670043945312,-775.4252319335938,0.11283964663743973,-0.1487223505973816,-0.2699365019798279,0.9446074366569519,1,695338,5787
1786075326,799431176,1,-410.84844970703125,108.80033874511719,-675.1688842773438,,,,,,,,,,695339,5787
1786075326,799431176,,,,,5,-1495.3109130859375,1021.43505859375,-775.4468994140625,0.11292527616024017,-0.14919887483119965,-0.2706563174724579,0.9443161487579346,1,695339,5787
1786075326,807285565,1,-412.146484375,108.27668762207031,-674.9674072265625,,,,,,,,,,695340,5787
1786075326,807285565,,,,,5,-1495.3167724609375,1021.3544921875,-775.4396362304688,0.11271584033966064,-0.1491398960351944,-0.27025890350341797,0.9444642663002014,1,695340,5787
1786075326,816296231,1,-410.80499267578125,108.66712951660156,-675.2915649414062,,,,,,,,,,695341,5787
1786075326,816296231,,,,,5,-1495.30810546875,1021.4234619140625,-775.4291381835938,0.11309938132762909,-0.14906568825244904,-0.27018028497695923,0.9444526433944702,1,695341,5787
1786075326,824280414,1,-410.7471008300781,108.89096069335938,-675.4111938476562,,,,,,,,,,695342,5787
1786075326,824280414,,,,,5,-1495.317138671875,1021.3821411132812,-775.4258422851562,0.11286646127700806,-0.14901477098464966,-0.270253986120224,0.9444673657417297,1,695342,5787
1786075326,832133651,1,-412.0198059082031,108.61539459228516,-675.1890258789062,,,,,,,,,,695343,5787
1786075326,832133651,,,,,5,-1495.2965087890625,1021.3873901367188,-775.4880981445312,0.11310429871082306,-0.1488552987575531,-0.26944130659103394,0.944696307182312,1,695343,5787
1786075326,841194846,1,-410.9000549316406,110.16915893554688,-674.7271728515625,,,,,,,,,,695344,5787
1786075326,841194846,,,,,5,-1495.1829833984375,1021.3505249023438,-775.53564453125,0.11248066276311874,-0.14964425563812256,-0.2688122093677521,0.9448252320289612,1,695344,5787
1786075326,849287543,1,-410.97119140625,110.02747344970703,-674.7715454101562,,,,,,,,,,695345,5787
1786075326,849287543,,,,,5,-1495.3184814453125,1021.3822631835938,-775.4425048828125,0.11289568245410919,-0.14876613020896912,-0.27022138237953186,0.9445124268531799,1,695345,5787
1786075326,858163839,1,-410.6987609863281,110.7479248046875,-674.6190185546875,,,,,,,,,,695346,5787
1786075326,858163839,,,,,5,-1495.3253173828125,1021.3692626953125,-775.4361572265625,0.11285451799631119,-0.14881019294261932,-0.2697904109954834,0.9446336030960083,1,695346,5787
1786075326,866138966,1,-410.8520202636719,108.62284088134766,-675.2850952148438,,,,,,,,,,695347,5787
1786075326,866138966,,,,,5,-1495.3519287109375,1021.3878784179688,-775.4320678710938,0.11271610856056213,-0.14902065694332123,-0.26982852816581726,0.9446059465408325,1,695347,5787
1786075326,874259568,1,-412.1417541503906,108.27325439453125,-675.02392578125,,,,,,,,,,695348,5787
1786075326,874259568,,,,,5,-1495.2781982421875,1021.4016723632812,-775.4468994140625,0.1130024716258049,-0.14891254901885986,-0.26953062415122986,0.9446739554405212,1,695348,5787
1786075326,883062166,1,-410.9547424316406,109.94115447998047,-674.7843017578125,,,,,,,,,,695349,5787
1786075326,883062166,,,,,5,-1495.2708740234375,1021.3617553710938,-775.45654296875,0.11280941218137741,-0.14894525706768036,-0.26976823806762695,0.9446240067481995,1,695349,5787
1786075326,891091726,1,-410.75323486328125,108.58322143554688,-675.1162109375,,,,,,,,,,695350,5787
1786075326,891091726,,,,,5,-1495.301025390625,1021.41064453125,-775.4613647460938,0.11286227405071259,-0.1490422487258911,-0.2694269120693207,0.944699764251709,1,695350,5787
1786075326,899066981,1,-411.1712951660156,110.76080322265625,-675.3084106445312,,,,,,,,,,695351,5787
1786075326,899066981,,,,,5,-1495.2952880859375,1021.412109375,-775.45556640625,0.11318477243185043,-0.14865773916244507,-0.2699378728866577,0.9445759057998657,1,695351,5787
1786075326,908097360,1,-412.071044921875,108.34935760498047,-675.0023803710938,,,,,,,,,,695352,5787
1786075326,908097360,,,,,5,-1495.3458251953125,1021.3985595703125,-775.45703125,0.11288978904485703,-0.14904356002807617,-0.2701631784439087,0.9444859623908997,1,695352,5787
1786075326,916321675,1,-410.7786865234375,108.63712310791016,-675.1363525390625,,,,,,,,,,695353,5787
1786075326,916321675,,,,,5,-1495.325927734375,1021.3546142578125,-775.4387817382812,0.11275535821914673,-0.14915239810943604,-0.2703000009059906,0.9444456696510315,1,695353,5787
1786075326,923947964,1,-410.77691650390625,108.66162872314453,-675.241943359375,,,,,,,,,,695354,5787
1786075326,923947964,,,,,5,-1495.297607421875,1021.4158325195312,-775.4492797851562,0.11304902285337448,-0.1488892138004303,-0.2697092294692993,0.9446211457252502,1,695354,5787
1786075326,932904741,1,-412.70654296875,108.18641662597656,-675.2763671875,,,,,,,,,,695355,5787
1786075326,932904741,,,,,5,-1495.2830810546875,1021.4368286132812,-775.5048828125,0.11305185407400131,-0.14890141785144806,-0.2701849341392517,0.9444828629493713,1,695355,5787
1786075326,940936573,1,-410.75897216796875,108.67508697509766,-675.2468872070312,,,,,,,,,,695356,5787
1786075326,940936573,,,,,5,-1495.3387451171875,1021.3910522460938,-775.41357421875,0.11294381320476532,-0.14896655082702637,-0.2702413499355316,0.9444693326950073,1,695356,5787
1786075326,950038153,1,-411.9732666015625,108.97702026367188,-675.3070068359375,,,,,,,,,,695357,5787
1786075326,950038153,,,,,5,-1495.321533203125,1021.4150390625,-775.466796875,0.11225546151399612,-0.1488640010356903,-0.2684091627597809,0.9450896978378296,1,695357,5787
1786075326,957942687,1,-411.2551574707031,110.0140380859375,-675.0903930664062,,,,,,,,,,695358,5787
1786075326,957942687,,,,,5,-1495.317138671875,1021.3743286132812,-775.4330444335938,0.11281650513410568,-0.14887535572052002,-0.26981574296951294,0.9446206092834473,1,695358,5787
1786075326,965857940,1,-410.92822265625,108.57884216308594,-675.2528686523438,,,,,,,,,,695359,5787
1786075326,965857940,,,,,5,-1495.327880859375,1021.3502197265625,-775.3869018554688,0.11287296563386917,-0.14911237359046936,-0.2702498137950897,0.9444523453712463,1,695359,5787
1786075326,974827454,1,-412.0574645996094,108.43671417236328,-675.0753784179688,,,,,,,,,,695360,5787
1786075326,974827454,,,,,5,-1495.3123779296875,1021.3566284179688,-775.4365844726562,0.1126951277256012,-0.14888474345207214,-0.270147442817688,0.9445388317108154,1,695360,5787
1786075326,982808533,1,-410.7519836425781,108.70781707763672,-675.1917114257812,,,,,,,,,,695361,5787
1786075326,982808533,,,,,5,-1495.31787109375,1021.3743286132812,-775.4201049804688,0.11277932673692703,-0.14899635314941406,-0.2702352702617645,0.9444860816001892,1,695361,5787
1786075326,990747595,1,-410.9480895996094,109.9505844116211,-674.7730712890625,,,,,,,,,,695362,5787
1786075326,990747595,,,,,5,-1495.3055419921875,1021.3855590820312,-775.4224853515625,0.1129390150308609,-0.1486842781305313,-0.2700122892856598,0.9445799589157104,1,695362,5787
1786075327,395330,1,-411.8309020996094,107.3665771484375,-675.232666015625,,,,,,,,,,695363,5787
1786075327,395330,,,,,5,-1495.3114013671875,1021.37451171875,-775.4303588867188,0.11288133263587952,-0.14881449937820435,-0.2698208689689636,0.9446210265159607,1,695363,5787
1786075327,7789005,1,-410.7597961425781,108.61968994140625,-675.2651977539062,,,,,,,,,,695364,5787
1786075327,7789005,,,,,5,-1495.34033203125,1021.341796875,-775.4111328125,0.11267043650150299,-0.14916495978832245,-0.2705404460430145,0.9443850517272949,1,695364,5787
1786075327,15787236,1,-410.9243469238281,109.96736145019531,-674.75390625,,,,,,,,,,695365,5787
1786075327,15787236,,,,,5,-1495.305419921875,1021.3522338867188,-775.4307861328125,0.1129022017121315,-0.14882367849349976,-0.27063754200935364,0.9443833827972412,1,695365,5787
1786075327,24724525,1,-411.75286865234375,107.02360534667969,-675.1796264648438,,,,,,,,,,695366,5787
1786075327,24724525,,,,,5,-1495.3052978515625,1021.3538208007812,-775.467041015625,0.11267299205064774,-0.14884300529956818,-0.2701255679130554,0.944554328918457,1,695366,5787
1786075327,32605218,1,-410.7877502441406,108.6343994140625,-675.2160034179688,,,,,,,,,,695367,5787
1786075327,32605218,,,,,5,-1495.2904052734375,1021.3400268554688,-775.4263916015625,0.11288942396640778,-0.14884933829307556,-0.2704222500324249,0.9444424510002136,1,695367,5787
1786075327,40591577,1,-410.9740905761719,109.91448211669922,-674.7626342773438,,,,,,,,,,695368,5787
1786075327,40591577,,,,,5,-1495.2745361328125,1021.34716796875,-775.4293823242188,0.1134028360247612,-0.14849773049354553,-0.27049216628074646,0.944416344165802,1,695368,5787
1786075327,49574883,1,-410.75604248046875,108.67416381835938,-675.1981201171875,,,,,,,,,,695369,5787
1786075327,49574883,,,,,5,-1495.3128662109375,1021.3588256835938,-775.4239501953125,0.11286564916372299,-0.14905685186386108,-0.27068379521369934,0.9443377256393433,1,695369,5787
1786075327,57525593,1,-411.8020935058594,107.45684814453125,-675.2303466796875,,,,,,,,,,695370,5787
1786075327,57525593,,,,,5,-1495.2906494140625,1021.3870239257812,-775.4811401367188,0.11319069564342499,-0.14881980419158936,-0.2706642746925354,0.9443417191505432,1,695370,5787
1786075327,66512931,1,-410.9495544433594,109.9015884399414,-674.7117919921875,,,,,,,,,,695371,5787
1786075327,66512931,,,,,5,-1495.32666015625,1021.3621215820312,-775.4242553710938,0.11282896250486374,-0.14876268804073334,-0.2699719965457916,0.9445922374725342,1,695371,5787
1786075327,74489913,1,-411.7694091796875,107.6629409790039,-675.1239624023438,,,,,,,,,,695372,5787
1786075327,74489913,,,,,5,-1495.28271484375,1021.3463745117188,-775.4419555664062,0.11285986006259918,-0.14881667494773865,-0.2708103358745575,0.9443401098251343,1,695372,5787
1786075327,82451760,1,-410.94384765625,110.1059799194336,-674.7550048828125,,,,,,,,,,695373,5787
1786075327,82451760,,,,,5,-1495.296142578125,1021.3444213867188,-775.4479370117188,0.1128891110420227,-0.14886100590229034,-0.2698458433151245,0.9446055889129639,1,695373,5787
1786075327,91484699,1,-410.8375244140625,108.66948699951172,-675.1808471679688,,,,,,,,,,695374,5787
1786075327,91484699,,,,,5,-1495.2855224609375,1021.3641967773438,-775.407470703125,0.11274980008602142,-0.14884260296821594,-0.2701701819896698,0.9445325136184692,1,695374,5787
1786075327,99491730,1,-411.7798767089844,107.56512451171875,-675.217041015625,,,,,,,,,,695375,5787
1786075327,99491730,,,,,5,-1495.3221435546875,1021.3897705078125,-775.43017578125,0.11284318566322327,-0.14874351024627686,-0.2695215940475464,0.9447222948074341,1,695375,5787
1786075327,107553034,1,-410.8431396484375,108.7983169555664,-675.2661743164062,,,,,,,,,,695376,5787
1786075327,107553034,,,,,5,-1495.2882080078125,1021.4172973632812,-775.435791015625,0.11333595216274261,-0.1488049030303955,-0.2708006799221039,0.9442876577377319,1,695376,5787
1786075327,116457522,1,-412.12445068359375,108.40141296386719,-674.969970703125,,,,,,,,,,695377,5787
1786075327,116457522,,,,,5,-1495.3199462890625,1021.3697509765625,-775.4310913085938,0.11283135414123535,-0.14887754619121552,-0.2697265148162842,0.944644033908844,1,695377,5787
1786075327,124411721,1,-410.93035888671875,108.41012573242188,-675.3494262695312,,,,,,,,,,695378,5787
1786075327,124411721,,,,,5,-1495.31689453125,1021.4052734375,-775.408203125,0.11290479451417923,-0.14893975853919983,-0.2703925371170044,0.9444350004196167,1,695378,5787
1786075327,132353343,1,-410.87225341796875,110.17252349853516,-674.7532958984375,,,,,,,,,,695379,5787
1786075327,132353343,,,,,5,-1495.2830810546875,1021.3521728515625,-775.4177856445312,0.11274541169404984,-0.148772194981575,-0.2704451084136963,0.9444654583930969,1,695379,5787
1786075327,141306536,1,-410.8474426269531,108.65406799316406,-675.2664794921875,,,,,,,,,,695380,5787
1786075327,141306536,,,,,5,-1495.321533203125,1021.3564453125,-775.4264526367188,0.11273033916950226,-0.14906065165996552,-0.2702224850654602,0.9444853663444519,1,695380,5787
1786075327,149313087,1,-411.7247314453125,107.5230941772461,-675.1573486328125,,,,,,,,,,695381,5787
1786075327,149313087,,,,,5,-1495.2760009765625,1021.3429565429688,-775.4814453125,0.11292118579149246,-0.14870767295360565,-0.2696970999240875,0.9446684122085571,1,695381,5787
1786075327,157265173,1,-410.8352966308594,108.55986022949219,-675.1849975585938,,,,,,,,,,695382,5787
1786075327,157265173,,,,,5,-1495.2757568359375,1021.3287353515625,-775.4505004882812,0.11293479055166245,-0.14871074259281158,-0.2704736590385437,0.9444441795349121,1,695382,5787
1786075327,166128349,1,-411.794189453125,107.45934295654297,-675.2372436523438,,,,,,,,,,695383,5787
1786075327,166128349,,,,,5,-1495.2916259765625,1021.3863525390625,-775.4382934570312,0.1129954606294632,-0.1490507274866104,-0.270210325717926,0.9444587230682373,1,695383,5787
1786075327,173724140,1,-410.87957763671875,110.00385284423828,-674.72705078125,,,,,,,,,,695384,5787
1786075327,173724140,,,,,5,-1495.329833984375,1021.3828125,-775.4576416015625,0.11285700649023056,-0.14873623847961426,-0.26987266540527344,0.9446215033531189,1,695384,5787
1786075327,183330210,1,-410.9173889160156,110.77010345458984,-675.2525634765625,,,,,,,,,,695385,5787
1786075327,183330210,,,,,5,-1495.3106689453125,1021.34765625,-775.4410400390625,0.11292899399995804,-0.14872021973133087,-0.2699641287326813,0.9445893168449402,1,695385,5787
1786075327,191300664,1,-410.7588806152344,110.42581939697266,-674.4117431640625,,,,,,,,,,695386,5787
1786075327,191300664,,,,,5,-1495.203125,1021.3271484375,-775.4480590820312,0.11242060363292694,-0.14943566918373108,-0.2694452702999115,0.9446850419044495,1,695386,5787
1786075327,199518964,1,-411.9080505371094,106.28592681884766,-675.39404296875,,,,,,,,,,695387,5787
1786075327,199518964,,,,,5,-1495.3143310546875,1021.3610229492188,-775.4251708984375,0.11268630623817444,-0.14910520613193512,-0.27032271027565,0.9444549083709717,1,695387,5787
1786075327,207124099,1,-412.0935363769531,108.45088195800781,-675.0385131835938,,,,,,,,,,695388,5787
1786075327,207124099,,,,,5,-1495.3074951171875,1021.3381958007812,-775.4235229492188,0.11268732696771622,-0.14881034195423126,-0.27052631974220276,0.9444430470466614,1,695388,5787
1786075327,216049708,1,-410.86962890625,108.57484436035156,-675.2291259765625,,,,,,,,,,695389,5787
1786075327,216049708,,,,,5,-1495.2884521484375,1021.3383178710938,-775.4259643554688,0.1128830760717392,-0.14881522953510284,-0.27073919773101807,0.9443579316139221,1,695389,5787
1786075327,224068547,1,-410.88238525390625,110.1959228515625,-674.8339233398438,,,,,,,,,,695390,5787
1786075327,224068547,,,,,5,-1495.2972412109375,1021.3447265625,-775.438720703125,0.11271453648805618,-0.14890874922275543,-0.27008917927742004,0.9445493817329407,1,695390,5787
1786075327,233071373,1,-410.8240966796875,108.6883544921875,-675.2254028320312,,,,,,,,,,695391,5787
1786075327,233071373,,,,,5,-1495.3116455078125,1021.3795166015625,-775.4310302734375,0.11287805438041687,-0.1488237977027893,-0.26991263031959534,0.9445937275886536,1,695391,5787
1786075327,241017284,1,-410.6498718261719,108.30502319335938,-675.3505249023438,,,,,,,,,,695392,5787
1786075327,241017284,,,,,5,-1495.3118896484375,1021.3903198242188,-775.4142456054688,0.11292504519224167,-0.1488393396139145,-0.2700692117214203,0.9445409178733826,1,695392,5787
1786075327,248927257,1,-410.68707275390625,109.08352661132812,-675.5000610351562,,,,,,,,,,695393,5787
1786075327,248927257,,,,,5,-1495.3048095703125,1021.4105834960938,-775.4553833007812,0.112185999751091,-0.14899809658527374,-0.2688444256782532,0.9449531435966492,1,695393,5787
1786075327,258039205,1,-410.7157287597656,108.9844970703125,-675.3538208007812,,,,,,,,,,695394,5787
1786075327,258039205,,,,,5,-1495.3016357421875,1021.4132690429688,-775.4633178710938,0.11303199827671051,-0.14872677624225616,-0.269563227891922,0.9446903467178345,1,695394,5787
1786075327,265923034,1,-410.9103088378906,110.01385498046875,-674.73193359375,,,,,,,,,,695395,5787
1786075327,265923034,,,,,5,-1495.300048828125,1021.3478393554688,-775.3953857421875,0.11287832260131836,-0.14882539212703705,-0.2700081169605255,0.9445661306381226,1,695395,5787
1786075327,274941701,1,-410.77178955078125,108.698974609375,-675.1998291015625,,,,,,,,,,695396,5787
1786075327,274941701,,,,,5,-1495.3140869140625,1021.3937377929688,-775.4361572265625,0.11296156793832779,-0.14870646595954895,-0.2701329290866852,0.9445392489433289,1,695396,5787
1786075327,283301314,1,-410.77178955078125,108.698974609375,-675.1998291015625,,,,,,,,,,695397,5787
1786075327,283301314,,,,,5,-1495.3140869140625,1021.3937377929688,-775.4361572265625,0.11296156793832779,-0.14870646595954895,-0.2701329290866852,0.9445392489433289,1,695397,5787
1786075327,290887794,1,-410.98748779296875,109.99309539794922,-674.8026733398438,,,,,,,,,,695398,5787
1786075327,290887794,,,,,5,-1495.3309326171875,1021.3785400390625,-775.4117431640625,0.11288265138864517,-0.14876696467399597,-0.27000805735588074,0.9445748925209045,1,695398,5787
1786075327,299948925,1,-411.77703857421875,107.42462921142578,-675.2073974609375,,,,,,,,,,695399,5787
1786075327,299948925,,,,,5,-1495.286376953125,1021.4183959960938,-775.4691772460938,0.11294004321098328,-0.14884251356124878,-0.2693990170955658,0.9447299838066101,1,695399,5787
1786075327,307934996,1,-410.8387756347656,108.65198516845703,-675.2073974609375,,,,,,,,,,695400,5787
1786075327,307934996,,,,,5,-1495.298583984375,1021.3800659179688,-775.4032592773438,0.11287783831357956,-0.14884966611862183,-0.2698412239551544,0.944610059261322,1,695400,5787
1786075327,315792328,1,-410.927001953125,110.04745483398438,-674.8074340820312,,,,,,,,,,695401,5787
1786075327,315792328,,,,,5,-1495.314697265625,1021.4081420898438,-775.4677124023438,0.11294811964035034,-0.1489797681570053,-0.26967737078666687,0.9446278810501099,1,695401,5787
1786075327,324671248,1,-410.85589599609375,110.19454956054688,-674.8056030273438,,,,,,,,,,695402,5787
1786075327,324671248,,,,,5,-1495.2822265625,1021.4118041992188,-775.4679565429688,0.1130850613117218,-0.14875899255275726,-0.26970747113227844,0.9446377158164978,1,695402,5787
1786075327,332578789,1,-411.02655029296875,109.91761016845703,-674.7291259765625,,,,,,,,,,695403,5787
1786075327,332578789,,,,,5,-1495.3392333984375,1021.3915405273438,-775.43603515625,0.11281313747167587,-0.14900512993335724,-0.270158976316452,0.9445024728775024,1,695403,5787
1786075327,340633022,1,-410.8084716796875,108.6736068725586,-675.2518310546875,,,,,,,,,,695404,5787
1786075327,340633022,,,,,5,-1495.2900390625,1021.4044799804688,-775.4566650390625,0.11285628378391266,-0.1488899439573288,-0.2692544758319855,0.94477379322052,1,695404,5787
1786075327,349538790,1,-409.29180908203125,109.16510772705078,-675.335693359375,,,,,,,,,,695405,5787
1786075327,349538790,,,,,5,-1495.2496337890625,1021.3888549804688,-775.4356079101562,0.11309459060430527,-0.14870139956474304,-0.27026858925819397,0.9444851875305176,1,695405,5787
1786075327,357571550,1,-410.83563232421875,108.83358764648438,-675.1664428710938,,,,,,,,,,695406,5787
1786075327,357571550,,,,,5,-1495.3070068359375,1021.3609619140625,-775.4147338867188,0.11271025985479355,-0.14896060526371002,-0.27005892992019653,0.9445503950119019,1,695406,5787
1786075327,366545831,1,-410.7216796875,108.67208099365234,-675.2051391601562,,,,,,,,,,695407,5787
1786075327,366545831,,,,,5,-1495.2791748046875,1021.4150390625,-775.44091796875,0.11294865608215332,-0.1486998200416565,-0.26998379826545715,0.9445844292640686,1,695407,5787
1786075327,374526814,1,-411.8470764160156,107.47180938720703,-675.2129516601562,,,,,,,,,,695408,5787
1786075327,374526814,,,,,5,-1495.18505859375,1021.3235473632812,-775.470703125,0.1126030907034874,-0.14938607811927795,-0.27011629939079285,0.9444795846939087,1,695408,5787
1786075327,382411667,1,-412.44915771484375,107.54978942871094,-675.2640991210938,,,,,,,,,,695409,5787
1786075327,382411667,,,,,5,-1495.32275390625,1021.3917236328125,-775.44189453125,0.11289393901824951,-0.14887239038944244,-0.2699566185474396,0.9445716142654419,1,695409,5787
1786075327,392312782,1,-411.7882995605469,107.3875732421875,-675.2844848632812,,,,,,,,,,695410,5787
1786075327,392312782,,,,,5,-1495.31689453125,1021.3871459960938,-775.4291381835938,0.11273524165153503,-0.14879962801933289,-0.26992174983024597,0.9446119666099548,1,695410,5787
1786075327,399469877,1,-410.91180419921875,108.49095153808594,-675.4541015625,,,,,,,,,,695411,5787
1786075327,399469877,,,,,5,-1495.3193359375,1021.3803100585938,-775.4385986328125,0.112894706428051,-0.14880244433879852,-0.2700854539871216,0.9445457458496094,1,695411,5787
1786075327,407598159,1,-410.97052001953125,107.5042495727539,-675.4702758789062,,,,,,,,,,695412,5787
1786075327,407598159,,,,,5,-1495.2958984375,1021.3662109375,-775.41748046875,0.11300815641880035,-0.14882509410381317,-0.26981139183044434,0.9446068406105042,1,695412,5787
1786075327,416706651,1,-410.97064208984375,109.91826629638672,-674.7047729492188,,,,,,,,,,695413,5787
1786075327,416706651,,,,,5,-1495.3265380859375,1021.3626098632812,-775.3917236328125,0.11284993588924408,-0.14870671927928925,-0.27034732699394226,0.9444911479949951,1,695413,5787
1786075327,424313867,1,-410.83270263671875,108.598876953125,-675.2689208984375,,,,,,,,,,695414,5787
1786075327,424313867,,,,,5,-1495.2913818359375,1021.4136962890625,-775.4496459960938,0.11319006979465485,-0.14871178567409515,-0.27002087235450745,0.944543182849884,1,695414,5787
1786075327,432268225,1,-410.8790283203125,108.63339233398438,-675.2808227539062,,,,,,,,,,695415,5787
1786075327,432268225,,,,,5,-1495.2772216796875,1021.38720703125,-775.4700317382812,0.11314556747674942,-0.14871478080749512,-0.27013638615608215,0.9445148706436157,1,695415,5787
1786075327,441224234,1,-412.0997619628906,108.4434814453125,-675.0399169921875,,,,,,,,,,695416,5787
1786075327,441224234,,,,,5,-1495.3197021484375,1021.3810424804688,-775.4461669921875,0.11277319490909576,-0.14896927773952484,-0.27031075954437256,0.9444695115089417,1,695416,5787
1786075327,449153280,1,-410.8996276855469,110.00155639648438,-674.6843872070312,,,,,,,,,,695417,5787
1786075327,449153280,,,,,5,-1495.300048828125,1021.3580932617188,-775.4194946289062,0.1129024550318718,-0.14873218536376953,-0.2707110345363617,0.9443767070770264,1,695417,5787
1786075327,458527857,1,-410.9025573730469,108.57237243652344,-675.2417602539062,,,,,,,,,,695418,5787
1786075327,458527857,,,,,5,-1495.2886962890625,1021.3907470703125,-775.4790649414062,0.112903892993927,-0.14889012277126312,-0.26998457312583923,0.9445595741271973,1,695418,5787
1786075327,466186338,1,-410.89947509765625,110.00129699707031,-674.810791015625,,,,,,,,,,695419,5787
1786075327,466186338,,,,,5,-1495.3157958984375,1021.3800048828125,-775.4688110351562,0.1128324642777443,-0.1489769071340561,-0.2699427008628845,0.9445664882659912,1,695419,5787
1786075327,474128216,1,-412.124267578125,108.31857299804688,-675.1083984375,,,,,,,,,,695420,5787
1786075327,474128216,,,,,5,-1495.28076171875,1021.3773803710938,-775.450927734375,0.11283136159181595,-0.14879944920539856,-0.27027657628059387,0.9444990158081055,1,695420,5787
1786075327,483143810,1,-410.8874816894531,108.56652069091797,-675.1339111328125,,,,,,,,,,695421,5787
1786075327,483143810,,,,,5,-1495.3038330078125,1021.3766479492188,-775.4286499023438,0.1128656193614006,-0.1486629992723465,-0.27029407024383545,0.9445114731788635,1,695421,5787
1786075327,491073112,1,-410.7698669433594,108.05318450927734,-675.137939453125,,,,,,,,,,695422,5787
1786075327,491073112,,,,,5,-1495.2882080078125,1021.373046875,-775.4402465820312,0.1130215972661972,-0.14875450730323792,-0.27045342326164246,0.9444327354431152,1,695422,5787
1786075327,499019342,1,-410.831298828125,108.6178970336914,-675.162353515625,,,,,,,,,,695423,5787
1786075327,499019342,,,,,5,-1495.3035888671875,1021.4049072265625,-775.4822387695312,0.11291345953941345,-0.14886374771595,-0.2697015106678009,0.944643497467041,1,695423,5787
1786075327,508038520,1,-411.7870178222656,107.4669418334961,-675.2037353515625,,,,,,,,,,695424,5787
1786075327,508038520,,,,,5,-1495.2838134765625,1021.3460083007812,-775.4434814453125,0.11305772513151169,-0.14862878620624542,-0.2700180411338806,0.9445728659629822,1,695424,5787
1786075327,516018511,1,-410.8576354980469,110.02259063720703,-674.7614135742188,,,,,,,,,,695425,5788
1786075327,516018511,,,,,5,-1495.314453125,1021.3912963867188,-775.4252319335938,0.11286641657352448,-0.14880619943141937,-0.26981136202812195,0.9446267485618591,1,695425,5788
1786075327,524042599,1,-411.82537841796875,107.49779510498047,-675.26171875,,,,,,,,,,695426,5788
1786075327,524042599,,,,,5,-1495.2724609375,1021.4122314453125,-775.41748046875,0.11306608468294144,-0.14865320920944214,-0.26985877752304077,0.9446133971214294,1,695426,5788
1786075327,535013494,1,-410.74737548828125,108.83119201660156,-675.5177001953125,,,,,,,,,,695427,5788
1786075327,535013494,,,,,5,-1495.3306884765625,1021.3995361328125,-775.4364624023438,0.11293171346187592,-0.14896078407764435,-0.27030906081199646,0.9444524049758911,1,695427,5788
1786075327,540979271,1,-411.72088623046875,107.61775970458984,-675.2140502929688,,,,,,,,,,695428,5788
1786075327,540979271,,,,,5,-1495.2669677734375,1021.37841796875,-775.4161987304688,0.11282002925872803,-0.14875732362270355,-0.27010905742645264,0.9445550441741943,1,695428,5788
1786075327,548932957,1,-412.03369140625,108.60487365722656,-675.0588989257812,,,,,,,,,,695429,5788
1786075327,548932957,,,,,5,-1495.323486328125,1021.39990234375,-775.4237670898438,0.11315029859542847,-0.14878995716571808,-0.27086958289146423,0.9442924857139587,1,695429,5788
1786075327,558247917,1,-411.1363220214844,108.44615936279297,-675.56103515625,,,,,,,,,,695430,5788
1786075327,558247917,,,,,5,-1495.3377685546875,1021.39306640625,-775.4281616210938,0.11302320659160614,-0.1488669067621231,-0.27046507596969604,0.94441157579422,1,695430,5788
1786075327,565971103,1,-411.8399963378906,107.33162689208984,-675.2196044921875,,,,,,,,,,695431,5788
1786075327,565971103,,,,,5,-1495.318603515625,1021.38623046875,-775.4127197265625,0.11290038377046585,-0.14888498187065125,-0.26997071504592896,0.9445648193359375,1,695431,5788
1786075327,574886727,1,-410.8193054199219,108.49927520751953,-675.1159057617188,,,,,,,,,,695432,5788
1786075327,574886727,,,,,5,-1495.311767578125,1021.3855590820312,-775.4052124023438,0.11288692057132721,-0.1487983763217926,-0.27119195461273193,0.9442301392555237,1,695432,5788
1786075327,582831901,1,-411.7431335449219,107.53233337402344,-675.2424926757812,,,,,,,,,,695433,5788
1786075327,582831901,,,,,5,-1495.3050537109375,1021.3787231445312,-775.4247436523438,0.11291120201349258,-0.14871443808078766,-0.27020949125289917,0.9445220232009888,1,695433,5788
1786075327,591112954,1,-410.95806884765625,109.84524536132812,-674.6424560546875,,,,,,,,,,695434,5788
1786075327,591112954,,,,,5,-1495.3179931640625,1021.4166870117188,-775.4324340820312,0.11306440085172653,-0.1488458663225174,-0.26994895935058594,0.9445574879646301,1,695434,5788
1786075327,602293709,1,-411.81988525390625,107.47882080078125,-675.2972412109375,,,,,,,,,,695435,5788
1786075327,602293709,,,,,5,-1495.3040771484375,1021.3717041015625,-775.4458618164062,0.11285141855478287,-0.14877860248088837,-0.270063191652298,0.9445610046386719,1,695435,5788
1786075327,608368704,1,-410.9385986328125,108.428955078125,-675.40283203125,,,,,,,,,,695436,5788
1786075327,608368704,,,,,5,-1495.3182373046875,1021.3743286132812,-775.396484375,0.11278525739908218,-0.14867618680000305,-0.270427405834198,0.9444807767868042,1,695436,5788
1786075327,615753835,1,-410.767822265625,108.70941925048828,-675.2373657226562,,,,,,,,,,695437,5788
1786075327,615753835,,,,,5,-1495.30810546875,1021.3751220703125,-775.4398803710938,0.11293445527553558,-0.14894172549247742,-0.2701052725315094,0.944513201713562,1,695437,5788
1786075327,624713013,1,-410.75408935546875,108.62094116210938,-675.1813354492188,,,,,,,,,,695438,5788
1786075327,624713013,,,,,5,-1495.2899169921875,1021.4119262695312,-775.4405517578125,0.113136887550354,-0.1486649513244629,-0.2700043022632599,0.9445615410804749,1,695438,5788
1786075327,632778157,1,-410.9290466308594,109.90895080566406,-674.7467651367188,,,,,,,,,,695439,5788
1786075327,632778157,,,,,5,-1495.294189453125,1021.3811645507812,-775.465087890625,0.11285220086574554,-0.1488518863916397,-0.2709900140762329,0.9442837238311768,1,695439,5788
1786075327,640798885,1,-410.9064025878906,108.63446807861328,-675.2656860351562,,,,,,,,,,695440,5788
1786075327,640798885,,,,,5,-1495.2845458984375,1021.3859252929688,-775.45263671875,0.11304771900177002,-0.14884810149669647,-0.26969361305236816,0.9446320533752441,1,695440,5788
1786075327,649656268,1,-410.8143615722656,108.6000747680664,-675.2650146484375,,,,,,,,,,695441,5788
1786075327,649656268,,,,,5,-1495.342041015625,1021.3849487304688,-775.4368896484375,0.1128540188074112,-0.14897197484970093,-0.2700488865375519,0.9445343017578125,1,695441,5788
1786075327,657663939,1,-410.8650817871094,108.58203887939453,-675.221923828125,,,,,,,,,,695442,5788
1786075327,657663939,,,,,5,-1495.322509765625,1021.3902587890625,-775.4264526367188,0.11290819942951202,-0.1488943248987198,-0.27006658911705017,0.9445350170135498,1,695442,5788
1786075327,666134467,1,-411.5762634277344,108.23491668701172,-675.1917114257812,,,,,,,,,,695443,5788
1786075327,666134467,,,,,5,-1495.2962646484375,1021.3855590820312,-775.3876342773438,0.11294505000114441,-0.14870092272758484,-0.2699353098869324,0.9445986151695251,1,695443,5788
1786075327,674697541,1,-409.4073486328125,109.06568908691406,-675.3743286132812,,,,,,,,,,695444,5788
1786075327,674697541,,,,,5,-1495.306884765625,1021.4224853515625,-775.4668579101562,0.11294760555028915,-0.1488351672887802,-0.2694339156150818,0.9447203874588013,1,695444,5788
1786075327,683188485,1,-410.7892761230469,110.23342895507812,-674.838134765625,,,,,,,,,,695445,5788
1786075327,683188485,,,,,5,-1495.317138671875,1021.4168090820312,-775.4423828125,0.11304762214422226,-0.14903290569782257,-0.2696940302848816,0.9446029663085938,1,695445,5788
1786075327,690577201,1,-411.766845703125,107.48519897460938,-675.29541015625,,,,,,,,,,695446,5788
1786075327,690577201,,,,,5,-1495.319580078125,1021.3602905273438,-775.4241333007812,0.11271613836288452,-0.1490154266357422,-0.2705323398113251,0.9444054365158081,1,695446,5788
1786075327,699598875,1,-412.1290588378906,108.37783813476562,-674.9757690429688,,,,,,,,,,695447,5788
1786075327,699598875,,,,,5,-1495.3023681640625,1021.3966064453125,-775.4064331054688,0.11313741654157639,-0.14884629845619202,-0.2709229588508606,0.9442698359489441,1,695447,5788
1786075327,707021736,1,-410.7672424316406,108.85465240478516,-675.3347778320312,,,,,,,,,,695448,5788
1786075327,707021736,,,,,5,-1495.334228515625,1021.3894653320312,-775.4405517578125,0.11282332986593246,-0.14917300641536713,-0.2699092924594879,0.9445460438728333,1,695448,5788
1786075327,716435129,1,-410.8115234375,108.81647491455078,-675.126220703125,,,,,,,,,,695449,5788
1786075327,716435129,,,,,5,-1495.3231201171875,1021.3861694335938,-775.455078125,0.11270075291395187,-0.1489327847957611,-0.26972678303718567,0.9446507096290588,1,695449,5788
1786075327,724505586,1,-411.7513427734375,107.50079345703125,-675.2831420898438,,,,,,,,,,695450,5788
1786075327,724505586,,,,,5,-1495.3182373046875,1021.3992309570312,-775.4671020507812,0.11315204948186874,-0.14883479475975037,-0.2704719305038452,0.9443992972373962,1,695450,5788
1786075327,732377959,1,-411.7229919433594,106.92086029052734,-675.1681518554688,,,,,,,,,,695451,5788
1786075327,732377959,,,,,5,-1495.3145751953125,1021.3801879882812,-775.4234619140625,0.11290440708398819,-0.14880239963531494,-0.27014490962028503,0.9445275664329529,1,695451,5788
1786075327,741430130,1,-411.7395935058594,107.4852523803711,-675.2727661132812,,,,,,,,,,695452,5788
1786075327,741430130,,,,,5,-1495.3209228515625,1021.4039306640625,-775.4098510742188,0.11277257651090622,-0.1489611268043518,-0.2702169716358185,0.9444975852966309,1,695452,5788
1786075327,749469386,1,-411.7552185058594,107.46214294433594,-675.2604370117188,,,,,,,,,,695453,5788
1786075327,749469386,,,,,5,-1495.3111572265625,1021.404296875,-775.4368286132812,0.11289120465517044,-0.14884625375270844,-0.26953184604644775,0.944697380065918,1,695453,5788
1786075327,757330398,1,-410.83856201171875,108.58771514892578,-675.2066040039062,,,,,,,,,,695454,5788
1786075327,757330398,,,,,5,-1495.31201171875,1021.3840942382812,-775.4086303710938,0.11283191293478012,-0.1487930715084076,-0.27025631070137024,0.9445058107376099,1,695454,5788
1786075327,766236966,1,-411.7760009765625,107.25214385986328,-675.4508666992188,,,,,,,,,,695455,5788
1786075327,766236966,,,,,5,-1495.310791015625,1021.3634033203125,-775.3981323242188,0.11329185217618942,-0.14860762655735016,-0.27051880955696106,0.9444047212600708,1,695455,5788
1786075327,774280926,1,-410.8967590332031,108.59294891357422,-675.2166748046875,,,,,,,,,,695456,5788
1786075327,774280926,,,,,5,-1495.3070068359375,1021.35693359375,-775.4470825195312,0.11284662038087845,-0.14889469742774963,-0.2705433964729309,0.9444057941436768,1,695456,5788
1786075327,783261128,1,-411.0091247558594,109.89598846435547,-674.7760620117188,,,,,,,,,,695457,5788
1786075327,783261128,,,,,5,-1495.3115234375,1021.3668823242188,-775.417724609375,0.11304561048746109,-0.1486259251832962,-0.2702782154083252,0.9445002675056458,1,695457,5788
1786075327,791303456,1,-410.8172302246094,108.64091491699219,-675.2616577148438,,,,,,,,,,695458,5788
1786075327,791303456,,,,,5,-1495.3126220703125,1021.3743286132812,-775.4000244140625,0.11269094794988632,-0.1492563635110855,-0.27033746242523193,0.9444262385368347,1,695458,5788
1786075327,799261334,1,-410.9107666015625,108.59508514404297,-675.398681640625,,,,,,,,,,695459,5788
1786075327,799261334,,,,,5,-1495.272216796875,1021.4019775390625,-775.4411010742188,0.11304915696382523,-0.14864923059940338,-0.27017199993133545,0.9445266127586365,1,695459,5788
1786075327,808162142,1,-410.7801818847656,108.6590576171875,-675.1970825195312,,,,,,,,,,695460,5788
1786075327,808162142,,,,,5,-1495.3245849609375,1021.3757934570312,-775.3961791992188,0.11274615675210953,-0.1488708108663559,-0.2699218690395355,0.944599449634552,1,695460,5788
1786075327,816472539,1,-412.02593994140625,108.46826934814453,-674.996826171875,,,,,,,,,,695461,5788
1786075327,816472539,,,,,5,-1495.3006591796875,1021.396484375,-775.4131469726562,0.11296486109495163,-0.14872902631759644,-0.27021944522857666,0.9445105195045471,1,695461,5788
1786075327,824110252,1,-411.16949462890625,110.65099334716797,-675.273681640625,,,,,,,,,,695462,5788
1786075327,824110252,,,,,5,-1495.28759765625,1021.3936767578125,-775.3910522460938,0.11297112703323364,-0.14853133261203766,-0.27069705724716187,0.944404125213623,1,695462,5788
1786075327,833073109,1,-410.7740478515625,108.6453857421875,-675.1940307617188,,,,,,,,,,695463,5788
1786075327,833073109,,,,,5,-1495.3323974609375,1021.3995971679688,-775.416748046875,0.11293002963066101,-0.14886894822120667,-0.2704109847545624,0.9444378018379211,1,695463,5788
1786075327,841124845,1,-411.0692443847656,109.72232818603516,-674.7400512695312,,,,,,,,,,695464,5788
1786075327,841124845,,,,,5,-1495.2999267578125,1021.4205932617188,-775.4236450195312,0.11316654831171036,-0.1487286388874054,-0.26981663703918457,0.9446015357971191,1,695464,5788
1786075327,849292584,1,-410.91839599609375,110.25548553466797,-674.773193359375,,,,,,,,,,695465,5788
1786075327,849292584,,,,,5,-1495.286376953125,1021.3751831054688,-775.4584350585938,0.11290140450000763,-0.14873617887496948,-0.27023845911026,0.9445115923881531,1,695465,5788
1786075327,858098830,1,-410.5976257324219,110.86453247070312,-675.0502319335938,,,,,,,,,,695466,5788
1786075327,858098830,,,,,5,-1495.2906494140625,1021.4857788085938,-775.4583129882812,0.11248476058244705,-0.14899173378944397,-0.26871001720428467,0.9449570775032043,1,695466,5788
1786075327,866085733,1,-410.8360900878906,110.0496826171875,-674.6809692382812,,,,,,,,,,695467,5788
1786075327,866085733,,,,,5,-1495.2996826171875,1021.3728637695312,-775.4254760742188,0.11297333240509033,-0.148935467004776,-0.2701534628868103,0.9444958567619324,1,695467,5788
1786075327,874113948,1,-410.9181823730469,109.9133071899414,-674.694580078125,,,,,,,,,,695468,5788
1786075327,874113948,,,,,5,-1495.2957763671875,1021.3785400390625,-775.4227905273438,0.11298243701457977,-0.14883679151535034,-0.27042892575263977,0.9444315433502197,1,695468,5788
1786075327,882948451,1,-412.1318359375,108.54083251953125,-675.2576904296875,,,,,,,,,,695469,5788
1786075327,882948451,,,,,5,-1495.3145751953125,1021.4236450195312,-775.4456176757812,0.11310187727212906,-0.14882677793502808,-0.2700924575328827,0.9445151090621948,1,695469,5788
1786075327,890901466,1,-410.8579406738281,108.55653381347656,-675.2185668945312,,,,,,,,,,695470,5788
1786075327,890901466,,,,,5,-1495.31005859375,1021.40185546875,-775.46484375,0.11295526474714279,-0.14890405535697937,-0.270136296749115,0.944507896900177,1,695470,5788
1786075327,899828706,1,-410.9082336425781,109.99674224853516,-674.6617431640625,,,,,,,,,,695471,5788
1786075327,899828706,,,,,5,-1495.315673828125,1021.3801879882812,-775.43310546875,0.11267883330583572,-0.14919812977313995,-0.27050286531448364,0.9443895220756531,1,695471,5788
1786075327,907885050,1,-411.09393310546875,110.75548553466797,-675.3763427734375,,,,,,,,,,695472,5788
1786075327,907885050,,,,,5,-1495.3035888671875,1021.3927001953125,-775.4766235351562,0.11319191753864288,-0.1488594263792038,-0.2705627679824829,0.9443644881248474,1,695472,5788
1786075327,915838897,1,-412.09649658203125,108.336181640625,-675.004150390625,,,,,,,,,,695473,5788
1786075327,915838897,,,,,5,-1495.265625,1021.3843994140625,-775.4721069335938,0.11312326788902283,-0.1488015502691269,-0.27013617753982544,0.9445040225982666,1,695473,5788
1786075327,924855227,1,-412.01898193359375,108.40868377685547,-674.994873046875,,,,,,,,,,695474,5788
1786075327,924855227,,,,,5,-1495.2811279296875,1021.3985595703125,-775.4681396484375,0.1130455881357193,-0.14873361587524414,-0.26974058151245117,0.9446370005607605,1,695474,5788
1786075327,932965652,1,-410.9445495605469,109.94839477539062,-674.69873046875,,,,,,,,,,695475,5788
1786075327,932965652,,,,,5,-1495.311767578125,1021.4033203125,-775.408203125,0.11286218464374542,-0.14874373376369476,-0.2701165974140167,0.9445498585700989,1,695475,5788
1786075327,940870410,1,-410.75067138671875,110.63663482666016,-674.957763671875,,,,,,,,,,695476,5788
1786075327,940870410,,,,,5,-1495.31689453125,1021.44140625,-775.4691772460938,0.11226430535316467,-0.14890031516551971,-0.268989622592926,0.9449179768562317,1,695476,5788
1786075327,949795186,1,-410.78411865234375,108.60171508789062,-675.160888671875,,,,,,,,,,695477,5788
1786075327,949795186,,,,,5,-1495.26611328125,1021.4378051757812,-775.4564208984375,0.1131535992026329,-0.1487724334001541,-0.27068185806274414,0.9443486928939819,1,695477,5788
1786075327,957783273,1,-411.0979309082031,109.79432678222656,-674.6857299804688,,,,,,,,,,695478,5788
1786075327,957783273,,,,,5,-1495.30126953125,1021.35986328125,-775.4437255859375,0.11282121390104294,-0.1489434391260147,-0.2702520489692688,0.944484531879425,1,695478,5788
1786075327,966134503,1,-410.8012390136719,108.66748809814453,-675.2363891601562,,,,,,,,,,695479,5788
1786075327,966134503,,,,,5,-1495.26611328125,1021.3897705078125,-775.44287109375,0.112928107380867,-0.14867813885211945,-0.26962900161743164,0.9446916580200195,1,695479,5788
1786075327,974599079,1,-410.7578125,108.84551239013672,-675.1097412109375,,,,,,,,,,695480,5788
1786075327,974599079,,,,,5,-1495.2867431640625,1021.4363403320312,-775.479248046875,0.11302094161510468,-0.14891552925109863,-0.27039071917533875,0.9444253444671631,1,695480,5788
1786075327,982483644,1,-410.83074951171875,109.94821166992188,-674.6139526367188,,,,,,,,,,695481,5788
1786075327,982483644,,,,,5,-1495.298095703125,1021.3662109375,-775.4793090820312,0.11279638856649399,-0.14886435866355896,-0.2700326144695282,0.9445627927780151,1,695481,5788
1786075327,991566055,1,-410.8374938964844,108.59796142578125,-675.2044677734375,,,,,,,,,,695482,5788
1786075327,991566055,,,,,5,-1495.2947998046875,1021.3773803710938,-775.410888671875,0.11289594322443008,-0.14865098893642426,-0.27049824595451355,0.9444512128829956,1,695482,5788
1786075327,999470813,1,-410.85357666015625,108.46055603027344,-675.1995849609375,,,,,,,,,,695483,5788
1786075327,999470813,,,,,5,-1495.305908203125,1021.4148559570312,-775.4706420898438,0.11312126368284225,-0.1488935351371765,-0.27006974816322327,0.9445086717605591,1,695483,5788
1786075328,7582294,1,-410.8410339355469,108.60009002685547,-675.2310791015625,,,,,,,,,,695484,5788
1786075328,7582294,,,,,5,-1495.2781982421875,1021.3743286132812,-775.4896850585938,0.11317148804664612,-0.14860329031944275,-0.26971063017845154,0.9446510076522827,1,695484,5788
1786075328,16576096,1,-410.8649597167969,108.5793228149414,-675.2174682617188,,,,,,,,,,695485,5788
1786075328,16576096,,,,,5,-1495.3099365234375,1021.4093017578125,-775.4298706054688,0.11282697319984436,-0.14901676774024963,-0.27014195919036865,0.944503903388977,1,695485,5788
1786075328,24571223,1,-412.1126403808594,108.42031860351562,-675.0525512695312,,,,,,,,,,695486,5788
1786075328,24571223,,,,,5,-1495.3128662109375,1021.3728637695312,-775.43603515625,0.11276984214782715,-0.1488015502691269,-0.2699242830276489,0.9446068406105042,1,695486,5788
1786075328,32540429,1,-410.90008544921875,110.24903106689453,-674.4548950195312,,,,,,,,,,695487,5788
1786075328,32540429,,,,,5,-1495.293701171875,1021.3930053710938,-775.3961181640625,0.11295860260725021,-0.1487007588148117,-0.270174115896225,0.9445286989212036,1,695487,5788
1786075328,41497014,1,-410.9112243652344,109.96349334716797,-674.7801513671875,,,,,,,,,,695488,5788
1786075328,41497014,,,,,5,-1495.296142578125,1021.3859252929688,-775.4132080078125,0.11298426985740662,-0.14878669381141663,-0.2701277434825897,0.944525420665741,1,695488,5788
1786075328,49680176,1,-411.7645263671875,107.53970336914062,-675.2597045898438,,,,,,,,,,695489,5788
1786075328,49680176,,,,,5,-1495.2955322265625,1021.4107666015625,-775.4429321289062,0.11307568848133087,-0.148884579539299,-0.27002382278442383,0.9445286989212036,1,695489,5788
1786075328,57489540,1,-410.8797912597656,109.89158630371094,-674.7272338867188,,,,,,,,,,695490,5788
1786075328,57489540,,,,,5,-1495.2987060546875,1021.3619995117188,-775.4454956054688,0.11306765675544739,-0.14871244132518768,-0.2698988914489746,0.9445924758911133,1,695490,5788
1786075328,66445037,1,-411.2366943359375,109.98868560791016,-675.0173950195312,,,,,,,,,,695491,5788
1786075328,66445037,,,,,5,-1495.2586669921875,1021.4216918945312,-775.4822998046875,0.11306684464216232,-0.14891156554222107,-0.2704049348831177,0.9444165229797363,1,695491,5788
1786075328,74436644,1,-410.7965393066406,108.6129379272461,-675.2071533203125,,,,,,,,,,695492,5788
1786075328,74436644,,,,,5,-1495.31494140625,1021.42626953125,-775.4509887695312,0.11306270956993103,-0.14896582067012787,-0.26977285742759705,0.9445891380310059,1,695492,5788
1786075328,82463931,1,-410.9731750488281,109.78080749511719,-674.7189331054688,,,,,,,,,,695493,5788
1786075328,82463931,,,,,5,-1495.3353271484375,1021.38525390625,-775.4471435546875,0.1128537580370903,-0.14913195371627808,-0.26986393332481384,0.9445618987083435,1,695493,5788
1786075328,91435460,1,-410.8987121582031,109.91044616699219,-674.7717895507812,,,,,,,,,,695494,5788
1786075328,91435460,,,,,5,-1495.2733154296875,1021.4127197265625,-775.4542846679688,0.11304497718811035,-0.14874355494976044,-0.26982080936431885,0.9446126222610474,1,695494,5788
1786075328,99230167,1,-410.7524108886719,110.36820983886719,-674.4647216796875,,,,,,,,,,695495,5788
1786075328,99230167,,,,,5,-1495.2838134765625,1021.4010009765625,-775.4310913085938,0.11292511969804764,-0.1486130803823471,-0.2697361409664154,0.9446717500686646,1,695495,5788
1786075328,108208641,1,-411.7879333496094,107.39983367919922,-675.2015380859375,,,,,,,,,,695496,5788
1786075328,108208641,,,,,5,-1495.2806396484375,1021.3595581054688,-775.4160766601562,0.1129564419388771,-0.14875684678554535,-0.27113592624664307,0.9442445635795593,1,695496,5788
1786075328,116179991,1,-410.79388427734375,110.25511932373047,-674.8298950195312,,,,,,,,,,695497,5788
1786075328,116179991,,,,,5,-1495.2998046875,1021.3900756835938,-775.4625244140625,0.11289528757333755,-0.14892786741256714,-0.26964208483695984,0.9446525573730469,1,695497,5788
1786075328,124867547,1,-410.9195251464844,109.97291564941406,-674.7736206054688,,,,,,,,,,695498,5788
1786075328,124867547,,,,,5,-1495.3104248046875,1021.39990234375,-775.406005859375,0.11279059201478958,-0.14906305074691772,-0.2698499262332916,0.944584310054779,1,695498,5788
1786075328,133199705,1,-412.0873718261719,108.33953094482422,-675.002685546875,,,,,,,,,,695499,5788
1786075328,133199705,,,,,5,-1495.3114013671875,1021.3847045898438,-775.4215698242188,0.11289504915475845,-0.14880767464637756,-0.2700638771057129,0.9445509314537048,1,695499,5788
1786075328,141194895,1,-410.8121337890625,108.57952117919922,-675.2020874023438,,,,,,,,,,695500,5788
1786075328,141194895,,,,,5,-1495.300537109375,1021.4363403320312,-775.4652709960938,0.11289133131504059,-0.148919478058815,-0.269551545381546,0.9446800947189331,1,695500,5788
1786075328,149100101,1,-411.6877746582031,107.55004119873047,-675.2118530273438,,,,,,,,,,695501,5788
1786075328,149100101,,,,,5,-1495.2943115234375,1021.4140625,-775.4868774414062,0.11286472529172897,-0.14889876544475555,-0.26934823393821716,0.9447445869445801,1,695501,5788
1786075328,158092526,1,-410.9522705078125,109.87942504882812,-674.709228515625,,,,,,,,,,695502,5788
1786075328,158092526,,,,,5,-1495.2899169921875,1021.4161987304688,-775.4815673828125,0.11292583495378494,-0.1487383097410202,-0.269785612821579,0.9446377158164978,1,695502,5788
1786075328,166058725,1,-410.93792724609375,109.94343566894531,-674.7127075195312,,,,,,,,,,695503,5788
1786075328,166058725,,,,,5,-1495.291259765625,1021.4088745117188,-775.4083862304688,0.11296259611845016,-0.14876188337802887,-0.2700884938240051,0.9445431232452393,1,695503,5788
1786075328,174145949,1,-411.2801818847656,110.01497650146484,-675.092529296875,,,,,,,,,,695504,5788
1786075328,174145949,,,,,5,-1495.283447265625,1021.4010009765625,-775.4411010742188,0.11318925768136978,-0.14872026443481445,-0.27032455801963806,0.9444549083709717,1,695504,5788
1786075328,183069798,1,-410.8443908691406,110.2812728881836,-674.4412841796875,,,,,,,,,,695505,5788
1786075328,183069798,,,,,5,-1495.3172607421875,1021.3739624023438,-775.4484252929688,0.11301441490650177,-0.1487610638141632,-0.27067628502845764,0.9443687200546265,1,695505,5788
1786075328,191069629,1,-410.885986328125,109.74286651611328,-674.657958984375,,,,,,,,,,695506,5788
1786075328,191069629,,,,,5,-1495.3162841796875,1021.3673095703125,-775.4143676757812,0.11292091012001038,-0.14867530763149261,-0.2706294059753418,0.9444068074226379,1,695506,5788
1786075328,198947985,1,-410.6669921875,110.82054138183594,-675.0867919921875,,,,,,,,,,695507,5788
1786075328,198947985,,,,,5,-1495.28076171875,1021.4337768554688,-775.45458984375,0.11251311004161835,-0.14903511106967926,-0.2680191099643707,0.9451430439949036,1,695507,5788
1786075328,208008988,1,-411.9957580566406,108.46983337402344,-675.0203247070312,,,,,,,,,,695508,5788
1786075328,208008988,,,,,5,-1495.2984619140625,1021.3639526367188,-775.4142456054688,0.11269862204790115,-0.14892292022705078,-0.2703009247779846,0.9444884657859802,1,695508,5788
1786075328,215961746,1,-410.7972412109375,108.66810607910156,-675.1420288085938,,,,,,,,,,695509,5788
1786075328,215961746,,,,,5,-1495.28271484375,1021.3643798828125,-775.4590454101562,0.11344794929027557,-0.14844848215579987,-0.26982834935188293,0.9446086287498474,1,695509,5788
1786075328,223916776,1,-412.372802734375,107.0005111694336,-674.86962890625,,,,,,,,,,695510,5788
1786075328,223916776,,,,,5,-1495.2991943359375,1021.4072265625,-775.4691772460938,0.11301211267709732,-0.14874690771102905,-0.26984766125679016,0.9446083903312683,1,695510,5788
1786075328,232850801,1,-410.88397216796875,110.02557373046875,-674.76953125,,,,,,,,,,695511,5788
1786075328,232850801,,,,,5,-1495.3271484375,1021.4085083007812,-775.4314575195312,0.11284931004047394,-0.14904065430164337,-0.27006736397743225,0.9445187449455261,1,695511,5788
1786075328,240399744,1,-411.7350158691406,107.4692611694336,-675.2175903320312,,,,,,,,,,695512,5788
1786075328,240399744,,,,,5,-1495.27294921875,1021.3880004882812,-775.4605712890625,0.11303824931383133,-0.14889027178287506,-0.26993638277053833,0.9445571899414062,1,695512,5788
1786075328,249909299,1,-410.83428955078125,108.8261489868164,-675.0828857421875,,,,,,,,,,695513,5788
1786075328,249909299,,,,,5,-1495.2718505859375,1021.4373168945312,-775.5074462890625,0.11300460994243622,-0.1488923281431198,-0.2702186107635498,0.944480299949646,1,695513,5788
1786075328,257874825,1,-411.7499694824219,107.6395034790039,-675.193603515625,,,,,,,,,,695514,5788
1786075328,257874825,,,,,5,-1495.30224609375,1021.4192504882812,-775.4736938476562,0.11294808983802795,-0.14906910061836243,-0.26977258920669556,0.9445867538452148,1,695514,5788
1786075328,265871072,1,-410.8980407714844,109.93692016601562,-674.7723388671875,,,,,,,,,,695515,5788
1786075328,265871072,,,,,5,-1495.283203125,1021.3596801757812,-775.4444580078125,0.11275958269834518,-0.1489095687866211,-0.2703632116317749,0.9444655179977417,1,695515,5788
1786075328,274891754,1,-410.67681884765625,108.47798156738281,-675.0691528320312,,,,,,,,,,695516,5788
1786075328,274891754,,,,,5,-1495.2972412109375,1021.3829345703125,-775.4420776367188,0.11281822621822357,-0.14893026649951935,-0.2698460519313812,0.9446031451225281,1,695516,5788
1786075328,282816800,1,-412.03948974609375,108.39137268066406,-674.9136962890625,,,,,,,,,,695517,5788
1786075328,282816800,,,,,5,-1495.2822265625,1021.3703002929688,-775.4083251953125,0.11272947490215302,-0.14888791739940643,-0.2701652944087982,0.9445291757583618,1,695517,5788
1786075328,290790038,1,-410.78338623046875,110.06935119628906,-674.692626953125,,,,,,,,,,695518,5788
1786075328,290790038,,,,,5,-1495.284423828125,1021.4161987304688,-775.4652099609375,0.11307933181524277,-0.14880116283893585,-0.2695322036743164,0.9446817636489868,1,695518,5788
1786075328,299799136,1,-410.6895751953125,110.66531372070312,-674.9761352539062,,,,,,,,,,695519,5788
1786075328,299799136,,,,,5,-1495.284423828125,1021.4691772460938,-775.5048217773438,0.11263946443796158,-0.14897389709949493,-0.26889529824256897,0.9448886513710022,1,695519,5788
1786075328,307715638,1,-411.8221740722656,107.40242767333984,-675.2481079101562,,,,,,,,,,695520,5788
1786075328,307715638,,,,,5,-1495.2913818359375,1021.3473510742188,-775.4189453125,0.11264122277498245,-0.1489536166191101,-0.27021268010139465,0.9445157647132874,1,695520,5788
1786075328,316070260,1,-410.962646484375,109.89063262939453,-674.8009033203125,,,,,,,,,,695521,5788
1786075328,316070260,,,,,5,-1495.276611328125,1021.4064331054688,-775.4401245117188,0.11292403191328049,-0.14883339405059814,-0.27026131749153137,0.9444869756698608,1,695521,5788
1786075328,323661251,1,-410.7726745605469,110.61637878417969,-674.3297119140625,,,,,,,,,,695522,5788
1786075328,323661251,,,,,5,-1495.2845458984375,1021.3941650390625,-775.4667358398438,0.1128261387348175,-0.14881470799446106,-0.2700876295566559,0.944551408290863,1,695522,5788
1786075328,332883793,1,-412.07183837890625,108.39469909667969,-674.9515380859375,,,,,,,,,,695523,5788
1786075328,332883793,,,,,5,-1495.32373046875,1021.3836059570312,-775.4317626953125,0.1128455325961113,-0.14878253638744354,-0.2703736126422882,0.9444723129272461,1,695523,5788
1786075328,341676023,1,-410.8536682128906,110.02838897705078,-674.718017578125,,,,,,,,,,695524,5788
1786075328,341676023,,,,,5,-1495.3045654296875,1021.3839111328125,-775.4288940429688,0.11280567944049835,-0.1488131582736969,-0.26996275782585144,0.9445897936820984,1,695524,5788
1786075328,349536523,1,-412.0602722167969,108.40055084228516,-674.9916381835938,,,,,,,,,,695525,5788
1786075328,349536523,,,,,5,-1495.29541015625,1021.4171752929688,-775.4481201171875,0.11311253160238266,-0.14856216311454773,-0.27000805735588074,0.9445796012878418,1,695525,5788
1786075328,357547490,1,-410.90252685546875,110.0006332397461,-674.811767578125,,,,,,,,,,695526,5788
1786075328,357547490,,,,,5,-1495.2591552734375,1021.3523559570312,-775.4767456054688,0.11289605498313904,-0.14875760674476624,-0.26988086104393005,0.9446110725402832,1,695526,5788
1786075328,366751152,1,-410.8925476074219,109.93526458740234,-674.7781982421875,,,,,,,,,,695527,5788
1786075328,366751152,,,,,5,-1495.3416748046875,1021.3518676757812,-775.3883666992188,0.11277158558368683,-0.1489230990409851,-0.2705724537372589,0.9444020390510559,1,695527,5788
1786075328,374467074,1,-410.8419494628906,108.56414031982422,-675.2354736328125,,,,,,,,,,695528,5788
1786075328,374467074,,,,,5,-1495.314208984375,1021.3546142578125,-775.4556274414062,0.11279183626174927,-0.14886993169784546,-0.270305871963501,0.944484293460846,1,695528,5788
1786075328,383090052,1,-410.9539489746094,109.94078063964844,-674.7507934570312,,,,,,,,,,695529,5788
1786075328,383090052,,,,,5,-1495.296142578125,1021.3923950195312,-775.4332275390625,0.1129397377371788,-0.14879825711250305,-0.27016812562942505,0.9445173740386963,1,695529,5788
1786075328,392291698,1,-410.8310546875,108.60942077636719,-675.2735595703125,,,,,,,,,,695530,5788
1786075328,392291698,,,,,5,-1495.29248046875,1021.4089965820312,-775.4456176757812,0.11308727413415909,-0.1486089676618576,-0.2701125741004944,0.944545328617096,1,695530,5788
1786075328,399390136,1,-410.96197509765625,108.51073455810547,-675.1712036132812,,,,,,,,,,695531,5788
1786075328,399390136,,,,,5,-1495.3216552734375,1021.3956909179688,-775.4440307617188,0.11286658048629761,-0.14887607097625732,-0.2697533667087555,0.9446322917938232,1,695531,5788
1786075328,407394159,1,-411.0517578125,110.7602767944336,-675.3480224609375,,,,,,,,,,695532,5788
1786075328,407394159,,,,,5,-1495.2861328125,1021.3825073242188,-775.4609375,0.11298257857561111,-0.1489492803812027,-0.2707630693912506,0.9443179965019226,1,695532,5788
1786075328,416365880,1,-410.9083251953125,110.02592468261719,-674.785888671875,,,,,,,,,,695533,5788
1786075328,416365880,,,,,5,-1495.3206787109375,1021.4093017578125,-775.41796875,0.11292440444231033,-0.148883655667305,-0.27034300565719604,0.9444556832313538,1,695533,5788
1786075328,424460817,1,-412.1076354980469,108.37638854980469,-674.9867553710938,,,,,,,,,,695534,5788
1786075328,424460817,,,,,5,-1495.3134765625,1021.3722534179688,-775.4398803710938,0.1129470095038414,-0.14890441298484802,-0.27002131938934326,0.9445418119430542,1,695534,5788
1786075328,432380486,1,-410.7889099121094,108.66201782226562,-675.2800903320312,,,,,,,,,,695535,5788
1786075328,432380486,,,,,5,-1495.307861328125,1021.3703002929688,-775.4254150390625,0.11269962042570114,-0.14901694655418396,-0.2702629864215851,0.9444844722747803,1,695535,5788
1786075328,441308655,1,-410.8572998046875,109.98170471191406,-674.7259521484375,,,,,,,,,,695536,5788
1786075328,441308655,,,,,5,-1495.2752685546875,1021.3439331054688,-775.4391479492188,0.11282023042440414,-0.14888989925384521,-0.27036240696907043,0.9444615244865417,1,695536,5788
1786075328,449367911,1,-410.6200256347656,108.92929077148438,-675.3357543945312,,,,,,,,,,695537,5788
1786075328,449367911,,,,,5,-1495.300537109375,1021.3971557617188,-775.4319458007812,0.11297285556793213,-0.148859903216362,-0.2699083983898163,0.9445778727531433,1,695537,5788
1786075328,458165453,1,-410.9674377441406,109.97982788085938,-674.7238159179688,,,,,,,,,,695538,5788
1786075328,458165453,,,,,5,-1495.3111572265625,1021.3984375,-775.4380493164062,0.11294125020503998,-0.1487646847963333,-0.2700377106666565,0.9445596933364868,1,695538,5788
1786075328,466141924,1,-410.67523193359375,110.65715026855469,-674.9688720703125,,,,,,,,,,695539,5788
1786075328,466141924,,,,,5,-1495.292236328125,1021.4449462890625,-775.51220703125,0.11245208233594894,-0.14884066581726074,-0.2680748403072357,0.9451649785041809,1,695539,5788
1786075328,474119162,1,-409.33929443359375,109.09036254882812,-675.3593139648438,,,,,,,,,,695540,5788
1786075328,474119162,,,,,5,-1495.29736328125,1021.3803100585938,-775.4481811523438,0.11282610148191452,-0.1487746685743332,-0.26992276310920715,0.9446048140525818,1,695540,5788
1786075328,483124484,1,-410.7525634765625,108.677001953125,-675.20703125,,,,,,,,,,695541,5788
1786075328,483124484,,,,,5,-1495.28466796875,1021.4034423828125,-775.467529296875,0.11303818970918655,-0.14878271520137787,-0.269661545753479,0.9446526765823364,1,695541,5788
1786075328,491214557,1,-410.9184875488281,110.02545166015625,-674.8020629882812,,,,,,,,,,695542,5788
1786075328,491214557,,,,,5,-1495.3009033203125,1021.4181518554688,-775.4329833984375,0.11296676099300385,-0.1488548219203949,-0.26971882581710815,0.9446335434913635,1,695542,5788
1786075328,499414487,1,-410.9679870605469,109.94099426269531,-674.739990234375,,,,,,,,,,695543,5788
1786075328,499414487,,,,,5,-1495.27587890625,1021.3840942382812,-775.4677124023438,0.11273396760225296,-0.1489180028438568,-0.26984885334968567,0.9446142911911011,1,695543,5788
1786075328,507267180,1,-410.7772521972656,108.65403747558594,-675.2162475585938,,,,,,,,,,695544,5788
1786075328,507267180,,,,,5,-1495.297119140625,1021.3869018554688,-775.3971557617188,0.11284907162189484,-0.1488093137741089,-0.26972100138664246,0.944654107093811,1,695544,5788
1786075328,516135507,1,-410.76885986328125,108.67237091064453,-675.2183227539062,,,,,,,,,,695545,5789
1786075328,516135507,,,,,5,-1495.2952880859375,1021.4085083007812,-775.4420776367188,0.11302082985639572,-0.14879880845546722,-0.26959946751594543,0.9446700215339661,1,695545,5789
1786075328,523993799,1,-412.0814208984375,108.45880126953125,-674.9276123046875,,,,,,,,,,695546,5789
1786075328,523993799,,,,,5,-1495.3150634765625,1021.3567504882812,-775.4303588867188,0.11286421865224838,-0.1490112692117691,-0.270871639251709,0.9442912340164185,1,695546,5789
1786075328,533034866,1,-412.01983642578125,109.0116958618164,-674.738037109375,,,,,,,,,,695547,5789
1786075328,533034866,,,,,5,-1495.3367919921875,1021.3912353515625,-775.3905029296875,0.11281611025333405,-0.14905478060245514,-0.27043041586875916,0.9444165229797363,1,695547,5789
1786075328,541066217,1,-410.8027648925781,108.60417175292969,-675.2508544921875,,,,,,,,,,695548,5789
1786075328,541066217,,,,,5,-1495.2896728515625,1021.4244995117188,-775.447021484375,0.1129787266254425,-0.14877869188785553,-0.269683301448822,0.9446542859077454,1,695548,5789
1786075328,549309253,1,-411.751708984375,107.50725555419922,-675.2984008789062,,,,,,,,,,695549,5789
1786075328,549309253,,,,,5,-1495.2728271484375,1021.357421875,-775.4664916992188,0.11312931030988693,-0.14868579804897308,-0.2708505094051361,0.9443168640136719,1,695549,5789
1786075328,558072074,1,-410.8659973144531,108.56121063232422,-675.3726196289062,,,,,,,,,,695550,5789
1786075328,558072074,,,,,5,-1495.330078125,1021.3859252929688,-775.4281616210938,0.11285272985696793,-0.14894431829452515,-0.27038708329200745,0.9444419741630554,1,695550,5789
1786075328,565887358,1,-410.9215393066406,110.07593536376953,-674.69580078125,,,,,,,,,,695551,5789
1786075328,565887358,,,,,5,-1495.264892578125,1021.4181518554688,-775.4188232421875,0.11294881999492645,-0.14871002733707428,-0.26979872584342957,0.9446356892585754,1,695551,5789
1786075328,575072011,1,-412.0091857910156,108.48318481445312,-674.9991455078125,,,,,,,,,,695552,5789
1786075328,575072011,,,,,5,-1495.316162109375,1021.3607788085938,-775.4569091796875,0.11270919442176819,-0.1489057093858719,-0.270023912191391,0.9445691704750061,1,695552,5789
1786075328,582804541,1,-412.09222412109375,107.56491088867188,-674.9063720703125,,,,,,,,,,695553,5789
1786075328,582804541,,,,,5,-1495.2850341796875,1021.3990478515625,-775.4371337890625,0.11299862712621689,-0.1485220491886139,-0.2702077031135559,0.944542407989502,1,695553,5789
1786075328,590826740,1,-412.01177978515625,108.43901824951172,-674.94775390625,,,,,,,,,,695554,5789
1786075328,590826740,,,,,5,-1495.28173828125,1021.3779296875,-775.4476318359375,0.1128888875246048,-0.14886240661144257,-0.2699393332004547,0.9445787072181702,1,695554,5789
1786075328,599749949,1,-410.8453063964844,110.02898406982422,-674.7831420898438,,,,,,,,,,695555,5789
1786075328,599749949,,,,,5,-1495.30419921875,1021.3694458007812,-775.4298706054688,0.1127103865146637,-0.1489955186843872,-0.2702508866786957,0.9444900155067444,1,695555,5789
1786075328,607822133,1,-411.71978759765625,107.5000991821289,-675.1964721679688,,,,,,,,,,695556,5789
1786075328,607822133,,,,,5,-1495.3079833984375,1021.3892822265625,-775.4240112304688,0.11292519420385361,-0.14868497848510742,-0.27017420530319214,0.9445352554321289,1,695556,5789
1786075328,615716266,1,-410.7329406738281,108.67109680175781,-675.1630859375,,,,,,,,,,695557,5789
1786075328,615716266,,,,,5,-1495.295654296875,1021.40673828125,-775.4303588867188,0.11285335570573807,-0.148945614695549,-0.27024948596954346,0.9444810748100281,1,695557,5789
1786075328,624847382,1,-410.7278137207031,108.68085479736328,-675.19970703125,,,,,,,,,,695558,5789
1786075328,624847382,,,,,5,-1495.3177490234375,1021.3772583007812,-775.4711303710938,0.11286959797143936,-0.14889883995056152,-0.2701336145401001,0.9445196986198425,1,695558,5789
1786075328,632667978,1,-410.7499694824219,108.70570373535156,-675.2100219726562,,,,,,,,,,695559,5789
1786075328,632667978,,,,,5,-1495.310546875,1021.3546752929688,-775.4642944335938,0.1131158322095871,-0.14889897406101227,-0.27051088213920593,0.9443822503089905,1,695559,5789
1786075328,641350062,1,-411.72015380859375,107.72419738769531,-675.81787109375,,,,,,,,,,695560,5789
1786075328,641350062,,,,,5,-1495.275634765625,1021.4369506835938,-775.489013671875,0.11221729964017868,-0.1490461379289627,-0.2683277130126953,0.945088803768158,1,695560,5789
1786075328,649870927,1,-411.7445068359375,107.52363586425781,-675.2578735351562,,,,,,,,,,695561,5789
1786075328,649870927,,,,,5,-1495.2972412109375,1021.36767578125,-775.4367065429688,0.11278137564659119,-0.14889076352119446,-0.27005869150161743,0.9445528984069824,1,695561,5789
1786075328,657937031,1,-410.8940124511719,109.99607849121094,-674.7484130859375,,,,,,,,,,695562,5789
1786075328,657937031,,,,,5,-1495.3231201171875,1021.3923950195312,-775.4302368164062,0.11297289282083511,-0.14887607097625732,-0.2703433036804199,0.9444509148597717,1,695562,5789
1786075328,665982303,1,-410.9220275878906,109.98606872558594,-674.75048828125,,,,,,,,,,695563,5789
1786075328,665982303,,,,,5,-1495.194091796875,1021.3404541015625,-775.4931030273438,0.11264720559120178,-0.1497442126274109,-0.26993265748023987,0.9444700479507446,1,695563,5789
1786075328,674850950,1,-410.7962341308594,108.74504852294922,-675.390380859375,,,,,,,,,,695564,5789
1786075328,674850950,,,,,5,-1495.3018798828125,1021.3973999023438,-775.434326171875,0.11289088428020477,-0.14906857907772064,-0.2704417407512665,0.9444022178649902,1,695564,5789
1786075328,682601624,1,-410.8435363769531,108.60841369628906,-675.2066650390625,,,,,,,,,,695565,5789
1786075328,682601624,,,,,5,-1495.28515625,1021.3870239257812,-775.4198608398438,0.11273061484098434,-0.1488051414489746,-0.2697891294956207,0.9446495771408081,1,695565,5789
1786075328,691646691,1,-410.9237060546875,109.89942169189453,-674.8199462890625,,,,,,,,,,695566,5789
1786075328,691646691,,,,,5,-1495.2978515625,1021.3515014648438,-775.4315795898438,0.11322975903749466,-0.14863066375255585,-0.27112749218940735,0.9442341327667236,1,695566,5789
1786075328,699531416,1,-410.8446960449219,108.49361419677734,-675.3995361328125,,,,,,,,,,695567,5789
1786075328,699531416,,,,,5,-1495.309814453125,1021.4274291992188,-775.4849243164062,0.11284855753183365,-0.14908595383167267,-0.2705269455909729,0.9443801045417786,1,695567,5789
1786075328,707521135,1,-410.7675476074219,108.66724395751953,-675.2525024414062,,,,,,,,,,695568,5789
1786075328,707521135,,,,,5,-1495.3084716796875,1021.3809814453125,-775.3956909179688,0.11286787688732147,-0.14861960709095,-0.27029284834861755,0.9445183277130127,1,695568,5789
1786075328,716430807,1,-410.92352294921875,108.69883728027344,-675.0928344726562,,,,,,,,,,695569,5789
1786075328,716430807,,,,,5,-1495.2816162109375,1021.4006958007812,-775.4419555664062,0.11301291733980179,-0.14879204332828522,-0.26989102363586426,0.9445887207984924,1,695569,5789
1786075328,724501007,1,-410.86773681640625,108.47447204589844,-675.3176879882812,,,,,,,,,,695570,5789
1786075328,724501007,,,,,5,-1495.3099365234375,1021.3819580078125,-775.4406127929688,0.1127801164984703,-0.14887933433055878,-0.26982593536376953,0.9446213841438293,1,695570,5789
1786075328,732414756,1,-410.8393859863281,107.87109375,-675.1749877929688,,,,,,,,,,695571,5789
1786075328,732414756,,,,,5,-1495.3116455078125,1021.3432006835938,-775.4577026367188,0.1126694455742836,-0.14912299811840057,-0.27057862281799316,0.9443808794021606,1,695571,5789
1786075328,741389390,1,-410.7466125488281,108.6468505859375,-675.1902465820312,,,,,,,,,,695572,5789
1786075328,741389390,,,,,5,-1495.3114013671875,1021.3800659179688,-775.4403076171875,0.11284331977367401,-0.14883039891719818,-0.2699006199836731,0.9446002840995789,1,695572,5789
1786075328,749701323,1,-410.8470458984375,108.61302947998047,-675.2415161132812,,,,,,,,,,695573,5789
1786075328,749701323,,,,,5,-1495.289794921875,1021.41845703125,-775.4520263671875,0.11299619823694229,-0.14885780215263367,-0.2695824205875397,0.9446685314178467,1,695573,5789
1786075328,757355163,1,-410.9327392578125,110.00286102294922,-674.7564697265625,,,,,,,,,,695574,5789
1786075328,757355163,,,,,5,-1495.2972412109375,1021.3889770507812,-775.4226684570312,0.11297038942575455,-0.14892934262752533,-0.270279198884964,0.9444612264633179,1,695574,5789
1786075328,766260163,1,-410.91748046875,108.6617202758789,-675.0660400390625,,,,,,,,,,695575,5789
1786075328,766260163,,,,,5,-1495.333984375,1021.3780517578125,-775.4527587890625,0.11282192170619965,-0.1489121913909912,-0.26977771520614624,0.9446251392364502,1,695575,5789
1786075328,773813234,1,-412.1354064941406,108.30738830566406,-674.95068359375,,,,,,,,,,695576,5789
1786075328,773813234,,,,,5,-1495.2928466796875,1021.4041137695312,-775.4824829101562,0.1129273921251297,-0.1489737331867218,-0.27085432410240173,0.9442945718765259,1,695576,5789
1786075328,783314117,1,-412.115966796875,108.40241241455078,-674.9953002929688,,,,,,,,,,695577,5789
1786075328,783314117,,,,,5,-1495.337158203125,1021.4235229492188,-775.4708862304688,0.11307141929864883,-0.1489594280719757,-0.26971927285194397,0.9446043968200684,1,695577,5789
1786075328,791358941,1,-410.922607421875,110.01921081542969,-674.717041015625,,,,,,,,,,695578,5789
1786075328,791358941,,,,,5,-1495.2730712890625,1021.3873901367188,-775.4506225585938,0.11289998888969421,-0.14887885749340057,-0.2697572112083435,0.9446267485618591,1,695578,5789
1786075328,799311283,1,-410.793701171875,108.70732116699219,-675.2398071289062,,,,,,,,,,695579,5789
1786075328,799311283,,,,,5,-1495.311767578125,1021.3889770507812,-775.4109497070312,0.11288785934448242,-0.14900273084640503,-0.27000629901885986,0.9445376396179199,1,695579,5789
1786075328,808218491,1,-410.8682861328125,108.5705795288086,-675.1981201171875,,,,,,,,,,695580,5789
1786075328,808218491,,,,,5,-1495.300048828125,1021.388671875,-775.4443969726562,0.11269932240247726,-0.1489298939704895,-0.26970046758651733,0.9446589946746826,1,695580,5789
1786075328,816150193,1,-410.9377136230469,109.97703552246094,-674.78271484375,,,,,,,,,,695581,5789
1786075328,816150193,,,,,5,-1495.305419921875,1021.4016723632812,-775.4703979492188,0.11285099387168884,-0.14910751581192017,-0.2710852324962616,0.944216251373291,1,695581,5789
1786075328,824196232,1,-411.7778015136719,107.41597747802734,-675.2177124023438,,,,,,,,,,695582,5789
1786075328,824196232,,,,,5,-1495.30517578125,1021.4197387695312,-775.4279174804688,0.11297338455915451,-0.1490115225315094,-0.26991167664527893,0.944553017616272,1,695582,5789
1786075328,833213075,1,-410.7315673828125,108.7391128540039,-675.1830444335938,,,,,,,,,,695583,5789
1786075328,833213075,,,,,5,-1495.298828125,1021.3772583007812,-775.4048461914062,0.11283843219280243,-0.1488640308380127,-0.26994720101356506,0.9445821642875671,1,695583,5789
1786075328,842408384,1,-411.1130065917969,109.7373275756836,-674.7633056640625,,,,,,,,,,695584,5789
1786075328,842408384,,,,,5,-1495.298095703125,1021.373046875,-775.42041015625,0.11306800693273544,-0.1486949622631073,-0.27025505900382996,0.9444935321807861,1,695584,5789
1786075328,849249185,1,-410.8712463378906,108.44721984863281,-675.4258422851562,,,,,,,,,,695585,5789
1786075328,849249185,,,,,5,-1495.2772216796875,1021.4176025390625,-775.4190063476562,0.1129760891199112,-0.14871206879615784,-0.26978814601898193,0.9446352124214172,1,695585,5789
1786075328,858113640,1,-410.9153137207031,109.99005126953125,-674.7495727539062,,,,,,,,,,695586,5789
1786075328,858113640,,,,,5,-1495.296875,1021.33740234375,-775.3956298828125,0.11326801031827927,-0.14860449731349945,-0.2701821029186249,0.9445045590400696,1,695586,5789
1786075328,866184289,1,-412.0775451660156,108.41728210449219,-674.9623413085938,,,,,,,,,,695587,5789
1786075328,866184289,,,,,5,-1495.2755126953125,1021.3648681640625,-775.4769897460938,0.11313691735267639,-0.14871203899383545,-0.2696487009525299,0.94465571641922,1,695587,5789
1786075328,874054133,1,-410.5189514160156,109.4278793334961,-675.4703979492188,,,,,,,,,,695588,5789
1786075328,874054133,,,,,5,-1495.3087158203125,1021.443359375,-775.4391479492188,0.11234582215547562,-0.14897607266902924,-0.2687959671020508,0.9449515342712402,1,695588,5789
1786075328,882995038,1,-410.911376953125,109.95729064941406,-674.7094116210938,,,,,,,,,,695589,5789
1786075328,882995038,,,,,5,-1495.316650390625,1021.3670043945312,-775.4407348632812,0.11270534992218018,-0.1491379737854004,-0.2701558768749237,0.9444953203201294,1,695589,5789
1786075328,891100855,1,-410.99066162109375,109.91166687011719,-674.7376708984375,,,,,,,,,,695590,5789
1786075328,891100855,,,,,5,-1495.3319091796875,1021.3793334960938,-775.4401245117188,0.11281034350395203,-0.14881771802902222,-0.2699504494667053,0.9445919394493103,1,695590,5789
1786075328,900648075,1,-410.508544921875,109.44281768798828,-675.5341796875,,,,,,,,,,695591,5789
1786075328,900648075,,,,,5,-1495.300537109375,1021.42919921875,-775.4545288085938,0.11230140179395676,-0.14864003658294678,-0.2688988745212555,0.9449804425239563,1,695591,5789
1786075328,908035159,1,-410.859619140625,108.57157897949219,-675.247314453125,,,,,,,,,,695592,5789
1786075328,908035159,,,,,5,-1495.3031005859375,1021.40771484375,-775.4628295898438,0.11294258385896683,-0.14882078766822815,-0.26948004961013794,0.9447100162506104,1,695592,5789
1786075328,916103183,1,-410.85931396484375,108.48454284667969,-675.126220703125,,,,,,,,,,695593,5789
1786075328,916103183,,,,,5,-1495.2965087890625,1021.4029541015625,-775.4307861328125,0.11292324215173721,-0.1486947387456894,-0.27117058634757996,0.9442482590675354,1,695593,5789
1786075328,923850593,1,-412.045654296875,108.41853332519531,-674.9752197265625,,,,,,,,,,695594,5789
1786075328,923850593,,,,,5,-1495.306396484375,1021.4267578125,-775.4489135742188,0.11300842463970184,-0.14887210726737976,-0.2699492275714874,0.9445599913597107,1,695594,5789
1786075328,932868619,1,-411.768798828125,107.44252014160156,-675.2403564453125,,,,,,,,,,695595,5789
1786075328,932868619,,,,,5,-1495.3330078125,1021.3759155273438,-775.3970336914062,0.11270377039909363,-0.14885932207107544,-0.2697138488292694,0.9446656107902527,1,695595,5789
1786075328,940910531,1,-410.8148193359375,108.5364761352539,-675.2703857421875,,,,,,,,,,695596,5789
1786075328,940910531,,,,,5,-1495.287109375,1021.3917236328125,-775.4454956054688,0.11302278190851212,-0.14885036647319794,-0.2700357139110565,0.9445371031761169,1,695596,5789
1786075328,949838379,1,-410.89227294921875,108.57262420654297,-675.208251953125,,,,,,,,,,695597,5789
1786075328,949838379,,,,,5,-1495.2711181640625,1021.4055786132812,-775.4228515625,0.11300995945930481,-0.14865340292453766,-0.26988887786865234,0.9446116089820862,1,695597,5789
1786075328,957814754,1,-410.8053894042969,108.55684661865234,-675.1859130859375,,,,,,,,,,695598,5789
1786075328,957814754,,,,,5,-1495.3380126953125,1021.4016723632812,-775.4301147460938,0.11284631490707397,-0.1489083468914032,-0.2699626684188843,0.9445699453353882,1,695598,5789
1786075328,966121055,1,-412.15411376953125,108.45809936523438,-675.2255249023438,,,,,,,,,,695599,5789
1786075328,966121055,,,,,5,-1495.276123046875,1021.3890991210938,-775.4564208984375,0.11314959824085236,-0.1488126814365387,-0.2700384855270386,0.9445270895957947,1,695599,5789
1786075328,974722145,1,-410.753662109375,108.78608703613281,-675.1646728515625,,,,,,,,,,695600,5789
1786075328,974722145,,,,,5,-1495.3387451171875,1021.4122924804688,-775.4188232421875,0.11283817142248154,-0.14898712933063507,-0.2693936228752136,0.9447208642959595,1,695600,5789
1786075328,982786809,1,-410.8404541015625,108.5772933959961,-675.22900390625,,,,,,,,,,695601,5789
1786075328,982786809,,,,,5,-1495.289306640625,1021.4135131835938,-775.4489135742188,0.11304453760385513,-0.14887331426143646,-0.2695780396461487,0.944661557674408,1,695601,5789
1786075328,990688270,1,-410.87249755859375,110.05213165283203,-674.775146484375,,,,,,,,,,695602,5789
1786075328,990688270,,,,,5,-1495.306396484375,1021.3477783203125,-775.4464721679688,0.11282206326723099,-0.14885978400707245,-0.2707524299621582,0.9443543553352356,1,695602,5789
1786075328,999570870,1,-410.814453125,108.59908294677734,-675.2066040039062,,,,,,,,,,695603,5789
1786075328,999570870,,,,,5,-1495.2674560546875,1021.4203491210938,-775.4964599609375,0.11316291242837906,-0.14888088405132294,-0.2702597975730896,0.9444514513015747,1,695603,5789
1786075329,7747888,1,-410.8172302246094,108.5670394897461,-675.1497192382812,,,,,,,,,,695604,5789
1786075329,7747888,,,,,5,-1495.3265380859375,1021.4230346679688,-775.3842163085938,0.11298961937427521,-0.14904870092868805,-0.26998090744018555,0.944525420665741,1,695604,5789
1786075329,16527638,1,-412.0874328613281,108.36137390136719,-674.9388427734375,,,,,,,,,,695605,5789
1786075329,16527638,,,,,5,-1495.291015625,1021.3595581054688,-775.4118041992188,0.11269573867321014,-0.14888209104537964,-0.27017655968666077,0.9445309042930603,1,695605,5789
1786075329,24630350,1,-411.6908874511719,106.88006591796875,-675.0570068359375,,,,,,,,,,695606,5789
1786075329,24630350,,,,,5,-1495.3216552734375,1021.3964233398438,-775.4340209960938,0.11285296082496643,-0.14899013936519623,-0.270224392414093,0.944481372833252,1,695606,5789
1786075329,32599365,1,-409.15966796875,109.17033386230469,-675.3709716796875,,,,,,,,,,695607,5789
1786075329,32599365,,,,,5,-1495.3074951171875,1021.4227905273438,-775.4674682617188,0.11295154690742493,-0.14891178905963898,-0.26995179057121277,0.9445598721504211,1,695607,5789
1786075329,41552525,1,-410.7694091796875,108.64864349365234,-675.1426391601562,,,,,,,,,,695608,5789
1786075329,41552525,,,,,5,-1495.263671875,1021.43212890625,-775.4782104492188,0.11313139647245407,-0.1486717313528061,-0.2705603241920471,0.9444020390510559,1,695608,5789
1786075329,49562564,1,-411.7910461425781,107.45270538330078,-675.214111328125,,,,,,,,,,695609,5789
1786075329,49562564,,,,,5,-1495.2850341796875,1021.4019775390625,-775.46337890625,0.1129155158996582,-0.14899399876594543,-0.2707997262477875,0.9443084597587585,1,695609,5789
1786075329,57510458,1,-410.9816589355469,108.54437255859375,-675.3426513671875,,,,,,,,,,695610,5789
1786075329,57510458,,,,,5,-1495.2735595703125,1021.4144897460938,-775.4453125,0.11301683634519577,-0.14880751073360443,-0.26990169286727905,0.9445827603340149,1,695610,5789
