timestamp_sec,timestamp_nanosec,marker_id,x,y,z,rigid_id,rx,ry,rz,qx,qy,qz,qw,is_track,source_frame_id,source_timestamp
1786013018,710677024,1,-1679.336181640625,723.182373046875,-1094.6138916015625,,,,,,,,,,1715498,14404
1786013018,710677024,,,,,5,-1638.7083740234375,1047.2611083984375,-757.5827026367188,0.08906164765357971,-0.08088041096925735,-0.19615791738033295,0.9731642007827759,1,1715498,14404
1786013018,718324864,1,-1679.2005615234375,723.139404296875,-1094.8314208984375,,,,,,,,,,1715499,14404
1786013018,718324864,,,,,5,-1638.7166748046875,1047.281005859375,-757.5960083007812,0.08937408775091171,-0.08090643584728241,-0.1967395842075348,0.9730159044265747,1,1715499,14404
1786013018,727442688,1,-1679.3328857421875,722.6171875,-1094.846923828125,,,,,,,,,,1715500,14404
1786013018,727442688,,,,,5,-1638.639892578125,1046.9451904296875,-757.6365966796875,0.09047950059175491,-0.0803583636879921,-0.20099078118801117,0.972089946269989,1,1715500,14404
1786013018,735166976,1,-1679.3975830078125,722.5530395507812,-1095.0765380859375,,,,,,,,,,1715501,14404
1786013018,735166976,,,,,5,-1638.6458740234375,1046.94921875,-757.6603393554688,0.09068173170089722,-0.08000612258911133,-0.2020726203918457,0.971875786781311,1,1715501,14404
1786013018,744210912,1,-1682.9647216796875,722.844970703125,-1096.1553955078125,,,,,,,,,,1715502,14404
1786013018,744210912,,,,,5,-1638.71484375,1047.2657470703125,-757.5946655273438,0.08935675770044327,-0.08060522377490997,-0.19717741012573242,0.9729539155960083,1,1715502,14404
1786013018,752099872,1,-1683.71240234375,722.7259521484375,-1096.353271484375,,,,,,,,,,1715503,14404
1786013018,752099872,,,,,5,-1638.7037353515625,1047.2723388671875,-757.5849609375,0.08928791433572769,-0.08078464865684509,-0.19671285152435303,0.9730392694473267,1,1715503,14404
1786013018,760423008,1,-1681.907958984375,722.97119140625,-1096.1387939453125,,,,,,,,,,1715504,14404
1786013018,760423008,,,,,5,-1638.6356201171875,1046.9468994140625,-757.6454467773438,0.09085410833358765,-0.08046673983335495,-0.20232738554477692,0.9717686772346497,1,1715504,14404
1786013018,768876992,1,-1677.217529296875,722.057373046875,-1094.2451171875,,,,,,,,,,1715505,14404
1786013018,768876992,,,,,5,-1638.189697265625,1046.6820068359375,-757.5724487304688,0.08808142691850662,-0.08372567594051361,-0.1954765021800995,0.973149836063385,1,1715505,14404
1786013018,777193312,1,-1682.117431640625,723.2220458984375,-1095.7718505859375,,,,,,,,,,1715506,14404
1786013018,777193312,,,,,5,-1638.7000732421875,1047.2769775390625,-757.5982666015625,0.08935921639204025,-0.08044847846031189,-0.196889728307724,0.9730249047279358,1,1715506,14404
1786013018,784942912,1,-1680.56201171875,725.2990112304688,-1095.0919189453125,,,,,,,,,,1715507,14404
1786013018,784942912,,,,,5,-1638.74609375,1047.25048828125,-757.6069946289062,0.08935954421758652,-0.08038302510976791,-0.19767814874649048,0.972870409488678,1,1715507,14404
1786013018,794099424,1,-1682.244873046875,720.1553955078125,-1096.584228515625,,,,,,,,,,1715508,14404
1786013018,794099424,,,,,5,-1638.6025390625,1046.95654296875,-757.6198120117188,0.09043595939874649,-0.08086182922124863,-0.20076604187488556,0.972098708152771,1,1715508,14404
1786013018,802235744,1,-1681.2523193359375,723.3701782226562,-1095.8323974609375,,,,,,,,,,1715509,14404
1786013018,802235744,,,,,5,-1638.693603515625,1047.2542724609375,-757.5778198242188,0.08923715353012085,-0.0807926133275032,-0.19650913774967194,0.973084568977356,1,1715509,14404
1786013018,810217792,1,-1679.16064453125,722.6224365234375,-1095.042236328125,,,,,,,,,,1715510,14404
1786013018,810217792,,,,,5,-1638.6119384765625,1046.99560546875,-757.6273193359375,0.09077337384223938,-0.08030104637145996,-0.20132549107074738,0.9719979763031006,1,1715510,14404
1786013018,819025824,1,-1681.6414794921875,721.9093017578125,-1096.4425048828125,,,,,,,,,,1715511,14404
1786013018,819025824,,,,,5,-1638.6177978515625,1046.9483642578125,-757.6329956054688,0.09057118743658066,-0.08041220903396606,-0.2016313672065735,0.9719442129135132,1,1715511,14404
1786013018,827149280,1,-1680.109619140625,722.2977294921875,-1096.215576171875,,,,,,,,,,1715512,14404
1786013018,827149280,,,,,5,-1638.644775390625,1046.9681396484375,-757.6420288085938,0.09061486274003983,-0.08004448562860489,-0.20168393850326538,0.9719595909118652,1,1715512,14404
1786013018,835073728,1,-1683.0306396484375,721.392333984375,-1096.8057861328125,,,,,,,,,,1715513,14404
1786013018,835073728,,,,,5,-1638.79296875,1047.2933349609375,-757.5944213867188,0.08962011337280273,-0.08035098761320114,-0.1972687840461731,0.9729322195053101,1,1715513,14404
1786013018,843961920,1,-1683.16796875,721.88525390625,-1096.768798828125,,,,,,,,,,1715514,14404
1786013018,843961920,,,,,5,-1638.7523193359375,1047.310302734375,-757.5689697265625,0.08954960107803345,-0.08029210567474365,-0.19683051109313965,0.9730322360992432,1,1715514,14404
1786013018,852243456,1,-1683.082275390625,718.9999389648438,-1097.2161865234375,,,,,,,,,,1715515,14404
1786013018,852243456,,,,,5,-1638.5455322265625,1046.937744140625,-757.6515502929688,0.09047939628362656,-0.08110658079385757,-0.20107612013816833,0.97201007604599,1,1715515,14404
1786013018,859664416,1,-1674.23779296875,724.0980224609375,-1091.394775390625,,,,,,,,,,1715516,14404
1786013018,859664416,,,,,5,-1638.7861328125,1047.307373046875,-757.604736328125,0.08969389647245407,-0.08029923588037491,-0.1975933164358139,0.9728637933731079,1,1715516,14404
1786013018,869118880,1,-1676.94091796875,723.235595703125,-1094.326171875,,,,,,,,,,1715517,14404
1786013018,869118880,,,,,5,-1638.7371826171875,1047.2752685546875,-757.6085815429688,0.08961278200149536,-0.08043672144412994,-0.19787482917308807,0.9728026986122131,1,1715517,14404
1786013018,876922336,1,-1677.7818603515625,723.10107421875,-1094.5565185546875,,,,,,,,,,1715518,14404
1786013018,876922336,,,,,5,-1638.6558837890625,1046.962890625,-757.6471557617188,0.09084604680538177,-0.08046270161867142,-0.20166590809822083,0.9719071984291077,1,1715518,14404
1786013018,885565280,1,-1677.1353759765625,724.1906127929688,-1094.5025634765625,,,,,,,,,,1715519,14404
1786013018,885565280,,,,,5,-1638.7425537109375,1047.29052734375,-757.5778198242188,0.08962634950876236,-0.0806136429309845,-0.1965615153312683,0.973052978515625,1,1715519,14404
1786013018,893741408,1,-1680.260986328125,720.58544921875,-1096.2569580078125,,,,,,,,,,1715520,14404
1786013018,893741408,,,,,5,-1638.665283203125,1046.9759521484375,-757.6424560546875,0.09060246497392654,-0.08012035489082336,-0.2016170769929886,0.9719683527946472,1,1715520,14404
1786013018,902088640,1,-1684.7630615234375,722.1209716796875,-1098.39111328125,,,,,,,,,,1715521,14404
1786013018,902088640,,,,,5,-1638.750244140625,1047.3070068359375,-757.5908813476562,0.08959069103002548,-0.08040067553520203,-0.19642920792102814,0.9731005430221558,1,1715521,14404
1786013018,910715168,1,-1674.1121826171875,722.6845092773438,-1093.6895751953125,,,,,,,,,,1715522,14404
1786013018,910715168,,,,,5,-1638.6522216796875,1046.97021484375,-757.6566772460938,0.09072509407997131,-0.080284982919693,-0.20182350277900696,0.9719005823135376,1,1715522,14404
1786013018,919047456,1,-1680.352783203125,722.552978515625,-1097.0853271484375,,,,,,,,,,1715523,14404
1786013018,919047456,,,,,5,-1638.721923828125,1047.2362060546875,-757.6051025390625,0.08922982215881348,-0.08055607229471207,-0.19684144854545593,0.973037600517273,1,1715523,14404
1786013018,928336576,1,-1680.5830078125,721.9542846679688,-1097.671630859375,,,,,,,,,,1715524,14404
1786013018,928336576,,,,,5,-1638.6282958984375,1046.9627685546875,-757.6378173828125,0.09063835442066193,-0.08030527085065842,-0.20217746496200562,0.971833348274231,1,1715524,14404
1786013018,935466048,1,-1680.79736328125,722.5057983398438,-1097.4803466796875,,,,,,,,,,1715525,14404
1786013018,935466048,,,,,5,-1638.7515869140625,1047.2620849609375,-757.6036987304688,0.089398592710495,-0.08044116199016571,-0.1976286768913269,0.9728719592094421,1,1715525,14404
1786013018,943435968,1,-1680.7503662109375,722.8759765625,-1097.62451171875,,,,,,,,,,1715526,14404
1786013018,943435968,,,,,5,-1638.7337646484375,1047.2640380859375,-757.5890502929688,0.08951151371002197,-0.08066964894533157,-0.19743698835372925,0.9728817343711853,1,1715526,14404
1786013018,951259872,1,-1680.692138671875,724.5858764648438,-1098.0992431640625,,,,,,,,,,1715527,14404
1786013018,951259872,,,,,5,-1638.7401123046875,1047.2669677734375,-757.5732421875,0.08936313539743423,-0.08069182932376862,-0.19680556654930115,0.973021388053894,1,1715527,14404
1786013018,960288992,1,-1683.637451171875,723.1762084960938,-1099.0985107421875,,,,,,,,,,1715528,14404
1786013018,960288992,,,,,5,-1638.7454833984375,1047.2396240234375,-757.5890502929688,0.08983594924211502,-0.08055396378040314,-0.19705481827259064,0.9729387164115906,1,1715528,14404
1786013018,969262688,1,-1687.691162109375,722.1071166992188,-1101.0833740234375,,,,,,,,,,1715529,14404
1786013018,969262688,,,,,5,-1638.648681640625,1046.9976806640625,-757.6316528320312,0.09088991582393646,-0.08040332794189453,-0.20106472074985504,0.9720326066017151,1,1715529,14404
1786013018,977344448,1,-1685.8306884765625,723.5579833984375,-1101.05810546875,,,,,,,,,,1715530,14404
1786013018,977344448,,,,,5,-1638.6484375,1046.9515380859375,-757.6259765625,0.09048242121934891,-0.08027482032775879,-0.20119351148605347,0.9720545411109924,1,1715530,14404
1786013018,985243520,1,-1680.7249755859375,725.34375,-1099.5545654296875,,,,,,,,,,1715531,14404
1786013018,985243520,,,,,5,-1638.7479248046875,1047.2718505859375,-757.6148071289062,0.08943299949169159,-0.08044920116662979,-0.19774340093135834,0.9728448987007141,1,1715531,14404
1786013018,994522464,1,-1681.3641357421875,724.6427001953125,-1100.3460693359375,,,,,,,,,,1715532,14404
1786013018,994522464,,,,,5,-1638.6317138671875,1046.9688720703125,-757.6369018554688,0.090547114610672,-0.0803726464509964,-0.20166945457458496,0.9719417691230774,1,1715532,14404
1786013019,2353920,1,-1677.946533203125,727.283203125,-1097.4132080078125,,,,,,,,,,1715533,14404
1786013019,2353920,,,,,5,-1638.7662353515625,1047.2713623046875,-757.6179809570312,0.08934370428323746,-0.08041602373123169,-0.1974467933177948,0.9729160070419312,1,1715533,14404
1786013019,10637760,1,-1683.357666015625,725.9100952148438,-1101.7232666015625,,,,,,,,,,1715534,14404
1786013019,10637760,,,,,5,-1638.749267578125,1047.256591796875,-757.5823364257812,0.08933577686548233,-0.08070540428161621,-0.19693420827388763,0.9729967713356018,1,1715534,14404
1786013019,18121312,1,-1686.862548828125,727.5247802734375,-1103.7064208984375,,,,,,,,,,1715535,14404
1786013019,18121312,,,,,5,-1638.7313232421875,1047.2882080078125,-757.59033203125,0.08937497437000275,-0.08070224523544312,-0.19706964492797852,0.9729660153388977,1,1715535,14404
1786013019,28901248,1,-1682.693115234375,727.0552978515625,-1102.880126953125,,,,,,,,,,1715536,14404
1786013019,28901248,,,,,5,-1638.6697998046875,1046.95703125,-757.6495361328125,0.09082913398742676,-0.08022763580083847,-0.2022971659898758,0.9717971086502075,1,1715536,14404
1786013019,35213376,1,-1680.618896484375,728.5745239257812,-1102.963623046875,,,,,,,,,,1715537,14404
1786013019,35213376,,,,,5,-1638.7391357421875,1047.2301025390625,-757.5896606445312,0.08921869099140167,-0.08081971853971481,-0.19642677903175354,0.9731005430221558,1,1715537,14404
1786013019,44220512,1,-1680.729736328125,727.7864990234375,-1103.6407470703125,,,,,,,,,,1715538,14404
1786013019,44220512,,,,,5,-1638.7376708984375,1047.267822265625,-757.6075439453125,0.08935648202896118,-0.08051490783691406,-0.19698482751846313,0.9730004072189331,1,1715538,14404
1786013019,52238560,1,-1681.0526123046875,727.7140502929688,-1103.7548828125,,,,,,,,,,1715539,14404
1786013019,52238560,,,,,5,-1638.7105712890625,1047.2802734375,-757.5794067382812,0.08942100405693054,-0.08067852258682251,-0.19727027416229248,0.9729230999946594,1,1715539,14404
1786013019,60466496,1,-1679.639892578125,728.7879638671875,-1104.398681640625,,,,,,,,,,1715540,14404
1786013019,60466496,,,,,5,-1638.7601318359375,1047.2926025390625,-757.5567626953125,0.08926548063755035,-0.08050784468650818,-0.19583456218242645,0.9732415676116943,1,1715540,14404
1786013019,67987584,1,-1679.9283447265625,728.3428344726562,-1105.4049072265625,,,,,,,,,,1715541,14404
1786013019,67987584,,,,,5,-1638.725830078125,1047.270751953125,-757.5734252929688,0.08940248936414719,-0.08061818033456802,-0.19658993184566498,0.9730674624443054,1,1715541,14404
1786013019,77386400,1,-1680.16748046875,728.6513671875,-1103.9571533203125,,,,,,,,,,1715542,14404
1786013019,77386400,,,,,5,-1638.7197265625,1047.2767333984375,-757.5941162109375,0.08945579826831818,-0.08071296662092209,-0.19676397740840912,0.9730195999145508,1,1715542,14404
1786013019,85336576,1,-1687.978271484375,726.06494140625,-1108.6414794921875,,,,,,,,,,1715543,14404
1786013019,85336576,,,,,5,-1638.7666015625,1047.29541015625,-757.5763549804688,0.08965592086315155,-0.0805354192852974,-0.19676698744297028,0.9730151891708374,1,1715543,14404
1786013019,94080480,1,-1684.6900634765625,725.687255859375,-1108.7618408203125,,,,,,,,,,1715544,14404
1786013019,94080480,,,,,5,-1638.740234375,1047.2310791015625,-757.5949096679688,0.08921582251787186,-0.08053769171237946,-0.1973743736743927,0.9729325175285339,1,1715544,14404
1786013019,102280896,1,-1686.487548828125,724.02783203125,-1109.72314453125,,,,,,,,,,1715545,14404
1786013019,102280896,,,,,5,-1638.7109375,1047.2471923828125,-757.5846557617188,0.08929417282342911,-0.08097059279680252,-0.1970748007297516,0.9729501008987427,1,1715545,14404
1786013019,110337216,1,-1685.845703125,722.0570678710938,-1110.40478515625,,,,,,,,,,1715546,14404
1786013019,110337216,,,,,5,-1638.620361328125,1046.917236328125,-757.60546875,0.09049075841903687,-0.08081936836242676,-0.20161418616771698,0.9719215631484985,1,1715546,14404
1786013019,119641696,1,-1680.280029296875,723.5090942382812,-1109.47119140625,,,,,,,,,,1715547,14404
1786013019,119641696,,,,,5,-1638.6669921875,1046.9801025390625,-757.6272583007812,0.090721994638443,-0.08016848564147949,-0.20193225145339966,0.9718878269195557,1,1715547,14404
1786013019,127144928,1,-1682.9219970703125,724.6319580078125,-1110.9429931640625,,,,,,,,,,1715548,14404
1786013019,127144928,,,,,5,-1638.7259521484375,1047.237060546875,-757.5994262695312,0.0896947979927063,-0.08070778101682663,-0.1967363804578781,0.9730035662651062,1,1715548,14404
1786013019,135290560,1,-1682.2230224609375,725.0731201171875,-1111.04248046875,,,,,,,,,,1715549,14404
1786013019,135290560,,,,,5,-1638.719970703125,1047.2642822265625,-757.588623046875,0.08919297158718109,-0.0807844027876854,-0.196565181016922,0.9730778932571411,1,1715549,14404
1786013019,144233280,1,-1683.5145263671875,724.8509521484375,-1111.9112548828125,,,,,,,,,,1715550,14404
1786013019,144233280,,,,,5,-1638.7291259765625,1047.2467041015625,-757.6011962890625,0.08935972303152084,-0.08072499930858612,-0.19769708812236786,0.9728382229804993,1,1715550,14404
1786013019,151869888,1,-1680.7313232421875,722.3605346679688,-1112.0360107421875,,,,,,,,,,1715551,14404
1786013019,151869888,,,,,5,-1638.7529296875,1047.2801513671875,-757.610107421875,0.08948114514350891,-0.08024817705154419,-0.196869358420372,0.9730343222618103,1,1715551,14404
1786013019,160900096,1,-1675.4019775390625,722.7291870117188,-1110.2979736328125,,,,,,,,,,1715552,14405
1786013019,160900096,,,,,5,-1638.7626953125,1047.2867431640625,-757.6066284179688,0.08970339596271515,-0.08039401471614838,-0.1972418576478958,0.9729264378547668,1,1715552,14405
1786013019,169043776,1,-1678.0018310546875,719.6524047851562,-1112.7991943359375,,,,,,,,,,1715553,14405
1786013019,169043776,,,,,5,-1638.662353515625,1046.9527587890625,-757.6493530273438,0.09063826501369476,-0.08038707077503204,-0.20176246762275696,0.9719129204750061,1,1715553,14405
1786013019,177245536,1,-1677.7486572265625,721.6077270507812,-1113.2891845703125,,,,,,,,,,1715554,14405
1786013019,177245536,,,,,5,-1638.647705078125,1046.9635009765625,-757.6477661132812,0.0905279666185379,-0.08041047304868698,-0.20169697701931,0.9719347953796387,1,1715554,14405
1786013019,184620448,1,-1674.0113525390625,722.9093627929688,-1112.4010009765625,,,,,,,,,,1715555,14405
1786013019,184620448,,,,,5,-1638.7078857421875,1047.265869140625,-757.5925903320312,0.08925126492977142,-0.08074993640184402,-0.19650299847126007,0.9730878472328186,1,1715555,14405
1786013019,193969728,1,-1674.856201171875,719.1771240234375,-1113.456787109375,,,,,,,,,,1715556,14405
1786013019,193969728,,,,,5,-1638.759033203125,1047.265869140625,-757.631591796875,0.08957430720329285,-0.08033279329538345,-0.1974947601556778,0.9728920459747314,1,1715556,14405
1786013019,202229280,1,-1674.8717041015625,718.7677612304688,-1114.3760986328125,,,,,,,,,,1715557,14405
1786013019,202229280,,,,,5,-1638.7447509765625,1047.2698974609375,-757.6215209960938,0.08943425118923187,-0.08043627440929413,-0.19771407544612885,0.9728518128395081,1,1715557,14405
1786013019,210795168,1,-1672.167724609375,718.869873046875,-1113.64208984375,,,,,,,,,,1715558,14405
1786013019,210795168,,,,,5,-1638.7183837890625,1047.2867431640625,-757.6009521484375,0.08922751247882843,-0.08056717365980148,-0.19680564105510712,0.9730442762374878,1,1715558,14405
1786013019,219357440,1,-1670.7974853515625,718.3299560546875,-1113.920654296875,,,,,,,,,,1715559,14405
1786013019,219357440,,,,,5,-1638.3968505859375,1046.9920654296875,-757.5589599609375,0.08753916621208191,-0.08309982717037201,-0.19276736676692963,0.973792552947998,1,1715559,14405
1786013019,226950720,1,-1671.5709228515625,717.6328735351562,-1115.4708251953125,,,,,,,,,,1715560,14405
1786013019,226950720,,,,,5,-1638.5965576171875,1046.9512939453125,-757.6490478515625,0.09011509269475937,-0.08048620074987411,-0.20068594813346863,0.9721761345863342,1,1715560,14405
1786013019,235842944,1,-1670.9041748046875,714.65283203125,-1116.224365234375,,,,,,,,,,1715561,14405
1786013019,235842944,,,,,5,-1638.655517578125,1046.97900390625,-757.6527709960938,0.09079888463020325,-0.08038361370563507,-0.20255257189273834,0.9717337489128113,1,1715561,14405
1786013019,244004608,1,-1667.3720703125,715.624267578125,-1115.284912109375,,,,,,,,,,1715562,14405
1786013019,244004608,,,,,5,-1638.593994140625,1046.9583740234375,-757.62158203125,0.09059423208236694,-0.08076166361570358,-0.20114460587501526,0.9720139503479004,1,1715562,14405
1786013019,251611968,1,-1668.431396484375,714.11767578125,-1115.604248046875,,,,,,,,,,1715563,14405
1786013019,251611968,,,,,5,-1638.7415771484375,1047.2862548828125,-757.5880126953125,0.08943173289299011,-0.08075784891843796,-0.19684867560863495,0.9730008244514465,1,1715563,14405
1786013019,260957472,1,-1667.45654296875,713.7605590820312,-1117.3345947265625,,,,,,,,,,1715564,14405
1786013019,260957472,,,,,5,-1638.5963134765625,1047.006591796875,-757.5936889648438,0.09040839225053787,-0.0804552286863327,-0.2003021091222763,0.9722305536270142,1,1715564,14405
1786013019,270120032,1,-1663.600830078125,716.1650390625,-1114.49365234375,,,,,,,,,,1715565,14405
1786013019,270120032,,,,,5,-1638.560791015625,1046.946533203125,-757.5802001953125,0.0903264582157135,-0.08121322095394135,-0.20087452232837677,0.9720571637153625,1,1715565,14405
1786013019,276503136,1,-1663.99267578125,713.6216430664062,-1116.1712646484375,,,,,,,,,,1715566,14405
1786013019,276503136,,,,,5,-1638.7406005859375,1047.2239990234375,-757.6008911132812,0.08987607061862946,-0.08038987219333649,-0.19764287769794464,0.9728294610977173,1,1715566,14405
1786013019,286941472,1,-1664.14404296875,713.896728515625,-1118.03125,,,,,,,,,,1715567,14405
1786013019,286941472,,,,,5,-1638.73828125,1047.265869140625,-757.5792236328125,0.08957981318235397,-0.08088921755552292,-0.196791872382164,0.9729878902435303,1,1715567,14405
1786013019,294640416,1,-1660.796630859375,713.8494873046875,-1115.703369140625,,,,,,,,,,1715568,14405
1786013019,294640416,,,,,5,-1638.7708740234375,1047.2315673828125,-757.6195068359375,0.08989255130290985,-0.08023247122764587,-0.1979043334722519,0.9727877974510193,1,1715568,14405
1786013019,302586496,1,-1663.353515625,711.751708984375,-1119.3458251953125,,,,,,,,,,1715569,14405
1786013019,302586496,,,,,5,-1638.7183837890625,1047.22607421875,-757.6129150390625,0.08965806663036346,-0.08050563186407089,-0.19722910225391388,0.9729238748550415,1,1715569,14405
1786013019,310700512,1,-1659.5098876953125,712.5358276367188,-1118.323974609375,,,,,,,,,,1715570,14405
1786013019,310700512,,,,,5,-1638.715087890625,1047.2510986328125,-757.5918579101562,0.08913037925958633,-0.08068906515836716,-0.19645176827907562,0.9731144309043884,1,1715570,14405
1786013019,319327424,1,-1660.3602294921875,712.9725952148438,-1118.5726318359375,,,,,,,,,,1715571,14405
1786013019,319327424,,,,,5,-1638.7574462890625,1047.2713623046875,-757.6063842773438,0.08934440463781357,-0.08062982559204102,-0.19732370972633362,0.9729232788085938,1,1715571,14405
1786013019,327508576,1,-1659.6951904296875,712.62353515625,-1118.8946533203125,,,,,,,,,,1715572,14405
1786013019,327508576,,,,,5,-1638.7535400390625,1047.2864990234375,-757.6182861328125,0.08920059353113174,-0.08053023368120193,-0.19660556316375732,0.9730900526046753,1,1715572,14405
1786013019,336367328,1,-1657.95849609375,712.6151733398438,-1119.2586669921875,,,,,,,,,,1715573,14405
1786013019,336367328,,,,,5,-1638.7623291015625,1047.29248046875,-757.6073608398438,0.08991110324859619,-0.08010023832321167,-0.1969684213399887,0.9729868173599243,1,1715573,14405
1786013019,343606144,1,-1655.7738037109375,708.0571899414062,-1119.780029296875,,,,,,,,,,1715574,14405
1786013019,343606144,,,,,5,-1638.666015625,1046.9478759765625,-757.6472778320312,0.09066898375749588,-0.08021820336580276,-0.20230351388454437,0.9718114733695984,1,1715574,14405
1786013019,352510112,1,-1650.0015869140625,713.21875,-1114.485595703125,,,,,,,,,,1715575,14405
1786013019,352510112,,,,,5,-1638.7259521484375,1047.266845703125,-757.6329956054688,0.08955100923776627,-0.08055254817008972,-0.19765068590641022,0.9728443622589111,1,1715575,14405
1786013019,360519104,1,-1654.2392578125,710.3275756835938,-1118.836669921875,,,,,,,,,,1715576,14405
1786013019,360519104,,,,,5,-1638.709228515625,1047.251220703125,-757.6047973632812,0.08936094492673874,-0.0809490978717804,-0.19682727754116058,0.9729957580566406,1,1715576,14405
1786013019,368252128,1,-1657.3143310546875,706.6597900390625,-1122.1580810546875,,,,,,,,,,1715577,14405
1786013019,368252128,,,,,5,-1638.623046875,1046.9954833984375,-757.6182250976562,0.09056200087070465,-0.08058169484138489,-0.2003367394208908,0.9721987247467041,1,1715577,14405
1786013019,377639712,1,-1654.5291748046875,707.5668334960938,-1120.39794921875,,,,,,,,,,1715578,14405
1786013019,377639712,,,,,5,-1638.6263427734375,1046.9857177734375,-757.637939453125,0.09079401940107346,-0.0803551897406578,-0.20074056088924408,0.9721125364303589,1,1715578,14405
1786013019,385231008,1,-1654.3604736328125,706.9234619140625,-1120.9437255859375,,,,,,,,,,1715579,14405
1786013019,385231008,,,,,5,-1638.6824951171875,1047.2469482421875,-757.5986328125,0.08920768648386002,-0.0807410404086113,-0.1964232325553894,0.9731087684631348,1,1715579,14405
1786013019,394283456,1,-1653.48974609375,706.0791015625,-1120.9383544921875,,,,,,,,,,1715580,14405
1786013019,394283456,,,,,5,-1638.7109375,1047.253662109375,-757.5896606445312,0.08895996958017349,-0.08046313375234604,-0.1961381584405899,0.9732120037078857,1,1715580,14405
1786013019,402310432,1,-1650.0889892578125,703.44921875,-1120.186279296875,,,,,,,,,,1715581,14405
1786013019,402310432,,,,,5,-1638.7498779296875,1047.2388916015625,-757.6151733398438,0.08917225152254105,-0.08055539429187775,-0.19672995805740356,0.9730654954910278,1,1715581,14405
1786013019,410549504,1,-1644.79345703125,705.1029663085938,-1116.4078369140625,,,,,,,,,,1715582,14405
1786013019,410549504,,,,,5,-1638.5389404296875,1046.9173583984375,-757.6216430664062,0.09014853090047836,-0.08116751909255981,-0.19994601607322693,0.9722688794136047,1,1715582,14405
1786013019,419133056,1,-1645.19970703125,704.6569213867188,-1117.1434326171875,,,,,,,,,,1715583,14405
1786013019,419133056,,,,,5,-1638.6180419921875,1046.9505615234375,-757.6124877929688,0.09050942212343216,-0.08099786192178726,-0.20092277228832245,0.9720481038093567,1,1715583,14405
1786013019,427387072,1,-1645.007568359375,704.586181640625,-1118.6300048828125,,,,,,,,,,1715584,14405
1786013019,427387072,,,,,5,-1638.3582763671875,1046.9764404296875,-757.5448608398438,0.0869530513882637,-0.08352723717689514,-0.19289866089820862,0.9737826585769653,1,1715584,14405
1786013019,434846336,1,-1644.8704833984375,702.7885131835938,-1118.8211669921875,,,,,,,,,,1715585,14405
1786013019,434846336,,,,,5,-1638.7279052734375,1047.2537841796875,-757.5926513671875,0.08941666036844254,-0.08079882711172104,-0.19703319668769836,0.9729614853858948,1,1715585,14405
1786013019,444142976,1,-1642.5445556640625,703.3291625976562,-1116.738525390625,,,,,,,,,,1715586,14405
1786013019,444142976,,,,,5,-1638.7562255859375,1047.2591552734375,-757.5738525390625,0.08925145864486694,-0.08075639605522156,-0.19682681560516357,0.9730219841003418,1,1715586,14405
1786013019,452415136,1,-1640.4381103515625,701.3390502929688,-1116.3846435546875,,,,,,,,,,1715587,14405
1786013019,452415136,,,,,5,-1638.7430419921875,1047.2860107421875,-757.6043701171875,0.08949612826108932,-0.08092029392719269,-0.1972178816795349,0.9729066491127014,1,1715587,14405
1786013019,459994688,1,-1640.17919921875,700.368408203125,-1117.04345703125,,,,,,,,,,1715588,14405
1786013019,459994688,,,,,5,-1638.7547607421875,1047.2664794921875,-757.6138916015625,0.08958471566438675,-0.08046267181634903,-0.1977541595697403,0.9728277325630188,1,1715588,14405
1786013019,469206432,1,-1640.0494384765625,698.0156860351562,-1118.1859130859375,,,,,,,,,,1715589,14405
1786013019,469206432,,,,,5,-1638.6844482421875,1046.9613037109375,-757.6234130859375,0.09061779826879501,-0.08030775189399719,-0.20175877213478088,0.9719221591949463,1,1715589,14405
1786013019,477079072,1,-1638.2451171875,697.1600341796875,-1116.3560791015625,,,,,,,,,,1715590,14405
1786013019,477079072,,,,,5,-1638.5914306640625,1046.9442138671875,-757.6238403320312,0.09045389294624329,-0.08094891160726547,-0.20045806467533112,0.9721532464027405,1,1715590,14405
1786013019,484808352,1,-1642.7813720703125,695.0785522460938,-1119.1204833984375,,,,,,,,,,1715591,14405
1786013019,484808352,,,,,5,-1638.783447265625,1047.3084716796875,-757.6017456054688,0.08972007036209106,-0.0803774818778038,-0.19675566256046295,0.9730246663093567,1,1715591,14405
1786013019,494009024,1,-1638.2054443359375,695.1229858398438,-1117.73291015625,,,,,,,,,,1715592,14405
1786013019,494009024,,,,,5,-1638.7574462890625,1047.2420654296875,-757.6187744140625,0.08972695469856262,-0.08045836538076401,-0.19778773188591003,0.9728080034255981,1,1715592,14405
1786013019,502306080,1,-1637.3780517578125,693.0365600585938,-1117.9530029296875,,,,,,,,,,1715593,14405
1786013019,502306080,,,,,5,-1638.7691650390625,1047.264404296875,-757.6201782226562,0.0894208550453186,-0.080473892390728,-0.19773855805397034,0.9728450179100037,1,1715593,14405
1786013019,509932832,1,-1636.9959716796875,690.6176147460938,-1118.2916259765625,,,,,,,,,,1715594,14405
1786013019,509932832,,,,,5,-1638.5924072265625,1046.9510498046875,-757.6076049804688,0.09033294767141342,-0.08058791607618332,-0.20115245878696442,0.9720510840415955,1,1715594,14405
1786013019,519166592,1,-1635.302734375,690.4418334960938,-1118.1619873046875,,,,,,,,,,1715595,14405
1786013019,519166592,,,,,5,-1638.725830078125,1047.2900390625,-757.5951538085938,0.08930078893899918,-0.08046622574329376,-0.19728252291679382,0.972949206829071,1,1715595,14405
1786013019,526855040,1,-1634.6533203125,688.10791015625,-1118.1865234375,,,,,,,,,,1715596,14405
1786013019,526855040,,,,,5,-1638.7183837890625,1047.2647705078125,-757.5978393554688,0.08921057730913162,-0.08077992498874664,-0.19643034040927887,0.9731038212776184,1,1715596,14405
1786013019,535566752,1,-1634.4586181640625,685.2684326171875,-1118.495361328125,,,,,,,,,,1715597,14405
1786013019,535566752,,,,,5,-1638.596923828125,1046.9598388671875,-757.6219482421875,0.09036415070295334,-0.08080707490444183,-0.2005215883255005,0.972160279750824,1,1715597,14405
1786013019,544355712,1,-1633.543701171875,684.4251708984375,-1118.2904052734375,,,,,,,,,,1715598,14405
1786013019,544355712,,,,,5,-1638.7479248046875,1047.310302734375,-757.5924682617188,0.08966924250125885,-0.08049715310335159,-0.19665439426898956,0.9730399250984192,1,1715598,14405
1786013019,551559360,1,-1632.76513671875,682.4813842773438,-1118.5491943359375,,,,,,,,,,1715599,14405
1786013019,551559360,,,,,5,-1638.6527099609375,1046.94384765625,-757.6587524414062,0.09053763002157211,-0.08038519322872162,-0.20141588151454926,0.9719942808151245,1,1715599,14405
1786013019,560844480,1,-1632.158447265625,680.54248046875,-1118.5521240234375,,,,,,,,,,1715600,14405
1786013019,560844480,,,,,5,-1638.751220703125,1047.2662353515625,-757.5995483398438,0.08914391696453094,-0.08063257485628128,-0.1960812360048294,0.9731926321983337,1,1715600,14405
1786013019,569095904,1,-1631.057861328125,677.690185546875,-1119.091064453125,,,,,,,,,,1715601,14405
1786013019,569095904,,,,,5,-1638.77734375,1047.3228759765625,-757.6248779296875,0.08969833701848984,-0.08017679303884506,-0.1972370594739914,0.9729458093643188,1,1715601,14405
1786013019,576777888,1,-1630.3284912109375,674.9013671875,-1119.3634033203125,,,,,,,,,,1715602,14405
1786013019,576777888,,,,,5,-1638.6072998046875,1046.9520263671875,-757.6444091796875,0.09044510871171951,-0.080922931432724,-0.20115697383880615,0.9720119833946228,1,1715602,14405
1786013019,585794624,1,-1629.1593017578125,673.2304077148438,-1119.5159912109375,,,,,,,,,,1715603,14405
1786013019,585794624,,,,,5,-1638.5965576171875,1046.98193359375,-757.6199340820312,0.09028668701648712,-0.08065356314182281,-0.2007882446050644,0.972125232219696,1,1715603,14405
1786013019,594130944,1,-1628.6373291015625,670.82177734375,-1119.7022705078125,,,,,,,,,,1715604,14405
1786013019,594130944,,,,,5,-1638.7279052734375,1047.245361328125,-757.5985717773438,0.08946896344423294,-0.08075260370969772,-0.19778771698474884,0.9728074073791504,1,1715604,14405
1786013019,601413504,1,-1627.6026611328125,668.8944091796875,-1120.175048828125,,,,,,,,,,1715605,14405
1786013019,601413504,,,,,5,-1638.6468505859375,1046.9578857421875,-757.6359252929688,0.09078540652990341,-0.080372154712677,-0.20211106538772583,0.9718278050422668,1,1715605,14405
1786013019,610689312,1,-1626.8228759765625,665.520263671875,-1120.38037109375,,,,,,,,,,1715606,14405
1786013019,610689312,,,,,5,-1638.654541015625,1047.010498046875,-757.6161499023438,0.09080404043197632,-0.08061698824167252,-0.20115378499031067,0.9720044136047363,1,1715606,14405
1786013019,618919648,1,-1625.688232421875,663.7774658203125,-1120.3077392578125,,,,,,,,,,1715607,14405
1786013019,618919648,,,,,5,-1638.599853515625,1046.948974609375,-757.6094970703125,0.09053976088762283,-0.08086901158094406,-0.20087620615959167,0.9720656275749207,1,1715607,14405
1786013019,626575360,1,-1624.8546142578125,662.0823364257812,-1120.6129150390625,,,,,,,,,,1715608,14405
1786013019,626575360,,,,,5,-1638.783447265625,1047.3233642578125,-757.5790405273438,0.0898113027215004,-0.0805186852812767,-0.19696760177612305,0.9729616641998291,1,1715608,14405
1786013019,635703200,1,-1624.1002197265625,658.5842895507812,-1121.046875,,,,,,,,,,1715609,14405
1786013019,635703200,,,,,5,-1638.6527099609375,1046.989990234375,-757.6030883789062,0.09088518470525742,-0.08052586019039154,-0.20085324347019196,0.9720665812492371,1,1715609,14405
1786013019,643254880,1,-1623.0992431640625,655.4138793945312,-1120.86669921875,,,,,,,,,,1715610,14405
1786013019,643254880,,,,,5,-1638.7069091796875,1047.0179443359375,-757.6290893554688,0.09101907908916473,-0.0800359770655632,-0.20136381685733795,0.9719889163970947,1,1715610,14405
1786013019,652442240,1,-1622.4705810546875,653.6212158203125,-1121.4136962890625,,,,,,,,,,1715611,14405
1786013019,652442240,,,,,5,-1638.7613525390625,1047.3018798828125,-757.6160888671875,0.08955232053995132,-0.08038698881864548,-0.19687646627426147,0.9730149507522583,1,1715611,14405
1786013019,660669504,1,-1622.0341796875,650.3636474609375,-1121.310302734375,,,,,,,,,,1715612,14405
1786013019,660669504,,,,,5,-1638.7734375,1047.26953125,-757.5914306640625,0.08918935805559158,-0.08068130910396576,-0.19673556089401245,0.9730522632598877,1,1715612,14405
1786013019,668301216,1,-1621.3323974609375,646.3168334960938,-1121.6650390625,,,,,,,,,,1715613,14405
1786013019,668301216,,,,,5,-1638.6256103515625,1046.9827880859375,-757.6135864257812,0.0907580778002739,-0.08071190118789673,-0.20024926960468292,0.9721876978874207,1,1715613,14405
1786013019,677506784,1,-1620.2210693359375,645.0220336914062,-1121.1741943359375,,,,,,,,,,1715614,14405
1786013019,677506784,,,,,5,-1638.747314453125,1047.2913818359375,-757.5993041992188,0.09026771038770676,-0.08036202937364578,-0.1980021744966507,0.9727224111557007,1,1715614,14405
1786013019,685757952,1,-1618.9039306640625,640.3817138671875,-1121.06689453125,,,,,,,,,,1715615,14405
1786013019,685757952,,,,,5,-1638.7176513671875,1047.267333984375,-757.60400390625,0.08945342898368835,-0.080434650182724,-0.1969757229089737,0.9729999899864197,1,1715615,14405
1786013019,693132032,1,-1618.453125,637.3124389648438,-1123.6767578125,,,,,,,,,,1715616,14405
1786013019,693132032,,,,,5,-1638.6317138671875,1047.0020751953125,-757.6284790039062,0.09082851558923721,-0.08059798181056976,-0.20065447688102722,0.9721069931983948,1,1715616,14405
1786013019,702409024,1,-1618.837158203125,632.137939453125,-1123.74560546875,,,,,,,,,,1715617,14405
1786013019,702409024,,,,,5,-1638.595703125,1046.9412841796875,-757.6078491210938,0.09047878533601761,-0.08100828528404236,-0.20069877803325653,0.9720963835716248,1,1715617,14405
1786013019,710329568,1,-1617.0174560546875,631.3206787109375,-1123.680908203125,,,,,,,,,,1715618,14405
1786013019,710329568,,,,,5,-1638.7822265625,1047.3291015625,-757.5812377929688,0.08966995775699615,-0.08041934669017792,-0.19655421376228333,0.9730665683746338,1,1715618,14405
1786013019,719195200,1,-1617.550537109375,624.8217163085938,-1124.864013671875,,,,,,,,,,1715619,14405
1786013019,719195200,,,,,5,-1638.595947265625,1046.9332275390625,-757.641845703125,0.09061197191476822,-0.08088225871324539,-0.20112480223178864,0.9720063805580139,1,1715619,14405
1786013019,727644608,1,-1617.1314697265625,623.2567749023438,-1123.99658203125,,,,,,,,,,1715620,14405
1786013019,727644608,,,,,5,-1638.744384765625,1047.3070068359375,-757.5988159179688,0.08936142176389694,-0.0803249403834343,-0.19609151780605316,0.9731960892677307,1,1715620,14405
1786013019,735674432,1,-1616.7930908203125,619.2257080078125,-1124.6488037109375,,,,,,,,,,1715621,14405
1786013019,735674432,,,,,5,-1638.770751953125,1047.3363037109375,-757.6028442382812,0.0898047387599945,-0.08033526688814163,-0.19695353507995605,0.9729802012443542,1,1715621,14405
1786013019,742967072,1,-1616.26708984375,614.7112426757812,-1125.517822265625,,,,,,,,,,1715622,14405
1786013019,742967072,,,,,5,-1638.7322998046875,1047.2952880859375,-757.60791015625,0.08924403786659241,-0.08066001534461975,-0.1964065432548523,0.9731155633926392,1,1715622,14405
1786013019,752526208,1,-1615.690673828125,609.7359619140625,-1126.7027587890625,,,,,,,,,,1715623,14405
1786013019,752526208,,,,,5,-1638.5965576171875,1046.9637451171875,-757.6101684570312,0.09037178009748459,-0.08083099126815796,-0.2007431536912918,0.9721118807792664,1,1715623,14405
1786013019,759968896,1,-1615.217041015625,605.4339599609375,-1127.2618408203125,,,,,,,,,,1715624,14405
1786013019,759968896,,,,,5,-1638.6767578125,1046.9698486328125,-757.6502685546875,0.09062983840703964,-0.08026913553476334,-0.20170891284942627,0.9719344973564148,1,1715624,14405
1786013019,769086720,1,-1615.0413818359375,602.1180419921875,-1127.896728515625,,,,,,,,,,1715625,14405
1786013019,769086720,,,,,5,-1638.7523193359375,1047.2757568359375,-757.5899047851562,0.08958964049816132,-0.08076496422290802,-0.19726169109344482,0.9729021191596985,1,1715625,14405
1786013019,777160608,1,-1614.85546875,596.53759765625,-1129.1138916015625,,,,,,,,,,1715626,14405
1786013019,777160608,,,,,5,-1638.6429443359375,1046.9488525390625,-757.6237182617188,0.09036509692668915,-0.0803898274898529,-0.20105542242527008,0.9720845222473145,1,1715626,14405
1786013019,785978912,1,-1614.71728515625,591.8404541015625,-1130.182373046875,,,,,,,,,,1715627,14405
1786013019,785978912,,,,,5,-1638.617431640625,1046.9713134765625,-757.6248168945312,0.09075003862380981,-0.08084741979837418,-0.20176251232624054,0.9718642830848694,1,1715627,14405
1786013019,794254304,1,-1613.9146728515625,589.466796875,-1130.4520263671875,,,,,,,,,,1715628,14405
1786013019,794254304,,,,,5,-1638.7330322265625,1047.2794189453125,-757.5906982421875,0.08948943018913269,-0.08073791861534119,-0.1970045417547226,0.9729657173156738,1,1715628,14405
1786013019,802209600,1,-1614.1492919921875,583.87353515625,-1131.3153076171875,,,,,,,,,,1715629,14405
1786013019,802209600,,,,,5,-1638.599609375,1046.927978515625,-757.6047973632812,0.09088856726884842,-0.08084087818861008,-0.20130783319473267,0.9719460010528564,1,1715629,14405
1786013019,811022976,1,-1613.8099365234375,579.784423828125,-1132.0406494140625,,,,,,,,,,1715630,14405
1786013019,811022976,,,,,5,-1638.666259765625,1046.9664306640625,-757.6213989257812,0.09071327745914459,-0.08045066148042679,-0.20169350504875183,0.9719148874282837,1,1715630,14405
1786013019,819187584,1,-1613.322021484375,575.7268676757812,-1133.430908203125,,,,,,,,,,1715631,14405
1786013019,819187584,,,,,5,-1638.630126953125,1047.0133056640625,-757.601806640625,0.09083037823438644,-0.08065970987081528,-0.20047499239444733,0.9721386432647705,1,1715631,14405
1786013019,827392576,1,-1613.3104248046875,573.4932250976562,-1133.780517578125,,,,,,,,,,1715632,14405
1786013019,827392576,,,,,5,-1638.759033203125,1047.2525634765625,-757.5851440429688,0.08925261348485947,-0.08082018047571182,-0.1969052255153656,0.9730007648468018,1,1715632,14405
1786013019,834945280,1,-1612.413818359375,567.74072265625,-1134.6781005859375,,,,,,,,,,1715633,14405
1786013019,834945280,,,,,5,-1638.6722412109375,1046.9537353515625,-757.6185913085938,0.09104911237955093,-0.08020114153623581,-0.20169764757156372,0.9719033241271973,1,1715633,14405
1786013019,844020480,,,,,5,-1638.6395263671875,1046.9736328125,-757.5999145507812,0.09024898707866669,-0.08053985238075256,-0.2013397067785263,0.9720240831375122,1,1715634,14405
1786013019,851909984,1,-1611.489013671875,558.6864013671875,-1136.278076171875,,,,,,,,,,1715635,14405
1786013019,851909984,,,,,5,-1638.658447265625,1046.9686279296875,-757.62548828125,0.09112879633903503,-0.07999005913734436,-0.2016964703798294,0.9719134569168091,1,1715635,14405
1786013019,860962976,1,-1610.5078125,554.4663696289062,-1136.8773193359375,,,,,,,,,,1715636,14405
1786013019,860962976,,,,,5,-1638.686767578125,1047.264892578125,-757.6378784179688,0.08925360441207886,-0.08117282390594482,-0.196485236287117,0.9730561971664429,1,1715636,14405
1786013019,868854304,1,-1610.62109375,549.4542846679688,-1138.532958984375,,,,,,,,,,1715637,14405
1786013019,868854304,,,,,5,-1638.6439208984375,1046.9437255859375,-757.6232299804688,0.09036009758710861,-0.08041311055421829,-0.200959250330925,0.9721029996871948,1,1715637,14405
1786013019,877727392,1,-1610.2921142578125,546.5327758789062,-1139.1300048828125,,,,,,,,,,1715638,14405
1786013019,877727392,,,,,5,-1638.71484375,1047.2664794921875,-757.5825805664062,0.08947756141424179,-0.08086872100830078,-0.19719350337982178,0.9729176759719849,1,1715638,14405
1786013019,885839360,1,-1610.4217529296875,541.7182006835938,-1140.4305419921875,,,,,,,,,,1715639,14405
1786013019,885839360,,,,,5,-1638.589111328125,1046.95703125,-757.6218872070312,0.0904855877161026,-0.08101088553667068,-0.20067548751831055,0.9721003174781799,1,1715639,14405
1786013019,894166784,1,-1609.6610107421875,537.87060546875,-1141.125732421875,,,,,,,,,,1715640,14405
1786013019,894166784,,,,,5,-1638.747314453125,1047.2447509765625,-757.6406860351562,0.0893951877951622,-0.08037950843572617,-0.19743061065673828,0.9729176759719849,1,1715640,14405
1786013019,901792800,1,-1609.5728759765625,533.379638671875,-1142.38525390625,,,,,,,,,,1715641,14405
1786013019,901792800,,,,,5,-1638.6058349609375,1046.9422607421875,-757.6317138671875,0.09043542295694351,-0.08085580170154572,-0.20090168714523315,0.9720711708068848,1,1715641,14405
1786013019,910905600,1,-1609.200439453125,530.7921752929688,-1143.1551513671875,,,,,,,,,,1715642,14405
1786013019,910905600,,,,,5,-1638.6859130859375,1047.2386474609375,-757.6148071289062,0.08924338966608047,-0.08103629946708679,-0.19736909866333008,0.9728896617889404,1,1715642,14405
1786013019,918985408,1,-1608.4736328125,526.0126342773438,-1144.5377197265625,,,,,,,,,,1715643,14405
1786013019,918985408,,,,,5,-1638.6416015625,1046.9576416015625,-757.6632080078125,0.09043698757886887,-0.08049429208040237,-0.20134812593460083,0.9720086455345154,1,1715643,14405
1786013019,926512704,1,-1608.4168701171875,523.33740234375,-1145.1387939453125,,,,,,,,,,1715644,14405
1786013019,926512704,,,,,5,-1638.723876953125,1047.2730712890625,-757.59765625,0.0891847237944603,-0.08067688345909119,-0.1966140866279602,0.973077654838562,1,1715644,14405
1786013019,935771808,1,-1607.73388671875,519.4415283203125,-1146.433837890625,,,,,,,,,,1715645,14405
1786013019,935771808,,,,,5,-1638.559814453125,1046.9539794921875,-757.6248168945312,0.09040167182683945,-0.0808752030134201,-0.20110897719860077,0.9720298051834106,1,1715645,14405
1786013019,943516000,1,-1607.072021484375,515.8046264648438,-1147.415283203125,,,,,,,,,,1715646,14405
1786013019,943516000,,,,,5,-1638.6484375,1046.946533203125,-757.6390991210938,0.09035089612007141,-0.08061746507883072,-0.2010304182767868,0.972072184085846,1,1715646,14405
1786013019,952645504,1,-1606.772705078125,511.6463317871094,-1147.9915771484375,,,,,,,,,,1715647,14405
1786013019,952645504,,,,,5,-1638.5521240234375,1046.9378662109375,-757.5822143554688,0.09023965895175934,-0.08147285878658295,-0.2002509981393814,0.9721720814704895,1,1715647,14405
1786013019,961078592,1,-1607.1368408203125,510.3307800292969,-1149.895751953125,,,,,,,,,,1715648,14405
1786013019,961078592,,,,,5,-1638.632080078125,1046.9666748046875,-757.64453125,0.09062843769788742,-0.08034975826740265,-0.20157575607299805,0.9719555377960205,1,1715648,14405
1786013019,968687264,1,-1606.7579345703125,509.2535705566406,-1150.295166015625,,,,,,,,,,1715649,14405
1786013019,968687264,,,,,5,-1638.74609375,1047.2437744140625,-757.6165161132812,0.08924896270036697,-0.08041450381278992,-0.19722723960876465,0.9729694724082947,1,1715649,14405
1786013019,977656608,1,-1605.6934814453125,505.9450378417969,-1151.318603515625,,,,,,,,,,1715650,14405
1786013019,977656608,,,,,5,-1638.7269287109375,1047.2681884765625,-757.5889282226562,0.0894501581788063,-0.08079211413860321,-0.19654899835586548,0.973056972026825,1,1715650,14405
1786013019,985706720,1,-1605.7266845703125,502.7204895019531,-1151.8096923828125,,,,,,,,,,1715651,14405
1786013019,985706720,,,,,5,-1638.741455078125,1047.3424072265625,-757.5551147460938,0.08927026391029358,-0.08046801388263702,-0.19641953706741333,0.9731265306472778,1,1715651,14405
1786013019,993267104,1,-1604.018310546875,499.3820495605469,-1152.123291015625,,,,,,,,,,1715652,14405
1786013019,993267104,,,,,5,-1638.6312255859375,1046.9931640625,-757.5963745117188,0.090892493724823,-0.08079701662063599,-0.20068056881427765,0.9720790982246399,1,1715652,14405
1786013020,2477600,1,-1604.94580078125,498.5691833496094,-1153.569580078125,,,,,,,,,,1715653,14405
1786013020,2477600,,,,,5,-1638.7650146484375,1047.2724609375,-757.58935546875,0.08945854008197784,-0.08057918399572372,-0.1972663253545761,0.9729285836219788,1,1715653,14405
1786013020,10701760,1,-1603.245849609375,495.0225524902344,-1154.3681640625,,,,,,,,,,1715654,14405
1786013020,10701760,,,,,5,-1638.6097412109375,1046.968505859375,-757.6226806640625,0.09045881032943726,-0.08068504929542542,-0.20091015100479126,0.9720814824104309,1,1715654,14405
1786013020,19739360,1,-1603.9012451171875,494.48590087890625,-1155.39404296875,,,,,,,,,,1715655,14405
1786013020,19739360,,,,,5,-1638.7691650390625,1047.3011474609375,-757.5885620117188,0.08975910395383835,-0.08041664212942123,-0.19702407717704773,0.9729635715484619,1,1715655,14405
1786013020,27860032,1,-1603.4296875,490.9653625488281,-1156.7620849609375,,,,,,,,,,1715656,14405
1786013020,27860032,,,,,5,-1638.62890625,1046.9271240234375,-757.6376342773438,0.09052596986293793,-0.08062490075826645,-0.20151537656784058,0.971954882144928,1,1715656,14405
1786013020,35189824,1,-1602.6710205078125,491.38604736328125,-1157.1044921875,,,,,,,,,,1715657,14405
1786013020,35189824,,,,,5,-1638.7347412109375,1047.2713623046875,-757.57373046875,0.08947804570198059,-0.0807899758219719,-0.19690881669521332,0.9729817509651184,1,1715657,14405
1786013020,44414944,1,-1602.051025390625,487.2825622558594,-1157.35546875,,,,,,,,,,1715658,14405
1786013020,44414944,,,,,5,-1638.636962890625,1046.9453125,-757.640625,0.09047471731901169,-0.08045996725559235,-0.2012300342321396,0.9720324873924255,1,1715658,14405
1786013020,52501728,1,-1603.2376708984375,487.8274841308594,-1159.227783203125,,,,,,,,,,1715659,14405
1786013020,52501728,,,,,5,-1638.7275390625,1047.2587890625,-757.603271484375,0.08923900127410889,-0.08100490272045135,-0.19660684466362,0.9730468988418579,1,1715659,14405
1786013020,60337184,1,-1602.9420166015625,484.43853759765625,-1161.276611328125,,,,,,,,,,1715660,14405
1786013020,60337184,,,,,5,-1638.616455078125,1046.9752197265625,-757.6547241210938,0.09052402526140213,-0.0803990513086319,-0.20159009099006653,0.9719582200050354,1,1715660,14405
1786013020,69881728,1,-1598.5748291015625,487.44805908203125,-1159.3826904296875,,,,,,,,,,1715661,14405
1786013020,69881728,,,,,5,-1638.7445068359375,1047.28857421875,-757.6259155273438,0.08955347537994385,-0.08043358474969864,-0.19774127006530762,0.9728354811668396,1,1715661,14405
1786013020,77707104,1,-1599.8424072265625,485.5263977050781,-1161.292724609375,,,,,,,,,,1715662,14405
1786013020,77707104,,,,,5,-1638.747314453125,1047.2386474609375,-757.6376342773438,0.08977054059505463,-0.08038105070590973,-0.1977733075618744,0.9728134274482727,1,1715662,14405
1786013020,84964032,1,-1598.27294921875,483.7021484375,-1161.984375,,,,,,,,,,1715663,14405
1786013020,84964032,,,,,5,-1638.6343994140625,1047.0042724609375,-757.6351928710938,0.09096043556928635,-0.0805082768201828,-0.20162175595760345,0.9719019532203674,1,1715663,14405
1786013020,94182944,1,-1596.6649169921875,484.28704833984375,-1161.5623779296875,,,,,,,,,,1715664,14405
1786013020,94182944,,,,,5,-1638.697509765625,1047.2874755859375,-757.610595703125,0.08938705176115036,-0.08069911599159241,-0.19707049429416656,0.9729649424552917,1,1715664,14405
1786013020,102478272,1,-1599.4488525390625,481.4391784667969,-1164.654296875,,,,,,,,,,1715665,14405
1786013020,102478272,,,,,5,-1638.5804443359375,1046.96533203125,-757.6403198242188,0.09042786806821823,-0.08080395311117172,-0.20065104961395264,0.9721279740333557,1,1715665,14405
1786013020,109982848,1,-1598.5474853515625,480.6081237792969,-1165.4019775390625,,,,,,,,,,1715666,14405
1786013020,109982848,,,,,5,-1638.5955810546875,1046.9774169921875,-757.6431884765625,0.09084125608205795,-0.08058254420757294,-0.20097008347511292,0.9720419645309448,1,1715666,14405
1786013020,119338176,1,-1598.8265380859375,479.08056640625,-1166.11669921875,,,,,,,,,,1715667,14405
1786013020,119338176,,,,,5,-1638.6051025390625,1046.9385986328125,-757.6227416992188,0.09030405431985855,-0.08086100220680237,-0.2013215273618698,0.9719961285591125,1,1715667,14405
1786013020,127077632,1,-1596.5865478515625,480.52642822265625,-1166.1822509765625,,,,,,,,,,1715668,14405
1786013020,127077632,,,,,5,-1638.729736328125,1047.2508544921875,-757.58251953125,0.08892075717449188,-0.08083250373601913,-0.196938619017601,0.9730234146118164,1,1715668,14405
1786013020,136096448,1,-1597.2171630859375,478.9637756347656,-1168.3212890625,,,,,,,,,,1715669,14405
1786013020,136096448,,,,,5,-1638.62890625,1046.9638671875,-757.6275634765625,0.09034167975187302,-0.08083803206682205,-0.20053106546401978,0.9721578359603882,1,1715669,14405
1786013020,144210432,1,-1596.7703857421875,479.48492431640625,-1168.635498046875,,,,,,,,,,1715670,14405
1786013020,144210432,,,,,5,-1638.7274169921875,1047.2567138671875,-757.5914916992188,0.08983026444911957,-0.08069542795419693,-0.19748128950595856,0.972841203212738,1,1715670,14405
1786013020,151960128,1,-1596.41015625,479.467041015625,-1169.2919921875,,,,,,,,,,1715671,14405
1786013020,151960128,,,,,5,-1638.6824951171875,1047.2718505859375,-757.5701904296875,0.08927939832210541,-0.08082035928964615,-0.19718338549137115,0.9729419350624084,1,1715671,14405
1786013020,161068448,1,-1595.971435546875,479.5546569824219,-1170.280029296875,,,,,,,,,,1715672,14406
1786013020,161068448,,,,,5,-1638.7435302734375,1047.2305908203125,-757.607421875,0.08958032727241516,-0.08040866255760193,-0.19748128950595856,0.9728879928588867,1,1715672,14406
1786013020,168904128,1,-1595.29833984375,478.92095947265625,-1170.6884765625,,,,,,,,,,1715673,14406
1786013020,168904128,,,,,5,-1638.7508544921875,1047.2801513671875,-757.6232299804688,0.0895160511136055,-0.08032450079917908,-0.19762364029884338,0.9728718996047974,1,1715673,14406
1786013020,177893408,1,-1595.2801513671875,478.2331237792969,-1171.533203125,,,,,,,,,,1715674,14406
1786013020,177893408,,,,,5,-1638.76953125,1047.3240966796875,-757.5936889648438,0.08977897465229034,-0.08047302067279816,-0.19673465192317963,0.9730156064033508,1,1715674,14406
1786013020,185983552,1,-1594.245361328125,478.04248046875,-1172.1611328125,,,,,,,,,,1715675,14406
1786013020,185983552,,,,,5,-1638.7064208984375,1047.24560546875,-757.5862426757812,0.08968643844127655,-0.0808638259768486,-0.19748300313949585,0.9728401303291321,1,1715675,14406
1786013020,194155808,1,-1594.0625,477.6761779785156,-1173.0589599609375,,,,,,,,,,1715676,14406
1786013020,194155808,,,,,5,-1638.78125,1047.296875,-757.61279296875,0.08960078656673431,-0.08000872284173965,-0.19708086550235748,0.973000168800354,1,1715676,14406
1786013020,202031264,1,-1594.14111328125,475.9419860839844,-1174.0269775390625,,,,,,,,,,1715677,14406
1786013020,202031264,,,,,5,-1638.6265869140625,1046.9429931640625,-757.6111450195312,0.09043945372104645,-0.0809461772441864,-0.20054054260253906,0.9721378087997437,1,1715677,14406
1786013020,211458656,1,-1595.168212890625,476.6192932128906,-1174.5245361328125,,,,,,,,,,1715678,14406
1786013020,211458656,,,,,5,-1638.761962890625,1047.3037109375,-757.6265258789062,0.08989902585744858,-0.08035866916179657,-0.19821138679981232,0.9727142453193665,1,1715678,14406
1786013020,219029312,1,-1594.1766357421875,477.1308288574219,-1175.4268798828125,,,,,,,,,,1715679,14406
1786013020,219029312,,,,,5,-1638.7640380859375,1047.2298583984375,-757.6348876953125,0.08988284319639206,-0.08028750121593475,-0.1979326605796814,0.9727783203125,1,1715679,14406
1786013020,226603776,1,-1594.69482421875,474.9446716308594,-1176.712158203125,,,,,,,,,,1715680,14406
1786013020,226603776,,,,,5,-1638.5347900390625,1046.94189453125,-757.577880859375,0.08998841047286987,-0.08113332092761993,-0.20033620297908783,0.972206175327301,1,1715680,14406
1786013020,235868480,1,-1594.3155517578125,474.63397216796875,-1177.1427001953125,,,,,,,,,,1715681,14406
1786013020,235868480,,,,,5,-1638.5760498046875,1046.915283203125,-757.6165161132812,0.09082833677530289,-0.0806371346116066,-0.20130950212478638,0.9719682931900024,1,1715681,14406
1786013020,243558304,1,-1593.9254150390625,474.5867004394531,-1177.6015625,,,,,,,,,,1715682,14406
1786013020,243558304,,,,,5,-1638.7313232421875,1047.2861328125,-757.607177734375,0.08973253518342972,-0.08065320551395416,-0.19779133796691895,0.9727907776832581,1,1715682,14406
1786013020,252663168,1,-1593.988037109375,473.9734802246094,-1178.296875,,,,,,,,,,1715683,14406
1786013020,252663168,,,,,5,-1638.7515869140625,1047.2818603515625,-757.6284790039062,0.08929160237312317,-0.08046074956655502,-0.19740626215934753,0.9729254245758057,1,1715683,14406
1786013020,260975392,1,-1592.27392578125,472.603759765625,-1178.6483154296875,,,,,,,,,,1715684,14406
1786013020,260975392,,,,,5,-1638.6396484375,1046.97119140625,-757.657470703125,0.09054677188396454,-0.08051519840955734,-0.20193468034267426,0.971875011920929,1,1715684,14406
1786013020,268740992,1,-1592.4375,472.48828125,-1179.28515625,,,,,,,,,,1715685,14406
1786013020,268740992,,,,,5,-1638.7265625,1047.27880859375,-757.5822143554688,0.08942575007677078,-0.08063090592622757,-0.19695086777210236,0.9729912281036377,1,1715685,14406
1786013020,278121536,1,-1593.96875,469.30865478515625,-1179.7825927734375,,,,,,,,,,1715686,14406
1786013020,278121536,,,,,5,-1638.7216796875,1047.2779541015625,-757.5934448242188,0.08970903605222702,-0.08076591789722443,-0.19796839356422424,0.9727474451065063,1,1715686,14406
1786013020,286086592,1,-1594.9381103515625,467.26983642578125,-1180.04736328125,,,,,,,,,,1715687,14406
1786013020,286086592,,,,,5,-1638.7197265625,1047.2144775390625,-757.5946655273438,0.0895799919962883,-0.08067057281732559,-0.19811798632144928,0.9727368950843811,1,1715687,14406
1786013020,293401280,1,-1592.228271484375,469.8215026855469,-1181.1976318359375,,,,,,,,,,1715688,14406
1786013020,293401280,,,,,5,-1638.7398681640625,1047.266845703125,-757.6336059570312,0.08926817029714584,-0.08049467951059341,-0.1972731053829193,0.9729517698287964,1,1715688,14406
1786013020,302779424,1,-1594.1878662109375,467.2911376953125,-1182.972412109375,,,,,,,,,,1715689,14406
1786013020,302779424,,,,,5,-1638.657470703125,1046.9693603515625,-757.6483764648438,0.09079936146736145,-0.08006556332111359,-0.2013193517923355,0.9720162749290466,1,1715689,14406
1786013020,311093728,1,-1594.513916015625,467.9111633300781,-1183.5604248046875,,,,,,,,,,1715690,14406
1786013020,311093728,,,,,5,-1638.717041015625,1047.287109375,-757.6126098632812,0.08935031294822693,-0.08069241791963577,-0.1966077834367752,0.9730625152587891,1,1715690,14406
1786013020,318368992,1,-1594.1231689453125,465.99945068359375,-1183.802734375,,,,,,,,,,1715691,14406
1786013020,318368992,,,,,5,-1638.7132568359375,1047.2757568359375,-757.5885620117188,0.08932998031377792,-0.08089109510183334,-0.19642578065395355,0.9730846285820007,1,1715691,14406
1786013020,327948192,1,-1592.810302734375,464.74603271484375,-1184.2117919921875,,,,,,,,,,1715692,14406
1786013020,327948192,,,,,5,-1638.755126953125,1047.2646484375,-757.6178588867188,0.08944208174943924,-0.08070985227823257,-0.19654858112335205,0.9730646014213562,1,1715692,14406
1786013020,335715488,1,-1594.27001953125,462.8912353515625,-1185.3765869140625,,,,,,,,,,1715693,14406
1786013020,335715488,,,,,5,-1638.6990966796875,1047.254150390625,-757.573486328125,0.08955215662717819,-0.08081788569688797,-0.19672204554080963,0.9730104804039001,1,1715693,14406
1786013020,343286464,1,-1594.5484619140625,461.6058654785156,-1185.9915771484375,,,,,,,,,,1715694,14406
1786013020,343286464,,,,,5,-1638.779296875,1047.3238525390625,-757.5803833007812,0.08973633497953415,-0.08036693185567856,-0.196926087141037,0.9729894995689392,1,1715694,14406
1786013020,352870176,1,-1594.663330078125,459.7644958496094,-1186.412353515625,,,,,,,,,,1715695,14406
1786013020,352870176,,,,,5,-1638.771484375,1047.27685546875,-757.6151733398438,0.08941533416509628,-0.08063630014657974,-0.1975984126329422,0.97286057472229,1,1715695,14406
1786013020,360329920,1,-1594.7537841796875,457.96246337890625,-1187.599609375,,,,,,,,,,1715696,14406
1786013020,360329920,,,,,5,-1638.6234130859375,1046.9935302734375,-757.6388549804688,0.09060398489236832,-0.08043163269758224,-0.2007095068693161,0.9721303582191467,1,1715696,14406
1786013020,369470112,1,-1595.170166015625,456.9422607421875,-1187.85986328125,,,,,,,,,,1715697,14406
1786013020,369470112,,,,,5,-1638.7591552734375,1047.3179931640625,-757.5796508789062,0.08998089283704758,-0.08045583218336105,-0.19736793637275696,0.9728700518608093,1,1715697,14406
1786013020,377596384,1,-1595.4169921875,456.1682434082031,-1188.64990234375,,,,,,,,,,1715698,14406
1786013020,377596384,,,,,5,-1638.7689208984375,1047.3101806640625,-757.6082763671875,0.08977071940898895,-0.080556720495224,-0.19684988260269165,0.972986102104187,1,1715698,14406
1786013020,385193696,1,-1595.711669921875,453.1086730957031,-1188.920166015625,,,,,,,,,,1715699,14406
1786013020,385193696,,,,,5,-1638.809814453125,1047.3187255859375,-757.6354370117188,0.08969858288764954,-0.08015923947095871,-0.19744639098644257,0.9729047417640686,1,1715699,14406
1786013020,394514336,1,-1595.9913330078125,452.8473205566406,-1190.0240478515625,,,,,,,,,,1715700,14406
1786013020,394514336,,,,,5,-1638.643798828125,1046.9725341796875,-757.6309814453125,0.09070990234613419,-0.08076993376016617,-0.20123730599880219,0.9719832539558411,1,1715700,14406
1786013020,402562944,1,-1596.7476806640625,450.8092956542969,-1190.82421875,,,,,,,,,,1715701,14406
1786013020,402562944,,,,,5,-1638.630126953125,1046.9095458984375,-757.6509399414062,0.0908232033252716,-0.08019469678401947,-0.20146283507347107,0.9719735980033875,1,1715701,14406
1786013020,410040000,1,-1596.9931640625,450.0440368652344,-1191.4210205078125,,,,,,,,,,1715702,14406
1786013020,410040000,,,,,5,-1638.600830078125,1046.9619140625,-757.6220092773438,0.09039007872343063,-0.08085484057664871,-0.20049820840358734,0.9721587896347046,1,1715702,14406
1786013020,419421568,1,-1597.4544677734375,449.0629577636719,-1192.08984375,,,,,,,,,,1715703,14406
1786013020,419421568,,,,,5,-1638.5888671875,1046.9212646484375,-757.6324462890625,0.09077943861484528,-0.0804421529173851,-0.2011660784482956,0.9720187187194824,1,1715703,14406
1786013020,427750208,1,-1598.1123046875,447.6162109375,-1192.6243896484375,,,,,,,,,,1715704,14406
1786013020,427750208,,,,,5,-1638.6363525390625,1046.9915771484375,-757.6354370117188,0.0906970426440239,-0.08030952513217926,-0.20076073706150055,0.9721212387084961,1,1715704,14406
1786013020,434981984,1,-1598.512451171875,446.4254455566406,-1193.104736328125,,,,,,,,,,1715705,14406
1786013020,434981984,,,,,5,-1638.629150390625,1046.9415283203125,-757.6344604492188,0.09064248949289322,-0.08034630864858627,-0.20196117460727692,0.971874475479126,1,1715705,14406
1786013020,444817312,1,-1599.1934814453125,445.2203369140625,-1193.762451171875,,,,,,,,,,1715706,14406
1786013020,444817312,,,,,5,-1638.590087890625,1046.9351806640625,-757.6322021484375,0.0904901847243309,-0.08096078038215637,-0.20084203779697418,0.9720697402954102,1,1715706,14406
1786013020,452453376,1,-1599.55908203125,445.7111511230469,-1194.0078125,,,,,,,,,,1715707,14406
1786013020,452453376,,,,,5,-1638.719970703125,1047.2142333984375,-757.584228515625,0.08957783877849579,-0.08079052716493607,-0.196481853723526,0.973058819770813,1,1715707,14406
1786013020,459880576,1,-1600.0435791015625,445.0036926269531,-1194.23974609375,,,,,,,,,,1715708,14406
1786013020,459880576,,,,,5,-1638.724853515625,1047.2318115234375,-757.6117553710938,0.08999811112880707,-0.080360047519207,-0.1985832005739212,0.9726290702819824,1,1715708,14406
1786013020,469475296,1,-1600.574951171875,443.246337890625,-1194.95947265625,,,,,,,,,,1715709,14406
1786013020,469475296,,,,,5,-1638.5882568359375,1046.9443359375,-757.6217041015625,0.09040834754705429,-0.0808795616030693,-0.20054174959659576,0.9721460342407227,1,1715709,14406
1786013020,477123328,1,-1601.2073974609375,443.81072998046875,-1194.9683837890625,,,,,,,,,,1715710,14406
1786013020,477123328,,,,,5,-1638.7265625,1047.2421875,-757.6079711914062,0.08920659124851227,-0.08072513341903687,-0.19675850868225098,0.9730424880981445,1,1715710,14406
1786013020,486008736,1,-1601.984619140625,442.7311706542969,-1195.4954833984375,,,,,,,,,,1715711,14406
1786013020,486008736,,,,,5,-1638.7415771484375,1047.281494140625,-757.5983276367188,0.08981554210186005,-0.08050650358200073,-0.19682642817497253,0.972990870475769,1,1715711,14406
1786013020,494530080,1,-1602.5848388671875,442.16009521484375,-1195.7081298828125,,,,,,,,,,1715712,14406
1786013020,494530080,,,,,5,-1638.7332763671875,1047.272705078125,-757.6010131835938,0.08940260112285614,-0.08071794360876083,-0.1969817876815796,0.9729799628257751,1,1715712,14406
1786013020,501819456,1,-1602.9827880859375,441.200439453125,-1196.4580078125,,,,,,,,,,1715713,14406
1786013020,501819456,,,,,5,-1638.6102294921875,1046.9588623046875,-757.6355590820312,0.09043575078248978,-0.0807482972741127,-0.2006703019142151,0.9721279740333557,1,1715713,14406
1786013020,511160896,1,-1603.3221435546875,441.44354248046875,-1196.4779052734375,,,,,,,,,,1715714,14406
1786013020,511160896,,,,,5,-1638.6168212890625,1046.960693359375,-757.6329956054688,0.09143222123384476,-0.0802440345287323,-0.20241668820381165,0.9717141389846802,1,1715714,14406
1786013020,519031104,1,-1603.796142578125,441.8220520019531,-1196.3455810546875,,,,,,,,,,1715715,14406
1786013020,519031104,,,,,5,-1638.767578125,1047.255615234375,-757.6200561523438,0.08947061002254486,-0.08054913580417633,-0.1977682113647461,0.9728281497955322,1,1715715,14406
1786013020,526573824,1,-1604.289306640625,440.0087890625,-1196.96142578125,,,,,,,,,,1715716,14406
1786013020,526573824,,,,,5,-1638.6190185546875,1047.009033203125,-757.6260375976562,0.09095526486635208,-0.08022169768810272,-0.20171810686588287,0.9719060659408569,1,1715716,14406
1786013020,536317184,1,-1604.6195068359375,440.8406677246094,-1196.683837890625,,,,,,,,,,1715717,14406
1786013020,536317184,,,,,5,-1638.605712890625,1046.957275390625,-757.6073608398438,0.09034688770771027,-0.08098705857992172,-0.20057235658168793,0.9721365571022034,1,1715717,14406
1786013020,544738336,1,-1604.9564208984375,441.7353820800781,-1196.207275390625,,,,,,,,,,1715718,14406
1786013020,544738336,,,,,5,-1638.7406005859375,1047.217041015625,-757.5965576171875,0.08961670845746994,-0.08068502694368362,-0.1966128796339035,0.9730376601219177,1,1715718,14406
1786013020,552908320,1,-1605.5399169921875,441.3501892089844,-1196.2779541015625,,,,,,,,,,1715719,14406
1786013020,552908320,,,,,5,-1638.6402587890625,1046.948974609375,-757.6580200195312,0.09063966572284698,-0.08044089376926422,-0.20167221128940582,0.9719269275665283,1,1715719,14406
1786013020,561036864,1,-1605.6444091796875,442.5497741699219,-1195.775390625,,,,,,,,,,1715720,14406
1786013020,561036864,,,,,5,-1638.7431640625,1047.22119140625,-757.5911254882812,0.08981058746576309,-0.0806160718202591,-0.19704553484916687,0.9729380011558533,1,1715720,14406
1786013020,568711744,1,-1606.2015380859375,442.36688232421875,-1195.93701171875,,,,,,,,,,1715721,14406
1786013020,568711744,,,,,5,-1638.7669677734375,1047.3475341796875,-757.5765991210938,0.0898040384054184,-0.08026713877916336,-0.19643867015838623,0.9730900526046753,1,1715721,14406
1786013020,577841792,1,-1606.4925537109375,442.5994873046875,-1195.542236328125,,,,,,,,,,1715722,14406
1786013020,577841792,,,,,5,-1638.6121826171875,1046.9619140625,-757.6129760742188,0.09048713743686676,-0.08073685318231583,-0.20089685916900635,0.9720771908760071,1,1715722,14406
1786013020,585729632,1,-1606.869384765625,443.9052734375,-1194.9083251953125,,,,,,,,,,1715723,14406
1786013020,585729632,,,,,5,-1638.712158203125,1047.24951171875,-757.5680541992188,0.08927612006664276,-0.08109375089406967,-0.19681501388549805,0.9729940891265869,1,1715723,14406
1786013020,593570112,1,-1607.16259765625,444.26971435546875,-1194.47509765625,,,,,,,,,,1715724,14406
1786013020,593570112,,,,,5,-1638.7259521484375,1047.2496337890625,-757.5759887695312,0.0896771177649498,-0.08065488189458847,-0.19594207406044006,0.9731698632240295,1,1715724,14406
1786013020,602792864,1,-1607.4959716796875,443.9272155761719,-1194.65087890625,,,,,,,,,,1715725,14406
1786013020,602792864,,,,,5,-1638.5894775390625,1046.96435546875,-757.6298217773438,0.0905943289399147,-0.08091229200363159,-0.20098835229873657,0.9720337390899658,1,1715725,14406
1786013020,611425024,1,-1607.4873046875,444.1525573730469,-1194.1092529296875,,,,,,,,,,1715726,14406
1786013020,611425024,,,,,5,-1638.5496826171875,1046.9342041015625,-757.626708984375,0.09001865983009338,-0.08128487318754196,-0.1997670978307724,0.9723078608512878,1,1715726,14406
1786013020,618376000,1,-1607.6585693359375,446.33563232421875,-1193.1268310546875,,,,,,,,,,1715727,14406
1786013020,618376000,,,,,5,-1638.7503662109375,1047.2294921875,-757.595458984375,0.08922233432531357,-0.08062534779310226,-0.1974005401134491,0.9729193449020386,1,1715727,14406
1786013020,627750624,1,-1608.2633056640625,446.75244140625,-1193.130615234375,,,,,,,,,,1715728,14406
1786013020,627750624,,,,,5,-1638.718017578125,1047.2401123046875,-757.6100463867188,0.08962087333202362,-0.08036472648382187,-0.19740290939807892,0.9729036688804626,1,1715728,14406
1786013020,636101088,1,-1607.7861328125,447.7644958496094,-1192.0322265625,,,,,,,,,,1715729,14406
1786013020,636101088,,,,,5,-1638.7327880859375,1047.2373046875,-757.598388671875,0.08948152512311935,-0.08066973835229874,-0.1978626251220703,0.9727979898452759,1,1715729,14406
1786013020,643296384,1,-1608.0455322265625,446.1626281738281,-1191.8232421875,,,,,,,,,,1715730,14406
1786013020,643296384,,,,,5,-1638.6746826171875,1046.9495849609375,-757.629638671875,0.09074357151985168,-0.08039427548646927,-0.20237383246421814,0.9717752933502197,1,1715730,14406
1786013020,652794528,1,-1608.05419921875,447.9453125,-1191.18212890625,,,,,,,,,,1715731,14406
1786013020,652794528,,,,,5,-1638.6473388671875,1046.9842529296875,-757.6149291992188,0.09067238867282867,-0.08046208322048187,-0.20153480768203735,0.9719507694244385,1,1715731,14406
1786013020,660463232,1,-1608.4268798828125,448.4703063964844,-1190.4451904296875,,,,,,,,,,1715732,14406
1786013020,660463232,,,,,5,-1638.6051025390625,1046.96875,-757.6388549804688,0.09029521048069,-0.08059266209602356,-0.20090678334236145,0.9721050262451172,1,1715732,14406
1786013020,669472448,1,-1608.9671630859375,447.2146911621094,-1189.170166015625,,,,,,,,,,1715733,14406
1786013020,669472448,,,,,5,-1638.6654052734375,1047.2493896484375,-757.5704956054688,0.08917799592018127,-0.08103758096694946,-0.19666729867458344,0.9730376601219177,1,1715733,14406
1786013020,678093504,1,-1607.6337890625,448.0447998046875,-1188.252685546875,,,,,,,,,,1715734,14406
1786013020,678093504,,,,,5,-1638.6195068359375,1046.9620361328125,-757.6327514648438,0.09045162051916122,-0.08030268549919128,-0.2015993744134903,0.9719711542129517,1,1715734,14406
1786013020,685247712,1,-1607.673828125,449.84088134765625,-1187.340087890625,,,,,,,,,,1715735,14406
1786013020,685247712,,,,,5,-1638.7620849609375,1047.277587890625,-757.6012573242188,0.0899142324924469,-0.08014393597841263,-0.19645363092422485,0.9730870127677917,1,1715735,14406
1786013020,694740672,1,-1605.1800537109375,451.703125,-1186.822998046875,,,,,,,,,,1715736,14406
1786013020,694740672,,,,,5,-1638.6131591796875,1046.975830078125,-757.6277465820312,0.0904783084988594,-0.08084472268819809,-0.20028437674045563,0.9721953272819519,1,1715736,14406
1786013020,703096000,1,-1605.909423828125,451.7275390625,-1186.4677734375,,,,,,,,,,1715737,14406
1786013020,703096000,,,,,5,-1638.661376953125,1046.9769287109375,-757.6403198242188,0.0906316488981247,-0.08036357164382935,-0.2013748735189438,0.9719957709312439,1,1715737,14406
1786013020,710117344,1,-1605.19775390625,452.2285461425781,-1185.5791015625,,,,,,,,,,1715738,14406
1786013020,710117344,,,,,5,-1638.6551513671875,1046.9869384765625,-757.6573486328125,0.09086646884679794,-0.08017975091934204,-0.20207199454307556,0.9718444347381592,1,1715738,14406
1786013020,719414304,1,-1605.8369140625,452.1069641113281,-1185.2333984375,,,,,,,,,,1715739,14406
1786013020,719414304,,,,,5,-1638.666015625,1046.9881591796875,-757.6485595703125,0.09088646620512009,-0.08030058443546295,-0.201842799782753,0.9718800783157349,1,1715739,14406
1786013020,728160224,1,-1606.11865234375,453.8213806152344,-1184.755615234375,,,,,,,,,,1715740,14406
1786013020,728160224,,,,,5,-1638.7244873046875,1047.237548828125,-757.6002807617188,0.08976523578166962,-0.08029302209615707,-0.19780300557613373,0.9728150963783264,1,1715740,14406
1786013020,736123232,1,-1605.8265380859375,454.12353515625,-1184.2393798828125,,,,,,,,,,1715741,14406
1786013020,736123232,,,,,5,-1638.7945556640625,1047.2724609375,-757.6095581054688,0.0899251401424408,-0.07985647022724152,-0.19740012288093567,0.9729181528091431,1,1715741,14406
1786013020,744486432,1,-1608.315673828125,452.768798828125,-1184.311767578125,,,,,,,,,,1715742,14406
1786013020,744486432,,,,,5,-1638.7523193359375,1047.2379150390625,-757.61279296875,0.08974102139472961,-0.08052259683609009,-0.19785353541374207,0.9727880954742432,1,1715742,14406
1786013020,752010016,1,-1605.3916015625,454.3048400878906,-1183.448486328125,,,,,,,,,,1715743,14406
1786013020,752010016,,,,,5,-1638.732666015625,1047.2738037109375,-757.61572265625,0.08937936276197433,-0.08099430054426193,-0.19646254181861877,0.973064124584198,1,1715743,14406
1786013020,761182560,1,-1608.00048828125,451.9496154785156,-1184.1761474609375,,,,,,,,,,1715744,14406
1786013020,761182560,,,,,5,-1638.6072998046875,1046.957763671875,-757.6336669921875,0.0906321257352829,-0.08095855265855789,-0.20098257064819336,0.9720275402069092,1,1715744,14406
1786013020,769502944,1,-1605.5035400390625,454.07928466796875,-1182.92529296875,,,,,,,,,,1715745,14406
1786013020,769502944,,,,,5,-1638.720947265625,1047.2855224609375,-757.5697631835938,0.08911577612161636,-0.08078360557556152,-0.1969022899866104,0.9730169773101807,1,1715745,14406
1786013020,777183072,1,-1605.1031494140625,454.0765075683594,-1182.688232421875,,,,,,,,,,1715746,14406
1786013020,777183072,,,,,5,-1638.7474365234375,1047.2689208984375,-757.6109619140625,0.08965872973203659,-0.08056813478469849,-0.19845512509346008,0.9726693630218506,1,1715746,14406
1786013020,786156352,1,-1605.664306640625,454.0491943359375,-1182.662841796875,,,,,,,,,,1715747,14406
1786013020,786156352,,,,,5,-1638.7457275390625,1047.2889404296875,-757.599853515625,0.08949524164199829,-0.08065038174390793,-0.19752909243106842,0.9728661775588989,1,1715747,14406
1786013020,794374144,1,-1606.6690673828125,452.7153015136719,-1182.670654296875,,,,,,,,,,1715748,14406
1786013020,794374144,,,,,5,-1638.701171875,1047.2886962890625,-757.5933837890625,0.0893988385796547,-0.08092066645622253,-0.19616985321044922,0.9731274843215942,1,1715748,14406
1786013020,801854208,1,-1607.9632568359375,451.59735107421875,-1183.178955078125,,,,,,,,,,1715749,14406
1786013020,801854208,,,,,5,-1638.75390625,1047.275390625,-757.6332397460938,0.08939620852470398,-0.08055861294269562,-0.19732330739498138,0.972924530506134,1,1715749,14406
1786013020,811462720,1,-1605.6160888671875,450.9473571777344,-1182.68212890625,,,,,,,,,,1715750,14406
1786013020,811462720,,,,,5,-1638.6546630859375,1046.9783935546875,-757.6669311523438,0.09065022319555283,-0.08033020049333572,-0.20211301743984222,0.9718436002731323,1,1715750,14406
1786013020,819036768,1,-1606.6083984375,450.0452575683594,-1182.8758544921875,,,,,,,,,,1715751,14406
1786013020,819036768,,,,,5,-1638.5972900390625,1046.956787109375,-757.64794921875,0.09029887616634369,-0.0808226466178894,-0.20072509348392487,0.9721231460571289,1,1715751,14406
1786013020,828162080,1,-1607.3323974609375,448.8587341308594,-1183.5084228515625,,,,,,,,,,1715752,14406
1786013020,828162080,,,,,5,-1638.6737060546875,1046.96728515625,-757.6505737304688,0.09074201434850693,-0.08030008524656296,-0.202346533536911,0.9717890024185181,1,1715752,14406
1786013020,835944096,1,-1606.7591552734375,448.91705322265625,-1183.4718017578125,,,,,,,,,,1715753,14406
1786013020,835944096,,,,,5,-1638.6448974609375,1046.9835205078125,-757.6542358398438,0.09065551310777664,-0.08007803559303284,-0.2019699364900589,0.9718935489654541,1,1715753,14406
1786013020,843970912,1,-1608.934814453125,449.0986633300781,-1183.6849365234375,,,,,,,,,,1715754,14406
1786013020,843970912,,,,,5,-1638.76953125,1047.3079833984375,-757.5968627929688,0.09000170975923538,-0.0799710601568222,-0.19695554673671722,0.9729917049407959,1,1715754,14406
1786013020,851996512,1,-1609.210693359375,449.2288513183594,-1183.965087890625,,,,,,,,,,1715755,14406
1786013020,851996512,,,,,5,-1638.764892578125,1047.2705078125,-757.6159057617188,0.08947498351335526,-0.0804738998413086,-0.19775274395942688,0.9728370308876038,1,1715755,14406
1786013020,861322912,1,-1610.1864013671875,446.6086730957031,-1184.63916015625,,,,,,,,,,1715756,14406
1786013020,861322912,,,,,5,-1638.6038818359375,1046.9464111328125,-757.6121215820312,0.09032474458217621,-0.08121667057275772,-0.20065024495124817,0.9721032977104187,1,1715756,14406
1786013020,869121216,1,-1610.1341552734375,447.24334716796875,-1184.6494140625,,,,,,,,,,1715757,14406
1786013020,869121216,,,,,5,-1638.7314453125,1047.2633056640625,-757.5928344726562,0.08940199017524719,-0.08087150752544403,-0.19708581268787384,0.9729461669921875,1,1715757,14406
1786013020,878066752,1,-1613.433349609375,443.66351318359375,-1185.61474609375,,,,,,,,,,1715758,14406
1786013020,878066752,,,,,5,-1638.6322021484375,1046.9588623046875,-757.6144409179688,0.090726338326931,-0.08089382201433182,-0.20130299031734467,0.9719579219818115,1,1715758,14406
1786013020,886099808,1,-1614.0775146484375,442.45257568359375,-1186.0770263671875,,,,,,,,,,1715759,14406
1786013020,886099808,,,,,5,-1638.6087646484375,1046.947265625,-757.6410522460938,0.09039467573165894,-0.08063864707946777,-0.20145347714424133,0.9719787240028381,1,1715759,14406
1786013020,893690208,1,-1614.5313720703125,443.2684631347656,-1187.2843017578125,,,,,,,,,,1715760,14406
1786013020,893690208,,,,,5,-1638.6103515625,1046.9368896484375,-757.6078491210938,0.0910252034664154,-0.08084665238857269,-0.20130155980587006,0.9719341397285461,1,1715760,14406
1786013020,902916384,1,-1614.7764892578125,444.52276611328125,-1187.6365966796875,,,,,,,,,,1715761,14406
1786013020,902916384,,,,,5,-1638.7591552734375,1047.3104248046875,-757.6127319335938,0.08961017429828644,-0.08036287128925323,-0.19730086624622345,0.9729255437850952,1,1715761,14406
1786013020,911041024,1,-1612.255126953125,443.6654968261719,-1187.6153564453125,,,,,,,,,,1715762,14406
1786013020,911041024,,,,,5,-1638.6282958984375,1046.9151611328125,-757.6098022460938,0.09077367931604385,-0.08066070824861526,-0.2013399451971054,0.9719651937484741,1,1715762,14406
1786013020,918486016,1,-1616.1920166015625,439.672119140625,-1188.436767578125,,,,,,,,,,1715763,14406
1786013020,918486016,,,,,5,-1638.736328125,1047.2828369140625,-757.5909423828125,0.08960942924022675,-0.08085013180971146,-0.19700944423675537,0.9729443192481995,1,1715763,14406
1786013020,927967648,1,-1615.903564453125,439.6853942871094,-1189.000732421875,,,,,,,,,,1715764,14406
1786013020,927967648,,,,,5,-1638.6187744140625,1046.9635009765625,-757.6290893554688,0.09052202850580215,-0.08098328858613968,-0.20062537491321564,0.9721095561981201,1,1715764,14406
1786013020,935598880,1,-1616.0596923828125,442.7586975097656,-1189.5064697265625,,,,,,,,,,1715765,14406
1786013020,935598880,,,,,5,-1638.734375,1047.24853515625,-757.6002197265625,0.08937753736972809,-0.08066491037607193,-0.1967967450618744,0.9730241298675537,1,1715765,14406
1786013020,945327008,1,-1615.4727783203125,440.7568054199219,-1190.0943603515625,,,,,,,,,,1715766,14406
1786013020,945327008,,,,,5,-1638.600830078125,1046.96044921875,-757.6221313476562,0.09029874950647354,-0.08079562336206436,-0.20075233280658722,0.9721196293830872,1,1715766,14406
1786013020,952822432,1,-1619.1937255859375,438.4353332519531,-1190.5751953125,,,,,,,,,,1715767,14406
1786013020,952822432,,,,,5,-1638.7733154296875,1047.2711181640625,-757.6209106445312,0.08946825563907623,-0.08051784336566925,-0.19770483672618866,0.9728438258171082,1,1715767,14406
1786013020,960371712,1,-1619.28125,439.7999267578125,-1192.031982421875,,,,,,,,,,1715768,14406
1786013020,960371712,,,,,5,-1638.7447509765625,1047.25048828125,-757.6116333007812,0.08937958627939224,-0.08073823153972626,-0.19774430990219116,0.9728256464004517,1,1715768,14406
1786013020,969511936,1,-1619.487060546875,437.9901428222656,-1192.914794921875,,,,,,,,,,1715769,14406
1786013020,969511936,,,,,5,-1638.629150390625,1046.9578857421875,-757.6480712890625,0.09070752561092377,-0.08031560480594635,-0.2020462155342102,0.9718533158302307,1,1715769,14406
1786013020,977993472,1,-1620.80078125,435.8775939941406,-1195.0123291015625,,,,,,,,,,1715770,14406
1786013020,977993472,,,,,5,-1638.6187744140625,1046.971435546875,-757.6585083007812,0.0907123014330864,-0.08042196929454803,-0.20230360329151154,0.9717905521392822,1,1715770,14406
1786013020,986135232,1,-1620.058837890625,436.07525634765625,-1194.0430908203125,,,,,,,,,,1715771,14406
1786013020,986135232,,,,,5,-1638.5843505859375,1046.9501953125,-757.6327514648438,0.09050420671701431,-0.08078178018331528,-0.20069652795791626,0.972113311290741,1,1715771,14406
1786013020,993248192,1,-1620.4439697265625,434.2993469238281,-1194.139892578125,,,,,,,,,,1715772,14406
1786013020,993248192,,,,,5,-1638.5863037109375,1046.9432373046875,-757.624267578125,0.09069156646728516,-0.0808769166469574,-0.2014436572790146,0.9719334244728088,1,1715772,14406
1786013021,2877440,1,-1620.156005859375,433.2668151855469,-1195.07568359375,,,,,,,,,,1715773,14406
1786013021,2877440,,,,,5,-1638.7039794921875,1046.990966796875,-757.6589965820312,0.09102285653352737,-0.08000771701335907,-0.20155952870845795,0.9719502329826355,1,1715773,14406
1786013021,10177472,1,-1620.346435546875,433.428466796875,-1195.3338623046875,,,,,,,,,,1715774,14406
1786013021,10177472,,,,,5,-1638.6917724609375,1047.2537841796875,-757.605224609375,0.08958680927753448,-0.0807289257645607,-0.19715416431427002,0.9729271531105042,1,1715774,14406
1786013021,19646272,1,-1620.522216796875,433.5182800292969,-1195.727783203125,,,,,,,,,,1715775,14406
1786013021,19646272,,,,,5,-1638.739501953125,1047.2586669921875,-757.6307983398438,0.08929502218961716,-0.08033911883831024,-0.19722968339920044,0.9729709029197693,1,1715775,14406
1786013021,27661344,1,-1621.1112060546875,432.0990295410156,-1196.9290771484375,,,,,,,,,,1715776,14406
1786013021,27661344,,,,,5,-1638.717041015625,1047.2081298828125,-757.600830078125,0.0891171246767044,-0.08078060299158096,-0.19709381461143494,0.9729782342910767,1,1715776,14406
1786013021,35098432,1,-1619.497314453125,430.9275817871094,-1196.6732177734375,,,,,,,,,,1715777,14406
1786013021,35098432,,,,,5,-1638.7490234375,1047.27978515625,-757.6144409179688,0.08939600735902786,-0.08031786978244781,-0.1973099708557129,0.9729471206665039,1,1715777,14406
1786013021,44637120,1,-1620.1759033203125,426.5335998535156,-1198.276611328125,,,,,,,,,,1715778,14406
1786013021,44637120,,,,,5,-1638.6043701171875,1046.95556640625,-757.6277465820312,0.0904926210641861,-0.08087199926376343,-0.20129625499248505,0.9719828963279724,1,1715778,14406
1786013021,52217568,1,-1618.8839111328125,427.54364013671875,-1196.931640625,,,,,,,,,,1715779,14406
1786013021,52217568,,,,,5,-1638.6812744140625,1047.2694091796875,-757.6051025390625,0.08933728188276291,-0.08095509558916092,-0.1964258849620819,0.9730786085128784,1,1715779,14406
1786013021,61231648,1,-1619.7161865234375,425.2089538574219,-1197.7242431640625,,,,,,,,,,1715780,14406
1786013021,61231648,,,,,5,-1638.6614990234375,1046.9539794921875,-757.6264038085938,0.0905018001794815,-0.08033151179552078,-0.2015753984451294,0.971968948841095,1,1715780,14406
1786013021,69446336,1,-1619.1456298828125,423.3747253417969,-1197.8299560546875,,,,,,,,,,1715781,14406
1786013021,69446336,,,,,5,-1638.6285400390625,1046.948974609375,-757.6347045898438,0.09069285541772842,-0.08021578192710876,-0.20123136043548584,0.9720320105552673,1,1715781,14406
1786013021,76444320,1,-1618.6036376953125,422.9404296875,-1197.6353759765625,,,,,,,,,,1715782,14406
1786013021,76444320,,,,,5,-1638.7283935546875,1047.2567138671875,-757.580322265625,0.0894169732928276,-0.08075668662786484,-0.19745424389839172,0.9728796482086182,1,1715782,14406
1786013021,86309504,1,-1618.29443359375,421.8878173828125,-1197.6712646484375,,,,,,,,,,1715783,14406
1786013021,86309504,,,,,5,-1638.7337646484375,1047.2723388671875,-757.5851440429688,0.08954716473817825,-0.08079364150762558,-0.1977718025445938,0.9728002548217773,1,1715783,14406
1786013021,94661984,1,-1617.745361328125,418.4944763183594,-1197.83056640625,,,,,,,,,,1715784,14406
1786013021,94661984,,,,,5,-1638.6627197265625,1046.9532470703125,-757.6539916992188,0.0907268226146698,-0.08028560131788254,-0.20207391679286957,0.97184818983078,1,1715784,14406
1786013021,102072800,1,-1617.1942138671875,418.08197021484375,-1197.6463623046875,,,,,,,,,,1715785,14406
1786013021,102072800,,,,,5,-1638.7518310546875,1047.2572021484375,-757.611083984375,0.08941484987735748,-0.0803234726190567,-0.19772803783416748,0.9728600382804871,1,1715785,14406
1786013021,111451488,1,-1616.881103515625,416.4823303222656,-1197.3873291015625,,,,,,,,,,1715786,14406
1786013021,111451488,,,,,5,-1638.725830078125,1047.3231201171875,-757.57470703125,0.08966296166181564,-0.08060283958911896,-0.19592195749282837,0.9731794595718384,1,1715786,14406
1786013021,119568544,1,-1616.173095703125,414.9732360839844,-1196.9512939453125,,,,,,,,,,1715787,14406
1786013021,119568544,,,,,5,-1638.7425537109375,1047.2586669921875,-757.6154174804688,0.0895046591758728,-0.08053542673587799,-0.19795294106006622,0.9727885723114014,1,1715787,14406
1786013021,127322976,1,-1615.989013671875,415.1495361328125,-1196.4793701171875,,,,,,,,,,1715788,14406
1786013021,127322976,,,,,5,-1638.7236328125,1047.260986328125,-757.5884399414062,0.089799664914608,-0.08039788156747818,-0.19706259667873383,0.9729535579681396,1,1715788,14406
1786013021,136239264,1,-1615.5419921875,413.2145690917969,-1196.2764892578125,,,,,,,,,,1715789,14406
1786013021,136239264,,,,,5,-1638.7362060546875,1047.2730712890625,-757.5796508789062,0.08951497077941895,-0.08082380145788193,-0.19737449288368225,0.9728812575340271,1,1715789,14406
1786013021,144028128,1,-1614.3924560546875,411.86236572265625,-1195.3548583984375,,,,,,,,,,1715790,14406
1786013021,144028128,,,,,5,-1638.6041259765625,1046.9620361328125,-757.6405639648438,0.09077498316764832,-0.0804617777466774,-0.20156171917915344,0.9719356298446655,1,1715790,14406
1786013021,151812416,1,-1614.0374755859375,411.7801513671875,-1194.39013671875,,,,,,,,,,1715791,14406
1786013021,151812416,,,,,5,-1638.7613525390625,1047.2911376953125,-757.6292114257812,0.0900069996714592,-0.08014743030071259,-0.19756831228733063,0.9728524684906006,1,1715791,14406
1786013021,161261120,1,-1613.46142578125,411.2783203125,-1193.5030517578125,,,,,,,,,,1715792,14407
1786013021,161261120,,,,,5,-1638.7039794921875,1047.2611083984375,-757.6226196289062,0.08933723717927933,-0.08069641888141632,-0.197775200009346,0.9728268980979919,1,1715792,14407
1786013021,168886208,1,-1612.758544921875,411.19915771484375,-1192.7657470703125,,,,,,,,,,1715793,14407
1786013021,168886208,,,,,5,-1638.747314453125,1047.2469482421875,-757.6040649414062,0.08925162255764008,-0.08066153526306152,-0.19704516232013702,0.9729856848716736,1,1715793,14407
1786013021,178026336,1,-1612.04052734375,411.0208740234375,-1191.990234375,,,,,,,,,,1715794,14407
1786013021,178026336,,,,,5,-1638.7037353515625,1047.3031005859375,-757.6051025390625,0.08954514563083649,-0.080719493329525,-0.19722846150398254,0.9729167222976685,1,1715794,14407
1786013021,186138016,1,-1610.8731689453125,409.6089172363281,-1190.920166015625,,,,,,,,,,1715795,14407
1786013021,186138016,,,,,5,-1638.5916748046875,1046.9329833984375,-757.63671875,0.0910092294216156,-0.0807393491268158,-0.2017900049686432,0.9718433618545532,1,1715795,14407
1786013021,193672704,1,-1609.541259765625,410.3211669921875,-1189.57763671875,,,,,,,,,,1715796,14407
1786013021,193672704,,,,,5,-1638.7664794921875,1047.264892578125,-757.6219482421875,0.08946702629327774,-0.08059988170862198,-0.1977900117635727,0.9728198051452637,1,1715796,14407
1786013021,203021376,1,-1608.6041259765625,411.3710632324219,-1188.3741455078125,,,,,,,,,,1715797,14407
1786013021,203021376,,,,,5,-1638.748046875,1047.2999267578125,-757.6135864257812,0.08991147577762604,-0.08012574911117554,-0.19844935834407806,0.9726837277412415,1,1715797,14407
1786013021,210966240,1,-1607.53076171875,409.2509460449219,-1186.9329833984375,,,,,,,,,,1715798,14407
1786013021,210966240,,,,,5,-1638.5679931640625,1046.959716796875,-757.6337280273438,0.09063249826431274,-0.08087239414453506,-0.2007683366537094,0.9720789790153503,1,1715798,14407
1786013021,218557600,1,-1605.3580322265625,412.8285217285156,-1185.4986572265625,,,,,,,,,,1715799,14407
1786013021,218557600,,,,,5,-1638.7613525390625,1047.2567138671875,-757.613525390625,0.08911638706922531,-0.08044397830963135,-0.19730769097805023,0.9729629158973694,1,1715799,14407
1786013021,227889216,1,-1603.01416015625,413.90411376953125,-1184.1324462890625,,,,,,,,,,1715800,14407
1786013021,227889216,,,,,5,-1638.697509765625,1047.2353515625,-757.599609375,0.08979950100183487,-0.08055771142244339,-0.19789451360702515,0.972771406173706,1,1715800,14407
1786013021,235910560,1,-1600.9246826171875,413.6506652832031,-1182.647216796875,,,,,,,,,,1715801,14407
1786013021,235910560,,,,,5,-1638.6226806640625,1046.96630859375,-757.6292114257812,0.0906565710902214,-0.08052973449230194,-0.2022692710161209,0.971794068813324,1,1715801,14407
1786013021,243606976,1,-1597.8697509765625,417.2547607421875,-1180.364990234375,,,,,,,,,,1715802,14407
1786013021,243606976,,,,,5,-1638.6318359375,1047.0018310546875,-757.6121826171875,0.09102361649274826,-0.08058955520391464,-0.2014380693435669,0.9719273447990417,1,1715802,14407
1786013021,252898208,1,-1595.2518310546875,421.60516357421875,-1177.8292236328125,,,,,,,,,,1715803,14407
1786013021,252898208,,,,,5,-1638.7562255859375,1047.2493896484375,-757.6130981445312,0.08989235758781433,-0.0803457722067833,-0.1982303410768509,0.9727120399475098,1,1715803,14407
1786013021,260859808,1,-1591.542236328125,426.177490234375,-1174.8505859375,,,,,,,,,,1715804,14407
1786013021,260859808,,,,,5,-1638.7701416015625,1047.2672119140625,-757.6092529296875,0.0893615111708641,-0.08037156611680984,-0.19753411412239075,0.9729003310203552,1,1715804,14407
1786013021,270356320,1,-1587.8297119140625,430.6596374511719,-1172.5478515625,,,,,,,,,,1715805,14407
1786013021,270356320,,,,,5,-1638.761962890625,1047.232177734375,-757.6051025390625,0.08975546807050705,-0.08042541146278381,-0.1978723108768463,0.9727909564971924,1,1715805,14407
1786013021,278603488,1,-1583.471435546875,436.5794982910156,-1169.4783935546875,,,,,,,,,,1715806,14407
1786013021,278603488,,,,,5,-1638.753173828125,1047.2508544921875,-757.6132202148438,0.08934596180915833,-0.08040976524353027,-0.19725674390792847,0.9729549288749695,1,1715806,14407
1786013021,286545600,1,-1578.514404296875,442.6846008300781,-1165.86083984375,,,,,,,,,,1715807,14407
1786013021,286545600,,,,,5,-1638.6912841796875,1047.2557373046875,-757.5927124023438,0.08934718370437622,-0.08089662343263626,-0.19740097224712372,0.9728851914405823,1,1715807,14407
1786013021,294910752,1,-1573.2635498046875,449.48150634765625,-1162.1805419921875,,,,,,,,,,1715808,14407
1786013021,294910752,,,,,5,-1638.7406005859375,1047.266845703125,-757.6026000976562,0.08946976065635681,-0.08055528253316879,-0.19745464622974396,0.9728913903236389,1,1715808,14407
1786013021,302889504,1,-1567.3856201171875,456.7238464355469,-1158.3643798828125,,,,,,,,,,1715809,14407
1786013021,302889504,,,,,5,-1638.697509765625,1047.2193603515625,-757.6259155273438,0.08988858014345169,-0.0804356038570404,-0.1984403133392334,0.972662091255188,1,1715809,14407
1786013021,310438080,1,-1561.884765625,462.4881286621094,-1154.744384765625,,,,,,,,,,1715810,14407
1786013021,310438080,,,,,5,-1638.6455078125,1046.9644775390625,-757.666259765625,0.09061470627784729,-0.08031082898378372,-0.2020554393529892,0.9718605279922485,1,1715810,14407
1786013021,319569504,1,-1555.129638671875,473.01068115234375,-1149.9686279296875,,,,,,,,,,1715811,14407
1786013021,319569504,,,,,5,-1638.7242431640625,1047.2408447265625,-757.6419067382812,0.08949145674705505,-0.08073201030492783,-0.19741958379745483,0.9728818535804749,1,1715811,14407
1786013021,328028448,1,-1548.2724609375,480.6935119628906,-1145.4700927734375,,,,,,,,,,1715812,14407
1786013021,328028448,,,,,5,-1638.567626953125,1046.9617919921875,-757.6354370117188,0.09033024311065674,-0.08101289719343185,-0.20056496560573578,0.9721373319625854,1,1715812,14407
1786013021,335204224,1,-1541.3922119140625,490.2982177734375,-1139.5098876953125,,,,,,,,,,1715813,14407
1786013021,335204224,,,,,5,-1638.7327880859375,1047.2708740234375,-757.6209106445312,0.08931925892829895,-0.08066552877426147,-0.19641108810901642,0.9731072783470154,1,1715813,14407
1786013021,344677792,1,-1534.7105712890625,500.4824523925781,-1134.13818359375,,,,,,,,,,1715814,14407
1786013021,344677792,,,,,5,-1638.7166748046875,1047.276611328125,-757.642578125,0.08957516402006149,-0.08046703040599823,-0.19811594486236572,0.9727545380592346,1,1715814,14407
1786013021,352310464,1,-1525.782470703125,512.97021484375,-1129.291015625,,,,,,,,,,1715815,14407
1786013021,352310464,,,,,5,-1638.6219482421875,1046.9647216796875,-757.6458740234375,0.09040111303329468,-0.08030423521995544,-0.20144771039485931,0.9720070362091064,1,1715815,14407
1786013021,361379552,1,-1516.30322265625,527.3672485351562,-1122.51025390625,,,,,,,,,,1715816,14407
1786013021,361379552,,,,,5,-1638.7352294921875,1047.2762451171875,-757.6051025390625,0.08951354026794434,-0.08081177622079849,-0.19716665148735046,0.9729244709014893,1,1715816,14407
1786013021,369102112,1,-1507.75244140625,538.4957275390625,-1116.6558837890625,,,,,,,,,,1715817,14407
1786013021,369102112,,,,,5,-1638.5926513671875,1046.9598388671875,-757.62939453125,0.09056204557418823,-0.08072210103273392,-0.2015543282032013,0.9719353914260864,1,1715817,14407
1786013021,377291808,1,-1499.2451171875,552.4146728515625,-1109.8846435546875,,,,,,,,,,1715818,14407
1786013021,377291808,,,,,5,-1638.749267578125,1047.2547607421875,-757.6422729492188,0.08956830203533173,-0.08051616698503494,-0.19805194437503815,0.9727640748023987,1,1715818,14407
1786013021,386618240,1,-1490.525390625,565.0753784179688,-1103.197509765625,,,,,,,,,,1715819,14407
1786013021,386618240,,,,,5,-1638.5960693359375,1046.9603271484375,-757.6137084960938,0.09047675132751465,-0.08084602653980255,-0.2008977234363556,0.9720687866210938,1,1715819,14407
1786013021,394647488,1,-1481.06591796875,580.921630859375,-1095.9793701171875,,,,,,,,,,1715820,14407
1786013021,394647488,,,,,5,-1638.7493896484375,1047.2825927734375,-757.5967407226562,0.08948763459920883,-0.08021599799394608,-0.19823764264583588,0.9727586507797241,1,1715820,14407
1786013021,402024672,1,-1473.1536865234375,594.6087036132812,-1088.8138427734375,,,,,,,,,,1715821,14407
1786013021,402024672,,,,,5,-1638.7742919921875,1047.3043212890625,-757.6159057617188,0.08960743248462677,-0.08028274029493332,-0.19756461679935455,0.9728788733482361,1,1715821,14407
1786013021,411292384,1,-1464.8609619140625,607.7838745117188,-1081.7615966796875,,,,,,,,,,1715822,14407
1786013021,411292384,,,,,5,-1638.6689453125,1046.961181640625,-757.61962890625,0.090679831802845,-0.08029330521821976,-0.20226530730724335,0.9718120694160461,1,1715822,14407
1786013021,419531616,1,-1456.322265625,622.6574096679688,-1074.3775634765625,,,,,,,,,,1715823,14407
1786013021,419531616,,,,,5,-1638.6429443359375,1046.9559326171875,-757.6464233398438,0.09076296538114548,-0.08017489314079285,-0.2021501362323761,0.9718381762504578,1,1715823,14407
1786013021,427025024,1,-1448.142822265625,636.9400634765625,-1066.681884765625,,,,,,,,,,1715824,14407
1786013021,427025024,,,,,5,-1638.6434326171875,1046.9622802734375,-757.6060791015625,0.09083300083875656,-0.08034444600343704,-0.2018706351518631,0.9718757271766663,1,1715824,14407
1786013021,436345184,1,-1440.2769775390625,650.5487060546875,-1058.7078857421875,,,,,,,,,,1715825,14407
1786013021,436345184,,,,,5,-1638.7584228515625,1047.263671875,-757.6012573242188,0.08931145817041397,-0.0804741308093071,-0.19756031036376953,0.9728912711143494,1,1715825,14407
1786013021,443982336,1,-1432.64697265625,665.2587890625,-1051.280029296875,,,,,,,,,,1715826,14407
1786013021,443982336,,,,,5,-1638.7850341796875,1047.3072509765625,-757.58984375,0.08969426900148392,-0.0801217257976532,-0.19739598035812378,0.9729185104370117,1,1715826,14407
1786013021,453028640,1,-1424.8681640625,677.8439331054688,-1043.1390380859375,,,,,,,,,,1715827,14407
1786013021,453028640,,,,,5,-1638.33154296875,1047.0081787109375,-757.5297241210938,0.08704417198896408,-0.08385764807462692,-0.19181515276432037,0.9739600419998169,1,1715827,14407
1786013021,461991520,1,-1417.1280517578125,692.9011840820312,-1036.118896484375,,,,,,,,,,1715828,14407
1786013021,461991520,,,,,5,-1638.6942138671875,1047.2305908203125,-757.5768432617188,0.08948079496622086,-0.08063817024230957,-0.1967405527830124,0.9730281829833984,1,1715828,14407
1786013021,469227392,1,-1409.3101806640625,703.1034545898438,-1027.6622314453125,,,,,,,,,,1715829,14407
1786013021,469227392,,,,,5,-1638.6512451171875,1046.9195556640625,-757.6334228515625,0.09109445661306381,-0.08029335737228394,-0.20231880247592926,0.9717621803283691,1,1715829,14407
1786013021,477933696,1,-1400.4189453125,716.5568237304688,-1017.912841796875,,,,,,,,,,1715830,14407
1786013021,477933696,,,,,5,-1638.5731201171875,1046.985107421875,-757.6192016601562,0.08995211124420166,-0.08083776384592056,-0.19966231286525726,0.9723727703094482,1,1715830,14407
1786013021,486206144,1,-1394.4595947265625,728.2333984375,-1010.875244140625,,,,,,,,,,1715831,14407
1786013021,486206144,,,,,5,-1638.7197265625,1047.2347412109375,-757.598388671875,0.08945249021053314,-0.08028077334165573,-0.1967095136642456,0.9730666279792786,1,1715831,14407
1786013021,493884416,1,-1387.8868408203125,738.7405395507812,-1003.6666870117188,,,,,,,,,,1715832,14407
1786013021,493884416,,,,,5,-1638.7001953125,1047.2476806640625,-757.5811157226562,0.08949511498212814,-0.08048363029956818,-0.19785743951797485,0.972813069820404,1,1715832,14407
1786013021,503450176,1,-1381.0400390625,748.92822265625,-996.1373291015625,,,,,,,,,,1715833,14407
1786013021,503450176,,,,,5,-1638.6900634765625,1047.289306640625,-757.5625,0.0895983949303627,-0.08021874725818634,-0.19696977734565735,0.9730056524276733,1,1715833,14407
1786013021,511110752,1,-1373.2911376953125,758.9317626953125,-988.1472778320312,,,,,,,,,,1715834,14407
1786013021,511110752,,,,,5,-1638.7236328125,1047.3155517578125,-757.5805053710938,0.08980067819356918,-0.08023422956466675,-0.19746607542037964,0.9728851914405823,1,1715834,14407
1786013021,518766912,1,-1366.368408203125,767.3673706054688,-980.4340209960938,,,,,,,,,,1715835,14407
1786013021,518766912,,,,,5,-1638.6982421875,1047.3160400390625,-757.6035766601562,0.0898217037320137,-0.08004681766033173,-0.19808752834796906,0.9727723002433777,1,1715835,14407
1786013021,528072640,1,-1360.9471435546875,774.0014038085938,-972.8277587890625,,,,,,,,,,1715836,14407
1786013021,528072640,,,,,5,-1638.236328125,1046.6917724609375,-757.5789184570312,0.08840452134609222,-0.08299140632152557,-0.19676122069358826,0.9729244709014893,1,1715836,14407
1786013021,536181600,1,-1353.152587890625,780.8607788085938,-965.4283447265625,,,,,,,,,,1715837,14407
1786013021,536181600,,,,,5,-1638.585205078125,1046.9383544921875,-757.5969848632812,0.09059160202741623,-0.08087027072906494,-0.20117764174938202,0.9719982147216797,1,1715837,14407
1786013021,543610816,1,-1345.13427734375,788.6630859375,-956.4990234375,,,,,,,,,,1715838,14407
1786013021,543610816,,,,,5,-1638.7454833984375,1047.2327880859375,-757.599365234375,0.08931825309991837,-0.08049195259809494,-0.19734147191047668,0.9729335308074951,1,1715838,14407
1786013021,552633760,1,-1337.8504638671875,794.3497314453125,-948.79248046875,,,,,,,,,,1715839,14407
1786013021,552633760,,,,,5,-1638.6370849609375,1046.9658203125,-757.6110229492188,0.09078031033277512,-0.08009879291057587,-0.2026861608028412,0.9717311263084412,1,1715839,14407
1786013021,560621472,1,-1331.3004150390625,798.4002685546875,-941.3093872070312,,,,,,,,,,1715840,14407
1786013021,560621472,,,,,5,-1638.6336669921875,1046.9566650390625,-757.6248779296875,0.09104877710342407,-0.08020424842834473,-0.20308136940002441,0.9716147780418396,1,1715840,14407
1786013021,569741760,1,-1321.578857421875,805.7350463867188,-932.1639404296875,,,,,,,,,,1715841,14407
1786013021,569741760,,,,,5,-1638.690673828125,1047.24951171875,-757.551025390625,0.08949697017669678,-0.08104823529720306,-0.1972084492444992,0.9728978872299194,1,1715841,14407
1786013021,577886464,1,-1316.5733642578125,808.2147827148438,-924.7670288085938,,,,,,,,,,1715842,14407
1786013021,577886464,,,,,5,-1638.760009765625,1047.2825927734375,-757.5684814453125,0.08983922004699707,-0.08011675626039505,-0.19780147075653076,0.9728231430053711,1,1715842,14407
1786013021,585547264,1,-1309.512939453125,811.5911254882812,-916.7410278320312,,,,,,,,,,1715843,14407
1786013021,585547264,,,,,5,-1638.7322998046875,1047.2786865234375,-757.5567016601562,0.08991316705942154,-0.08062339574098587,-0.1982702761888504,0.9726789593696594,1,1715843,14407
1786013021,594731712,1,-1302.7490234375,813.8580322265625,-908.9716186523438,,,,,,,,,,1715844,14407
1786013021,594731712,,,,,5,-1638.754150390625,1047.3179931640625,-757.5723876953125,0.08997324109077454,-0.08006203919649124,-0.1985066682100296,0.9726716876029968,1,1715844,14407
1786013021,602659456,1,-1295.759033203125,815.5579223632812,-900.9058837890625,,,,,,,,,,1715845,14407
1786013021,602659456,,,,,5,-1638.578369140625,1046.9442138671875,-757.5828857421875,0.09083310514688492,-0.08072493970394135,-0.20163796842098236,0.9718924760818481,1,1715845,14407
1786013021,609979264,1,-1289.01513671875,816.2689208984375,-892.994140625,,,,,,,,,,1715846,14407
1786013021,609979264,,,,,5,-1638.7392578125,1047.310302734375,-757.5475463867188,0.08977949619293213,-0.0803900808095932,-0.1970299631357193,0.9729626178741455,1,1715846,14407
1786013021,619583168,1,-1281.158447265625,817.4789428710938,-885.3233642578125,,,,,,,,,,1715847,14407
1786013021,619583168,,,,,5,-1638.653564453125,1047.0030517578125,-757.5819091796875,0.09098319709300995,-0.0801972970366478,-0.20161104202270508,0.9719277024269104,1,1715847,14407
1786013021,627961888,1,-1274.4483642578125,817.5526733398438,-877.1959838867188,,,,,,,,,,1715848,14407
1786013021,627961888,,,,,5,-1638.733642578125,1047.2601318359375,-757.5374145507812,0.08985674381256104,-0.08067772537469864,-0.19825099408626556,0.9726836085319519,1,1715848,14407
1786013021,635305856,1,-1267.6243896484375,815.5569458007812,-870.0289306640625,,,,,,,,,,1715849,14407
1786013021,635305856,,,,,5,-1638.6800537109375,1046.9432373046875,-757.6222534179688,0.09107845276594162,-0.08016908913850784,-0.2021390199661255,0.9718114733695984,1,1715849,14407
1786013021,644648416,1,-1263.40771484375,813.5875854492188,-862.4187622070312,,,,,,,,,,1715850,14407
1786013021,644648416,,,,,5,-1638.7410888671875,1047.2857666015625,-757.60693359375,0.08949022740125656,-0.08051281422376633,-0.19740352034568787,0.9729033708572388,1,1715850,14407
1786013021,652671040,1,-1254.1871337890625,812.284423828125,-854.3004150390625,,,,,,,,,,1715851,14407
1786013021,652671040,,,,,5,-1638.7080078125,1047.2825927734375,-757.5875854492188,0.0894060954451561,-0.08076561242341995,-0.19666551053524017,0.9730396866798401,1,1715851,14407
1786013021,660487968,1,-1246.7044677734375,808.253662109375,-846.0307006835938,,,,,,,,,,1715852,14407
1786013021,660487968,,,,,5,-1638.6136474609375,1046.9954833984375,-757.6138305664062,0.09081117063760757,-0.08049454540014267,-0.2003866285085678,0.9721724390983582,1,1715852,14407
1786013021,675723200,1,-1240.3175048828125,804.0917358398438,-838.71240234375,,,,,,,,,,1715853,14407
1786013021,675723200,,,,,5,-1638.5986328125,1046.9710693359375,-757.6317749023438,0.09069663286209106,-0.08093345910310745,-0.20143859088420868,0.9719291925430298,1,1715853,14407
1786013021,677273600,1,-1233.67578125,799.5504760742188,-830.58056640625,,,,,,,,,,1715854,14407
1786013021,677273600,,,,,5,-1638.6715087890625,1047.0242919921875,-757.6633911132812,0.09078408032655716,-0.08023122698068619,-0.201375812292099,0.9719923138618469,1,1715854,14407
1786013021,687228928,1,-1227.4810791015625,792.8827514648438,-822.8717651367188,,,,,,,,,,1715855,14407
1786013021,687228928,,,,,5,-1638.5830078125,1046.9300537109375,-757.6222534179688,0.09053490310907364,-0.08053402602672577,-0.20107398927211761,0.9720529913902283,1,1715855,14407
1786013021,694841216,1,-1220.894287109375,788.7899780273438,-816.3020629882812,,,,,,,,,,1715856,14407
1786013021,694841216,,,,,5,-1638.6978759765625,1047.2677001953125,-757.6022338867188,0.08942507952451706,-0.08044867217540741,-0.19763709604740143,0.9728672504425049,1,1715856,14407
1786013021,702577344,1,-1213.805419921875,781.483154296875,-809.18994140625,,,,,,,,,,1715857,14407
1786013021,702577344,,,,,5,-1638.6123046875,1047.0250244140625,-757.6361083984375,0.09088350832462311,-0.0805443823337555,-0.2012895941734314,0.9719750285148621,1,1715857,14407
1786013021,711346560,1,-1205.5084228515625,776.4821166992188,-799.368408203125,,,,,,,,,,1715858,14407
1786013021,711346560,,,,,5,-1638.7476806640625,1047.29296875,-757.6390991210938,0.08967629820108414,-0.08029673248529434,-0.1970575749874115,0.9729742407798767,1,1715858,14407
1786013021,719561536,1,-1198.108642578125,769.839599609375,-791.69482421875,,,,,,,,,,1715859,14407
1786013021,719561536,,,,,5,-1638.7108154296875,1047.259765625,-757.6396484375,0.0894424319267273,-0.08055136352777481,-0.19747260212898254,0.9728906154632568,1,1715859,14407
1786013021,727130592,1,-1191.8885498046875,761.0938720703125,-783.8653564453125,,,,,,,,,,1715860,14407
1786013021,727130592,,,,,5,-1638.7291259765625,1047.263671875,-757.5775756835938,0.08914202451705933,-0.08058235794305801,-0.19712994992733002,0.9729850888252258,1,1715860,14407
1786013021,736329248,1,-1185.0009765625,750.9006958007812,-775.7965698242188,,,,,,,,,,1715861,14407
1786013021,736329248,,,,,5,-1638.6619873046875,1046.9393310546875,-757.6246948242188,0.09038937836885452,-0.08002915978431702,-0.2027866095304489,0.9717523455619812,1,1715861,14407
1786013021,744523776,1,-1176.02197265625,742.4554443359375,-767.22021484375,,,,,,,,,,1715862,14407
1786013021,744523776,,,,,5,-1638.7708740234375,1047.2685546875,-757.57080078125,0.0893077552318573,-0.0803525373339653,-0.19757577776908875,0.972898542881012,1,1715862,14407
1786013021,752056320,1,-1170.500244140625,732.106689453125,-759.9314575195312,,,,,,,,,,1715863,14407
1786013021,752056320,,,,,5,-1638.722900390625,1047.2503662109375,-757.5673217773438,0.08961842954158783,-0.08063893765211105,-0.19708696007728577,0.9729452133178711,1,1715863,14407
1786013021,761507904,1,-1164.4312744140625,720.5487060546875,-752.6621704101562,,,,,,,,,,1715864,14407
1786013021,761507904,,,,,5,-1638.6734619140625,1046.953125,-757.5897216796875,0.09055375307798386,-0.08025777339935303,-0.2018730193376541,0.971908450126648,1,1715864,14407
1786013021,769580736,1,-1158.0443115234375,708.3856811523438,-744.4024658203125,,,,,,,,,,1715865,14407
1786013021,769580736,,,,,5,-1638.29931640625,1046.7274169921875,-757.5275268554688,0.08838044852018356,-0.08325748145580292,-0.19545775651931763,0.9731666445732117,1,1715865,14407
1786013021,776966304,1,-1150.8616943359375,694.6265869140625,-736.2418212890625,,,,,,,,,,1715866,14407
1786013021,776966304,,,,,5,-1638.6558837890625,1047.002685546875,-757.5658569335938,0.09096056967973709,-0.0804336816072464,-0.20164203643798828,0.9719038009643555,1,1715866,14407
1786013021,786362432,1,-1145.001220703125,683.78564453125,-729.6565551757812,,,,,,,,,,1715867,14407
1786013021,786362432,,,,,5,-1638.7923583984375,1047.2724609375,-757.5661010742188,0.08967350423336029,-0.08039684593677521,-0.19839608669281006,0.9726940989494324,1,1715867,14407
1786013021,794222400,1,-1137.0811767578125,669.0338134765625,-721.1578979492188,,,,,,,,,,1715868,14407
1786013021,794222400,,,,,5,-1638.649658203125,1046.9808349609375,-757.5382690429688,0.09075023233890533,-0.08069723844528198,-0.2005300521850586,0.9721317291259766,1,1715868,14407
1786013021,802814752,1,-1131.0758056640625,655.9385375976562,-713.6625366210938,,,,,,,,,,1715869,14407
1786013021,802814752,,,,,5,-1638.6566162109375,1046.9503173828125,-757.5575561523438,0.09060575813055038,-0.08077625185251236,-0.20187324285507202,0.9718606472015381,1,1715869,14407
1786013021,811373312,1,-1124.1424560546875,641.0217895507812,-705.451171875,,,,,,,,,,1715870,14407
1786013021,811373312,,,,,5,-1638.7894287109375,1047.2711181640625,-757.564697265625,0.08956775814294815,-0.08034370839595795,-0.19728153944015503,0.9729350209236145,1,1715870,14407
1786013021,818822144,1,-1118.1748046875,624.7099609375,-698.2076416015625,,,,,,,,,,1715871,14407
1786013021,818822144,,,,,5,-1638.6708984375,1046.9710693359375,-757.581787109375,0.0907418429851532,-0.08015149086713791,-0.20245163142681122,0.9717792868614197,1,1715871,14407
1786013021,828108864,1,-1110.2164306640625,608.7870483398438,-690.3360595703125,,,,,,,,,,1715872,14407
1786013021,828108864,,,,,5,-1638.6258544921875,1046.9400634765625,-757.568115234375,0.09047707915306091,-0.08068531006574631,-0.2016371637582779,0.9719292521476746,1,1715872,14407
1786013021,836268032,1,-1104.6671142578125,591.3400268554688,-682.2265625,,,,,,,,,,1715873,14407
1786013021,836268032,,,,,5,-1638.2396240234375,1046.6817626953125,-757.5377807617188,0.08818234503269196,-0.08344513177871704,-0.19664743542671204,0.9729288220405579,1,1715873,14407
1786013021,843781888,1,-1095.48828125,573.2857666015625,-674.039794921875,,,,,,,,,,1715874,14407
1786013021,843781888,,,,,5,-1638.3494873046875,1046.650390625,-757.5247192382812,0.08810039609670639,-0.08270402997732162,-0.19716759026050568,0.9728943109512329,1,1715874,14407
1786013021,852805472,1,-1091.5174560546875,555.099853515625,-666.7774658203125,,,,,,,,,,1715875,14407
1786013021,852805472,,,,,5,-1638.7982177734375,1047.260986328125,-757.5526733398438,0.09009626507759094,-0.08024206757545471,-0.19693413376808167,0.9729649424552917,1,1715875,14407
1786013021,861233984,1,-1084.9759521484375,535.72021484375,-658.902587890625,,,,,,,,,,1715876,14407
1786013021,861233984,,,,,5,-1638.7945556640625,1047.2342529296875,-757.5777587890625,0.08947883546352386,-0.080348901450634,-0.19782203435897827,0.9728330969810486,1,1715876,14407
1786013021,869204736,1,-1077.5980224609375,516.6089477539062,-651.6437377929688,,,,,,,,,,1715877,14407
1786013021,869204736,,,,,5,-1638.620361328125,1046.8875732421875,-757.5692749023438,0.09038417786359787,-0.08073030412197113,-0.20133553445339203,0.971996545791626,1,1715877,14407
1786013021,877898240,1,-1071.300537109375,495.1184997558594,-644.4032592773438,,,,,,,,,,1715878,14407
1786013021,877898240,,,,,5,-1638.6756591796875,1046.967041015625,-757.5640869140625,0.09091643244028091,-0.08045754581689835,-0.2012762725353241,0.9719818234443665,1,1715878,14407
1786013021,885678240,1,-1065.802001953125,474.2961120605469,-635.9044189453125,,,,,,,,,,1715879,14407
1786013021,885678240,,,,,5,-1638.7801513671875,1047.228759765625,-757.5643920898438,0.08959203213453293,-0.08055412024259567,-0.19841864705085754,0.9726841449737549,1,1715879,14407
1786013021,894723136,1,-1057.989013671875,454.4848937988281,-627.9938354492188,,,,,,,,,,1715880,14407
1786013021,894723136,,,,,5,-1638.3914794921875,1046.9722900390625,-757.5557861328125,0.08674789220094681,-0.08344587683677673,-0.19234886765480042,0.9739165902137756,1,1715880,14407
1786013021,902645408,1,-1051.099365234375,432.0132141113281,-620.455078125,,,,,,,,,,1715881,14407
1786013021,902645408,,,,,5,-1638.6634521484375,1046.909423828125,-757.585693359375,0.0908883661031723,-0.0806557908654213,-0.20186902582645416,0.9718450307846069,1,1715881,14407
1786013021,910627168,1,-1045.014892578125,409.0180358886719,-612.4197387695312,,,,,,,,,,1715882,14407
1786013021,910627168,,,,,5,-1638.795166015625,1047.26025390625,-757.5642700195312,0.08946121484041214,-0.08051804453134537,-0.1977475881576538,0.9728357791900635,1,1715882,14407
1786013021,919678272,1,-1038.300537109375,386.1324462890625,-604.6768188476562,,,,,,,,,,1715883,14407
1786013021,919678272,,,,,5,-1638.8336181640625,1047.2454833984375,-757.5128784179688,0.08978229761123657,-0.0802389457821846,-0.19847679138183594,0.9726806879043579,1,1715883,14407
1786013021,928149728,1,-1031.7467041015625,361.80126953125,-596.7952270507812,,,,,,,,,,1715884,14407
1786013021,928149728,,,,,5,-1638.7537841796875,1047.239990234375,-757.552001953125,0.08948670327663422,-0.080882228910923,-0.19708377122879028,0.9729379415512085,1,1715884,14407
1786013021,935857120,1,-1025.0093994140625,335.52667236328125,-589.70263671875,,,,,,,,,,1715885,14407
1786013021,935857120,,,,,5,-1638.304931640625,1046.675537109375,-757.5010986328125,0.0880182757973671,-0.08357342332601547,-0.19571375846862793,0.9731209874153137,1,1715885,14407
1786013021,944694560,1,-1018.387939453125,311.05340576171875,-581.3427734375,,,,,,,,,,1715886,14407
1786013021,944694560,,,,,5,-1638.810791015625,1047.3115234375,-757.5162353515625,0.08980543166399002,-0.08070296794176102,-0.19613014161586761,0.9731161594390869,1,1715886,14407
1786013021,953044832,1,-1011.5910034179688,284.9354248046875,-573.6461791992188,,,,,,,,,,1715887,14407
1786013021,953044832,,,,,5,-1638.8099365234375,1047.30126953125,-757.5971069335938,0.08962561935186386,-0.07988473027944565,-0.1973312646150589,0.97295743227005,1,1715887,14407
1786013021,961335168,1,-1004.8331909179688,258.3000183105469,-565.8892211914062,,,,,,,,,,1715888,14407
1786013021,961335168,,,,,5,-1638.7928466796875,1047.260498046875,-757.5770874023438,0.08944357931613922,-0.08049983531236649,-0.19749537110328674,0.9728901386260986,1,1715888,14407
1786013021,970710496,1,-999.1346435546875,228.8294219970703,-557.1788330078125,,,,,,,,,,1715889,14407
1786013021,970710496,,,,,5,-1638.766845703125,1047.2855224609375,-757.5949096679688,0.08958286046981812,-0.08037342876195908,-0.19793468713760376,0.9727984666824341,1,1715889,14407
1786013021,977900224,1,-993.0252075195312,201.20018005371094,-550.1212768554688,,,,,,,,,,1715890,14407
1786013021,977900224,,,,,5,-1638.8037109375,1047.3321533203125,-757.5665283203125,0.0899214893579483,-0.08036265522241592,-0.19721393287181854,0.972914457321167,1,1715890,14407
1786013021,985867008,1,-985.2880249023438,171.43907165527344,-542.2315063476562,,,,,,,,,,1715891,14407
1786013021,985867008,,,,,5,-1638.6107177734375,1046.955322265625,-757.5986328125,0.09059195220470428,-0.08105506747961044,-0.2007518708705902,0.9720709919929504,1,1715891,14407
1786013021,994814688,1,-981.5648193359375,140.05279541015625,-534.7199096679688,,,,,,,,,,1715892,14407
1786013021,994814688,,,,,5,-1638.6455078125,1046.9749755859375,-757.6149291992188,0.0906086415052414,-0.08039803057909012,-0.20129600167274475,0.9720115065574646,1,1715892,14407
1786013022,2753408,1,-976.50537109375,112.19930267333984,-526.399658203125,,,,,,,,,,1715893,14407
1786013022,2753408,,,,,5,-1638.8046875,1047.318115234375,-757.5858764648438,0.08994347602128983,-0.08015020191669464,-0.19804494082927704,0.9727611541748047,1,1715893,14407
1786013022,11479616,1,-972.5223999023438,88.77051544189453,-521.5148315429688,,,,,,,,,,1715894,14407
1786013022,11479616,,,,,5,-1638.6063232421875,1046.9498291015625,-757.62255859375,0.0908607468008995,-0.08056140691041946,-0.20228630304336548,0.9717687964439392,1,1715894,14407
1786013022,19682784,1,-974.9515380859375,97.82613372802734,-519.3431396484375,,,,,,,,,,1715895,14407
1786013022,19682784,,,,,5,-1638.6180419921875,1046.9676513671875,-757.6388549804688,0.09072621911764145,-0.080595463514328,-0.2018900215625763,0.971860945224762,1,1715895,14407
1786013022,27255328,1,-970.408935546875,118.10662078857422,-511.0974426269531,,,,,,,,,,1715896,14407
1786013022,27255328,,,,,5,-1638.6031494140625,1046.9654541015625,-757.6226806640625,0.09056027233600616,-0.08092249184846878,-0.20112672448158264,0.9720073938369751,1,1715896,14407
1786013022,36548192,1,-951.80859375,145.4783935546875,-504.7439270019531,,,,,,,,,,1715897,14407
1786013022,36548192,,,,,5,-1638.7205810546875,1047.2987060546875,-757.6095581054688,0.08947927504777908,-0.08080804347991943,-0.19731229543685913,0.9728984236717224,1,1715897,14407
1786013022,44706688,1,-946.6752319335938,162.69541931152344,-499.6659851074219,,,,,,,,,,1715898,14407
1786013022,44706688,,,,,5,-1638.62890625,1046.96484375,-757.6563720703125,0.09075026214122772,-0.08049984276294708,-0.20140765607357025,0.9719666242599487,1,1715898,14407
1786013022,52333376,1,-942.4752197265625,177.66058349609375,-493.3731994628906,,,,,,,,,,1715899,14407
1786013022,52333376,,,,,5,-1638.5758056640625,1046.9556884765625,-757.6500854492188,0.09042393416166306,-0.0806029811501503,-0.20141848921775818,0.9719864130020142,1,1715899,14407
1786013022,61541856,1,-937.7177124023438,196.6208038330078,-488.30072021484375,,,,,,,,,,1715900,14407
1786013022,61541856,,,,,5,-1638.6156005859375,1046.9610595703125,-757.6204833984375,0.0901884213089943,-0.0806388184428215,-0.20065616071224213,0.9721629023551941,1,1715900,14407
1786013022,69467104,1,-933.2578735351562,213.87632751464844,-483.00360107421875,,,,,,,,,,1715901,14407
1786013022,69467104,,,,,5,-1638.323486328125,1046.9959716796875,-757.5390014648438,0.08676633983850479,-0.08362288773059845,-0.19111859798431396,0.9741418957710266,1,1715901,14407
1786013022,77090528,1,-928.00439453125,230.2823028564453,-477.5643005371094,,,,,,,,,,1715902,14407
1786013022,77090528,,,,,5,-1638.7489013671875,1047.2626953125,-757.5742797851562,0.08948615938425064,-0.08072065562009811,-0.19728918373584747,0.9729097485542297,1,1715902,14407
1786013022,86546720,1,-922.1389770507812,245.1623992919922,-471.8172302246094,,,,,,,,,,1715903,14407
1786013022,86546720,,,,,5,-1638.69140625,1046.941650390625,-757.6381225585938,0.09064202010631561,-0.08043140918016434,-0.20139773190021515,0.9719845056533813,1,1715903,14407
1786013022,94651104,1,-916.3917846679688,260.1958923339844,-467.8562316894531,,,,,,,,,,1715904,14407
1786013022,94651104,,,,,5,-1638.6566162109375,1046.914794921875,-757.62548828125,0.09077310562133789,-0.08027549833059311,-0.20185332000255585,0.9718906283378601,1,1715904,14407
1786013022,102201280,1,-912.0081787109375,273.957763671875,-461.8298034667969,,,,,,,,,,1715905,14407
1786013022,102201280,,,,,5,-1638.587890625,1046.9461669921875,-757.5790405273438,0.09051080793142319,-0.08073978871107101,-0.2008369415998459,0.9720872044563293,1,1715905,14407
1786013022,111493632,1,-907.2131958007812,287.023193359375,-456.59088134765625,,,,,,,,,,1715906,14407
1786013022,111493632,,,,,5,-1638.6090087890625,1046.9757080078125,-757.6118774414062,0.09059643745422363,-0.08093889057636261,-0.2009734809398651,0.9720344543457031,1,1715906,14407
1786013022,119159584,1,-901.583251953125,298.6482238769531,-452.04425048828125,,,,,,,,,,1715907,14407
1786013022,119159584,,,,,5,-1638.7215576171875,1047.2601318359375,-757.5648803710938,0.08965528756380081,-0.08066333085298538,-0.19727379083633423,0.9729019999504089,1,1715907,14407
1786013022,128158816,1,-896.7033081054688,312.5831298828125,-446.1187438964844,,,,,,,,,,1715908,14407
1786013022,128158816,,,,,5,-1638.728759765625,1047.2548828125,-757.5518188476562,0.0894814133644104,-0.08086452633142471,-0.19703030586242676,0.9729507565498352,1,1715908,14407
1786013022,136695712,1,-892.007080078125,322.848876953125,-440.7293701171875,,,,,,,,,,1715909,14407
1786013022,136695712,,,,,5,-1638.6795654296875,1047.0009765625,-757.5375366210938,0.09103170037269592,-0.08059563487768173,-0.20088884234428406,0.9720397591590881,1,1715909,14407
1786013022,143391232,1,-887.1516723632812,333.8138732910156,-435.5117492675781,,,,,,,,,,1715910,14407
1786013022,143391232,,,,,5,-1638.7008056640625,1046.9315185546875,-757.602783203125,0.09113158285617828,-0.08014002442359924,-0.2024068385362625,0.9717531204223633,1,1715910,14407
1786013022,153058592,1,-882.2672729492188,344.8555908203125,-429.78497314453125,,,,,,,,,,1715911,14407
1786013022,153058592,,,,,5,-1638.8310546875,1047.300048828125,-757.5531616210938,0.08985377103090286,-0.08021912723779678,-0.19759605824947357,0.9728550910949707,1,1715911,14407
1786013022,161578144,1,-878.0631103515625,353.146728515625,-423.8103332519531,,,,,,,,,,1715912,14408
1786013022,161578144,,,,,5,-1638.773681640625,1047.2642822265625,-757.5227661132812,0.08950149267911911,-0.08079740405082703,-0.19650787115097046,0.973060131072998,1,1715912,14408
1786013022,169023232,1,-871.9500122070312,362.58831787109375,-418.87860107421875,,,,,,,,,,1715913,14408
1786013022,169023232,,,,,5,-1638.7474365234375,1047.2864990234375,-757.5736694335938,0.08970970660448074,-0.08066155761480331,-0.19757457077503204,0.9728361964225769,1,1715913,14408
1786013022,178204416,1,-865.9346313476562,370.0419921875,-413.3095703125,,,,,,,,,,1715914,14408
1786013022,178204416,,,,,5,-1638.6527099609375,1046.9239501953125,-757.6373901367188,0.09098237752914429,-0.08021892607212067,-0.20217972993850708,0.9718079566955566,1,1715914,14408
1786013022,186633664,1,-861.4386596679688,377.9929504394531,-407.7409973144531,,,,,,,,,,1715915,14408
1786013022,186633664,,,,,5,-1638.78125,1047.3157958984375,-757.562255859375,0.08978091180324554,-0.08039624243974686,-0.19711650907993317,0.9729445576667786,1,1715915,14408
1786013022,194431680,1,-857.5664672851562,384.0267028808594,-402.938232421875,,,,,,,,,,1715916,14408
1786013022,194431680,,,,,5,-1638.3973388671875,1047.017333984375,-757.5490112304688,0.08699295669794083,-0.08344480395317078,-0.19222360849380493,0.9739194512367249,1,1715916,14408
1786013022,203093824,1,-852.0042114257812,388.3167724609375,-397.286865234375,,,,,,,,,,1715917,14408
1786013022,203093824,,,,,5,-1638.6883544921875,1046.9696044921875,-757.6334838867188,0.09086526930332184,-0.08034144341945648,-0.20205138623714447,0.9718353748321533,1,1715917,14408
1786013022,211533760,1,-845.1503295898438,394.89080810546875,-391.0513916015625,,,,,,,,,,1715918,14408
1786013022,211533760,,,,,5,-1638.760986328125,1047.2833251953125,-757.613525390625,0.08960431814193726,-0.08046536147594452,-0.1983095407485962,0.972712516784668,1,1715918,14408
1786013022,219027456,1,-840.62890625,398.4079895019531,-385.90252685546875,,,,,,,,,,1715919,14408
1786013022,219027456,,,,,5,-1638.6702880859375,1047.03076171875,-757.6466674804688,0.09099787473678589,-0.07998865842819214,-0.2018934041261673,0.9718849062919617,1,1715919,14408
1786013022,227860384,1,-835.5208129882812,401.1318359375,-380.332763671875,,,,,,,,,,1715920,14408
1786013022,227860384,,,,,5,-1638.6190185546875,1046.97509765625,-757.6613159179688,0.09058138728141785,-0.08040829002857208,-0.20178286731243134,0.971912145614624,1,1715920,14408
1786013022,235661536,1,-830.1429443359375,405.1537170410156,-374.39508056640625,,,,,,,,,,1715921,14408
1786013022,235661536,,,,,5,-1638.77734375,1047.291259765625,-757.6427612304688,0.08938747644424438,-0.08019185811281204,-0.19693326950073242,0.9730346202850342,1,1715921,14408
1786013022,244894528,1,-826.0936279296875,406.6425476074219,-369.4462890625,,,,,,,,,,1715922,14408
1786013022,244894528,,,,,5,-1638.730712890625,1047.2542724609375,-757.6293334960938,0.08948850631713867,-0.080599345266819,-0.19727139174938202,0.9729231595993042,1,1715922,14408
1786013022,253179712,1,-820.3403930664062,407.9491271972656,-364.16851806640625,,,,,,,,,,1715923,14408
1786013022,253179712,,,,,5,-1638.6136474609375,1046.9295654296875,-757.6923217773438,0.09093155711889267,-0.08033528178930283,-0.20256730914115906,0.9717223048210144,1,1715923,14408
1786013022,260600288,1,-816.2708129882812,410.57867431640625,-358.9876708984375,,,,,,,,,,1715924,14408
1786013022,260600288,,,,,5,-1638.742431640625,1047.280517578125,-757.6114501953125,0.08957792818546295,-0.08058873564004898,-0.19792641699314117,0.9727827906608582,1,1715924,14408
1786013022,269934912,1,-811.2423706054688,411.4477233886719,-353.67193603515625,,,,,,,,,,1715925,14408
1786013022,269934912,,,,,5,-1638.5830078125,1046.96044921875,-757.6290893554688,0.09060677140951157,-0.0807487741112709,-0.2012641727924347,0.9719891548156738,1,1715925,14408
1786013022,278137440,1,-808.1793212890625,410.0828552246094,-347.78143310546875,,,,,,,,,,1715926,14408
1786013022,278137440,,,,,5,-1638.721923828125,1047.277099609375,-757.6058959960938,0.08944716304540634,-0.08073357492685318,-0.19712954759597778,0.9729446768760681,1,1715926,14408
1786013022,285584064,1,-802.2225341796875,411.3834228515625,-342.31304931640625,,,,,,,,,,1715927,14408
1786013022,285584064,,,,,5,-1638.682861328125,1047.24365234375,-757.5794067382812,0.08913035690784454,-0.08095483481884003,-0.19596494734287262,0.9731905460357666,1,1715927,14408
1786013022,294777408,1,-797.9551391601562,410.3892517089844,-337.12518310546875,,,,,,,,,,1715928,14408
1786013022,294777408,,,,,5,-1638.7662353515625,1047.29052734375,-757.5685424804688,0.08955620229244232,-0.08082127571105957,-0.1971569061279297,0.9729217290878296,1,1715928,14408
1786013022,302449280,1,-792.8836059570312,406.6092529296875,-330.99237060546875,,,,,,,,,,1715929,14408
1786013022,302449280,,,,,5,-1638.743408203125,1047.2557373046875,-757.595703125,0.08958084136247635,-0.08060532808303833,-0.19768355786800385,0.9728304743766785,1,1715929,14408
1786013022,311543616,1,-787.505126953125,401.35260009765625,-325.146484375,,,,,,,,,,1715930,14408
1786013022,311543616,,,,,5,-1638.7186279296875,1047.273681640625,-757.5733032226562,0.08901888132095337,-0.08085077255964279,-0.1959311068058014,0.9732162356376648,1,1715930,14408
1786013022,320647616,1,-779.8764038085938,401.3235168457031,-320.4267578125,,,,,,,,,,1715931,14408
1786013022,320647616,,,,,5,-1638.63671875,1046.958251953125,-757.6289672851562,0.09047435224056244,-0.08043783903121948,-0.20138932764530182,0.9720012545585632,1,1715931,14408
1786013022,327677952,1,-776.7322998046875,393.7309265136719,-315.1278076171875,,,,,,,,,,1715932,14408
1786013022,327677952,,,,,5,-1638.6474609375,1047.0048828125,-757.5993041992188,0.09101652354001999,-0.08057853579521179,-0.20098695158958435,0.9720223546028137,1,1715932,14408
1786013022,336496064,1,-767.1041870117188,391.6685791015625,-309.8172607421875,,,,,,,,,,1715933,14408
1786013022,336496064,,,,,5,-1638.7860107421875,1047.3338623046875,-757.5842895507812,0.08988036960363388,-0.080348901450634,-0.19666025042533875,0.9730315804481506,1,1715933,14408
1786013022,344765600,1,-766.7192993164062,385.61151123046875,-303.7603454589844,,,,,,,,,,1715934,14408
1786013022,344765600,,,,,5,-1638.725830078125,1047.23388671875,-757.596435546875,0.08975968509912491,-0.08046972751617432,-0.19732387363910675,0.9728984236717224,1,1715934,14408
1786013022,352308032,1,-761.4099731445312,379.5429382324219,-298.9577331542969,,,,,,,,,,1715935,14408
1786013022,352308032,,,,,5,-1638.6435546875,1046.9644775390625,-757.6385498046875,0.09080439060926437,-0.0802316814661026,-0.20212510228157043,0.9718349575996399,1,1715935,14408
1786013022,361710112,1,-756.3067626953125,373.806396484375,-293.1480407714844,,,,,,,,,,1715936,14408
1786013022,361710112,,,,,5,-1638.8162841796875,1047.289306640625,-757.608642578125,0.09010658413171768,-0.08006162196397781,-0.19767890870571136,0.9728277921676636,1,1715936,14408
1786013022,369807968,1,-750.4597778320312,365.80364990234375,-287.61248779296875,,,,,,,,,,1715937,14408
1786013022,369807968,,,,,5,-1638.677001953125,1047.0069580078125,-757.640869140625,0.09105134755373001,-0.08002205938100815,-0.20192427933216095,0.9718707203865051,1,1715937,14408
1786013022,377271168,1,-746.2384033203125,357.76788330078125,-282.06304931640625,,,,,,,,,,1715938,14408
1786013022,377271168,,,,,5,-1638.7574462890625,1047.254150390625,-757.6094970703125,0.08923283964395523,-0.0804508626461029,-0.19764426350593567,0.9728833436965942,1,1715938,14408
1786013022,386438432,1,-741.2086791992188,348.8122253417969,-276.4486999511719,,,,,,,,,,1715939,14408
1786013022,386438432,,,,,5,-1638.7642822265625,1047.239501953125,-757.626220703125,0.08964182436466217,-0.08021258562803268,-0.19706761837005615,0.9729823470115662,1,1715939,14408
1786013022,394764288,1,-737.0736083984375,336.0705261230469,-271.3352966308594,,,,,,,,,,1715940,14408
1786013022,394764288,,,,,5,-1638.646728515625,1046.9974365234375,-757.6178588867188,0.09090633690357208,-0.08052331209182739,-0.20126885175704956,0.9719789028167725,1,1715940,14408
1786013022,402598272,1,-732.808349609375,329.1590576171875,-265.45550537109375,,,,,,,,,,1715941,14408
1786013022,402598272,,,,,5,-1638.72265625,1047.2496337890625,-757.6121826171875,0.0892641544342041,-0.08065647631883621,-0.19720950722694397,0.9729516506195068,1,1715941,14408
1786013022,412228608,1,-725.8242797851562,318.1073303222656,-259.8169860839844,,,,,,,,,,1715942,14408
1786013022,412228608,,,,,5,-1638.759765625,1047.261474609375,-757.6188354492188,0.0892350897192955,-0.08037962764501572,-0.19743047654628754,0.9729323983192444,1,1715942,14408
1786013022,419088736,1,-722.0770874023438,306.6541442871094,-254.09927368164062,,,,,,,,,,1715943,14408
1786013022,419088736,,,,,5,-1638.7401123046875,1047.2681884765625,-757.645751953125,0.08947020769119263,-0.08044310659170151,-0.19738103449344635,0.9729155898094177,1,1715943,14408
1786013022,428435008,1,-715.8836669921875,294.7656555175781,-249.57240295410156,,,,,,,,,,1715944,14408
1786013022,428435008,,,,,5,-1638.6416015625,1047.01513671875,-757.6407470703125,0.09096334874629974,-0.08028879761695862,-0.20198749005794525,0.9718438386917114,1,1715944,14408
1786013022,436133152,1,-711.3258666992188,281.4695129394531,-243.42681884765625,,,,,,,,,,1715945,14408
1786013022,436133152,,,,,5,-1638.7388916015625,1047.313232421875,-757.60546875,0.08987628668546677,-0.08045782148838043,-0.19715553522109985,0.9729227423667908,1,1715945,14408
1786013022,444230816,1,-707.1258544921875,267.59918212890625,-237.892822265625,,,,,,,,,,1715946,14408
1786013022,444230816,,,,,5,-1638.7525634765625,1047.3104248046875,-757.6143188476562,0.08975175768136978,-0.08012329787015915,-0.1980641484260559,0.9727771878242493,1,1715946,14408
1786013022,451980032,1,-701.7740478515625,253.07518005371094,-232.26211547851562,,,,,,,,,,1715947,14408
1786013022,451980032,,,,,5,-1638.5848388671875,1046.9677734375,-757.6582641601562,0.0907263308763504,-0.08076819777488708,-0.20233717560768127,0.9717535376548767,1,1715947,14408
1786013022,461502208,1,-697.1688842773438,239.08628845214844,-226.55410766601562,,,,,,,,,,1715948,14408
1786013022,461502208,,,,,5,-1638.718994140625,1047.296875,-757.6104736328125,0.08934813737869263,-0.0806846097111702,-0.19713103771209717,0.9729574918746948,1,1715948,14408
1786013022,469016352,1,-691.7786254882812,222.59715270996094,-221.03018188476562,,,,,,,,,,1715949,14408
1786013022,469016352,,,,,5,-1638.548828125,1046.9307861328125,-757.5824584960938,0.0902382954955101,-0.08126292377710342,-0.2004692256450653,0.9721447825431824,1,1715949,14408
1786013022,478376832,1,-687.0508422851562,206.91522216796875,-215.27122497558594,,,,,,,,,,1715950,14408
1786013022,478376832,,,,,5,-1638.7535400390625,1047.3226318359375,-757.5986328125,0.08965467661619186,-0.0806339681148529,-0.19634829461574554,0.9730917811393738,1,1715950,14408
1786013022,486410240,1,-681.7450561523438,189.65322875976562,-209.7552490234375,,,,,,,,,,1715951,14408
1786013022,486410240,,,,,5,-1638.6571044921875,1046.9639892578125,-757.6304321289062,0.09081488102674484,-0.08047471940517426,-0.20204004645347595,0.9718313813209534,1,1715951,14408
1786013022,493993056,1,-677.135498046875,170.83094787597656,-204.7418212890625,,,,,,,,,,1715952,14408
1786013022,493993056,,,,,5,-1638.5689697265625,1046.9771728515625,-757.5950927734375,0.09073237329721451,-0.08100808411836624,-0.2010863721370697,0.9719926118850708,1,1715952,14408
1786013022,502905568,1,-672.4847412109375,150.56643676757812,-199.55384826660156,,,,,,,,,,1715953,14408
1786013022,502905568,,,,,5,-1638.628173828125,1046.9730224609375,-757.6010131835938,0.09063440561294556,-0.08084776252508163,-0.20130512118339539,0.9719697833061218,1,1715953,14408
1786013022,511497024,1,-668.2557983398438,134.113037109375,-194.22616577148438,,,,,,,,,,1715954,14408
1786013022,511497024,,,,,5,-1638.5413818359375,1046.965087890625,-757.6024169921875,0.09079673886299133,-0.08135242760181427,-0.20141491293907166,0.9718897938728333,1,1715954,14408
1786013022,518748960,1,-661.8095092773438,115.17298126220703,-188.0082550048828,,,,,,,,,,1715955,14408
1786013022,518748960,,,,,5,-1638.638671875,1047.033447265625,-757.5958862304688,0.09098611027002335,-0.08048165589570999,-0.20078299939632416,0.972075343132019,1,1715955,14408
1786013022,528427360,1,-658.9568481445312,103.66017150878906,-183.57920837402344,,,,,,,,,,1715956,14408
1786013022,528427360,,,,,5,-1638.7689208984375,1047.3221435546875,-757.5888671875,0.08981748670339584,-0.0804864838719368,-0.19704429805278778,0.9729482531547546,1,1715956,14408
1786013022,535681920,1,-653.5200805664062,113.54138946533203,-179.4300994873047,,,,,,,,,,1715957,14408
1786013022,535681920,,,,,5,-1638.728515625,1047.283447265625,-757.5807495117188,0.08966431766748428,-0.08079798519611359,-0.19772157073020935,0.9727990627288818,1,1715957,14408
1786013022,545236800,1,-649.8170776367188,123.64507293701172,-178.00680541992188,,,,,,,,,,1715958,14408
1786013022,545236800,,,,,5,-1638.404541015625,1047.0474853515625,-757.5538330078125,0.08721312135457993,-0.08291838318109512,-0.19168929755687714,0.9740501046180725,1,1715958,14408
1786013022,552771456,1,-644.1988525390625,135.33738708496094,-173.38401794433594,,,,,,,,,,1715959,14408
1786013022,552771456,,,,,5,-1638.6217041015625,1046.963134765625,-757.6324462890625,0.09056846797466278,-0.0807638093829155,-0.20150434970855713,0.9719416499137878,1,1715959,14408
1786013022,560823008,1,-637.1890258789062,148.4751434326172,-169.75250244140625,,,,,,,,,,1715960,14408
1786013022,560823008,,,,,5,-1638.7313232421875,1047.3114013671875,-757.5966186523438,0.08955373615026474,-0.08064675331115723,-0.19694684445858002,0.9729791283607483,1,1715960,14408
1786013022,569889952,1,-634.8792724609375,156.5900421142578,-166.00241088867188,,,,,,,,,,1715961,14408
1786013022,569889952,,,,,5,-1638.6572265625,1046.9947509765625,-757.6295166015625,0.0908341109752655,-0.08027821779251099,-0.20124195516109467,0.9720113277435303,1,1715961,14408
1786013022,578148416,1,-630.6321411132812,165.17034912109375,-161.40408325195312,,,,,,,,,,1715962,14408
1786013022,578148416,,,,,5,-1638.6328125,1046.983642578125,-757.6510620117188,0.0904228612780571,-0.08033128082752228,-0.2009495496749878,0.972105860710144,1,1715962,14408
1786013022,585541056,1,-623.8277587890625,175.6859893798828,-159.8255615234375,,,,,,,,,,1715963,14408
1786013022,585541056,,,,,5,-1638.6337890625,1046.9544677734375,-757.66259765625,0.0906633511185646,-0.08014363795518875,-0.20180682837963104,0.971921443939209,1,1715963,14408
1786013022,594932480,1,-621.0302124023438,183.2196502685547,-154.88568115234375,,,,,,,,,,1715964,14408
1786013022,594932480,,,,,5,-1638.5908203125,1046.9808349609375,-757.63671875,0.09050086885690689,-0.08076533675193787,-0.2012285739183426,0.9720049500465393,1,1715964,14408
1786013022,602748032,1,-615.0452880859375,191.51458740234375,-152.3070526123047,,,,,,,,,,1715965,14408
1786013022,602748032,,,,,5,-1638.664306640625,1046.9840087890625,-757.6627807617188,0.0910089910030365,-0.0800478532910347,-0.20245182514190674,0.9717628359794617,1,1715965,14408
1786013022,611386016,1,-612.9407348632812,198.18267822265625,-147.94387817382812,,,,,,,,,,1715966,14408
1786013022,611386016,,,,,5,-1638.5673828125,1046.9881591796875,-757.6472778320312,0.09071531891822815,-0.08048541843891144,-0.20023687183856964,0.9722129702568054,1,1715966,14408
1786013022,619775776,1,-607.8565673828125,203.92784118652344,-144.65841674804688,,,,,,,,,,1715967,14408
1786013022,619775776,,,,,5,-1638.723876953125,1047.27880859375,-757.6235961914062,0.08952191472053528,-0.08053585886955261,-0.19770288467407227,0.9728378057479858,1,1715967,14408
1786013022,628104448,1,-602.8602905273438,210.19284057617188,-141.74366760253906,,,,,,,,,,1715968,14408
1786013022,628104448,,,,,5,-1638.7392578125,1047.2730712890625,-757.620361328125,0.0894870012998581,-0.08065003156661987,-0.19761991500854492,0.9728483557701111,1,1715968,14408
1786013022,635601248,1,-600.7288208007812,214.47511291503906,-137.19955444335938,,,,,,,,,,1715969,14408
1786013022,635601248,,,,,5,-1638.7279052734375,1047.2772216796875,-757.60302734375,0.0893479511141777,-0.08079884201288223,-0.19679154455661774,0.9730167984962463,1,1715969,14408
1786013022,644848000,1,-596.0433349609375,216.9940185546875,-133.5923614501953,,,,,,,,,,1715970,14408
1786013022,644848000,,,,,5,-1638.5916748046875,1046.93798828125,-757.6375122070312,0.09036800265312195,-0.08069571107625961,-0.20118166506290436,0.9720328450202942,1,1715970,14408
1786013022,652782560,1,-589.4579467773438,221.01223754882812,-130.40802001953125,,,,,,,,,,1715971,14408
1786013022,652782560,,,,,5,-1638.6639404296875,1046.970947265625,-757.6530151367188,0.09080127626657486,-0.08014272898435593,-0.20233772695064545,0.971798300743103,1,1715971,14408
1786013022,660461504,1,-582.3335571289062,227.80963134765625,-127.44509887695312,,,,,,,,,,1715972,14408
1786013022,660461504,,,,,5,-1638.753173828125,1047.2947998046875,-757.61181640625,0.08973428606987,-0.08031458407640457,-0.19756487011909485,0.97286456823349,1,1715972,14408
1786013022,669931104,1,-580.28759765625,228.84591674804688,-123.90795135498047,,,,,,,,,,1715973,14408
1786013022,669931104,,,,,5,-1638.7230224609375,1047.24755859375,-757.5903930664062,0.08959751576185226,-0.08070512115955353,-0.19763126969337463,0.9728313088417053,1,1715973,14408
1786013022,676804768,1,-575.027587890625,230.91896057128906,-120.67211151123047,,,,,,,,,,1715974,14408
1786013022,676804768,,,,,5,-1638.7740478515625,1047.2943115234375,-757.6005859375,0.08951307833194733,-0.0801788717508316,-0.1982121467590332,0.9727644324302673,1,1715974,14408
1786013022,686766784,1,-570.3727416992188,231.55760192871094,-116.77680206298828,,,,,,,,,,1715975,14408
1786013022,686766784,,,,,5,-1638.7392578125,1047.31201171875,-757.568115234375,0.08991024643182755,-0.0806564912199974,-0.19747820496559143,0.9728376269340515,1,1715975,14408
1786013022,695706400,1,-565.48828125,232.2110595703125,-113.6805648803711,,,,,,,,,,1715976,14408
1786013022,695706400,,,,,5,-1638.7672119140625,1047.27490234375,-757.5956420898438,0.08958549797534943,-0.08053715527057648,-0.1972830444574356,0.9729171395301819,1,1715976,14408
1786013022,702226912,1,-561.6384887695312,231.57644653320312,-109.88847351074219,,,,,,,,,,1715977,14408
1786013022,702226912,,,,,5,-1638.6031494140625,1046.9739990234375,-757.5587768554688,0.0905112698674202,-0.08093135058879852,-0.2008630484342575,0.9720658659934998,1,1715977,14408
1786013022,711578880,1,-557.4610595703125,230.82179260253906,-106.21048736572266,,,,,,,,,,1715978,14408
1786013022,711578880,,,,,5,-1638.718994140625,1047.2635498046875,-757.579833984375,0.08941074460744858,-0.08075858652591705,-0.1960752308368683,0.9731588959693909,1,1715978,14408
1786013022,720526624,1,-552.5252685546875,229.07627868652344,-102.91015625,,,,,,,,,,1715979,14408
1786013022,720526624,,,,,5,-1638.756103515625,1047.284423828125,-757.5372924804688,0.08922635018825531,-0.08095681667327881,-0.1963900774717331,0.9730959534645081,1,1715979,14408
1786013022,728418976,1,-547.8303833007812,226.0189208984375,-99.26724243164062,,,,,,,,,,1715980,14408
1786013022,728418976,,,,,5,-1638.7386474609375,1047.2906494140625,-757.5738525390625,0.08969994634389877,-0.08077661693096161,-0.19738692045211792,0.9728655815124512,1,1715980,14408
1786013022,736401760,1,-544.4019165039062,223.2873992919922,-95.40177917480469,,,,,,,,,,1715981,14408
1786013022,736401760,,,,,5,-1638.7412109375,1047.2694091796875,-757.5555419921875,0.08941375464200974,-0.08070361614227295,-0.1966918408870697,0.9730387926101685,1,1715981,14408
1786013022,744169088,1,-539.5953979492188,219.6237335205078,-91.93881225585938,,,,,,,,,,1715982,14408
1786013022,744169088,,,,,5,-1638.710205078125,1047.2435302734375,-757.5863037109375,0.08988878130912781,-0.08062177151441574,-0.19756577908992767,0.9728248119354248,1,1715982,14408
1786013022,753258272,1,-535.1553344726562,215.43479919433594,-87.88973999023438,,,,,,,,,,1715983,14408
1786013022,753258272,,,,,5,-1638.7177734375,1047.27490234375,-757.5943603515625,0.08954709023237228,-0.08073226362466812,-0.19680039584636688,0.9730021953582764,1,1715983,14408
1786013022,761815712,1,-530.9653930664062,207.85235595703125,-84.62957000732422,,,,,,,,,,1715984,14408
1786013022,761815712,,,,,5,-1638.6607666015625,1046.9737548828125,-757.6431884765625,0.09073388576507568,-0.08034659922122955,-0.20242689549922943,0.9717690944671631,1,1715984,14408
1786013022,769187232,1,-526.3544921875,205.1356658935547,-81.03076171875,,,,,,,,,,1715985,14408
1786013022,769187232,,,,,5,-1638.7572021484375,1047.2784423828125,-757.6079711914062,0.08969192951917648,-0.08011391758918762,-0.19803506135940552,0.972789466381073,1,1715985,14408
1786013022,778295648,1,-521.6251831054688,196.77891540527344,-77.1255874633789,,,,,,,,,,1715986,14408
1786013022,778295648,,,,,5,-1638.7027587890625,1047.2884521484375,-757.6078491210938,0.0892949178814888,-0.08072230964899063,-0.1966007500886917,0.973066508769989,1,1715986,14408
1786013022,786294304,1,-517.6914672851562,190.32357788085938,-73.62670135498047,,,,,,,,,,1715987,14408
1786013022,786294304,,,,,5,-1638.6650390625,1046.9573974609375,-757.6456298828125,0.09048175066709518,-0.08027313649654388,-0.20201000571250916,0.9718853235244751,1,1715987,14408
1786013022,794463904,1,-513.1123657226562,182.05499267578125,-69.85980224609375,,,,,,,,,,1715988,14408
1786013022,794463904,,,,,5,-1638.7562255859375,1047.2496337890625,-757.6094970703125,0.08885573595762253,-0.08021459728479385,-0.19658687710762024,0.9731515645980835,1,1715988,14408
1786013022,803184768,1,-511.39068603515625,172.8280792236328,-65.53804016113281,,,,,,,,,,1715989,14408
1786013022,803184768,,,,,5,-1638.3194580078125,1047.0133056640625,-757.5480346679688,0.0868813693523407,-0.08368127793073654,-0.1915455013513565,0.9740427732467651,1,1715989,14408
1786013022,811340736,1,-504.77069091796875,166.1800994873047,-62.54052734375,,,,,,,,,,1715990,14408
1786013022,811340736,,,,,5,-1638.7474365234375,1047.271728515625,-757.6035766601562,0.08931046724319458,-0.08037938922643661,-0.19693216681480408,0.9730265140533447,1,1715990,14408
1786013022,818904512,1,-504.65301513671875,154.14540100097656,-58.357696533203125,,,,,,,,,,1715991,14408
1786013022,818904512,,,,,5,-1638.7225341796875,1047.2430419921875,-757.5836791992188,0.08904102444648743,-0.08085952699184418,-0.19616392254829407,0.9731665253639221,1,1715991,14408
1786013022,828386848,1,-496.0921325683594,146.15135192871094,-55.18010711669922,,,,,,,,,,1715992,14408
1786013022,828386848,,,,,5,-1638.7747802734375,1047.2513427734375,-757.6339721679688,0.08958906680345535,-0.08031187951564789,-0.19802433252334595,0.9727846384048462,1,1715992,14408
1786013022,836281952,1,-491.70025634765625,133.75234985351562,-51.41034698486328,,,,,,,,,,1715993,14408
1786013022,836281952,,,,,5,-1638.6402587890625,1046.9644775390625,-757.604248046875,0.09092427790164948,-0.08036277443170547,-0.20099548995494843,0.9720470309257507,1,1715993,14408
1786013022,843935936,1,-488.1355895996094,122.9543685913086,-48.28121566772461,,,,,,,,,,1715994,14408
1786013022,843935936,,,,,5,-1638.7984619140625,1047.2764892578125,-757.5979614257812,0.08930402249097824,-0.0804615467786789,-0.19722793996334076,0.9729604721069336,1,1715994,14408
1786013022,853036000,1,-483.07720947265625,110.67922973632812,-44.145484924316406,,,,,,,,,,1715995,14408
1786013022,853036000,,,,,5,-1638.6697998046875,1047.0096435546875,-757.5827026367188,0.09051333367824554,-0.08056966960430145,-0.20075227320194244,0.9721185564994812,1,1715995,14408
1786013022,861189856,1,-478.9065246582031,103.71604919433594,-40.61827850341797,,,,,,,,,,1715996,14408
1786013022,861189856,,,,,5,-1638.7694091796875,1047.2462158203125,-757.6083984375,0.08946219086647034,-0.08050879091024399,-0.1973733752965927,0.9729123711585999,1,1715996,14408
1786013022,868841824,1,-474.7604064941406,108.54908752441406,-36.822601318359375,,,,,,,,,,1715997,14408
1786013022,868841824,,,,,5,-1638.653564453125,1046.9793701171875,-757.6166381835938,0.09064832329750061,-0.08046961575746536,-0.2015569508075714,0.9719476699829102,1,1715997,14408
1786013022,878346048,1,-469.9234924316406,117.29827880859375,-33.47114181518555,,,,,,,,,,1715998,14408
1786013022,878346048,,,,,5,-1638.6199951171875,1046.93798828125,-757.6165161132812,0.09060027450323105,-0.08064731955528259,-0.20141524076461792,0.9719668626785278,1,1715998,14408
1786013022,886591456,1,-465.7541198730469,125.29217529296875,-29.932117462158203,,,,,,,,,,1715999,14408
1786013022,886591456,,,,,5,-1638.5921630859375,1046.93994140625,-757.6071166992188,0.09084966033697128,-0.08078794926404953,-0.20072975754737854,0.9720736145973206,1,1715999,14408
1786013022,894914624,1,-461.08203125,132.84292602539062,-25.85470199584961,,,,,,,,,,1716000,14408
1786013022,894914624,,,,,5,-1638.6871337890625,1046.9775390625,-757.6296997070312,0.09094919264316559,-0.08000805974006653,-0.20193535089492798,0.9718791246414185,1,1716000,14408
1786013022,903200576,1,-456.4325866699219,140.63734436035156,-21.8023738861084,,,,,,,,,,1716001,14408
1786013022,903200576,,,,,5,-1638.7469482421875,1047.2330322265625,-757.5842895507812,0.08914702385663986,-0.08092032372951508,-0.19604915380477905,0.9731748700141907,1,1716001,14408
1786013022,910740896,1,-453.8353271484375,143.2691192626953,-16.791288375854492,,,,,,,,,,1716002,14408
1786013022,910740896,,,,,5,-1638.7294921875,1047.267822265625,-757.5741577148438,0.08928287029266357,-0.08086080849170685,-0.1967092752456665,0.9730342030525208,1,1716002,14408
1786013022,920298528,1,-448.7524108886719,148.7776336669922,-16.9691104888916,,,,,,,,,,1716003,14408
1786013022,920298528,,,,,5,-1638.7694091796875,1047.283447265625,-757.6280517578125,0.08956988900899887,-0.08032337576150894,-0.1977836638689041,0.972834587097168,1,1716003,14408
1786013022,928243808,1,-443.4241027832031,153.76608276367188,-12.679784774780273,,,,,,,,,,1716004,14408
1786013022,928243808,,,,,5,-1638.6732177734375,1046.9891357421875,-757.6246337890625,0.09092990309000015,-0.08040507137775421,-0.20155729353427887,0.9719266295433044,1,1716004,14408
1786013022,935535840,1,-438.1562805175781,159.1742401123047,-8.671762466430664,,,,,,,,,,1716005,14408
1786013022,935535840,,,,,5,-1638.6673583984375,1046.9481201171875,-757.6224365234375,0.09056539833545685,-0.08026622980833054,-0.20223970711231232,0.9718303084373474,1,1716005,14408
1786013022,945022400,1,-433.7341003417969,162.79344177246094,-4.336663246154785,,,,,,,,,,1716006,14408
1786013022,945022400,,,,,5,-1638.7203369140625,1047.2718505859375,-757.615234375,0.08928264677524567,-0.08053459972143173,-0.19689036905765533,0.9730246663093567,1,1716006,14408
1786013022,952670432,1,-428.5747985839844,163.57025146484375,0.04551992192864418,,,,,,,,,,1716007,14408
1786013022,952670432,,,,,5,-1638.693359375,1047.0125732421875,-757.6588134765625,0.09092047065496445,-0.0800848975777626,-0.20182868838310242,0.9718976616859436,1,1716007,14408
1786013022,960650144,1,-424.69366455078125,167.75729370117188,3.1466379165649414,,,,,,,,,,1716008,14408
1786013022,960650144,,,,,5,-1638.75390625,1047.2987060546875,-757.62744140625,0.08959483355283737,-0.0805240273475647,-0.1982511281967163,0.9727204442024231,1,1716008,14408
1786013022,970469664,1,-419.96270751953125,170.00457763671875,7.3948893547058105,,,,,,,,,,1716009,14408
1786013022,970469664,,,,,5,-1638.7398681640625,1047.2513427734375,-757.6364135742188,0.08923190832138062,-0.08027038723230362,-0.19744625687599182,0.9729385375976562,1,1716009,14408
1786013022,978972352,1,-415.6707763671875,170.05355834960938,10.960651397705078,,,,,,,,,,1716010,14408
1786013022,978972352,,,,,5,-1638.7435302734375,1047.3084716796875,-757.61865234375,0.08960151672363281,-0.08067072927951813,-0.19763411581516266,0.9728332161903381,1,1716010,14408
1786013022,985836960,1,-412.0746765136719,170.00897216796875,14.267436027526855,,,,,,,,,,1716011,14408
1786013022,985836960,,,,,5,-1638.7398681640625,1047.2762451171875,-757.6122436523438,0.08926701545715332,-0.08045871555805206,-0.19691655039787292,0.9730271100997925,1,1716011,14408
1786013022,994916928,1,-406.7973937988281,168.8029327392578,18.090133666992188,,,,,,,,,,1716012,14408
1786013022,994916928,,,,,5,-1638.755126953125,1047.295166015625,-757.5966186523438,0.08977823704481125,-0.08023452758789062,-0.19684582948684692,0.9730129241943359,1,1716012,14408
1786013023,2489888,1,-402.751220703125,167.2841033935547,21.772462844848633,,,,,,,,,,1716013,14408
1786013023,2489888,,,,,5,-1638.7265625,1047.2806396484375,-757.6196899414062,0.08992014080286026,-0.08062440901994705,-0.19811338186264038,0.9727101922035217,1,1716013,14408
1786013023,11689344,1,-397.9645690917969,167.21343994140625,25.282114028930664,,,,,,,,,,1716014,14408
1786013023,11689344,,,,,5,-1638.7281494140625,1047.2869873046875,-757.5946044921875,0.08952837437391281,-0.08076310157775879,-0.19771572947502136,0.972815752029419,1,1716014,14408
1786013023,19663424,1,-393.29656982421875,163.8563690185547,28.966585159301758,,,,,,,,,,1716015,14408
1786013023,19663424,,,,,5,-1638.644775390625,1046.966552734375,-757.6270141601562,0.09058255702257156,-0.0801469162106514,-0.20150122046470642,0.9719920754432678,1,1716015,14408
1786013023,27405152,1,-388.94427490234375,161.27740478515625,32.70407485961914,,,,,,,,,,1716016,14408
1786013023,27405152,,,,,5,-1638.7557373046875,1047.2352294921875,-757.5958862304688,0.08981521427631378,-0.08041252195835114,-0.19805215299129486,0.9727499485015869,1,1716016,14408
1786013023,36596256,1,-384.141845703125,157.0100555419922,36.60514831542969,,,,,,,,,,1716017,14408
1786013023,36596256,,,,,5,-1638.755859375,1047.266845703125,-757.6151733398438,0.089605912566185,-0.08056509494781494,-0.19714857637882233,0.97294020652771,1,1716017,14408
1786013023,44983200,1,-379.6681213378906,152.82301330566406,40.08341598510742,,,,,,,,,,1716018,14408
1786013023,44983200,,,,,5,-1638.743408203125,1047.2427978515625,-757.5863647460938,0.0891617015004158,-0.08064591139554977,-0.1973823457956314,0.9729269742965698,1,1716018,14408
1786013023,52386368,1,-375.71026611328125,146.5492706298828,44.5205078125,,,,,,,,,,1716019,14408
1786013023,52386368,,,,,5,-1638.752197265625,1047.287353515625,-757.5924682617188,0.08938876539468765,-0.0807090625166893,-0.19682234525680542,0.973014235496521,1,1716019,14408
1786013023,61754208,1,-370.77008056640625,141.1414031982422,48.123435974121094,,,,,,,,,,1716020,14408
1786013023,61754208,,,,,5,-1638.8026123046875,1047.294921875,-757.6034545898438,0.08950977027416229,-0.08039660006761551,-0.1972815990447998,0.9729359745979309,1,1716020,14408
1786013023,69913248,1,-365.87908935546875,134.56637573242188,51.42160415649414,,,,,,,,,,1716021,14408
1786013023,69913248,,,,,5,-1638.24169921875,1046.6878662109375,-757.564208984375,0.08807708323001862,-0.0837402492761612,-0.19580964744091034,0.9730821251869202,1,1716021,14408
1786013023,77825280,1,-361.7279968261719,126.77692413330078,55.46287155151367,,,,,,,,,,1716022,14408
1786013023,77825280,,,,,5,-1638.6123046875,1046.9517822265625,-757.6139526367188,0.09059562534093857,-0.08091599494218826,-0.2011699378490448,0.9719957113265991,1,1716022,14408
1786013023,86711936,1,-356.493408203125,119.817138671875,59.535423278808594,,,,,,,,,,1716023,14408
1786013023,86711936,,,,,5,-1638.767578125,1047.2806396484375,-757.614013671875,0.08945191651582718,-0.08019338548183441,-0.19780457019805908,0.9728518128395081,1,1716023,14408
1786013023,94225920,1,-351.9580383300781,111.40223693847656,63.38174819946289,,,,,,,,,,1716024,14408
1786013023,94225920,,,,,5,-1638.7216796875,1047.2431640625,-757.6085205078125,0.08974664658308029,-0.0804697796702385,-0.19739043712615967,0.9728859663009644,1,1716024,14408
1786013023,103633120,1,-347.67095947265625,110.4570541381836,66.91719055175781,,,,,,,,,,1716025,14408
1786013023,103633120,,,,,5,-1638.721923828125,1047.2669677734375,-757.6078491210938,0.08974099904298782,-0.08045206218957901,-0.19714348018169403,0.972938060760498,1,1716025,14408
1786013023,111775296,1,-342.4972839355469,113.48375701904297,71.21099853515625,,,,,,,,,,1716026,14408
1786013023,111775296,,,,,5,-1638.259521484375,1046.668701171875,-757.6023559570312,0.08857712149620056,-0.0827760100364685,-0.1967683732509613,0.9729257225990295,1,1716026,14408
1786013023,119063392,1,-338.3873596191406,117.49996185302734,74.98975372314453,,,,,,,,,,1716027,14408
1786013023,119063392,,,,,5,-1638.5726318359375,1046.9539794921875,-757.6329956054688,0.09036476910114288,-0.08077321946620941,-0.20069661736488342,0.9721269011497498,1,1716027,14408
1786013023,128480544,1,-334.0766906738281,122.32672882080078,79.1280288696289,,,,,,,,,,1716028,14408
1786013023,128480544,,,,,5,-1638.613525390625,1046.9852294921875,-757.6328735351562,0.09072083979845047,-0.08055346459150314,-0.2018350511789322,0.9718764424324036,1,1716028,14408
1786013023,136662752,1,-329.7356872558594,126.29740142822266,83.41697692871094,,,,,,,,,,1716029,14408
1786013023,136662752,,,,,5,-1638.7860107421875,1047.267822265625,-757.6215209960938,0.08961514383554459,-0.08024058490991592,-0.19837777316570282,0.972716212272644,1,1716029,14408
1786013023,144048288,1,-326.501708984375,128.08824157714844,87.66209411621094,,,,,,,,,,1716030,14408
1786013023,144048288,,,,,5,-1638.7138671875,1047.264892578125,-757.5956420898438,0.089693084359169,-0.08026402443647385,-0.19664596021175385,0.9730587005615234,1,1716030,14408
1786013023,153503552,1,-321.7159118652344,130.60850524902344,91.34759521484375,,,,,,,,,,1716031,14408
1786013023,153503552,,,,,5,-1638.609619140625,1046.9609375,-757.6234130859375,0.09051930159330368,-0.08080831915140152,-0.20103850960731506,0.9720390439033508,1,1716031,14408
1786013023,161432288,1,-317.46844482421875,132.19168090820312,95.27627563476562,,,,,,,,,,1716032,14409
1786013023,161432288,,,,,5,-1638.7918701171875,1047.2962646484375,-757.6244506835938,0.08971657603979111,-0.08013858646154404,-0.19786666333675385,0.9728193879127502,1,1716032,14409
1786013023,168860672,1,-313.2416687011719,133.12484741210938,99.05512237548828,,,,,,,,,,1716033,14409
1786013023,168860672,,,,,5,-1638.6121826171875,1046.96533203125,-757.6414184570312,0.0906776562333107,-0.08037009835243225,-0.20215697586536407,0.9718287587165833,1,1716033,14409
1786013023,178477280,1,-308.6681823730469,133.20460510253906,102.8717041015625,,,,,,,,,,1716034,14409
1786013023,178477280,,,,,5,-1638.7080078125,1047.224609375,-757.5944213867188,0.08981794118881226,-0.08047238737344742,-0.19786223769187927,0.9727833867073059,1,1716034,14409
1786013023,186308064,1,-305.44757080078125,131.3103485107422,107.29429626464844,,,,,,,,,,1716035,14409
1786013023,186308064,,,,,5,-1638.7060546875,1047.27099609375,-757.6028442382812,0.08951235562562943,-0.08069399744272232,-0.19701679050922394,0.9729647636413574,1,1716035,14409
1786013023,195170272,1,-300.47406005859375,129.20054626464844,111.43177795410156,,,,,,,,,,1716036,14409
1786013023,195170272,,,,,5,-1638.716064453125,1047.2308349609375,-757.623046875,0.08977905660867691,-0.08037391304969788,-0.19713491201400757,0.9729427099227905,1,1716036,14409
1786013023,202945376,1,-296.5848693847656,127.0400161743164,115.78069305419922,,,,,,,,,,1716037,14409
1786013023,202945376,,,,,5,-1638.5994873046875,1046.936767578125,-757.610107421875,0.09049020707607269,-0.0810047909617424,-0.20085623860359192,0.9720630049705505,1,1716037,14409
1786013023,210381888,1,-293.5647277832031,123.70576477050781,120.0347671508789,,,,,,,,,,1716038,14409
1786013023,210381888,,,,,5,-1638.6591796875,1046.9588623046875,-757.6271362304688,0.09052930027246475,-0.0802716314792633,-0.2013721615076065,0.9720134735107422,1,1716038,14409
1786013023,220012448,1,-287.3078308105469,121.72554779052734,124.22289276123047,,,,,,,,,,1716039,14409
1786013023,220012448,,,,,5,-1638.8199462890625,1047.2996826171875,-757.5961303710938,0.08972897380590439,-0.0801815614104271,-0.19743479788303375,0.9729022979736328,1,1716039,14409
1786013023,228421248,1,-282.9907531738281,117.05644989013672,128.47280883789062,,,,,,,,,,1716040,14409
1786013023,228421248,,,,,5,-1638.6796875,1046.96435546875,-757.6320190429688,0.09081101417541504,-0.08028839528560638,-0.20239639282226562,0.971773087978363,1,1716040,14409
1786013023,235705216,1,-278.9075622558594,112.15414428710938,132.09336853027344,,,,,,,,,,1716041,14409
1786013023,235705216,,,,,5,-1638.6109619140625,1046.9632568359375,-757.6176147460938,0.09048926085233688,-0.08084983378648758,-0.20117613673210144,0.9720098376274109,1,1716041,14409
1786013023,245064512,1,-269.5635681152344,110.1430892944336,135.6564483642578,,,,,,,,,,1716042,14409
1786013023,245064512,,,,,5,-1638.6536865234375,1046.9647216796875,-757.62890625,0.09067311882972717,-0.08026251196861267,-0.2019503265619278,0.9718808531761169,1,1716042,14409
1786013023,252880480,1,-265.9924621582031,109.34088897705078,139.7967529296875,,,,,,,,,,1716043,14409
1786013023,252880480,,,,,5,-1638.5565185546875,1046.94287109375,-757.6124877929688,0.09066620469093323,-0.08064264804124832,-0.20067186653614044,0.9721149206161499,1,1716043,14409
1786013023,260906240,1,-260.162109375,113.04182434082031,144.5421905517578,,,,,,,,,,1716044,14409
1786013023,260906240,,,,,5,-1638.588134765625,1046.94921875,-757.6165771484375,0.09054189175367355,-0.08105197548866272,-0.20083485543727875,0.9720585942268372,1,1716044,14409
1786013023,270100320,1,-254.98765563964844,115.00714874267578,148.21224975585938,,,,,,,,,,1716045,14409
1786013023,270100320,,,,,5,-1638.2431640625,1046.6854248046875,-757.5751342773438,0.08814238756895065,-0.08374834805727005,-0.19567228853702545,0.9731029868125916,1,1716045,14409
1786013023,278126592,1,-252.21261596679688,119.0488510131836,152.05453491210938,,,,,,,,,,1716046,14409
1786013023,278126592,,,,,5,-1638.755859375,1047.26416015625,-757.6015625,0.08938225358724594,-0.08055592328310013,-0.19765561819076538,0.9728585481643677,1,1716046,14409
1786013023,285637728,1,-247.7495574951172,118.4208755493164,155.7784881591797,,,,,,,,,,1716047,14409
1786013023,285637728,,,,,5,-1638.6961669921875,1047.2479248046875,-757.5899658203125,0.08958109468221664,-0.08051084727048874,-0.19686737656593323,0.9730038046836853,1,1716047,14409
1786013023,295257632,1,-242.74107360839844,119.83197784423828,161.00711059570312,,,,,,,,,,1716048,14409
1786013023,295257632,,,,,5,-1638.7899169921875,1047.2532958984375,-757.6178588867188,0.08996418118476868,-0.080006904900074,-0.19784097373485565,0.9728125929832458,1,1716048,14409
1786013023,302665088,1,-237.48516845703125,119.24351501464844,165.28770446777344,,,,,,,,,,1716049,14409
1786013023,302665088,,,,,5,-1638.595947265625,1046.946533203125,-757.591796875,0.09061034768819809,-0.08100497722625732,-0.20163598656654358,0.971890389919281,1,1716049,14409
1786013023,311701184,1,-233.1515655517578,118.85094451904297,169.16177368164062,,,,,,,,,,1716050,14409
1786013023,311701184,,,,,5,-1638.5946044921875,1046.9442138671875,-757.6229248046875,0.09036431461572647,-0.08089298009872437,-0.20051968097686768,0.9721536040306091,1,1716050,14409
1786013023,319708032,1,-229.43492126464844,116.46355438232422,173.67050170898438,,,,,,,,,,1716051,14409
1786013023,319708032,,,,,5,-1638.5924072265625,1046.9794921875,-757.6248168945312,0.09059622138738632,-0.08083938807249069,-0.20059674978256226,0.972120463848114,1,1716051,14409
1786013023,327398880,1,-224.9293975830078,115.63520812988281,178.19711303710938,,,,,,,,,,1716052,14409
1786013023,327398880,,,,,5,-1638.623046875,1047.0001220703125,-757.5984497070312,0.09073217213153839,-0.08077125996351242,-0.20071569085121155,0.9720889329910278,1,1716052,14409
1786013023,336724416,1,-219.6868438720703,115.81507110595703,181.3873748779297,,,,,,,,,,1716053,14409
1786013023,336724416,,,,,5,-1638.7554931640625,1047.286376953125,-757.6036987304688,0.08963006734848022,-0.08042049407958984,-0.19788895547389984,0.9727995991706848,1,1716053,14409
1786013023,344994720,1,-216.38067626953125,112.20618438720703,186.34425354003906,,,,,,,,,,1716054,14409
1786013023,344994720,,,,,5,-1638.7020263671875,1047.292236328125,-757.603515625,0.08946917951107025,-0.08086813986301422,-0.19723689556121826,0.9729096293449402,1,1716054,14409
1786013023,352363488,1,-210.3004150390625,111.2004165649414,190.00570678710938,,,,,,,,,,1716055,14409
1786013023,352363488,,,,,5,-1638.604736328125,1046.942138671875,-757.6198120117188,0.09036566317081451,-0.08070138841867447,-0.20077243447303772,0.9721172451972961,1,1716055,14409
1786013023,361687072,1,-206.65725708007812,109.60313415527344,195.36094665527344,,,,,,,,,,1716056,14409
1786013023,361687072,,,,,5,-1638.6199951171875,1046.98046875,-757.627685546875,0.09082216769456863,-0.08057164400815964,-0.20075057446956635,0.9720900058746338,1,1716056,14409
1786013023,369884160,1,-202.5883331298828,113.21248626708984,199.41000366210938,,,,,,,,,,1716057,14409
1786013023,369884160,,,,,5,-1638.7215576171875,1047.2203369140625,-757.6317749023438,0.08933740109205246,-0.08071700483560562,-0.19705763459205627,0.9729706645011902,1,1716057,14409
1786013023,377921216,1,-196.7460479736328,115.02095794677734,202.6602020263672,,,,,,,,,,1716058,14409
1786013023,377921216,,,,,5,-1638.7127685546875,1047.248291015625,-757.6063842773438,0.08960851281881332,-0.0805850550532341,-0.19850529730319977,0.9726623296737671,1,1716058,14409
1786013023,386659200,1,-193.94288635253906,113.92039489746094,207.83917236328125,,,,,,,,,,1716059,14409
1786013023,386659200,,,,,5,-1638.5911865234375,1046.9417724609375,-757.6234130859375,0.09039092063903809,-0.0807284340262413,-0.20043489336967468,0.9721822738647461,1,1716059,14409
1786013023,394896256,1,-187.85971069335938,115.31527709960938,211.2640380859375,,,,,,,,,,1716060,14409
1786013023,394896256,,,,,5,-1638.7427978515625,1047.2518310546875,-757.6094360351562,0.08978068828582764,-0.08013255894184113,-0.19769474864006042,0.9728488922119141,1,1716060,14409
1786013023,402784448,1,-265.12957763671875,72.65908813476562,268.5915222167969,,,,,,,,,,1716061,14409
1786013023,402784448,,,,,5,-1638.705078125,1047.221923828125,-757.6185913085938,0.08974599093198776,-0.08038119226694107,-0.19764432311058044,0.9728419184684753,1,1716061,14409
1786013023,411837408,1,-177.9471435546875,113.0188980102539,218.89622497558594,,,,,,,,,,1716062,14409
1786013023,411837408,,,,,5,-1638.7801513671875,1047.316162109375,-757.5897827148438,0.08959951251745224,-0.080107182264328,-0.1970854252576828,0.9729912877082825,1,1716062,14409
1786013023,419230912,1,-172.99569702148438,109.47754669189453,223.12945556640625,,,,,,,,,,1716063,14409
1786013023,419230912,,,,,5,-1638.6484375,1047.000244140625,-757.58251953125,0.09047763794660568,-0.0805438831448555,-0.2007097750902176,0.9721328616142273,1,1716063,14409
1786013023,428405024,1,-172.20181274414062,108.86309814453125,228.876220703125,,,,,,,,,,1716064,14409
1786013023,428405024,,,,,5,-1638.636962890625,1046.9354248046875,-757.6376342773438,0.09067175537347794,-0.08054839819669724,-0.2018885463476181,0.9718701243400574,1,1716064,14409
1786013023,436752864,1,-165.0855712890625,112.37616729736328,231.52967834472656,,,,,,,,,,1716065,14409
1786013023,436752864,,,,,5,-1638.76171875,1047.276123046875,-757.5983276367188,0.08929670602083206,-0.08035890758037567,-0.19703775644302368,0.9730080366134644,1,1716065,14409
1786013023,444166688,1,-158.75564575195312,116.60242462158203,236.09683227539062,,,,,,,,,,1716066,14409
1786013023,444166688,,,,,5,-1638.7646484375,1047.2547607421875,-757.609619140625,0.08985120058059692,-0.08027943223714828,-0.1974610686302185,0.9728777408599854,1,1716066,14409
1786013023,453079712,1,-154.8017120361328,115.51030731201172,239.45489501953125,,,,,,,,,,1716067,14409
1786013023,453079712,,,,,5,-1638.7479248046875,1047.2813720703125,-757.6234130859375,0.08969376236200333,-0.08017833530902863,-0.197013720870018,0.9729912877082825,1,1716067,14409
1786013023,461688928,1,-150.4407958984375,116.81380462646484,243.10304260253906,,,,,,,,,,1716068,14409
1786013023,461688928,,,,,5,-1638.7109375,1047.2552490234375,-757.5861206054688,0.08940787613391876,-0.0806768387556076,-0.19696414470672607,0.9729865789413452,1,1716068,14409
1786013023,468986688,1,-147.5527801513672,116.12320709228516,246.70123291015625,,,,,,,,,,1716069,14409
1786013023,468986688,,,,,5,-1638.664306640625,1046.9691162109375,-757.6740112304688,0.09092108905315399,-0.08000969886779785,-0.20226451754570007,0.9718132019042969,1,1716069,14409
1786013023,478259840,1,-142.94943237304688,117.33748626708984,250.0904541015625,,,,,,,,,,1716070,14409
1786013023,478259840,,,,,5,-1638.6956787109375,1047.260986328125,-757.5541381835938,0.08909402042627335,-0.08091239631175995,-0.19627594947814941,0.9731347560882568,1,1716070,14409
1786013023,486012352,1,-139.724609375,116.03877258300781,252.1272735595703,,,,,,,,,,1716071,14409
1786013023,486012352,,,,,5,-1638.7625732421875,1047.2574462890625,-757.6284790039062,0.08944261819124222,-0.0804009735584259,-0.19781972467899323,0.9728325605392456,1,1716071,14409
1786013023,494087488,1,-136.58358764648438,113.1427001953125,254.8649444580078,,,,,,,,,,1716072,14409
1786013023,494087488,,,,,5,-1638.6268310546875,1046.97412109375,-757.6290893554688,0.09051626920700073,-0.08050742000341415,-0.2012663334608078,0.9720170497894287,1,1716072,14409
1786013023,502989216,1,-131.68788146972656,116.9124984741211,258.1563415527344,,,,,,,,,,1716073,14409
1786013023,502989216,,,,,5,-1638.768798828125,1047.2657470703125,-757.6185913085938,0.08952678740024567,-0.08046998083591461,-0.19784893095493317,0.972813069820404,1,1716073,14409
1786013023,510969344,1,-127.58982849121094,118.15486907958984,261.04827880859375,,,,,,,,,,1716074,14409
1786013023,510969344,,,,,5,-1638.7496337890625,1047.2584228515625,-757.5907592773438,0.08931617438793182,-0.08031721413135529,-0.1975155770778656,0.9729128479957581,1,1716074,14409
1786013023,524351488,1,-124.12529754638672,119.19306945800781,263.576171875,,,,,,,,,,1716075,14409
1786013023,524351488,,,,,5,-1638.73046875,1047.2547607421875,-757.6263427734375,0.08963285386562347,-0.08039768785238266,-0.19769711792469025,0.9728401303291321,1,1716075,14409
1786013023,528409696,1,-120.19029998779297,119.40095520019531,266.3006286621094,,,,,,,,,,1716076,14409
1786013023,528409696,,,,,5,-1638.6724853515625,1047.0081787109375,-757.6539306640625,0.0907059833407402,-0.08028541505336761,-0.2013748586177826,0.9719952344894409,1,1716076,14409
1786013023,535867168,1,-116.80046081542969,120.0226821899414,268.4804992675781,,,,,,,,,,1716077,14409
1786013023,535867168,,,,,5,-1638.6805419921875,1047.0091552734375,-757.6343994140625,0.09103384613990784,-0.07997027784585953,-0.2018924206495285,0.971883237361908,1,1716077,14409
1786013023,545134944,1,-113.2134780883789,120.60442352294922,270.8459167480469,,,,,,,,,,1716078,14409
1786013023,545134944,,,,,5,-1638.6571044921875,1046.94677734375,-757.6283569335938,0.09036348760128021,-0.08051617443561554,-0.20097962021827698,0.972089946269989,1,1716078,14409
1786013023,552764544,1,-110.22077941894531,121.23609924316406,272.6591796875,,,,,,,,,,1716079,14409
1786013023,552764544,,,,,5,-1638.7122802734375,1047.28173828125,-757.5972290039062,0.08948703110218048,-0.08078307658433914,-0.19725459814071655,0.972911536693573,1,1716079,14409
1786013023,560767232,1,-106.78396606445312,120.62593078613281,274.66558837890625,,,,,,,,,,1716080,14409
1786013023,560767232,,,,,5,-1638.6571044921875,1046.97265625,-757.6312866210938,0.09070761501789093,-0.08026274293661118,-0.20187343657016754,0.9718935489654541,1,1716080,14409
1786013023,570173920,1,-103.58786010742188,121.58773803710938,276.34307861328125,,,,,,,,,,1716081,14409
1786013023,570173920,,,,,5,-1638.7496337890625,1047.2822265625,-757.5880126953125,0.0893891453742981,-0.08047852665185928,-0.19731400907039642,0.9729337096214294,1,1716081,14409
1786013023,578193472,1,-100.2291259765625,120.85819244384766,278.2391052246094,,,,,,,,,,1716082,14409
1786013023,578193472,,,,,5,-1638.6650390625,1047.0166015625,-757.61669921875,0.09112466126680374,-0.08025317639112473,-0.20160923898220062,0.9719101786613464,1,1716082,14409
1786013023,585740928,1,-97.0517349243164,120.7177734375,279.89532470703125,,,,,,,,,,1716083,14409
1786013023,585740928,,,,,5,-1638.2315673828125,1046.6856689453125,-757.5759887695312,0.08810058981180191,-0.08379114419221878,-0.19537749886512756,0.9731623530387878,1,1716083,14409
1786013023,595065632,1,-93.92581176757812,120.20895385742188,281.5825500488281,,,,,,,,,,1716084,14409
1786013023,595065632,,,,,5,-1638.6607666015625,1047.00341796875,-757.6325073242188,0.0906459242105484,-0.08014531433582306,-0.2006261646747589,0.9721672534942627,1,1716084,14409
1786013023,603381312,1,-90.76565551757812,119.59890747070312,283.1932067871094,,,,,,,,,,1716085,14409
1786013023,603381312,,,,,5,-1638.5836181640625,1046.940673828125,-757.6152954101562,0.09047821164131165,-0.08106745034456253,-0.20041722059249878,0.9721494913101196,1,1716085,14409
1786013023,611778656,1,-87.92456817626953,119.90128326416016,284.4919128417969,,,,,,,,,,1716086,14409
1786013023,611778656,,,,,5,-1638.7225341796875,1047.275390625,-757.5870361328125,0.08949533849954605,-0.08097268640995026,-0.19675499200820923,0.9729961156845093,1,1716086,14409
1786013023,620228128,1,-84.37077331542969,119.10165405273438,285.68408203125,,,,,,,,,,1716087,14409
1786013023,620228128,,,,,5,-1638.661376953125,1046.9749755859375,-757.6351928710938,0.09074637293815613,-0.08033303916454315,-0.2022186666727066,0.9718123078346252,1,1716087,14409
1786013023,628155360,1,-81.69542694091797,119.41529846191406,286.8109130859375,,,,,,,,,,1716088,14409
1786013023,628155360,,,,,5,-1638.744140625,1047.2867431640625,-757.5865478515625,0.0901811271905899,-0.08021020144224167,-0.19737085700035095,0.9728711247444153,1,1716088,14409
1786013023,635620224,1,-79.48502349853516,119.40739440917969,287.70098876953125,,,,,,,,,,1716089,14409
1786013023,635620224,,,,,5,-1638.7642822265625,1047.2828369140625,-757.6131591796875,0.08954378217458725,-0.08051329851150513,-0.19756515324115753,0.972865641117096,1,1716089,14409
1786013023,645182720,1,-77.2991943359375,118.43354034423828,288.7293701171875,,,,,,,,,,1716090,14409
1786013023,645182720,,,,,5,-1638.7056884765625,1047.25390625,-757.5885009765625,0.08936271071434021,-0.08096933364868164,-0.1970309466123581,0.9729527831077576,1,1716090,14409
1786013023,652845216,1,-73.8104019165039,119.14456176757812,289.673095703125,,,,,,,,,,1716091,14409
1786013023,652845216,,,,,5,-1638.7376708984375,1047.339111328125,-757.5812377929688,0.0895378440618515,-0.08034662157297134,-0.1959855854511261,0.9731993675231934,1,1716091,14409
1786013023,660725824,1,-70.34455108642578,119.83199310302734,289.9964904785156,,,,,,,,,,1716092,14409
1786013023,660725824,,,,,5,-1638.7408447265625,1047.2835693359375,-757.62109375,0.08961177617311478,-0.08031754195690155,-0.19783256947994232,0.9728211760520935,1,1716092,14409
1786013023,670830528,1,-68.10900115966797,118.52104187011719,290.7430419921875,,,,,,,,,,1716093,14409
1786013023,670830528,,,,,5,-1638.6168212890625,1046.9329833984375,-757.600341796875,0.09047399461269379,-0.08097193390130997,-0.20091211795806885,0.9720556735992432,1,1716093,14409
1786013023,677598560,1,-64.40862274169922,119.75717163085938,291.53033447265625,,,,,,,,,,1716094,14409
1786013023,677598560,,,,,5,-1638.759765625,1047.27294921875,-757.60693359375,0.08954330533742905,-0.08049112558364868,-0.19762355089187622,0.9728556275367737,1,1716094,14409
1786013023,687036128,1,-61.402896881103516,120.22286224365234,291.39154052734375,,,,,,,,,,1716095,14409
1786013023,687036128,,,,,5,-1638.7203369140625,1047.271728515625,-757.612060546875,0.08943254500627518,-0.08040495961904526,-0.19704800844192505,0.9729896783828735,1,1716095,14409
1786013023,695268032,1,-58.872676849365234,118.74811553955078,291.6660461425781,,,,,,,,,,1716096,14409
1786013023,695268032,,,,,5,-1638.5966796875,1046.95703125,-757.6092529296875,0.09062003344297409,-0.08111725747585297,-0.2012508511543274,0.9719600081443787,1,1716096,14409
1786013023,702487040,1,-56.29859924316406,118.5783920288086,292.1575012207031,,,,,,,,,,1716097,14409
1786013023,702487040,,,,,5,-1638.6820068359375,1047.001220703125,-757.622314453125,0.09077107161283493,-0.08000035583972931,-0.20096002519130707,0.9720984697341919,1,1716097,14409
1786013023,711832480,1,-53.811031341552734,119.79708099365234,292.1640319824219,,,,,,,,,,1716098,14409
1786013023,711832480,,,,,5,-1638.7574462890625,1047.2396240234375,-757.5782470703125,0.08930090069770813,-0.08038996905088425,-0.19754987955093384,0.9729013442993164,1,1716098,14409
1786013023,719662432,1,-50.87819290161133,119.67974853515625,292.1782531738281,,,,,,,,,,1716099,14409
1786013023,719662432,,,,,5,-1638.7109375,1047.2803955078125,-757.6058959960938,0.08924955129623413,-0.08064799010753632,-0.1965157389640808,0.97309410572052,1,1716099,14409
1786013023,727748064,1,-48.1790885925293,118.93128967285156,292.3438720703125,,,,,,,,,,1716100,14409
1786013023,727748064,,,,,5,-1638.580078125,1046.9659423828125,-757.6210327148438,0.09053590893745422,-0.08068924397230148,-0.2014458030462265,0.9719629287719727,1,1716100,14409
1786013023,736775392,1,-45.691383361816406,118.60664367675781,292.3736572265625,,,,,,,,,,1716101,14409
1786013023,736775392,,,,,5,-1638.5838623046875,1046.9404296875,-757.622802734375,0.09050819277763367,-0.08074571192264557,-0.20135898888111115,0.9719789624214172,1,1716101,14409
1786013023,744169664,1,-43.11496353149414,117.6743392944336,292.38592529296875,,,,,,,,,,1716102,14409
1786013023,744169664,,,,,5,-1638.5848388671875,1046.964111328125,-757.6110229492188,0.09058314561843872,-0.08074630796909332,-0.20136414468288422,0.9719709157943726,1,1716102,14409
1786013023,752335712,1,-40.97612380981445,119.10816955566406,292.1764221191406,,,,,,,,,,1716103,14409
1786013023,752335712,,,,,5,-1638.7322998046875,1047.260009765625,-757.59423828125,0.08939352631568909,-0.08069154620170593,-0.19781792163848877,0.9728133082389832,1,1716103,14409
1786013023,762051008,1,-38.30808639526367,118.36792755126953,291.9692077636719,,,,,,,,,,1716104,14409
1786013023,762051008,,,,,5,-1638.6051025390625,1046.915283203125,-757.6332397460938,0.09072132408618927,-0.08036728948354721,-0.20180939137935638,0.9718969464302063,1,1716104,14409
1786013023,769442560,1,-35.843605041503906,118.2568588256836,291.8410949707031,,,,,,,,,,1716105,14409
1786013023,769442560,,,,,5,-1638.6474609375,1046.980712890625,-757.6683959960938,0.09076874703168869,-0.08029766380786896,-0.20114803314208984,0.9720354676246643,1,1716105,14409
1786013023,778596768,1,-33.8978157043457,119.1268081665039,291.0575866699219,,,,,,,,,,1716106,14409
1786013023,778596768,,,,,5,-1638.7437744140625,1047.25,-757.5932006835938,0.0890997126698494,-0.08033300191164017,-0.19684343039989471,0.9730675220489502,1,1716106,14409
1786013023,786829280,1,-31.278446197509766,118.46955108642578,290.85150146484375,,,,,,,,,,1716107,14409
1786013023,786829280,,,,,5,-1638.6285400390625,1046.95263671875,-757.6386108398438,0.0906200110912323,-0.08047783374786377,-0.2018503099679947,0.9718887209892273,1,1716107,14409
1786013023,794487712,1,-29.08270263671875,118.23702239990234,290.4551696777344,,,,,,,,,,1716108,14409
1786013023,794487712,,,,,5,-1638.6229248046875,1046.955810546875,-757.6373291015625,0.09043387323617935,-0.0802767276763916,-0.2018473893404007,0.9719234108924866,1,1716108,14409
1786013023,803415744,1,-27.344018936157227,118.86897277832031,289.7080993652344,,,,,,,,,,1716109,14409
1786013023,803415744,,,,,5,-1638.7320556640625,1047.274169921875,-757.5977783203125,0.08949603885412216,-0.08079192787408829,-0.19715210795402527,0.9729307293891907,1,1716109,14409
1786013023,811821376,1,-25.189937591552734,118.5200424194336,289.27655029296875,,,,,,,,,,1716110,14409
1786013023,811821376,,,,,5,-1638.7625732421875,1047.2825927734375,-757.6165161132812,0.08942845463752747,-0.08026106655597687,-0.19726260006427765,0.972958505153656,1,1716110,14409
1786013023,819785248,1,-22.98419761657715,118.73522186279297,288.80908203125,,,,,,,,,,1716111,14409
1786013023,819785248,,,,,5,-1638.3612060546875,1046.990234375,-757.5615844726562,0.08693929761648178,-0.0836707055568695,-0.1916351020336151,0.9740208983421326,1,1716111,14409
1786013023,828671968,1,-21.08584213256836,119.01868438720703,287.9510498046875,,,,,,,,,,1716112,14409
1786013023,828671968,,,,,5,-1638.7548828125,1047.2818603515625,-757.6002197265625,0.08947842568159103,-0.08065368235111237,-0.19727160036563873,0.9729195833206177,1,1716112,14409
1786013023,836132576,1,-20.059301376342773,117.3726577758789,287.1593017578125,,,,,,,,,,1716113,14409
1786013023,836132576,,,,,5,-1638.7586669921875,1047.29638671875,-757.59130859375,0.08956243842840195,-0.08076459169387817,-0.19742067158222198,0.9728723764419556,1,1716113,14409
1786013023,844157280,1,-17.024173736572266,118.15647888183594,286.7230529785156,,,,,,,,,,1716114,14409
1786013023,844157280,,,,,5,-1638.625244140625,1046.988037109375,-757.612060546875,0.09061889350414276,-0.08075559884309769,-0.20128567516803741,0.9719828367233276,1,1716114,14409
1786013023,853306336,1,-15.076241493225098,117.37437438964844,285.9326477050781,,,,,,,,,,1716115,14409
1786013023,853306336,,,,,5,-1638.6363525390625,1046.9744873046875,-757.60302734375,0.09065823256969452,-0.08088605850934982,-0.2012433111667633,0.9719773530960083,1,1716115,14409
1786013023,861376672,1,-13.457300186157227,118.28437042236328,284.9886169433594,,,,,,,,,,1716116,14409
1786013023,861376672,,,,,5,-1638.759033203125,1047.260009765625,-757.5990600585938,0.08967619389295578,-0.08058231323957443,-0.19789129495620728,0.9727814197540283,1,1716116,14409
1786013023,869146176,1,-11.810111999511719,117.9501953125,283.8822326660156,,,,,,,,,,1716117,14409
1786013023,869146176,,,,,5,-1638.7490234375,1047.2860107421875,-757.6082763671875,0.08960000425577164,-0.0803765207529068,-0.1979455053806305,0.9727944731712341,1,1716117,14409
1786013023,878523744,1,-10.049120903015137,118.09349060058594,283.04095458984375,,,,,,,,,,1716118,14409
1786013023,878523744,,,,,5,-1638.8021240234375,1047.2908935546875,-757.6121215820312,0.08976177126169205,-0.0802675113081932,-0.19838890433311462,0.9726982712745667,1,1716118,14409
1786013023,886966656,1,-8.09366226196289,117.31800842285156,282.11944580078125,,,,,,,,,,1716119,14409
1786013023,886966656,,,,,5,-1638.5999755859375,1046.9368896484375,-757.62841796875,0.09041167050600052,-0.0809299498796463,-0.2014598846435547,0.9719516038894653,1,1716119,14409
1786013023,895341440,1,-6.281010150909424,117.45291137695312,280.5536804199219,,,,,,,,,,1716120,14409
1786013023,895341440,,,,,5,-1638.7557373046875,1047.2647705078125,-757.6015014648438,0.08954190462827682,-0.08062425255775452,-0.19763512909412384,0.9728424549102783,1,1716120,14409
1786013023,903028864,1,-4.8626508712768555,116.7536849975586,279.73846435546875,,,,,,,,,,1716121,14409
1786013023,903028864,,,,,5,-1638.617431640625,1046.9593505859375,-757.6166381835938,0.09058136492967606,-0.08015976846218109,-0.2019094079732895,0.9719064235687256,1,1716121,14409
1786013023,910927648,1,-3.666475296020508,116.93097686767578,278.4639892578125,,,,,,,,,,1716122,14409
1786013023,910927648,,,,,5,-1638.7562255859375,1047.28369140625,-757.6103515625,0.08941201865673065,-0.08037901669740677,-0.19702228903770447,0.972998857498169,1,1716122,14409
1786013023,920289184,1,-2.409496307373047,115.84125518798828,276.80615234375,,,,,,,,,,1716123,14409
1786013023,920289184,,,,,5,-1638.7203369140625,1047.2890625,-757.5887451171875,0.08950433135032654,-0.08087074011564255,-0.19715075194835663,0.9729236960411072,1,1716123,14409
1786013023,928497088,1,-0.6459829211235046,116.0923843383789,275.59173583984375,,,,,,,,,,1716124,14409
1786013023,928497088,,,,,5,-1638.635986328125,1046.9725341796875,-757.6248779296875,0.09055017679929733,-0.08036736398935318,-0.20179913938045502,0.9719150066375732,1,1716124,14409
1786013023,935842080,1,0.8614352345466614,115.48401641845703,274.1212158203125,,,,,,,,,,1716125,14409
1786013023,935842080,,,,,5,-1638.6939697265625,1047.2578125,-757.59033203125,0.0895952507853508,-0.08077243715524673,-0.19734114408493042,0.9728848934173584,1,1716125,14409
1786013023,945270272,1,1.633407711982727,113.87686157226562,271.5778503417969,,,,,,,,,,1716126,14409
1786013023,945270272,,,,,5,-1638.5882568359375,1046.9444580078125,-757.6072998046875,0.09019028395414352,-0.08087608963251114,-0.20034728944301605,0.9722066521644592,1,1716126,14409
1786013023,956329120,1,3.1779916286468506,112.95147705078125,269.9906005859375,,,,,,,,,,1716127,14409
1786013023,956329120,,,,,5,-1638.638916015625,1046.9481201171875,-757.6466674804688,0.0907168760895729,-0.08026356995105743,-0.20168079435825348,0.9719326496124268,1,1716127,14409
1786013023,960850240,1,4.184296131134033,113.83799743652344,268.44708251953125,,,,,,,,,,1716128,14409
1786013023,960850240,,,,,5,-1638.6536865234375,1046.9310302734375,-757.6428833007812,0.09060517698526382,-0.08037503063678741,-0.20195803046226501,0.9718762636184692,1,1716128,14409
1786013023,969978304,1,5.967685222625732,113.68531799316406,267.3052978515625,,,,,,,,,,1716129,14409
1786013023,969978304,,,,,5,-1638.7386474609375,1047.254638671875,-757.6255493164062,0.08961372822523117,-0.08006680756807327,-0.19807729125022888,0.9727919697761536,1,1716129,14409
1786013023,977838016,1,6.947275638580322,114.1664047241211,265.2079162597656,,,,,,,,,,1716130,14409
1786013023,977838016,,,,,5,-1638.7459716796875,1047.2391357421875,-757.601318359375,0.08920355141162872,-0.0807265192270279,-0.19712470471858978,0.9729685187339783,1,1716130,14409
1786013023,985733280,1,7.405080318450928,112.71698760986328,262.7794494628906,,,,,,,,,,1716131,14409
1786013023,985733280,,,,,5,-1638.7392578125,1047.2821044921875,-757.595947265625,0.08944298326969147,-0.08077960461378098,-0.19735701382160187,0.9728951454162598,1,1716131,14409
1786013023,995627072,1,8.953612327575684,112.33673095703125,261.5242004394531,,,,,,,,,,1716132,14409
1786013023,995627072,,,,,5,-1638.6024169921875,1046.9783935546875,-757.6254272460938,0.09061229228973389,-0.08066008985042572,-0.2007611095905304,0.972100019454956,1,1716132,14409
1786013024,4377472,1,9.880494117736816,111.89972686767578,259.6068420410156,,,,,,,,,,1716133,14409
1786013024,4377472,,,,,5,-1638.6409912109375,1046.9566650390625,-757.6239624023438,0.0905952975153923,-0.08049754798412323,-0.20167961716651917,0.9719248414039612,1,1716133,14409
1786013024,12392992,1,11.001749992370605,113.57317352294922,258.24456787109375,,,,,,,,,,1716134,14409
1786013024,12392992,,,,,5,-1638.6343994140625,1046.9708251953125,-757.6146850585938,0.09046522527933121,-0.08057761192321777,-0.20115740597248077,0.9720385670661926,1,1716134,14409
1786013024,20001760,1,12.177668571472168,115.38285827636719,256.7720947265625,,,,,,,,,,1716135,14409
1786013024,20001760,,,,,5,-1638.7225341796875,1047.2816162109375,-757.572509765625,0.0895458534359932,-0.08076518774032593,-0.1968953162431717,0.9729803800582886,1,1716135,14409
1786013024,27617920,1,13.62813663482666,115.01618194580078,256.0123291015625,,,,,,,,,,1716136,14409
1786013024,27617920,,,,,5,-1638.6253662109375,1046.9327392578125,-757.58740234375,0.09069763123989105,-0.08083228766918182,-0.2015729695558548,0.971909761428833,1,1716136,14409
1786013024,36924480,1,14.92917251586914,116.11466217041016,255.2637481689453,,,,,,,,,,1716137,14409
1786013024,36924480,,,,,5,-1638.794189453125,1047.2637939453125,-757.608642578125,0.08960023522377014,-0.08032412081956863,-0.19785630702972412,0.9728168249130249,1,1716137,14409
1786013024,45243296,1,15.919382095336914,115.7401123046875,254.16336059570312,,,,,,,,,,1716138,14409
1786013024,45243296,,,,,5,-1638.7225341796875,1047.2724609375,-757.57080078125,0.08933273702859879,-0.0810762271285057,-0.19667936861515045,0.9730178117752075,1,1716138,14409
1786013024,52446688,1,16.756282806396484,115.7043228149414,253.7233123779297,,,,,,,,,,1716139,14409
1786013024,52446688,,,,,5,-1638.7496337890625,1047.2652587890625,-757.6094970703125,0.08971107006072998,-0.08048151433467865,-0.19849689304828644,0.972663164138794,1,1716139,14409
1786013024,61888832,1,18.051939010620117,115.45465850830078,252.3817596435547,,,,,,,,,,1716140,14409
1786013024,61888832,,,,,5,-1638.6448974609375,1046.950927734375,-757.6312866210938,0.09066431224346161,-0.08021052926778793,-0.20191380381584167,0.9718935489654541,1,1716140,14409
1786013024,69587520,1,21.0546875,116.93438720703125,250.77134704589844,,,,,,,,,,1716141,14409
1786013024,69587520,,,,,5,-1638.6033935546875,1046.9287109375,-757.6071166992188,0.0902109369635582,-0.08048871904611588,-0.20149502158164978,0.9719996452331543,1,1716141,14409
1786013024,77477856,1,21.487144470214844,117.51376342773438,250.2329559326172,,,,,,,,,,1716142,14409
1786013024,77477856,,,,,5,-1638.7467041015625,1047.2747802734375,-757.5856323242188,0.08965639024972916,-0.08075307309627533,-0.19741345942020416,0.9728661775588989,1,1716142,14409
1786013024,86797216,1,23.09151840209961,117.0279769897461,249.90869140625,,,,,,,,,,1716143,14409
1786013024,86797216,,,,,5,-1638.7347412109375,1047.259765625,-757.623779296875,0.08940122276544571,-0.0804460272192955,-0.1974872350692749,0.9729002118110657,1,1716143,14409
1786013024,94579040,1,24.341033935546875,117.36454010009766,250.06927490234375,,,,,,,,,,1716144,14409
1786013024,94579040,,,,,5,-1638.7818603515625,1047.2923583984375,-757.5917358398438,0.08955514430999756,-0.08010292798280716,-0.19714094698429108,0.9729846119880676,1,1716144,14409
1786013024,102324768,1,26.22359848022461,117.32917022705078,249.57278442382812,,,,,,,,,,1716145,14409
1786013024,102324768,,,,,5,-1638.737548828125,1047.29345703125,-757.5942993164062,0.0893249586224556,-0.08048257231712341,-0.19688747823238373,0.9730256795883179,1,1716145,14409
1786013024,111862464,1,27.757125854492188,116.71800994873047,249.61923217773438,,,,,,,,,,1716146,14409
1786013024,111862464,,,,,5,-1638.5657958984375,1046.949462890625,-757.6095581054688,0.0905761569738388,-0.08071579784154892,-0.20171977579593658,0.9719003438949585,1,1716146,14409
1786013024,119384320,1,28.7403621673584,114.9988784790039,249.79910278320312,,,,,,,,,,1716147,14409
1786013024,119384320,,,,,5,-1638.5926513671875,1046.959228515625,-757.6238403320312,0.09034226834774017,-0.08081647753715515,-0.20031891763210297,0.9722033143043518,1,1716147,14409
1786013024,128573088,1,30.519725799560547,116.31395721435547,250.40914916992188,,,,,,,,,,1716148,14409
1786013024,128573088,,,,,5,-1638.7249755859375,1047.2713623046875,-757.59423828125,0.0892796590924263,-0.08068370074033737,-0.1967705488204956,0.9730368852615356,1,1716148,14409
1786013024,136803744,1,31.526809692382812,114.64935302734375,250.16038513183594,,,,,,,,,,1716149,14409
1786013024,136803744,,,,,5,-1638.757080078125,1047.284423828125,-757.5924072265625,0.08962444216012955,-0.08049356192350388,-0.19734254479408264,0.9729050397872925,1,1716149,14409
1786013024,144274848,1,33.038516998291016,113.8436050415039,249.59571838378906,,,,,,,,,,1716150,14409
1786013024,144274848,,,,,5,-1638.3922119140625,1047.054931640625,-757.5667114257812,0.0874248817563057,-0.08304429799318314,-0.19191904366016388,0.9739750623703003,1,1716150,14409
1786013024,153608768,1,34.934635162353516,113.75587463378906,250.66864013671875,,,,,,,,,,1716151,14409
1786013024,153608768,,,,,5,-1638.737548828125,1047.2806396484375,-757.6141357421875,0.08954185247421265,-0.0805586650967598,-0.19734694063663483,0.9729063510894775,1,1716151,14409
1786013024,161969568,1,36.89012145996094,113.09481048583984,250.41586303710938,,,,,,,,,,1716152,14410
1786013024,161969568,,,,,5,-1638.771728515625,1047.299560546875,-757.6201171875,0.08961495012044907,-0.08022573590278625,-0.19732162356376648,0.9729322195053101,1,1716152,14410
1786013024,170268096,1,38.624908447265625,113.08174896240234,251.9197540283203,,,,,,,,,,1716153,14410
1786013024,170268096,,,,,5,-1638.767578125,1047.2806396484375,-757.606201171875,0.08966473489999771,-0.08043182641267776,-0.1979425996541977,0.9727845191955566,1,1716153,14410
1786013024,178610880,1,40.06675338745117,112.88124084472656,252.09033203125,,,,,,,,,,1716154,14410
1786013024,178610880,,,,,5,-1638.3729248046875,1047.012451171875,-757.5459594726562,0.08694158494472504,-0.08373501151800156,-0.1912790834903717,0.9740850925445557,1,1716154,14410
1786013024,186049792,1,41.737022399902344,112.3281478881836,252.30584716796875,,,,,,,,,,1716155,14410
1786013024,186049792,,,,,5,-1638.729736328125,1047.2659912109375,-757.6221313476562,0.08956149965524673,-0.08062193542718887,-0.19742241501808167,0.9728839993476868,1,1716155,14410
1786013024,195325760,1,43.415645599365234,110.38915252685547,251.95333862304688,,,,,,,,,,1716156,14410
1786013024,195325760,,,,,5,-1638.593017578125,1046.9407958984375,-757.6281127929688,0.0907316505908966,-0.08060520887374878,-0.20213177800178528,0.9718093872070312,1,1716156,14410
1786013024,203256736,1,45.227943420410156,111.8866195678711,252.35179138183594,,,,,,,,,,1716157,14410
1786013024,203256736,,,,,5,-1638.731689453125,1047.265625,-757.59814453125,0.08951958268880844,-0.08094640076160431,-0.1966450959444046,0.973018229007721,1,1716157,14410
1786013024,211105056,1,46.77790832519531,110.27191162109375,251.81732177734375,,,,,,,,,,1716158,14410
1786013024,211105056,,,,,5,-1638.6646728515625,1046.9693603515625,-757.6329956054688,0.09055127203464508,-0.0802258849143982,-0.20143723487854004,0.9720017313957214,1,1716158,14410
1786013024,220227296,1,-0.734599769115448,18.467613220214844,198.42271423339844,,,,,,,,,,1716159,14410
1786013024,220227296,,,,,5,-1638.7576904296875,1047.251953125,-757.598388671875,0.08930543810129166,-0.08045182377099991,-0.1976468414068222,0.9728761315345764,1,1716159,14410
1786013024,227928096,1,49.559303283691406,110.65811920166016,250.5201416015625,,,,,,,,,,1716160,14410
1786013024,227928096,,,,,5,-1638.7117919921875,1047.248046875,-757.6159057617188,0.08916492760181427,-0.08090756088495255,-0.19682708382606506,0.9730173349380493,1,1716160,14410
1786013024,235933024,1,50.54056167602539,109.65339660644531,249.5232696533203,,,,,,,,,,1716161,14410
1786013024,235933024,,,,,5,-1638.6181640625,1046.9693603515625,-757.6187133789062,0.09065107256174088,-0.08031082898378372,-0.20184777677059174,0.971900224685669,1,1716161,14410
1786013024,245360928,1,52.14731216430664,109.25401306152344,248.54000854492188,,,,,,,,,,1716162,14410
1786013024,245360928,,,,,5,-1638.553955078125,1046.9190673828125,-757.5751342773438,0.09056893736124039,-0.08135434985160828,-0.2016565501689911,0.9718608856201172,1,1716162,14410
1786013024,253271168,1,53.62948226928711,109.05305480957031,247.33975219726562,,,,,,,,,,1716163,14410
1786013024,253271168,,,,,5,-1638.718017578125,1047.2415771484375,-757.5481567382812,0.08932957053184509,-0.08112722635269165,-0.1971602886915207,0.9729164838790894,1,1716163,14410
1786013024,260870976,1,55.159820556640625,108.82769012451172,246.12594604492188,,,,,,,,,,1716164,14410
1786013024,260870976,,,,,5,-1638.6324462890625,1046.995361328125,-757.612548828125,0.09072336554527283,-0.08045568317174911,-0.20072677731513977,0.9721136093139648,1,1716164,14410
1786013024,270544832,1,56.20081329345703,107.77803802490234,244.76144409179688,,,,,,,,,,1716165,14410
1786013024,270544832,,,,,5,-1638.7689208984375,1047.27783203125,-757.6160278320312,0.08960317820310593,-0.08042294532060623,-0.19809556007385254,0.9727598428726196,1,1716165,14410
1786013024,278304736,1,57.98606872558594,108.5438232421875,243.57350158691406,,,,,,,,,,1716166,14410
1786013024,278304736,,,,,5,-1638.6136474609375,1046.9814453125,-757.5873413085938,0.09016505628824234,-0.08093496412038803,-0.20096144080162048,0.9720773100852966,1,1716166,14410
1786013024,287065152,1,59.023250579833984,107.40440368652344,241.7364044189453,,,,,,,,,,1716167,14410
1786013024,287065152,,,,,5,-1638.769775390625,1047.26171875,-757.6104736328125,0.08956072479486465,-0.08045604825019836,-0.19812928140163422,0.9727540612220764,1,1716167,14410
1786013024,295463488,1,59.81051254272461,108.55918884277344,240.64389038085938,,,,,,,,,,1716168,14410
1786013024,295463488,,,,,5,-1638.6585693359375,1046.9306640625,-757.6459350585938,0.09080738574266434,-0.08017608523368835,-0.20174798369407654,0.9719175100326538,1,1716168,14410
1786013024,302742784,1,60.7586669921875,107.60614013671875,237.59463500976562,,,,,,,,,,1716169,14410
1786013024,302742784,,,,,5,-1638.7457275390625,1047.3270263671875,-757.5831909179688,0.08963681757450104,-0.08045237511396408,-0.19663435220718384,0.9730506539344788,1,1716169,14410
1786013024,312038368,1,62.80028533935547,106.60884857177734,236.87738037109375,,,,,,,,,,1716170,14410
1786013024,312038368,,,,,5,-1638.6715087890625,1046.9927978515625,-757.6420288085938,0.09100469201803207,-0.08021653443574905,-0.20186381042003632,0.9718716740608215,1,1716170,14410
1786013024,320847776,1,63.9278450012207,106.91699981689453,235.51373291015625,,,,,,,,,,1716171,14410
1786013024,320847776,,,,,5,-1638.717041015625,1047.2711181640625,-757.5897216796875,0.08925864845514297,-0.08071068674325943,-0.1966741681098938,0.9730560183525085,1,1716171,14410
1786013024,327713504,1,64.31053161621094,106.67346954345703,233.1860809326172,,,,,,,,,,1716172,14410
1786013024,327713504,,,,,5,-1638.6533203125,1046.955322265625,-757.6363525390625,0.09077227860689163,-0.08033490180969238,-0.2022627741098404,0.971800684928894,1,1716172,14410
1786013024,336983680,1,65.42218780517578,106.75029754638672,231.35435485839844,,,,,,,,,,1716173,14410
1786013024,336983680,,,,,5,-1638.7740478515625,1047.2593994140625,-757.6220092773438,0.08927064388990402,-0.08025453984737396,-0.19719010591506958,0.9729882478713989,1,1716173,14410
1786013024,345387008,1,67.59707641601562,106.03189849853516,230.7409210205078,,,,,,,,,,1716174,14410
1786013024,345387008,,,,,5,-1638.651611328125,1046.9600830078125,-757.6592407226562,0.09060978889465332,-0.08010246604681015,-0.20225098729133606,0.9718374609947205,1,1716174,14410
1786013024,352581024,1,68.46322631835938,106.90856170654297,228.5484619140625,,,,,,,,,,1716175,14410
1786013024,352581024,,,,,5,-1638.7620849609375,1047.2669677734375,-757.6084594726562,0.08947762101888657,-0.0803934633731842,-0.19761143624782562,0.9728723168373108,1,1716175,14410
1786013024,362022784,1,69.33116912841797,107.20526885986328,226.6951141357422,,,,,,,,,,1716176,14410
1786013024,362022784,,,,,5,-1638.6552734375,1046.9420166015625,-757.645263671875,0.09096155315637589,-0.08002762496471405,-0.20186203718185425,0.9718916416168213,1,1716176,14410
1786013024,370160928,1,70.32475280761719,108.52674102783203,224.61851501464844,,,,,,,,,,1716177,14410
1786013024,370160928,,,,,5,-1638.665283203125,1046.966064453125,-757.632568359375,0.0906410962343216,-0.08008155226707458,-0.20210544764995575,0.9718666076660156,1,1716177,14410
1786013024,377540032,1,71.30817413330078,108.10893249511719,223.12973022460938,,,,,,,,,,1716178,14410
1786013024,377540032,,,,,5,-1638.5797119140625,1046.9739990234375,-757.6177978515625,0.09016277641057968,-0.08081378042697906,-0.19997993111610413,0.9722900390625,1,1716178,14410
1786013024,386929024,1,72.05914306640625,109.23822784423828,221.234375,,,,,,,,,,1716179,14410
1786013024,386929024,,,,,5,-1638.7874755859375,1047.3118896484375,-757.6112670898438,0.08973486721515656,-0.08038350939750671,-0.19768567383289337,0.9728342890739441,1,1716179,14410
1786013024,394631136,1,73.03800201416016,109.88799285888672,219.6306610107422,,,,,,,,,,1716180,14410
1786013024,394631136,,,,,5,-1638.7340087890625,1047.282470703125,-757.5829467773438,0.0895795151591301,-0.08089081197977066,-0.19744423031806946,0.9728555083274841,1,1716180,14410
1786013024,402458368,1,74.12195587158203,109.9162826538086,218.0455322265625,,,,,,,,,,1716181,14410
1786013024,402458368,,,,,5,-1638.7734375,1047.2923583984375,-757.6118774414062,0.0893811583518982,-0.08035842329263687,-0.19715851545333862,0.9729759097099304,1,1716181,14410
1786013024,411967136,1,74.86527252197266,107.10231018066406,217.2197723388672,,,,,,,,,,1716182,14410
1786013024,411967136,,,,,5,-1638.673095703125,1047.0159912109375,-757.6209106445312,0.0907096415758133,-0.08007688820362091,-0.20075231790542603,0.9721409678459167,1,1716182,14410
1786013024,419407648,1,76.2762451171875,108.85425567626953,215.19436645507812,,,,,,,,,,1716183,14410
1786013024,419407648,,,,,5,-1638.5921630859375,1046.9674072265625,-757.608154296875,0.09045301377773285,-0.0810132622718811,-0.20050880312919617,0.9721375107765198,1,1716183,14410
1786013024,428614656,1,77.90608978271484,108.419921875,213.89117431640625,,,,,,,,,,1716184,14410
1786013024,428614656,,,,,5,-1638.6470947265625,1046.9686279296875,-757.6593017578125,0.09065201878547668,-0.08011671900749207,-0.20219415426254272,0.9718440771102905,1,1716184,14410
1786013024,436803680,1,78.31681060791016,107.52140808105469,212.8277587890625,,,,,,,,,,1716185,14410
1786013024,436803680,,,,,5,-1638.785400390625,1047.3211669921875,-757.6040649414062,0.08974761515855789,-0.08018073439598083,-0.19716821610927582,0.9729548096656799,1,1716185,14410
1786013024,444340736,1,79.63147735595703,109.34349822998047,210.2274169921875,,,,,,,,,,1716186,14410
1786013024,444340736,,,,,5,-1638.779296875,1047.327392578125,-757.6025390625,0.08971001207828522,-0.08046962320804596,-0.19686973094940186,0.972994863986969,1,1716186,14410
1786013024,453674592,1,79.58262634277344,108.4594955444336,209.37289428710938,,,,,,,,,,1716187,14410
1786013024,453674592,,,,,5,-1638.685546875,1047.2630615234375,-757.5813598632812,0.08937346935272217,-0.08115459978580475,-0.1974366158246994,0.9728540778160095,1,1716187,14410
1786013024,461946656,1,80.759521484375,108.74980163574219,206.58480834960938,,,,,,,,,,1716188,14410
1786013024,461946656,,,,,5,-1638.7781982421875,1047.332275390625,-757.5914916992188,0.08969088643789291,-0.08051818609237671,-0.19647562503814697,0.973072350025177,1,1716188,14410
1786013024,469251040,1,81.72357177734375,108.55306243896484,206.1643829345703,,,,,,,,,,1716189,14410
1786013024,469251040,,,,,5,-1638.7532958984375,1047.2967529296875,-757.6199340820312,0.08936258405447006,-0.08019185811281204,-0.19720572233200073,0.9729816913604736,1,1716189,14410
1786013024,478626144,1,82.84222412109375,107.1923599243164,205.3241424560547,,,,,,,,,,1716190,14410
1786013024,478626144,,,,,5,-1638.6392822265625,1046.9603271484375,-757.6583862304688,0.09061602503061295,-0.08035366982221603,-0.20158468186855316,0.9719544649124146,1,1716190,14410
1786013024,486281600,1,83.55323028564453,109.02102661132812,203.554443359375,,,,,,,,,,1716191,14410
1786013024,486281600,,,,,5,-1638.7496337890625,1047.3250732421875,-757.5895385742188,0.08961315453052521,-0.08061473071575165,-0.19646264612674713,0.9730740189552307,1,1716191,14410
1786013024,494324128,1,84.31951141357422,108.48552703857422,202.3744354248047,,,,,,,,,,1716192,14410
1786013024,494324128,,,,,5,-1638.7459716796875,1047.251953125,-757.5975952148438,0.08943767845630646,-0.0806296169757843,-0.19800962507724762,0.9727755188941956,1,1716192,14410
1786013024,504917504,1,86.90220642089844,107.24658966064453,201.75502014160156,,,,,,,,,,1716193,14410
1786013024,504917504,,,,,5,-1638.5970458984375,1046.9549560546875,-757.6292724609375,0.09033520519733429,-0.08053434640169144,-0.2010190635919571,0.972082793712616,1,1716193,14410
1786013024,512008160,1,86.3380126953125,108.00347900390625,199.91653442382812,,,,,,,,,,1716194,14410
1786013024,512008160,,,,,5,-1638.6326904296875,1046.9443359375,-757.6171264648438,0.0903179869055748,-0.08049652725458145,-0.20123496651649475,0.9720428586006165,1,1716194,14410
1786013024,519640224,1,87.5388412475586,108.18563079833984,197.39462280273438,,,,,,,,,,1716195,14410
1786013024,519640224,,,,,5,-1638.600830078125,1046.97119140625,-757.6182861328125,0.09036548435688019,-0.08069028705358505,-0.20110073685646057,0.9720501899719238,1,1716195,14410
1786013024,528626528,,,,,5,-1638.774658203125,1047.2828369140625,-757.6075439453125,0.08959957957267761,-0.08028259873390198,-0.19715173542499542,0.9729635119438171,1,1716196,14410
1786013024,536087968,1,89.72542572021484,108.61814880371094,194.76890563964844,,,,,,,,,,1716197,14410
1786013024,536087968,,,,,5,-1638.5888671875,1046.9564208984375,-757.6249389648438,0.09033367782831192,-0.08087523281574249,-0.2009221464395523,0.9720746874809265,1,1716197,14410
1786013024,545387904,1,90.34490966796875,108.37973022460938,193.70645141601562,,,,,,,,,,1716198,14410
1786013024,545387904,,,,,5,-1638.6614990234375,1046.982421875,-757.6500244140625,0.09077709168195724,-0.08020573854446411,-0.202034592628479,0.9718583226203918,1,1716198,14410
1786013024,553054784,1,91.13240051269531,108.96747589111328,192.12277221679688,,,,,,,,,,1716199,14410
1786013024,553054784,,,,,5,-1638.76171875,1047.2518310546875,-757.6028442382812,0.08946947008371353,-0.08062988519668579,-0.19770245254039764,0.9728350043296814,1,1716199,14410
1786013024,560994944,,,,,5,-1638.7408447265625,1047.2684326171875,-757.5834350585938,0.08942477405071259,-0.08071822673082352,-0.19632117450237274,0.9731113910675049,1,1716200,14410
1786013024,570321920,1,93.08292388916016,107.50482177734375,189.96287536621094,,,,,,,,,,1716201,14410
1786013024,570321920,,,,,5,-1638.6136474609375,1046.9549560546875,-757.6248168945312,0.09050966799259186,-0.08100955933332443,-0.20095694065093994,0.9720399975776672,1,1716201,14410
1786013024,578607360,,,,,5,-1638.7779541015625,1047.2979736328125,-757.6293334960938,0.08938638865947723,-0.08035066723823547,-0.19670584797859192,0.9730676412582397,1,1716202,14410
1786013024,585990304,1,93.8333511352539,107.50514221191406,188.30824279785156,,,,,,,,,,1716203,14410
1786013024,585990304,,,,,5,-1638.7076416015625,1047.2987060546875,-757.5946044921875,0.08967099338769913,-0.08078182488679886,-0.19694536924362183,0.9729573130607605,1,1716203,14410
1786013024,595729536,1,94.21992492675781,107.3781967163086,187.30210876464844,,,,,,,,,,1716204,14410
1786013024,595729536,,,,,5,-1638.7796630859375,1047.2890625,-757.5990600585938,0.08936350047588348,-0.08033016324043274,-0.1972123682498932,0.9729689359664917,1,1716204,14410
1786013024,601843584,1,94.28726196289062,106.59693908691406,186.8214111328125,,,,,,,,,,1716205,14410
1786013024,601843584,,,,,5,-1638.7867431640625,1047.3193359375,-757.6029663085938,0.08983869850635529,-0.08037464320659637,-0.1969699263572693,0.9729704856872559,1,1716205,14410
1786013024,610885024,,,,,5,-1638.6318359375,1046.9676513671875,-757.6431884765625,0.09065000712871552,-0.08079715818166733,-0.20173834264278412,0.9718827605247498,1,1716206,14410
1786013024,620729984,1,96.6076889038086,106.2304458618164,184.9873504638672,,,,,,,,,,1716207,14410
1786013024,620729984,,,,,5,-1638.6058349609375,1046.9273681640625,-757.6276245117188,0.09083984792232513,-0.08084011822938919,-0.2012331634759903,0.9719662666320801,1,1716207,14410
1786013024,627759200,1,97.57904052734375,106.31678771972656,182.74591064453125,,,,,,,,,,1716208,14410
1786013024,627759200,,,,,5,-1638.6424560546875,1046.96630859375,-757.65966796875,0.0904235914349556,-0.08023536205291748,-0.20158548653125763,0.9719821214675903,1,1716208,14410
1786013024,637125440,1,97.6277084350586,108.23173522949219,181.2406005859375,,,,,,,,,,1716209,14410
1786013024,637125440,,,,,5,-1638.773681640625,1047.2584228515625,-757.616455078125,0.08943258970975876,-0.08021833747625351,-0.19779962301254272,0.9728525280952454,1,1716209,14410
1786013024,645382048,1,98.90015411376953,106.43528747558594,180.574462890625,,,,,,,,,,1716210,14410
1786013024,645382048,,,,,5,-1638.6201171875,1046.967041015625,-757.6222534179688,0.09058325737714767,-0.08089353889226913,-0.20100021362304688,0.9720338582992554,1,1716210,14410
1786013024,652696544,,,,,5,-1638.607421875,1046.9776611328125,-757.6261596679688,0.09048447757959366,-0.08047962188720703,-0.2012283205986023,0.9720302820205688,1,1716211,14410
1786013024,662346336,,,,,5,-1638.759033203125,1047.29443359375,-757.634033203125,0.08949115872383118,-0.08023303002119064,-0.19804486632347107,0.9727962017059326,1,1716212,14410
1786013024,670460832,1,101.90644836425781,107.32958984375,176.10841369628906,,,,,,,,,,1716213,14410
1786013024,670460832,,,,,5,-1638.6041259765625,1046.9654541015625,-757.6009521484375,0.09039930999279022,-0.08084576576948166,-0.20064343512058258,0.9721287488937378,1,1716213,14410
1786013024,678297344,,,,,5,-1638.6444091796875,1046.9404296875,-757.6348876953125,0.09100131690502167,-0.08015721291303635,-0.20212413370609283,0.9718227386474609,1,1716214,14410
1786013024,686959296,,,,,5,-1638.6336669921875,1046.9627685546875,-757.6550903320312,0.09056445956230164,-0.0802886113524437,-0.20140594244003296,0.9720017910003662,1,1716215,14410
1786013024,695347712,1,104.36539459228516,107.55892181396484,172.01611328125,,,,,,,,,,1716216,14410
1786013024,695347712,,,,,5,-1638.7982177734375,1047.3104248046875,-757.6107788085938,0.08968548476696014,-0.0800473615527153,-0.19707342982292175,0.9729907512664795,1,1716216,14410
1786013024,702975232,,,,,5,-1638.7679443359375,1047.2576904296875,-757.6076049804688,0.08936489373445511,-0.08063399791717529,-0.19755734503269196,0.9728737473487854,1,1716217,14410
1786013024,712124320,1,105.70003509521484,108.02023315429688,169.57032775878906,,,,,,,,,,1716218,14410
1786013024,712124320,,,,,5,-1638.7269287109375,1047.2850341796875,-757.5924682617188,0.08935436606407166,-0.08083508908748627,-0.19613078236579895,0.9731465578079224,1,1716218,14410
