timestamp_sec,timestamp_nanosec,marker_id,x,y,z,rigid_id,rx,ry,rz,qx,qy,qz,qw,is_track,source_frame_id,source_timestamp
1786070199,651741697,1,-263.4372253417969,112.20103454589844,-56.53456497192383,,,,,,,,,,80077,660
1786070199,651741697,,,,,5,-1535.8441162109375,1059.07958984375,-827.32958984375,0.0273739080876112,-0.016475852578878403,-0.04198016598820686,0.9986074566841125,1,80077,660
1786070199,659780431,1,-263.65045166015625,111.73675537109375,-56.805702209472656,,,,,,,,,,80078,660
1786070199,659780431,,,,,5,-1535.8109130859375,1059.0360107421875,-827.3408203125,0.0274149589240551,-0.01644204556941986,-0.041636984795331955,0.9986212849617004,1,80078,660
1786070199,667756593,1,-263.7307434082031,111.75343322753906,-56.764503479003906,,,,,,,,,,80079,660
1786070199,667756593,,,,,5,-1535.8170166015625,1059.029541015625,-827.3482666015625,0.02760796993970871,-0.01627817377448082,-0.0420602522790432,0.9986010193824768,1,80079,660
1786070199,676736572,1,-263.6044921875,111.91853332519531,-56.71128845214844,,,,,,,,,,80080,660
1786070199,676736572,,,,,5,-1535.7835693359375,1059.0355224609375,-827.3560791015625,0.027100272476673126,-0.01698385551571846,-0.041044775396585464,0.9986453056335449,1,80080,660
1786070199,685044160,1,-263.4090881347656,112.03377532958984,-56.6061897277832,,,,,,,,,,80081,660
1786070199,685044160,,,,,5,-1535.8309326171875,1059.0419921875,-827.3435668945312,0.02735673077404499,-0.01653456501662731,-0.04174260422587395,0.9986169338226318,1,80081,660
1786070199,692644054,1,-263.75152587890625,111.69389343261719,-56.79167938232422,,,,,,,,,,80082,660
1786070199,692644054,,,,,5,-1535.8529052734375,1059.0963134765625,-827.3443603515625,0.02707057073712349,-0.016274748370051384,-0.04137079790234566,0.9986444711685181,1,80082,660
1786070199,701982730,1,-263.2304382324219,112.32115173339844,-56.48411560058594,,,,,,,,,,80083,660
1786070199,701982730,,,,,5,-1535.814453125,1059.0169677734375,-827.3549194335938,0.027471454814076424,-0.016312113031744957,-0.04132963716983795,0.9986346364021301,1,80083,660
1786070199,709339279,1,-263.3334045410156,112.33805847167969,-56.45965576171875,,,,,,,,,,80084,660
1786070199,709339279,,,,,5,-1535.8114013671875,1059.0361328125,-827.3580932617188,0.027347365394234657,-0.01644323766231537,-0.04163619130849838,0.9986231923103333,1,80084,660
1786070199,718549736,1,-263.2867736816406,112.22649383544922,-56.45869064331055,,,,,,,,,,80085,660
1786070199,718549736,,,,,5,-1535.87353515625,1059.0966796875,-827.3409423828125,0.027477504685521126,-0.01627332717180252,-0.04224077984690666,0.9985969662666321,1,80085,660
1786070199,726355976,1,-263.86663818359375,111.70761108398438,-56.806339263916016,,,,,,,,,,80086,660
1786070199,726355976,,,,,5,-1535.8284912109375,1059.0545654296875,-827.3305053710938,0.027200210839509964,-0.01649661920964718,-0.04097272455692291,0.998653769493103,1,80086,660
1786070199,734327112,1,-263.2102355957031,112.31289672851562,-56.47216033935547,,,,,,,,,,80087,660
1786070199,734327112,,,,,5,-1535.8363037109375,1059.07275390625,-827.3310546875,0.027409208938479424,-0.016313854604959488,-0.04159611463546753,0.9986251592636108,1,80087,660
1786070199,743349468,1,-263.2201232910156,112.32763671875,-56.506832122802734,,,,,,,,,,80088,660
1786070199,743349468,,,,,5,-1535.8299560546875,1059.0260009765625,-827.3259887695312,0.027441540732979774,-0.016471585258841515,-0.04131089523434639,0.9986335635185242,1,80088,660
1786070199,751641117,1,-263.3157653808594,112.1955337524414,-56.405757904052734,,,,,,,,,,80089,660
1786070199,751641117,,,,,5,-1535.8289794921875,1059.099853515625,-827.3458251953125,0.02699531987309456,-0.016896435990929604,-0.04069998487830162,0.9986637234687805,1,80089,660
1786070199,759345096,1,-263.8275146484375,111.85787200927734,-56.74306869506836,,,,,,,,,,80090,660
1786070199,759345096,,,,,5,-1535.8416748046875,1059.0745849609375,-827.33740234375,0.027448521926999092,-0.01625075377523899,-0.04161849990487099,0.9986241459846497,1,80090,660
1786070199,768418022,1,-263.2380065917969,112.25563049316406,-56.47211837768555,,,,,,,,,,80091,660
1786070199,768418022,,,,,5,-1535.8319091796875,1059.0416259765625,-827.3676147460938,0.02750486694276333,-0.016207255423069,-0.04186166450381279,0.9986132383346558,1,80091,660
1786070199,776203265,1,-263.4289855957031,112.24427795410156,-56.509544372558594,,,,,,,,,,80092,660
1786070199,776203265,,,,,5,-1535.835205078125,1059.041015625,-827.3786010742188,0.027503464370965958,-0.016298649832606316,-0.04127330705523491,0.9986363053321838,1,80092,660
1786070199,785625669,1,-263.47442626953125,112.2962875366211,-56.579811096191406,,,,,,,,,,80093,660
1786070199,785625669,,,,,5,-1535.817626953125,1059.016357421875,-827.3649291992188,0.027875185012817383,-0.016044288873672485,-0.042026206851005554,0.9985986948013306,1,80093,660
1786070199,793195797,1,-263.4383544921875,112.23843383789062,-56.598873138427734,,,,,,,,,,80094,660
1786070199,793195797,,,,,5,-1535.86767578125,1059.1158447265625,-827.3334350585938,0.027333280071616173,-0.01620589569211006,-0.04236077144742012,0.9985969066619873,1,80094,660
1786070199,801376384,1,-263.4806213378906,112.20389556884766,-56.557247161865234,,,,,,,,,,80095,660
1786070199,801376384,,,,,5,-1535.8236083984375,1059.0750732421875,-827.3578491210938,0.027400732040405273,-0.016146954149007797,-0.041473932564258575,0.9986332654953003,1,80095,660
1786070199,810188618,1,-263.4861145019531,112.09571838378906,-56.5809211730957,,,,,,,,,,80096,660
1786070199,810188618,,,,,5,-1535.8265380859375,1059.070556640625,-827.3512573242188,0.027844464406371117,-0.016299553215503693,-0.04243709519505501,0.9985779523849487,1,80096,660
1786070199,818422623,1,-263.25457763671875,112.22756958007812,-56.42523956298828,,,,,,,,,,80097,660
1786070199,818422623,,,,,5,-1535.8489990234375,1059.0673828125,-827.3143920898438,0.0279376283288002,-0.01603640429675579,-0.04270096495747566,0.9985684156417847,1,80097,660
1786070199,826124073,1,-263.6974792480469,111.89281463623047,-56.85621643066406,,,,,,,,,,80098,660
1786070199,826124073,,,,,5,-1535.848388671875,1059.081787109375,-827.3113403320312,0.02812454104423523,-0.016142351552844048,-0.0430125929415226,0.998548150062561,1,80098,660
1786070199,835121592,1,-263.3596496582031,112.19783782958984,-56.62279510498047,,,,,,,,,,80099,660
1786070199,835121592,,,,,5,-1535.8592529296875,1059.1151123046875,-827.3326416015625,0.027150647714734077,-0.016482947394251823,-0.0412466935813427,0.9986439943313599,1,80099,660
1786070199,842976865,1,-263.2362060546875,112.29989624023438,-56.43136215209961,,,,,,,,,,80100,660
1786070199,842976865,,,,,5,-1535.8338623046875,1059.0855712890625,-827.3607788085938,0.02784854546189308,-0.015989916399121284,-0.04266674444079399,0.9985731244087219,1,80100,660
1786070199,851220185,1,-263.7017517089844,111.78954315185547,-56.82889175415039,,,,,,,,,,80101,660
1786070199,851220185,,,,,5,-1535.801513671875,1059.0260009765625,-827.3583374023438,0.02776687778532505,-0.01605105772614479,-0.041608259081840515,0.9986191391944885,1,80101,660
1786070199,860024641,1,-263.28265380859375,112.19158935546875,-56.48387145996094,,,,,,,,,,80102,660
1786070199,860024641,,,,,5,-1535.819580078125,1059.0697021484375,-827.3961181640625,0.02785535342991352,-0.01624865084886551,-0.042324356734752655,0.9985832571983337,1,80102,660
1786070199,868322467,1,-263.2671813964844,112.43450927734375,-56.45245361328125,,,,,,,,,,80103,660
1786070199,868322467,,,,,5,-1535.821533203125,1059.0494384765625,-827.3460083007812,0.02767370268702507,-0.016336601227521896,-0.04190308228135109,0.9986046552658081,1,80103,660
1786070199,875969826,1,-263.1347961425781,112.248779296875,-56.460845947265625,,,,,,,,,,80104,660
1786070199,875969826,,,,,5,-1535.8277587890625,1059.03515625,-827.3302001953125,0.027649009600281715,-0.016288045793771744,-0.041748277842998505,0.9986127018928528,1,80104,660
1786070199,885109966,1,-263.2850646972656,112.04714965820312,-56.6055793762207,,,,,,,,,,80105,660
1786070199,885109966,,,,,5,-1535.83544921875,1059.040771484375,-827.3463134765625,0.027529213577508926,-0.01624441333115101,-0.0414440780878067,0.9986293911933899,1,80105,660
1786070199,893202215,1,-263.4458923339844,112.07625579833984,-56.58121871948242,,,,,,,,,,80106,660
1786070199,893202215,,,,,5,-1535.812255859375,1059.048095703125,-827.34228515625,0.028188636526465416,-0.016130562871694565,-0.042348358780145645,0.9985749125480652,1,80106,660
1786070199,900923349,1,-263.74078369140625,111.85236358642578,-56.84836196899414,,,,,,,,,,80107,660
1786070199,900923349,,,,,5,-1535.80908203125,1059.06640625,-827.3334350585938,0.02707960270345211,-0.016681963577866554,-0.0407002791762352,0.9986649751663208,1,80107,660
1786070199,909921924,1,-264.1302185058594,111.14025115966797,-57.160003662109375,,,,,,,,,,80108,660
1786070199,909921924,,,,,5,-1535.8182373046875,1059.0281982421875,-827.3515014648438,0.027503326535224915,-0.01619570516049862,-0.041574034839868546,0.9986254572868347,1,80108,660
1786070199,917856797,1,-263.2189025878906,112.27682495117188,-56.49432373046875,,,,,,,,,,80109,660
1786070199,917856797,,,,,5,-1535.8077392578125,1059.0213623046875,-827.3372192382812,0.027335824444890022,-0.016633952036499977,-0.04116065800189972,0.9986400604248047,1,80109,660
1786070199,926855820,1,-263.3695373535156,112.27749633789062,-56.442535400390625,,,,,,,,,,80110,660
1786070199,926855820,,,,,5,-1535.8299560546875,1059.0010986328125,-827.3380126953125,0.027846720069646835,-0.01603558100759983,-0.04139407351613045,0.9986259937286377,1,80110,660
1786070199,935220508,1,-263.2654724121094,112.2229232788086,-56.47163772583008,,,,,,,,,,80111,660
1786070199,935220508,,,,,5,-1535.820068359375,1059.0389404296875,-827.3601684570312,0.028039734810590744,-0.016082387417554855,-0.0423063188791275,0.9985816478729248,1,80111,660
1786070199,942728640,1,-263.1796875,112.28592681884766,-56.55414581298828,,,,,,,,,,80112,660
1786070199,942728640,,,,,5,-1535.8638916015625,1059.0677490234375,-827.30322265625,0.027082499116659164,-0.01663375273346901,-0.041036225855350494,0.9986520409584045,1,80112,660
1786070199,952040334,1,-263.3188171386719,112.256103515625,-56.486534118652344,,,,,,,,,,80113,660
1786070199,952040334,,,,,5,-1535.806396484375,1059.016357421875,-827.3231811523438,0.028053143993020058,-0.016064701601862907,-0.04231672361493111,0.9985811114311218,1,80113,660
1786070199,959826057,1,-263.34234619140625,112.21885681152344,-56.58879852294922,,,,,,,,,,80114,660
1786070199,959826057,,,,,5,-1535.8165283203125,1059.018798828125,-827.3724975585938,0.02749696560204029,-0.01647152379155159,-0.04120307415723801,0.9986364841461182,1,80114,660
1786070199,967774917,1,-263.4053955078125,111.93871307373047,-56.587825775146484,,,,,,,,,,80115,660
1786070199,967774917,,,,,5,-1535.8406982421875,1059.0487060546875,-827.35546875,0.027748238295316696,-0.016214804723858833,-0.041449882090091705,0.9986234903335571,1,80115,660
1786070199,976711015,1,-263.3443908691406,112.0997085571289,-56.61403274536133,,,,,,,,,,80116,660
1786070199,976711015,,,,,5,-1535.812744140625,1059.045654296875,-827.3443603515625,0.027597589418292046,-0.016410162672400475,-0.04190132021903992,0.9986057281494141,1,80116,660
1786070199,985047185,1,-263.7167053222656,111.83283233642578,-56.855934143066406,,,,,,,,,,80117,660
1786070199,985047185,,,,,5,-1535.8194580078125,1059.0316162109375,-827.35498046875,0.02778102457523346,-0.01623508706688881,-0.04253646731376648,0.9985766410827637,1,80117,660
1786070199,992728856,1,-263.2919616699219,112.30072784423828,-56.45904541015625,,,,,,,,,,80118,660
1786070199,992728856,,,,,5,-1535.808349609375,1059.0048828125,-827.3458251953125,0.027643173933029175,-0.01629754900932312,-0.04139404743909836,0.9986274242401123,1,80118,660
1786070200,1827579,1,-263.66339111328125,111.99901580810547,-56.84374237060547,,,,,,,,,,80119,661
1786070200,1827579,,,,,5,-1535.8553466796875,1059.0858154296875,-827.3435668945312,0.027491845190525055,-0.016424110159277916,-0.04281017184257507,0.9985697865486145,1,80119,661
1786070200,9629690,1,-263.32745361328125,112.30375671386719,-56.505149841308594,,,,,,,,,,80120,661
1786070200,9629690,,,,,5,-1535.8421630859375,1059.0380859375,-827.3297729492188,0.027774469926953316,-0.01628715731203556,-0.04170095920562744,0.9986112117767334,1,80120,661
1786070200,18773608,1,-263.6887512207031,112.0285873413086,-56.83707046508789,,,,,,,,,,80121,661
1786070200,18773608,,,,,5,-1535.847900390625,1059.0494384765625,-827.3839111328125,0.02766738459467888,-0.016073400154709816,-0.04187895357608795,0.9986101984977722,1,80121,661
1786070200,26654392,1,-263.256103515625,112.48131561279297,-56.47133255004883,,,,,,,,,,80122,661
1786070200,26654392,,,,,5,-1535.783935546875,1059.0194091796875,-827.3505249023438,0.027755582705140114,-0.016040803864598274,-0.04222121462225914,0.9985938668251038,1,80122,661
1786070200,34662753,1,-263.6403503417969,111.95708465576172,-56.816524505615234,,,,,,,,,,80123,661
1786070200,34662753,,,,,5,-1535.819091796875,1059.019287109375,-827.3331298828125,0.027834201231598854,-0.01627509854733944,-0.042317941784858704,0.9985836744308472,1,80123,661
1786070200,43581762,1,-263.5257568359375,112.181640625,-56.58613586425781,,,,,,,,,,80124,661
1786070200,43581762,,,,,5,-1535.7908935546875,1059.0211181640625,-827.3302612304688,0.02752581797540188,-0.016340570524334908,-0.041566863656044006,0.9986228942871094,1,80124,661
1786070200,51835036,1,-263.1573486328125,112.39881134033203,-56.46584701538086,,,,,,,,,,80125,661
1786070200,51835036,,,,,5,-1535.813232421875,1059.028076171875,-827.3135986328125,0.02749653346836567,-0.01657065935432911,-0.0419548824429512,0.9986036419868469,1,80125,661
1786070200,59620313,1,-263.76837158203125,111.66863250732422,-56.835899353027344,,,,,,,,,,80126,661
1786070200,59620313,,,,,5,-1535.8387451171875,1059.119873046875,-827.3341064453125,0.027153465896844864,-0.016602428629994392,-0.04153435677289963,0.9986300468444824,1,80126,661
1786070200,68660658,1,-263.7456359863281,111.90442657470703,-56.81422805786133,,,,,,,,,,80127,661
1786070200,68660658,,,,,5,-1535.8145751953125,1059.0848388671875,-827.3207397460938,0.027514135465025902,-0.016429370269179344,-0.04204614832997322,0.9986016750335693,1,80127,661
1786070200,76492856,1,-263.3759765625,112.1693344116211,-56.569122314453125,,,,,,,,,,80128,661
1786070200,76492856,,,,,5,-1535.8580322265625,1059.10546875,-827.3292846679688,0.02747868001461029,-0.016435425728559494,-0.04209204390645027,0.9986005425453186,1,80128,661
1786070200,84488959,1,-263.83282470703125,111.74600982666016,-56.80402374267578,,,,,,,,,,80129,661
1786070200,84488959,,,,,5,-1535.796142578125,1059.0242919921875,-827.34912109375,0.02783355861902237,-0.016228750348091125,-0.04189028590917587,0.9986025094985962,1,80129,661
1786070200,92918589,1,-263.2145690917969,112.2068099975586,-56.35859298706055,,,,,,,,,,80130,661
1786070200,92918589,,,,,5,-1535.8162841796875,1059.0709228515625,-827.3274536132812,0.02719506062567234,-0.016529826447367668,-0.04152556136250496,0.9986304044723511,1,80130,661
1786070200,101563815,1,-263.305419921875,112.21367645263672,-56.49717712402344,,,,,,,,,,80131,661
1786070200,101563815,,,,,5,-1535.8765869140625,1059.076171875,-827.3402709960938,0.027720913290977478,-0.016467895358800888,-0.042327191680669785,0.9985834360122681,1,80131,661
1786070200,109389772,1,-263.2487487792969,112.25877380371094,-56.44118881225586,,,,,,,,,,80132,661
1786070200,109389772,,,,,5,-1535.76416015625,1059.002197265625,-827.3693237304688,0.027849622070789337,-0.0163247212767601,-0.041737157851457596,0.9986070394515991,1,80132,661
1786070200,118491985,1,-263.3898010253906,112.07384490966797,-56.5960807800293,,,,,,,,,,80133,661
1786070200,118491985,,,,,5,-1535.8004150390625,1059.0465087890625,-827.37109375,0.027825122699141502,-0.016709884628653526,-0.04273216426372528,0.9985592365264893,1,80133,661
1786070200,126570408,1,-263.74560546875,111.88816833496094,-56.752655029296875,,,,,,,,,,80134,661
1786070200,126570408,,,,,5,-1535.804931640625,1059.014404296875,-827.3603515625,0.027905572205781937,-0.016100872308015823,-0.04191580414772034,0.9986015558242798,1,80134,661
1786070200,134566255,1,-263.7114562988281,111.90670013427734,-56.76227951049805,,,,,,,,,,80135,661
1786070200,134566255,,,,,5,-1535.8211669921875,1059.0684814453125,-827.3670043945312,0.027419613674283028,-0.01626531220972538,-0.04188918694853783,0.9986135363578796,1,80135,661
1786070200,143379963,1,-263.4302062988281,111.9644775390625,-56.596458435058594,,,,,,,,,,80136,661
1786070200,143379963,,,,,5,-1535.7591552734375,1059.0240478515625,-827.3336181640625,0.027619337663054466,-0.01653752475976944,-0.0419105589389801,0.9986026883125305,1,80136,661
1786070200,151299634,1,-263.41192626953125,112.04608154296875,-56.562965393066406,,,,,,,,,,80137,661
1786070200,151299634,,,,,5,-1535.81396484375,1059.0250244140625,-827.2885131835938,0.027755750343203545,-0.016383236274123192,-0.04218289256095886,0.9985898733139038,1,80137,661
1786070200,160328457,1,-263.439208984375,112.1015396118164,-56.569149017333984,,,,,,,,,,80138,661
1786070200,160328457,,,,,5,-1535.8349609375,1059.052001953125,-827.3307495117188,0.027271106839179993,-0.016581833362579346,-0.04129046946763992,0.9986371994018555,1,80138,661
1786070200,168451210,1,-263.2338562011719,112.37409210205078,-56.47816848754883,,,,,,,,,,80139,661
1786070200,168451210,,,,,5,-1535.8258056640625,1059.0496826171875,-827.34814453125,0.027788424864411354,-0.016406593844294548,-0.04223693534731865,0.9985863566398621,1,80139,661
1786070200,176258987,1,-262.78680419921875,112.64678192138672,-56.74591064453125,,,,,,,,,,80140,661
1786070200,176258987,,,,,5,-1535.8524169921875,1059.05078125,-827.3593139648438,0.02855038270354271,-0.015809373930096626,-0.04359208047389984,0.9985162019729614,1,80140,661
1786070200,185279872,1,-263.39898681640625,112.24888610839844,-56.572669982910156,,,,,,,,,,80141,661
1786070200,185279872,,,,,5,-1535.7052001953125,1059.02880859375,-827.3483276367188,0.02734292857348919,-0.01565750688314438,-0.040579117834568024,0.9986794590950012,1,80141,661
1786070200,193209497,1,-263.7609558105469,111.75755310058594,-56.868202209472656,,,,,,,,,,80142,661
1786070200,193209497,,,,,5,-1535.8173828125,1059.0643310546875,-827.3753051757812,0.02795335277915001,-0.016104241833090782,-0.0423080213367939,0.9985837936401367,1,80142,661
1786070200,201243464,1,-263.14483642578125,112.29546356201172,-56.5093994140625,,,,,,,,,,80143,661
1786070200,201243464,,,,,5,-1535.793212890625,1059.0218505859375,-827.3948364257812,0.027688829228281975,-0.016255639493465424,-0.041686344891786575,0.9986146688461304,1,80143,661
1786070200,210206481,1,-263.1910400390625,112.30030822753906,-56.528587341308594,,,,,,,,,,80144,661
1786070200,210206481,,,,,5,-1535.7373046875,1059.09130859375,-827.4877319335938,0.02730671502649784,-0.016412215307354927,-0.04214468225836754,0.9986035227775574,1,80144,661
1786070200,218312590,1,-263.453125,112.02962493896484,-56.55540466308594,,,,,,,,,,80145,661
1786070200,218312590,,,,,5,-1535.8140869140625,1058.966796875,-827.3251342773438,0.02754409983754158,-0.016610588878393173,-0.0403476357460022,0.99866783618927,1,80145,661
1786070200,226166809,1,-263.2270812988281,112.21798706054688,-56.43212127685547,,,,,,,,,,80146,661
1786070200,226166809,,,,,5,-1535.8287353515625,1059.0252685546875,-827.3721923828125,0.027862081304192543,-0.01632150448858738,-0.041893087327480316,0.9986002445220947,1,80146,661
1786070200,235199408,1,-263.2138671875,112.5089340209961,-56.49605178833008,,,,,,,,,,80147,661
1786070200,235199408,,,,,5,-1535.8199462890625,1058.9930419921875,-827.3359375,0.02764515019953251,-0.016498379409313202,-0.04105168208479881,0.9986382126808167,1,80147,661
1786070200,243135819,1,-263.3361511230469,112.06912231445312,-56.58000183105469,,,,,,,,,,80148,661
1786070200,243135819,,,,,5,-1535.8173828125,1058.9715576171875,-827.3969116210938,0.028119001537561417,-0.01606191322207451,-0.04159476235508919,0.9986096024513245,1,80148,661
1786070200,252418677,1,-263.6945495605469,111.89569091796875,-56.80057907104492,,,,,,,,,,80149,661
1786070200,252418677,,,,,5,-1535.8416748046875,1059.01123046875,-827.3366088867188,0.02781178615987301,-0.016446467489004135,-0.04167613014578819,0.9986085295677185,1,80149,661
1786070200,260124770,1,-263.7123718261719,111.98213195800781,-56.74884796142578,,,,,,,,,,80150,661
1786070200,260124770,,,,,5,-1535.9013671875,1059.0279541015625,-827.3380126953125,0.02754252590239048,-0.016407933086156845,-0.04171533137559891,0.9986150860786438,1,80150,661
1786070200,268026518,1,-263.42529296875,112.16615295410156,-56.566261291503906,,,,,,,,,,80151,661
1786070200,268026518,,,,,5,-1535.7828369140625,1058.9603271484375,-827.4080200195312,0.028001105412840843,-0.01614801213145256,-0.04128844663500786,0.998624324798584,1,80151,661
1786070200,277215084,1,-263.7235107421875,111.82429504394531,-56.77197265625,,,,,,,,,,80152,661
1786070200,277215084,,,,,5,-1535.8341064453125,1058.9810791015625,-827.3532104492188,0.027492081746459007,-0.016824498772621155,-0.04047613590955734,0.9986605048179626,1,80152,661
1786070200,285180301,1,-263.387451171875,112.31145477294922,-56.59560775756836,,,,,,,,,,80153,661
1786070200,285180301,,,,,5,-1535.81201171875,1059.0184326171875,-827.3517456054688,0.027203358709812164,-0.01657932624220848,-0.04027040675282478,0.9986807703971863,1,80153,661
1786070200,293015252,1,-263.22003173828125,112.24961853027344,-56.47957992553711,,,,,,,,,,80154,661
1786070200,293015252,,,,,5,-1535.8016357421875,1058.9749755859375,-827.3827514648438,0.027852000668644905,-0.016553804278373718,-0.04229013994336128,0.9985799193382263,1,80154,661
1786070200,302164963,1,-263.225341796875,112.31792449951172,-56.438072204589844,,,,,,,,,,80155,661
1786070200,302164963,,,,,5,-1535.8614501953125,1059.0015869140625,-827.3742065429688,0.0278819240629673,-0.0162928756326437,-0.041938453912734985,0.9985982775688171,1,80155,661
1786070200,310056021,1,-263.53955078125,112.12187194824219,-56.50408172607422,,,,,,,,,,80156,661
1786070200,310056021,,,,,5,-1535.8336181640625,1059.018310546875,-827.3380126953125,0.02786434441804886,-0.01634441316127777,-0.0415806919336319,0.9986129403114319,1,80156,661
1786070200,318032664,1,-263.4455871582031,112.06433868408203,-56.54635238647461,,,,,,,,,,80157,661
1786070200,318032664,,,,,5,-1535.872314453125,1059.014892578125,-827.3433837890625,0.027691995725035667,-0.016000334173440933,-0.04136890545487404,0.9986319541931152,1,80157,661
1786070200,326943671,1,-263.40167236328125,112.21170043945312,-56.57450485229492,,,,,,,,,,80158,661
1786070200,326943671,,,,,5,-1535.8787841796875,1059.0570068359375,-827.3804931640625,0.02744237892329693,-0.016420502215623856,-0.04140322282910347,0.9986305832862854,1,80158,661
1786070200,335004331,1,-263.2904968261719,112.18671417236328,-56.4598503112793,,,,,,,,,,80159,661
1786070200,335004331,,,,,5,-1535.8131103515625,1059.0399169921875,-827.5021362304688,0.028004750609397888,-0.016548151150345802,-0.0418197363615036,0.9985954761505127,1,80159,661
1786070200,343155889,1,-263.272705078125,112.2501449584961,-56.51382827758789,,,,,,,,,,80160,661
1786070200,343155889,,,,,5,-1535.8856201171875,1059.0797119140625,-827.3269653320312,0.02791524864733219,-0.01620662212371826,-0.04219445586204529,0.9985879063606262,1,80160,661
1786070200,351785879,1,-263.7462158203125,111.7983627319336,-56.8299446105957,,,,,,,,,,80161,661
1786070200,351785879,,,,,5,-1535.8128662109375,1059.020751953125,-827.3824462890625,0.027810851112008095,-0.016371211037039757,-0.04208420217037201,0.9985926747322083,1,80161,661
1786070200,359740150,1,-263.3739013671875,112.04788970947266,-56.53445053100586,,,,,,,,,,80162,661
1786070200,359740150,,,,,5,-1535.8387451171875,1059.0224609375,-827.4061889648438,0.027753913775086403,-0.016358086839318275,-0.04146311432123184,0.9986205101013184,1,80162,661
1786070200,368861823,1,-263.2903747558594,112.35382080078125,-56.470726013183594,,,,,,,,,,80163,661
1786070200,368861823,,,,,5,-1535.8504638671875,1059.0284423828125,-827.3406372070312,0.0274673979729414,-0.01650095358490944,-0.04164161905646324,0.9986186623573303,1,80163,661
1786070200,376648220,1,-263.4967956542969,112.04801940917969,-56.5295295715332,,,,,,,,,,80164,661
1786070200,376648220,,,,,5,-1535.8453369140625,1059.0084228515625,-827.3522338867188,0.027859603986144066,-0.01623132824897766,-0.041417211294174194,0.9986215233802795,1,80164,661
1786070200,384662503,1,-263.26776123046875,112.20178985595703,-56.46394348144531,,,,,,,,,,80165,661
1786070200,384662503,,,,,5,-1535.8018798828125,1059.02001953125,-827.4049682617188,0.028362886980175972,-0.0161968395113945,-0.04173107445240021,0.9985949397087097,1,80165,661
1786070200,393671898,1,-263.2564392089844,112.4085922241211,-56.48964309692383,,,,,,,,,,80166,661
1786070200,393671898,,,,,5,-1535.7222900390625,1059.029052734375,-827.44775390625,0.02778621017932892,-0.01693958230316639,-0.04047050327062607,0.9986506700515747,1,80166,661
1786070200,401735758,1,-263.31134033203125,112.29743194580078,-56.43834686279297,,,,,,,,,,80167,661
1786070200,401735758,,,,,5,-1535.818359375,1059.0537109375,-827.3829956054688,0.027369776740670204,-0.016770532354712486,-0.04004845395684242,0.9986819624900818,1,80167,661
1786070200,409658374,1,-263.80987548828125,111.82474517822266,-56.79505157470703,,,,,,,,,,80168,661
1786070200,409658374,,,,,5,-1535.8157958984375,1059.0130615234375,-827.3518676757812,0.027852557599544525,-0.01648719795048237,-0.04121711850166321,0.9986258745193481,1,80168,661
1786070200,419389194,1,-263.2532043457031,112.2528076171875,-56.433258056640625,,,,,,,,,,80169,661
1786070200,419389194,,,,,5,-1535.7626953125,1059.0068359375,-827.3873291015625,0.02828860655426979,-0.01663384772837162,-0.04134845733642578,0.9986057281494141,1,80169,661
1786070200,426612758,1,-263.4862060546875,112.1617431640625,-56.58372497558594,,,,,,,,,,80170,661
1786070200,426612758,,,,,5,-1535.8402099609375,1059.03564453125,-827.3521728515625,0.028057385236024857,-0.016418064013123512,-0.04182269051671028,0.9985960125923157,1,80170,661
1786070200,434678251,1,-263.1980895996094,112.22724151611328,-56.521034240722656,,,,,,,,,,80171,661
1786070200,434678251,,,,,5,-1535.7999267578125,1059.043212890625,-827.4066772460938,0.027579622343182564,-0.01667940430343151,-0.03975243866443634,0.9986897110939026,1,80171,661
1786070200,443540896,1,-263.4442138671875,112.1849365234375,-56.60114288330078,,,,,,,,,,80172,661
1786070200,443540896,,,,,5,-1535.7943115234375,1059.0316162109375,-827.4065551757812,0.027700187638401985,-0.016677506268024445,-0.04059638828039169,0.9986523985862732,1,80172,661
1786070200,451713643,1,-263.3308410644531,112.20597076416016,-56.62944793701172,,,,,,,,,,80173,661
1786070200,451713643,,,,,5,-1535.7796630859375,1058.9993896484375,-827.3796997070312,0.02818997949361801,-0.016441641375422478,-0.041400134563446045,0.9986096024513245,1,80173,661
1786070200,459668201,1,-263.2262268066406,112.26905822753906,-56.502479553222656,,,,,,,,,,80174,661
1786070200,459668201,,,,,5,-1535.8272705078125,1059.0189208984375,-827.3525390625,0.027984289452433586,-0.01659095101058483,-0.041127581149339676,0.9986242055892944,1,80174,661
1786070200,468644565,1,-263.3749084472656,112.17598724365234,-56.61227798461914,,,,,,,,,,80175,661
1786070200,468644565,,,,,5,-1535.8006591796875,1058.99267578125,-827.3890991210938,0.028162604197859764,-0.016358667984604836,-0.041525501757860184,0.9986064434051514,1,80175,661
1786070200,476518276,1,-263.3032531738281,112.0303726196289,-56.38431930541992,,,,,,,,,,80176,661
1786070200,476518276,,,,,5,-1535.8243408203125,1059.0584716796875,-827.3963012695312,0.02732766419649124,-0.01688828319311142,-0.04026889428496361,0.998672366142273,1,80176,661
1786070200,485644590,1,-263.22857666015625,112.25035858154297,-56.448341369628906,,,,,,,,,,80177,661
1786070200,485644590,,,,,5,-1535.7857666015625,1059.0067138671875,-827.4606323242188,0.028511881828308105,-0.01645551808178425,-0.04140487685799599,0.9986001253128052,1,80177,661
1786070200,493377472,1,-263.0786437988281,112.39678192138672,-56.419246673583984,,,,,,,,,,80178,661
1786070200,493377472,,,,,5,-1535.809814453125,1059.0521240234375,-827.3756713867188,0.02723701111972332,-0.016762401908636093,-0.04044269025325775,0.9986698031425476,1,80178,661
1786070200,501417776,1,-263.233154296875,112.22577667236328,-56.48248291015625,,,,,,,,,,80179,661
1786070200,501417776,,,,,5,-1535.8331298828125,1059.025146484375,-827.3810424804688,0.027859222143888474,-0.01631009392440319,-0.04143105819821358,0.9986197352409363,1,80179,661
1786070200,510402878,1,-263.36920166015625,112.07166290283203,-56.55711364746094,,,,,,,,,,80180,661
1786070200,510402878,,,,,5,-1535.8270263671875,1059.0223388671875,-827.3532104492188,0.027865475043654442,-0.016629759222269058,-0.04086366295814514,0.9986375570297241,1,80180,661
1786070200,518579817,1,-263.39654541015625,112.00375366210938,-56.549522399902344,,,,,,,,,,80181,661
1786070200,518579817,,,,,5,-1535.8221435546875,1059.02294921875,-827.3495483398438,0.02763570286333561,-0.016653234139084816,-0.040778640657663345,0.9986470937728882,1,80181,661
1786070200,526538409,1,-263.7741394042969,111.71048736572266,-56.78186798095703,,,,,,,,,,80182,661
1786070200,526538409,,,,,5,-1535.8358154296875,1059.0068359375,-827.3140869140625,0.027785180136561394,-0.017456216737627983,-0.041497793048620224,0.998599648475647,1,80182,661
1786070200,535612424,1,-263.8299560546875,111.94810485839844,-56.761878967285156,,,,,,,,,,80183,661
1786070200,535612424,,,,,5,-1535.8939208984375,1059.0205078125,-827.3314819335938,0.027712147682905197,-0.017251143231987953,-0.04123833775520325,0.9986159205436707,1,80183,661
1786070200,543431692,1,-263.333984375,112.07315063476562,-56.638946533203125,,,,,,,,,,80184,661
1786070200,543431692,,,,,5,-1535.83642578125,1059.053466796875,-827.4142456054688,0.028091469779610634,-0.016485609114170074,-0.041784122586250305,0.9985955357551575,1,80184,661
1786070200,551627963,1,-263.2964782714844,112.2728271484375,-56.5903434753418,,,,,,,,,,80185,661
1786070200,551627963,,,,,5,-1535.8101806640625,1059.0347900390625,-827.3821411132812,0.028280597180128098,-0.01634426973760128,-0.041642118245363235,0.9985986351966858,1,80185,661
1786070200,560231644,1,-263.7590026855469,111.62092590332031,-56.769126892089844,,,,,,,,,,80186,661
1786070200,560231644,,,,,5,-1535.8363037109375,1059.05859375,-827.3357543945312,0.027415715157985687,-0.016569096595048904,-0.04047359898686409,0.9986669421195984,1,80186,661
1786070200,568149619,1,-263.2809753417969,112.22915649414062,-56.48046875,,,,,,,,,,80187,661
1786070200,568149619,,,,,5,-1535.8463134765625,1059.05078125,-827.3566284179688,0.02735796570777893,-0.016689831390976906,-0.040354643017053604,0.9986713528633118,1,80187,661
1786070200,577199854,1,-263.17584228515625,112.24951171875,-56.52055740356445,,,,,,,,,,80188,661
1786070200,577199854,,,,,5,-1535.8724365234375,1059.0242919921875,-827.3480834960938,0.027702076360583305,-0.016347071155905724,-0.040928542613983154,0.9986441731452942,1,80188,661
1786070200,585170256,1,-263.40447998046875,112.09229278564453,-56.52403259277344,,,,,,,,,,80189,661
1786070200,585170256,,,,,5,-1535.8533935546875,1059.080322265625,-827.35400390625,0.027558183297514915,-0.016721708700060844,-0.04100063443183899,0.9986389875411987,1,80189,661
1786070200,593129104,1,-263.8101806640625,111.72750091552734,-56.87441635131836,,,,,,,,,,80190,661
1786070200,593129104,,,,,5,-1535.8004150390625,1059.0706787109375,-827.2545776367188,0.02801217883825302,-0.01586160622537136,-0.04333675652742386,0.9985418319702148,1,80190,661
1786070200,602395286,1,-263.4133605957031,112.22425842285156,-56.573638916015625,,,,,,,,,,80191,661
1786070200,602395286,,,,,5,-1535.7716064453125,1059.095947265625,-827.2702026367188,0.027522608637809753,-0.016420407220721245,-0.0420108400285244,0.9986029863357544,1,80191,661
1786070200,610095650,1,-263.7474670410156,111.7997817993164,-56.778221130371094,,,,,,,,,,80192,661
1786070200,610095650,,,,,5,-1535.763916015625,1059.096435546875,-827.2859497070312,0.028015734627842903,-0.0159352645277977,-0.04349764809012413,0.9985335469245911,1,80192,661
1786070200,618106252,1,-263.81207275390625,111.88574981689453,-56.821170806884766,,,,,,,,,,80193,661
1786070200,618106252,,,,,5,-1535.7738037109375,1059.1219482421875,-827.2314453125,0.027630269527435303,-0.01636626571416855,-0.043101176619529724,0.9985544085502625,1,80193,661
1786070200,626525096,1,-263.2291259765625,112.38682556152344,-56.4247932434082,,,,,,,,,,80194,661
1786070200,626525096,,,,,5,-1535.8035888671875,1059.1180419921875,-827.2250366210938,0.02730056643486023,-0.01642448827624321,-0.04254967346787453,0.9985862374305725,1,80194,661
1786070200,635047544,1,-263.3161926269531,112.3570556640625,-56.39956283569336,,,,,,,,,,80195,661
1786070200,635047544,,,,,5,-1535.8101806640625,1059.0924072265625,-827.2579956054688,0.027810852974653244,-0.01635495200753212,-0.04201766476035118,0.9985958337783813,1,80195,661
1786070200,643021499,1,-263.7901306152344,111.64024353027344,-56.81658935546875,,,,,,,,,,80196,661
1786070200,643021499,,,,,5,-1535.7752685546875,1059.067138671875,-827.3886108398438,0.028241904452443123,-0.016336260363459587,-0.04158879816532135,0.9986019730567932,1,80196,661
1786070200,652279840,1,-263.3857727050781,112.12957763671875,-56.61625671386719,,,,,,,,,,80197,661
1786070200,652279840,,,,,5,-1535.7957763671875,1059.0931396484375,-827.3485717773438,0.027265414595603943,-0.016926972195506096,-0.0402451753616333,0.9986743330955505,1,80197,661
1786070200,659956999,1,-263.3361511230469,112.30071258544922,-56.38396453857422,,,,,,,,,,80198,661
1786070200,659956999,,,,,5,-1535.8511962890625,1059.106689453125,-827.3770751953125,0.02805820107460022,-0.01618928089737892,-0.042341265827417374,0.9985779523849487,1,80198,661
1786070200,667996950,1,-263.4653015136719,111.9878921508789,-56.71788787841797,,,,,,,,,,80199,661
1786070200,667996950,,,,,5,-1535.7813720703125,1059.0604248046875,-827.3289184570312,0.027764979749917984,-0.016427529975771904,-0.041966333985328674,0.9985981583595276,1,80199,661
1786070200,676886961,1,-263.7328796386719,111.82882690429688,-56.8249626159668,,,,,,,,,,80200,661
1786070200,676886961,,,,,5,-1535.8140869140625,1059.1099853515625,-827.3701171875,0.02816825546324253,-0.016397245228290558,-0.042329926043748856,0.9985718727111816,1,80200,661
1786070200,685013170,1,-263.3114929199219,112.27517700195312,-56.40678024291992,,,,,,,,,,80201,661
1786070200,685013170,,,,,5,-1535.7694091796875,1059.0538330078125,-827.3358764648438,0.027620777487754822,-0.016657641157507896,-0.04138392210006714,0.9986225366592407,1,80201,661
1786070200,692876895,1,-263.2636413574219,112.26477813720703,-56.41046142578125,,,,,,,,,,80202,661
1786070200,692876895,,,,,5,-1535.79150390625,1059.0843505859375,-827.3527221679688,0.027385272085666656,-0.016705848276615143,-0.041493888944387436,0.9986236691474915,1,80202,661
1786070200,701882513,1,-263.2565002441406,112.27047729492188,-56.464210510253906,,,,,,,,,,80203,661
1786070200,701882513,,,,,5,-1535.7867431640625,1059.0535888671875,-827.3728637695312,0.02761659026145935,-0.016425972804427147,-0.041001398116350174,0.9986422657966614,1,80203,661
1786070200,709926081,1,-263.31402587890625,112.27471923828125,-56.562374114990234,,,,,,,,,,80204,661
1786070200,709926081,,,,,5,-1535.7681884765625,1059.057861328125,-827.3449096679688,0.02755230851471424,-0.016888180747628212,-0.040480297058820724,0.9986576437950134,1,80204,661
1786070200,719083986,1,-263.8549499511719,111.82715606689453,-56.76765823364258,,,,,,,,,,80205,661
1786070200,719083986,,,,,5,-1535.79150390625,1059.0306396484375,-827.3855590820312,0.027887290343642235,-0.0162458885461092,-0.0419246181845665,0.9985994100570679,1,80205,661
1786070200,726714351,1,-263.8776550292969,111.70670318603516,-56.7450065612793,,,,,,,,,,80206,661
1786070200,726714351,,,,,5,-1535.828369140625,1059.056640625,-827.3515625,0.027763407677412033,-0.01633637398481369,-0.04169345274567604,0.9986109733581543,1,80206,661
1786070200,735103877,1,-263.7288513183594,111.77098083496094,-56.785213470458984,,,,,,,,,,80207,661
1786070200,735103877,,,,,5,-1535.8016357421875,1059.0810546875,-827.3516845703125,0.027140837162733078,-0.01690349541604519,-0.04064767062664032,0.9986618757247925,1,80207,661
1786070200,743730635,1,-263.4593200683594,112.23283386230469,-56.5564079284668,,,,,,,,,,80208,661
1786070200,743730635,,,,,5,-1535.84521484375,1059.1185302734375,-827.3555908203125,0.027737028896808624,-0.016356253996491432,-0.042195435613393784,0.998590350151062,1,80208,661
1786070200,751957504,1,-263.4283752441406,112.12300109863281,-56.601078033447266,,,,,,,,,,80209,661
1786070200,751957504,,,,,5,-1535.7938232421875,1059.060546875,-827.4049682617188,0.027525201439857483,-0.016586964949965477,-0.040321219712495804,0.9986698627471924,1,80209,661
1786070200,759722233,1,-263.6907958984375,111.73002624511719,-56.841026306152344,,,,,,,,,,80210,661
1786070200,759722233,,,,,5,-1535.781982421875,1059.03759765625,-827.400390625,0.02819395624101162,-0.016263730823993683,-0.04213142395019531,0.9985818266868591,1,80210,661
1786070200,768695236,1,-263.2422180175781,112.26302337646484,-56.4476203918457,,,,,,,,,,80211,661
1786070200,768695236,,,,,5,-1535.792236328125,1059.0439453125,-827.3671264648438,0.027952171862125397,-0.016223471611738205,-0.04155941680073738,0.9986132979393005,1,80211,661
1786070200,776569043,1,-263.25421142578125,112.44328308105469,-56.457977294921875,,,,,,,,,,80212,661
1786070200,776569043,,,,,5,-1535.7802734375,1059.0279541015625,-827.3887939453125,0.02792675420641899,-0.01646316982805729,-0.041477855294942856,0.9986132979393005,1,80212,661
1786070200,785681114,1,-263.1967468261719,112.37152099609375,-56.47883605957031,,,,,,,,,,80213,661
1786070200,785681114,,,,,5,-1535.81494140625,1059.0599365234375,-827.3433837890625,0.028156904503703117,-0.01621956378221512,-0.042436085641384125,0.9985706806182861,1,80213,661
1786070200,793524418,1,-263.42291259765625,112.24876403808594,-56.554443359375,,,,,,,,,,80214,661
1786070200,793524418,,,,,5,-1535.8070068359375,1059.0404052734375,-827.3785400390625,0.028226878494024277,-0.016019409522414207,-0.04210248589515686,0.9985859990119934,1,80214,661
1786070200,801465566,1,-262.8564453125,112.82768249511719,-56.692787170410156,,,,,,,,,,80215,661
1786070200,801465566,,,,,5,-1535.799072265625,1059.071533203125,-827.4014892578125,0.02780851162970066,-0.016482185572385788,-0.04160931706428528,0.9986109137535095,1,80215,661
1786070200,810524443,1,-263.15582275390625,112.2144775390625,-56.49610137939453,,,,,,,,,,80216,661
1786070200,810524443,,,,,5,-1535.7791748046875,1059.064453125,-827.39111328125,0.02758248709142208,-0.01654733344912529,-0.041052963584661484,0.9986390471458435,1,80216,661
1786070200,818535461,1,-263.59820556640625,112.07550048828125,-56.64204025268555,,,,,,,,,,80217,661
1786070200,818535461,,,,,5,-1535.7703857421875,1059.0751953125,-827.3917236328125,0.02756614051759243,-0.0165301114320755,-0.04110081121325493,0.998637855052948,1,80217,661
1786070200,826626367,1,-263.7402038574219,111.79191589355469,-56.80129623413086,,,,,,,,,,80218,661
1786070200,826626367,,,,,5,-1535.7625732421875,1059.0299072265625,-827.35498046875,0.027573199942708015,-0.016519872471690178,-0.04093834012746811,0.9986444115638733,1,80218,661
1786070200,835934574,1,-263.7066955566406,111.86973571777344,-56.844173431396484,,,,,,,,,,80219,661
1786070200,835934574,,,,,5,-1535.783203125,1059.0650634765625,-827.3536987304688,0.027601774781942368,-0.01656927727162838,-0.04159834235906601,0.9986156225204468,1,80219,661
1786070200,843404011,1,-263.26104736328125,112.38216400146484,-56.43455123901367,,,,,,,,,,80220,661
1786070200,843404011,,,,,5,-1535.7830810546875,1059.0218505859375,-827.3683471679688,0.027919651940464973,-0.0163117665797472,-0.04143533110618591,0.9986178278923035,1,80220,661
1786070200,851385007,1,-263.4229431152344,112.20729064941406,-56.48143768310547,,,,,,,,,,80221,661
1786070200,851385007,,,,,5,-1535.798095703125,1059.0882568359375,-827.3844604492188,0.027779091149568558,-0.01650949753820896,-0.04144957661628723,0.9986177682876587,1,80221,661
1786070200,860399555,1,-263.6880187988281,111.89936828613281,-56.796958923339844,,,,,,,,,,80222,661
1786070200,860399555,,,,,5,-1535.7772216796875,1059.0906982421875,-827.3575439453125,0.027193434536457062,-0.01679382286965847,-0.040839213877916336,0.9986544847488403,1,80222,661
1786070200,868567724,1,-263.248779296875,112.20450592041016,-56.522891998291016,,,,,,,,,,80223,661
1786070200,868567724,,,,,5,-1535.7757568359375,1059.054443359375,-827.32568359375,0.02765463851392269,-0.016554193571209908,-0.04148564487695694,0.9986191391944885,1,80223,661
1786070200,876475106,1,-263.3925476074219,112.1055908203125,-56.58652877807617,,,,,,,,,,80224,661
1786070200,876475106,,,,,5,-1535.7589111328125,1059.09765625,-827.3385009765625,0.027407297864556313,-0.017017493024468422,-0.041185807436704636,0.9986305832862854,1,80224,661
1786070200,885429929,1,-264.11016845703125,111.51010131835938,-56.90107727050781,,,,,,,,,,80225,661
1786070200,885429929,,,,,5,-1535.7939453125,1059.0767822265625,-827.35302734375,0.027400216087698936,-0.0167855154722929,-0.04046408459544182,0.9986642003059387,1,80225,661
1786070200,893299479,1,-263.35498046875,112.10028839111328,-56.60356521606445,,,,,,,,,,80226,661
1786070200,893299479,,,,,5,-1535.7498779296875,1059.0244140625,-827.3648681640625,0.02781946025788784,-0.016599023714661598,-0.04123325273394585,0.9986242651939392,1,80226,661
1786070200,901370733,1,-263.22747802734375,112.31214904785156,-56.457828521728516,,,,,,,,,,80227,661
1786070200,901370733,,,,,5,-1535.8314208984375,1059.1082763671875,-827.3623046875,0.02785123698413372,-0.016421044245362282,-0.04211229830980301,0.9985896944999695,1,80227,661
1786070200,910216031,1,-263.3918762207031,112.18145751953125,-56.547393798828125,,,,,,,,,,80228,661
1786070200,910216031,,,,,5,-1535.7513427734375,1059.028564453125,-827.3298950195312,0.02784416638314724,-0.016451997682452202,-0.04150388017296791,0.9986147880554199,1,80228,661
1786070200,918214822,1,-263.3868713378906,112.05046081542969,-56.566612243652344,,,,,,,,,,80229,661
1786070200,918214822,,,,,5,-1535.793212890625,1059.0927734375,-827.4000854492188,0.027690352872014046,-0.01656363718211651,-0.04121125862002373,0.9986293315887451,1,80229,661
1786070200,927355283,1,-263.5416259765625,111.92626953125,-56.532325744628906,,,,,,,,,,80230,661
1786070200,927355283,,,,,5,-1535.871826171875,1059.0657958984375,-827.3037109375,0.027301082387566566,-0.016700400039553642,-0.04037351533770561,0.9986719489097595,1,80230,661
1786070200,935161300,1,-263.8447570800781,111.8589096069336,-56.78608703613281,,,,,,,,,,80231,661
1786070200,935161300,,,,,5,-1535.7998046875,1059.04248046875,-827.3829345703125,0.027467425912618637,-0.01668614335358143,-0.04070403799414635,0.9986541867256165,1,80231,661
1786070200,944013319,1,-263.7355651855469,111.91132354736328,-56.732826232910156,,,,,,,,,,80232,661
1786070200,944013319,,,,,5,-1535.820556640625,1059.0771484375,-827.3611450195312,0.02733205258846283,-0.016587544232606888,-0.040730420500040054,0.9986585974693298,1,80232,661
1786070200,952367350,1,-263.6601257324219,111.86793518066406,-56.84542465209961,,,,,,,,,,80233,661
1786070200,952367350,,,,,5,-1535.8411865234375,1059.1041259765625,-827.3432006835938,0.027593838050961494,-0.016473518684506416,-0.04100487753748894,0.998642086982727,1,80233,661
1786070200,960258568,1,-263.6948547363281,111.86011505126953,-56.732574462890625,,,,,,,,,,80234,661
1786070200,960258568,,,,,5,-1535.785888671875,1059.0867919921875,-827.3556518554688,0.027499208226799965,-0.016567939892411232,-0.0409996472299099,0.9986432790756226,1,80234,661
1786070200,968116755,1,-263.3502197265625,112.13388061523438,-56.60255432128906,,,,,,,,,,80235,661
1786070200,968116755,,,,,5,-1535.7938232421875,1059.08349609375,-827.3661499023438,0.027425222098827362,-0.016441619023680687,-0.040686555206775665,0.998660147190094,1,80235,661
1786070200,977086910,1,-263.4530944824219,111.96489715576172,-56.52409362792969,,,,,,,,,,80236,661
1786070200,977086910,,,,,5,-1535.7711181640625,1059.0679931640625,-827.3432006835938,0.027636857703328133,-0.016580628231167793,-0.04120105877518654,0.998630940914154,1,80236,661
1786070200,985252583,1,-263.14215087890625,112.62264251708984,-56.33827590942383,,,,,,,,,,80237,661
1786070200,985252583,,,,,5,-1535.9754638671875,1058.9244384765625,-827.0880737304688,0.026356248185038567,-0.015316065400838852,-0.03898703306913376,0.9987746477127075,1,80237,661
1786070200,994088279,1,-263.5125427246094,112.10983276367188,-56.580047607421875,,,,,,,,,,80238,661
1786070200,994088279,,,,,5,-1535.82861328125,1059.1165771484375,-827.3365478515625,0.02762274630367756,-0.016451667994260788,-0.04174159839749336,0.9986110329627991,1,80238,661
1786070201,2424610,1,-263.27069091796875,112.276123046875,-56.41579818725586,,,,,,,,,,80239,662
1786070201,2424610,,,,,5,-1535.838623046875,1059.0228271484375,-827.2955932617188,0.02696186490356922,-0.016378173604607582,-0.0399433970451355,0.9987038373947144,1,80239,662
1786070201,10120302,1,-263.37908935546875,112.20552825927734,-56.60150146484375,,,,,,,,,,80240,662
1786070201,10120302,,,,,5,-1535.7696533203125,1059.0277099609375,-827.3687744140625,0.027266114950180054,-0.016606977209448814,-0.0405547209084034,0.9986672401428223,1,80240,662
1786070201,19109118,1,-263.51416015625,111.9135971069336,-56.68877410888672,,,,,,,,,,80241,662
1786070201,19109118,,,,,5,-1535.8082275390625,1059.0677490234375,-827.3688354492188,0.0276035089045763,-0.016439160332083702,-0.04168429970741272,0.9986141920089722,1,80241,662
1786070201,28751473,1,-263.80743408203125,111.7129898071289,-56.688106536865234,,,,,,,,,,80242,662
1786070201,28751473,,,,,5,-1535.7906494140625,1059.078125,-827.3353881835938,0.027258820831775665,-0.016779353842139244,-0.040980979800224304,0.9986470937728882,1,80242,662
1786070201,35227048,1,-263.5357971191406,111.89305877685547,-56.69566345214844,,,,,,,,,,80243,662
1786070201,35227048,,,,,5,-1535.7869873046875,1059.0654296875,-827.3658447265625,0.027645505964756012,-0.016467338427901268,-0.041592299938201904,0.9986163377761841,1,80243,662
1786070201,43005861,1,-263.75677490234375,111.73823547363281,-56.79351043701172,,,,,,,,,,80244,662
1786070201,43005861,,,,,5,-1535.8089599609375,1059.0872802734375,-827.3194580078125,0.02737554721534252,-0.016773667186498642,-0.040793176740407944,0.9986516833305359,1,80244,662
1786070201,51951692,1,-263.4679870605469,112.11553192138672,-56.57423400878906,,,,,,,,,,80245,662
1786070201,51951692,,,,,5,-1535.788818359375,1059.0731201171875,-827.3345947265625,0.02721257507801056,-0.016897089779376984,-0.04082265496253967,0.9986527562141418,1,80245,662
1786070201,59776146,1,-263.2462158203125,112.3090591430664,-56.40302276611328,,,,,,,,,,80246,662
1786070201,59776146,,,,,5,-1535.78125,1059.048095703125,-827.38427734375,0.028235983103513718,-0.01609853282570839,-0.04221145063638687,0.9985798597335815,1,80246,662
1786070201,69015348,1,-263.6182861328125,111.81178283691406,-56.663063049316406,,,,,,,,,,80247,662
1786070201,69015348,,,,,5,-1535.822509765625,1059.0782470703125,-827.3607788085938,0.027576781809329987,-0.016663851216435432,-0.04080804064869881,0.9986473321914673,1,80247,662
1786070201,76692061,1,-263.3639221191406,112.23804473876953,-56.5220832824707,,,,,,,,,,80248,662
1786070201,76692061,,,,,5,-1535.7913818359375,1059.0784912109375,-827.3539428710938,0.027561485767364502,-0.016818532720208168,-0.0411439873278141,0.9986314177513123,1,80248,662
1786070201,84797723,1,-263.494873046875,111.94503784179688,-56.61201095581055,,,,,,,,,,80249,662
1786070201,84797723,,,,,5,-1535.820068359375,1059.103515625,-827.3578491210938,0.027387596666812897,-0.01656910590827465,-0.04122687503695488,0.9986369609832764,1,80249,662
1786070201,93742530,1,-263.27337646484375,112.20828247070312,-56.48664474487305,,,,,,,,,,80250,662
1786070201,93742530,,,,,5,-1535.788330078125,1059.0584716796875,-827.3764038085938,0.02777586318552494,-0.01642872579395771,-0.041691817343235016,0.9986092448234558,1,80250,662
1786070201,101923632,1,-263.46630859375,112.15454864501953,-56.523658752441406,,,,,,,,,,80251,662
1786070201,101923632,,,,,5,-1535.787353515625,1059.0897216796875,-827.3505249023438,0.027258720248937607,-0.016993075609207153,-0.04057371988892555,0.998660147190094,1,80251,662
1786070201,110199312,1,-263.424072265625,112.23898315429688,-56.54823303222656,,,,,,,,,,80252,662
1786070201,110199312,,,,,5,-1535.763916015625,1059.0506591796875,-827.3528442382812,0.02750886231660843,-0.01669110171496868,-0.04097473993897438,0.9986419677734375,1,80252,662
1786070201,118832217,1,-263.3191833496094,112.22808074951172,-56.43483352661133,,,,,,,,,,80253,662
1786070201,118832217,,,,,5,-1535.8079833984375,1059.0648193359375,-827.3683471679688,0.027732860296964645,-0.016540253534913063,-0.04174979776144028,0.998606264591217,1,80253,662
1786070201,126745329,1,-263.5092468261719,112.00218963623047,-56.49505615234375,,,,,,,,,,80254,662
1786070201,126745329,,,,,5,-1536.1024169921875,1058.92333984375,-827.1803588867188,0.0266260989010334,-0.014419108629226685,-0.04590906575322151,0.9984865784645081,1,80254,662
1786070201,134709779,1,-263.24945068359375,112.52757263183594,-56.52338409423828,,,,,,,,,,80255,662
1786070201,134709779,,,,,5,-1535.7911376953125,1059.088623046875,-827.34423828125,0.02720978483557701,-0.016784464940428734,-0.04033486917614937,0.9986746311187744,1,80255,662
1786070201,144827782,1,-263.78717041015625,111.85331726074219,-56.78094482421875,,,,,,,,,,80256,662
1786070201,144827782,,,,,5,-1535.9287109375,1058.9991455078125,-827.2859497070312,0.027328653261065483,-0.015526427887380123,-0.04282204806804657,0.9985882639884949,1,80256,662
1786070201,151563665,1,-263.6573181152344,111.7567367553711,-56.83372116088867,,,,,,,,,,80257,662
1786070201,151563665,,,,,5,-1535.86865234375,1059.048095703125,-827.2997436523438,0.027136193588376045,-0.01615874283015728,-0.04222020134329796,0.9986090064048767,1,80257,662
1786070201,160019126,1,-263.37969970703125,112.0505142211914,-56.55915069580078,,,,,,,,,,80258,662
1786070201,160019126,,,,,5,-1535.875244140625,1059.0849609375,-827.3106689453125,0.027447737753391266,-0.016117777675390244,-0.04261886328458786,0.9985841512680054,1,80258,662
1786070201,168736143,1,-263.42578125,112.1310043334961,-56.537353515625,,,,,,,,,,80259,662
1786070201,168736143,,,,,5,-1535.8392333984375,1059.072998046875,-827.33544921875,0.027836928144097328,-0.016072092577815056,-0.04250026121735573,0.9985792636871338,1,80259,662
1786070201,176518957,1,-263.3196716308594,112.1917495727539,-56.52512741088867,,,,,,,,,,80260,662
1786070201,176518957,,,,,5,-1535.8436279296875,1059.0831298828125,-827.3204345703125,0.027307655662298203,-0.016358356922864914,-0.04155911132693291,0.9986288547515869,1,80260,662
1786070201,185775539,1,-263.70513916015625,111.96258544921875,-56.78490447998047,,,,,,,,,,80261,662
1786070201,185775539,,,,,5,-1535.8255615234375,1059.053466796875,-827.3541259765625,0.027643585577607155,-0.016193082556128502,-0.04222635179758072,0.9985942840576172,1,80261,662
1786070201,193789214,1,-263.6570739746094,111.78195190429688,-56.77707290649414,,,,,,,,,,80262,662
1786070201,193789214,,,,,5,-1535.8397216796875,1059.0850830078125,-827.3982543945312,0.027942214161157608,-0.01591869257390499,-0.0424983873963356,0.9985788464546204,1,80262,662
1786070201,201447075,1,-263.2966613769531,112.30233001708984,-56.43508529663086,,,,,,,,,,80263,662
1786070201,201447075,,,,,5,-1535.843017578125,1059.053955078125,-827.3400268554688,0.02773183025419712,-0.016212929040193558,-0.04188269376754761,0.9986059665679932,1,80263,662
1786070201,210403852,1,-263.2939758300781,112.29656219482422,-56.45351791381836,,,,,,,,,,80264,662
1786070201,210403852,,,,,5,-1535.7711181640625,1059.0716552734375,-827.3524780273438,0.027134597301483154,-0.016742674633860588,-0.04131725803017616,0.9986372590065002,1,80264,662
1786070201,218562390,1,-263.8156433105469,111.90047454833984,-56.75970458984375,,,,,,,,,,80265,662
1786070201,218562390,,,,,5,-1535.8118896484375,1059.05126953125,-827.3349609375,0.02735902927815914,-0.016642630100250244,-0.04173646122217178,0.9986152648925781,1,80265,662
1786070201,227006360,1,-263.34149169921875,112.2366714477539,-56.41539001464844,,,,,,,,,,80266,662
1786070201,227006360,,,,,5,-1535.8475341796875,1059.099853515625,-827.3265991210938,0.02753632515668869,-0.016357457265257835,-0.04229789599776268,0.9985914826393127,1,80266,662
1786070201,235390703,1,-263.1756286621094,112.11270904541016,-56.474945068359375,,,,,,,,,,80267,662
1786070201,235390703,,,,,5,-1535.8084716796875,1059.04248046875,-827.3355712890625,0.027432739734649658,-0.01649889536201954,-0.04148107394576073,0.9986262321472168,1,80267,662
1786070201,243735293,1,-263.6404724121094,111.82655334472656,-56.796024322509766,,,,,,,,,,80268,662
1786070201,243735293,,,,,5,-1535.73583984375,1059.0120849609375,-827.3876953125,0.02748391404747963,-0.01614445447921753,-0.04013516753911972,0.9986857175827026,1,80268,662
1786070201,252549578,1,-263.8218688964844,111.69950103759766,-56.70314025878906,,,,,,,,,,80269,662
1786070201,252549578,,,,,5,-1535.5299072265625,1058.899658203125,-827.4326171875,0.027510283514857292,-0.015405493788421154,-0.035924606025218964,0.9988570213317871,1,80269,662
1786070201,260584890,1,-263.4720458984375,112.1117172241211,-56.549217224121094,,,,,,,,,,80270,662
1786070201,260584890,,,,,5,-1535.9852294921875,1059.1763916015625,-827.234375,0.02716909535229206,-0.01725112646818161,-0.04554302245378494,0.9984438419342041,1,80270,662
1786070201,268310764,1,-263.6532287597656,111.8471450805664,-56.85353088378906,,,,,,,,,,80271,662
1786070201,268310764,,,,,5,-1535.9896240234375,1059.1644287109375,-827.2537231445312,0.027435822412371635,-0.016959581524133682,-0.04546652361750603,0.9984450340270996,1,80271,662
1786070201,277208938,1,-263.2095031738281,112.36245727539062,-56.435733795166016,,,,,,,,,,80272,662
1786070201,277208938,,,,,5,-1535.9849853515625,1059.164306640625,-827.2725830078125,0.027470309287309647,-0.017021335661411285,-0.04589055851101875,0.9984235763549805,1,80272,662
1786070201,285424127,1,-263.5077209472656,111.99673461914062,-56.56497573852539,,,,,,,,,,80273,662
1786070201,285424127,,,,,5,-1535.9779052734375,1059.1455078125,-827.2516479492188,0.027951760217547417,-0.016716493293642998,-0.04660240188241005,0.9983823895454407,1,80273,662
1786070201,293244196,1,-263.652587890625,111.87322235107422,-56.838348388671875,,,,,,,,,,80274,662
1786070201,293244196,,,,,5,-1536.0260009765625,1059.2017822265625,-827.2408447265625,0.027743125334382057,-0.016965460032224655,-0.04735573008656502,0.9983485341072083,1,80274,662
1786070201,302534576,1,-263.1462097167969,112.31745910644531,-56.484710693359375,,,,,,,,,,80275,662
1786070201,302534576,,,,,5,-1535.9871826171875,1059.1810302734375,-827.2764892578125,0.027805909514427185,-0.016684940084815025,-0.04771730303764343,0.9983344078063965,1,80275,662
1786070201,310151981,1,-263.45147705078125,111.97894287109375,-56.57398223876953,,,,,,,,,,80276,662
1786070201,310151981,,,,,5,-1535.9349365234375,1059.1683349609375,-827.2451171875,0.027753952890634537,-0.01751275360584259,-0.046543560922145844,0.9983770251274109,1,80276,662
1786070201,318147029,1,-263.7466735839844,111.72061157226562,-56.75164031982422,,,,,,,,,,80277,662
1786070201,318147029,,,,,5,-1536.0697021484375,1059.2198486328125,-827.2512817382812,0.02769503742456436,-0.01679106615483761,-0.04745135456323624,0.9983483552932739,1,80277,662
1786070201,328108168,1,-263.74053955078125,111.84278106689453,-56.84322738647461,,,,,,,,,,80278,662
1786070201,328108168,,,,,5,-1536.0452880859375,1059.2037353515625,-827.2545166015625,0.027488835155963898,-0.0169578455388546,-0.04608040302991867,0.9984155297279358,1,80278,662
1786070201,335321651,1,-263.40533447265625,112.17811584472656,-56.565162658691406,,,,,,,,,,80279,662
1786070201,335321651,,,,,5,-1536.0592041015625,1059.197509765625,-827.271484375,0.027956439182162285,-0.01643141731619835,-0.04783308506011963,0.9983288049697876,1,80279,662
1786070201,343618808,1,-263.2164001464844,112.33106231689453,-56.45135498046875,,,,,,,,,,80280,662
1786070201,343618808,,,,,5,-1535.9998779296875,1059.2000732421875,-827.2948608398438,0.027552586048841476,-0.017020367085933685,-0.04677514359354973,0.9983803629875183,1,80280,662
1786070201,352785548,1,-263.3422546386719,112.19551849365234,-56.445621490478516,,,,,,,,,,80281,662
1786070201,352785548,,,,,5,-1536.014892578125,1059.196533203125,-827.2968139648438,0.027762163430452347,-0.01676219515502453,-0.04568169265985489,0.998429536819458,1,80281,662
1786070201,360819836,1,-263.226318359375,112.31400299072266,-56.47492599487305,,,,,,,,,,80282,662
1786070201,360819836,,,,,5,-1536.0087890625,1059.1805419921875,-827.2968139648438,0.02785746194422245,-0.01674480549991131,-0.046595558524131775,0.9983848929405212,1,80282,662
1786070201,369201810,1,-263.34619140625,112.08550262451172,-56.55901336669922,,,,,,,,,,80283,662
1786070201,369201810,,,,,5,-1536.042236328125,1059.2452392578125,-827.2472534179688,0.027729971334338188,-0.016881277784705162,-0.046720992773771286,0.9983803033828735,1,80283,662
1786070201,377113546,1,-263.64422607421875,111.94918823242188,-56.633975982666016,,,,,,,,,,80284,662
1786070201,377113546,,,,,5,-1535.9696044921875,1059.1453857421875,-827.2509765625,0.027958795428276062,-0.01692877523601055,-0.046618446707725525,0.9983778595924377,1,80284,662
1786070201,385271443,1,-263.23724365234375,112.20429229736328,-56.47242736816406,,,,,,,,,,80285,662
1786070201,385271443,,,,,5,-1536.0291748046875,1059.2000732421875,-827.2459106445312,0.027443338185548782,-0.017129935324192047,-0.046738795936107635,0.9983832240104675,1,80285,662
1786070201,393188331,1,-263.2007751464844,112.25376892089844,-56.454986572265625,,,,,,,,,,80286,662
1786070201,393188331,,,,,5,-1536.0399169921875,1059.1956787109375,-827.24365234375,0.0274155605584383,-0.016993433237075806,-0.04621582478284836,0.9984106421470642,1,80286,662
1786070201,402129682,1,-263.350830078125,112.17571258544922,-56.55149841308594,,,,,,,,,,80287,662
1786070201,402129682,,,,,5,-1536.015869140625,1059.2103271484375,-827.2607421875,0.027909496799111366,-0.016773413866758347,-0.04654012247920036,0.998385488986969,1,80287,662
1786070201,410160705,1,-263.3235778808594,112.16098022460938,-56.59477615356445,,,,,,,,,,80288,662
1786070201,410160705,,,,,5,-1536.0875244140625,1059.2314453125,-827.2081909179688,0.027585696429014206,-0.01699337363243103,-0.04676081985235214,0.9983804821968079,1,80288,662
1786070201,419065440,1,-263.4712219238281,112.30998229980469,-56.52857971191406,,,,,,,,,,80289,662
1786070201,419065440,,,,,5,-1535.978759765625,1059.1907958984375,-827.2412109375,0.027178218588232994,-0.017391707748174667,-0.045628439635038376,0.998437225818634,1,80289,662
1786070201,426825273,1,-263.322265625,112.33819580078125,-56.44602966308594,,,,,,,,,,80290,662
1786070201,426825273,,,,,5,-1535.952392578125,1059.209228515625,-827.2825317382812,0.02737145498394966,-0.01765292137861252,-0.046033356338739395,0.998408854007721,1,80290,662
1786070201,434851048,1,-263.71710205078125,111.83260345458984,-56.73320770263672,,,,,,,,,,80291,662
1786070201,434851048,,,,,5,-1536.0029296875,1059.205078125,-827.2548828125,0.02736389823257923,-0.016955260187387466,-0.04618728160858154,0.9984139204025269,1,80291,662
1786070201,443832822,1,-263.65106201171875,111.97513580322266,-56.74639129638672,,,,,,,,,,80292,662
1786070201,443832822,,,,,5,-1536.0028076171875,1059.2330322265625,-827.2200317382812,0.027063198387622833,-0.01715768501162529,-0.04586813226342201,0.9984334707260132,1,80292,662
1786070201,451985054,1,-263.762451171875,111.796142578125,-56.7974739074707,,,,,,,,,,80293,662
1786070201,451985054,,,,,5,-1536.0390625,1059.23828125,-827.271484375,0.028113074600696564,-0.016619743779301643,-0.047633662819862366,0.9983308911323547,1,80293,662
1786070201,459743287,1,-263.2370300292969,112.43704223632812,-56.4373664855957,,,,,,,,,,80294,662
1786070201,459743287,,,,,5,-1536.003662109375,1059.2020263671875,-827.2590942382812,0.027861308306455612,-0.01691107638180256,-0.046688906848430634,0.9983776807785034,1,80294,662
1786070201,468831835,1,-263.35919189453125,112.12353515625,-56.557559967041016,,,,,,,,,,80295,662
1786070201,468831835,,,,,5,-1536.0283203125,1059.1854248046875,-827.2604370117188,0.02788332849740982,-0.016664478927850723,-0.04737011715769768,0.9983490705490112,1,80295,662
1786070201,476674052,1,-263.41680908203125,112.09585571289062,-56.524967193603516,,,,,,,,,,80296,662
1786070201,476674052,,,,,5,-1535.96484375,1059.1077880859375,-827.2333984375,0.027812883257865906,-0.01682458445429802,-0.04645676165819168,0.998391330242157,1,80296,662
1786070201,485838040,1,-263.7068176269531,111.9046630859375,-56.713191986083984,,,,,,,,,,80297,662
1786070201,485838040,,,,,5,-1536.0172119140625,1059.1920166015625,-827.2907104492188,0.0275555532425642,-0.016862565651535988,-0.046341635286808014,0.9984030723571777,1,80297,662
1786070201,493687587,1,-263.2374572753906,112.26298522949219,-56.50127410888672,,,,,,,,,,80298,662
1786070201,493687587,,,,,5,-1536.0689697265625,1059.2225341796875,-827.234375,0.027522390708327293,-0.016825079917907715,-0.04598291590809822,0.9984212517738342,1,80298,662
1786070201,501642243,1,-263.5578918457031,111.84465026855469,-56.701419830322266,,,,,,,,,,80299,662
1786070201,501642243,,,,,5,-1536.01953125,1059.2156982421875,-827.2373046875,0.02754412405192852,-0.017032429575920105,-0.04642714932560921,0.9983965754508972,1,80299,662
1786070201,510716452,1,-263.7076721191406,111.84420013427734,-56.81741714477539,,,,,,,,,,80300,662
1786070201,510716452,,,,,5,-1536.0203857421875,1059.2176513671875,-827.2353515625,0.027463166043162346,-0.01703590527176857,-0.046265341341495514,0.9984062910079956,1,80300,662
1786070201,518747379,1,-263.385986328125,112.18244934082031,-56.56852340698242,,,,,,,,,,80301,662
1786070201,518747379,,,,,5,-1535.9407958984375,1059.1661376953125,-827.3025512695312,0.027212001383304596,-0.017788290977478027,-0.04520197585225105,0.9984487891197205,1,80301,662
1786070201,526653097,1,-263.57891845703125,111.72827911376953,-56.65687942504883,,,,,,,,,,80302,662
1786070201,526653097,,,,,5,-1536.0372314453125,1059.1966552734375,-827.2396850585938,0.027935534715652466,-0.01673157699406147,-0.04770022630691528,0.9983308911323547,1,80302,662
1786070201,535795929,1,-263.7242431640625,111.72538757324219,-56.77964401245117,,,,,,,,,,80303,662
1786070201,535795929,,,,,5,-1536.007568359375,1059.1866455078125,-827.25732421875,0.027812618762254715,-0.016807200387120247,-0.046770546585321426,0.9983769655227661,1,80303,662
1786070201,544265600,1,-263.2845458984375,112.38928985595703,-56.44754409790039,,,,,,,,,,80304,662
1786070201,544265600,,,,,5,-1536.025634765625,1059.1865234375,-827.2240600585938,0.02748739719390869,-0.017056409269571304,-0.04637358337640762,0.9984002113342285,1,80304,662
1786070201,551598851,1,-263.39984130859375,112.1386947631836,-56.547306060791016,,,,,,,,,,80305,662
1786070201,551598851,,,,,5,-1535.9940185546875,1059.265625,-827.2911987304688,0.02752739191055298,-0.01746596023440361,-0.04684563726186752,0.9983700513839722,1,80305,662
1786070201,561162023,1,-263.73455810546875,111.9624252319336,-56.74198913574219,,,,,,,,,,80306,662
1786070201,561162023,,,,,5,-1536.056884765625,1059.1995849609375,-827.2391967773438,0.02753516100347042,-0.017001094296574593,-0.04638698697090149,0.9983992576599121,1,80306,662
1786070201,569810258,1,-263.41351318359375,111.9530029296875,-56.70248794555664,,,,,,,,,,80307,662
1786070201,569810258,,,,,5,-1536.0277099609375,1059.2171630859375,-827.2496948242188,0.027440600097179413,-0.017136868089437485,-0.046992309391498566,0.9983711838722229,1,80307,662
1786070201,576513783,1,-263.4508361816406,112.20471954345703,-56.5852165222168,,,,,,,,,,80308,662
1786070201,576513783,,,,,5,-1536.0115966796875,1059.1849365234375,-827.2818603515625,0.027983276173472404,-0.016888314858078957,-0.04676690325140953,0.998370885848999,1,80308,662
1786070201,585629088,1,-263.4316101074219,112.14057922363281,-56.56181335449219,,,,,,,,,,80309,662
1786070201,585629088,,,,,5,-1536.014892578125,1059.173095703125,-827.2659301757812,0.027706164866685867,-0.016933297738432884,-0.04652789980173111,0.9983890652656555,1,80309,662
1786070201,593431554,1,-263.3630676269531,111.99935913085938,-56.58030700683594,,,,,,,,,,80310,662
1786070201,593431554,,,,,5,-1536.0435791015625,1059.1888427734375,-827.2465209960938,0.027593066915869713,-0.016946347430348396,-0.04631967470049858,0.9984017014503479,1,80310,662
1786070201,601539137,1,-263.7392883300781,111.9035415649414,-56.82603454589844,,,,,,,,,,80311,662
1786070201,601539137,,,,,5,-1535.9788818359375,1059.1943359375,-827.2283325195312,0.027224496006965637,-0.017187098041176796,-0.04489262029528618,0.9984728693962097,1,80311,662
1786070201,610375346,1,-263.4339599609375,112.03278350830078,-56.46154022216797,,,,,,,,,,80312,662
1786070201,610375346,,,,,5,-1536.0057373046875,1059.1934814453125,-827.2654418945312,0.027771275490522385,-0.016912924125790596,-0.04679439216852188,0.9983751773834229,1,80312,662
1786070201,619081641,1,-263.2245178222656,112.19161224365234,-56.42949676513672,,,,,,,,,,80313,662
1786070201,619081641,,,,,5,-1536.0247802734375,1059.2181396484375,-827.2444458007812,0.027517307549715042,-0.01710900291800499,-0.046216268092393875,0.9984057545661926,1,80313,662
1786070201,626677025,1,-263.3171081542969,112.23001861572266,-56.44126510620117,,,,,,,,,,80314,662
1786070201,626677025,,,,,5,-1536.0367431640625,1059.2269287109375,-827.2307739257812,0.027671465650200844,-0.01700252667069435,-0.04694400727748871,0.9983694553375244,1,80314,662
1786070201,635465385,1,-263.6418151855469,111.96825408935547,-56.66048812866211,,,,,,,,,,80315,662
1786070201,635465385,,,,,5,-1536.0037841796875,1059.2017822265625,-827.2974853515625,0.027812201529741287,-0.01689532771706581,-0.04646842181682587,0.9983895421028137,1,80315,662
1786070201,643354492,1,-263.4212341308594,112.15895080566406,-56.54300308227539,,,,,,,,,,80316,662
1786070201,643354492,,,,,5,-1536.0145263671875,1059.198486328125,-827.2415161132812,0.02731374464929104,-0.017042770981788635,-0.04621288925409317,0.9984126687049866,1,80316,662
1786070201,652786085,1,-263.7710266113281,111.8941650390625,-56.73493576049805,,,,,,,,,,80317,662
1786070201,652786085,,,,,5,-1536.01025390625,1059.1776123046875,-827.25732421875,0.02773321233689785,-0.016811568289995193,-0.046932704746723175,0.9983714818954468,1,80317,662
1786070201,662197066,1,-263.5095520019531,112.16116333007812,-56.5447883605957,,,,,,,,,,80318,662
1786070201,662197066,,,,,5,-1535.87890625,1059.0826416015625,-827.3077392578125,0.027538590133190155,-0.016528377309441566,-0.04183299466967583,0.9986083507537842,1,80318,662
1786070201,668211556,1,-263.6367492675781,111.91142272949219,-56.62635040283203,,,,,,,,,,80319,662
1786070201,668211556,,,,,5,-1535.8421630859375,1059.0985107421875,-827.3609619140625,0.027397148311138153,-0.016402965411543846,-0.04191460460424423,0.9986106753349304,1,80319,662
1786070201,678055264,1,-263.3905944824219,112.2475814819336,-56.566890716552734,,,,,,,,,,80320,662
1786070201,678055264,,,,,5,-1535.85986328125,1059.0848388671875,-827.3312377929688,0.027448559179902077,-0.016251077875494957,-0.042003124952316284,0.9986082315444946,1,80320,662
1786070201,685324886,1,-263.2443542480469,112.19253540039062,-56.43367385864258,,,,,,,,,,80321,662
1786070201,685324886,,,,,5,-1535.806396484375,1059.0384521484375,-827.33154296875,0.027698488906025887,-0.01666051335632801,-0.041530635207891464,0.9986142516136169,1,80321,662
1786070201,692630996,1,-263.4022216796875,112.28445434570312,-56.59041213989258,,,,,,,,,,80322,662
1786070201,692630996,,,,,5,-1535.859375,1059.08251953125,-827.3113403320312,0.0274181067943573,-0.01639179140329361,-0.041425466537475586,0.9986307621002197,1,80322,662
1786070201,702326674,1,-263.18548583984375,112.36231994628906,-56.46935272216797,,,,,,,,,,80323,662
1786070201,702326674,,,,,5,-1535.844970703125,1059.0904541015625,-827.326171875,0.027411846444010735,-0.01677090674638748,-0.04131099209189415,0.9986293911933899,1,80323,662
1786070201,710170620,1,-263.6357421875,111.8093032836914,-56.646732330322266,,,,,,,,,,80324,662
1786070201,710170620,,,,,5,-1535.832763671875,1059.0582275390625,-827.3300170898438,0.027832534164190292,-0.016223808750510216,-0.04213054105639458,0.9985926151275635,1,80324,662
1786070201,718164292,1,-263.2916564941406,112.30360412597656,-56.42576217651367,,,,,,,,,,80325,662
1786070201,718164292,,,,,5,-1535.8968505859375,1059.1600341796875,-827.3087158203125,0.0277834702283144,-0.01608722284436226,-0.04317479208111763,0.998551607131958,1,80325,662
1786070201,727569127,1,-263.591064453125,111.86044311523438,-56.83805465698242,,,,,,,,,,80326,662
1786070201,727569127,,,,,5,-1535.8111572265625,1059.066650390625,-827.3184814453125,0.027759302407503128,-0.01633613370358944,-0.0419393815100193,0.9986008405685425,1,80326,662
1786070201,735264723,1,-263.7728576660156,111.79959106445312,-56.732154846191406,,,,,,,,,,80327,662
1786070201,735264723,,,,,5,-1535.8538818359375,1059.078125,-827.2986450195312,0.027318771928548813,-0.016598273068666458,-0.04193396121263504,0.9986089468002319,1,80327,662
1786070201,744854812,1,-263.2447814941406,112.36321258544922,-56.41945266723633,,,,,,,,,,80328,662
1786070201,744854812,,,,,5,-1535.78173828125,1059.055419921875,-827.3556518554688,0.027551280334591866,-0.016675395891070366,-0.04140082001686096,0.9986234307289124,1,80328,662
1786070201,752116817,1,-263.22003173828125,112.15437316894531,-56.45417404174805,,,,,,,,,,80329,662
1786070201,752116817,,,,,5,-1535.7904052734375,1059.063232421875,-827.3424682617188,0.027561908587813377,-0.016440358012914658,-0.04163007438182831,0.9986175298690796,1,80329,662
1786070201,759999523,1,-263.2311096191406,112.311767578125,-56.41344451904297,,,,,,,,,,80330,662
1786070201,759999523,,,,,5,-1535.8709716796875,1059.0433349609375,-827.3215942382812,0.02764229103922844,-0.015866035595536232,-0.04227633774280548,0.9985975027084351,1,80330,662
1786070201,769237189,1,-263.22119140625,112.27848815917969,-56.44979476928711,,,,,,,,,,80331,662
1786070201,769237189,,,,,5,-1535.832763671875,1059.0540771484375,-827.34765625,0.02789883315563202,-0.016308050602674484,-0.04218064248561859,0.9985873699188232,1,80331,662
1786070201,776915117,1,-263.4508361816406,112.18310546875,-56.54466247558594,,,,,,,,,,80332,662
1786070201,776915117,,,,,5,-1535.8328857421875,1059.07470703125,-827.3485717773438,0.027385765686631203,-0.016474014148116112,-0.04212707281112671,0.998600959777832,1,80332,662
1786070201,785600768,1,-263.3619384765625,112.2032470703125,-56.56951141357422,,,,,,,,,,80333,662
1786070201,785600768,,,,,5,-1535.8350830078125,1059.071533203125,-827.3588256835938,0.027695078402757645,-0.016226613894104958,-0.04161421209573746,0.9986180067062378,1,80333,662
1786070201,793847995,1,-263.8339538574219,111.92704010009766,-56.77069091796875,,,,,,,,,,80334,662
1786070201,793847995,,,,,5,-1535.8194580078125,1059.0633544921875,-827.3811645507812,0.026975814253091812,-0.01703748106956482,-0.04101140424609184,0.9986491799354553,1,80334,662
1786070201,802055886,1,-263.7939758300781,111.85189056396484,-56.77739334106445,,,,,,,,,,80335,662
1786070201,802055886,,,,,5,-1535.8345947265625,1059.019287109375,-827.32470703125,0.027645276859402657,-0.016314567998051643,-0.042546410113573074,0.998578667640686,1,80335,662
1786070201,811409512,1,-263.56634521484375,112.02700805664062,-56.66413497924805,,,,,,,,,,80336,662
1786070201,811409512,,,,,5,-1535.7822265625,1059.06396484375,-827.396484375,0.027754712849855423,-0.016552798449993134,-0.04303789883852005,0.9985506534576416,1,80336,662
1786070201,818981979,1,-263.73040771484375,112.08292388916016,-56.82188034057617,,,,,,,,,,80337,662
1786070201,818981979,,,,,5,-1535.8236083984375,1059.062255859375,-827.34765625,0.027278808876872063,-0.01670430600643158,-0.04137423634529114,0.9986315369606018,1,80337,662
1786070201,826814979,1,-263.6744384765625,111.97647857666016,-56.77799606323242,,,,,,,,,,80338,662
1786070201,826814979,,,,,5,-1535.8212890625,1059.0640869140625,-827.3388671875,0.02776896394789219,-0.016097834333777428,-0.04277923330664635,0.9985687732696533,1,80338,662
1786070201,834858548,1,-263.75823974609375,111.765380859375,-56.812496185302734,,,,,,,,,,80339,662
1786070201,834858548,,,,,5,-1535.77490234375,1059.0504150390625,-827.3056030273438,0.026916252449154854,-0.016916826367378235,-0.041070304811000824,0.998650312423706,1,80339,662
1786070201,843965916,1,-263.7633972167969,111.7529296875,-56.82841873168945,,,,,,,,,,80340,662
1786070201,843965916,,,,,5,-1535.84130859375,1059.0819091796875,-827.32421875,0.027028273791074753,-0.01660248637199402,-0.04193945229053497,0.9986165165901184,1,80340,662
1786070201,851882325,1,-263.2069396972656,112.38687896728516,-56.43101119995117,,,,,,,,,,80341,662
1786070201,851882325,,,,,5,-1535.821044921875,1059.0496826171875,-827.3121337890625,0.027415558695793152,-0.01646808721125126,-0.0418708361685276,0.9986110925674438,1,80341,662
1786070201,860830493,1,-263.2309265136719,112.3982925415039,-56.46379089355469,,,,,,,,,,80342,662
1786070201,860830493,,,,,5,-1535.7938232421875,1059.029052734375,-827.3829956054688,0.02729375846683979,-0.01625966839492321,-0.041598640382289886,0.998629093170166,1,80342,662
1786070201,868683496,1,-263.44158935546875,111.93762969970703,-56.533836364746094,,,,,,,,,,80343,662
1786070201,868683496,,,,,5,-1535.7568359375,1059.0404052734375,-827.2694702148438,0.027205999940633774,-0.01713634468615055,-0.04087250679731369,0.9986468553543091,1,80343,662
1786070201,876920225,1,-263.0861511230469,112.24925994873047,-56.45754623413086,,,,,,,,,,80344,662
1786070201,876920225,,,,,5,-1535.7991943359375,1059.084228515625,-827.3292236328125,0.027417447417974472,-0.01674651727080345,-0.04203840717673302,0.9985994696617126,1,80344,662
1786070201,884817366,1,-263.6852111816406,111.86712646484375,-56.78030014038086,,,,,,,,,,80345,662
1786070201,884817366,,,,,5,-1535.76806640625,1059.025390625,-827.3251953125,0.027464989572763443,-0.016586266458034515,-0.04149292781949043,0.9986235499382019,1,80345,662
1786070201,894060377,1,-263.1697082519531,112.30892181396484,-56.43480682373047,,,,,,,,,,80346,662
1786070201,894060377,,,,,5,-1535.7689208984375,1059.0462646484375,-827.3313598632812,0.027384525164961815,-0.01677844114601612,-0.04164827987551689,0.9986160397529602,1,80346,662
1786070201,901532952,1,-263.1566162109375,112.44805145263672,-56.45024871826172,,,,,,,,,,80347,662
1786070201,901532952,,,,,5,-1535.7674560546875,1059.019775390625,-827.3189697265625,0.027632717043161392,-0.016670024022459984,-0.04163138195872307,0.9986117482185364,1,80347,662
1786070201,911157864,1,-263.7918701171875,111.87722778320312,-56.76118087768555,,,,,,,,,,80348,662
1786070201,911157864,,,,,5,-1535.8050537109375,1059.080322265625,-827.3095703125,0.02727385051548481,-0.01672535575926304,-0.04156558960676193,0.9986233711242676,1,80348,662
1786070201,918492715,1,-263.7686767578125,111.90387725830078,-56.75762176513672,,,,,,,,,,80349,662
1786070201,918492715,,,,,5,-1535.777587890625,1059.039794921875,-827.34716796875,0.027110636234283447,-0.016935430467128754,-0.04097481444478035,0.9986486434936523,1,80349,662
1786070201,927600947,1,-263.7839660644531,111.87044525146484,-56.75099182128906,,,,,,,,,,80350,662
1786070201,927600947,,,,,5,-1535.8074951171875,1059.0706787109375,-827.3181762695312,0.02737600728869438,-0.0165026243776083,-0.041237909346818924,0.9986379742622375,1,80350,662
1786070201,935556852,1,-263.700927734375,111.69816589355469,-56.75309753417969,,,,,,,,,,80351,662
1786070201,935556852,,,,,5,-1535.7801513671875,1059.0047607421875,-827.3701171875,0.027758456766605377,-0.01645420491695404,-0.04152479022741318,0.9986162781715393,1,80351,662
1786070201,943736929,1,-263.3755798339844,112.21305084228516,-56.56632995605469,,,,,,,,,,80352,662
1786070201,943736929,,,,,5,-1535.7999267578125,1059.0458984375,-827.3259887695312,0.02747521735727787,-0.01667059026658535,-0.04156602546572685,0.9986188411712646,1,80352,662
1786070201,952718896,1,-263.2359619140625,112.20208740234375,-56.43495559692383,,,,,,,,,,80353,662
1786070201,952718896,,,,,5,-1535.81103515625,1059.0662841796875,-827.3201293945312,0.027202598750591278,-0.016913248226046562,-0.040998008102178574,0.9986456632614136,1,80353,662
1786070201,960335532,1,-263.90673828125,111.48289489746094,-56.92222595214844,,,,,,,,,,80354,662
1786070201,960335532,,,,,5,-1535.8385009765625,1059.101318359375,-827.3226928710938,0.027147239074110985,-0.017029408365488052,-0.04147084429860115,0.9986256957054138,1,80354,662
1786070201,968385695,1,-263.3872985839844,112.03182220458984,-56.518333435058594,,,,,,,,,,80355,662
1786070201,968385695,,,,,5,-1535.6771240234375,1059.0162353515625,-827.3383178710938,0.02748863771557808,-0.01732587441802025,-0.04272687807679176,0.9985583424568176,1,80355,662
1786070201,977397940,1,-263.66802978515625,111.74019622802734,-56.76744842529297,,,,,,,,,,80356,662
1786070201,977397940,,,,,5,-1535.8138427734375,1059.02685546875,-827.3649291992188,0.027318056672811508,-0.0167355015873909,-0.04085910692811012,0.9986510872840881,1,80356,662
1786070201,985489744,1,-263.3122253417969,112.39201354980469,-56.41106033325195,,,,,,,,,,80357,662
1786070201,985489744,,,,,5,-1535.837890625,1059.0687255859375,-827.3060913085938,0.026939719915390015,-0.01686534844338894,-0.04076618701219559,0.998663067817688,1,80357,662
1786070201,993292145,1,-263.7410583496094,111.82527160644531,-56.752655029296875,,,,,,,,,,80358,662
1786070201,993292145,,,,,5,-1535.8367919921875,1059.0421142578125,-827.2994384765625,0.02734694816172123,-0.016770608723163605,-0.04141264781355858,0.9986270070075989,1,80358,662
1786070202,2670832,1,-263.7708740234375,112.08229064941406,-56.76499557495117,,,,,,,,,,80359,663
1786070202,2670832,,,,,5,-1535.8411865234375,1059.0374755859375,-827.3112182617188,0.027141816914081573,-0.016964798793196678,-0.04122885316610336,0.9986369609832764,1,80359,663
1786070202,10343384,1,-263.85302734375,111.88092041015625,-56.849002838134766,,,,,,,,,,80360,663
1786070202,10343384,,,,,5,-1535.824951171875,1059.0584716796875,-827.3175659179688,0.02709777280688286,-0.016747023910284042,-0.040840987116098404,0.998657763004303,1,80360,663
1786070202,18234604,1,-263.6981506347656,111.96749877929688,-56.74317169189453,,,,,,,,,,80361,663
1786070202,18234604,,,,,5,-1535.7425537109375,1059.030517578125,-827.3524780273438,0.027279336005449295,-0.017105355858802795,-0.04127049446105957,0.9986290335655212,1,80361,663
1786070202,27211676,1,-263.3365478515625,112.30864715576172,-56.39189529418945,,,,,,,,,,80362,663
1786070202,27211676,,,,,5,-1535.8304443359375,1059.0458984375,-827.3109741210938,0.027308626100420952,-0.01664648950099945,-0.04132668673992157,0.9986338019371033,1,80362,663
1786070202,35289430,1,-263.1300048828125,112.1961441040039,-56.43053436279297,,,,,,,,,,80363,663
1786070202,35289430,,,,,5,-1535.7960205078125,1059.001953125,-827.3558959960938,0.027222754433751106,-0.016791632398962975,-0.04037350043654442,0.9986725449562073,1,80363,663
1786070202,43174889,1,-263.14727783203125,112.33483123779297,-56.460357666015625,,,,,,,,,,80364,663
1786070202,43174889,,,,,5,-1535.837646484375,1059.0692138671875,-827.3490600585938,0.02714984118938446,-0.01676267199218273,-0.04109586775302887,0.9986456036567688,1,80364,663
1786070202,52305399,1,-263.3781433105469,112.10375213623047,-56.52095031738281,,,,,,,,,,80365,663
1786070202,52305399,,,,,5,-1535.7967529296875,1059.030517578125,-827.3749389648438,0.02718796767294407,-0.016857866197824478,-0.040729377418756485,0.9986579418182373,1,80365,663
1786070202,60105146,1,-263.2979736328125,112.27198791503906,-56.986854553222656,,,,,,,,,,80366,663
1786070202,60105146,,,,,5,-1535.81884765625,1059.0216064453125,-827.322265625,0.026942769065499306,-0.01681758090853691,-0.04031751677393913,0.9986820220947266,1,80366,663
1786070202,69447890,1,-263.8664245605469,111.93123626708984,-56.76124954223633,,,,,,,,,,80367,663
1786070202,69447890,,,,,5,-1535.8162841796875,1059.0443115234375,-827.3217163085938,0.026962146162986755,-0.01687675714492798,-0.04044470936059952,0.9986753463745117,1,80367,663
1786070202,77023880,1,-263.6987609863281,111.6815414428711,-56.838340759277344,,,,,,,,,,80368,663
1786070202,77023880,,,,,5,-1535.8216552734375,1059.040771484375,-827.3207397460938,0.02706548199057579,-0.016741009429097176,-0.040611982345581055,0.9986680150032043,1,80368,663
1786070202,85455305,1,-263.3878479003906,112.18717956542969,-56.54418182373047,,,,,,,,,,80369,663
1786070202,85455305,,,,,5,-1535.8314208984375,1059.0419921875,-827.34326171875,0.02721298485994339,-0.016652099788188934,-0.04055004566907883,0.9986680150032043,1,80369,663
1786070202,93233575,1,-263.7233581542969,111.85057830810547,-56.76203536987305,,,,,,,,,,80370,663
1786070202,93233575,,,,,5,-1535.866455078125,1059.0570068359375,-827.3015747070312,0.026751896366477013,-0.017027461901307106,-0.04076763242483139,0.9986653327941895,1,80370,663
1786070202,102169166,1,-263.85198974609375,111.86215209960938,-56.790245056152344,,,,,,,,,,80371,663
1786070202,102169166,,,,,5,-1535.8017578125,1059.0250244140625,-827.3639526367188,0.027402548119425774,-0.016507014632225037,-0.041079647839069366,0.998643696308136,1,80371,663
1786070202,110222243,1,-263.2657165527344,112.3437271118164,-56.447021484375,,,,,,,,,,80372,663
1786070202,110222243,,,,,5,-1535.8258056640625,1059.0531005859375,-827.3355712890625,0.027085157111287117,-0.016761019825935364,-0.04105154052376747,0.9986492991447449,1,80372,663
1786070202,119262943,1,-263.7190856933594,111.83861541748047,-56.79792785644531,,,,,,,,,,80373,663
1786070202,119262943,,,,,5,-1535.7860107421875,1059.0010986328125,-827.3609619140625,0.02777748741209507,-0.016385063529014587,-0.04165353626012802,0.9986114501953125,1,80373,663
1786070202,127018520,1,-263.3402404785156,112.21600341796875,-56.57954025268555,,,,,,,,,,80374,663
1786070202,127018520,,,,,5,-1535.8504638671875,1059.0897216796875,-827.3283081054688,0.027331557124853134,-0.016631269827485085,-0.0419447235763073,0.9986075758934021,1,80374,663
1786070202,135108661,1,-263.7158203125,111.8116683959961,-56.788482666015625,,,,,,,,,,80375,663
1786070202,135108661,,,,,5,-1535.8355712890625,1059.0634765625,-827.34814453125,0.027204420417547226,-0.016759641468524933,-0.041272714734077454,0.9986368417739868,1,80375,663
1786070202,143945384,1,-263.4162902832031,112.19375610351562,-56.5685920715332,,,,,,,,,,80376,663
1786070202,143945384,,,,,5,-1535.818603515625,1059.0343017578125,-827.3394775390625,0.026964398100972176,-0.016854269430041313,-0.040299464017152786,0.9986815452575684,1,80376,663
1786070202,152019778,1,-263.7132568359375,111.81555938720703,-56.818138122558594,,,,,,,,,,80377,663
1786070202,152019778,,,,,5,-1535.799072265625,1059.051025390625,-827.3295288085938,0.026960285380482674,-0.01686798967421055,-0.04055462032556534,0.9986710548400879,1,80377,663
1786070202,159901908,1,-263.4497985839844,112.12645721435547,-56.58237838745117,,,,,,,,,,80378,663
1786070202,159901908,,,,,5,-1535.8084716796875,1059.0364990234375,-827.3414306640625,0.027085058391094208,-0.016796018928289413,-0.040348466485738754,0.9986771941184998,1,80378,663
1786070202,169020256,1,-263.2710266113281,112.31664276123047,-56.48789596557617,,,,,,,,,,80379,663
1786070202,169020256,,,,,5,-1535.8021240234375,1059.0306396484375,-827.3523559570312,0.027358511462807655,-0.016590358689427376,-0.04094517603516579,0.998649001121521,1,80379,663
1786070202,176842343,1,-263.2757568359375,112.40300750732422,-56.39043045043945,,,,,,,,,,80380,663
1786070202,176842343,,,,,5,-1535.8228759765625,1059.07470703125,-827.3222045898438,0.02688475511968136,-0.016966478899121284,-0.04072614014148712,0.9986644983291626,1,80380,663
1786070202,186234378,1,-263.7254943847656,111.97906494140625,-56.807884216308594,,,,,,,,,,80381,663
1786070202,186234378,,,,,5,-1535.7078857421875,1058.9766845703125,-827.3541870117188,0.026954105123877525,-0.017232658341526985,-0.04015383869409561,0.9986812472343445,1,80381,663
1786070202,192832794,1,-263.27435302734375,112.39219665527344,-56.45526123046875,,,,,,,,,,80382,663
1786070202,192832794,,,,,5,-1535.720947265625,1058.98779296875,-827.3980712890625,0.027421701699495316,-0.016908077523112297,-0.04117438942193985,0.9986324906349182,1,80382,663
1786070202,202287369,1,-263.3482971191406,112.25505828857422,-56.567962646484375,,,,,,,,,,80383,663
1786070202,202287369,,,,,5,-1535.836181640625,1059.0908203125,-827.3300170898438,0.027242746204137802,-0.016526788473129272,-0.041632141917943954,0.9986248016357422,1,80383,663
1786070202,210310649,1,-263.69793701171875,111.7801284790039,-56.731956481933594,,,,,,,,,,80384,663
1786070202,210310649,,,,,5,-1535.799072265625,1059.0267333984375,-827.3585205078125,0.02714722976088524,-0.016737904399633408,-0.0408162884414196,0.9986575245857239,1,80384,663
1786070202,218839566,1,-263.299560546875,112.26055908203125,-56.5581169128418,,,,,,,,,,80385,663
1786070202,218839566,,,,,5,-1535.8101806640625,1059.0308837890625,-827.3446655273438,0.027112944051623344,-0.01674896478652954,-0.04076070338487625,0.9986606240272522,1,80385,663
1786070202,226207833,1,-263.25457763671875,112.23965454101562,-56.44123077392578,,,,,,,,,,80386,663
1786070202,226207833,,,,,5,-1535.8154296875,1059.095458984375,-827.3157348632812,0.027659950777888298,-0.016688887029886246,-0.04080863296985626,0.9986446499824524,1,80386,663
1786070202,235875251,1,-263.217529296875,112.2601547241211,-56.4973030090332,,,,,,,,,,80387,663
1786070202,235875251,,,,,5,-1535.866943359375,1059.0452880859375,-827.4096069335938,0.02748985029757023,-0.016005512326955795,-0.0417838953435421,0.9986202120780945,1,80387,663
1786070202,243636686,1,-263.0452575683594,112.41128540039062,-56.36832046508789,,,,,,,,,,80388,663
1786070202,243636686,,,,,5,-1535.8133544921875,1059.0447998046875,-827.3894653320312,0.02759164199233055,-0.016176674515008926,-0.04272957891225815,0.9985745549201965,1,80388,663
1786070202,251715144,1,-263.4115905761719,112.1601791381836,-56.54490280151367,,,,,,,,,,80389,663
1786070202,251715144,,,,,5,-1535.862548828125,1059.0965576171875,-827.37451171875,0.027127424255013466,-0.016515683382749557,-0.0414077527821064,0.9986373782157898,1,80389,663
1786070202,261380130,1,-263.1629943847656,112.27735900878906,-56.40483474731445,,,,,,,,,,80390,663
1786070202,261380130,,,,,5,-1535.803955078125,1059.0499267578125,-827.3679809570312,0.02720397710800171,-0.016629008576273918,-0.04240414872765541,0.9985916018486023,1,80390,663
1786070202,268741068,1,-263.3566589355469,112.18598175048828,-56.5950927734375,,,,,,,,,,80391,663
1786070202,268741068,,,,,5,-1535.7611083984375,1058.9892578125,-827.3566284179688,0.027632253244519234,-0.016228672116994858,-0.042259782552719116,0.9985925555229187,1,80391,663
1786070202,276781342,1,-263.23968505859375,112.25521087646484,-56.50437545776367,,,,,,,,,,80392,663
1786070202,276781342,,,,,5,-1535.853759765625,1059.0528564453125,-827.369140625,0.027114909142255783,-0.016421202570199966,-0.04145873337984085,0.9986372590065002,1,80392,663
1786070202,285553252,1,-263.3840026855469,112.21732330322266,-56.54560089111328,,,,,,,,,,80393,663
1786070202,285553252,,,,,5,-1535.8621826171875,1059.0916748046875,-827.3905639648438,0.027493683621287346,-0.016083482652902603,-0.04263174906373024,0.9985829591751099,1,80393,663
1786070202,293626846,1,-263.31707763671875,112.11135864257812,-56.60320281982422,,,,,,,,,,80394,663
1786070202,293626846,,,,,5,-1535.8671875,1059.044189453125,-827.421875,0.02761835604906082,-0.015857912600040436,-0.04292874038219452,0.9985703825950623,1,80394,663
1786070202,303070891,1,-263.724365234375,111.93209838867188,-56.73236846923828,,,,,,,,,,80395,663
1786070202,303070891,,,,,5,-1535.858642578125,1059.0303955078125,-827.3971557617188,0.027221761643886566,-0.016225669533014297,-0.04168304428458214,0.9986281991004944,1,80395,663
1786070202,310561167,1,-263.2341003417969,112.4607925415039,-56.51594161987305,,,,,,,,,,80396,663
1786070202,310561167,,,,,5,-1535.868408203125,1059.0921630859375,-827.3697509765625,0.027454588562250137,-0.016117405146360397,-0.042337965220212936,0.9985959529876709,1,80396,663
1786070202,318479657,1,-263.49383544921875,112.12066650390625,-56.54780960083008,,,,,,,,,,80397,663
1786070202,318479657,,,,,5,-1535.8699951171875,1059.082275390625,-827.3632202148438,0.02766946516931057,-0.016240067780017853,-0.04285939410328865,0.9985658526420593,1,80397,663
1786070202,327566606,1,-263.3828125,111.9658432006836,-56.61384963989258,,,,,,,,,,80398,663
1786070202,327566606,,,,,5,-1535.837158203125,1059.0135498046875,-827.4124145507812,0.027991395443677902,-0.015872467309236526,-0.04254598543047905,0.9985761046409607,1,80398,663
1786070202,335550198,1,-263.2772216796875,112.35026550292969,-56.42257308959961,,,,,,,,,,80399,663
1786070202,335550198,,,,,5,-1535.8436279296875,1059.0531005859375,-827.4280395507812,0.027309879660606384,-0.01609606295824051,-0.042110614478588104,0.9986099004745483,1,80399,663
1786070202,343516217,1,-263.26397705078125,112.41737365722656,-56.462608337402344,,,,,,,,,,80400,663
1786070202,343516217,,,,,5,-1535.8450927734375,1059.0496826171875,-827.4176025390625,0.027732787653803825,-0.01606893353164196,-0.042545512318611145,0.998580276966095,1,80400,663
1786070202,352666123,1,-263.27392578125,112.23247528076172,-56.504356384277344,,,,,,,,,,80401,663
1786070202,352666123,,,,,5,-1535.829833984375,1059.0418701171875,-827.42041015625,0.02734401635825634,-0.01628078520298004,-0.041496191173791885,0.9986317157745361,1,80401,663
1786070202,360389118,1,-263.3084411621094,112.36197662353516,-56.492088317871094,,,,,,,,,,80402,663
1786070202,360389118,,,,,5,-1535.80859375,1059.021728515625,-827.4556884765625,0.027382999658584595,-0.016207315027713776,-0.04268370568752289,0.9985817074775696,1,80402,663
1786070202,368523428,1,-263.5186462402344,112.13987731933594,-56.506500244140625,,,,,,,,,,80403,663
1786070202,368523428,,,,,5,-1535.844970703125,1059.0560302734375,-827.4049682617188,0.02731367200613022,-0.01605932228267193,-0.041919030249118805,0.998618483543396,1,80403,663
1786070202,377291657,1,-263.9450378417969,111.68565368652344,-56.97108459472656,,,,,,,,,,80404,663
1786070202,377291657,,,,,5,-1535.839599609375,1059.0478515625,-827.3585205078125,0.02717546932399273,-0.01626935414969921,-0.041614361107349396,0.9986315369606018,1,80404,663
1786070202,385380549,1,-264.0079345703125,111.65126037597656,-56.93370056152344,,,,,,,,,,80405,663
1786070202,385380549,,,,,5,-1535.8568115234375,1059.055908203125,-827.3703002929688,0.027127915993332863,-0.016402631998062134,-0.0414455384016037,0.9986377358436584,1,80405,663
1786070202,393292606,1,-263.7448425292969,111.95970916748047,-56.80045700073242,,,,,,,,,,80406,663
1786070202,393292606,,,,,5,-1535.840087890625,1059.0447998046875,-827.3845825195312,0.027617447078227997,-0.016076302155852318,-0.042347244918346405,0.9985917806625366,1,80406,663
1786070202,402578764,1,-263.1519775390625,112.38920593261719,-56.465660095214844,,,,,,,,,,80407,663
1786070202,402578764,,,,,5,-1535.8636474609375,1059.074462890625,-827.3912963867188,0.027318894863128662,-0.016202550381422043,-0.04219244793057442,0.9986045360565186,1,80407,663
1786070202,410308032,1,-263.21051025390625,112.26155090332031,-56.51221466064453,,,,,,,,,,80408,663
1786070202,410308032,,,,,5,-1535.8768310546875,1059.0865478515625,-827.3679809570312,0.027577122673392296,-0.016073409467935562,-0.04234226793050766,0.9985932111740112,1,80408,663
1786070202,418178512,1,-263.1470642089844,112.52859497070312,-56.51346969604492,,,,,,,,,,80409,663
1786070202,418178512,,,,,5,-1535.8450927734375,1059.0574951171875,-827.3693237304688,0.027273114770650864,-0.01622655615210533,-0.04210655763745308,0.9986089468002319,1,80409,663
1786070202,427591095,1,-263.197998046875,112.28170013427734,-56.47638702392578,,,,,,,,,,80410,663
1786070202,427591095,,,,,5,-1535.8299560546875,1059.0052490234375,-827.4216918945312,0.02786536142230034,-0.0158565454185009,-0.042600732296705246,0.9985776543617249,1,80410,663
1786070202,435079034,1,-263.24127197265625,112.32943725585938,-56.472164154052734,,,,,,,,,,80411,663
1786070202,435079034,,,,,5,-1535.8701171875,1059.0582275390625,-827.3770751953125,0.027954448014497757,-0.015853697434067726,-0.04381151124835014,0.9985227584838867,1,80411,663
1786070202,444420723,1,-263.1814880371094,112.3044662475586,-56.50147247314453,,,,,,,,,,80412,663
1786070202,444420723,,,,,5,-1535.880859375,1059.09423828125,-827.3723754882812,0.027026882395148277,-0.016448555514216423,-0.04152907803654671,0.9986362457275391,1,80412,663
1786070202,452175980,1,-263.38372802734375,112.04013061523438,-56.580963134765625,,,,,,,,,,80413,663
1786070202,452175980,,,,,5,-1535.848876953125,1059.0518798828125,-827.39501953125,0.02718975581228733,-0.01625707931816578,-0.041701238602399826,0.9986277222633362,1,80413,663
1786070202,460126957,1,-263.2315673828125,112.25765228271484,-56.417869567871094,,,,,,,,,,80414,663
1786070202,460126957,,,,,5,-1535.833251953125,1059.0076904296875,-827.41162109375,0.028033845126628876,-0.01588321477174759,-0.042575135827064514,0.9985736012458801,1,80414,663
1786070202,469402136,1,-263.1869812011719,112.26215362548828,-56.417091369628906,,,,,,,,,,80415,663
1786070202,469402136,,,,,5,-1535.8353271484375,1059.0400390625,-827.3984375,0.02782571315765381,-0.015918318182229996,-0.042292285710573196,0.998590886592865,1,80415,663
1786070202,477184887,1,-263.2555847167969,112.47903442382812,-56.40354919433594,,,,,,,,,,80416,663
1786070202,477184887,,,,,5,-1535.8551025390625,1058.9990234375,-827.3995971679688,0.027914293110370636,-0.015698125585913658,-0.0424426831305027,0.9985855221748352,1,80416,663
1786070202,485123189,1,-263.779296875,111.86255645751953,-56.76835632324219,,,,,,,,,,80417,663
1786070202,485123189,,,,,5,-1535.8582763671875,1059.0565185546875,-827.3178100585938,0.027183007448911667,-0.016327355057001114,-0.042968425899744034,0.9985731244087219,1,80417,663
1786070202,493950598,1,-263.7409362792969,111.75395202636719,-56.84025192260742,,,,,,,,,,80418,663
1786070202,493950598,,,,,5,-1535.89453125,1059.0711669921875,-827.2815551757812,0.02824101410806179,-0.01575940102338791,-0.042566996067762375,0.9985700845718384,1,80418,663
1786070202,502193378,1,-263.6833190917969,111.82125091552734,-56.83017349243164,,,,,,,,,,80419,663
1786070202,502193378,,,,,5,-1535.881103515625,1059.098876953125,-827.4017944335938,0.027711698785424232,-0.015859348699450493,-0.041388366371393204,0.9986327886581421,1,80419,663
1786070202,510445407,1,-263.19927978515625,112.449951171875,-56.40817642211914,,,,,,,,,,80420,663
1786070202,510445407,,,,,5,-1535.9061279296875,1059.1395263671875,-827.4142456054688,0.027949925512075424,-0.015561616979539394,-0.04227159917354584,0.9985939264297485,1,80420,663
1786070202,519268335,1,-262.810546875,112.80432891845703,-56.65058517456055,,,,,,,,,,80421,663
1786070202,519268335,,,,,5,-1535.857421875,1059.0810546875,-827.4569702148438,0.02839781530201435,-0.015391578897833824,-0.04222521930932999,0.9985858798027039,1,80421,663
1786070202,527204749,1,-263.4430236816406,111.92303466796875,-56.56095504760742,,,,,,,,,,80422,663
1786070202,527204749,,,,,5,-1535.8814697265625,1059.0784912109375,-827.3986206054688,0.028186699375510216,-0.01559299323707819,-0.0424911230802536,0.9985774755477905,1,80422,663
1786070202,536026717,1,-263.4817810058594,112.1368637084961,-56.59674835205078,,,,,,,,,,80423,663
1786070202,536026717,,,,,5,-1535.8372802734375,1059.0743408203125,-827.3775634765625,0.02768046036362648,-0.01612737961113453,-0.04133884236216545,0.998631477355957,1,80423,663
1786070202,543866311,1,-263.4252624511719,112.23210906982422,-56.58122634887695,,,,,,,,,,80424,663
1786070202,543866311,,,,,5,-1535.8695068359375,1059.1053466796875,-827.4777221679688,0.028588557615876198,-0.015260967426002026,-0.04229119047522545,0.9985796213150024,1,80424,663
1786070202,551834059,1,-264.141845703125,111.40696716308594,-57.01694107055664,,,,,,,,,,80425,663
1786070202,551834059,,,,,5,-1535.8719482421875,1059.08544921875,-827.3107299804688,0.027954628691077232,-0.016179628670215607,-0.04195880517363548,0.9985971450805664,1,80425,663
1786070202,560812059,1,-263.3697204589844,112.15982818603516,-56.503456115722656,,,,,,,,,,80426,663
1786070202,560812059,,,,,5,-1535.8648681640625,1059.1136474609375,-827.3655395507812,0.027669209986925125,-0.01622937060892582,-0.04156895726919174,0.9986205697059631,1,80426,663
1786070202,568849357,1,-263.19329833984375,112.34623718261719,-56.37803268432617,,,,,,,,,,80427,663
1786070202,568849357,,,,,5,-1535.8182373046875,1059.055908203125,-827.3816528320312,0.028149200603365898,-0.015869686380028725,-0.04153040051460266,0.998614490032196,1,80427,663
1786070202,576725758,1,-263.3164367675781,112.26825714111328,-56.4853630065918,,,,,,,,,,80428,663
1786070202,576725758,,,,,5,-1535.8720703125,1059.10498046875,-827.3798217773438,0.027586432173848152,-0.01641232520341873,-0.0413314588367939,0.998629629611969,1,80428,663
1786070202,585922298,1,-263.64044189453125,112.14305114746094,-56.718223571777344,,,,,,,,,,80429,663
1786070202,585922298,,,,,5,-1535.831787109375,1059.0802001953125,-827.3486328125,0.02793441154062748,-0.01609986461699009,-0.04189184680581093,0.9986017942428589,1,80429,663
1786070202,594202077,1,-263.3061218261719,112.2276382446289,-56.44956970214844,,,,,,,,,,80430,663
1786070202,594202077,,,,,5,-1535.8724365234375,1059.1319580078125,-827.3603515625,0.027745703235268593,-0.015911757946014404,-0.04113892465829849,0.9986414313316345,1,80430,663
1786070202,601674493,1,-263.50640869140625,112.01541900634766,-56.5059700012207,,,,,,,,,,80431,663
1786070202,601674493,,,,,5,-1535.8377685546875,1059.0654296875,-827.35791015625,0.027645280584692955,-0.01638125628232956,-0.04112375155091286,0.9986371994018555,1,80431,663
1786070202,611111369,1,-263.2753601074219,112.27998352050781,-56.49286651611328,,,,,,,,,,80432,663
1786070202,611111369,,,,,5,-1535.8626708984375,1059.07470703125,-827.3488159179688,0.027689196169376373,-0.016465825960040092,-0.04114937409758568,0.9986335635185242,1,80432,663
1786070202,618779825,1,-263.49560546875,112.1168441772461,-56.60049819946289,,,,,,,,,,80433,663
1786070202,618779825,,,,,5,-1535.85595703125,1059.0955810546875,-827.3849487304688,0.02825714461505413,-0.01594693399965763,-0.0421302393078804,0.9985851645469666,1,80433,663
1786070202,626611257,1,-263.7752685546875,111.76335906982422,-56.808250427246094,,,,,,,,,,80434,663
1786070202,626611257,,,,,5,-1535.7674560546875,1059.0694580078125,-827.4132080078125,0.02780657447874546,-0.01652567647397518,-0.04222795367240906,0.9985842108726501,1,80434,663
1786070202,635776558,1,-263.2436828613281,112.30976104736328,-56.413333892822266,,,,,,,,,,80435,663
1786070202,635776558,,,,,5,-1535.8109130859375,1059.078125,-827.37451171875,0.027778472751379013,-0.01605355367064476,-0.04167608544230461,0.9986159801483154,1,80435,663
1786070202,643536905,1,-263.83001708984375,111.67591094970703,-56.792110443115234,,,,,,,,,,80436,663
1786070202,643536905,,,,,5,-1535.8162841796875,1059.0859375,-827.3234252929688,0.027809059247374535,-0.016063794493675232,-0.04172046110033989,0.9986129999160767,1,80436,663
1786070202,652766923,1,-263.2696533203125,112.26429748535156,-56.50346755981445,,,,,,,,,,80437,663
1786070202,652766923,,,,,5,-1535.7904052734375,1059.0478515625,-827.2986450195312,0.027827348560094833,-0.016248174011707306,-0.041471488773822784,0.9986198544502258,1,80437,663
1786070202,660487901,1,-263.5428161621094,111.77597045898438,-56.73263168334961,,,,,,,,,,80438,663
1786070202,660487901,,,,,5,-1535.7906494140625,1059.0169677734375,-827.3790893554688,0.028249969705939293,-0.015792710706591606,-0.04208960011601448,0.9985895156860352,1,80438,663
1786070202,668426363,1,-263.7219543457031,111.73861694335938,-56.82220458984375,,,,,,,,,,80439,663
1786070202,668426363,,,,,5,-1535.8109130859375,1059.058837890625,-827.3201293945312,0.02791779860854149,-0.01620796136558056,-0.04210725054144859,0.998591423034668,1,80439,663
1786070202,678250965,1,-263.2677917480469,112.26852416992188,-56.42662811279297,,,,,,,,,,80440,663
1786070202,678250965,,,,,5,-1535.80712890625,1059.0770263671875,-827.3568725585938,0.02785654366016388,-0.01620345376431942,-0.04199667274951935,0.9985979199409485,1,80440,663
1786070202,685540401,1,-263.2951354980469,112.33500671386719,-56.52714920043945,,,,,,,,,,80441,663
1786070202,685540401,,,,,5,-1535.8182373046875,1059.071533203125,-827.3806762695312,0.027769288048148155,-0.016041966155171394,-0.04191499948501587,0.9986063241958618,1,80441,663
1786070202,693398207,1,-263.714599609375,111.94070434570312,-56.85831832885742,,,,,,,,,,80442,663
1786070202,693398207,,,,,5,-1535.8564453125,1059.1083984375,-827.3658447265625,0.027594516053795815,-0.01629004441201687,-0.04163562133908272,0.9986189007759094,1,80442,663
1786070202,702764220,1,-263.4188537597656,112.22762298583984,-56.58641052246094,,,,,,,,,,80443,663
1786070202,702764220,,,,,5,-1535.802001953125,1059.07421875,-827.3246459960938,0.02773061767220497,-0.01673944666981697,-0.042132750153541565,0.998586893081665,1,80443,663
1786070202,713065750,1,-263.3611755371094,112.19489288330078,-56.47628402709961,,,,,,,,,,80444,663
1786070202,713065750,,,,,5,-1535.8212890625,1059.0758056640625,-827.3977661132812,0.02784101665019989,-0.016089297831058502,-0.04149198159575462,0.99862140417099,1,80444,663
1786070202,718325753,1,-263.4506530761719,112.12638092041016,-56.63813400268555,,,,,,,,,,80445,663
1786070202,718325753,,,,,5,-1535.84521484375,1059.091064453125,-827.3624267578125,0.028065016493201256,-0.01588341034948826,-0.04276656731963158,0.9985644817352295,1,80445,663
1786070202,727294151,1,-263.7875061035156,111.79339599609375,-56.78227996826172,,,,,,,,,,80446,663
1786070202,727294151,,,,,5,-1535.8070068359375,1059.0218505859375,-827.357421875,0.02817944623529911,-0.015959015116095543,-0.04205833002924919,0.9985901713371277,1,80446,663
1786070202,735430829,1,-263.0776062011719,112.4295425415039,-56.838531494140625,,,,,,,,,,80447,663
1786070202,735430829,,,,,5,-1535.7913818359375,1059.02734375,-827.3482666015625,0.028132684528827667,-0.016050701960921288,-0.04170779883861542,0.9986047744750977,1,80447,663
1786070202,743352487,1,-263.36016845703125,112.3421401977539,-56.466156005859375,,,,,,,,,,80448,663
1786070202,743352487,,,,,5,-1535.7744140625,1059.0335693359375,-827.3756103515625,0.028188640251755714,-0.01616501435637474,-0.04212075471878052,0.9985839128494263,1,80448,663
1786070202,752595756,1,-263.3968505859375,112.37693786621094,-56.48111343383789,,,,,,,,,,80449,663
1786070202,752595756,,,,,5,-1535.8388671875,1059.0845947265625,-827.3497314453125,0.027705486863851547,-0.016458092257380486,-0.04199724644422531,0.9985979199409485,1,80449,663
1786070202,760314462,1,-263.80755615234375,111.76638793945312,-56.82145690917969,,,,,,,,,,80450,663
1786070202,760314462,,,,,5,-1535.8526611328125,1059.0635986328125,-827.3082885742188,0.028013858944177628,-0.016214927658438683,-0.04245918616652489,0.9985736608505249,1,80450,663
1786070202,768328491,1,-263.3390197753906,112.34733581542969,-56.481361389160156,,,,,,,,,,80451,663
1786070202,768328491,,,,,5,-1535.8399658203125,1059.0484619140625,-827.455078125,0.02811499498784542,-0.01646931655704975,-0.042023029178380966,0.9985851049423218,1,80451,663
1786070202,777211688,1,-263.32330322265625,112.2685546875,-57.09020233154297,,,,,,,,,,80452,663
1786070202,777211688,,,,,5,-1535.8035888671875,1059.00439453125,-827.4534301757812,0.027718063443899155,-0.017108982428908348,-0.0416666679084301,0.9986005425453186,1,80452,663
1786070202,785217011,1,-263.5324401855469,111.97845458984375,-56.5433464050293,,,,,,,,,,80453,663
1786070202,785217011,,,,,5,-1535.806640625,1059.0146484375,-827.4494018554688,0.028392497450113297,-0.01639469899237156,-0.0426933690905571,0.9985501170158386,1,80453,663
1786070202,794293431,1,-263.3786926269531,112.17910766601562,-56.4186897277832,,,,,,,,,,80454,663
1786070202,794293431,,,,,5,-1535.8563232421875,1059.02197265625,-827.4636840820312,0.02876526117324829,-0.016140393912792206,-0.043289244174957275,0.9985179901123047,1,80454,663
1786070202,802154885,1,-263.8060607910156,111.89360809326172,-56.76467514038086,,,,,,,,,,80455,663
1786070202,802154885,,,,,5,-1535.8426513671875,1059.0557861328125,-827.4708862304688,0.028749998658895493,-0.01610983908176422,-0.043155644088983536,0.9985246658325195,1,80455,663
1786070202,810415012,1,-263.28411865234375,112.29395294189453,-56.5101203918457,,,,,,,,,,80456,663
1786070202,810415012,,,,,5,-1535.836669921875,1059.0323486328125,-827.43115234375,0.027981840074062347,-0.01649344526231289,-0.04251459240913391,0.9985677599906921,1,80456,663
1786070202,819321605,1,-263.2662048339844,112.28086853027344,-56.47231674194336,,,,,,,,,,80457,663
1786070202,819321605,,,,,5,-1535.84765625,1059.0517578125,-827.4254760742188,0.028210235759615898,-0.016451697796583176,-0.04316187649965286,0.9985341429710388,1,80457,663
1786070202,827041143,1,-263.7954406738281,111.66230010986328,-56.81069564819336,,,,,,,,,,80458,663
1786070202,827041143,,,,,5,-1535.8416748046875,1059.0338134765625,-827.46923828125,0.028671253472566605,-0.016201870515942574,-0.04321650043129921,0.9985228180885315,1,80458,663
1786070202,835358722,1,-263.4119873046875,112.13591003417969,-56.58600997924805,,,,,,,,,,80459,663
1786070202,835358722,,,,,5,-1535.875244140625,1059.0506591796875,-827.4267578125,0.028476949781179428,-0.016233498230576515,-0.043002545833587646,0.9985371232032776,1,80459,663
1786070202,843959717,1,-263.7474060058594,111.71043395996094,-56.80043411254883,,,,,,,,,,80460,663
1786070202,843959717,,,,,5,-1535.8157958984375,1058.9974365234375,-827.4639892578125,0.028417835012078285,-0.016402101144194603,-0.04291936382651329,0.9985396862030029,1,80460,663
1786070202,852126834,1,-263.37359619140625,112.17218017578125,-56.42213821411133,,,,,,,,,,80461,663
1786070202,852126834,,,,,5,-1535.8294677734375,1059.030517578125,-827.4312744140625,0.0280983317643404,-0.016616102308034897,-0.042537491768598557,0.9985615015029907,1,80461,663
1786070202,860001059,1,-263.5144958496094,112.10841369628906,-56.56698989868164,,,,,,,,,,80462,663
1786070202,860001059,,,,,5,-1535.868896484375,1059.0272216796875,-827.4757080078125,0.0286541860550642,-0.01609737239778042,-0.04270453751087189,0.9985470175743103,1,80462,663
1786070202,869143443,1,-263.8182067871094,111.92516326904297,-56.79597091674805,,,,,,,,,,80463,663
1786070202,869143443,,,,,5,-1535.8726806640625,1059.0587158203125,-827.4400634765625,0.028150321915745735,-0.016526611521840096,-0.043650027364492416,0.9985133409500122,1,80463,663
1786070202,876928915,1,-263.2494201660156,112.38338470458984,-56.50838851928711,,,,,,,,,,80464,663
1786070202,876928915,,,,,5,-1535.8282470703125,1059.024658203125,-827.4266967773438,0.02794136106967926,-0.016682809218764305,-0.04281865432858467,0.9985526204109192,1,80464,663
1786070202,886401510,1,-263.1631164550781,112.23857116699219,-56.49608612060547,,,,,,,,,,80465,663
1786070202,886401510,,,,,5,-1535.834228515625,1059.0164794921875,-827.4083862304688,0.027911286801099777,-0.01647847145795822,-0.04273274168372154,0.9985606074333191,1,80465,663
1786070202,893824220,1,-263.4028625488281,111.90440368652344,-56.85166549682617,,,,,,,,,,80466,663
1786070202,893824220,,,,,5,-1535.8157958984375,1058.954345703125,-827.4226684570312,0.028359945863485336,-0.016505343839526176,-0.042949777096509933,0.9985381960868835,1,80466,663
1786070202,901866255,1,-261.2459716796875,113.61431121826172,-56.12016677856445,,,,,,,,,,80467,663
1786070202,901866255,,,,,5,-1535.8780517578125,1059.0433349609375,-827.4164428710938,0.027851581573486328,-0.01673722080886364,-0.04292908310890198,0.9985495209693909,1,80467,663
1786070202,910838589,1,-258.1109313964844,115.29193878173828,-55.72357940673828,,,,,,,,,,80468,663
1786070202,910838589,,,,,5,-1535.8548583984375,1059.030029296875,-827.4306030273438,0.027965739369392395,-0.016349174082279205,-0.04262872785329819,0.9985656142234802,1,80468,663
1786070202,918791070,1,-252.20704650878906,119.08036804199219,-53.75111770629883,,,,,,,,,,80469,663
1786070202,918791070,,,,,5,-1535.8558349609375,1059.0538330078125,-827.4185791015625,0.028077296912670135,-0.01655738614499569,-0.043164681643247604,0.9985361099243164,1,80469,663
1786070202,927019959,1,-262.41302490234375,112.49544525146484,-56.861846923828125,,,,,,,,,,80470,663
1786070202,927019959,,,,,5,-1535.8477783203125,1059.0152587890625,-827.4366455078125,0.027943545952439308,-0.01664087176322937,-0.04269413277506828,0.9985588192939758,1,80470,663
1786070202,935894770,1,-261.71893310546875,112.92556762695312,-56.41545867919922,,,,,,,,,,80471,663
1786070202,935894770,,,,,5,-1535.8323974609375,1059.0074462890625,-827.39453125,0.027893992140889168,-0.016779383644461632,-0.04240230470895767,0.9985701441764832,1,80471,663
1786070202,944105799,1,-262.46490478515625,111.99226379394531,-56.67368698120117,,,,,,,,,,80472,663
1786070202,944105799,,,,,5,-1535.8402099609375,1059.05078125,-827.3704223632812,0.027891019359230995,-0.016890788450837135,-0.04278726875782013,0.9985519647598267,1,80472,663
1786070202,951843292,1,-262.728759765625,112.2330551147461,-56.687652587890625,,,,,,,,,,80473,663
1786070202,951843292,,,,,5,-1535.8505859375,1058.9925537109375,-827.43994140625,0.028392378240823746,-0.016287701204419136,-0.0431198813021183,0.9985336065292358,1,80473,663
1786070202,961082656,1,-262.5785827636719,112.2397232055664,-56.67707824707031,,,,,,,,,,80474,663
1786070202,961082656,,,,,5,-1535.8544921875,1058.996337890625,-827.44970703125,0.028368819504976273,-0.016332382336258888,-0.043141379952430725,0.9985325336456299,1,80474,663
1786070202,968982679,1,-262.04510498046875,112.69829559326172,-56.474483489990234,,,,,,,,,,80475,663
1786070202,968982679,,,,,5,-1535.8502197265625,1059.0853271484375,-827.3311767578125,0.027847878634929657,-0.01624762825667858,-0.04301592707633972,0.9985540509223938,1,80475,663
1786070202,976958844,1,-261.8306884765625,112.4084701538086,-56.55308151245117,,,,,,,,,,80476,663
1786070202,976958844,,,,,5,-1535.78515625,1059.0223388671875,-827.3515625,0.027931414544582367,-0.016273854300379753,-0.04175308346748352,0.9986048936843872,1,80476,663
1786070202,985592775,1,-261.3235168457031,113.37374114990234,-56.316680908203125,,,,,,,,,,80477,663
1786070202,985592775,,,,,5,-1535.843505859375,1059.0626220703125,-827.322265625,0.027374550700187683,-0.016428150236606598,-0.04197988659143448,0.9986081719398499,1,80477,663
1786070202,994218895,1,-262.5250549316406,112.10197448730469,-56.78550720214844,,,,,,,,,,80478,663
1786070202,994218895,,,,,5,-1535.8084716796875,1059.07421875,-827.3638916015625,0.027829069644212723,-0.01622396893799305,-0.04200564697384834,0.9985978603363037,1,80478,663
1786070203,2718686,1,-262.3065490722656,112.26042938232422,-56.61370086669922,,,,,,,,,,80479,664
1786070203,2718686,,,,,5,-1535.8438720703125,1059.0572509765625,-827.3005981445312,0.02788618579506874,-0.01613287441432476,-0.042017754167318344,0.9985973238945007,1,80479,664
1786070203,10678178,1,-261.5197448730469,112.95665740966797,-56.406341552734375,,,,,,,,,,80480,664
1786070203,10678178,,,,,5,-1535.7728271484375,1059.00341796875,-827.32373046875,0.02779346890747547,-0.016244731843471527,-0.041615087538957596,0.9986149668693542,1,80480,664
1786070203,18566871,1,-262.6019287109375,112.04566192626953,-56.67991638183594,,,,,,,,,,80481,664
1786070203,18566871,,,,,5,-1535.8570556640625,1059.061279296875,-827.3351440429688,0.027334608137607574,-0.01645863614976406,-0.0415082685649395,0.9986286759376526,1,80481,664
1786070203,27513282,1,-261.6136169433594,112.981689453125,-56.42148208618164,,,,,,,,,,80482,664
1786070203,27513282,,,,,5,-1535.7874755859375,1059.0098876953125,-827.3482666015625,0.027958009392023087,-0.016133902594447136,-0.04201987758278847,0.998595118522644,1,80482,664
1786070203,35751805,1,-261.5284118652344,112.86404418945312,-56.4183235168457,,,,,,,,,,80483,664
1786070203,35751805,,,,,5,-1535.7998046875,1059.031982421875,-827.3510131835938,0.02798961102962494,-0.016070649027824402,-0.04201769083738327,0.9985954165458679,1,80483,664
1786070203,43458350,1,-261.48651123046875,113.01022338867188,-56.327117919921875,,,,,,,,,,80484,664
1786070203,43458350,,,,,5,-1535.7943115234375,1059.042724609375,-827.3238525390625,0.027630247175693512,-0.01636582240462303,-0.041491735726594925,0.9986225962638855,1,80484,664
1786070203,52753023,1,-261.5492858886719,112.87617492675781,-56.383766174316406,,,,,,,,,,80485,664
1786070203,52753023,,,,,5,-1535.7957763671875,1059.010009765625,-827.3405151367188,0.027956850826740265,-0.016160188242793083,-0.0416104830801487,0.9986119866371155,1,80485,664
1786070203,60625009,1,-262.3385925292969,112.25513458251953,-56.743743896484375,,,,,,,,,,80486,664
1786070203,60625009,,,,,5,-1535.88916015625,1059.106201171875,-827.3239135742188,0.028071491047739983,-0.016211478039622307,-0.04338474199175835,0.9985324144363403,1,80486,664
1786070203,68377163,1,-262.0640563964844,112.46366882324219,-56.57648468017578,,,,,,,,,,80487,664
1786070203,68377163,,,,,5,-1535.8096923828125,1059.0433349609375,-827.34619140625,0.028214922174811363,-0.016119031235575676,-0.04268866032361984,0.9985598921775818,1,80487,664
1786070203,77370239,1,-261.9776611328125,112.60567474365234,-56.61619186401367,,,,,,,,,,80488,664
1786070203,77370239,,,,,5,-1535.757080078125,1059.0101318359375,-827.3772583007812,0.027843009680509567,-0.016464410349726677,-0.042407624423503876,0.9985767006874084,1,80488,664
1786070203,85649283,1,-262.29266357421875,112.2829360961914,-56.7752799987793,,,,,,,,,,80489,664
1786070203,85649283,,,,,5,-1535.800537109375,1059.0316162109375,-827.3690795898438,0.02789977192878723,-0.016132259741425514,-0.042420078068971634,0.9985799193382263,1,80489,664
1786070203,93412671,1,-261.322509765625,113.15064239501953,-56.22798538208008,,,,,,,,,,80490,664
1786070203,93412671,,,,,5,-1535.8387451171875,1059.034912109375,-827.3419189453125,0.028222249820828438,-0.01593703404068947,-0.04314319044351578,0.9985430240631104,1,80490,664
1786070203,102477378,1,-262.7828063964844,111.9043960571289,-56.770301818847656,,,,,,,,,,80491,664
1786070203,102477378,,,,,5,-1535.8421630859375,1059.0623779296875,-827.32177734375,0.02707134746015072,-0.016512256115674973,-0.040576107800006866,0.9986732006072998,1,80491,664
1786070203,110580450,1,-261.6153564453125,112.96347045898438,-56.4773063659668,,,,,,,,,,80492,664
1786070203,110580450,,,,,5,-1535.8006591796875,1059.0294189453125,-827.3321533203125,0.027490971609950066,-0.016408633440732956,-0.041839733719825745,0.9986112713813782,1,80492,664
1786070203,118435025,1,-262.7530517578125,111.86540222167969,-56.824459075927734,,,,,,,,,,80493,664
1786070203,118435025,,,,,5,-1535.8177490234375,1059.0416259765625,-827.328125,0.02819056250154972,-0.01600589044392109,-0.04208865761756897,0.9985877871513367,1,80493,664
1786070203,127273926,1,-261.3690185546875,113.29396057128906,-56.31943130493164,,,,,,,,,,80494,664
1786070203,127273926,,,,,5,-1535.8319091796875,1059.048095703125,-827.3316650390625,0.027752332389354706,-0.015978921204805374,-0.042216863483190536,0.9985950589179993,1,80494,664
1786070203,135424912,1,-262.0120849609375,112.57534790039062,-56.592472076416016,,,,,,,,,,80495,664
1786070203,135424912,,,,,5,-1535.7950439453125,1059.0264892578125,-827.3623046875,0.027900269255042076,-0.01620498299598694,-0.04222786799073219,0.998586893081665,1,80495,664
1786070203,143416890,1,-261.884033203125,112.73333740234375,-56.50802230834961,,,,,,,,,,80496,664
1786070203,143416890,,,,,5,-1535.800048828125,1059.0211181640625,-827.3650512695312,0.027834219858050346,-0.01605955697596073,-0.041717153042554855,0.9986125230789185,1,80496,664
1786070203,152591955,1,-262.11932373046875,112.60859680175781,-56.5849609375,,,,,,,,,,80497,664
1786070203,152591955,,,,,5,-1535.7939453125,1059.0435791015625,-827.3414916992188,0.02812138944864273,-0.016117211431264877,-0.042752791196107864,0.9985597729682922,1,80497,664
1786070203,160170346,1,-261.61077880859375,112.97554016113281,-56.460731506347656,,,,,,,,,,80498,664
1786070203,160170346,,,,,5,-1535.8076171875,1059.0360107421875,-827.3571166992188,0.027958575636148453,-0.015971707180142403,-0.04250889644026756,0.9985771179199219,1,80498,664
1786070203,169266835,1,-262.5189208984375,112.02204895019531,-56.78549575805664,,,,,,,,,,80499,664
1786070203,169266835,,,,,5,-1535.785888671875,1059.019775390625,-827.3639526367188,0.0280892513692379,-0.016046544536948204,-0.042118318378925323,0.9985888600349426,1,80499,664
1786070203,177126370,1,-262.5174865722656,112.00868225097656,-56.72690963745117,,,,,,,,,,80500,664
1786070203,177126370,,,,,5,-1535.8641357421875,1059.091552734375,-827.3576049804688,0.02773166634142399,-0.01622004620730877,-0.042624086141586304,0.9985744953155518,1,80500,664
1786070203,185282126,1,-262.6980285644531,112.16714477539062,-56.68803787231445,,,,,,,,,,80501,664
1786070203,185282126,,,,,5,-1535.8018798828125,1059.0272216796875,-827.2786254882812,0.027333352714776993,-0.016762781888246536,-0.041154514998197556,0.9986380934715271,1,80501,664
1786070203,194073273,1,-262.5157775878906,112.0474624633789,-56.82511901855469,,,,,,,,,,80502,664
1786070203,194073273,,,,,5,-1535.8421630859375,1059.076171875,-827.3261108398438,0.02731693722307682,-0.016511153429746628,-0.0416102260351181,0.9986239075660706,1,80502,664
1786070203,202433453,1,-262.0692138671875,112.52730560302734,-56.59149932861328,,,,,,,,,,80503,664
1786070203,202433453,,,,,5,-1535.8436279296875,1059.043701171875,-827.3556518554688,0.028172187507152557,-0.01570914126932621,-0.04265814647078514,0.9985688924789429,1,80503,664
1786070203,210329668,1,-262.3727111816406,112.10847473144531,-56.72576141357422,,,,,,,,,,80504,664
1786070203,210329668,,,,,5,-1535.8294677734375,1059.067626953125,-827.3378295898438,0.027189264073967934,-0.01647235080599785,-0.04167361930012703,0.9986253976821899,1,80504,664
1786070203,219089769,1,-262.060791015625,112.63520812988281,-56.59718322753906,,,,,,,,,,80505,664
1786070203,219089769,,,,,5,-1535.8026123046875,1059.0123291015625,-827.3408203125,0.02779345028102398,-0.01603109948337078,-0.04173118248581886,0.9986135363578796,1,80505,664
1786070203,226963132,1,-261.60528564453125,113.01077270507812,-56.37293243408203,,,,,,,,,,80506,664
1786070203,226963132,,,,,5,-1535.8277587890625,1059.0706787109375,-827.3380126953125,0.02783145383000374,-0.016116362065076828,-0.04250731319189072,0.9985783696174622,1,80506,664
1786070203,236202529,1,-261.9743347167969,112.55096435546875,-56.555572509765625,,,,,,,,,,80507,664
1786070203,236202529,,,,,5,-1535.7786865234375,1059.0218505859375,-827.34716796875,0.02774069271981716,-0.01611015945672989,-0.04220595583319664,0.9985936880111694,1,80507,664
1786070203,243988194,1,-262.20257568359375,112.45741271972656,-56.54022979736328,,,,,,,,,,80508,664
1786070203,243988194,,,,,5,-1535.7801513671875,1059.0130615234375,-827.3151245117188,0.02730301208794117,-0.016360066831111908,-0.040784116834402084,0.9986608624458313,1,80508,664
1786070203,252154575,1,-262.0756530761719,112.55071258544922,-56.531578063964844,,,,,,,,,,80509,664
1786070203,252154575,,,,,5,-1535.8199462890625,1058.9964599609375,-827.3314819335938,0.02781081013381481,-0.016305936500430107,-0.041723355650901794,0.9986089468002319,1,80509,664
1786070203,260146586,1,-261.6372375488281,112.90593719482422,-56.412315368652344,,,,,,,,,,80510,664
1786070203,260146586,,,,,5,-1535.7867431640625,1059.0416259765625,-827.3407592773438,0.027444301173090935,-0.016436757519841194,-0.04152589663863182,0.9986252188682556,1,80510,664
1786070203,269258629,1,-261.6510009765625,113.01634979248047,-56.41343688964844,,,,,,,,,,80511,664
1786070203,269258629,,,,,5,-1535.8074951171875,1059.0379638671875,-827.3173828125,0.02772357128560543,-0.01634291000664234,-0.04209718108177185,0.998595118522644,1,80511,664
1786070203,276967511,1,-262.248779296875,112.42662048339844,-56.51156997680664,,,,,,,,,,80512,664
1786070203,276967511,,,,,5,-1535.7864990234375,1058.991455078125,-827.3391723632812,0.027835629880428314,-0.016041096299886703,-0.04145136848092079,0.9986239075660706,1,80512,664
1786070203,285839506,1,-261.6822814941406,113.08727264404297,-56.3640251159668,,,,,,,,,,80513,664
1786070203,285839506,,,,,5,-1535.836669921875,1059.0697021484375,-827.3158569335938,0.027730444446206093,-0.016304822638630867,-0.04207674413919449,0.9985963702201843,1,80513,664
1786070203,293272364,1,-262.01959228515625,112.36860656738281,-56.64769744873047,,,,,,,,,,80514,664
1786070203,293272364,,,,,5,-1535.841552734375,1059.0478515625,-827.3214721679688,0.028018120676279068,-0.016079382970929146,-0.042780399322509766,0.9985620379447937,1,80514,664
1786070203,301993929,1,-261.8309020996094,112.78890228271484,-56.37284469604492,,,,,,,,,,80515,664
1786070203,301993929,,,,,5,-1535.8309326171875,1059.0643310546875,-827.333984375,0.027190115302801132,-0.016519468277692795,-0.042176004499197006,0.9986035823822021,1,80515,664
1786070203,310712870,1,-262.0708923339844,112.59356689453125,-56.56312942504883,,,,,,,,,,80516,664
1786070203,310712870,,,,,5,-1535.8651123046875,1059.0477294921875,-827.2626953125,0.027245519682765007,-0.016358455643057823,-0.04250907897949219,0.9985906481742859,1,80516,664
1786070203,318874386,1,-261.4730529785156,112.87967681884766,-56.46868133544922,,,,,,,,,,80517,664
1786070203,318874386,,,,,5,-1535.7982177734375,1058.9891357421875,-827.3385620117188,0.02741689234972,-0.016496511176228523,-0.042485311627388,0.9985846281051636,1,80517,664
1786070203,327100780,1,-261.7019348144531,112.78568267822266,-56.49911117553711,,,,,,,,,,80518,664
1786070203,327100780,,,,,5,-1535.833251953125,1058.934814453125,-827.2450561523438,0.02798481285572052,-0.015925588086247444,-0.04346173256635666,0.9985360503196716,1,80518,664
1786070203,335742009,1,-259.4156188964844,113.6115493774414,-55.90620803833008,,,,,,,,,,80519,664
1786070203,335742009,,,,,5,-1535.8409423828125,1059.0107421875,-827.2426147460938,0.02740863338112831,-0.01616957224905491,-0.04245414584875107,0.9985914826393127,1,80519,664
1786070203,343641744,1,-253.84701538085938,116.54228973388672,-54.218502044677734,,,,,,,,,,80520,664
1786070203,343641744,,,,,5,-1535.8529052734375,1058.9918212890625,-827.2503051757812,0.02747948467731476,-0.016085796058177948,-0.04279216751456261,0.9985764622688293,1,80520,664
1786070203,352829804,1,-262.4115295410156,112.10570526123047,-56.80902862548828,,,,,,,,,,80521,664
1786070203,352829804,,,,,5,-1535.8411865234375,1058.9913330078125,-827.2691650390625,0.02747506834566593,-0.016218705102801323,-0.04204194247722626,0.9986063241958618,1,80521,664
1786070203,360594824,1,-262.7917785644531,111.8355484008789,-56.811031341552734,,,,,,,,,,80522,664
1786070203,360594824,,,,,5,-1535.843994140625,1058.9676513671875,-827.2734375,0.027980327606201172,-0.01591438055038452,-0.043366022408008575,0.998540461063385,1,80522,664
1786070203,369162663,1,-262.5093994140625,112.24179077148438,-56.76476287841797,,,,,,,,,,80523,664
1786070203,369162663,,,,,5,-1535.8564453125,1059.0108642578125,-827.2677001953125,0.027583222836256027,-0.016157163307070732,-0.04286440461874008,0.9985693097114563,1,80523,664
1786070203,376923458,1,-262.4501953125,112.19469451904297,-56.68600845336914,,,,,,,,,,80524,664
1786070203,376923458,,,,,5,-1535.859375,1058.99609375,-827.2650756835938,0.027406465262174606,-0.016133010387420654,-0.04241722822189331,0.9985937476158142,1,80524,664
1786070203,385857546,1,-262.62420654296875,111.99976348876953,-56.799163818359375,,,,,,,,,,80525,664
1786070203,385857546,,,,,5,-1535.851318359375,1058.9949951171875,-827.23779296875,0.02753656543791294,-0.016208982095122337,-0.04262423887848854,0.9985801577568054,1,80525,664
1786070203,393505807,1,-262.71002197265625,112.08552551269531,-56.793575286865234,,,,,,,,,,80526,664
1786070203,393505807,,,,,5,-1535.8427734375,1058.9798583984375,-827.28271484375,0.02779950201511383,-0.01571243442595005,-0.042880672961473465,0.9985697269439697,1,80526,664
1786070203,402651426,1,-262.54351806640625,112.24921417236328,-56.728912353515625,,,,,,,,,,80527,664
1786070203,402651426,,,,,5,-1535.85546875,1058.9803466796875,-827.330078125,0.02784445323050022,-0.01591181755065918,-0.04258051887154579,0.9985781311988831,1,80527,664
1786070203,410498031,1,-262.62237548828125,112.29938507080078,-56.679893493652344,,,,,,,,,,80528,664
1786070203,410498031,,,,,5,-1535.875244140625,1058.9976806640625,-827.24169921875,0.027434969320893288,-0.016020502895116806,-0.04301944002509117,0.9985690116882324,1,80528,664
1786070203,418555526,1,-262.40673828125,112.20106506347656,-56.72429656982422,,,,,,,,,,80529,664
1786070203,418555526,,,,,5,-1535.8636474609375,1059.0572509765625,-827.24462890625,0.027226608246564865,-0.01628999225795269,-0.04231879860162735,0.9986002445220947,1,80529,664
1786070203,427467658,1,-262.20086669921875,112.15201568603516,-56.70737838745117,,,,,,,,,,80530,664
1786070203,427467658,,,,,5,-1535.873779296875,1058.9676513671875,-827.2261962890625,0.027465639635920525,-0.01632065139710903,-0.042445845901966095,0.9985877275466919,1,80530,664
1786070203,435891979,1,-262.6165466308594,112.04154205322266,-56.77870559692383,,,,,,,,,,80531,664
1786070203,435891979,,,,,5,-1535.8592529296875,1059.0106201171875,-827.2660522460938,0.027424709871411324,-0.01615109294652939,-0.04257878661155701,0.998586118221283,1,80531,664
1786070203,443446174,1,-269.1812438964844,107.90200805664062,-58.61656951904297,,,,,,,,,,80532,664
1786070203,443446174,,,,,5,-1535.8802490234375,1059.076171875,-827.2409057617188,0.0266514141112566,-0.016559148207306862,-0.041434936225414276,0.998648464679718,1,80532,664
1786070203,452525123,1,-268.0530090332031,108.5870590209961,-58.382999420166016,,,,,,,,,,80533,664
1786070203,452525123,,,,,5,-1535.85546875,1059.0037841796875,-827.2767944335938,0.027841703966259956,-0.01599644124507904,-0.043168406933546066,0.9985516667366028,1,80533,664
1786070203,460562774,1,-267.203857421875,109.17018127441406,-58.03026580810547,,,,,,,,,,80534,664
1786070203,460562774,,,,,5,-1535.8800048828125,1059.0,-827.2599487304688,0.027596402913331985,-0.01613476686179638,-0.04230847954750061,0.9985930919647217,1,80534,664
1786070203,468399809,1,-266.5819396972656,110.01375579833984,-57.67124938964844,,,,,,,,,,80535,664
1786070203,468399809,,,,,5,-1535.8681640625,1059.002685546875,-827.25341796875,0.027580978348851204,-0.016092633828520775,-0.04247463494539261,0.9985871315002441,1,80535,664
1786070203,477254873,1,-265.6603698730469,110.28702545166016,-57.26864242553711,,,,,,,,,,80536,664
1786070203,477254873,,,,,5,-1535.8773193359375,1059.036376953125,-827.2400512695312,0.02763844095170498,-0.015989158302545547,-0.04292485862970352,0.9985678791999817,1,80536,664
1786070203,485558242,1,-264.965087890625,110.7685775756836,-56.859107971191406,,,,,,,,,,80537,664
1786070203,485558242,,,,,5,-1535.8236083984375,1058.9935302734375,-827.27099609375,0.027726035565137863,-0.016102127730846405,-0.04272566735744476,0.9985721707344055,1,80537,664
1786070203,493220074,1,-264.50738525390625,111.20459747314453,-56.423912048339844,,,,,,,,,,80538,664
1786070203,493220074,,,,,5,-1535.858642578125,1059.0146484375,-827.25439453125,0.027537675574421883,-0.015902411192655563,-0.04279686138033867,0.9985775947570801,1,80538,664
1786070203,502537055,1,-263.9991149902344,111.16068267822266,-55.88932800292969,,,,,,,,,,80539,664
1786070203,502537055,,,,,5,-1535.8343505859375,1058.9696044921875,-827.2389526367188,0.028004344552755356,-0.01584300771355629,-0.043703097850084305,0.9985263347625732,1,80539,664
1786070203,510252018,1,-263.18310546875,111.36612701416016,-55.128570556640625,,,,,,,,,,80540,664
1786070203,510252018,,,,,5,-1535.8662109375,1059.0068359375,-827.2318725585938,0.027353622019290924,-0.016290083527565002,-0.042984262108802795,0.9985684156417847,1,80540,664
1786070203,519480565,1,-262.3957824707031,111.26226806640625,-54.24118423461914,,,,,,,,,,80541,664
1786070203,519480565,,,,,5,-1535.8426513671875,1059.0003662109375,-827.2546997070312,0.028151964768767357,-0.015858326107263565,-0.043780747801065445,0.9985185861587524,1,80541,664
1786070203,527179076,1,-264.1103820800781,112.0971450805664,-57.1510124206543,,,,,,,,,,80542,664
1786070203,527179076,,,,,5,-1535.8560791015625,1059.0172119140625,-827.23388671875,0.027574578300118446,-0.01609531231224537,-0.04307871311903,0.9985613822937012,1,80542,664
1786070203,535282085,1,-264.0574645996094,112.09223937988281,-56.95092010498047,,,,,,,,,,80543,664
1786070203,535282085,,,,,5,-1535.8485107421875,1059.0308837890625,-827.26904296875,0.027450641617178917,-0.016140025109052658,-0.042311057448387146,0.9985968470573425,1,80543,664
1786070203,544127003,1,-264.1043701171875,112.01911926269531,-56.9493293762207,,,,,,,,,,80544,664
1786070203,544127003,,,,,5,-1535.8431396484375,1058.9949951171875,-827.275390625,0.0278667863458395,-0.015840066596865654,-0.0432017482817173,0.9985519647598267,1,80544,664
1786070203,552423715,1,-264.0075988769531,112.13677978515625,-57.00957489013672,,,,,,,,,,80545,664
1786070203,552423715,,,,,5,-1535.75244140625,1058.9814453125,-827.32080078125,0.02762414887547493,-0.016466669738292694,-0.04225878417491913,0.9985889792442322,1,80545,664
1786070203,560352800,1,-264.1292419433594,112.07642364501953,-56.97269058227539,,,,,,,,,,80546,664
1786070203,560352800,,,,,5,-1535.855712890625,1059.04296875,-827.2398681640625,0.02757805585861206,-0.016133349388837814,-0.04294845089316368,0.9985662698745728,1,80546,664
1786070203,569085792,1,-264.0619812011719,112.17240142822266,-56.96210479736328,,,,,,,,,,80547,664
1786070203,569085792,,,,,5,-1535.8592529296875,1059.0155029296875,-827.2299194335938,0.027387119829654694,-0.016059238463640213,-0.04253578186035156,0.998590350151062,1,80547,664
1786070203,577042531,1,-264.2455139160156,112.0500717163086,-57.0130615234375,,,,,,,,,,80548,664
1786070203,577042531,,,,,5,-1535.8851318359375,1059.02392578125,-827.1807861328125,0.027729397639632225,-0.01603437401354313,-0.04360923543572426,0.9985350370407104,1,80548,664
1786070203,586118824,1,-264.201904296875,112.05120849609375,-57.031185150146484,,,,,,,,,,80549,664
1786070203,586118824,,,,,5,-1535.830322265625,1059.0555419921875,-827.2713012695312,0.027563266456127167,-0.016301536932587624,-0.04216582328081131,0.998597264289856,1,80549,664
1786070203,594067017,1,-264.22808837890625,111.91703796386719,-57.09642028808594,,,,,,,,,,80550,664
1786070203,594067017,,,,,5,-1535.774169921875,1059.036376953125,-827.2518920898438,0.02725973166525364,-0.01669757068157196,-0.04118504002690315,0.9986400604248047,1,80550,664
1786070203,602345709,1,-264.2657470703125,111.9781494140625,-57.13154602050781,,,,,,,,,,80551,664
1786070203,602345709,,,,,5,-1535.8433837890625,1059.0623779296875,-827.29052734375,0.02771742269396782,-0.01615833304822445,-0.04244207963347435,0.9985836744308472,1,80551,664
1786070203,610316179,1,-264.2513427734375,112.00160217285156,-57.12955093383789,,,,,,,,,,80552,664
1786070203,610316179,,,,,5,-1535.8070068359375,1059.0274658203125,-827.2830200195312,0.027764786034822464,-0.016119858250021935,-0.04187002032995224,0.9986070394515991,1,80552,664
1786070203,619279873,1,-264.1133728027344,111.99909973144531,-57.03071975708008,,,,,,,,,,80553,664
1786070203,619279873,,,,,5,-1535.8262939453125,1059.053466796875,-827.2650756835938,0.027478918433189392,-0.01633109711110592,-0.042216211557388306,0.9985969662666321,1,80553,664
1786070203,627102377,1,-264.13409423828125,112.1177978515625,-57.070735931396484,,,,,,,,,,80554,664
1786070203,627102377,,,,,5,-1535.8121337890625,1059.03125,-827.3001098632812,0.027726326137781143,-0.016293931752443314,-0.04186956584453583,0.9986054301261902,1,80554,664
1786070203,635973413,1,-264.0497741699219,112.09478759765625,-56.955684661865234,,,,,,,,,,80555,664
1786070203,635973413,,,,,5,-1535.807861328125,1059.0296630859375,-827.2455444335938,0.027177847921848297,-0.016667181625962257,-0.04056866466999054,0.9986679553985596,1,80555,664
1786070203,643791052,1,-264.0195007324219,112.11714172363281,-57.02153015136719,,,,,,,,,,80556,664
1786070203,643791052,,,,,5,-1535.8291015625,1059.0106201171875,-827.2896728515625,0.027740120887756348,-0.016151709482073784,-0.04173177853226662,0.9986130595207214,1,80556,664
1786070203,652244083,1,-264.1004333496094,112.16291809082031,-56.9875602722168,,,,,,,,,,80557,664
1786070203,652244083,,,,,5,-1535.8065185546875,1059.0272216796875,-827.2894897460938,0.027854127809405327,-0.016132159158587456,-0.04219247028231621,0.9985908269882202,1,80557,664
1786070203,660847769,1,-264.0011901855469,112.23812103271484,-57.00501251220703,,,,,,,,,,80558,664
1786070203,660847769,,,,,5,-1535.83984375,1059.0655517578125,-827.2559814453125,0.02698737010359764,-0.01683306135237217,-0.04108564183115959,0.9986492395401001,1,80558,664
1786070203,670127430,1,-263.9869079589844,112.11616516113281,-56.93036651611328,,,,,,,,,,80559,664
1786070203,670127430,,,,,5,-1535.771484375,1059.0406494140625,-827.2991333007812,0.02737678587436676,-0.0166816134005785,-0.04159824550151825,0.9986199736595154,1,80559,664
1786070203,676819563,1,-263.90826416015625,112.22974395751953,-56.88161087036133,,,,,,,,,,80560,664
1786070203,676819563,,,,,5,-1535.7874755859375,1059.015625,-827.2501220703125,0.02752719260752201,-0.01665148138999939,-0.041469018906354904,0.9986217021942139,1,80560,664
1786070203,686014727,1,-263.859130859375,112.1871109008789,-56.977203369140625,,,,,,,,,,80561,664
1786070203,686014727,,,,,5,-1535.7972412109375,1059.0234375,-827.2930908203125,0.02776900865137577,-0.01623699814081192,-0.042121730744838715,0.9985945224761963,1,80561,664
1786070203,693750942,1,-263.9423828125,112.20114135742188,-56.83744430541992,,,,,,,,,,80562,664
1786070203,693750942,,,,,5,-1535.7904052734375,1059.0076904296875,-827.29443359375,0.027601197361946106,-0.016213778406381607,-0.04124194756150246,0.9986363053321838,1,80562,664
1786070203,702792124,1,-263.41961669921875,112.32035064697266,-56.536617279052734,,,,,,,,,,80563,664
1786070203,702792124,,,,,5,-1535.836669921875,1059.0775146484375,-827.2758178710938,0.027735216543078423,-0.016195092350244522,-0.04218032583594322,0.9985936880111694,1,80563,664
1786070203,710877465,1,-264.58746337890625,110.60552978515625,-54.47306823730469,,,,,,,,,,80564,664
1786070203,710877465,,,,,5,-1535.8148193359375,1059.06103515625,-827.3155517578125,0.02735155075788498,-0.016482967883348465,-0.04119201749563217,0.9986408352851868,1,80564,664
1786070203,719092848,1,-264.9085388183594,109.26473236083984,-52.35637283325195,,,,,,,,,,80565,664
1786070203,719092848,,,,,5,-1535.8597412109375,1059.065185546875,-827.30126953125,0.027523532509803772,-0.01615311950445175,-0.04139956459403038,0.9986328482627869,1,80565,664
1786070203,727643531,1,-231.07484436035156,176.06137084960938,-127.01893615722656,,,,,,,,,,80566,664
1786070203,727643531,,,,,5,-1535.8358154296875,1059.0628662109375,-827.3204956054688,0.02737538516521454,-0.01626507379114628,-0.041775934398174286,0.9986194968223572,1,80566,664
1786070203,736016802,1,-231.0741729736328,176.11270141601562,-127.0112533569336,,,,,,,,,,80567,664
1786070203,736016802,,,,,5,-1535.85693359375,1059.0447998046875,-827.263671875,0.027647431939840317,-0.016108892858028412,-0.04195445403456688,0.9986069798469543,1,80567,664
1786070203,743519850,1,-231.22471618652344,175.73028564453125,-127.6723861694336,,,,,,,,,,80568,664
1786070203,743519850,,,,,5,-1535.8431396484375,1059.0604248046875,-827.2844848632812,0.027553340420126915,-0.016318321228027344,-0.04135871306061745,0.9986310005187988,1,80568,664
1786070203,753164033,1,-231.18711853027344,176.27774047851562,-127.01200866699219,,,,,,,,,,80569,664
1786070203,753164033,,,,,5,-1535.8050537109375,1059.0264892578125,-827.25341796875,0.027508607134222984,-0.016425535082817078,-0.041554924100637436,0.9986223578453064,1,80569,664
1786070203,760789633,1,-231.2228546142578,176.2348175048828,-127.13236999511719,,,,,,,,,,80570,664
1786070203,760789633,,,,,5,-1535.8260498046875,1059.035888671875,-827.2435913085938,0.027492504566907883,-0.016440298408269882,-0.04175926744937897,0.9986140727996826,1,80570,664
1786070203,768599079,1,-231.0615692138672,176.0316619873047,-127.0069351196289,,,,,,,,,,80571,664
1786070203,768599079,,,,,5,-1535.8009033203125,1058.994873046875,-827.3012084960938,0.027835534885525703,-0.016333727166056633,-0.04156189039349556,0.9986145496368408,1,80571,664
1786070203,777503945,1,-231.04701232910156,176.12551879882812,-127.02429962158203,,,,,,,,,,80572,664
1786070203,777503945,,,,,5,-1535.796630859375,1059.014404296875,-827.3119506835938,0.027915863320231438,-0.016092907637357712,-0.042075976729393005,0.9985946416854858,1,80572,664
1786070203,785743749,1,-231.10589599609375,176.11192321777344,-127.05006408691406,,,,,,,,,,80573,664
1786070203,785743749,,,,,5,-1535.7991943359375,1058.9959716796875,-827.296875,0.027574999257922173,-0.016216332092881203,-0.04200805723667145,0.9986050724983215,1,80573,664
1786070203,793725677,1,-231.03604125976562,176.10028076171875,-126.9918212890625,,,,,,,,,,80574,664
1786070203,793725677,,,,,5,-1535.849609375,1059.0994873046875,-827.27978515625,0.02705417014658451,-0.01646837219595909,-0.0413767471909523,0.9986414909362793,1,80574,664
1786070203,802814165,1,-231.12109375,176.21829223632812,-127.00787353515625,,,,,,,,,,80575,664
1786070203,802814165,,,,,5,-1535.767578125,1059.0155029296875,-827.3163452148438,0.027700185775756836,-0.01631067879498005,-0.04174654930830002,0.9986109733581543,1,80575,664
1786070203,810813344,1,-231.16941833496094,176.24526977539062,-127.0533676147461,,,,,,,,,,80576,664
1786070203,810813344,,,,,5,-1535.8021240234375,1059.0438232421875,-827.2862548828125,0.027263889089226723,-0.016835279762744904,-0.04148099571466446,0.9986253380775452,1,80576,664
1786070203,819495766,1,-230.973388671875,176.09103393554688,-127.04061126708984,,,,,,,,,,80577,664
1786070203,819495766,,,,,5,-1535.843505859375,1059.0875244140625,-827.2945556640625,0.027023212984204292,-0.016504501923918724,-0.04093184322118759,0.9986600875854492,1,80577,664
1786070203,827165183,1,-231.2061004638672,176.13319396972656,-127.11559295654297,,,,,,,,,,80578,664
1786070203,827165183,,,,,5,-1535.8402099609375,1059.0859375,-827.2984619140625,0.027177266776561737,-0.01646322011947632,-0.041801899671554565,0.9986205697059631,1,80578,664
1786070203,835472553,1,-231.18345642089844,175.54991149902344,-127.6285400390625,,,,,,,,,,80579,664
1786070203,835472553,,,,,5,-1535.8206787109375,1059.0511474609375,-827.3106689453125,0.0274092685431242,-0.016307195648550987,-0.04159852862358093,0.9986251592636108,1,80579,664
1786070203,844711470,1,-231.16114807128906,176.1559295654297,-127.11479187011719,,,,,,,,,,80580,664
1786070203,844711470,,,,,5,-1535.8228759765625,1059.0120849609375,-827.2799682617188,0.027602074667811394,-0.01635233499109745,-0.04190734401345253,0.9986063241958618,1,80580,664
1786070203,852686101,1,-231.22300720214844,176.17835998535156,-127.0739517211914,,,,,,,,,,80581,664
1786070203,852686101,,,,,5,-1535.8255615234375,1059.0479736328125,-827.2636108398438,0.027638329192996025,-0.016329936683177948,-0.04219765588641167,0.9985934495925903,1,80581,664
1786070203,860527169,1,-231.14723205566406,176.1675567626953,-127.03746795654297,,,,,,,,,,80582,664
1786070203,860527169,,,,,5,-1535.7982177734375,1059.0496826171875,-827.3049926757812,0.02755737490952015,-0.0162623580545187,-0.041860759258270264,0.9986110329627991,1,80582,664
1786070203,869412383,1,-231.0718994140625,176.08245849609375,-127.08935546875,,,,,,,,,,80583,664
1786070203,869412383,,,,,5,-1535.806640625,1059.020751953125,-827.3168334960938,0.027895735576748848,-0.016014637425541878,-0.04190332442522049,0.9986037611961365,1,80583,664
1786070203,877206850,,,,,5,-1535.8465576171875,1059.0792236328125,-827.2975463867188,0.02767077274620533,-0.016252323985099792,-0.04293184354901314,0.9985625743865967,1,80584,664
1786070203,886305995,,,,,5,-1535.8336181640625,1059.0316162109375,-827.2994995117188,0.027715694159269333,-0.016204314306378365,-0.042342253029346466,0.9985872507095337,1,80585,664
1786070203,894349536,1,-261.8849182128906,112.1443862915039,-58.74311447143555,,,,,,,,,,80586,664
1786070203,894349536,,,,,5,-1535.8040771484375,1059.0296630859375,-827.2745971679688,0.027325432747602463,-0.01636035367846489,-0.041314855217933655,0.998638391494751,1,80586,664
1786070203,902184874,1,-263.1259765625,112.2003173828125,-57.64143371582031,,,,,,,,,,80587,664
1786070203,902184874,,,,,5,-1535.8270263671875,1059.0440673828125,-827.2877197265625,0.02763097733259201,-0.0163379218429327,-0.041971586644649506,0.9986030459403992,1,80587,664
1786070203,911441523,1,-263.7674560546875,112.14692687988281,-57.1281623840332,,,,,,,,,,80588,664
1786070203,911441523,,,,,5,-1535.8363037109375,1059.0875244140625,-827.2728881835938,0.026883261278271675,-0.016571713611483574,-0.04092990234494209,0.9986628890037537,1,80588,664
1786070203,922122235,1,-264.04217529296875,112.23695373535156,-56.962806701660156,,,,,,,,,,80589,664
1786070203,922122235,,,,,5,-1535.7926025390625,1059.0426025390625,-827.3106689453125,0.027178548276424408,-0.01651458628475666,-0.04083700850605965,0.9986594915390015,1,80589,664
1786070203,926972204,1,-263.9752502441406,112.17691802978516,-56.9991455078125,,,,,,,,,,80590,664
1786070203,926972204,,,,,5,-1535.82275390625,1059.037109375,-827.2662963867188,0.027220597490668297,-0.01660189777612686,-0.04116538166999817,0.9986435174942017,1,80590,664
1786070203,936100444,1,-263.9031066894531,112.05546569824219,-57.00424575805664,,,,,,,,,,80591,664
1786070203,936100444,,,,,5,-1535.759521484375,1058.9925537109375,-827.3585815429688,0.02780274860560894,-0.016410287469625473,-0.04203098639845848,0.9985945820808411,1,80591,664
1786070203,943902592,1,-263.974853515625,112.18338012695312,-56.96689987182617,,,,,,,,,,80592,664
1786070203,943902592,,,,,5,-1535.82470703125,1059.0029296875,-827.3411254882812,0.028017105534672737,-0.016069969162344933,-0.04231012985110283,0.9985823035240173,1,80592,664
1786070203,952073070,1,-263.946533203125,112.13377380371094,-56.96442413330078,,,,,,,,,,80593,664
1786070203,952073070,,,,,5,-1535.7864990234375,1059.0333251953125,-827.3330078125,0.027398424223065376,-0.016411755234003067,-0.0411989726126194,0.9986403584480286,1,80593,664
1786070203,960861145,1,-263.8319396972656,112.21340942382812,-56.92088317871094,,,,,,,,,,80594,664
1786070203,960861145,,,,,5,-1535.791259765625,1059.0299072265625,-827.3318481445312,0.02788177877664566,-0.016288839280605316,-0.042045142501592636,0.9985937476158142,1,80594,664
1786070203,969150975,1,-263.8774719238281,112.23556518554688,-56.91548538208008,,,,,,,,,,80595,664
1786070203,969150975,,,,,5,-1535.7786865234375,1059.0213623046875,-827.3034057617188,0.0274149589240551,-0.016489863395690918,-0.04109014570713043,0.998643159866333,1,80595,664
1786070203,977913060,1,-263.9264221191406,112.24366760253906,-56.912696838378906,,,,,,,,,,80596,664
1786070203,977913060,,,,,5,-1535.7880859375,1058.989501953125,-827.3230590820312,0.02796797826886177,-0.016193751245737076,-0.041883476078510284,0.9985997080802917,1,80596,664
1786070203,986048715,1,-263.9283447265625,112.17630767822266,-56.94304275512695,,,,,,,,,,80597,664
1786070203,986048715,,,,,5,-1535.7694091796875,1059.0091552734375,-827.3515625,0.027840418741106987,-0.016210373491048813,-0.041463907808065414,0.9986205101013184,1,80597,664
1786070203,993784898,1,-264.3052673339844,111.80256652832031,-57.235862731933594,,,,,,,,,,80598,664
1786070203,993784898,,,,,5,-1535.8045654296875,1058.9896240234375,-827.3137817382812,0.027832811698317528,-0.016157006844878197,-0.04195655137300491,0.998600959777832,1,80598,664
1786070204,3243060,1,-264.1607360839844,111.83755493164062,-57.18894577026367,,,,,,,,,,80599,665
1786070204,3243060,,,,,5,-1535.80419921875,1059.010498046875,-827.3453979492188,0.02801460400223732,-0.016161248087882996,-0.04224889725446701,0.9985835552215576,1,80599,665
1786070204,10852594,1,-263.9517517089844,112.12390899658203,-56.90791702270508,,,,,,,,,,80600,665
1786070204,10852594,,,,,5,-1535.7955322265625,1059.0028076171875,-827.3531494140625,0.027989333495497704,-0.01613471284508705,-0.042589426040649414,0.9985700845718384,1,80600,665
1786070204,18781489,1,-263.9829406738281,112.2279281616211,-56.948970794677734,,,,,,,,,,80601,665
1786070204,18781489,,,,,5,-1535.81787109375,1059.0709228515625,-827.33984375,0.02794760651886463,-0.016018183901906013,-0.04252369701862335,0.9985759854316711,1,80601,665
1786070204,28144081,1,-263.92388916015625,112.17530822753906,-56.86945724487305,,,,,,,,,,80602,665
1786070204,28144081,,,,,5,-1535.823974609375,1059.0115966796875,-827.3211059570312,0.028192751109600067,-0.015871642157435417,-0.04288648068904877,0.9985559582710266,1,80602,665
1786070204,35787094,1,-263.8997802734375,112.2352066040039,-56.93749237060547,,,,,,,,,,80603,665
1786070204,35787094,,,,,5,-1535.8221435546875,1059.0531005859375,-827.3619384765625,0.02753475122153759,-0.016437353566288948,-0.04145235940814018,0.998625636100769,1,80603,665
1786070204,43959494,1,-266.1824645996094,111.31327819824219,-57.56138229370117,,,,,,,,,,80604,665
1786070204,43959494,,,,,5,-1535.7908935546875,1058.9974365234375,-827.3267822265625,0.028111713007092476,-0.016158083453774452,-0.04254685714840889,0.9985681772232056,1,80604,665
1786070204,58117421,1,-263.9223937988281,112.06861877441406,-56.966827392578125,,,,,,,,,,80605,665
1786070204,58117421,,,,,5,-1535.821533203125,1059.029052734375,-827.3383178710938,0.027573155239224434,-0.01637282408773899,-0.04205053299665451,0.9986007213592529,1,80605,665
1786070204,60758561,1,-264.0152893066406,112.22035217285156,-56.9221076965332,,,,,,,,,,80606,665
1786070204,60758561,,,,,5,-1535.8148193359375,1059.0296630859375,-827.3385620117188,0.027672037482261658,-0.016347788274288177,-0.04162859916687012,0.998616099357605,1,80606,665
1786070204,68928145,1,-264.05645751953125,112.21014404296875,-56.91911697387695,,,,,,,,,,80607,665
1786070204,68928145,,,,,5,-1535.8070068359375,1059.002685546875,-827.2797241210938,0.027417590841650963,-0.0167279951274395,-0.0415908582508564,0.9986184239387512,1,80607,665
1786070204,77746755,1,-263.909912109375,112.19129180908203,-56.92036437988281,,,,,,,,,,80608,665
1786070204,77746755,,,,,5,-1535.8316650390625,1059.0308837890625,-827.3308715820312,0.028036024421453476,-0.016167888417840004,-0.042637672275304794,0.9985662698745728,1,80608,665
1786070204,86259416,1,-264.0318298339844,112.0796890258789,-56.99018859863281,,,,,,,,,,80609,665
1786070204,86259416,,,,,5,-1535.8514404296875,1059.08203125,-827.3194580078125,0.027323026210069656,-0.01634669490158558,-0.04152623936533928,0.9986299872398376,1,80609,665
1786070204,93830478,1,-264.3665466308594,111.6992416381836,-57.21724319458008,,,,,,,,,,80610,665
1786070204,93830478,,,,,5,-1535.8050537109375,1058.9920654296875,-827.3357543945312,0.027928298339247704,-0.01633441634476185,-0.04213862493634224,0.9985877275466919,1,80610,665
1786070204,102933370,1,-264.3651123046875,111.80113220214844,-57.20936965942383,,,,,,,,,,80611,665
1786070204,102933370,,,,,5,-1535.841064453125,1059.0230712890625,-827.3090209960938,0.027550414204597473,-0.01626095362007618,-0.04168027639389038,0.9986187219619751,1,80611,665
1786070204,110706969,1,-263.90966796875,112.09968566894531,-56.99457550048828,,,,,,,,,,80612,665
1786070204,110706969,,,,,5,-1535.7880859375,1059.0133056640625,-827.3223876953125,0.027766980230808258,-0.016352325677871704,-0.041307322680950165,0.998626708984375,1,80612,665
1786070204,119692845,1,-263.9692077636719,112.23236846923828,-56.95063018798828,,,,,,,,,,80613,665
1786070204,119692845,,,,,5,-1535.829345703125,1059.0712890625,-827.2955322265625,0.027410753071308136,-0.016329450532794,-0.04175097867846489,0.998618483543396,1,80613,665
1786070204,127582308,1,-263.9961853027344,112.15100860595703,-56.96099090576172,,,,,,,,,,80614,665
1786070204,127582308,,,,,5,-1535.7987060546875,1059.01806640625,-827.3121337890625,0.02749098278582096,-0.016344256699085236,-0.04128384590148926,0.9986354112625122,1,80614,665
1786070204,135929719,1,-264.0732116699219,112.26885223388672,-56.98969650268555,,,,,,,,,,80615,665
1786070204,135929719,,,,,5,-1535.7974853515625,1059.0169677734375,-827.30810546875,0.027410512790083885,-0.01635400578379631,-0.04114554449915886,0.9986432790756226,1,80615,665
1786070204,143490092,1,-264.1952819824219,111.81617736816406,-57.2811393737793,,,,,,,,,,80616,665
1786070204,143490092,,,,,5,-1535.806884765625,1059.04248046875,-827.3040161132812,0.027677619829773903,-0.016451073810458183,-0.04147922992706299,0.9986205697059631,1,80616,665
1786070204,152879249,1,-266.4382629394531,111.19517517089844,-58.964744567871094,,,,,,,,,,80617,665
1786070204,152879249,,,,,5,-1535.834228515625,1059.0701904296875,-827.3220825195312,0.027196353301405907,-0.016683101654052734,-0.041164323687553406,0.9986429214477539,1,80617,665
1786070204,161034462,1,-265.9635925292969,111.45376586914062,-58.48090362548828,,,,,,,,,,80618,665
1786070204,161034462,,,,,5,-1535.8310546875,1059.0133056640625,-827.2677001953125,0.02774132788181305,-0.016389809548854828,-0.04192136600613594,0.9986011981964111,1,80618,665
1786070204,168773430,1,-263.973876953125,112.1345443725586,-56.9648323059082,,,,,,,,,,80619,665
1786070204,168773430,,,,,5,-1535.8338623046875,1059.0516357421875,-827.3033447265625,0.02772878296673298,-0.016333330422639847,-0.04203840345144272,0.9985975623130798,1,80619,665
1786070204,177471344,1,-264.9530944824219,111.69324493408203,-57.13136672973633,,,,,,,,,,80620,665
1786070204,177471344,,,,,5,-1535.8350830078125,1059.0289306640625,-827.3082275390625,0.027481187134981155,-0.016271045431494713,-0.04145919904112816,0.9986296892166138,1,80620,665
1786070204,185512710,1,-264.5755310058594,111.67455291748047,-56.179656982421875,,,,,,,,,,80621,665
1786070204,185512710,,,,,5,-1535.8038330078125,1059.0135498046875,-827.2826538085938,0.027354050427675247,-0.016413027420639992,-0.040481097996234894,0.9986708760261536,1,80621,665
1786070204,194659002,1,-264.63983154296875,111.46021270751953,-55.116085052490234,,,,,,,,,,80622,665
1786070204,194659002,,,,,5,-1535.8349609375,1059.0517578125,-827.30810546875,0.027641629800200462,-0.0162988118827343,-0.04173273220658302,0.9986134767532349,1,80622,665
1786070204,202710642,1,-264.9703063964844,110.97594451904297,-53.99603271484375,,,,,,,,,,80623,665
1786070204,202710642,,,,,5,-1535.82763671875,1059.0498046875,-827.2875366210938,0.02735607884824276,-0.016833819448947906,-0.041387781500816345,0.9986267685890198,1,80623,665
1786070204,211309528,1,-264.1619873046875,113.06537628173828,-57.2470588684082,,,,,,,,,,80624,665
1786070204,211309528,,,,,5,-1535.8795166015625,1059.058349609375,-827.2994995117188,0.027976319193840027,-0.016009394079446793,-0.042526427656412125,0.9985752701759338,1,80624,665
1786070204,219558455,1,-263.6311950683594,112.93219757080078,-56.45038986206055,,,,,,,,,,80625,665
1786070204,219558455,,,,,5,-1535.8577880859375,1059.0670166015625,-827.2893676757812,0.027443310245871544,-0.016392771154642105,-0.041376758366823196,0.9986321330070496,1,80625,665
1786070204,227317012,1,-263.6145935058594,113.00078582763672,-56.31193542480469,,,,,,,,,,80626,665
1786070204,227317012,,,,,5,-1535.8143310546875,1059.0548095703125,-827.3184814453125,0.027263358235359192,-0.01658342033624649,-0.040871478617191315,0.9986546635627747,1,80626,665
1786070204,235546543,1,-263.78363037109375,112.8090591430664,-56.48381805419922,,,,,,,,,,80627,665
1786070204,235546543,,,,,5,-1535.8216552734375,1059.04296875,-827.3099975585938,0.02754700742661953,-0.016438912600278854,-0.041396837681531906,0.9986276626586914,1,80627,665
1786070204,244674176,1,-264.27325439453125,112.67871856689453,-56.930667877197266,,,,,,,,,,80628,665
1786070204,244674176,,,,,5,-1535.8526611328125,1059.0657958984375,-827.3009033203125,0.027544645592570305,-0.01657451130449772,-0.04146943241357803,0.998622477054596,1,80628,665
1786070204,252446047,1,-264.2666015625,112.52764892578125,-56.788665771484375,,,,,,,,,,80629,665
1786070204,252446047,,,,,5,-1535.8079833984375,1059.0333251953125,-827.3038330078125,0.027508536353707314,-0.016535652801394463,-0.04142331704497337,0.9986261129379272,1,80629,665
1786070204,261447734,1,-265.2135009765625,110.90318298339844,-57.208229064941406,,,,,,,,,,80630,665
1786070204,261447734,,,,,5,-1535.8250732421875,1059.0345458984375,-827.3060913085938,0.027586694806814194,-0.01644441857933998,-0.041211649775505066,0.9986342191696167,1,80630,665
1786070204,269370452,1,-263.3858642578125,112.00645446777344,-57.542903900146484,,,,,,,,,,80631,665
1786070204,269370452,,,,,5,-1535.7982177734375,1059.0252685546875,-827.3038330078125,0.02741839550435543,-0.016390832141041756,-0.041064877063035965,0.9986456632614136,1,80631,665
1786070204,278546830,1,-264.514404296875,111.17894744873047,-55.79388427734375,,,,,,,,,,80632,665
1786070204,278546830,,,,,5,-1535.8035888671875,1059.0379638671875,-827.306640625,0.02751828357577324,-0.016309065744280815,-0.04108002781867981,0.9986438155174255,1,80632,665
1786070204,286267235,1,-264.7263488769531,111.23870849609375,-55.33893585205078,,,,,,,,,,80633,665
1786070204,286267235,,,,,5,-1535.766357421875,1058.99462890625,-827.2962036132812,0.02795347571372986,-0.016277775168418884,-0.043661076575517654,0.9985226392745972,1,80633,665
1786070204,294696038,1,-264.6870422363281,111.22047424316406,-55.285865783691406,,,,,,,,,,80634,665
1786070204,294696038,,,,,5,-1535.820556640625,1059.060546875,-827.3194580078125,0.02779444307088852,-0.016299907118082047,-0.04232235997915268,0.9985843896865845,1,80634,665
1786070204,302101884,1,-264.68487548828125,111.2509994506836,-55.35319900512695,,,,,,,,,,80635,665
1786070204,302101884,,,,,5,-1535.8201904296875,1059.026611328125,-827.2960815429688,0.027756959199905396,-0.01640186458826065,-0.042222097516059875,0.998587965965271,1,80635,665
1786070204,310979962,1,-264.8092346191406,111.1624984741211,-55.26337814331055,,,,,,,,,,80636,665
1786070204,310979962,,,,,5,-1535.801025390625,1059.030517578125,-827.3377075195312,0.027491044253110886,-0.016436133533716202,-0.04164838790893555,0.9986187815666199,1,80636,665
1786070204,319327821,1,-264.7022399902344,111.27583312988281,-55.34871292114258,,,,,,,,,,80637,665
1786070204,319327821,,,,,5,-1535.8450927734375,1059.0413818359375,-827.31005859375,0.027598142623901367,-0.016547048464417458,-0.04211649298667908,0.998594343662262,1,80637,665
1786070204,327182141,1,-265.348876953125,109.77360534667969,-55.582096099853516,,,,,,,,,,80638,665
1786070204,327182141,,,,,5,-1535.8211669921875,1059.0408935546875,-827.3203125,0.027677446603775024,-0.016319604590535164,-0.04254831001162529,0.9985777139663696,1,80638,665
1786070204,336258051,1,-264.6533508300781,111.27373504638672,-55.64417266845703,,,,,,,,,,80639,665
1786070204,336258051,,,,,5,-1535.846435546875,1059.037841796875,-827.30615234375,0.02744038589298725,-0.01667439192533493,-0.04148339480161667,0.9986231327056885,1,80639,665
1786070204,343875043,1,-265.0261535644531,110.62225341796875,-55.612510681152344,,,,,,,,,,80640,665
1786070204,343875043,,,,,5,-1535.78369140625,1059.0267333984375,-827.3298950195312,0.027231456711888313,-0.017006274312734604,-0.041488759219646454,0.9986229538917542,1,80640,665
1786070204,353008021,1,-264.7818908691406,111.22339630126953,-55.47027587890625,,,,,,,,,,80641,665
1786070204,353008021,,,,,5,-1535.7967529296875,1059.0303955078125,-827.3223876953125,0.027508048340678215,-0.0165043193846941,-0.04167069122195244,0.9986162781715393,1,80641,665
1786070204,360310454,1,-261.9932861328125,112.07084655761719,-57.8173942565918,,,,,,,,,,80642,665
1786070204,360310454,,,,,5,-1535.8565673828125,1059.068359375,-827.3421020507812,0.02712886407971382,-0.01661818102002144,-0.04149565100669861,0.9986321330070496,1,80642,665
1786070204,369047063,1,-263.5106506347656,111.48172760009766,-57.086395263671875,,,,,,,,,,80643,665
1786070204,369047063,,,,,5,-1535.830322265625,1059.044189453125,-827.3235473632812,0.02779935486614704,-0.016359049826860428,-0.04220860078930855,0.998587965965271,1,80643,665
1786070204,378114108,1,-263.7100524902344,111.77056121826172,-56.33278274536133,,,,,,,,,,80644,665
1786070204,378114108,,,,,5,-1535.8485107421875,1059.093994140625,-827.2859497070312,0.027293896302580833,-0.016772741451859474,-0.04186558723449707,0.9986095428466797,1,80644,665
1786070204,386307856,1,-264.12872314453125,111.09968566894531,-56.45766067504883,,,,,,,,,,80645,665
1786070204,386307856,,,,,5,-1535.8050537109375,1059.044921875,-827.3346557617188,0.027581440284848213,-0.016435151919722557,-0.04176501929759979,0.9986113905906677,1,80645,665
1786070204,394110261,1,-264.40301513671875,110.92990112304688,-56.550331115722656,,,,,,,,,,80646,665
1786070204,394110261,,,,,5,-1535.806396484375,1059.01806640625,-827.3380737304688,0.02802068553864956,-0.016150785610079765,-0.04242989048361778,0.9985758066177368,1,80646,665
1786070204,402115683,1,-263.63641357421875,111.79536437988281,-56.18043518066406,,,,,,,,,,80647,665
1786070204,402115683,,,,,5,-1535.8311767578125,1059.0482177734375,-827.3151245117188,0.027757059782743454,-0.016436142846941948,-0.04224372282624245,0.9985864758491516,1,80647,665
1786070204,410686276,1,-264.17724609375,111.14509582519531,-56.49306106567383,,,,,,,,,,80648,665
1786070204,410686276,,,,,5,-1535.82666015625,1059.077880859375,-827.3076171875,0.027334779500961304,-0.016534730792045593,-0.04187827929854393,0.9986119270324707,1,80648,665
1786070204,418829166,1,-264.1806335449219,111.05319213867188,-56.44849395751953,,,,,,,,,,80649,665
1786070204,418829166,,,,,5,-1535.8515625,1059.080078125,-827.3290405273438,0.027411021292209625,-0.01658063754439354,-0.041910864412784576,0.9986076354980469,1,80649,665
1786070204,427700171,1,-260.9864807128906,112.71227264404297,-57.65831756591797,,,,,,,,,,80650,665
1786070204,427700171,,,,,5,-1535.843017578125,1059.070556640625,-827.3373413085938,0.027438389137387276,-0.01646619662642479,-0.042135342955589294,0.9985992908477783,1,80650,665
1786070204,435974383,1,-262.3406982421875,111.81985473632812,-57.49995803833008,,,,,,,,,,80651,665
1786070204,435974383,,,,,5,-1535.8382568359375,1059.056884765625,-827.3285522460938,0.027351008728146553,-0.01636916771531105,-0.041941847652196884,0.9986113905906677,1,80651,665
1786070204,443763730,1,-262.4574279785156,112.37437438964844,-56.83804702758789,,,,,,,,,,80652,665
1786070204,443763730,,,,,5,-1535.82861328125,1059.0555419921875,-827.3054809570312,0.027734223753213882,-0.016242392361164093,-0.042057670652866364,0.9985979795455933,1,80652,665
1786070204,452930730,1,-263.4755859375,111.84060668945312,-56.99717712402344,,,,,,,,,,80653,665
1786070204,452930730,,,,,5,-1535.7886962890625,1059.0035400390625,-827.361328125,0.028017284348607063,-0.016170481219887733,-0.04266103357076645,0.9985658526420593,1,80653,665
1786070204,460658721,1,-263.6079406738281,111.91334533691406,-56.835514068603516,,,,,,,,,,80654,665
1786070204,460658721,,,,,5,-1535.8165283203125,1059.0777587890625,-827.3204956054688,0.027872156351804733,-0.016246043145656586,-0.04238134250044823,0.9985805153846741,1,80654,665
1786070204,468819118,1,-263.80645751953125,111.72561645507812,-56.70144271850586,,,,,,,,,,80655,665
1786070204,468819118,,,,,5,-1535.783447265625,1059.0413818359375,-827.3635864257812,0.02772517129778862,-0.0163212139159441,-0.04207323491573334,0.9985963702201843,1,80655,665
1786070204,477610939,1,-263.43621826171875,112.12846374511719,-56.50998306274414,,,,,,,,,,80656,665
1786070204,477610939,,,,,5,-1535.8038330078125,1059.0294189453125,-827.3396606445312,0.02806098200380802,-0.016100510954856873,-0.0421711690723896,0.9985865354537964,1,80656,665
1786070204,485762023,1,-263.26123046875,112.263671875,-56.45991516113281,,,,,,,,,,80657,665
1786070204,485762023,,,,,5,-1535.847900390625,1059.04296875,-827.3522338867188,0.028161082416772842,-0.015951158478856087,-0.04241000860929489,0.9985759258270264,1,80657,665
1786070204,493837187,1,-263.23583984375,112.32276916503906,-56.40608215332031,,,,,,,,,,80658,665
1786070204,493837187,,,,,5,-1535.8280029296875,1059.027587890625,-827.3347778320312,0.02773243561387062,-0.016196632757782936,-0.042343974113464355,0.9985867738723755,1,80658,665
1786070204,503045156,1,-263.2974853515625,112.27790832519531,-56.42177963256836,,,,,,,,,,80659,665
1786070204,503045156,,,,,5,-1535.8438720703125,1059.0467529296875,-827.3219604492188,0.027874689549207687,-0.01630490832030773,-0.04240570589900017,0.9985784888267517,1,80659,665
1786070204,510879279,1,-263.32373046875,112.37989807128906,-56.45272445678711,,,,,,,,,,80660,665
1786070204,510879279,,,,,5,-1535.8375244140625,1059.0675048828125,-827.3488159179688,0.027159517630934715,-0.016445551067590714,-0.04121197387576103,0.9986458420753479,1,80660,665
1786070204,519908588,1,-263.3567810058594,112.32099914550781,-56.44033432006836,,,,,,,,,,80661,665
1786070204,519908588,,,,,5,-1535.75830078125,1058.987548828125,-827.3279418945312,0.027731405571103096,-0.016339775174856186,-0.041673459112644196,0.9986127018928528,1,80661,665
1786070204,527498567,1,-263.2041015625,112.32341766357422,-56.46737289428711,,,,,,,,,,80662,665
1786070204,527498567,,,,,5,-1535.817138671875,1059.0345458984375,-827.3497924804688,0.0279394518584013,-0.015986500307917595,-0.042059529572725296,0.9985964298248291,1,80662,665
1786070204,536004026,1,-263.36328125,112.36454772949219,-56.44597244262695,,,,,,,,,,80663,665
1786070204,536004026,,,,,5,-1535.8125,1059.0086669921875,-827.3078002929688,0.027523573487997055,-0.016539976000785828,-0.041464660316705704,0.9986238479614258,1,80663,665
1786070204,544394102,1,-263.7925720214844,111.81796264648438,-56.76792907714844,,,,,,,,,,80664,665
1786070204,544394102,,,,,5,-1535.831298828125,1059.064208984375,-827.2853393554688,0.027744228020310402,-0.0163293294608593,-0.04225533828139305,0.9985880255699158,1,80664,665
1786070204,552487222,1,-263.3648986816406,112.35076904296875,-56.4619026184082,,,,,,,,,,80665,665
1786070204,552487222,,,,,5,-1535.712158203125,1058.9805908203125,-827.3756103515625,0.02766791172325611,-0.016636911779642105,-0.04146566987037659,0.9986182451248169,1,80665,665
1786070204,560545903,1,-263.2527770996094,112.24100494384766,-56.44915771484375,,,,,,,,,,80666,665
1786070204,560545903,,,,,5,-1535.8306884765625,1059.0533447265625,-827.3448486328125,0.027289075776934624,-0.017033353447914124,-0.04144792631268501,0.998622715473175,1,80666,665
1786070204,569749807,1,-263.798828125,111.82805633544922,-56.82021713256836,,,,,,,,,,80667,665
1786070204,569749807,,,,,5,-1535.7474365234375,1059.0340576171875,-827.3834838867188,0.027514951303601265,-0.016832729801535606,-0.04207084700465202,0.9985938668251038,1,80667,665
1786070204,577621186,1,-263.8555603027344,111.7350845336914,-56.753318786621094,,,,,,,,,,80668,665
1786070204,577621186,,,,,5,-1535.8160400390625,1059.0233154296875,-827.2940673828125,0.027711380273103714,-0.016443729400634766,-0.04217422008514404,0.9985904097557068,1,80668,665
1786070204,585628689,1,-263.3907165527344,112.17667388916016,-56.560333251953125,,,,,,,,,,80669,665
1786070204,585628689,,,,,5,-1535.84228515625,1059.0330810546875,-827.3416137695312,0.027798257768154144,-0.0160356592386961,-0.042458947747945786,0.9985826015472412,1,80669,665
1786070204,594472616,1,-263.4651184082031,112.16943359375,-56.47782897949219,,,,,,,,,,80670,665
1786070204,594472616,,,,,5,-1535.8143310546875,1059.0660400390625,-827.3308715820312,0.02718006633222103,-0.016726011410355568,-0.04125555604696274,0.9986388683319092,1,80670,665
1786070204,602735722,1,-263.38671875,112.10774993896484,-56.54195785522461,,,,,,,,,,80671,665
1786070204,602735722,,,,,5,-1535.8177490234375,1059.0667724609375,-827.3352661132812,0.027524378150701523,-0.016301941126585007,-0.04170513525605202,0.9986176490783691,1,80671,665
1786070204,610567798,1,-263.6367492675781,111.91397857666016,-56.75381851196289,,,,,,,,,,80672,665
1786070204,610567798,,,,,5,-1535.821533203125,1059.0172119140625,-827.2901611328125,0.02776065096259117,-0.016283579170703888,-0.042525772005319595,0.998576819896698,1,80672,665
1786070204,619817375,1,-263.2261962890625,112.28604888916016,-56.47495651245117,,,,,,,,,,80673,665
1786070204,619817375,,,,,5,-1535.8204345703125,1059.0147705078125,-827.3546142578125,0.028009185567498207,-0.01604817435145378,-0.04269826039671898,0.9985663294792175,1,80673,665
1786070204,627372210,1,-263.3515930175781,112.07652282714844,-56.540428161621094,,,,,,,,,,80674,665
1786070204,627372210,,,,,5,-1535.8221435546875,1059.034912109375,-827.3070678710938,0.02775181084871292,-0.016250956803560257,-0.04193633794784546,0.998602569103241,1,80674,665
1786070204,636072973,1,-263.6842346191406,111.69781494140625,-56.7874870300293,,,,,,,,,,80675,665
1786070204,636072973,,,,,5,-1535.788330078125,1059.018310546875,-827.36083984375,0.0278793852776289,-0.016251737251877785,-0.042194511741399765,0.9985880255699158,1,80675,665
1786070204,644380024,1,-263.7216491699219,111.84774780273438,-56.75901794433594,,,,,,,,,,80676,665
1786070204,644380024,,,,,5,-1535.822265625,1059.03125,-827.33642578125,0.027543215081095695,-0.016242772340774536,-0.0417240746319294,0.99861741065979,1,80676,665
1786070204,652194559,1,-263.65167236328125,111.78314208984375,-56.74764633178711,,,,,,,,,,80677,665
1786070204,652194559,,,,,5,-1535.7806396484375,1059.0311279296875,-827.3488159179688,0.027878127992153168,-0.016134124249219894,-0.04194758087396622,0.9986005425453186,1,80677,665
1786070204,661415363,1,-263.5107116699219,112.05574798583984,-56.678653717041016,,,,,,,,,,80678,665
1786070204,661415363,,,,,5,-1535.803955078125,1059.0531005859375,-827.3126831054688,0.02765464223921299,-0.016460347920656204,-0.04193280264735222,0.9986020922660828,1,80678,665
1786070204,669222889,1,-263.3284912109375,112.35027313232422,-56.36708068847656,,,,,,,,,,80679,665
1786070204,669222889,,,,,5,-1535.8338623046875,1059.013916015625,-827.31005859375,0.02769523300230503,-0.01621430739760399,-0.04212286323308945,0.9985968470573425,1,80679,665
1786070204,677194193,1,-263.7176208496094,111.6660385131836,-56.73073196411133,,,,,,,,,,80680,665
1786070204,677194193,,,,,5,-1535.8040771484375,1059.062744140625,-827.3505859375,0.027672603726387024,-0.016225382685661316,-0.04148493707180023,0.9986240267753601,1,80680,665
1786070204,686358665,1,-263.2608642578125,112.18698120117188,-56.471778869628906,,,,,,,,,,80681,665
1786070204,686358665,,,,,5,-1535.7777099609375,1059.01171875,-827.3483276367188,0.027712732553482056,-0.016205575317144394,-0.04184583202004433,0.9986081123352051,1,80681,665
1786070204,694324943,1,-263.4344177246094,112.02719116210938,-56.56879806518555,,,,,,,,,,80682,665
1786070204,694324943,,,,,5,-1535.7474365234375,1058.994384765625,-827.3536987304688,0.027686666697263718,-0.016226163133978844,-0.04129922017455101,0.9986312985420227,1,80682,665
1786070204,703300001,1,-263.32958984375,112.31401824951172,-56.35921096801758,,,,,,,,,,80683,665
1786070204,703300001,,,,,5,-1535.7606201171875,1058.9954833984375,-827.3578491210938,0.027456920593976974,-0.01664714328944683,-0.04197677969932556,0.9986025094985962,1,80683,665
1786070204,710798377,1,-263.4029235839844,112.0506591796875,-56.60432052612305,,,,,,,,,,80684,665
1786070204,710798377,,,,,5,-1535.819091796875,1059.0166015625,-827.3132934570312,0.027484456077218056,-0.016319410875439644,-0.04186214506626129,0.9986119270324707,1,80684,665
1786070204,719113846,1,-263.45953369140625,112.19766235351562,-56.53337478637695,,,,,,,,,,80685,665
1786070204,719113846,,,,,5,-1535.820556640625,1059.0662841796875,-827.3311767578125,0.02773679792881012,-0.016320202499628067,-0.04235023632645607,0.9985843896865845,1,80685,665
1786070204,728002486,1,-263.31060791015625,112.12386322021484,-56.45319366455078,,,,,,,,,,80686,665
1786070204,728002486,,,,,5,-1535.7864990234375,1059.0389404296875,-827.3487548828125,0.02799571119248867,-0.01618950627744198,-0.042336005717515945,0.9985798597335815,1,80686,665
1786070204,736325092,1,-263.2400207519531,112.24989318847656,-56.45614242553711,,,,,,,,,,80687,665
1786070204,736325092,,,,,5,-1535.8372802734375,1059.0904541015625,-827.3604736328125,0.0274614617228508,-0.016210198402404785,-0.04224923625588417,0.9985981583595276,1,80687,665
1786070204,743832430,1,-263.506591796875,111.97862243652344,-56.51445007324219,,,,,,,,,,80688,665
1786070204,743832430,,,,,5,-1535.7786865234375,1059.0330810546875,-827.3348999023438,0.02731660008430481,-0.016510697081685066,-0.04126189276576042,0.9986384510993958,1,80688,665
1786070204,752799358,1,-263.27667236328125,112.35254669189453,-56.39080810546875,,,,,,,,,,80689,665
1786070204,752799358,,,,,5,-1535.8104248046875,1059.034912109375,-827.3241577148438,0.027557410299777985,-0.016146808862686157,-0.04213787615299225,0.9986011385917664,1,80689,665
1786070204,760869562,1,-263.3065490722656,112.20225524902344,-56.455650329589844,,,,,,,,,,80690,665
1786070204,760869562,,,,,5,-1535.7479248046875,1058.9991455078125,-827.3490600585938,0.027371017262339592,-0.016894139349460602,-0.040843263268470764,0.9986476302146912,1,80690,665
1786070204,768988319,1,-263.4165954589844,111.95423126220703,-56.56010437011719,,,,,,,,,,80691,665
1786070204,768988319,,,,,5,-1535.8392333984375,1059.046875,-827.3319702148438,0.027585584670305252,-0.016071047633886337,-0.042725760489702225,0.9985765814781189,1,80691,665
1786070204,778235047,1,-263.1979064941406,112.37491607666016,-56.43412399291992,,,,,,,,,,80692,665
1786070204,778235047,,,,,5,-1535.8184814453125,1059.0340576171875,-827.318359375,0.027479784563183784,-0.01626768708229065,-0.04185604304075241,0.998613178730011,1,80692,665
1786070204,785784602,1,-263.3070983886719,112.29712677001953,-56.41651916503906,,,,,,,,,,80693,665
1786070204,785784602,,,,,5,-1535.8231201171875,1059.082763671875,-827.3256225585938,0.02730613760650158,-0.016516318544745445,-0.04172053933143616,0.9986196160316467,1,80693,665
1786070204,793873081,1,-263.2449645996094,112.36683654785156,-56.37875747680664,,,,,,,,,,80694,665
1786070204,793873081,,,,,5,-1535.809814453125,1059.0423583984375,-827.3488159179688,0.02742641791701317,-0.01645260863006115,-0.041695114225149155,0.9986182451248169,1,80694,665
1786070204,802739285,1,-263.5102233886719,112.04759979248047,-56.67930221557617,,,,,,,,,,80695,665
1786070204,802739285,,,,,5,-1535.84423828125,1059.0816650390625,-827.3523559570312,0.027234582230448723,-0.016393493860960007,-0.04177962243556976,0.9986210465431213,1,80695,665
1786070204,810531768,1,-263.69354248046875,111.91211700439453,-56.80448913574219,,,,,,,,,,80696,665
1786070204,810531768,,,,,5,-1535.853759765625,1059.08447265625,-827.3405151367188,0.02751101739704609,-0.01615896075963974,-0.04231799393892288,0.9985945820808411,1,80696,665
1786070204,819553651,1,-263.47900390625,112.09245300292969,-56.515541076660156,,,,,,,,,,80697,665
1786070204,819553651,,,,,5,-1535.8248291015625,1059.0428466796875,-827.328125,0.02762889489531517,-0.016134360805153847,-0.04204297438263893,0.9986034631729126,1,80697,665
1786070204,827581862,1,-263.3879089355469,112.00374603271484,-56.555419921875,,,,,,,,,,80698,665
1786070204,827581862,,,,,5,-1535.8414306640625,1059.0635986328125,-827.3264770507812,0.027895674109458923,-0.016198527067899704,-0.04241228476166725,0.9985793232917786,1,80698,665
1786070204,835457370,1,-263.2846984863281,112.2300796508789,-56.431060791015625,,,,,,,,,,80699,665
1786070204,835457370,,,,,5,-1535.817626953125,1059.0599365234375,-827.3428955078125,0.027369407936930656,-0.016315583139657974,-0.04141659289598465,0.9986337423324585,1,80699,665
1786070204,844315316,1,-263.2659606933594,112.42423248291016,-56.50363540649414,,,,,,,,,,80700,665
1786070204,844315316,,,,,5,-1535.802001953125,1059.0299072265625,-827.3253173828125,0.027621619403362274,-0.016380611807107925,-0.041720010340213776,0.9986131191253662,1,80700,665
1786070204,852733078,1,-263.3172302246094,112.03300476074219,-56.58263397216797,,,,,,,,,,80701,665
1786070204,852733078,,,,,5,-1535.799072265625,1059.0067138671875,-827.3612670898438,0.027847878634929657,-0.016148941591382027,-0.041898734867572784,0.998603105545044,1,80701,665
1786070204,860667670,1,-263.828369140625,111.76879119873047,-56.803558349609375,,,,,,,,,,80702,665
1786070204,860667670,,,,,5,-1535.8355712890625,1059.0269775390625,-827.3388671875,0.02764001116156578,-0.016273146495223045,-0.04170410707592964,0.9986151456832886,1,80702,665
1786070204,869741948,1,-263.52099609375,112.052001953125,-56.638526916503906,,,,,,,,,,80703,665
1786070204,869741948,,,,,5,-1535.80126953125,1058.996337890625,-827.3341674804688,0.02758479304611683,-0.016477206721901894,-0.04165589064359665,0.9986152648925781,1,80703,665
1786070204,877468434,1,-263.2117919921875,112.36296081542969,-56.4791259765625,,,,,,,,,,80704,665
1786070204,877468434,,,,,5,-1535.803466796875,1059.0394287109375,-827.3264770507812,0.027527038007974625,-0.016365375369787216,-0.041522711515426636,0.9986242055892944,1,80704,665
1786070204,885517001,1,-263.19964599609375,112.19969177246094,-56.47590637207031,,,,,,,,,,80705,665
1786070204,885517001,,,,,5,-1535.8470458984375,1059.0474853515625,-827.3369140625,0.027481606230139732,-0.016450900584459305,-0.041858017444610596,0.9986100196838379,1,80705,665
1786070204,893699387,1,-263.7157287597656,111.9771957397461,-56.68217086791992,,,,,,,,,,80706,665
1786070204,893699387,,,,,5,-1535.8094482421875,1059.014892578125,-827.2818603515625,0.027594750747084618,-0.016455700621008873,-0.041898008435964584,0.9986051917076111,1,80706,665
1786070204,902317220,1,-263.2771911621094,112.35182189941406,-56.4807014465332,,,,,,,,,,80707,665
1786070204,902317220,,,,,5,-1535.819580078125,1059.0184326171875,-827.3484497070312,0.02749195136129856,-0.016251444816589355,-0.041107770055532455,0.9986441135406494,1,80707,665
1786070204,911112210,1,-263.6885986328125,111.90925598144531,-56.75705337524414,,,,,,,,,,80708,665
1786070204,911112210,,,,,5,-1535.82373046875,1059.0408935546875,-827.3233642578125,0.027760900557041168,-0.0161188542842865,-0.0421169139444828,0.9985968470573425,1,80708,665
1786070204,919407451,1,-263.1208801269531,112.29815673828125,-56.53424072265625,,,,,,,,,,80709,665
1786070204,919407451,,,,,5,-1535.8336181640625,1059.0435791015625,-827.3184814453125,0.027068007737398148,-0.01643250323832035,-0.041449904441833496,0.9986386299133301,1,80709,665
1786070204,927409000,1,-262.3559265136719,112.56015014648438,-56.53678894042969,,,,,,,,,,80710,665
1786070204,927409000,,,,,5,-1535.8212890625,1059.0447998046875,-827.3512573242188,0.027633490040898323,-0.016332553699612617,-0.04214272275567055,0.9985958337783813,1,80710,665
1786070204,936242813,1,-256.1481628417969,113.7952651977539,-58.443241119384766,,,,,,,,,,80711,665
1786070204,936242813,,,,,5,-1535.800048828125,1059.0643310546875,-827.3314819335938,0.027110781520605087,-0.016608737409114838,-0.04138820990920067,0.9986371397972107,1,80711,665
1786070204,944139350,1,-247.66769409179688,115.33123779296875,-61.43154525756836,,,,,,,,,,80712,665
1786070204,944139350,,,,,5,-1535.8603515625,1059.1043701171875,-827.3433837890625,0.027328917756676674,-0.016352349892258644,-0.04240788519382477,0.998592734336853,1,80712,665
1786070204,953325074,1,-238.2917938232422,116.8597412109375,-64.356201171875,,,,,,,,,,80713,665
1786070204,953325074,,,,,5,-1535.839111328125,1059.0191650390625,-827.3328247070312,0.027659723535180092,-0.016136640682816505,-0.041573770344257355,0.9986222386360168,1,80713,665
1786070204,961134905,1,-232.96034240722656,115.33200073242188,-68.6542739868164,,,,,,,,,,80714,665
1786070204,961134905,,,,,5,-1535.8026123046875,1059.0423583984375,-827.32470703125,0.027540847659111023,-0.016369279474020004,-0.04081296548247337,0.9986529350280762,1,80714,665
1786070204,969235898,1,-226.276123046875,110.71529388427734,-70.18514251708984,,,,,,,,,,80715,665
1786070204,969235898,,,,,5,-1535.8240966796875,1059.035400390625,-827.36767578125,0.02816609852015972,-0.01601025089621544,-0.04267625883221626,0.9985634684562683,1,80715,665
1786070204,977025725,1,-214.1597137451172,112.6948013305664,-74.63326263427734,,,,,,,,,,80716,665
1786070204,977025725,,,,,5,-1535.8392333984375,1059.0770263671875,-827.3342895507812,0.027462713420391083,-0.016568563878536224,-0.04137726128101349,0.9986287355422974,1,80716,665
1786070204,986092962,1,-208.53216552734375,111.9144058227539,-78.67243957519531,,,,,,,,,,80717,665
1786070204,986092962,,,,,5,-1535.8253173828125,1059.07080078125,-827.3229370117188,0.027545005083084106,-0.016406377777457237,-0.04176750034093857,0.9986127614974976,1,80717,665
1786070204,994392043,1,-199.9934539794922,110.20751953125,-80.86801147460938,,,,,,,,,,80718,665
1786070204,994392043,,,,,5,-1535.7984619140625,1059.0260009765625,-827.3456420898438,0.028088849037885666,-0.01618088409304619,-0.043042100965976715,0.9985472559928894,1,80718,665
1786070205,3078147,1,-190.62466430664062,112.86247253417969,-83.5569839477539,,,,,,,,,,80719,666
1786070205,3078147,,,,,5,-1535.8402099609375,1059.0313720703125,-827.3178100585938,0.027707425877451897,-0.01634328067302704,-0.0417267307639122,0.9986110925674438,1,80719,666
1786070205,11224270,1,-181.81256103515625,114.30693817138672,-86.468017578125,,,,,,,,,,80720,666
1786070205,11224270,,,,,5,-1535.81396484375,1059.060791015625,-827.3196411132812,0.027708135545253754,-0.016286877915263176,-0.04249104857444763,0.998579740524292,1,80720,666
1786070205,19016947,1,-171.59446716308594,113.37651062011719,-89.48725128173828,,,,,,,,,,80721,666
1786070205,19016947,,,,,5,-1535.8167724609375,1059.0384521484375,-827.3199462890625,0.02764142118394375,-0.016250990331172943,-0.04213715344667435,0.9985971450805664,1,80721,666
1786070205,27860556,1,-162.51979064941406,113.0426254272461,-92.25119018554688,,,,,,,,,,80722,666
1786070205,27860556,,,,,5,-1535.8125,1059.0672607421875,-827.3297119140625,0.02755029872059822,-0.01634427346289158,-0.041625767946243286,0.9986196160316467,1,80722,666
1786070205,36050400,1,-153.47802734375,112.98135375976562,-95.69055938720703,,,,,,,,,,80723,666
1786070205,36050400,,,,,5,-1535.8182373046875,1059.058837890625,-827.3728637695312,0.027420151978731155,-0.016244662925601006,-0.041437990963459015,0.9986326098442078,1,80723,666
1786070205,46014331,1,-141.3011474609375,113.07683563232422,-98.5009536743164,,,,,,,,,,80724,666
1786070205,46014331,,,,,5,-1535.8253173828125,1059.053466796875,-827.3353881835938,0.027808494865894318,-0.016277750954031944,-0.04254266619682312,0.99857497215271,1,80724,666
1786070205,52941937,1,-134.01040649414062,107.24354553222656,-103.39764404296875,,,,,,,,,,80725,666
1786070205,52941937,,,,,5,-1535.7913818359375,1059.0572509765625,-827.3455200195312,0.027722865343093872,-0.01634393446147442,-0.042294684797525406,0.9985867142677307,1,80725,666
1786070205,61878333,1,-125.1839828491211,109.27542114257812,-104.70525360107422,,,,,,,,,,80726,666
1786070205,61878333,,,,,5,-1535.84033203125,1059.1087646484375,-827.34765625,0.0275585800409317,-0.016283245757222176,-0.04202241078019142,0.9986038208007812,1,80726,666
1786070205,69015997,1,-115.96930694580078,110.63763427734375,-108.3238525390625,,,,,,,,,,80727,666
1786070205,69015997,,,,,5,-1535.7933349609375,1058.9998779296875,-827.3515625,0.02788435108959675,-0.015987128019332886,-0.04186471551656723,0.9986060857772827,1,80727,666
1786070205,77663214,1,-109.32872009277344,112.5881576538086,-110.778076171875,,,,,,,,,,80728,666
1786070205,77663214,,,,,5,-1535.7685546875,1059.0618896484375,-827.3703002929688,0.026978863403201103,-0.016751857474446297,-0.041508521884679794,0.9986333250999451,1,80728,666
1786070205,86137660,1,-99.34911346435547,112.64817810058594,-113.17813873291016,,,,,,,,,,80729,666
1786070205,86137660,,,,,5,-1535.8358154296875,1059.0833740234375,-827.3302001953125,0.027325456961989403,-0.016401506960392,-0.04190865531563759,0.9986129403114319,1,80729,666
1786070205,94609482,1,-91.50535583496094,110.3887710571289,-115.17863464355469,,,,,,,,,,80730,666
1786070205,94609482,,,,,5,-1535.8018798828125,1059.0360107421875,-827.3324584960938,0.02756374515593052,-0.016462000086903572,-0.042269397526979446,0.9985902905464172,1,80730,666
1786070205,102903220,1,-84.75161743164062,112.28764343261719,-117.8714370727539,,,,,,,,,,80731,666
1786070205,102903220,,,,,5,-1535.7867431640625,1059.0491943359375,-827.3543090820312,0.027445347979664803,-0.016444800421595573,-0.04150868207216263,0.9986256957054138,1,80731,666
1786070205,110773640,1,-76.07266235351562,109.4369888305664,-120.67904663085938,,,,,,,,,,80732,666
1786070205,110773640,,,,,5,-1535.8155517578125,1059.0491943359375,-827.3529663085938,0.027644943445920944,-0.016174307093024254,-0.042281411588191986,0.99859219789505,1,80732,666
1786070205,118938264,1,-70.25115203857422,110.41019439697266,-122.76603698730469,,,,,,,,,,80733,666
1786070205,118938264,,,,,5,-1535.8045654296875,1059.0360107421875,-827.3302612304688,0.02749766781926155,-0.016343319788575172,-0.042318180203437805,0.9985918998718262,1,80733,666
1786070205,127911723,1,-18.74575424194336,194.38302612304688,-183.52532958984375,,,,,,,,,,80734,666
1786070205,127911723,,,,,5,-1535.8114013671875,1059.0535888671875,-827.31396484375,0.02763025276362896,-0.01632813550531864,-0.04190721735358238,0.9986058473587036,1,80734,666
1786070205,136400668,1,-10.971319198608398,190.20484924316406,-191.3161163330078,,,,,,,,,,80735,666
1786070205,136400668,,,,,5,-1535.7908935546875,1059.0164794921875,-827.3915405273438,0.02791697531938553,-0.01608848385512829,-0.041991159319877625,0.9985982775688171,1,80735,666
1786070205,143695804,1,-51.1333122253418,112.9144058227539,-130.2332305908203,,,,,,,,,,80736,666
1786070205,143695804,,,,,5,-1535.7606201171875,1058.9835205078125,-827.3407592773438,0.027669601142406464,-0.01620672084391117,-0.04140828177332878,0.9986276030540466,1,80736,666
1786070205,152519697,1,-44.991092681884766,110.7621841430664,-132.0268096923828,,,,,,,,,,80737,666
1786070205,152519697,,,,,5,-1535.7371826171875,1059.002685546875,-827.3685913085938,0.027735361829400063,-0.016705254092812538,-0.04173944517970085,0.9986038208007812,1,80737,666
1786070205,160983773,1,-38.51358413696289,111.63922119140625,-135.04383850097656,,,,,,,,,,80738,666
1786070205,160983773,,,,,5,-1535.8458251953125,1059.1029052734375,-827.3366088867188,0.02725430205464363,-0.0163259319961071,-0.04160623252391815,0.9986288547515869,1,80738,666
1786070205,169819828,1,-33.4882698059082,111.79081726074219,-136.81765747070312,,,,,,,,,,80739,666
1786070205,169819828,,,,,5,-1535.8394775390625,1059.05078125,-827.30615234375,0.027869006618857384,-0.016111956909298897,-0.04282069951295853,0.9985640048980713,1,80739,666
1786070205,177614329,1,-27.471567153930664,112.0995864868164,-139.1903839111328,,,,,,,,,,80740,666
1786070205,177614329,,,,,5,-1535.820556640625,1059.0721435546875,-827.3104858398438,0.027895284816622734,-0.0161979291588068,-0.0425732247531414,0.9985724091529846,1,80740,666
1786070205,185896417,1,-22.42643928527832,111.96099090576172,-141.51663208007812,,,,,,,,,,80741,666
1786070205,185896417,,,,,5,-1535.8046875,1059.039794921875,-827.33251953125,0.027477312833070755,-0.016266416758298874,-0.04163322225213051,0.9986226558685303,1,80741,666
1786070205,193707529,1,-15.622354507446289,111.49055480957031,-143.29373168945312,,,,,,,,,,80742,666
1786070205,193707529,,,,,5,-1535.8447265625,1059.0726318359375,-827.34228515625,0.027417762205004692,-0.016296306625008583,-0.04217206686735153,0.9986011385917664,1,80742,666
1786070205,202690910,1,-9.210245132446289,109.96451568603516,-145.7430419921875,,,,,,,,,,80743,666
1786070205,202690910,,,,,5,-1535.7845458984375,1058.984130859375,-827.3298950195312,0.02772863395512104,-0.016165204346179962,-0.04198593646287918,0.998602569103241,1,80743,666
1786070205,210339398,1,-3.2220332622528076,110.84451293945312,-148.19737243652344,,,,,,,,,,80744,666
1786070205,210339398,,,,,5,-1535.8427734375,1059.07373046875,-827.3526611328125,0.02803845889866352,-0.016064733266830444,-0.04259810224175453,0.9985695481300354,1,80744,666
1786070205,219600371,1,2.998499870300293,111.36329650878906,-150.4669647216797,,,,,,,,,,80745,666
1786070205,219600371,,,,,5,-1535.841064453125,1059.0511474609375,-827.30712890625,0.02747863344848156,-0.016440490260720253,-0.04214660823345184,0.9985981583595276,1,80745,666
1786070205,227517840,1,8.112442970275879,110.97017669677734,-153.2178955078125,,,,,,,,,,80746,666
1786070205,227517840,,,,,5,-1535.79833984375,1059.013427734375,-827.3223876953125,0.027950728312134743,-0.016180135309696198,-0.04198072478175163,0.9985963106155396,1,80746,666
1786070205,236234159,1,14.145373344421387,109.91352844238281,-155.72166442871094,,,,,,,,,,80747,666
1786070205,236234159,,,,,5,-1535.803466796875,1059.0042724609375,-827.3531494140625,0.027785779908299446,-0.016113925725221634,-0.0423247329890728,0.9985874891281128,1,80747,666
1786070205,244423076,1,23.199007034301758,112.5383529663086,-158.1511993408203,,,,,,,,,,80748,666
1786070205,244423076,,,,,5,-1535.7991943359375,1059.0157470703125,-827.32421875,0.027991417795419693,-0.016045834869146347,-0.04223356023430824,0.9985866546630859,1,80748,666
1786070205,252467740,1,26.287660598754883,111.67042541503906,-160.33177185058594,,,,,,,,,,80749,666
1786070205,252467740,,,,,5,-1535.8162841796875,1059.02978515625,-827.2957153320312,0.02760896272957325,-0.016312189400196075,-0.04156525060534477,0.9986211061477661,1,80749,666
1786070205,261154100,1,31.92811393737793,111.6541976928711,-162.52261352539062,,,,,,,,,,80750,666
1786070205,261154100,,,,,5,-1535.7427978515625,1059.0191650390625,-827.3806762695312,0.02742939628660679,-0.016707541421055794,-0.04136970639228821,0.9986275434494019,1,80750,666
1786070205,269230994,1,39.146888732910156,111.80979919433594,-165.0440673828125,,,,,,,,,,80751,666
1786070205,269230994,,,,,5,-1535.726806640625,1058.993408203125,-827.3515625,0.027219627052545547,-0.016733508557081223,-0.041018422693014145,0.9986473321914673,1,80751,666
1786070205,277489269,1,43.73875045776367,113.27143096923828,-165.4937744140625,,,,,,,,,,80752,666
1786070205,277489269,,,,,5,-1535.7786865234375,1059.00048828125,-827.3328247070312,0.027821669355034828,-0.016315700486302376,-0.04167318344116211,0.9986105561256409,1,80752,666
1786070205,286507281,1,50.88632583618164,114.65155029296875,-167.37286376953125,,,,,,,,,,80753,666
1786070205,286507281,,,,,5,-1535.821533203125,1059.0806884765625,-827.3402709960938,0.026974154636263847,-0.016713041812181473,-0.0412633903324604,0.9986441731452942,1,80753,666
1786070205,294372676,1,55.52321243286133,112.12171936035156,-170.95030212402344,,,,,,,,,,80754,666
1786070205,294372676,,,,,5,-1535.8048095703125,1059.0115966796875,-827.3522338867188,0.027727890759706497,-0.01622079685330391,-0.04185054823756218,0.998607337474823,1,80754,666
1786070205,303694077,1,61.53147506713867,112.02310943603516,-173.153564453125,,,,,,,,,,80755,666
1786070205,303694077,,,,,5,-1535.753662109375,1059.0150146484375,-827.345703125,0.027551701292395592,-0.016428746283054352,-0.040754567831754684,0.9986540675163269,1,80755,666
1786070205,310929042,1,69.67993927001953,113.26216888427734,-176.37771606445312,,,,,,,,,,80756,666
1786070205,310929042,,,,,5,-1535.7913818359375,1059.0076904296875,-827.3226928710938,0.027820589020848274,-0.01642693392932415,-0.04112493619322777,0.998631477355957,1,80756,666
1786070205,319295882,1,72.54877471923828,110.73973083496094,-177.3161163330078,,,,,,,,,,80757,666
1786070205,319295882,,,,,5,-1535.7969970703125,1058.9969482421875,-827.337890625,0.027890456840395927,-0.01636297069489956,-0.042013511061668396,0.9985936284065247,1,80757,666
1786070205,328737243,1,76.66584014892578,108.9239501953125,-179.25376892089844,,,,,,,,,,80758,666
1786070205,328737243,,,,,5,-1535.8099365234375,1059.0294189453125,-827.3075561523438,0.027820339426398277,-0.016400935128331184,-0.04244668781757355,0.9985767006874084,1,80758,666
1786070205,335963246,1,85.67977905273438,112.19303894042969,-182.7298126220703,,,,,,,,,,80759,666
1786070205,335963246,,,,,5,-1535.770263671875,1059.0098876953125,-827.3677978515625,0.027781778946518898,-0.01629895344376564,-0.04157622158527374,0.9986159205436707,1,80759,666
1786070205,344127229,1,90.99555206298828,111.47271728515625,-184.87252807617188,,,,,,,,,,80760,666
1786070205,344127229,,,,,5,-1535.796142578125,1059.0321044921875,-827.3760986328125,0.02770027332007885,-0.016439644619822502,-0.04200885817408562,0.9985979199409485,1,80760,666
1786070205,353191939,1,96.06626892089844,111.7398681640625,-186.73812866210938,,,,,,,,,,80761,666
1786070205,353191939,,,,,5,-1535.8045654296875,1059.0279541015625,-827.3303833007812,0.027519412338733673,-0.016413727775216103,-0.041774097830057144,0.998613178730011,1,80761,666
1786070205,360875281,1,103.84917449951172,111.94666290283203,-187.45091247558594,,,,,,,,,,80762,666
1786070205,360875281,,,,,5,-1535.8408203125,1059.041259765625,-827.3392944335938,0.02774892747402191,-0.01627509668469429,-0.04211346432566643,0.9985948204994202,1,80762,666
1786070205,369220229,1,106.3814468383789,109.15888214111328,-191.2869415283203,,,,,,,,,,80763,666
1786070205,369220229,,,,,5,-1535.805908203125,1059.0419921875,-827.3269653320312,0.02773384004831314,-0.016084318980574608,-0.04204753786325455,0.9986010193824768,1,80763,666
1786070205,377754112,1,113.3430404663086,109.8221206665039,-193.32257080078125,,,,,,,,,,80764,666
1786070205,377754112,,,,,5,-1535.8128662109375,1059.0191650390625,-827.2987670898438,0.02742381952702999,-0.016647685319185257,-0.04100102558732033,0.9986439347267151,1,80764,666
1786070205,386242833,1,119.49095153808594,109.31951141357422,-194.72882080078125,,,,,,,,,,80765,666
1786070205,386242833,,,,,5,-1535.7667236328125,1059.031982421875,-827.3409423828125,0.027199989184737206,-0.016980977728962898,-0.04092546924948692,0.9986476302146912,1,80765,666
1786070205,394441639,1,124.0788345336914,110.29188537597656,-196.93653869628906,,,,,,,,,,80766,666
1786070205,394441639,,,,,5,-1535.7916259765625,1059.0101318359375,-827.3141479492188,0.027527151629328728,-0.01626775972545147,-0.04199521243572235,0.9986060261726379,1,80766,666
1786070205,403132097,1,128.8823699951172,109.67972564697266,-198.9051055908203,,,,,,,,,,80767,666
1786070205,403132097,,,,,5,-1535.8248291015625,1059.06298828125,-827.33251953125,0.027256999164819717,-0.016421696171164513,-0.04163341969251633,0.9986261129379272,1,80767,666
1786070205,410888830,1,133.8679656982422,109.68920135498047,-201.71682739257812,,,,,,,,,,80768,666
1786070205,410888830,,,,,5,-1535.689697265625,1058.9691162109375,-827.4050903320312,0.027949312701821327,-0.016559815034270287,-0.04196520522236824,0.9985908269882202,1,80768,666
1786070205,419290718,1,138.9561767578125,109.11563110351562,-203.6350555419922,,,,,,,,,,80769,666
1786070205,419290718,,,,,5,-1535.781982421875,1059.0299072265625,-827.3934936523438,0.02796480990946293,-0.016178671270608902,-0.042194608598947525,0.998586893081665,1,80769,666
1786070205,427149904,1,143.99151611328125,108.9639663696289,-205.77725219726562,,,,,,,,,,80770,666
1786070205,427149904,,,,,5,-1535.8035888671875,1059.04931640625,-827.2974853515625,0.02704196609556675,-0.016734236851334572,-0.04085279628634453,0.9986589550971985,1,80770,666
1786070205,435742838,1,149.3107452392578,107.01996612548828,-207.5321044921875,,,,,,,,,,80771,666
1786070205,435742838,,,,,5,-1535.8375244140625,1059.0692138671875,-827.3375854492188,0.027228249236941338,-0.016397280618548393,-0.04143849387764931,0.9986354112625122,1,80771,666
1786070205,444602226,1,154.47509765625,108.93682861328125,-209.80545043945312,,,,,,,,,,80772,666
1786070205,444602226,,,,,5,-1535.7978515625,1059.0667724609375,-827.3295288085938,0.02717200107872486,-0.01649244874715805,-0.04160779342055321,0.9986282587051392,1,80772,666
1786070205,452726042,1,159.81784057617188,108.91114044189453,-211.91751098632812,,,,,,,,,,80773,666
1786070205,452726042,,,,,5,-1535.843994140625,1059.0701904296875,-827.3142700195312,0.027236172929406166,-0.016632890328764915,-0.041468940675258636,0.9986299276351929,1,80773,666
1786070205,460750093,1,165.3273468017578,109.04306030273438,-214.0324249267578,,,,,,,,,,80774,666
1786070205,460750093,,,,,5,-1535.8421630859375,1059.033447265625,-827.2979736328125,0.027307379990816116,-0.016634542495012283,-0.0419335812330246,0.9986086487770081,1,80774,666
1786070205,470290514,1,169.86419677734375,108.93603515625,-216.24343872070312,,,,,,,,,,80775,666
1786070205,470290514,,,,,5,-1535.8353271484375,1059.0628662109375,-827.3034057617188,0.027414003387093544,-0.01655231975018978,-0.041315462440252304,0.9986328482627869,1,80775,666
1786070205,477494112,1,175.03305053710938,108.99942016601562,-219.0507049560547,,,,,,,,,,80776,666
1786070205,477494112,,,,,5,-1535.8470458984375,1059.0921630859375,-827.3277587890625,0.027666369453072548,-0.016233691945672035,-0.042286790907382965,0.9985904693603516,1,80776,666
1786070205,485446917,1,180.28611755371094,107.53572845458984,-220.39747619628906,,,,,,,,,,80777,666
1786070205,485446917,,,,,5,-1535.8358154296875,1059.0736083984375,-827.3289184570312,0.027080226689577103,-0.016631191596388817,-0.041374415159225464,0.9986382126808167,1,80777,666
1786070205,494550002,1,185.3500518798828,106.52792358398438,-222.81576538085938,,,,,,,,,,80778,666
1786070205,494550002,,,,,5,-1535.84619140625,1059.100830078125,-827.3215942382812,0.027431441470980644,-0.016476547345519066,-0.04212820529937744,0.9985997080802917,1,80778,666
1786070205,502823672,1,190.5884246826172,107.40066528320312,-224.4288787841797,,,,,,,,,,80779,666
1786070205,502823672,,,,,5,-1535.841064453125,1059.0789794921875,-827.3147583007812,0.02728302963078022,-0.01652119681239128,-0.041368357837200165,0.9986346364021301,1,80779,666
1786070205,510775869,1,195.03330993652344,106.80313110351562,-226.2225341796875,,,,,,,,,,80780,666
1786070205,510775869,,,,,5,-1535.8349609375,1059.0667724609375,-827.3076171875,0.027165116742253304,-0.01650807447731495,-0.041385576128959656,0.9986374974250793,1,80780,666
1786070205,519800026,1,201.17010498046875,107.69273376464844,-228.7479248046875,,,,,,,,,,80781,666
1786070205,519800026,,,,,5,-1535.7366943359375,1059.0120849609375,-827.3607788085938,0.027386782690882683,-0.016786832362413406,-0.041071195155382156,0.998639702796936,1,80781,666
1786070205,527524529,1,206.93240356445312,108.21763610839844,-230.91908264160156,,,,,,,,,,80782,666
1786070205,527524529,,,,,5,-1535.8441162109375,1059.0936279296875,-827.3497314453125,0.02733958140015602,-0.016456734389066696,-0.04207117110490799,0.998604953289032,1,80782,666
1786070205,535658842,1,213.01773071289062,108.38982391357422,-232.98361206054688,,,,,,,,,,80783,666
1786070205,535658842,,,,,5,-1535.8310546875,1059.0780029296875,-827.33251953125,0.02698616124689579,-0.016377944499254227,-0.041559476405382156,0.9986372590065002,1,80783,666
1786070205,544481903,1,218.50680541992188,108.35865783691406,-235.3517608642578,,,,,,,,,,80784,666
1786070205,544481903,,,,,5,-1535.8043212890625,1059.0316162109375,-827.2946166992188,0.027849553152918816,-0.016354234889149666,-0.04235058277845383,0.9985807538032532,1,80784,666
1786070205,552390603,1,224.00802612304688,107.6948013305664,-237.5547637939453,,,,,,,,,,80785,666
1786070205,552390603,,,,,5,-1535.7698974609375,1059.0614013671875,-827.3677978515625,0.02708166278898716,-0.016842467710375786,-0.0411253497004509,0.9986448884010315,1,80785,666
1786070205,561138096,1,229.61907958984375,107.86930084228516,-239.63894653320312,,,,,,,,,,80786,666
1786070205,561138096,,,,,5,-1535.767578125,1058.9857177734375,-827.3034057617188,0.027613529935479164,-0.016347764059901237,-0.04231864959001541,0.9985886216163635,1,80786,666
1786070205,569993035,1,234.56651306152344,109.25379180908203,-242.05776977539062,,,,,,,,,,80787,666
1786070205,569993035,,,,,5,-1535.8641357421875,1059.0869140625,-827.3004150390625,0.02728142775595188,-0.016432853415608406,-0.04139455780386925,0.9986351728439331,1,80787,666
1786070205,577469840,1,239.99957275390625,107.49858856201172,-243.5088653564453,,,,,,,,,,80788,666
1786070205,577469840,,,,,5,-1535.8753662109375,1059.0936279296875,-827.3408203125,0.027327008545398712,-0.016542600467801094,-0.041368287056684494,0.9986332058906555,1,80788,666
1786070205,586227704,1,243.97552490234375,105.72526550292969,-247.34854125976562,,,,,,,,,,80789,666
1786070205,586227704,,,,,5,-1535.8568115234375,1059.0809326171875,-827.3102416992188,0.0267782062292099,-0.016734512522816658,-0.040531765669584274,0.9986791610717773,1,80789,666
1786070205,594282033,1,250.17332458496094,105.88562774658203,-248.36961364746094,,,,,,,,,,80790,666
1786070205,594282033,,,,,5,-1535.8682861328125,1059.079833984375,-827.2926025390625,0.027091199532151222,-0.016645565629005432,-0.0414007268846035,0.9986366033554077,1,80790,666
1786070205,603310703,1,254.98329162597656,106.0853042602539,-250.40969848632812,,,,,,,,,,80791,666
1786070205,603310703,,,,,5,-1535.8424072265625,1059.1087646484375,-827.3200073242188,0.02689899504184723,-0.016718048602342606,-0.040478479117155075,0.9986783862113953,1,80791,666
1786070205,611129657,1,259.8928527832031,105.4513168334961,-252.41896057128906,,,,,,,,,,80792,666
1786070205,611129657,,,,,5,-1535.8192138671875,1059.0272216796875,-827.2907104492188,0.027385184541344643,-0.016377976164221764,-0.04121179133653641,0.9986408352851868,1,80792,666
1786070205,619277765,1,265.27447509765625,107.60812377929688,-254.37843322753906,,,,,,,,,,80793,666
1786070205,619277765,,,,,5,-1535.8798828125,1059.1295166015625,-827.29443359375,0.027181027457118034,-0.01664239726960659,-0.04154790937900543,0.9986280202865601,1,80793,666
1786070205,627984803,1,270.8680114746094,108.70870208740234,-255.9501190185547,,,,,,,,,,80794,666
1786070205,627984803,,,,,5,-1535.8511962890625,1059.0960693359375,-827.3275756835938,0.026972103863954544,-0.016711058095097542,-0.04071103408932686,0.9986669421195984,1,80794,666
1786070205,636323605,1,277.07708740234375,105.6004867553711,-258.52032470703125,,,,,,,,,,80795,666
1786070205,636323605,,,,,5,-1535.822998046875,1059.03759765625,-827.3111572265625,0.02768007293343544,-0.016432125121355057,-0.0413735993206501,0.9986249804496765,1,80795,666
1786070205,644389425,1,281.14544677734375,107.91800689697266,-260.35943603515625,,,,,,,,,,80796,666
1786070205,644389425,,,,,5,-1535.8238525390625,1059.0604248046875,-827.3178100585938,0.027301102876663208,-0.01640118844807148,-0.04155140742659569,0.9986286759376526,1,80796,666
1786070205,652473457,1,286.59478759765625,105.46561431884766,-262.0621032714844,,,,,,,,,,80797,666
1786070205,652473457,,,,,5,-1535.8740234375,1059.1048583984375,-827.3175659179688,0.02743951603770256,-0.016329236328601837,-0.0417226143181324,0.9986188411712646,1,80797,666
1786070205,661006219,1,291.9568786621094,105.19054412841797,-264.0760192871094,,,,,,,,,,80798,666
1786070205,661006219,,,,,5,-1535.8465576171875,1059.0595703125,-827.3321533203125,0.02773893252015114,-0.01613188162446022,-0.041966911405324936,0.9986035823822021,1,80798,666
1786070205,669273839,1,297.36651611328125,106.50789642333984,-266.4530334472656,,,,,,,,,,80799,666
1786070205,669273839,,,,,5,-1535.837646484375,1059.0648193359375,-827.3112182617188,0.027644669637084007,-0.016376111656427383,-0.041781600564718246,0.9986100196838379,1,80799,666
1786070205,677859348,1,300.7239685058594,106.5350112915039,-268.94805908203125,,,,,,,,,,80800,666
1786070205,677859348,,,,,5,-1535.8173828125,1059.0318603515625,-827.3102416992188,0.027671286836266518,-0.01632920652627945,-0.04169055446982384,0.9986138343811035,1,80800,666
1786070205,686323808,1,305.5064392089844,106.56572723388672,-270.50115966796875,,,,,,,,,,80801,666
1786070205,686323808,,,,,5,-1535.8167724609375,1059.0345458984375,-827.30322265625,0.027703845873475075,-0.016226567327976227,-0.041233211755752563,0.9986335635185242,1,80801,666
1786070205,694473421,1,310.7248840332031,106.69556427001953,-272.8492431640625,,,,,,,,,,80802,666
1786070205,694473421,,,,,5,-1535.803466796875,1059.0650634765625,-827.3258666992188,0.02779035083949566,-0.016381332650780678,-0.04168317839503288,0.9986099600791931,1,80802,666
1786070205,702757717,1,316.6301574707031,108.26052856445312,-275.0046081542969,,,,,,,,,,80803,666
1786070205,702757717,,,,,5,-1535.8297119140625,1059.020751953125,-827.2981567382812,0.027696670964360237,-0.016348518431186676,-0.042081765830516815,0.9985963702201843,1,80803,666
1786070205,711086885,1,323.3500061035156,107.70526123046875,-275.1844482421875,,,,,,,,,,80804,666
1786070205,711086885,,,,,5,-1535.85546875,1059.0531005859375,-827.328125,0.027891358360648155,-0.016272500157356262,-0.04248533025383949,0.9985750913619995,1,80804,666
1786070205,719217710,1,328.7398986816406,106.31031036376953,-277.6185302734375,,,,,,,,,,80805,666
1786070205,719217710,,,,,5,-1535.8382568359375,1059.0478515625,-827.310546875,0.027632126584649086,-0.016301432624459267,-0.04204077273607254,0.9986006617546082,1,80805,666
1786070205,727872161,1,333.0082092285156,106.40584564208984,-279.50567626953125,,,,,,,,,,80806,666
1786070205,727872161,,,,,5,-1535.83544921875,1059.0802001953125,-827.3016967773438,0.027940576896071434,-0.016238419339060783,-0.0420730784535408,0.9985917806625366,1,80806,666
1786070205,736052692,1,337.4486389160156,105.07806396484375,-282.5838623046875,,,,,,,,,,80807,666
1786070205,736052692,,,,,5,-1535.8343505859375,1059.0313720703125,-827.2921752929688,0.027250085026025772,-0.01674821972846985,-0.041040174663066864,0.9986453652381897,1,80807,666
1786070205,743769161,1,343.48785400390625,106.43943786621094,-284.21240234375,,,,,,,,,,80808,666
1786070205,743769161,,,,,5,-1535.834228515625,1059.0989990234375,-827.3106689453125,0.027255669236183167,-0.016496697440743446,-0.041755128651857376,0.9986197352409363,1,80808,666
1786070205,753030102,1,345.5204162597656,105.02703857421875,-286.90899658203125,,,,,,,,,,80809,666
1786070205,753030102,,,,,5,-1535.8602294921875,1059.0853271484375,-827.35009765625,0.027110537514090538,-0.016734309494495392,-0.041103512048721313,0.9986468553543091,1,80809,666
1786070205,760601486,1,354.74224853515625,104.73873901367188,-289.0907897949219,,,,,,,,,,80810,666
1786070205,760601486,,,,,5,-1535.8306884765625,1059.0491943359375,-827.2984619140625,0.027728751301765442,-0.016259361058473587,-0.04170270264148712,0.9986128807067871,1,80810,666
1786070205,769851577,1,357.57086181640625,106.63712310791016,-289.2530822753906,,,,,,,,,,80811,666
1786070205,769851577,,,,,5,-1535.8282470703125,1059.033203125,-827.2756958007812,0.02767988108098507,-0.01664314791560173,-0.04164831340312958,0.9986101984977722,1,80811,666
1786070205,777710315,1,362.96807861328125,104.63911437988281,-289.8033142089844,,,,,,,,,,80812,666
1786070205,777710315,,,,,5,-1535.8841552734375,1059.0877685546875,-827.2766723632812,0.028009820729494095,-0.01639225147664547,-0.04292621463537216,0.9985508918762207,1,80812,666
1786070205,786136623,1,369.89208984375,102.46571350097656,-293.8138122558594,,,,,,,,,,80813,666
1786070205,786136623,,,,,5,-1535.8173828125,1059.0433349609375,-827.3606567382812,0.02813047729432583,-0.0159448329359293,-0.042500514537096024,0.9985730648040771,1,80813,666
1786070205,794697071,1,373.5721435546875,104.45455169677734,-296.1656799316406,,,,,,,,,,80814,666
1786070205,794697071,,,,,5,-1535.8267822265625,1059.0068359375,-827.3327026367188,0.027830520644783974,-0.0161982923746109,-0.04117375984787941,0.9986329674720764,1,80814,666
1786070205,802723587,1,378.2260437011719,105.36666870117188,-296.8020324707031,,,,,,,,,,80815,666
1786070205,802723587,,,,,5,-1535.8369140625,1059.05517578125,-827.3458251953125,0.02765243500471115,-0.01621760055422783,-0.041627999395132065,0.9986187815666199,1,80815,666
1786070205,810495971,1,383.34442138671875,104.63381958007812,-299.56793212890625,,,,,,,,,,80816,666
1786070205,810495971,,,,,5,-1535.8167724609375,1059.0203857421875,-827.2982788085938,0.028068343177437782,-0.016116267070174217,-0.042024414986371994,0.9985922574996948,1,80816,666
1786070205,819631543,1,388.8096008300781,104.88121795654297,-299.64453125,,,,,,,,,,80817,666
1786070205,819631543,,,,,5,-1535.8197021484375,1059.036376953125,-827.2962036132812,0.027466434985399246,-0.01641954854130745,-0.04137500375509262,0.9986311793327332,1,80817,666
1786070205,827736442,1,394.0909118652344,106.3094482421875,-302.3538818359375,,,,,,,,,,80818,666
1786070205,827736442,,,,,5,-1535.8035888671875,1059.029052734375,-827.3598022460938,0.02791065350174904,-0.016022605821490288,-0.04215506836771965,0.9985926151275635,1,80818,666
1786070205,835950004,1,399.6147766113281,106.12728118896484,-305.331787109375,,,,,,,,,,80819,666
1786070205,835950004,,,,,5,-1535.8177490234375,1059.0096435546875,-827.3536987304688,0.027683591470122337,-0.016479095444083214,-0.0416250005364418,0.998613715171814,1,80819,666
1786070205,844423938,1,405.054443359375,105.7790756225586,-305.79852294921875,,,,,,,,,,80820,666
1786070205,844423938,,,,,5,-1535.832275390625,1059.044921875,-827.3155517578125,0.027418332174420357,-0.0164510365575552,-0.0408124215900898,0.9986552000045776,1,80820,666
1786070205,852743537,1,409.18853759765625,105.1596908569336,-309.00946044921875,,,,,,,,,,80821,666
1786070205,852743537,,,,,5,-1535.8138427734375,1059.033203125,-827.3151245117188,0.027225710451602936,-0.016469914466142654,-0.04064161702990532,0.9986670613288879,1,80821,666
1786070205,860454309,1,415.72601318359375,105.5007553100586,-310.77655029296875,,,,,,,,,,80822,666
1786070205,860454309,,,,,5,-1535.8431396484375,1059.0501708984375,-827.3223876953125,0.027625763788819313,-0.016184784471988678,-0.041506730020046234,0.9986250996589661,1,80822,666
1786070205,869657767,1,421.2063293457031,107.74662780761719,-314.16497802734375,,,,,,,,,,80823,666
1786070205,869657767,,,,,5,-1535.850341796875,1059.0638427734375,-827.3331909179688,0.027163628488779068,-0.016278203576803207,-0.040561873465776443,0.9986749887466431,1,80823,666
1786070205,878004667,1,423.09368896484375,107.66019439697266,-315.8517150878906,,,,,,,,,,80824,666
1786070205,878004667,,,,,5,-1535.794921875,1059.011962890625,-827.3461303710938,0.028048356994986534,-0.016075503081083298,-0.04202571511268616,0.9985933899879456,1,80824,666
1786070205,886561498,1,426.9952087402344,108.57212829589844,-316.60888671875,,,,,,,,,,80825,666
1786070205,886561498,,,,,5,-1535.8236083984375,1059.0439453125,-827.3274536132812,0.02749917097389698,-0.016227541491389275,-0.04206441342830658,0.9986045956611633,1,80825,666
1786070205,894308853,,,,,5,-1535.819580078125,1059.01513671875,-827.3121948242188,0.02758663520216942,-0.01622517965734005,-0.04164943844079971,0.9986196160316467,1,80826,666
1786070205,902579643,,,,,5,-1535.792236328125,1059.0048828125,-827.3524780273438,0.02789408527314663,-0.01606038026511669,-0.042095888406038284,0.9985949993133545,1,80827,666
1786070205,911242063,,,,,5,-1535.81494140625,1059.051513671875,-827.3588256835938,0.02788456156849861,-0.015905695036053658,-0.042167797684669495,0.9985946416854858,1,80828,666
1786070205,919286406,,,,,5,-1535.7783203125,1059.017333984375,-827.3756713867188,0.02793520875275135,-0.016119282692670822,-0.042025480419397354,0.9985958337783813,1,80829,666
1786070205,927463864,1,449.3546447753906,105.16559600830078,-326.8211364746094,,,,,,,,,,80830,666
1786070205,927463864,,,,,5,-1535.8096923828125,1059.0633544921875,-827.34521484375,0.02782471850514412,-0.016200996935367584,-0.04223323613405228,0.9985889196395874,1,80830,666
1786070205,936317267,1,457.5213928222656,108.43213653564453,-328.5848693847656,,,,,,,,,,80831,666
1786070205,936317267,,,,,5,-1535.787109375,1059.068115234375,-827.3129272460938,0.027096301317214966,-0.016575494781136513,-0.04124907776713371,0.9986438155174255,1,80831,666
1786070205,944457982,1,456.6396789550781,101.53289794921875,-329.6225891113281,,,,,,,,,,80832,666
1786070205,944457982,,,,,5,-1535.7933349609375,1059.0247802734375,-827.3487548828125,0.027908289805054665,-0.01605004444718361,-0.042592599987983704,0.9985736608505249,1,80832,666
1786070205,952566242,1,466.18768310546875,106.894287109375,-332.2570495605469,,,,,,,,,,80833,666
1786070205,952566242,,,,,5,-1535.828369140625,1059.0455322265625,-827.3414306640625,0.027621015906333923,-0.016506096348166466,-0.04181138053536415,0.9986072778701782,1,80833,666
1786070205,960670406,1,470.44219970703125,108.24239349365234,-333.7136535644531,,,,,,,,,,80834,666
1786070205,960670406,,,,,5,-1535.8045654296875,1059.044921875,-827.3443603515625,0.027660630643367767,-0.016283510252833366,-0.042126499116420746,0.9985966086387634,1,80834,666
1786070205,969399560,1,476.2030944824219,108.24114227294922,-335.5386657714844,,,,,,,,,,80835,666
1786070205,969399560,,,,,5,-1535.8096923828125,1059.0445556640625,-827.3269653320312,0.027543719857931137,-0.016344740986824036,-0.041719015687704086,0.9986159205436707,1,80835,666
1786070205,977656170,1,480.6198425292969,108.28264617919922,-337.3506774902344,,,,,,,,,,80836,666
1786070205,977656170,,,,,5,-1535.8302001953125,1059.0770263671875,-827.3359375,0.027928423136472702,-0.01628570444881916,-0.04245510324835777,0.9985752105712891,1,80836,666
1786070205,985913388,1,485.268310546875,107.89759826660156,-339.0375061035156,,,,,,,,,,80837,666
1786070205,985913388,,,,,5,-1535.8134765625,1059.0296630859375,-827.31640625,0.02750798873603344,-0.016496935859322548,-0.041544340550899506,0.9986217021942139,1,80837,666
1786070205,994411519,1,490.6686096191406,107.48927307128906,-340.5634765625,,,,,,,,,,80838,666
1786070205,994411519,,,,,5,-1535.8148193359375,1059.062744140625,-827.3627319335938,0.028299659490585327,-0.015887010842561722,-0.04373853653669357,0.9985157251358032,1,80838,666
1786070206,2488413,1,494.55816650390625,108.00161743164062,-342.43341064453125,,,,,,,,,,80839,667
1786070206,2488413,,,,,5,-1535.846923828125,1059.0650634765625,-827.3056030273438,0.02771664783358574,-0.016287487000226974,-0.04263440892100334,0.9985734820365906,1,80839,667
1786070206,11085445,1,499.37359619140625,108.59830474853516,-344.1250915527344,,,,,,,,,,80840,667
1786070206,11085445,,,,,5,-1535.779296875,1059.02734375,-827.3616333007812,0.027826551347970963,-0.01608637534081936,-0.04225631803274155,0.9985896348953247,1,80840,667
1786070206,19251286,1,505.06964111328125,109.17060852050781,-346.0916748046875,,,,,,,,,,80841,667
1786070206,19251286,,,,,5,-1535.815673828125,1059.0145263671875,-827.3405151367188,0.027826081961393356,-0.016167277470231056,-0.04246492311358452,0.9985795617103577,1,80841,667
1786070206,28009471,1,509.9666748046875,108.8071517944336,-347.61273193359375,,,,,,,,,,80842,667
1786070206,28009471,,,,,5,-1535.8153076171875,1059.049072265625,-827.3515625,0.02788712829351425,-0.0163875762373209,-0.0425175204873085,0.9985719919204712,1,80842,667
1786070206,36239869,1,514.6968994140625,107.39602661132812,-349.6194152832031,,,,,,,,,,80843,667
1786070206,36239869,,,,,5,-1535.8250732421875,1059.0999755859375,-827.3136596679688,0.02804064378142357,-0.016243532299995422,-0.04330090805888176,0.9985363483428955,1,80843,667
1786070206,44491936,1,519.2142944335938,109.49505615234375,-350.9933166503906,,,,,,,,,,80844,667
1786070206,44491936,,,,,5,-1535.7520751953125,1059.02294921875,-827.3806762695312,0.02814640663564205,-0.016367312520742416,-0.04354036599397659,0.9985209703445435,1,80844,667
1786070206,52514260,1,523.8353271484375,109.31892395019531,-352.6496276855469,,,,,,,,,,80845,667
1786070206,52514260,,,,,5,-1535.815673828125,1059.0252685546875,-827.3475952148438,0.027702929452061653,-0.016287054866552353,-0.04160147160291672,0.9986172914505005,1,80845,667
1786070206,61402391,1,528.5040893554688,109.69078826904297,-354.33392333984375,,,,,,,,,,80846,667
1786070206,61402391,,,,,5,-1535.8095703125,1059.047119140625,-827.33984375,0.02768009714782238,-0.016260676085948944,-0.04196275398135185,0.998603343963623,1,80846,667
1786070206,69283343,1,532.4542236328125,108.7972640991211,-355.9041442871094,,,,,,,,,,80847,667
1786070206,69283343,,,,,5,-1535.812744140625,1059.0804443359375,-827.3404541015625,0.027979379519820213,-0.016221147030591965,-0.04263871908187866,0.9985668659210205,1,80847,667
1786070206,76963998,1,538.1103515625,108.46940612792969,-357.75689697265625,,,,,,,,,,80848,667
1786070206,76963998,,,,,5,-1535.814208984375,1059.0386962890625,-827.3297729492188,0.028360914438962936,-0.016193462535738945,-0.04339916631579399,0.9985238909721375,1,80848,667
1786070206,86318272,1,542.0265502929688,108.03230285644531,-358.8237609863281,,,,,,,,,,80849,667
1786070206,86318272,,,,,5,-1535.8323974609375,1059.0377197265625,-827.341796875,0.027901193127036095,-0.01632397621870041,-0.0423065647482872,0.9985816478729248,1,80849,667
1786070206,95338782,1,545.5621337890625,107.74028015136719,-360.5787658691406,,,,,,,,,,80850,667
1786070206,95338782,,,,,5,-1535.7957763671875,1059.0286865234375,-827.3474731445312,0.027460770681500435,-0.016336714848876,-0.041575539857149124,0.9986243844032288,1,80850,667
1786070206,102863053,1,550.234619140625,107.4656753540039,-362.31048583984375,,,,,,,,,,80851,667
1786070206,102863053,,,,,5,-1535.818359375,1059.0433349609375,-827.3240356445312,0.027711912989616394,-0.01610325090587139,-0.042154714465141296,0.9985968470573425,1,80851,667
1786070206,110931499,1,555.371826171875,106.76815032958984,-363.94464111328125,,,,,,,,,,80852,667
1786070206,110931499,,,,,5,-1535.823486328125,1059.0704345703125,-827.3606567382812,0.027737323194742203,-0.016257919371128082,-0.04216419532895088,0.998593270778656,1,80852,667
1786070206,119952329,1,561.9871826171875,105.02391815185547,-365.2237548828125,,,,,,,,,,80853,667
1786070206,119952329,,,,,5,-1535.8450927734375,1059.0377197265625,-827.3285522460938,0.027546633034944534,-0.016591345891356468,-0.04211103171110153,0.9985951781272888,1,80853,667
1786070206,128868401,1,564.9656982421875,107.29698181152344,-366.9158020019531,,,,,,,,,,80854,667
1786070206,128868401,,,,,5,-1535.8541259765625,1059.0643310546875,-827.3234252929688,0.027135886251926422,-0.016758866608142853,-0.040594350546598434,0.998666524887085,1,80854,667
1786070206,135959562,1,569.9595947265625,106.89942932128906,-368.3744201660156,,,,,,,,,,80855,667
1786070206,135959562,,,,,5,-1535.8013916015625,1059.0343017578125,-827.3433837890625,0.027868108823895454,-0.01625458337366581,-0.04244394972920418,0.9985777735710144,1,80855,667
1786070206,144185287,1,574.3839111328125,107.63958740234375,-369.7069396972656,,,,,,,,,,80856,667
1786070206,144185287,,,,,5,-1535.8033447265625,1059.0474853515625,-827.3038330078125,0.02723081223666668,-0.01644192449748516,-0.04117012396454811,0.9986456632614136,1,80856,667
1786070206,152925676,1,579.8960571289062,107.82069396972656,-370.79931640625,,,,,,,,,,80857,667
1786070206,152925676,,,,,5,-1535.7962646484375,1059.0340576171875,-827.3624267578125,0.027997786179184914,-0.01611953414976597,-0.04219665005803108,0.9985868334770203,1,80857,667
1786070206,160930429,1,583.7115478515625,107.4180679321289,-372.6689453125,,,,,,,,,,80858,667
1786070206,160930429,,,,,5,-1535.8236083984375,1059.0535888671875,-827.3533325195312,0.02789563126862049,-0.016034843400120735,-0.042361292988061905,0.9985841512680054,1,80858,667
1786070206,170026346,1,587.3218994140625,106.97730255126953,-373.91015625,,,,,,,,,,80859,667
1786070206,170026346,,,,,5,-1535.7850341796875,1059.0067138671875,-827.3656616210938,0.027954675257205963,-0.016228018328547478,-0.04184478148818016,0.9986011385917664,1,80859,667
1786070206,177827314,1,591.0504760742188,106.86408233642578,-375.0537109375,,,,,,,,,,80860,667
1786070206,177827314,,,,,5,-1535.80224609375,1059.017822265625,-827.3158569335938,0.027605893090367317,-0.016354357823729515,-0.0414685420691967,0.9986245036125183,1,80860,667
1786070206,185543368,1,596.52001953125,106.52301788330078,-376.9400634765625,,,,,,,,,,80861,667
1786070206,185543368,,,,,5,-1535.8541259765625,1059.0614013671875,-827.3519897460938,0.027360226958990097,-0.016381513327360153,-0.041115883737802505,0.9986453652381897,1,80861,667
1786070206,194579817,1,599.865966796875,106.31108856201172,-378.4383239746094,,,,,,,,,,80862,667
1786070206,194579817,,,,,5,-1535.7850341796875,1059.0426025390625,-827.37548828125,0.027485128492116928,-0.016823114827275276,-0.04196096211671829,0.9985994696617126,1,80862,667
1786070206,202873300,1,603.0089111328125,106.9892807006836,-379.6444091796875,,,,,,,,,,80863,667
1786070206,202873300,,,,,5,-1535.7454833984375,1059.0045166015625,-827.4054565429688,0.02786673791706562,-0.01650434546172619,-0.04243297874927521,0.9985743165016174,1,80863,667
1786070206,210641461,1,605.8909301757812,105.57801818847656,-380.2296142578125,,,,,,,,,,80864,667
1786070206,210641461,,,,,5,-1535.8232421875,1059.04296875,-827.3342895507812,0.02769281156361103,-0.016262656077742577,-0.04162805899977684,0.9986169934272766,1,80864,667
1786070206,219622955,1,617.192138671875,105.94994354248047,-383.0191650390625,,,,,,,,,,80865,667
1786070206,219622955,,,,,5,-1535.8272705078125,1059.0565185546875,-827.3607788085938,0.027650311589241028,-0.01619284227490425,-0.04219188913702965,0.9985955357551575,1,80865,667
1786070206,227857994,1,620.7179565429688,106.05122375488281,-385.05438232421875,,,,,,,,,,80866,667
1786070206,227857994,,,,,5,-1535.7850341796875,1059.010498046875,-827.3541870117188,0.02781657502055168,-0.01618308201432228,-0.042238470166921616,0.9985890984535217,1,80866,667
1786070206,236727530,1,623.2527465820312,103.73509979248047,-385.6453552246094,,,,,,,,,,80867,667
1786070206,236727530,,,,,5,-1535.8045654296875,1059.018798828125,-827.3549194335938,0.027970222756266594,-0.016231277957558632,-0.04202833026647568,0.9985929727554321,1,80867,667
1786070206,244815659,1,627.41357421875,105.1673355102539,-387.2781982421875,,,,,,,,,,80868,667
1786070206,244815659,,,,,5,-1535.780029296875,1058.9974365234375,-827.3468627929688,0.02795388363301754,-0.01618555188179016,-0.04262891411781311,0.9985686540603638,1,80868,667
1786070206,252636279,1,631.30517578125,104.29325103759766,-388.56756591796875,,,,,,,,,,80869,667
1786070206,252636279,,,,,5,-1535.8299560546875,1059.0623779296875,-827.3385009765625,0.02783750183880329,-0.01599773019552231,-0.04253353923559189,0.9985790252685547,1,80869,667
1786070206,261231807,1,637.4396362304688,104.96598052978516,-388.3655700683594,,,,,,,,,,80870,667
1786070206,261231807,,,,,5,-1535.80615234375,1059.0250244140625,-827.3524780273438,0.028266025707125664,-0.016112688928842545,-0.04359794780611992,0.9985190629959106,1,80870,667
1786070206,269440569,1,639.9892578125,105.36901092529297,-390.6028137207031,,,,,,,,,,80871,667
1786070206,269440569,,,,,5,-1535.8446044921875,1059.0869140625,-827.3601684570312,0.027877729386091232,-0.016178280115127563,-0.04295967519283295,0.9985566735267639,1,80871,667
1786070206,278060678,1,643.7279052734375,105.36644744873047,-392.0204162597656,,,,,,,,,,80872,667
1786070206,278060678,,,,,5,-1535.8558349609375,1059.0972900390625,-827.3312377929688,0.02769085019826889,-0.016242362558841705,-0.04254591092467308,0.9985786080360413,1,80872,667
1786070206,286657806,1,648.0560302734375,105.84758758544922,-392.9028625488281,,,,,,,,,,80873,667
1786070206,286657806,,,,,5,-1535.8597412109375,1059.072021484375,-827.3502197265625,0.028064357116818428,-0.016015764325857162,-0.043365079909563065,0.9985367059707642,1,80873,667
1786070206,295188937,1,651.2362060546875,106.50942993164062,-393.59991455078125,,,,,,,,,,80874,667
1786070206,295188937,,,,,5,-1535.8343505859375,1059.0592041015625,-827.3308715820312,0.02834182232618332,-0.01579994335770607,-0.04334134981036186,0.998533308506012,1,80874,667
1786070206,303343384,1,655.980224609375,105.96267700195312,-394.6740417480469,,,,,,,,,,80875,667
1786070206,303343384,,,,,5,-1535.8236083984375,1059.10009765625,-827.3583374023438,0.027880873531103134,-0.016288647428154945,-0.043058428913354874,0.9985506534576416,1,80875,667
1786070206,311220943,1,658.009521484375,106.57744598388672,-397.1441345214844,,,,,,,,,,80876,667
1786070206,311220943,,,,,5,-1535.8345947265625,1059.0941162109375,-827.318359375,0.027993133291602135,-0.01615387760102749,-0.04240825027227402,0.9985774755477905,1,80876,667
1786070206,319429833,1,661.7893676757812,106.13465881347656,-397.36248779296875,,,,,,,,,,80877,667
1786070206,319429833,,,,,5,-1535.803466796875,1059.0677490234375,-827.3274536132812,0.02767152152955532,-0.01623426377773285,-0.04225029796361923,0.9985917806625366,1,80877,667
1786070206,327786497,1,668.0111694335938,106.56827545166016,-399.1059875488281,,,,,,,,,,80878,667
1786070206,327786497,,,,,5,-1535.8275146484375,1059.0460205078125,-827.302734375,0.027964986860752106,-0.016274185851216316,-0.04278319329023361,0.9985604286193848,1,80878,667
1786070206,335058141,1,672.7200927734375,107.33634948730469,-399.7394104003906,,,,,,,,,,80879,667
1786070206,335058141,,,,,5,-1535.8082275390625,1059.061279296875,-827.3368530273438,0.028016649186611176,-0.01595228537917137,-0.0433623380959034,0.9985390901565552,1,80879,667
1786070206,344659441,1,676.2241821289062,107.70755004882812,-400.74639892578125,,,,,,,,,,80880,667
1786070206,344659441,,,,,5,-1535.8133544921875,1059.0677490234375,-827.3609619140625,0.028264325112104416,-0.016062205657362938,-0.04279450327157974,0.9985548257827759,1,80880,667
1786070206,352522693,1,680.5068969726562,107.57757568359375,-401.9009094238281,,,,,,,,,,80881,667
1786070206,352522693,,,,,5,-1535.8529052734375,1059.0718994140625,-827.3566284179688,0.027883285656571388,-0.016170009970664978,-0.042822156101465225,0.9985625743865967,1,80881,667
1786070206,361363399,1,684.34130859375,107.01780700683594,-402.7549743652344,,,,,,,,,,80882,667
1786070206,361363399,,,,,5,-1535.85205078125,1059.0921630859375,-827.3466796875,0.027343353256583214,-0.01629501022398472,-0.04184182360768318,0.9986169934272766,1,80882,667
1786070206,369529198,1,688.9152221679688,107.34756469726562,-403.6063232421875,,,,,,,,,,80883,667
1786070206,369529198,,,,,5,-1535.8338623046875,1059.0670166015625,-827.3466796875,0.027768246829509735,-0.016119755804538727,-0.04193292558193207,0.9986042976379395,1,80883,667
1786070206,378049621,1,692.8991088867188,106.43186950683594,-404.7127685546875,,,,,,,,,,80884,667
1786070206,378049621,,,,,5,-1535.820556640625,1059.0611572265625,-827.3505249023438,0.027715926989912987,-0.016109123826026917,-0.042512085288763046,0.9985814690589905,1,80884,667
1786070206,386033212,1,696.6803588867188,106.4933853149414,-405.8636474609375,,,,,,,,,,80885,667
1786070206,386033212,,,,,5,-1535.8475341796875,1059.111572265625,-827.3279418945312,0.02777901478111744,-0.01641319878399372,-0.04255617782473564,0.9985730051994324,1,80885,667
1786070206,395079840,1,701.3025512695312,105.87855529785156,-407.1373596191406,,,,,,,,,,80886,667
1786070206,395079840,,,,,5,-1535.8206787109375,1059.0546875,-827.3610229492188,0.028092006221413612,-0.016488343477249146,-0.04357057809829712,0.998519241809845,1,80886,667
1786070206,403438634,1,706.8416137695312,104.92536163330078,-408.82977294921875,,,,,,,,,,80887,667
1786070206,403438634,,,,,5,-1535.8427734375,1059.0850830078125,-827.3740234375,0.02733030915260315,-0.016384119167923927,-0.04193839430809021,0.9986118674278259,1,80887,667
1786070206,411161123,1,709.2254638671875,104.42672729492188,-410.2018127441406,,,,,,,,,,80888,667
1786070206,411161123,,,,,5,-1535.7938232421875,1059.0657958984375,-827.3668823242188,0.02833324857056141,-0.015938272699713707,-0.043133411556482315,0.9985402822494507,1,80888,667
1786070206,419694155,1,712.9271240234375,104.48555755615234,-410.9049987792969,,,,,,,,,,80889,667
1786070206,419694155,,,,,5,-1535.84326171875,1059.0770263671875,-827.3298950195312,0.027500664815306664,-0.016148308292031288,-0.04241969808936119,0.9985907673835754,1,80889,667
1786070206,426721193,1,717.8675537109375,104.14409637451172,-411.9202575683594,,,,,,,,,,80890,667
1786070206,426721193,,,,,5,-1535.8201904296875,1059.0728759765625,-827.3736572265625,0.028423640877008438,-0.015851907432079315,-0.04377944394946098,0.998511016368866,1,80890,667
1786070206,435948269,1,722.0809326171875,106.71980285644531,-411.52508544921875,,,,,,,,,,80891,667
1786070206,435948269,,,,,5,-1535.823486328125,1059.1044921875,-827.35791015625,0.027928873896598816,-0.01607135683298111,-0.04283570125699043,0.9985623359680176,1,80891,667
1786070206,445068925,1,725.0348510742188,105.46514129638672,-413.2403259277344,,,,,,,,,,80892,667
1786070206,445068925,,,,,5,-1535.8125,1059.1083984375,-827.3563842773438,0.027709009125828743,-0.016193311661481857,-0.04242311418056488,0.9985842108726501,1,80892,667
1786070206,453094540,1,727.5277099609375,106.30865478515625,-412.7684631347656,,,,,,,,,,80893,667
1786070206,453094540,,,,,5,-1535.8251953125,1059.0810546875,-827.3585205078125,0.027659786865115166,-0.016330981627106667,-0.04171116277575493,0.9986131191253662,1,80893,667
1786070206,460715475,1,731.08447265625,107.16814422607422,-413.5996398925781,,,,,,,,,,80894,667
1786070206,460715475,,,,,5,-1535.7637939453125,1059.07666015625,-827.3704223632812,0.02776961959898472,-0.016473403200507164,-0.042767483741045,0.9985631704330444,1,80894,667
1786070206,470076719,1,735.1627197265625,106.2304458618164,-415.47601318359375,,,,,,,,,,80895,667
1786070206,470076719,,,,,5,-1535.800048828125,1059.063720703125,-827.35693359375,0.027755210176110268,-0.016411324962973595,-0.04239015281200409,0.9985806345939636,1,80895,667
1786070206,478166121,1,740.3270263671875,105.86561584472656,-416.86297607421875,,,,,,,,,,80896,667
1786070206,478166121,,,,,5,-1535.82568359375,1059.0634765625,-827.3148803710938,0.02809273824095726,-0.016175145283341408,-0.043393295258283615,0.9985320568084717,1,80896,667
1786070206,486012888,1,744.0714721679688,104.596435546875,-417.93719482421875,,,,,,,,,,80897,667
1786070206,486012888,,,,,5,-1535.8052978515625,1059.0548095703125,-827.3673095703125,0.02784770168364048,-0.015998562797904015,-0.042270250618457794,0.9985899329185486,1,80897,667
1786070206,494108179,1,745.02099609375,105.31330871582031,-418.4551696777344,,,,,,,,,,80898,667
1786070206,494108179,,,,,5,-1535.7945556640625,1059.0582275390625,-827.3654174804688,0.02811638079583645,-0.015959858894348145,-0.043387819081544876,0.9985350966453552,1,80898,667
1786070206,502845952,1,749.9431762695312,105.89045715332031,-419.66070556640625,,,,,,,,,,80899,667
1786070206,502845952,,,,,5,-1535.8389892578125,1059.10400390625,-827.33203125,0.02722516655921936,-0.016680331900715828,-0.041301000863313675,0.9986364245414734,1,80899,667
1786070206,510624002,1,753.27880859375,105.37361907958984,-421.4833679199219,,,,,,,,,,80900,667
1786070206,510624002,,,,,5,-1535.8250732421875,1059.0552978515625,-827.3324584960938,0.027306687086820602,-0.016424139961600304,-0.0423809289932251,0.9985932111740112,1,80900,667
1786070206,519657252,1,756.5853271484375,105.1753158569336,-422.4534606933594,,,,,,,,,,80901,667
1786070206,519657252,,,,,5,-1535.8172607421875,1059.0479736328125,-827.36865234375,0.028311628848314285,-0.015825193375349045,-0.043273717164993286,0.9985367059707642,1,80901,667
1786070206,527800103,1,759.7971801757812,105.3506851196289,-423.2970886230469,,,,,,,,,,80902,667
1786070206,527800103,,,,,5,-1535.848876953125,1059.1064453125,-827.3472900390625,0.028215114027261734,-0.015955884009599686,-0.04275474324822426,0.9985596537590027,1,80902,667
1786070206,536011351,1,763.4752197265625,104.77658081054688,-424.68487548828125,,,,,,,,,,80903,667
1786070206,536011351,,,,,5,-1535.8111572265625,1059.0546875,-827.3361206054688,0.027623534202575684,-0.01631934940814972,-0.042392391711473465,0.9985857605934143,1,80903,667
1786070206,544741026,1,768.5660400390625,103.76509857177734,-425.4339599609375,,,,,,,,,,80904,667
1786070206,544741026,,,,,5,-1535.8367919921875,1059.0877685546875,-827.3232421875,0.028103800490498543,-0.01610800251364708,-0.042414695024490356,0.9985748529434204,1,80904,667
1786070206,552789493,1,768.4846801757812,104.9459457397461,-426.6086120605469,,,,,,,,,,80905,667
1786070206,552789493,,,,,5,-1535.8555908203125,1059.0634765625,-827.3280639648438,0.027637643739581108,-0.016421984881162643,-0.04221019148826599,0.9985914826393127,1,80905,667
1786070206,561030250,1,773.2622680664062,104.24687957763672,-427.8437194824219,,,,,,,,,,80906,667
1786070206,561030250,,,,,5,-1535.7371826171875,1059.0279541015625,-827.3927612304688,0.02781621180474758,-0.01624692790210247,-0.0424758642911911,0.9985780715942383,1,80906,667
1786070206,569738450,1,777.1196899414062,103.69195556640625,-428.6158142089844,,,,,,,,,,80907,667
1786070206,569738450,,,,,5,-1535.82861328125,1059.0684814453125,-827.3546142578125,0.027727536857128143,-0.016235703602433205,-0.04218042641878128,0.9985932111740112,1,80907,667
1786070206,578031408,1,780.8472900390625,103.83729553222656,-430.3304138183594,,,,,,,,,,80908,667
1786070206,578031408,,,,,5,-1535.84423828125,1059.0145263671875,-827.3046264648438,0.027356868609786034,-0.01656954362988472,-0.04161781445145607,0.9986215829849243,1,80908,667
1786070206,586038299,1,787.765380859375,100.36869812011719,-431.9950256347656,,,,,,,,,,80909,667
1786070206,586038299,,,,,5,-1535.81396484375,1059.0604248046875,-827.3632202148438,0.027760334312915802,-0.016369709745049477,-0.042620137333869934,0.9985714554786682,1,80909,667
1786070206,594586310,1,788.3160400390625,103.02714538574219,-433.2787170410156,,,,,,,,,,80910,667
1786070206,594586310,,,,,5,-1535.83984375,1059.0787353515625,-827.3468017578125,0.028022726997733116,-0.016201797872781754,-0.04308204725384712,0.9985470771789551,1,80910,667
1786070206,602691907,1,790.8465576171875,103.67122650146484,-434.87884521484375,,,,,,,,,,80911,667
1786070206,602691907,,,,,5,-1535.7840576171875,1059.0296630859375,-827.36376953125,0.027856752276420593,-0.016164109110832214,-0.042219437658786774,0.9985891580581665,1,80911,667
1786070206,611219275,1,792.9517822265625,102.56267547607422,-437.1941833496094,,,,,,,,,,80912,667
1786070206,611219275,,,,,5,-1535.8238525390625,1059.065673828125,-827.3388061523438,0.027951078489422798,-0.016183866187930107,-0.04278997331857681,0.9985619187355042,1,80912,667
1786070206,619698410,1,796.0526733398438,101.38270568847656,-437.08349609375,,,,,,,,,,80913,667
1786070206,619698410,,,,,5,-1535.7857666015625,1059.0457763671875,-827.4003295898438,0.02831834927201271,-0.016175581142306328,-0.04339608550071716,0.9985255002975464,1,80913,667
1786070206,627830572,1,798.718505859375,102.24610900878906,-437.4822082519531,,,,,,,,,,80914,667
1786070206,627830572,,,,,5,-1535.79345703125,1059.0711669921875,-827.3507080078125,0.027735410258173943,-0.01671724207699299,-0.0429268516600132,0.9985532760620117,1,80914,667
1786070206,635532641,1,802.9204711914062,102.34490966796875,-439.9612121582031,,,,,,,,,,80915,667
1786070206,635532641,,,,,5,-1535.8203125,1059.0709228515625,-827.3468627929688,0.028291305527091026,-0.01587691344320774,-0.043439432978630066,0.9985292553901672,1,80915,667
1786070206,645081054,1,805.6434936523438,102.3503646850586,-441.0841064453125,,,,,,,,,,80916,667
1786070206,645081054,,,,,5,-1535.8116455078125,1059.0736083984375,-827.3644409179688,0.02768218144774437,-0.0160524845123291,-0.042058877646923065,0.9986026287078857,1,80916,667
1786070206,652590481,1,809.1372680664062,102.23406219482422,-442.212158203125,,,,,,,,,,80917,667
1786070206,652590481,,,,,5,-1535.820556640625,1059.0565185546875,-827.3707275390625,0.027732303366065025,-0.01615862548351288,-0.04262768104672432,0.9985752701759338,1,80917,667
1786070206,661102134,1,814.2960205078125,104.3194808959961,-442.82867431640625,,,,,,,,,,80918,667
1786070206,661102134,,,,,5,-1535.7801513671875,1059.062255859375,-827.3603515625,0.027921602129936218,-0.01653871312737465,-0.04263574630022049,0.9985635280609131,1,80918,667
1786070206,669442972,1,817.7144165039062,104.85545349121094,-444.47808837890625,,,,,,,,,,80919,667
1786070206,669442972,,,,,5,-1535.8104248046875,1059.0526123046875,-827.3863525390625,0.028141001239418983,-0.016036594286561012,-0.043133918195962906,0.9985440373420715,1,80919,667
1786070206,677638857,1,820.4258422851562,103.9891586303711,-444.8918151855469,,,,,,,,,,80920,667
1786070206,677638857,,,,,5,-1535.8592529296875,1059.0914306640625,-827.3570556640625,0.028269821777939796,-0.01605008915066719,-0.04290134459733963,0.998550295829773,1,80920,667
1786070206,686071200,1,819.9922485351562,99.50735473632812,-444.5457763671875,,,,,,,,,,80921,667
1786070206,686071200,,,,,5,-1535.8289794921875,1059.0316162109375,-827.3475952148438,0.027760064229369164,-0.016131246462464333,-0.04244145005941391,0.9985828399658203,1,80921,667
1786070206,694694617,1,822.0574340820312,99.80420684814453,-447.1833801269531,,,,,,,,,,80922,667
1786070206,694694617,,,,,5,-1535.796875,1059.0384521484375,-827.3634033203125,0.027694372460246086,-0.016261136159300804,-0.04180372133851051,0.9986095428466797,1,80922,667
1786070206,703178649,1,826.4493408203125,99.9493408203125,-449.2948303222656,,,,,,,,,,80923,667
1786070206,703178649,,,,,5,-1535.8553466796875,1059.0985107421875,-827.3779296875,0.027970872819423676,-0.016106344759464264,-0.04332653060555458,0.998539388179779,1,80923,667
1786070206,711085458,1,829.5113525390625,100.52257537841797,-449.4901123046875,,,,,,,,,,80924,667
1786070206,711085458,,,,,5,-1535.8154296875,1059.0185546875,-827.3828125,0.027902429923415184,-0.016131209209561348,-0.04232493042945862,0.998583972454071,1,80924,667
1786070206,719535948,1,836.3671875,103.81922912597656,-450.07916259765625,,,,,,,,,,80925,667
1786070206,719535948,,,,,5,-1535.77783203125,1059.031494140625,-827.3587036132812,0.02776578813791275,-0.01618727296590805,-0.04181811958551407,0.9986081719398499,1,80925,667
1786070206,726976563,1,837.9788208007812,104.73939514160156,-449.8487548828125,,,,,,,,,,80926,667
1786070206,726976563,,,,,5,-1535.8162841796875,1059.12109375,-827.3466186523438,0.027944015339016914,-0.01606634259223938,-0.04308861866593361,0.998551070690155,1,80926,667
1786070206,735831541,1,842.173583984375,104.76873016357422,-452.749755859375,,,,,,,,,,80927,667
1786070206,735831541,,,,,5,-1535.80078125,1059.0667724609375,-827.3253173828125,0.02780276909470558,-0.01624016836285591,-0.042461734265089035,0.9985790848731995,1,80927,667
1786070206,744824335,1,845.0496826171875,104.2020263671875,-452.4570617675781,,,,,,,,,,80928,667
1786070206,744824335,,,,,5,-1535.830078125,1059.052490234375,-827.3375244140625,0.027683045715093613,-0.016203345730900764,-0.04230767488479614,0.9985895752906799,1,80928,667
1786070206,753215487,1,847.99072265625,104.44794464111328,-453.6597595214844,,,,,,,,,,80929,667
1786070206,753215487,,,,,5,-1535.7796630859375,1059.046875,-827.3814697265625,0.028035974130034447,-0.01635613851249218,-0.042807437479496,0.9985560774803162,1,80929,667
1786070206,761270387,1,851.6635131835938,104.10685729980469,-455.7904052734375,,,,,,,,,,80930,667
1786070206,761270387,,,,,5,-1535.7933349609375,1059.0069580078125,-827.3313598632812,0.028047259896993637,-0.016189612448215485,-0.04235905036330223,0.9985774755477905,1,80930,667
1786070206,769643295,1,854.5513305664062,103.43722534179688,-456.3687744140625,,,,,,,,,,80931,667
1786070206,769643295,,,,,5,-1535.79052734375,1059.0902099609375,-827.3953247070312,0.027756966650485992,-0.01624385640025139,-0.04211590066552162,0.9985950589179993,1,80931,667
1786070206,777929660,1,857.3013916015625,104.54522705078125,-456.71307373046875,,,,,,,,,,80932,667
1786070206,777929660,,,,,5,-1535.812744140625,1059.0584716796875,-827.31640625,0.027597393840551376,-0.016383571550250053,-0.0419594943523407,0.9986037015914917,1,80932,667
1786070206,786231676,1,859.9190673828125,105.35701751708984,-457.2400817871094,,,,,,,,,,80933,667
1786070206,786231676,,,,,5,-1535.7818603515625,1059.0491943359375,-827.3544921875,0.027397822588682175,-0.016183625906705856,-0.041285183280706406,0.9986404776573181,1,80933,667
1786070206,794262475,1,862.7131958007812,105.06492614746094,-457.8572082519531,,,,,,,,,,80934,667
1786070206,794262475,,,,,5,-1535.8648681640625,1059.0804443359375,-827.3282470703125,0.027306392788887024,-0.016380079090595245,-0.0418723002076149,0.9986154437065125,1,80934,667
1786070206,802775984,1,866.2142944335938,104.75628662109375,-459.3424072265625,,,,,,,,,,80935,667
1786070206,802775984,,,,,5,-1535.8363037109375,1059.0740966796875,-827.3570556640625,0.028468256816267967,-0.015736723318696022,-0.043924760073423386,0.9985052347183228,1,80935,667
1786070206,810906386,1,869.1760864257812,104.93647003173828,-460.00030517578125,,,,,,,,,,80936,667
1786070206,810906386,,,,,5,-1535.8203125,1059.0506591796875,-827.2942504882812,0.02770053595304489,-0.01623346470296383,-0.04194192215800285,0.9986039996147156,1,80936,667
1786070206,819622523,1,874.1709594726562,104.5736083984375,-463.2939147949219,,,,,,,,,,80937,667
1786070206,819622523,,,,,5,-1535.854248046875,1059.0601806640625,-827.3560791015625,0.027922436594963074,-0.01618160493671894,-0.04298483580350876,0.9985543489456177,1,80937,667
1786070206,827851213,1,875.0384521484375,105.61888885498047,-463.0844421386719,,,,,,,,,,80938,667
1786070206,827851213,,,,,5,-1535.8441162109375,1059.081787109375,-827.2963256835938,0.027182135730981827,-0.01684265024960041,-0.04140372574329376,0.998630702495575,1,80938,667
1786070206,835785420,1,876.19384765625,104.8127212524414,-463.3548278808594,,,,,,,,,,80939,667
1786070206,835785420,,,,,5,-1535.823486328125,1059.0784912109375,-827.3390502929688,0.02750042825937271,-0.01648206077516079,-0.0417945496737957,0.9986116886138916,1,80939,667
1786070206,844659697,1,881.3666381835938,105.06977844238281,-464.7912292480469,,,,,,,,,,80940,667
1786070206,844659697,,,,,5,-1535.833740234375,1059.052490234375,-827.3080444335938,0.02794317528605461,-0.016300715506076813,-0.043037060648202896,0.9985495209693909,1,80940,667
1786070206,853024348,1,884.193115234375,105.36698913574219,-465.7396545410156,,,,,,,,,,80941,667
1786070206,853024348,,,,,5,-1535.837890625,1059.1016845703125,-827.3136596679688,0.027688579633831978,-0.016446899622678757,-0.04270226135849953,0.9985686540603638,1,80941,667
1786070206,860738259,1,887.7174072265625,104.56185913085938,-467.1282043457031,,,,,,,,,,80942,667
1786070206,860738259,,,,,5,-1535.817626953125,1059.06494140625,-827.3539428710938,0.027890987694263458,-0.01627337373793125,-0.042671672999858856,0.9985672235488892,1,80942,667
1786070206,869838497,1,889.7880859375,105.14373016357422,-467.1871337890625,,,,,,,,,,80943,667
1786070206,869838497,,,,,5,-1535.8748779296875,1059.0826416015625,-827.3331298828125,0.027449196204543114,-0.016294939443469048,-0.04177884757518768,0.9986167550086975,1,80943,667
1786070206,877815751,1,894.784423828125,103.83796691894531,-469.7671813964844,,,,,,,,,,80944,667
1786070206,877815751,,,,,5,-1535.8812255859375,1059.1097412109375,-827.3189697265625,0.027435312047600746,-0.01661565713584423,-0.04257572069764137,0.9985783696174622,1,80944,667
1786070206,885695580,1,895.96728515625,106.18058776855469,-469.5522766113281,,,,,,,,,,80945,667
1786070206,885695580,,,,,5,-1535.7742919921875,1059.017333984375,-827.3494262695312,0.02792247384786606,-0.016187405213713646,-0.042236365377902985,0.9985861778259277,1,80945,667
1786070206,894970120,1,898.9478759765625,105.77996826171875,-470.0655212402344,,,,,,,,,,80946,667
1786070206,894970120,,,,,5,-1535.809326171875,1059.048095703125,-827.3141479492188,0.027695363387465477,-0.016284624114632607,-0.042384251952171326,0.9985846877098083,1,80946,667
1786070206,902803828,1,905.599609375,101.13299560546875,-474.46026611328125,,,,,,,,,,80947,667
1786070206,902803828,,,,,5,-1535.8372802734375,1059.0726318359375,-827.3258056640625,0.027139296755194664,-0.016361122950911522,-0.041456546634435654,0.9986376166343689,1,80947,667
1786070206,910578839,1,907.592529296875,101.97852325439453,-475.1818542480469,,,,,,,,,,80948,667
1786070206,910578839,,,,,5,-1535.787109375,1059.0086669921875,-827.33447265625,0.027946868911385536,-0.016287965700030327,-0.04215489700436592,0.9985873699188232,1,80948,667
1786070206,919772916,1,910.0857543945312,101.81868743896484,-476.00555419921875,,,,,,,,,,80949,667
1786070206,919772916,,,,,5,-1535.797119140625,1059.0064697265625,-827.3414306640625,0.027954652905464172,-0.01607825607061386,-0.04237270727753639,0.9985812902450562,1,80949,667
1786070206,927772863,1,911.9097290039062,102.84757232666016,-476.5233154296875,,,,,,,,,,80950,667
1786070206,927772863,,,,,5,-1535.8194580078125,1059.07080078125,-827.3182983398438,0.027199188247323036,-0.01659347489476204,-0.041040271520614624,0.9986494183540344,1,80950,667
1786070206,936410746,1,914.8916015625,103.16648864746094,-476.8058776855469,,,,,,,,,,80951,667
1786070206,936410746,,,,,5,-1535.833251953125,1059.0853271484375,-827.3308715820312,0.027178840711712837,-0.01657438836991787,-0.04159572347998619,0.998627245426178,1,80951,667
1786070206,944929920,1,918.7167358398438,101.90570831298828,-479.466552734375,,,,,,,,,,80952,667
1786070206,944929920,,,,,5,-1535.8511962890625,1059.0784912109375,-827.3069458007812,0.02701900526881218,-0.016547633334994316,-0.04136747866868973,0.9986416101455688,1,80952,667
1786070206,953004343,1,920.6007690429688,103.0063247680664,-479.8730163574219,,,,,,,,,,80953,667
1786070206,953004343,,,,,5,-1535.8551025390625,1059.0892333984375,-827.3450317382812,0.02694813534617424,-0.016588497906923294,-0.04110321030020714,0.9986536502838135,1,80953,667
1786070206,960497128,1,923.7618408203125,102.55139923095703,-480.83111572265625,,,,,,,,,,80954,667
1786070206,960497128,,,,,5,-1535.8311767578125,1059.1029052734375,-827.3318481445312,0.02726723626255989,-0.01637359894812107,-0.04138612747192383,0.9986368417739868,1,80954,667
1786070206,969613720,1,925.4066772460938,103.02296447753906,-481.8858947753906,,,,,,,,,,80955,667
1786070206,969613720,,,,,5,-1535.8206787109375,1059.0865478515625,-827.3404541015625,0.02718225307762623,-0.016474472358822823,-0.04154647886753082,0.998630940914154,1,80955,667
1786070206,977909494,1,928.5339965820312,102.90599822998047,-482.9989929199219,,,,,,,,,,80956,667
1786070206,977909494,,,,,5,-1535.80224609375,1059.0347900390625,-827.3268432617188,0.02754954621195793,-0.01621820405125618,-0.04192482680082321,0.998609185218811,1,80956,667
1786070206,985243242,1,930.6072387695312,102.96184539794922,-483.403564453125,,,,,,,,,,80957,667
1786070206,985243242,,,,,5,-1535.8056640625,1059.0765380859375,-827.3248291015625,0.0271699670702219,-0.01649291440844536,-0.04158133268356323,0.9986294507980347,1,80957,667
1786070206,994740030,1,932.5927124023438,101.92508697509766,-484.2159729003906,,,,,,,,,,80958,667
1786070206,994740030,,,,,5,-1535.8187255859375,1059.0750732421875,-827.37890625,0.02761903963983059,-0.016495486721396446,-0.04184801131486893,0.9986059665679932,1,80958,667
1786070207,2669650,1,935.821533203125,103.50240325927734,-485.4731140136719,,,,,,,,,,80959,668
1786070207,2669650,,,,,5,-1535.742431640625,1058.998046875,-827.3681640625,0.027351882308721542,-0.016771608963608742,-0.041212666779756546,0.9986350536346436,1,80959,668
1786070207,11479191,1,938.3189086914062,103.76802062988281,-486.3753967285156,,,,,,,,,,80960,668
1786070207,11479191,,,,,5,-1535.8341064453125,1059.08154296875,-827.3298950195312,0.027853379026055336,-0.01606292463839054,-0.04287566617131233,0.9985629916191101,1,80960,668
1786070207,19563396,1,940.829833984375,103.89771270751953,-487.3682556152344,,,,,,,,,,80961,668
1786070207,19563396,,,,,5,-1535.8323974609375,1059.04931640625,-827.3226928710938,0.027579599991440773,-0.016120359301567078,-0.04181312024593353,0.9986146092414856,1,80961,668
1786070207,26735642,1,942.9072265625,103.75235748291016,-488.08734130859375,,,,,,,,,,80962,668
1786070207,26735642,,,,,5,-1535.7652587890625,1059.0247802734375,-827.3561401367188,0.02742457576096058,-0.016687022522091866,-0.041133150458335876,0.998637855052948,1,80962,668
1786070207,36197304,1,946.4253540039062,103.59024047851562,-489.28900146484375,,,,,,,,,,80963,668
1786070207,36197304,,,,,5,-1535.7838134765625,1059.0196533203125,-827.3671264648438,0.027883652597665787,-0.016181308776140213,-0.04241423308849335,0.9985799193382263,1,80963,668
1786070207,44333476,1,947.6875610351562,104.361328125,-489.7948913574219,,,,,,,,,,80964,668
1786070207,44333476,,,,,5,-1535.8131103515625,1059.0587158203125,-827.3532104492188,0.02755158394575119,-0.01626431941986084,-0.04215545952320099,0.9985986351966858,1,80964,668
1786070207,53385510,1,950.0385131835938,104.45240783691406,-490.55975341796875,,,,,,,,,,80965,668
1786070207,53385510,,,,,5,-1535.7633056640625,1059.0611572265625,-827.3780517578125,0.027618752792477608,-0.016619814559817314,-0.04245119169354439,0.9985784888267517,1,80965,668
1786070207,61267701,1,951.6347045898438,103.64847564697266,-491.1045837402344,,,,,,,,,,80966,668
1786070207,61267701,,,,,5,-1535.8052978515625,1059.033203125,-827.3699340820312,0.027875810861587524,-0.016138264909386635,-0.041664570569992065,0.9986123442649841,1,80966,668
1786070207,70379318,1,953.9586791992188,104.50563049316406,-491.8167724609375,,,,,,,,,,80967,668
1786070207,70379318,,,,,5,-1535.8001708984375,1059.0250244140625,-827.3329467773438,0.0276509877294302,-0.016331637278199196,-0.042361412197351456,0.998586118221283,1,80967,668
1786070207,78159366,1,957.0916748046875,104.58343505859375,-493.0826110839844,,,,,,,,,,80968,668
1786070207,78159366,,,,,5,-1535.8065185546875,1059.033447265625,-827.3744506835938,0.028284650295972824,-0.015908576548099518,-0.0428447350859642,0.9985545873641968,1,80968,668
1786070207,86028661,1,957.9637451171875,104.45907592773438,-493.29046630859375,,,,,,,,,,80969,668
1786070207,86028661,,,,,5,-1535.810791015625,1059.004638671875,-827.3323364257812,0.027992337942123413,-0.016187306493520737,-0.042053382843732834,0.998591959476471,1,80969,668
1786070207,94826170,1,960.48291015625,104.26139831542969,-493.5284729003906,,,,,,,,,,80970,668
1786070207,94826170,,,,,5,-1535.8299560546875,1059.0709228515625,-827.3294067382812,0.0282012689858675,-0.01616130955517292,-0.04300263151526451,0.9985461235046387,1,80970,668
1786070207,103075204,1,963.9251708984375,104.94176483154297,-495.6626281738281,,,,,,,,,,80971,668
1786070207,103075204,,,,,5,-1535.7830810546875,1058.9949951171875,-827.3313598632812,0.027902480214834213,-0.01604735106229782,-0.04244433343410492,0.9985802173614502,1,80971,668
1786070207,110872852,1,965.8431396484375,105.01765441894531,-495.80645751953125,,,,,,,,,,80972,668
1786070207,110872852,,,,,5,-1535.8482666015625,1059.0582275390625,-827.3477783203125,0.0277617909014225,-0.016009937971830368,-0.04170219227671623,0.9986159801483154,1,80972,668
1786070207,120068053,1,970.6580810546875,104.63739776611328,-497.4169616699219,,,,,,,,,,80973,668
1786070207,120068053,,,,,5,-1535.80859375,1059.06884765625,-827.3136596679688,0.02709733508527279,-0.01661538891494274,-0.040915291756391525,0.9986569285392761,1,80973,668
1786070207,128071490,1,972.596435546875,102.9687271118164,-498.8357238769531,,,,,,,,,,80974,668
1786070207,128071490,,,,,5,-1535.8394775390625,1059.05712890625,-827.28466796875,0.027758443728089333,-0.016556013375520706,-0.042385946959257126,0.9985784292221069,1,80974,668
1786070207,136402668,1,975.0741577148438,102.68543243408203,-499.4618835449219,,,,,,,,,,80975,668
1786070207,136402668,,,,,5,-1535.8389892578125,1059.0625,-827.3443603515625,0.027624551206827164,-0.016399770975112915,-0.04181486740708351,0.9986088275909424,1,80975,668
1786070207,144611159,1,976.9339599609375,98.3366470336914,-505.01409912109375,,,,,,,,,,80976,668
1786070207,144611159,,,,,5,-1535.782958984375,1059.0313720703125,-827.3453369140625,0.027912627905607224,-0.016029126942157745,-0.04255219176411629,0.9985756278038025,1,80976,668
1786070207,152986240,1,979.3507080078125,102.22434997558594,-501.46063232421875,,,,,,,,,,80977,668
1786070207,152986240,,,,,5,-1535.765625,1059.0234375,-827.3632202148438,0.02749428153038025,-0.016620058566331863,-0.04240576550364494,0.9985836744308472,1,80977,668
1786070207,161073677,1,982.5514526367188,97.53620147705078,-508.8536376953125,,,,,,,,,,80978,668
1786070207,161073677,,,,,5,-1535.794921875,1059.0780029296875,-827.3230590820312,0.02714521810412407,-0.016760557889938354,-0.041207872331142426,0.9986411333084106,1,80978,668
1786070207,169666516,1,983.6237182617188,102.5517578125,-503.1178283691406,,,,,,,,,,80979,668
1786070207,169666516,,,,,5,-1535.81640625,1059.0072021484375,-827.3020629882812,0.028146935626864433,-0.016086604446172714,-0.04289074242115021,0.9985535740852356,1,80979,668
1786070207,177764224,1,987.0741577148438,97.46607208251953,-509.74481201171875,,,,,,,,,,80980,668
1786070207,177764224,,,,,5,-1535.8363037109375,1059.0478515625,-827.3297729492188,0.02781161107122898,-0.016327830031514168,-0.04267974942922592,0.9985681772232056,1,80980,668
1786070207,186824899,1,987.7879028320312,102.53255462646484,-504.35711669921875,,,,,,,,,,80981,668
1786070207,186824899,,,,,5,-1535.83154296875,1059.052978515625,-827.3410034179688,0.027568528428673744,-0.01616295613348484,-0.04181233048439026,0.9986142516136169,1,80981,668
1786070207,194522515,1,989.6859130859375,103.13871765136719,-505.6897888183594,,,,,,,,,,80982,668
1786070207,194522515,,,,,5,-1535.826416015625,1059.040283203125,-827.3194580078125,0.027791602537035942,-0.01622581295669079,-0.04290047287940979,0.9985608458518982,1,80982,668
1786070207,202887293,1,991.7018432617188,103.24749755859375,-506.1099853515625,,,,,,,,,,80983,668
1786070207,202887293,,,,,5,-1535.7947998046875,1059.0313720703125,-827.3327026367188,0.027790918946266174,-0.0162041112780571,-0.042113348841667175,0.9985948204994202,1,80983,668
1786070207,210781803,1,992.4304809570312,103.55178833007812,-507.16571044921875,,,,,,,,,,80984,668
1786070207,210781803,,,,,5,-1535.8134765625,1059.0369873046875,-827.3263549804688,0.028278330340981483,-0.016131838783621788,-0.04287958890199661,0.9985496997833252,1,80984,668
1786070207,219812142,1,989.978759765625,104.49713134765625,-507.1166076660156,,,,,,,,,,80985,668
1786070207,219812142,,,,,5,-1535.8255615234375,1059.0687255859375,-827.3362426757812,0.027750510722398758,-0.016072532162070274,-0.04200262203812599,0.9986026287078857,1,80985,668
1786070207,227939674,1,986.53369140625,105.06401062011719,-507.270751953125,,,,,,,,,,80986,668
1786070207,227939674,,,,,5,-1535.8095703125,1059.0198974609375,-827.3533325195312,0.028050221502780914,-0.01603787951171398,-0.042633604258298874,0.9985681176185608,1,80986,668
1786070207,236037094,1,982.5531005859375,105.14981842041016,-506.7541198730469,,,,,,,,,,80987,668
1786070207,236037094,,,,,5,-1535.788330078125,1059.072998046875,-827.3528442382812,0.02721211686730385,-0.01691296696662903,-0.041783303022384644,0.9986128211021423,1,80987,668
1786070207,244616557,1,978.337646484375,105.21976470947266,-505.9756164550781,,,,,,,,,,80988,668
1786070207,244616557,,,,,5,-1535.8221435546875,1059.0882568359375,-827.32373046875,0.027405906468629837,-0.01644415408372879,-0.04189879819750786,0.9986106157302856,1,80988,668
1786070207,252681370,1,974.0306396484375,104.48802185058594,-505.6202697753906,,,,,,,,,,80989,668
1786070207,252681370,,,,,5,-1535.8543701171875,1059.0794677734375,-827.3463134765625,0.02801976166665554,-0.016010459512472153,-0.0428176186978817,0.9985615611076355,1,80989,668
1786070207,261527006,1,969.4583129882812,103.43521881103516,-504.6710510253906,,,,,,,,,,80990,668
1786070207,261527006,,,,,5,-1535.848876953125,1059.0751953125,-827.3663940429688,0.027840930968523026,-0.016129452735185623,-0.042965780943632126,0.9985582828521729,1,80990,668
1786070207,269567627,1,965.1987915039062,101.80909729003906,-504.0560302734375,,,,,,,,,,80991,668
1786070207,269567627,,,,,5,-1535.7911376953125,1059.024658203125,-827.3373413085938,0.027890706434845924,-0.01615743339061737,-0.042082708328962326,0.9985940456390381,1,80991,668
1786070207,278112947,1,961.5050048828125,102.76055145263672,-501.5596923828125,,,,,,,,,,80992,668
1786070207,278112947,,,,,5,-1535.8504638671875,1059.0625,-827.330078125,0.027644643560051918,-0.01635419949889183,-0.04281683266162872,0.9985665082931519,1,80992,668
1786070207,286565915,1,959.795654296875,102.355712890625,-501.3421325683594,,,,,,,,,,80993,668
1786070207,286565915,,,,,5,-1535.802978515625,1059.041259765625,-827.3253784179688,0.02763284184038639,-0.01629292033612728,-0.04225882887840271,0.9985916614532471,1,80993,668
1786070207,294706951,1,957.0812377929688,103.87818908691406,-501.2689514160156,,,,,,,,,,80994,668
1786070207,294706951,,,,,5,-1535.7923583984375,1059.054931640625,-827.3285522460938,0.02746526338160038,-0.016387835144996643,-0.041274696588516235,0.9986358284950256,1,80994,668
1786070207,302755956,1,955.5198364257812,104.66455078125,-500.990234375,,,,,,,,,,80995,668
1786070207,302755956,,,,,5,-1535.716796875,1059.0374755859375,-827.3896484375,0.027822447940707207,-0.016412781551480293,-0.04219278320670128,0.9985872507095337,1,80995,668
1786070207,310287462,1,954.1194458007812,105.0574722290039,-500.9486999511719,,,,,,,,,,80996,668
1786070207,310287462,,,,,5,-1535.8128662109375,1059.0413818359375,-827.3272705078125,0.02808859385550022,-0.01590089313685894,-0.04257769510149956,0.9985716342926025,1,80996,668
1786070207,319597990,1,952.8267822265625,104.71796417236328,-500.94476318359375,,,,,,,,,,80997,668
1786070207,319597990,,,,,5,-1535.7681884765625,1059.006103515625,-827.3359375,0.027675436809659004,-0.016420500352978706,-0.04163613170385361,0.998614490032196,1,80997,668
1786070207,327795505,1,951.577880859375,104.3233413696289,-500.71209716796875,,,,,,,,,,80998,668
1786070207,327795505,,,,,5,-1535.829345703125,1059.0430908203125,-827.3500366210938,0.027565324679017067,-0.016260871663689613,-0.0415031760931015,0.9986256957054138,1,80998,668
1786070207,336218970,1,950.074951171875,102.5186996459961,-500.9266662597656,,,,,,,,,,80999,668
1786070207,336218970,,,,,5,-1535.8209228515625,1059.0638427734375,-827.3203125,0.027770832180976868,-0.016143735498189926,-0.04197993502020836,0.998602032661438,1,80999,668
1786070207,344729346,1,947.9771118164062,104.64945983886719,-500.59661865234375,,,,,,,,,,81000,668
1786070207,344729346,,,,,5,-1535.818115234375,1059.0404052734375,-827.3125,0.02761528640985489,-0.016216661781072617,-0.04168844223022461,0.9986173510551453,1,81000,668
1786070207,352302932,1,948.1322631835938,103.47177124023438,-500.55975341796875,,,,,,,,,,81001,668
1786070207,352302932,,,,,5,-1535.87109375,1059.114013671875,-827.3195190429688,0.027446113526821136,-0.01637069135904312,-0.042538661509752274,0.9985836744308472,1,81001,668
1786070207,362037679,1,948.8060913085938,101.314697265625,-501.3973388671875,,,,,,,,,,81002,668
1786070207,362037679,,,,,5,-1535.7950439453125,1059.0198974609375,-827.3427124023438,0.027929065749049187,-0.016290275380015373,-0.04232944920659065,0.9985804557800293,1,81002,668
1786070207,370288954,1,945.8937377929688,103.59552001953125,-500.3138427734375,,,,,,,,,,81003,668
1786070207,370288954,,,,,5,-1535.81298828125,1059.0482177734375,-827.3783569335938,0.027943681925535202,-0.016176737844944,-0.041794657707214355,0.998604416847229,1,81003,668
1786070207,378375750,1,944.5386962890625,103.15038299560547,-499.9731140136719,,,,,,,,,,81004,668
1786070207,378375750,,,,,5,-1535.8001708984375,1059.0699462890625,-827.3642578125,0.02763443998992443,-0.016470499336719513,-0.04187779128551483,0.9986047148704529,1,81004,668
1786070207,386102679,1,945.3480224609375,101.32373809814453,-500.88104248046875,,,,,,,,,,81005,668
1786070207,386102679,,,,,5,-1535.7886962890625,1059.093017578125,-827.3937377929688,0.027053669095039368,-0.0168602354824543,-0.04132213816046715,0.9986371994018555,1,81005,668
1786070207,394803741,1,945.3016967773438,101.51598358154297,-501.19091796875,,,,,,,,,,81006,668
1786070207,394803741,,,,,5,-1535.8514404296875,1059.0963134765625,-827.3689575195312,0.02738046832382679,-0.016231385990977287,-0.04215366020798683,0.9986039400100708,1,81006,668
1786070207,401863476,1,940.733642578125,105.02964782714844,-499.42877197265625,,,,,,,,,,81007,668
1786070207,401863476,,,,,5,-1535.837890625,1059.0560302734375,-827.3072509765625,0.02769959159195423,-0.01602695696055889,-0.04190273582935333,0.9986090064048767,1,81007,668
1786070207,411322162,1,939.6232299804688,106.29814910888672,-498.6006774902344,,,,,,,,,,81008,668
1786070207,411322162,,,,,5,-1535.7884521484375,1059.0716552734375,-827.3402709960938,0.027052978053689003,-0.016444891691207886,-0.04078434780240059,0.9986663460731506,1,81008,668
1786070207,419450942,1,938.7486572265625,105.45169067382812,-499.0369873046875,,,,,,,,,,81009,668
1786070207,419450942,,,,,5,-1535.83740234375,1059.065185546875,-827.3385620117188,0.02753416635096073,-0.016158025711774826,-0.04246874898672104,0.9985875487327576,1,81009,668
1786070207,426826066,1,938.0361938476562,105.10449981689453,-498.7982482910156,,,,,,,,,,81010,668
1786070207,426826066,,,,,5,-1535.8621826171875,1059.076416015625,-827.3239135742188,0.027880605310201645,-0.01613926887512207,-0.04301886260509491,0.9985547661781311,1,81010,668
1786070207,436015987,1,938.1090698242188,103.23006439208984,-498.7250671386719,,,,,,,,,,81011,668
1786070207,436015987,,,,,5,-1535.8310546875,1059.0797119140625,-827.3361206054688,0.02789243869483471,-0.01614365167915821,-0.04258745163679123,0.9985728859901428,1,81011,668
1786070207,444845975,1,937.1499633789062,103.22647857666016,-498.3710021972656,,,,,,,,,,81012,668
1786070207,444845975,,,,,5,-1535.8621826171875,1059.1121826171875,-827.31689453125,0.027426373213529587,-0.01645071618258953,-0.04253070056438446,0.9985831379890442,1,81012,668
1786070207,452943748,1,936.4307861328125,103.50239562988281,-497.2833557128906,,,,,,,,,,81013,668
1786070207,452943748,,,,,5,-1535.828369140625,1059.0498046875,-827.3200073242188,0.027611037716269493,-0.016540851444005966,-0.04213548079133034,0.9985933303833008,1,81013,668
1786070207,461661001,1,935.8383178710938,105.31193542480469,-496.70953369140625,,,,,,,,,,81014,668
1786070207,461661001,,,,,5,-1535.7838134765625,1059.049072265625,-827.3492431640625,0.02727116271853447,-0.016838330775499344,-0.041934091597795486,0.9986062049865723,1,81014,668
1786070207,470026419,1,935.0786743164062,103.33556365966797,-496.88397216796875,,,,,,,,,,81015,668
1786070207,470026419,,,,,5,-1535.8187255859375,1059.0306396484375,-827.3601684570312,0.02803712524473667,-0.01604241319000721,-0.042603980749845505,0.998569667339325,1,81015,668
1786070207,478125759,1,934.1608276367188,104.09195709228516,-496.6817626953125,,,,,,,,,,81016,668
1786070207,478125759,,,,,5,-1535.814697265625,1059.0279541015625,-827.3593139648438,0.028020529076457024,-0.016078872606158257,-0.04297275096178055,0.9985536932945251,1,81016,668
1786070207,486324298,1,933.5596313476562,103.29759216308594,-496.3466491699219,,,,,,,,,,81017,668
1786070207,486324298,,,,,5,-1535.8153076171875,1059.039306640625,-827.3505859375,0.027751047164201736,-0.01626986637711525,-0.04213561862707138,0.9985938668251038,1,81017,668
1786070207,493611295,1,934.00341796875,101.50499725341797,-496.81756591796875,,,,,,,,,,81018,668
1786070207,493611295,,,,,5,-1535.8095703125,1059.041748046875,-827.3235473632812,0.027516908943653107,-0.016122877597808838,-0.041700225323438644,0.9986211061477661,1,81018,668
1786070207,502810144,1,931.8511962890625,103.942626953125,-496.06884765625,,,,,,,,,,81019,668
1786070207,502810144,,,,,5,-1535.8609619140625,1059.050537109375,-827.3407592773438,0.02783302776515484,-0.016229964792728424,-0.04240911826491356,0.998580813407898,1,81019,668
1786070207,510756622,1,930.7171630859375,104.65987396240234,-495.3137512207031,,,,,,,,,,81020,668
1786070207,510756622,,,,,5,-1535.8529052734375,1059.083740234375,-827.3428955078125,0.027352621778845787,-0.016399934887886047,-0.04196780547499657,0.9986098408699036,1,81020,668
1786070207,519892271,1,930.7465209960938,103.73538970947266,-495.2212829589844,,,,,,,,,,81021,668
1786070207,519892271,,,,,5,-1535.8026123046875,1059.0233154296875,-827.3092041015625,0.02756739780306816,-0.01634814403951168,-0.04173442721366882,0.998614490032196,1,81021,668
1786070207,527940636,1,929.8408813476562,103.72770690917969,-495.1855773925781,,,,,,,,,,81022,668
1786070207,527940636,,,,,5,-1535.8236083984375,1059.0379638671875,-827.31396484375,0.0276466254144907,-0.016253717243671417,-0.04223310574889183,0.9985929131507874,1,81022,668
1786070207,535925770,1,928.0401611328125,105.22480773925781,-494.177978515625,,,,,,,,,,81023,668
1786070207,535925770,,,,,5,-1535.7886962890625,1059.024169921875,-827.3156127929688,0.02741280198097229,-0.01620069332420826,-0.04128246381878853,0.9986400008201599,1,81023,668
1786070207,544692911,1,928.615478515625,103.59769439697266,-494.591796875,,,,,,,,,,81024,668
1786070207,544692911,,,,,5,-1535.821533203125,1059.046875,-827.3074340820312,0.027509069070219994,-0.01649414747953415,-0.04164015129208565,0.9986175894737244,1,81024,668
1786070207,553001081,1,928.0664672851562,103.03600311279297,-494.4640197753906,,,,,,,,,,81025,668
1786070207,553001081,,,,,5,-1535.8394775390625,1059.068115234375,-827.2892456054688,0.02768169902265072,-0.016476428136229515,-0.042625587433576584,0.9985716938972473,1,81025,668
1786070207,560243502,1,927.4902954101562,103.50794219970703,-493.9156799316406,,,,,,,,,,81026,668
1786070207,560243502,,,,,5,-1535.821533203125,1059.0927734375,-827.3359375,0.027274305000901222,-0.01646546460688114,-0.04165230691432953,0.9986240863800049,1,81026,668
1786070207,569726188,1,926.6817016601562,103.5350570678711,-493.7315979003906,,,,,,,,,,81027,668
1786070207,569726188,,,,,5,-1535.82080078125,1059.0543212890625,-827.3182983398438,0.027646975591778755,-0.016174975782632828,-0.041975606232881546,0.9986050724983215,1,81027,668
1786070207,577997463,1,925.337890625,104.40576934814453,-492.9798889160156,,,,,,,,,,81028,668
1786070207,577997463,,,,,5,-1535.8636474609375,1059.077880859375,-827.2958984375,0.02747849002480507,-0.016646474599838257,-0.04203471541404724,0.9985995292663574,1,81028,668
1786070207,585567177,1,923.9498291015625,104.30936431884766,-492.35345458984375,,,,,,,,,,81029,668
1786070207,585567177,,,,,5,-1535.7830810546875,1058.99365234375,-827.35107421875,0.027804143726825714,-0.01633075438439846,-0.042095061391592026,0.9985930919647217,1,81029,668
1786070207,594408941,1,924.84326171875,103.00739288330078,-492.79388427734375,,,,,,,,,,81030,668
1786070207,594408941,,,,,5,-1535.801513671875,1059.0533447265625,-827.3670043945312,0.027462977916002274,-0.016336319968104362,-0.041956160217523575,0.9986083507537842,1,81030,668
1786070207,603429456,1,924.323486328125,103.26394653320312,-492.6209411621094,,,,,,,,,,81031,668
1786070207,603429456,,,,,5,-1535.785888671875,1059.028564453125,-827.3375244140625,0.02798544056713581,-0.016117975115776062,-0.0422908216714859,0.9985833764076233,1,81031,668
1786070207,611241695,1,923.8160400390625,102.96128845214844,-492.12774658203125,,,,,,,,,,81032,668
1786070207,611241695,,,,,5,-1535.8232421875,1059.0419921875,-827.3473510742188,0.028119107708334923,-0.01587320677936077,-0.04276050999760628,0.9985633492469788,1,81032,668
1786070207,619817446,1,923.2282104492188,103.18598175048828,-491.7461242675781,,,,,,,,,,81033,668
1786070207,619817446,,,,,5,-1535.8427734375,1059.07275390625,-827.3422241210938,0.02797337993979454,-0.016228072345256805,-0.042198821902275085,0.9985856413841248,1,81033,668
1786070207,627921267,1,922.9188232421875,102.30353546142578,-492.7369689941406,,,,,,,,,,81034,668
1786070207,627921267,,,,,5,-1535.8404541015625,1059.03125,-827.3095703125,0.027571391314268112,-0.01612437330186367,-0.041962552815675735,0.9986085891723633,1,81034,668
1786070207,635238087,1,921.994140625,102.41814422607422,-491.4132080078125,,,,,,,,,,81035,668
1786070207,635238087,,,,,5,-1535.7996826171875,1059.0389404296875,-827.2998046875,0.02761104889214039,-0.016441192477941513,-0.04189177230000496,0.9986051917076111,1,81035,668
1786070207,644656518,1,921.9669189453125,102.1542739868164,-490.48626708984375,,,,,,,,,,81036,668
1786070207,644656518,,,,,5,-1535.79443359375,1059.0238037109375,-827.3375854492188,0.02802405320107937,-0.016136856749653816,-0.04262230545282364,0.9985678195953369,1,81036,668
1786070207,652737426,1,921.2164916992188,103.06141662597656,-490.3289489746094,,,,,,,,,,81037,668
1786070207,652737426,,,,,5,-1535.8248291015625,1059.065185546875,-827.3108520507812,0.02715964987874031,-0.01667139306664467,-0.04126346856355667,0.9986399412155151,1,81037,668
1786070207,661327865,1,921.263916015625,101.71087646484375,-490.21380615234375,,,,,,,,,,81038,668
1786070207,661327865,,,,,5,-1535.8045654296875,1059.05908203125,-827.3139038085938,0.027636365965008736,-0.016342928633093834,-0.042230088263750076,0.9985918998718262,1,81038,668
1786070207,669649091,1,920.4367065429688,101.22684478759766,-488.92706298828125,,,,,,,,,,81039,668
1786070207,669649091,,,,,5,-1535.8326416015625,1059.04638671875,-827.3464965820312,0.02796877734363079,-0.015868695452809334,-0.042555149644613266,0.9985765814781189,1,81039,668
1786070207,677294772,1,919.3609008789062,102.28119659423828,-489.7277526855469,,,,,,,,,,81040,668
1786070207,677294772,,,,,5,-1535.764892578125,1059.0565185546875,-827.35888671875,0.027678070589900017,-0.01660364866256714,-0.04187516123056412,0.9986014366149902,1,81040,668
1786070207,686258104,1,918.5177612304688,103.81835174560547,-489.2225036621094,,,,,,,,,,81041,668
1786070207,686258104,,,,,5,-1535.8359375,1059.0633544921875,-827.3121337890625,0.0274637583643198,-0.01646295376121998,-0.042190711945295334,0.9985963106155396,1,81041,668
1786070207,694347236,1,918.65869140625,102.6912841796875,-488.49298095703125,,,,,,,,,,81042,668
1786070207,694347236,,,,,5,-1535.8270263671875,1059.0472412109375,-827.3220825195312,0.02770036645233631,-0.016196010634303093,-0.04260998219251633,0.9985763430595398,1,81042,668
1786070207,703093674,1,918.1717529296875,102.92315673828125,-488.2918701171875,,,,,,,,,,81043,668
1786070207,703093674,,,,,5,-1535.8050537109375,1059.0238037109375,-827.3473510742188,0.028135791420936584,-0.01602959632873535,-0.0424894280731678,0.9985719323158264,1,81043,668
1786070207,711287925,1,917.7949829101562,102.68516540527344,-487.8825378417969,,,,,,,,,,81044,668
1786070207,711287925,,,,,5,-1535.78515625,1059.0098876953125,-827.32080078125,0.027801712974905968,-0.01625004969537258,-0.04179958626627922,0.9986069202423096,1,81044,668
1786070207,719656734,1,917.423583984375,101.33661651611328,-487.4456481933594,,,,,,,,,,81045,668
1786070207,719656734,,,,,5,-1535.7227783203125,1058.9898681640625,-827.3864135742188,0.027710972353816032,-0.016559630632400513,-0.041557662189006805,0.9986144304275513,1,81045,668
1786070207,726970387,1,916.95556640625,103.06360626220703,-486.9212951660156,,,,,,,,,,81046,668
1786070207,726970387,,,,,5,-1535.8226318359375,1059.0408935546875,-827.2894897460938,0.027691397815942764,-0.01635344699025154,-0.042296506464481354,0.998587429523468,1,81046,668
1786070207,736363986,1,916.393798828125,102.93075561523438,-486.07061767578125,,,,,,,,,,81047,668
1786070207,736363986,,,,,5,-1535.7890625,1059.029052734375,-827.3390502929688,0.028023075312376022,-0.016127238050103188,-0.04247155413031578,0.998574435710907,1,81047,668
1786070207,744640444,1,916.2295532226562,102.26678466796875,-485.96435546875,,,,,,,,,,81048,668
1786070207,744640444,,,,,5,-1535.8431396484375,1059.0653076171875,-827.3251342773438,0.02827955223619938,-0.015957167372107506,-0.04365967586636543,0.9985185861587524,1,81048,668
1786070207,751899761,1,915.8027954101562,102.2543716430664,-485.6358642578125,,,,,,,,,,81049,668
1786070207,751899761,,,,,5,-1535.7982177734375,1058.9947509765625,-827.3375854492188,0.027804384008049965,-0.016042178496718407,-0.04200509563088417,0.9986016750335693,1,81049,668
1786070207,761257520,1,915.595703125,101.35877990722656,-485.9906921386719,,,,,,,,,,81050,668
1786070207,761257520,,,,,5,-1535.790283203125,1059.0345458984375,-827.3421020507812,0.027546245604753494,-0.0162437055259943,-0.04240642860531807,0.998588502407074,1,81050,668
1786070207,769463291,1,914.7425537109375,103.07769012451172,-484.9866943359375,,,,,,,,,,81051,668
1786070207,769463291,,,,,5,-1535.818359375,1059.0594482421875,-827.3582153320312,0.027725230902433395,-0.016161339357495308,-0.04231032356619835,0.9985889792442322,1,81051,668
1786070207,777485673,1,914.5210571289062,102.46942901611328,-484.2399597167969,,,,,,,,,,81052,668
1786070207,777485673,,,,,5,-1535.842041015625,1059.06201171875,-827.35107421875,0.027765488252043724,-0.01618129387497902,-0.0426550917327404,0.9985728859901428,1,81052,668
1786070207,786078832,1,913.9058227539062,102.85306549072266,-483.7640075683594,,,,,,,,,,81053,668
1786070207,786078832,,,,,5,-1535.8338623046875,1059.056640625,-827.322265625,0.02754836715757847,-0.016265422105789185,-0.041867613792419434,0.9986109137535095,1,81053,668
1786070207,793790272,1,914.5269775390625,101.24199676513672,-484.2483215332031,,,,,,,,,,81054,668
1786070207,793790272,,,,,5,-1535.8131103515625,1059.0093994140625,-827.33056640625,0.027942584827542305,-0.01613573543727398,-0.04231208935379982,0.9985832571983337,1,81054,668
1786070207,803160991,1,914.3719482421875,101.57933044433594,-483.5379943847656,,,,,,,,,,81055,668
1786070207,803160991,,,,,5,-1535.8162841796875,1059.0478515625,-827.2911376953125,0.027827205136418343,-0.016284901648759842,-0.04227600246667862,0.99858558177948,1,81055,668
1786070207,810981518,1,913.9595336914062,101.4730453491211,-483.4630432128906,,,,,,,,,,81056,668
1786070207,810981518,,,,,5,-1535.8035888671875,1059.0146484375,-827.3129272460938,0.027427418157458305,-0.016500957310199738,-0.04159560799598694,0.9986217021942139,1,81056,668
1786070207,820064272,1,911.86572265625,100.83208465576172,-483.99334716796875,,,,,,,,,,81057,668
1786070207,820064272,,,,,5,-1535.8037109375,1059.0518798828125,-827.3209838867188,0.027574582025408745,-0.016371607780456543,-0.042043209075927734,0.9986010193824768,1,81057,668
1786070207,828170973,1,911.8849487304688,102.9516372680664,-481.9757080078125,,,,,,,,,,81058,668
1786070207,828170973,,,,,5,-1535.8306884765625,1059.0498046875,-827.3486328125,0.02763228490948677,-0.016275815665721893,-0.041703470051288605,0.9986153244972229,1,81058,668
1786070207,836316648,1,911.5638427734375,102.91376495361328,-481.4212951660156,,,,,,,,,,81059,668
1786070207,836316648,,,,,5,-1535.8306884765625,1059.0150146484375,-827.3380737304688,0.028032435104250908,-0.016040029004216194,-0.04292832687497139,0.9985560178756714,1,81059,668
1786070207,843581181,1,911.1898193359375,103.18423461914062,-481.04937744140625,,,,,,,,,,81060,668
1786070207,843581181,,,,,5,-1535.7894287109375,1059.0281982421875,-827.3351440429688,0.027432940900325775,-0.016444038599729538,-0.041216228157281876,0.9986382722854614,1,81060,668
1786070207,853052475,1,909.8967895507812,102.33209228515625,-480.170654296875,,,,,,,,,,81061,668
1786070207,853052475,,,,,5,-1535.8304443359375,1059.021240234375,-827.3432006835938,0.028047146275639534,-0.016056152060627937,-0.04286875203251839,0.9985578656196594,1,81061,668
1786070207,861081544,1,909.9814453125,103.46699523925781,-479.5011901855469,,,,,,,,,,81062,668
1786070207,861081544,,,,,5,-1535.802001953125,1059.0775146484375,-827.3331909179688,0.027446862310171127,-0.01655525341629982,-0.041808199137449265,0.998611330986023,1,81062,668
1786070207,870059532,1,909.7191772460938,103.06344604492188,-479.459716796875,,,,,,,,,,81063,668
1786070207,870059532,,,,,5,-1535.794921875,1059.0338134765625,-827.3292236328125,0.027483904734253883,-0.016311636194586754,-0.041019681841135025,0.9986470937728882,1,81063,668
1786070207,877643165,1,909.45849609375,102.9418716430664,-479.2428283691406,,,,,,,,,,81064,668
1786070207,877643165,,,,,5,-1535.7957763671875,1059.051025390625,-827.3248291015625,0.027562931180000305,-0.016422342509031296,-0.04160187393426895,0.9986189603805542,1,81064,668
1786070207,886544545,1,909.3271484375,102.70771026611328,-478.3892517089844,,,,,,,,,,81065,668
1786070207,886544545,,,,,5,-1535.73681640625,1058.9935302734375,-827.3712768554688,0.02785121463239193,-0.016565455123782158,-0.04222915321588516,0.9985822439193726,1,81065,668
1786070207,894622478,1,908.814697265625,103.04191589355469,-478.03515625,,,,,,,,,,81066,668
1786070207,894622478,,,,,5,-1535.7991943359375,1059.0595703125,-827.3472900390625,0.0281684510409832,-0.01597505435347557,-0.04297328367829323,0.9985512495040894,1,81066,668
1786070207,902823513,1,907.4037475585938,102.58181762695312,-477.69482421875,,,,,,,,,,81067,668
1786070207,902823513,,,,,5,-1535.77099609375,1059.0531005859375,-827.3429565429688,0.027993155643343925,-0.01620592176914215,-0.04239599034190178,0.9985771775245667,1,81067,668
1786070207,910645544,1,907.0081787109375,102.33240509033203,-477.3359680175781,,,,,,,,,,81068,668
1786070207,910645544,,,,,5,-1535.8143310546875,1059.04345703125,-827.3352661132812,0.027526382356882095,-0.01632024720311165,-0.04218801483511925,0.9985970854759216,1,81068,668
1786070207,922114897,1,905.9276733398438,102.65937805175781,-476.3867492675781,,,,,,,,,,81069,668
1786070207,922114897,,,,,5,-1535.7362060546875,1059.0018310546875,-827.3834838867188,0.028223518282175064,-0.016201112419366837,-0.04338102042675018,0.9985284209251404,1,81069,668
1786070207,927891862,1,907.8295288085938,103.586181640625,-477.37628173828125,,,,,,,,,,81070,668
1786070207,927891862,,,,,5,-1535.8057861328125,1059.0018310546875,-827.2941284179688,0.028256108984351158,-0.016064729541540146,-0.043293606489896774,0.9985335469245911,1,81070,668
1786070207,935275753,1,908.9912719726562,103.20462799072266,-478.7535705566406,,,,,,,,,,81071,668
1786070207,935275753,,,,,5,-1535.791748046875,1059.0457763671875,-827.3536987304688,0.02736469730734825,-0.01640005223453045,-0.04146307706832886,0.9986306428909302,1,81071,668
1786070207,944742280,1,907.2632446289062,103.67021179199219,-476.63787841796875,,,,,,,,,,81072,668
1786070207,944742280,,,,,5,-1535.822509765625,1059.0538330078125,-827.3508911132812,0.02799202874302864,-0.01603110320866108,-0.042609572410583496,0.9985709190368652,1,81072,668
1786070207,952909299,1,906.629150390625,103.14679718017578,-476.22711181640625,,,,,,,,,,81073,668
1786070207,952909299,,,,,5,-1535.7877197265625,1059.0048828125,-827.3289184570312,0.027755146846175194,-0.016092216596007347,-0.04192190617322922,0.9986057281494141,1,81073,668
1786070207,960300167,1,907.467529296875,103.17150115966797,-477.0429382324219,,,,,,,,,,81074,668
1786070207,960300167,,,,,5,-1535.8133544921875,1059.0447998046875,-827.3026733398438,0.027661513537168503,-0.016258032992482185,-0.04248480126261711,0.9985817670822144,1,81074,668
1786070207,969869892,1,906.8966064453125,103.04264831542969,-477.1070861816406,,,,,,,,,,81075,668
1786070207,969869892,,,,,5,-1535.7716064453125,1058.990234375,-827.3458251953125,0.027693098410964012,-0.016124196350574493,-0.04156240448355675,0.9986218214035034,1,81075,668
1786070207,978135502,1,906.4603271484375,103.18831634521484,-476.62451171875,,,,,,,,,,81076,668
1786070207,978135502,,,,,5,-1535.858154296875,1059.0634765625,-827.3151245117188,0.027722714468836784,-0.01599685661494732,-0.042525000870227814,0.9985825419425964,1,81076,668
1786070207,986517496,1,906.2194213867188,103.07135772705078,-475.39697265625,,,,,,,,,,81077,668
1786070207,986517496,,,,,5,-1535.79931640625,1059.0330810546875,-827.2976684570312,0.027620309963822365,-0.016343247145414352,-0.04205784201622009,0.998599648475647,1,81077,668
1786070207,994592932,1,906.3607788085938,102.6692123413086,-474.70660400390625,,,,,,,,,,81078,668
1786070207,994592932,,,,,5,-1535.8411865234375,1059.081787109375,-827.3235473632812,0.027428794652223587,-0.016435949131846428,-0.04198344051837921,0.9986063838005066,1,81078,668
1786070208,2983471,1,906.2647705078125,102.55111694335938,-474.37841796875,,,,,,,,,,81079,669
1786070208,2983471,,,,,5,-1535.804931640625,1059.04736328125,-827.3533325195312,0.028255484998226166,-0.01587272807955742,-0.04363589361310005,0.998521625995636,1,81079,669
1786070208,11176999,1,906.2413940429688,102.19296264648438,-473.9887390136719,,,,,,,,,,81080,669
1786070208,11176999,,,,,5,-1535.8349609375,1059.0806884765625,-827.3126831054688,0.027466053143143654,-0.01649698056280613,-0.04188990965485573,0.9986083507537842,1,81080,669
1786070208,19526910,1,905.9183959960938,102.23477172851562,-474.1308898925781,,,,,,,,,,81081,669
1786070208,19526910,,,,,5,-1535.8089599609375,1059.0225830078125,-827.3392944335938,0.028020216152071953,-0.01610163412988186,-0.042442694306373596,0.9985760450363159,1,81081,669
1786070208,27124027,1,905.7300415039062,102.07035827636719,-474.04644775390625,,,,,,,,,,81082,669
1786070208,27124027,,,,,5,-1535.8023681640625,1059.0531005859375,-827.3388671875,0.02749418094754219,-0.016269486397504807,-0.04245511442422867,0.9985874891281128,1,81082,669
1786070208,36539592,1,905.7742919921875,101.9950180053711,-473.9361267089844,,,,,,,,,,81083,669
1786070208,36539592,,,,,5,-1535.707275390625,1058.9876708984375,-827.3681030273438,0.027621595188975334,-0.016717562451958656,-0.04176650568842888,0.9986056685447693,1,81083,669
1786070208,44620833,1,908.6624145507812,101.63993072509766,-473.37371826171875,,,,,,,,,,81084,669
1786070208,44620833,,,,,5,-1535.7752685546875,1059.033203125,-827.32275390625,0.027991192415356636,-0.01623024046421051,-0.042755480855703354,0.9985615015029907,1,81084,669
1786070208,53083766,1,906.677490234375,101.4476547241211,-473.1588134765625,,,,,,,,,,81085,669
1786070208,53083766,,,,,5,-1535.8013916015625,1059.0125732421875,-827.3263549804688,0.027907615527510643,-0.016443414613604546,-0.04212426766753197,0.9985871315002441,1,81085,669
1786070208,61492621,1,909.2227172851562,99.04866790771484,-473.6564025878906,,,,,,,,,,81086,669
1786070208,61492621,,,,,5,-1535.8017578125,1059.0311279296875,-827.3350830078125,0.027758143842220306,-0.01638556271791458,-0.04211347550153732,0.998592734336853,1,81086,669
1786070208,69629285,1,912.117919921875,97.61630249023438,-472.8619689941406,,,,,,,,,,81087,669
1786070208,69629285,,,,,5,-1535.8199462890625,1059.0458984375,-827.318359375,0.027415364980697632,-0.01665756106376648,-0.04182084649801254,0.9986100196838379,1,81087,669
1786070208,76854853,1,902.4581909179688,106.24445343017578,-472.134521484375,,,,,,,,,,81088,669
1786070208,76854853,,,,,5,-1535.7750244140625,1059.018798828125,-827.3453979492188,0.027467938140034676,-0.01658148132264614,-0.04141465201973915,0.998626708984375,1,81088,669
1786070208,86618896,1,902.07373046875,105.59391021728516,-471.53277587890625,,,,,,,,,,81089,669
1786070208,86618896,,,,,5,-1535.783203125,1059.0599365234375,-827.3778686523438,0.027274616062641144,-0.016601083800196648,-0.042418982833623886,0.9985895156860352,1,81089,669
1786070208,94169485,1,900.702392578125,104.9339828491211,-471.5658874511719,,,,,,,,,,81090,669
1786070208,94169485,,,,,5,-1535.8463134765625,1059.0306396484375,-827.3232421875,0.028058405965566635,-0.016249332576990128,-0.04297785833477974,0.9985496401786804,1,81090,669
1786070208,101842474,1,899.85546875,105.04432678222656,-471.39520263671875,,,,,,,,,,81091,669
1786070208,101842474,,,,,5,-1535.7928466796875,1059.02685546875,-827.3668823242188,0.028162702918052673,-0.015972372144460678,-0.04302585870027542,0.9985491037368774,1,81091,669
1786070208,110989369,1,899.026123046875,105.73869323730469,-470.93511962890625,,,,,,,,,,81092,669
1786070208,110989369,,,,,5,-1535.79736328125,1059.0084228515625,-827.3653564453125,0.02815374545753002,-0.016184404492378235,-0.043089453130960464,0.9985432624816895,1,81092,669
1786070208,119924907,1,898.4367065429688,105.9309310913086,-470.89892578125,,,,,,,,,,81093,669
1786070208,119924907,,,,,5,-1535.83544921875,1059.087158203125,-827.3564453125,0.027452794834971428,-0.016565954312682152,-0.04174681752920151,0.9986135363578796,1,81093,669
1786070208,128076547,1,898.4309692382812,106.80265808105469,-470.3168640136719,,,,,,,,,,81094,669
1786070208,128076547,,,,,5,-1535.7955322265625,1059.0111083984375,-827.3163452148438,0.027909839525818825,-0.016259899362921715,-0.0422973670065403,0.9985827803611755,1,81094,669
1786070208,136263323,1,901.2529907226562,106.06110382080078,-471.2673034667969,,,,,,,,,,81095,669
1786070208,136263323,,,,,5,-1535.7647705078125,1058.9974365234375,-827.3508911132812,0.02779623307287693,-0.016348417848348618,-0.04160364344716072,0.9986136555671692,1,81095,669
1786070208,143566651,1,897.4088134765625,107.98722076416016,-470.310546875,,,,,,,,,,81096,669
1786070208,143566651,,,,,5,-1535.7598876953125,1059.0333251953125,-827.3377075195312,0.02770054154098034,-0.016716277226805687,-0.04245707765221596,0.9985742568969727,1,81096,669
1786070208,153015464,1,897.3056640625,108.01563262939453,-470.3963317871094,,,,,,,,,,81097,669
1786070208,153015464,,,,,5,-1535.802734375,1059.0386962890625,-827.3528442382812,0.028266865760087967,-0.01599941961467266,-0.04338615760207176,0.9985302090644836,1,81097,669
1786070208,161174368,1,897.2196655273438,108.20983123779297,-470.3431396484375,,,,,,,,,,81098,669
1786070208,161174368,,,,,5,-1535.8150634765625,1059.0423583984375,-827.3670043945312,0.028305329382419586,-0.016061408445239067,-0.042596302926540375,0.998562216758728,1,81098,669
1786070208,169884275,1,901.2703857421875,105.8862075805664,-470.9988708496094,,,,,,,,,,81099,669
1786070208,169884275,,,,,5,-1535.7943115234375,1059.0140380859375,-827.3018798828125,0.027809884399175644,-0.016266267746686935,-0.04217159375548363,0.9985907077789307,1,81099,669
1786070208,178105771,1,901.0418701171875,105.99200439453125,-470.8863525390625,,,,,,,,,,81100,669
1786070208,178105771,,,,,5,-1535.7552490234375,1059.022216796875,-827.3860473632812,0.028257150202989578,-0.016076982021331787,-0.04207511246204376,0.9985852837562561,1,81100,669
1786070208,186141604,1,901.09228515625,105.86831665039062,-470.86932373046875,,,,,,,,,,81101,669
1786070208,186141604,,,,,5,-1535.81689453125,1059.0721435546875,-827.3408203125,0.027978133410215378,-0.01612459309399128,-0.04311491176486015,0.9985480904579163,1,81101,669
1786070208,193642754,1,900.879150390625,106.0395736694336,-470.73504638671875,,,,,,,,,,81102,669
1786070208,193642754,,,,,5,-1535.7889404296875,1059.0472412109375,-827.3287353515625,0.027723658829927444,-0.016508016735315323,-0.042171742767095566,0.9985891580581665,1,81102,669
1786070208,203864521,1,893.6862182617188,109.24942016601562,-467.949951171875,,,,,,,,,,81103,669
1786070208,203864521,,,,,5,-1535.8665771484375,1059.1185302734375,-827.3274536132812,0.027960918843746185,-0.016079626977443695,-0.04325719177722931,0.9985432028770447,1,81103,669
1786070208,210417711,1,893.706787109375,109.20006561279297,-467.95513916015625,,,,,,,,,,81104,669
1786070208,210417711,,,,,5,-1535.762939453125,1059.042236328125,-827.3827514648438,0.028156088665127754,-0.016497794538736343,-0.043234653770923615,0.9985318779945374,1,81104,669
1786070208,219658206,1,900.5083618164062,104.45311737060547,-470.90087890625,,,,,,,,,,81105,669
1786070208,219658206,,,,,5,-1535.8455810546875,1059.0843505859375,-827.3218994140625,0.028515314683318138,-0.016023699194192886,-0.04434389993548393,0.9984807372093201,1,81105,669
1786070208,227919765,1,901.0248413085938,105.80368041992188,-470.83782958984375,,,,,,,,,,81106,669
1786070208,227919765,,,,,5,-1535.8033447265625,1059.0198974609375,-827.3795166015625,0.028016384690999985,-0.01595360040664673,-0.042419567704200745,0.9985795617103577,1,81106,669
1786070208,238843573,1,901.0791625976562,105.8169174194336,-470.88720703125,,,,,,,,,,81107,669
1786070208,238843573,,,,,5,-1535.8240966796875,1059.08984375,-827.3536987304688,0.028242262080311775,-0.016222354024648666,-0.043647121638059616,0.9985160231590271,1,81107,669
1786070208,244603618,1,900.9434814453125,105.90797424316406,-470.9343566894531,,,,,,,,,,81108,669
1786070208,244603618,,,,,5,-1535.7904052734375,1059.0672607421875,-827.36572265625,0.027538465335965157,-0.01668545790016651,-0.043151382356882095,0.9985495805740356,1,81108,669
1786070208,252823770,1,900.8922119140625,106.022216796875,-470.8902587890625,,,,,,,,,,81109,669
1786070208,252823770,,,,,5,-1535.8616943359375,1059.0443115234375,-827.3549194335938,0.027758818119764328,-0.01628543995320797,-0.04263007268309593,0.9985724687576294,1,81109,669
1786070208,260238969,1,900.9059448242188,105.98883056640625,-470.95111083984375,,,,,,,,,,81110,669
1786070208,260238969,,,,,5,-1535.8009033203125,1059.065673828125,-827.359375,0.027709627524018288,-0.01627180725336075,-0.04213593900203705,0.9985949993133545,1,81110,669
1786070208,269655078,1,900.4005126953125,106.22268676757812,-470.9285888671875,,,,,,,,,,81111,669
1786070208,269655078,,,,,5,-1535.8424072265625,1059.0697021484375,-827.30908203125,0.027683932334184647,-0.016368573531508446,-0.04270258545875549,0.9985699653625488,1,81111,669
1786070208,277842942,1,901.2444458007812,105.91157531738281,-471.0710754394531,,,,,,,,,,81112,669
1786070208,277842942,,,,,5,-1535.80224609375,1059.1104736328125,-827.3324584960938,0.02758927270770073,-0.01656153053045273,-0.04266297444701195,0.9985712170600891,1,81112,669
1786070208,285229501,1,900.504150390625,106.36678314208984,-470.9909362792969,,,,,,,,,,81113,669
1786070208,285229501,,,,,5,-1535.7850341796875,1059.0418701171875,-827.3543090820312,0.02824448235332966,-0.016069479286670685,-0.04342274367809296,0.9985281825065613,1,81113,669
1786070208,295360100,1,900.6386108398438,106.26819610595703,-471.10302734375,,,,,,,,,,81114,669
1786070208,295360100,,,,,5,-1535.792236328125,1059.0712890625,-827.3894653320312,0.027828818187117577,-0.016231918707489967,-0.04266256093978882,0.998569905757904,1,81114,669
1786070208,302503429,1,901.3917236328125,105.93801879882812,-471.32037353515625,,,,,,,,,,81115,669
1786070208,302503429,,,,,5,-1535.836669921875,1059.1048583984375,-827.3445434570312,0.0276069026440382,-0.01655232161283493,-0.042488452047109604,0.9985782504081726,1,81115,669
1786070208,311718644,1,899.5848999023438,105.93892669677734,-470.6920471191406,,,,,,,,,,81116,669
1786070208,311718644,,,,,5,-1535.826171875,1059.0682373046875,-827.3424682617188,0.027796180918812752,-0.016233740374445915,-0.041977409273386,0.9986000061035156,1,81116,669
1786070208,319545263,1,899.6307983398438,105.9819107055664,-470.6754150390625,,,,,,,,,,81117,669
1786070208,319545263,,,,,5,-1535.8690185546875,1059.0987548828125,-827.3419799804688,0.027292124927043915,-0.016875525936484337,-0.042447805404663086,0.9985832571983337,1,81117,669
1786070208,327030222,1,900.3599853515625,105.64871215820312,-471.5047302246094,,,,,,,,,,81118,669
1786070208,327030222,,,,,5,-1535.8074951171875,1059.04638671875,-827.3425903320312,0.028223959729075432,-0.015992799773812294,-0.04303373023867607,0.998546838760376,1,81118,669
1786070208,336337692,1,901.1793212890625,104.98017883300781,-471.6404113769531,,,,,,,,,,81119,669
1786070208,336337692,,,,,5,-1535.822509765625,1059.0467529296875,-827.3422241210938,0.027833150699734688,-0.016015302389860153,-0.04243117943406105,0.9985831379890442,1,81119,669
1786070208,344664595,1,900.3754272460938,105.19420623779297,-471.8183898925781,,,,,,,,,,81120,669
1786070208,344664595,,,,,5,-1535.8173828125,1059.0556640625,-827.3646850585938,0.02826189063489437,-0.016044387593865395,-0.04368077591061592,0.998516857624054,1,81120,669
1786070208,351986386,1,900.2302856445312,105.50277709960938,-471.71331787109375,,,,,,,,,,81121,669
1786070208,351986386,,,,,5,-1535.811767578125,1059.0709228515625,-827.3783569335938,0.027704546228051186,-0.016131989657878876,-0.04257959872484207,0.9985786080360413,1,81121,669
1786070208,361169473,1,901.1757202148438,104.80949401855469,-471.5767822265625,,,,,,,,,,81122,669
1786070208,361169473,,,,,5,-1535.813232421875,1059.1007080078125,-827.3905639648438,0.027127226814627647,-0.016754640266299248,-0.04188188537955284,0.9986136555671692,1,81122,669
1786070208,369448217,1,899.9161376953125,105.87484741210938,-471.38226318359375,,,,,,,,,,81123,669
1786070208,369448217,,,,,5,-1535.787353515625,1059.0225830078125,-827.3974609375,0.028141546994447708,-0.016036463901400566,-0.042737144976854324,0.9985612034797668,1,81123,669
1786070208,376852727,1,899.4656982421875,106.4224853515625,-470.9588928222656,,,,,,,,,,81124,669
1786070208,376852727,,,,,5,-1535.81298828125,1059.0579833984375,-827.3319702148438,0.0275126863270998,-0.016536863520741463,-0.04187473654747009,0.9986070394515991,1,81124,669
1786070208,386260549,1,899.3723754882812,107.54460906982422,-470.08355712890625,,,,,,,,,,81125,669
1786070208,386260549,,,,,5,-1535.774169921875,1059.063232421875,-827.3603515625,0.02773798629641533,-0.016376040875911713,-0.041715867817401886,0.998610258102417,1,81125,669
1786070208,394161407,1,898.9314575195312,107.79835510253906,-469.36480712890625,,,,,,,,,,81126,669
1786070208,394161407,,,,,5,-1535.8050537109375,1059.0399169921875,-827.3440551757812,0.028291035443544388,-0.016053706407546997,-0.04273444414138794,0.998556911945343,1,81126,669
1786070208,402986002,1,898.1499633789062,104.2955551147461,-469.6685485839844,,,,,,,,,,81127,669
1786070208,402986002,,,,,5,-1535.8548583984375,1059.1025390625,-827.3585815429688,0.028087539598345757,-0.01596726104617119,-0.04352668672800064,0.9985296726226807,1,81127,669
1786070208,411163978,1,900.3154296875,105.27165985107422,-468.1064453125,,,,,,,,,,81128,669
1786070208,411163978,,,,,5,-1535.8212890625,1059.0811767578125,-827.3634643554688,0.02770460769534111,-0.016405252739787102,-0.04192182794213295,0.9986019134521484,1,81128,669
1786070208,418969733,1,897.8937377929688,108.91613006591797,-466.678466796875,,,,,,,,,,81129,669
1786070208,418969733,,,,,5,-1535.786865234375,1059.039794921875,-827.3630981445312,0.02813352458178997,-0.01611568033695221,-0.043210648000240326,0.9985398054122925,1,81129,669
1786070208,427927350,1,897.4855346679688,109.38479614257812,-465.5784606933594,,,,,,,,,,81130,669
1786070208,427927350,,,,,5,-1535.8580322265625,1059.1041259765625,-827.3365478515625,0.027774348855018616,-0.01641899347305298,-0.04355249181389809,0.9985299706459045,1,81130,669
1786070208,436264141,1,897.5068359375,109.4122543334961,-464.4329528808594,,,,,,,,,,81131,669
1786070208,436264141,,,,,5,-1535.8094482421875,1059.0809326171875,-827.3375244140625,0.027132462710142136,-0.016432389616966248,-0.04200008511543274,0.9986139535903931,1,81131,669
1786070208,443983977,1,897.186279296875,108.6266860961914,-463.823974609375,,,,,,,,,,81132,669
1786070208,443983977,,,,,5,-1535.8037109375,1059.062744140625,-827.3521728515625,0.02761710435152054,-0.01623954251408577,-0.041958678513765335,0.9986055493354797,1,81132,669
1786070208,453020122,1,897.00830078125,110.68238067626953,-462.8048095703125,,,,,,,,,,81133,669
1786070208,453020122,,,,,5,-1535.8411865234375,1059.09375,-827.3464965820312,0.02739087864756584,-0.01622186042368412,-0.04217987135052681,0.9986026883125305,1,81133,669
1786070208,460862325,1,896.7392578125,110.743896484375,-462.2124328613281,,,,,,,,,,81134,669
1786070208,460862325,,,,,5,-1535.796630859375,1059.1075439453125,-827.3435668945312,0.027507122606039047,-0.016544923186302185,-0.042039904743433,0.99860018491745,1,81134,669
1786070208,469788422,1,896.5260620117188,108.51881408691406,-462.4219055175781,,,,,,,,,,81135,669
1786070208,469788422,,,,,5,-1535.829345703125,1059.0701904296875,-827.3375854492188,0.027656806632876396,-0.01632026955485344,-0.04243261367082596,0.9985831379890442,1,81135,669
1786070208,478097597,1,896.9124755859375,112.35005187988281,-460.8600158691406,,,,,,,,,,81136,669
1786070208,478097597,,,,,5,-1535.8455810546875,1059.0555419921875,-827.3590698242188,0.028274472802877426,-0.016096726059913635,-0.04311880096793175,0.9985401034355164,1,81136,669
1786070208,486461844,1,897.5228271484375,113.73623657226562,-459.9615783691406,,,,,,,,,,81137,669
1786070208,486461844,,,,,5,-1535.8070068359375,1059.0325927734375,-827.3634643554688,0.027910219505429268,-0.016088951379060745,-0.04276684299111366,0.9985655546188354,1,81137,669
1786070208,494727243,1,897.9253540039062,115.81441497802734,-459.6936950683594,,,,,,,,,,81138,669
1786070208,494727243,,,,,5,-1535.8629150390625,1059.0828857421875,-827.3220825195312,0.027902619913220406,-0.01626954972743988,-0.04295879229903221,0.998554527759552,1,81138,669
1786070208,503100353,1,898.3623657226562,118.36711883544922,-458.9763488769531,,,,,,,,,,81139,669
1786070208,503100353,,,,,5,-1535.8768310546875,1059.1102294921875,-827.3057861328125,0.028236500918865204,-0.016064226627349854,-0.04335537552833557,0.9985314011573792,1,81139,669
1786070208,510964284,1,898.97216796875,121.17371368408203,-458.3494567871094,,,,,,,,,,81140,669
1786070208,510964284,,,,,5,-1535.822509765625,1059.0709228515625,-827.3737182617188,0.0283666979521513,-0.01592494547367096,-0.043650731444358826,0.9985170960426331,1,81140,669
1786070208,519722511,1,899.4740600585938,121.5981674194336,-458.458251953125,,,,,,,,,,81141,669
1786070208,519722511,,,,,5,-1535.8153076171875,1059.0625,-827.3566284179688,0.028284341096878052,-0.01593831367790699,-0.04305237531661987,0.9985451698303223,1,81141,669
1786070208,534297551,1,905.1559448242188,123.975830078125,-457.25091552734375,,,,,,,,,,81142,669
1786070208,534297551,,,,,5,-1535.8197021484375,1059.0614013671875,-827.3405151367188,0.027812015265226364,-0.016151495277881622,-0.042675986886024475,0.9985711574554443,1,81142,669
1786070208,535708515,1,905.68310546875,127.49078369140625,-456.53717041015625,,,,,,,,,,81143,669
1786070208,535708515,,,,,5,-1535.7923583984375,1059.0537109375,-827.3497924804688,0.028265848755836487,-0.015970289707183838,-0.04256754368543625,0.9985659718513489,1,81143,669
1786070208,544763379,1,905.7314453125,132.46597290039062,-455.80841064453125,,,,,,,,,,81144,669
1786070208,544763379,,,,,5,-1535.8763427734375,1059.094970703125,-827.3218994140625,0.027772773057222366,-0.01612740382552147,-0.04310344532132149,0.9985542297363281,1,81144,669
1786070208,553019946,1,902.0059204101562,140.0633544921875,-454.9239501953125,,,,,,,,,,81145,669
1786070208,553019946,,,,,5,-1535.8232421875,1059.0421142578125,-827.3562622070312,0.02826160378754139,-0.0159729216247797,-0.04279641434550285,0.9985562562942505,1,81145,669
1786070208,560284778,1,902.4931030273438,145.69924926757812,-454.4417419433594,,,,,,,,,,81146,669
1786070208,560284778,,,,,5,-1535.8377685546875,1059.05859375,-827.3175048828125,0.02750755287706852,-0.01645626872777939,-0.0417625829577446,0.9986132383346558,1,81146,669
1786070208,569785783,1,902.7769165039062,152.552978515625,-454.4815368652344,,,,,,,,,,81147,669
1786070208,569785783,,,,,5,-1535.8155517578125,1059.0924072265625,-827.3722534179688,0.02775830775499344,-0.016345331445336342,-0.04237471520900726,0.9985824227333069,1,81147,669
1786070208,577675698,1,905.3690795898438,159.10128784179688,-454.74298095703125,,,,,,,,,,81148,669
1786070208,577675698,,,,,5,-1535.849853515625,1059.1171875,-827.36181640625,0.027137426659464836,-0.01642576791346073,-0.04124279320240021,0.9986454844474792,1,81148,669
1786070208,586559491,1,904.5178833007812,166.40301513671875,-454.568603515625,,,,,,,,,,81149,669
1786070208,586559491,,,,,5,-1535.7630615234375,1059.02734375,-827.4210815429688,0.02808365970849991,-0.01635441929101944,-0.0426739864051342,0.99856036901474,1,81149,669
1786070208,594491646,1,905.2005615234375,173.40960693359375,-454.50830078125,,,,,,,,,,81150,669
1786070208,594491646,,,,,5,-1535.806884765625,1059.0751953125,-827.3788452148438,0.028117923066020012,-0.01598343811929226,-0.043399617075920105,0.998534083366394,1,81150,669
1786070208,602708341,1,905.1373291015625,182.28363037109375,-453.16033935546875,,,,,,,,,,81151,669
1786070208,602708341,,,,,5,-1535.8365478515625,1059.071533203125,-827.3388671875,0.027699556201696396,-0.01637670025229454,-0.0425303615629673,0.9985769391059875,1,81151,669
1786070208,611428425,1,906.1550903320312,189.80181884765625,-453.3810729980469,,,,,,,,,,81152,669
1786070208,611428425,,,,,5,-1535.798583984375,1059.020263671875,-827.33984375,0.027934856712818146,-0.01598348468542099,-0.04238799214363098,0.998582661151886,1,81152,669
1786070208,619618113,1,906.8165893554688,198.0275421142578,-453.22314453125,,,,,,,,,,81153,669
1786070208,619618113,,,,,5,-1535.8123779296875,1059.0115966796875,-827.3697509765625,0.027942771092057228,-0.016207097098231316,-0.042398955672979355,0.9985783696174622,1,81153,669
1786070208,626699778,1,907.6039428710938,206.34397888183594,-452.8584899902344,,,,,,,,,,81154,669
1786070208,626699778,,,,,5,-1535.83154296875,1059.0557861328125,-827.3551635742188,0.02777058072388172,-0.016041593626141548,-0.042168404906988144,0.9985957145690918,1,81154,669
1786070208,636491820,1,908.6046752929688,214.41656494140625,-453.20501708984375,,,,,,,,,,81155,669
1786070208,636491820,,,,,5,-1535.8792724609375,1059.0594482421875,-827.3218994140625,0.02787589468061924,-0.016239691525697708,-0.04232589155435562,0.9985828399658203,1,81155,669
1786070208,644620933,1,908.83154296875,222.2652587890625,-453.4266052246094,,,,,,,,,,81156,669
1786070208,644620933,,,,,5,-1535.7694091796875,1059.024658203125,-827.4046020507812,0.027945946902036667,-0.01659020036458969,-0.04213939607143402,0.9985830783843994,1,81156,669
1786070208,652546399,1,909.3057250976562,232.1776580810547,-452.5062255859375,,,,,,,,,,81157,669
1786070208,652546399,,,,,5,-1535.8109130859375,1059.0400390625,-827.3070678710938,0.02767760492861271,-0.01641739159822464,-0.04175720736384392,0.9986094236373901,1,81157,669
1786070208,661129940,1,909.8486328125,243.79331970214844,-450.8796691894531,,,,,,,,,,81158,669
1786070208,661129940,,,,,5,-1535.817626953125,1059.0413818359375,-827.3468017578125,0.027747290208935738,-0.016274558380246162,-0.04207200929522514,0.9985965490341187,1,81158,669
1786070208,669626793,1,909.832275390625,255.4753875732422,-449.9599914550781,,,,,,,,,,81159,669
1786070208,669626793,,,,,5,-1535.7611083984375,1059.0272216796875,-827.39013671875,0.027986226603388786,-0.016383590176701546,-0.043061621487140656,0.9985459446907043,1,81159,669
1786070208,677181575,1,910.4342651367188,265.1711730957031,-449.3272399902344,,,,,,,,,,81160,669
1786070208,677181575,,,,,5,-1535.839599609375,1059.0679931640625,-827.33935546875,0.027262190356850624,-0.016449371352791786,-0.041570525616407394,0.9986280798912048,1,81160,669
1786070208,686313110,1,910.1679077148438,277.6781005859375,-448.47698974609375,,,,,,,,,,81161,669
1786070208,686313110,,,,,5,-1535.845947265625,1059.0662841796875,-827.3700561523438,0.02774483896791935,-0.01616813987493515,-0.042364247143268585,0.9985860586166382,1,81161,669
1786070208,694458543,1,910.1443481445312,289.94561767578125,-447.1623229980469,,,,,,,,,,81162,669
1786070208,694458543,,,,,5,-1535.8433837890625,1059.09619140625,-827.3416137695312,0.027874181047081947,-0.01640273444354534,-0.04263342544436455,0.9985672235488892,1,81162,669
1786070208,701962797,1,910.93310546875,298.80755615234375,-446.9427185058594,,,,,,,,,,81163,669
1786070208,701962797,,,,,5,-1535.8209228515625,1059.044921875,-827.35791015625,0.02776625007390976,-0.016407549381256104,-0.042183905839920044,0.9985891580581665,1,81163,669
1786070208,711313338,1,910.943359375,312.022705078125,-446.3488464355469,,,,,,,,,,81164,669
1786070208,711313338,,,,,5,-1535.8118896484375,1059.0692138671875,-827.3673095703125,0.02789105661213398,-0.01604701764881611,-0.042628638446331024,0.998572587966919,1,81164,669
1786070208,720071949,1,910.9385375976562,322.87615966796875,-446.2956237792969,,,,,,,,,,81165,669
1786070208,720071949,,,,,5,-1535.8232421875,1059.0538330078125,-827.31982421875,0.027944514527916908,-0.016184965148568153,-0.04302508383989334,0.9985519647598267,1,81165,669
1786070208,728081735,1,911.3103637695312,335.5484313964844,-445.2923889160156,,,,,,,,,,81166,669
1786070208,728081735,,,,,5,-1535.7972412109375,1059.0810546875,-827.3988647460938,0.027402430772781372,-0.016823749989271164,-0.042146891355514526,0.9985939264297485,1,81166,669
1786070208,736189504,1,911.5432739257812,347.1395568847656,-445.10858154296875,,,,,,,,,,81167,669
1786070208,736189504,,,,,5,-1535.8245849609375,1059.0799560546875,-827.35107421875,0.02792130969464779,-0.016147566959261894,-0.04262159764766693,0.998570442199707,1,81167,669
1786070208,744054811,1,911.867431640625,358.7906799316406,-444.9114685058594,,,,,,,,,,81168,669
1786070208,744054811,,,,,5,-1535.8094482421875,1059.0498046875,-827.3580932617188,0.027765754610300064,-0.01637107878923416,-0.04178116098046303,0.9986067414283752,1,81168,669
1786070208,752980460,1,911.9796752929688,371.50726318359375,-444.688720703125,,,,,,,,,,81169,669
1786070208,752980460,,,,,5,-1535.8480224609375,1059.07763671875,-827.3624877929688,0.027835329994559288,-0.016155343502759933,-0.042714305222034454,0.9985687136650085,1,81169,669
1786070208,760892422,1,912.1145629882812,383.82781982421875,-444.8074951171875,,,,,,,,,,81170,669
1786070208,760892422,,,,,5,-1535.8057861328125,1059.0518798828125,-827.3800048828125,0.028269365429878235,-0.016070278361439705,-0.04294779151678085,0.9985479712486267,1,81170,669
1786070208,769951927,1,912.1620483398438,396.6592102050781,-444.3553466796875,,,,,,,,,,81171,669
1786070208,769951927,,,,,5,-1535.8363037109375,1059.10107421875,-827.3517456054688,0.027555346488952637,-0.016190070658922195,-0.042541712522506714,0.9985833168029785,1,81171,669
1786070208,778413100,1,912.2785034179688,408.998779296875,-444.410888671875,,,,,,,,,,81172,669
1786070208,778413100,,,,,5,-1535.7767333984375,1059.051025390625,-827.3575439453125,0.02751346491277218,-0.016609592363238335,-0.04191087186336517,0.9986043572425842,1,81172,669
1786070208,786334247,1,912.4872436523438,422.2269592285156,-444.1978759765625,,,,,,,,,,81173,669
1786070208,786334247,,,,,5,-1535.826171875,1059.0511474609375,-827.3478393554688,0.02764476276934147,-0.01625555381178856,-0.0418560728430748,0.9986087679862976,1,81173,669
1786070208,794164930,1,912.5985107421875,435.2769775390625,-444.2030029296875,,,,,,,,,,81174,669
1786070208,794164930,,,,,5,-1535.82568359375,1059.125244140625,-827.3917846679688,0.027453141286969185,-0.016826670616865158,-0.04300004616379738,0.9985561370849609,1,81174,669
1786070208,803108275,1,911.9440307617188,448.7781982421875,-443.6313171386719,,,,,,,,,,81175,669
1786070208,803108275,,,,,5,-1535.8323974609375,1059.086181640625,-827.3751831054688,0.027728533372282982,-0.016347989439964294,-0.04191505163908005,0.9986026287078857,1,81175,669
1786070208,810733136,1,912.4580688476562,461.9025573730469,-443.5278015136719,,,,,,,,,,81176,669
1786070208,810733136,,,,,5,-1535.8255615234375,1059.065673828125,-827.322265625,0.027620453387498856,-0.016426440328359604,-0.041888993233442307,0.9986053109169006,1,81176,669
1786070208,820068798,1,912.9679565429688,475.4383239746094,-444.11859130859375,,,,,,,,,,81177,669
1786070208,820068798,,,,,5,-1535.8245849609375,1059.075439453125,-827.3826293945312,0.028257131576538086,-0.015876326709985733,-0.04305499419569969,0.998546838760376,1,81177,669
1786070208,828232950,1,912.41259765625,488.2395935058594,-443.915283203125,,,,,,,,,,81178,669
1786070208,828232950,,,,,5,-1535.8551025390625,1059.1046142578125,-827.3369140625,0.02783670835196972,-0.016312582418322563,-0.04252728447318077,0.9985741972923279,1,81178,669
1786070208,836630348,1,911.9388427734375,501.1972961425781,-442.7218933105469,,,,,,,,,,81179,669
1786070208,836630348,,,,,5,-1535.8446044921875,1059.087158203125,-827.37060546875,0.028201719745993614,-0.01588297076523304,-0.04304991662502289,0.9985484480857849,1,81179,669
1786070208,844715973,1,913.1626586914062,513.6852416992188,-443.8179626464844,,,,,,,,,,81180,669
1786070208,844715973,,,,,5,-1535.8472900390625,1059.0823974609375,-827.3566284179688,0.02776792086660862,-0.01623331382870674,-0.04200906679034233,0.9985994100570679,1,81180,669
1786070208,852845758,1,928.1576538085938,492.8997497558594,-325.95111083984375,,,,,,,,,,81181,669
1786070208,852845758,,,,,5,-1535.822509765625,1059.0428466796875,-827.3663940429688,0.02762947790324688,-0.016221139580011368,-0.04156865179538727,0.9986217617988586,1,81181,669
1786070208,860920183,1,913.2930908203125,539.7840576171875,-444.09808349609375,,,,,,,,,,81182,669
1786070208,860920183,,,,,5,-1535.8016357421875,1059.034423828125,-827.3733520507812,0.027989843860268593,-0.0161872711032629,-0.04249059781432152,0.9985735416412354,1,81182,669
1786070208,869775145,1,911.8370971679688,553.4664916992188,-443.55633544921875,,,,,,,,,,81183,669
1786070208,869775145,,,,,5,-1535.857666015625,1059.148681640625,-827.3516845703125,0.027657954022288322,-0.016218939796090126,-0.04259832575917244,0.9985777139663696,1,81183,669
1786070208,877802146,1,913.4633178710938,566.095947265625,-445.5542297363281,,,,,,,,,,81184,669
1786070208,877802146,,,,,5,-1535.8101806640625,1059.052001953125,-827.3450317382812,0.027722856029868126,-0.01629595085978508,-0.042302317917346954,0.9985872507095337,1,81184,669
1786070208,886279128,1,913.4413452148438,579.011474609375,-445.7176513671875,,,,,,,,,,81185,669
1786070208,886279128,,,,,5,-1535.8582763671875,1059.0755615234375,-827.3727416992188,0.027973145246505737,-0.015987947583198547,-0.04306671768426895,0.9985525608062744,1,81185,669
1786070208,894622671,1,914.0223999023438,592.4124145507812,-446.9728088378906,,,,,,,,,,81186,669
1786070208,894622671,,,,,5,-1535.8460693359375,1059.0736083984375,-827.3283081054688,0.02737048827111721,-0.01659155823290348,-0.04185130074620247,0.9986110329627991,1,81186,669
1786070208,903273826,1,913.4964599609375,604.9138793945312,-446.4944152832031,,,,,,,,,,81187,669
1786070208,903273826,,,,,5,-1535.814453125,1059.1129150390625,-827.3479614257812,0.027380196377635002,-0.01649286597967148,-0.04173976182937622,0.9986171722412109,1,81187,669
1786070208,910371620,1,913.8096313476562,618.3785400390625,-447.4499816894531,,,,,,,,,,81188,669
1786070208,910371620,,,,,5,-1535.8189697265625,1059.026611328125,-827.3632202148438,0.027908463031053543,-0.016041120514273643,-0.0422995388507843,0.9985862970352173,1,81188,669
1786070208,919638035,,,,,5,-1535.8165283203125,1059.02490234375,-827.3527221679688,0.027980048209428787,-0.0160722304135561,-0.042449671775102615,0.9985774755477905,1,81189,669
1786070208,927486126,,,,,5,-1535.830322265625,1059.084228515625,-827.3490600585938,0.027279624715447426,-0.016538087278604507,-0.041942860931158066,0.9986106157302856,1,81190,669
1786070208,936621533,1,913.5877075195312,656.2728271484375,-448.17779541015625,,,,,,,,,,81191,669
1786070208,936621533,,,,,5,-1535.8671875,1059.102783203125,-827.3111572265625,0.02715292200446129,-0.016693437471985817,-0.041464801877737045,0.9986314177513123,1,81191,669
1786070208,944699894,1,913.7136840820312,667.9774780273438,-448.49072265625,,,,,,,,,,81192,669
1786070208,944699894,,,,,5,-1535.8138427734375,1059.031494140625,-827.3416137695312,0.0281791053712368,-0.015976443886756897,-0.042857613414525986,0.9985559582710266,1,81192,669
1786070208,952957006,1,913.6580200195312,681.4490356445312,-449.1589660644531,,,,,,,,,,81193,669
1786070208,952957006,,,,,5,-1535.82470703125,1059.0565185546875,-827.3271484375,0.02776285633444786,-0.01610697992146015,-0.042059969156980515,0.9985994696617126,1,81193,669
1786070208,960085231,1,913.0944213867188,692.733154296875,-448.7731628417969,,,,,,,,,,81194,669
1786070208,960085231,,,,,5,-1535.7933349609375,1059.044921875,-827.3536987304688,0.028185175731778145,-0.01607462763786316,-0.04256467893719673,0.9985666275024414,1,81194,669
1786070208,969552412,1,913.834716796875,705.8123779296875,-450.43963623046875,,,,,,,,,,81195,669
1786070208,969552412,,,,,5,-1535.838623046875,1059.0584716796875,-827.3367309570312,0.02773202396929264,-0.01618277095258236,-0.042098600417375565,0.9985973834991455,1,81195,669
1786070208,977091385,1,913.8455200195312,717.8145141601562,-450.9673767089844,,,,,,,,,,81196,669
1786070208,977091385,,,,,5,-1535.847412109375,1059.0325927734375,-827.3428955078125,0.02825801819562912,-0.015974272042512894,-0.0428679883480072,0.9985532164573669,1,81196,669
1786070208,986325704,1,913.890625,729.3502197265625,-451.2229309082031,,,,,,,,,,81197,669
1786070208,986325704,,,,,5,-1535.8314208984375,1059.0477294921875,-827.3204956054688,0.02787931077182293,-0.016275780275464058,-0.04276614263653755,0.9985634684562683,1,81197,669
1786070208,994397825,1,914.203369140625,740.8571166992188,-451.74774169921875,,,,,,,,,,81198,669
1786070208,994397825,,,,,5,-1535.9061279296875,1059.1136474609375,-827.3445434570312,0.027509674429893494,-0.016510652378201485,-0.04242653772234917,0.9985842704772949,1,81198,669
1786070209,3503156,1,914.3026733398438,753.1423950195312,-452.6264343261719,,,,,,,,,,81199,670
1786070209,3503156,,,,,5,-1535.814453125,1059.031005859375,-827.3576049804688,0.02778037264943123,-0.016237152740359306,-0.041487738490104675,0.9986207485198975,1,81199,670
1786070209,11721912,1,914.5178833007812,764.25244140625,-453.2481689453125,,,,,,,,,,81200,670
1786070209,11721912,,,,,5,-1535.8863525390625,1059.0894775390625,-827.3043823242188,0.027527781203389168,-0.016777189448475838,-0.0419643372297287,0.9985989928245544,1,81200,670
1786070209,19476928,1,914.1818237304688,775.3770141601562,-452.8505554199219,,,,,,,,,,81201,670
1786070209,19476928,,,,,5,-1535.828125,1059.05224609375,-827.3143920898438,0.027692502364516258,-0.016051756218075752,-0.04257580637931824,0.9985803961753845,1,81201,670
1786070209,27097544,1,915.1694946289062,786.2444458007812,-454.40472412109375,,,,,,,,,,81202,670
1786070209,27097544,,,,,5,-1535.84130859375,1059.0909423828125,-827.3453369140625,0.027512243017554283,-0.016267456114292145,-0.04212500900030136,0.998600959777832,1,81202,670
1786070209,36342213,1,914.5267333984375,797.368896484375,-453.84759521484375,,,,,,,,,,81203,670
1786070209,36342213,,,,,5,-1535.7901611328125,1059.0062255859375,-827.3595581054688,0.02789953164756298,-0.016322625800967216,-0.0421842522919178,0.9985867738723755,1,81203,670
1786070209,44208044,1,915.6510009765625,807.8578491210938,-455.53240966796875,,,,,,,,,,81204,670
1786070209,44208044,,,,,5,-1535.8135986328125,1059.052734375,-827.3525390625,0.027610378339886665,-0.016228029504418373,-0.042089901864528656,0.9986003041267395,1,81204,670
1786070209,53264138,1,915.1806640625,818.0390625,-455.1746520996094,,,,,,,,,,81205,670
1786070209,53264138,,,,,5,-1535.79345703125,1059.028564453125,-827.3878173828125,0.027972189709544182,-0.01638742908835411,-0.0423588864505291,0.9985763430595398,1,81205,670
1786070209,60981522,1,915.983154296875,828.8589477539062,-456.61297607421875,,,,,,,,,,81206,670
1786070209,60981522,,,,,5,-1535.8358154296875,1059.0731201171875,-827.3298950195312,0.02787514589726925,-0.016212282702326775,-0.04220303148031235,0.998588502407074,1,81206,670
1786070209,70025360,1,915.6890869140625,838.2117309570312,-456.2577819824219,,,,,,,,,,81207,670
1786070209,70025360,,,,,5,-1535.8216552734375,1059.0640869140625,-827.3518676757812,0.02782457508146763,-0.01615985482931137,-0.0425834022462368,0.9985746741294861,1,81207,670
1786070209,78288916,1,916.617919921875,847.7537841796875,-457.6440124511719,,,,,,,,,,81208,670
1786070209,78288916,,,,,5,-1535.8372802734375,1059.1004638671875,-827.3899536132812,0.027877075597643852,-0.01602400653064251,-0.04313413053750992,0.9985517859458923,1,81208,670
1786070209,86673080,1,916.833251953125,857.6013793945312,-458.2398376464844,,,,,,,,,,81209,670
1786070209,86673080,,,,,5,-1535.8397216796875,1059.052734375,-827.3543090820312,0.027791934087872505,-0.01634855568408966,-0.04283338040113449,0.9985618591308594,1,81209,670
1786070209,93701701,1,916.5917358398438,866.5186767578125,-458.3012390136719,,,,,,,,,,81210,670
1786070209,93701701,,,,,5,-1535.829345703125,1059.0721435546875,-827.34521484375,0.027946121990680695,-0.016028260812163353,-0.04239996150135994,0.9985811710357666,1,81210,670
1786070209,103134880,1,917.6017456054688,875.1851806640625,-459.8210754394531,,,,,,,,,,81211,670
1786070209,103134880,,,,,5,-1535.817626953125,1059.0560302734375,-827.353515625,0.027981029823422432,-0.016207149252295494,-0.042990557849407196,0.9985520839691162,1,81211,670
1786070209,111125926,1,917.9913940429688,883.8031005859375,-460.8586120605469,,,,,,,,,,81212,670
1786070209,111125926,,,,,5,-1535.8035888671875,1059.0611572265625,-827.3878784179688,0.028072943910956383,-0.015997126698493958,-0.042771611362695694,0.998562216758728,1,81212,670
1786070209,119957958,1,917.4503173828125,891.5003662109375,-460.509765625,,,,,,,,,,81213,670
1786070209,119957958,,,,,5,-1535.8052978515625,1059.0364990234375,-827.3410034179688,0.028114166110754013,-0.015976890921592712,-0.04287277162075043,0.9985570907592773,1,81213,670
1786070209,128037451,1,918.5797729492188,898.6783447265625,-461.938720703125,,,,,,,,,,81214,670
1786070209,128037451,,,,,5,-1535.8082275390625,1059.0457763671875,-827.3362426757812,0.027839934453368187,-0.016244547441601753,-0.042927201837301254,0.9985581040382385,1,81214,670
1786070209,136080945,1,918.6846313476562,905.7876586914062,-462.597412109375,,,,,,,,,,81215,670
1786070209,136080945,,,,,5,-1535.800048828125,1059.03369140625,-827.3728637695312,0.02820163406431675,-0.01605166681110859,-0.0431780181825161,0.9985402226448059,1,81215,670
1786070209,143749305,1,918.7774658203125,912.5126953125,-463.06829833984375,,,,,,,,,,81216,670
1786070209,143749305,,,,,5,-1535.7928466796875,1059.0631103515625,-827.3873901367188,0.02768963761627674,-0.016538741067051888,-0.042411431670188904,0.9985795021057129,1,81216,670
1786070209,153073237,1,918.2500610351562,919.1715698242188,-463.1249694824219,,,,,,,,,,81217,670
1786070209,153073237,,,,,5,-1535.8089599609375,1059.0511474609375,-827.33740234375,0.027517104521393776,-0.016433997079730034,-0.04170408099889755,0.9986157417297363,1,81217,670
1786070209,160392384,1,918.7393798828125,925.4028930664062,-464.09161376953125,,,,,,,,,,81218,670
1786070209,160392384,,,,,5,-1535.825927734375,1059.0687255859375,-827.3621215820312,0.02784997969865799,-0.01627454347908497,-0.04284468665719032,0.9985609650611877,1,81218,670
1786070209,170071034,1,920.089599609375,929.94140625,-468.12945556640625,,,,,,,,,,81219,670
1786070209,170071034,,,,,5,-1535.8758544921875,1059.1180419921875,-827.3517456054688,0.0279255174100399,-0.01626136526465416,-0.04257757216691971,0.998570442199707,1,81219,670
1786070209,177902593,1,918.660888671875,936.5955810546875,-464.4819641113281,,,,,,,,,,81220,670
1786070209,177902593,,,,,5,-1535.7803955078125,1059.0220947265625,-827.39208984375,0.028001796454191208,-0.0161927230656147,-0.04208705946803093,0.9985902309417725,1,81220,670
1786070209,185453578,1,918.6082763671875,942.0342407226562,-464.9158020019531,,,,,,,,,,81221,670
1786070209,185453578,,,,,5,-1535.8037109375,1059.0712890625,-827.328125,0.02782989665865898,-0.016270767897367477,-0.04259100928902626,0.9985722899436951,1,81221,670
1786070209,194847238,1,915.5984497070312,957.582275390625,-456.8770751953125,,,,,,,,,,81222,670
1786070209,194847238,,,,,5,-1535.801025390625,1059.0819091796875,-827.32666015625,0.027222251519560814,-0.016550373286008835,-0.04176660254597664,0.9986193776130676,1,81222,670
1786070209,202811948,1,918.4217529296875,950.5676879882812,-464.82293701171875,,,,,,,,,,81223,670
1786070209,202811948,,,,,5,-1535.8153076171875,1059.0406494140625,-827.3583374023438,0.02830197848379612,-0.016086025163531303,-0.04256845638155937,0.9985630512237549,1,81223,670
1786070209,211341006,1,918.3111572265625,955.697509765625,-465.72381591796875,,,,,,,,,,81224,670
1786070209,211341006,,,,,5,-1535.8555908203125,1059.092041015625,-827.369140625,0.027485689148306847,-0.01644890569150448,-0.04190223664045334,0.9986081719398499,1,81224,670
1786070209,219668946,1,918.1006469726562,959.1976318359375,-465.3103332519531,,,,,,,,,,81225,670
1786070209,219668946,,,,,5,-1535.8140869140625,1059.0853271484375,-827.3650512695312,0.028314445167779922,-0.01598825491964817,-0.043412283062934875,0.998528003692627,1,81225,670
1786070209,227675096,1,917.7249145507812,963.8659057617188,-465.8038635253906,,,,,,,,,,81226,670
1786070209,227675096,,,,,5,-1535.8216552734375,1059.09326171875,-827.3456420898438,0.02790297567844391,-0.01629001833498478,-0.042666032910346985,0.9985668659210205,1,81226,670
1786070209,236442776,1,917.5061645507812,966.8958740234375,-466.4804992675781,,,,,,,,,,81227,670
1786070209,236442776,,,,,5,-1535.81640625,1059.0931396484375,-827.3961181640625,0.028083398938179016,-0.016413163393735886,-0.04320302978157997,0.9985366463661194,1,81227,670
1786070209,244729980,1,916.8386840820312,974.3641967773438,-466.3928527832031,,,,,,,,,,81228,670
1786070209,244729980,,,,,5,-1535.8177490234375,1059.069580078125,-827.3544311523438,0.028184426948428154,-0.016346462070941925,-0.04322943463921547,0.9985337853431702,1,81228,670
1786070209,252802753,1,916.1575317382812,977.3731689453125,-466.0008239746094,,,,,,,,,,81229,670
1786070209,252802753,,,,,5,-1535.810546875,1059.0367431640625,-827.3489379882812,0.027970895171165466,-0.016250060871243477,-0.04197053611278534,0.9985950589179993,1,81229,670
1786070209,260323019,1,915.7090454101562,979.7324829101562,-465.5699462890625,,,,,,,,,,81230,670
1786070209,260323019,,,,,5,-1535.81201171875,1059.0576171875,-827.357421875,0.027991237118840218,-0.016136903315782547,-0.04249659553170204,0.9985740184783936,1,81230,670
1786070209,269774854,1,915.5643920898438,983.7343139648438,-467.4338684082031,,,,,,,,,,81231,670
1786070209,269774854,,,,,5,-1535.783203125,1059.0433349609375,-827.3594970703125,0.028037896379828453,-0.0162828229367733,-0.0424068383872509,0.9985741972923279,1,81231,670
1786070209,277111889,1,911.6975708007812,993.2020263671875,-457.1121520996094,,,,,,,,,,81232,670
1786070209,277111889,,,,,5,-1535.81298828125,1059.056396484375,-827.38916015625,0.028142383322119713,-0.016025526449084282,-0.04295525327324867,0.9985519051551819,1,81232,670
1786070209,286344750,,,,,5,-1535.8668212890625,1059.1461181640625,-827.3478393554688,0.027770180255174637,-0.01634100265800953,-0.04288696125149727,0.9985602498054504,1,81233,670
1786070209,294532498,,,,,5,-1535.8402099609375,1059.09033203125,-827.3297119140625,0.028016235679388046,-0.016117749735713005,-0.04316820576786995,0.9985449314117432,1,81234,670
1786070209,302127227,,,,,5,-1535.8160400390625,1059.078125,-827.3850708007812,0.027938509359955788,-0.016500189900398254,-0.04288444295525551,0.9985529780387878,1,81235,670
1786070209,311242617,,,,,5,-1535.814453125,1059.0543212890625,-827.3375854492188,0.02826293185353279,-0.01595776341855526,-0.04299543797969818,0.9985479116439819,1,81236,670
1786070209,319617980,,,,,5,-1535.82373046875,1059.0994873046875,-827.3780517578125,0.02798253297805786,-0.01627751998603344,-0.04287087917327881,0.9985559582710266,1,81237,670
1786070209,326948935,1,911.596435546875,996.0751342773438,-465.0912170410156,,,,,,,,,,81238,670
1786070209,326948935,,,,,5,-1535.826904296875,1059.064697265625,-827.34375,0.02791775017976761,-0.016266867518424988,-0.04226672649383545,0.9985837936401367,1,81238,670
1786070209,336344579,1,911.1473388671875,1000.254150390625,-466.17205810546875,,,,,,,,,,81239,670
1786070209,336344579,,,,,5,-1535.8548583984375,1059.09130859375,-827.3171997070312,0.027836423367261887,-0.016184726729989052,-0.04246660694479942,0.9985789656639099,1,81239,670
1786070209,344838405,1,910.430908203125,1000.480224609375,-464.3740539550781,,,,,,,,,,81240,670
1786070209,344838405,,,,,5,-1535.842041015625,1059.109619140625,-827.3204956054688,0.028021862730383873,-0.016234779730439186,-0.04299120977520943,0.9985504150390625,1,81240,670
1786070209,353235208,1,909.4193115234375,1004.3130493164062,-465.068603515625,,,,,,,,,,81241,670
1786070209,353235208,,,,,5,-1535.8060302734375,1059.03271484375,-827.3395385742188,0.028242912143468857,-0.01609075628221035,-0.04299374297261238,0.9985464215278625,1,81241,670
1786070209,361437900,1,908.7620849609375,1005.28466796875,-464.3038330078125,,,,,,,,,,81242,670
1786070209,361437900,,,,,5,-1535.805419921875,1059.0546875,-827.32958984375,0.027886254712939262,-0.01627231389284134,-0.04236166924238205,0.9985805153846741,1,81242,670
1786070209,369541554,1,907.8558959960938,1010.4180297851562,-464.2408142089844,,,,,,,,,,81243,670
1786070209,369541554,,,,,5,-1535.8453369140625,1059.1131591796875,-827.3334350585938,0.027749843895435333,-0.01633797027170658,-0.042941901832818985,0.998558521270752,1,81243,670
1786070209,376872956,1,907.1171875,1011.9423828125,-464.25042724609375,,,,,,,,,,81244,670
1786070209,376872956,,,,,5,-1535.8109130859375,1059.0709228515625,-827.3488159179688,0.027816180139780045,-0.016404153779149055,-0.042120467871427536,0.9985905289649963,1,81244,670
1786070209,386296536,1,906.1602172851562,1013.7987060546875,-463.5892028808594,,,,,,,,,,81245,670
1786070209,386296536,,,,,5,-1535.8328857421875,1059.0584716796875,-827.3326416015625,0.027877338230609894,-0.016138335689902306,-0.04285397753119469,0.9985619783401489,1,81245,670
1786070209,393834721,1,905.3803100585938,1016.676513671875,-463.2423095703125,,,,,,,,,,81246,670
1786070209,393834721,,,,,5,-1535.7674560546875,1059.0394287109375,-827.36474609375,0.02766483463346958,-0.016716230660676956,-0.04185130447149277,0.9986008405685425,1,81246,670
1786070209,403007519,,,,,5,-1535.8287353515625,1059.037353515625,-827.3516845703125,0.028130048885941505,-0.01619117520749569,-0.042698998004198074,0.9985606670379639,1,81247,670
1786070209,410916901,1,903.35595703125,1021.0405883789062,-462.1358337402344,,,,,,,,,,81248,670
1786070209,410916901,,,,,5,-1535.8548583984375,1059.0760498046875,-827.3487548828125,0.028361355885863304,-0.015928706154227257,-0.043878234922885895,0.9985071420669556,1,81248,670
1786070209,420284257,1,902.39404296875,1024.234619140625,-461.76971435546875,,,,,,,,,,81249,670
1786070209,420284257,,,,,5,-1535.8441162109375,1059.0582275390625,-827.3494262695312,0.028504742309451103,-0.01598796620965004,-0.04353734478354454,0.9985170960426331,1,81249,670
1786070209,428159016,1,901.871826171875,1027.37841796875,-461.3686218261719,,,,,,,,,,81250,670
1786070209,428159016,,,,,5,-1535.8250732421875,1059.0921630859375,-827.35791015625,0.028208673000335693,-0.015966985374689102,-0.04326663911342621,0.9985376000404358,1,81250,670
1786070209,436316685,,,,,5,-1535.7984619140625,1059.0474853515625,-827.3310546875,0.02764473669230938,-0.016295097768306732,-0.04128114506602287,0.9986321926116943,1,81251,670
1786070209,443631672,,,,,5,-1535.8289794921875,1059.052734375,-827.3815307617188,0.02786143496632576,-0.016351714730262756,-0.04269130527973175,0.9985658526420593,1,81252,670
1786070209,453269074,,,,,5,-1535.8367919921875,1059.0538330078125,-827.3390502929688,0.028000472113490105,-0.01618746481835842,-0.042145393788814545,0.9985878467559814,1,81253,670
1786070209,460683164,,,,,5,-1535.8062744140625,1059.1044921875,-827.359375,0.027587521821260452,-0.016417723149061203,-0.04234583303332329,0.9985871911048889,1,81254,670
1786070209,469784186,,,,,5,-1535.801025390625,1059.0355224609375,-827.35986328125,0.028004338964819908,-0.01607048511505127,-0.04230864346027374,0.9985827207565308,1,81255,670
1786070209,478056158,,,,,5,-1535.785888671875,1059.037353515625,-827.3685913085938,0.02807142585515976,-0.01615464873611927,-0.04281596839427948,0.9985579252243042,1,81256,670
1786070209,485462376,,,,,5,-1535.7958984375,1059.049072265625,-827.3348999023438,0.027767404913902283,-0.016205623745918274,-0.04293109104037285,0.9985606670379639,1,81257,670
1786070209,494696005,,,,,5,-1535.8154296875,1059.0924072265625,-827.34130859375,0.027988746762275696,-0.01644698530435562,-0.042395297437906265,0.9985734224319458,1,81258,670
1786070209,503049544,,,,,5,-1535.7928466796875,1059.050048828125,-827.3212280273438,0.027788307517766953,-0.016350718215107918,-0.04266725108027458,0.9985690116882324,1,81259,670
1786070209,510346611,,,,,5,-1535.8724365234375,1059.1375732421875,-827.3698120117188,0.027743365615606308,-0.016230234876275063,-0.04292790964245796,0.9985609650611877,1,81260,670
1786070209,519934830,,,,,5,-1535.81494140625,1059.0565185546875,-827.3353881835938,0.027853170409798622,-0.016464009881019592,-0.043627794831991196,0.9985238313674927,1,81261,670
1786070209,527468375,,,,,5,-1535.7899169921875,1059.0899658203125,-827.3394775390625,0.027459729462862015,-0.016710389405488968,-0.04169446974992752,0.998613178730011,1,81262,670
1786070209,536638100,,,,,5,-1535.8291015625,1059.093017578125,-827.3455200195312,0.027913857251405716,-0.01606144942343235,-0.04212379455566406,0.9985931515693665,1,81263,670
1786070209,544793433,,,,,5,-1535.8165283203125,1059.116943359375,-827.3507690429688,0.027517573907971382,-0.016533516347408295,-0.0420723520219326,0.9985986948013306,1,81264,670
1786070209,552503585,,,,,5,-1535.8221435546875,1059.0438232421875,-827.3572387695312,0.028122810646891594,-0.015937980264425278,-0.04240836948156357,0.9985772967338562,1,81265,670
1786070209,561604927,,,,,5,-1535.8170166015625,1059.05712890625,-827.3458862304688,0.027850117534399033,-0.01633182168006897,-0.042594682425260544,0.9985707402229309,1,81266,670
1786070209,569605157,,,,,5,-1535.8577880859375,1059.0843505859375,-827.3112182617188,0.027234191074967384,-0.016720807179808617,-0.041602782905101776,0.9986230134963989,1,81267,670
1786070209,577669354,,,,,5,-1535.8475341796875,1059.0634765625,-827.3312377929688,0.02797063998878002,-0.01619718037545681,-0.042820923030376434,0.998559832572937,1,81268,670
1786070209,586688553,,,,,5,-1535.8275146484375,1059.0633544921875,-827.3727416992188,0.028253071010112762,-0.015971122309565544,-0.043316800147295,0.998534083366394,1,81269,670
1786070209,594719119,,,,,5,-1535.8221435546875,1059.0926513671875,-827.3106689453125,0.02711711823940277,-0.016483144834637642,-0.041279908269643784,0.9986435174942017,1,81270,670
1786070209,602526454,,,,,5,-1535.8297119140625,1059.0970458984375,-827.3244018554688,0.027410995215177536,-0.016382554545998573,-0.04212719202041626,0.9986017942428589,1,81271,670
1786070209,611472213,,,,,5,-1535.84228515625,1059.0640869140625,-827.3407592773438,0.02781025879085064,-0.016353832557797432,-0.04210802912712097,0.9985921382904053,1,81272,670
1786070209,619606042,,,,,5,-1535.8280029296875,1059.0633544921875,-827.3329467773438,0.027774352580308914,-0.016252703964710236,-0.04228022322058678,0.9985873699188232,1,81273,670
1786070209,627121859,,,,,5,-1535.7877197265625,1059.043701171875,-827.3495483398438,0.028280122205615044,-0.01619373820722103,-0.043270859867334366,0.998531699180603,1,81274,670
1786070209,636367392,,,,,5,-1535.7874755859375,1059.040283203125,-827.3153686523438,0.027736999094486237,-0.01632704585790634,-0.042079925537109375,0.9985957145690918,1,81275,670
1786070209,644764643,,,,,5,-1535.7467041015625,1059.0008544921875,-827.3590087890625,0.02770688571035862,-0.016561659052968025,-0.04174506664276123,0.9986068606376648,1,81276,670
1786070209,651982351,,,,,5,-1535.8135986328125,1059.0584716796875,-827.3414306640625,0.027604198083281517,-0.016372980549931526,-0.0415007509291172,0.9986228346824646,1,81277,670
1786070209,661391338,,,,,5,-1535.827880859375,1059.022705078125,-827.3365478515625,0.027731597423553467,-0.016177155077457428,-0.042047079652547836,0.9985997080802917,1,81278,670
1786070209,669395216,,,,,5,-1535.7791748046875,1059.0341796875,-827.35595703125,0.027948444709181786,-0.016114719212055206,-0.042084138840436935,0.9985930323600769,1,81279,670
1786070209,676818618,1,842.941162109375,1111.9959716796875,-449.2430419921875,,,,,,,,,,81280,670
1786070209,676818618,,,,,5,-1535.7943115234375,1059.0128173828125,-827.3526611328125,0.027800869196653366,-0.01625845395028591,-0.04140625149011612,0.9986231923103333,1,81280,670
1786070209,686363445,1,890.1369018554688,1078.092041015625,-558.178466796875,,,,,,,,,,81281,670
1786070209,686363445,,,,,5,-1535.7972412109375,1059.037841796875,-827.3079223632812,0.027716103941202164,-0.0164031982421875,-0.041825488209724426,0.9986057877540588,1,81281,670
1786070209,693562753,,,,,5,-1535.8143310546875,1059.027587890625,-827.3466796875,0.028051849454641342,-0.016123706474900246,-0.04248717427253723,0.9985729455947876,1,81282,670
1786070209,701886916,1,833.8140258789062,1119.421630859375,-447.5750427246094,,,,,,,,,,81283,670
1786070209,701886916,,,,,5,-1535.8465576171875,1059.0609130859375,-827.3114624023438,0.027842029929161072,-0.01608080230653286,-0.042422328144311905,0.9985823035240173,1,81283,670
1786070209,711185665,,,,,5,-1535.7890625,1059.01611328125,-827.32421875,0.02816758118569851,-0.01626659743487835,-0.04289345070719719,0.9985500574111938,1,81284,670
1786070209,718715626,1,827.0205078125,1123.5482177734375,-446.5317077636719,,,,,,,,,,81285,670
1786070209,718715626,,,,,5,-1535.8338623046875,1059.0804443359375,-827.3313598632812,0.027682682499289513,-0.016522850841283798,-0.042168840765953064,0.9985902309417725,1,81285,670
1786070209,727996039,1,823.564208984375,1126.4718017578125,-447.0022888183594,,,,,,,,,,81286,670
1786070209,727996039,,,,,5,-1535.7802734375,1059.0533447265625,-827.3215942382812,0.027479084208607674,-0.01653292030096054,-0.04195054620504379,0.9986048340797424,1,81286,670
1786070209,736585448,1,819.8912963867188,1127.9581298828125,-446.6379089355469,,,,,,,,,,81287,670
1786070209,736585448,,,,,5,-1535.806640625,1059.0328369140625,-827.3670043945312,0.02813064120709896,-0.016388019546866417,-0.04304993525147438,0.9985422492027283,1,81287,670
1786070209,743726581,,,,,5,-1535.7860107421875,1059.0487060546875,-827.33447265625,0.02765381708741188,-0.016412967815995216,-0.04187503084540367,0.9986051917076111,1,81288,670
1786070209,753296687,,,,,5,-1535.7767333984375,1059.00341796875,-827.3313598632812,0.027973361313343048,-0.016183536499738693,-0.041539017111063004,0.9986140131950378,1,81289,670
1786070209,761253013,,,,,5,-1535.8157958984375,1059.042724609375,-827.3764038085938,0.028300337493419647,-0.0159800685942173,-0.04310598596930504,0.9985417723655701,1,81290,670
1786070209,768835966,,,,,5,-1535.80615234375,1059.0567626953125,-827.3409423828125,0.028183238580822945,-0.016054436564445496,-0.04289902746677399,0.9985527992248535,1,81291,670
1786070209,778178714,,,,,5,-1535.7869873046875,1059.0369873046875,-827.3521728515625,0.027653323486447334,-0.01620033010840416,-0.04210280999541283,0.9985990524291992,1,81292,670
1786070209,786371071,,,,,5,-1535.8377685546875,1059.1219482421875,-827.3305053710938,0.027808135375380516,-0.016346171498298645,-0.04327087476849556,0.9985425472259521,1,81293,670
1786070209,793773193,,,,,5,-1535.822265625,1059.0537109375,-827.3287353515625,0.028039146214723587,-0.016236666589975357,-0.04322773590683937,0.9985396265983582,1,81294,670
1786070209,803082406,,,,,5,-1535.8026123046875,1059.0457763671875,-827.333984375,0.027784360572695732,-0.01616487093269825,-0.042077139019966125,0.9985970854759216,1,81295,670
1786070209,810828557,,,,,5,-1535.8438720703125,1059.0841064453125,-827.3687744140625,0.028003130108118057,-0.016088418662548065,-0.04300753399729729,0.9985526204109192,1,81296,670
1786070209,819894412,,,,,5,-1535.8062744140625,1059.0736083984375,-827.3330078125,0.027262870222330093,-0.016533654183149338,-0.04073956608772278,0.9986609816551208,1,81297,670
1786070209,828322670,,,,,5,-1535.8270263671875,1059.0880126953125,-827.3362426757812,0.027965905144810677,-0.016230648383498192,-0.04266330599784851,0.9985660910606384,1,81298,670
1786070209,835814744,,,,,5,-1535.8193359375,1059.037841796875,-827.3134155273438,0.027755942195653915,-0.016424711793661118,-0.04211876913905144,0.998591959476471,1,81299,670
1786070209,844780375,,,,,5,-1535.7977294921875,1059.0355224609375,-827.3196411132812,0.02733319066464901,-0.01632075011730194,-0.04139574244618416,0.998635470867157,1,81300,670
1786070209,853009659,,,,,5,-1535.8353271484375,1059.0711669921875,-827.3107299804688,0.02779587358236313,-0.016354087740182877,-0.04248162731528282,0.9985765814781189,1,81301,670
1786070209,860499077,,,,,5,-1535.8267822265625,1059.07470703125,-827.3151245117188,0.02789595164358616,-0.016324125230312347,-0.04226813465356827,0.9985833168029785,1,81302,670
1786070209,869713538,,,,,5,-1535.8521728515625,1059.1531982421875,-827.3500366210938,0.027227750048041344,-0.016389431431889534,-0.04134073853492737,0.9986395835876465,1,81303,670
1786070209,878341155,,,,,5,-1535.7867431640625,1059.057861328125,-827.3615112304688,0.02808450162410736,-0.016214121133089066,-0.04244866222143173,0.9985722303390503,1,81304,670
1786070209,885398224,,,,,5,-1535.9112548828125,1059.1099853515625,-827.3063354492188,0.02733311615884304,-0.016748065128922462,-0.04134335368871689,0.9986306428909302,1,81305,670
1786070209,894888683,,,,,5,-1535.8231201171875,1059.04443359375,-827.3434448242188,0.027481501922011375,-0.01634209230542183,-0.04122281074523926,0.9986382722854614,1,81306,670
1786070209,903064272,,,,,5,-1535.8070068359375,1059.0797119140625,-827.3277587890625,0.027853889390826225,-0.016205694526433945,-0.04226775839924812,0.9985864758491516,1,81307,670
1786070209,910484538,1,699.8944091796875,1051.5474853515625,-436.0111083984375,,,,,,,,,,81308,670
1786070209,910484538,,,,,5,-1535.8226318359375,1059.0816650390625,-827.3582153320312,0.027521541342139244,-0.016515063121914864,-0.04176763817667961,0.9986116886138916,1,81308,670
1786070209,919837142,1,693.2459716796875,1040.3394775390625,-432.4781799316406,,,,,,,,,,81309,670
1786070209,919837142,,,,,5,-1535.781982421875,1059.0355224609375,-827.3279418945312,0.027356328442692757,-0.016376422718167305,-0.04153376817703247,0.9986282587051392,1,81309,670
1786070209,928504407,1,687.2605590820312,1029.82275390625,-432.9471740722656,,,,,,,,,,81310,670
1786070209,928504407,,,,,5,-1535.8076171875,1059.0421142578125,-827.3692626953125,0.028185781091451645,-0.015978870913386345,-0.04262199252843857,0.9985657930374146,1,81310,670
1786070209,935289670,1,680.936279296875,1017.91796875,-431.8426513671875,,,,,,,,,,81311,670
1786070209,935289670,,,,,5,-1535.8289794921875,1059.05224609375,-827.3370971679688,0.027729829773306847,-0.01625894382596016,-0.04159064590930939,0.99861741065979,1,81311,670
1786070209,944689057,1,674.6572875976562,1005.2417602539062,-431.0704040527344,,,,,,,,,,81312,670
1786070209,944689057,,,,,5,-1535.83203125,1059.0478515625,-827.3705444335938,0.02813716232776642,-0.015771200880408287,-0.04267876595258713,0.9985679388046265,1,81312,670
1786070209,952213995,1,667.6382446289062,991.4739379882812,-430.40325927734375,,,,,,,,,,81313,670
1786070209,952213995,,,,,5,-1535.791259765625,1059.0391845703125,-827.3504028320312,0.02800017036497593,-0.016295522451400757,-0.041838716715574265,0.9985990524291992,1,81313,670
1786070209,961694150,1,661.8854370117188,979.32470703125,-429.35748291015625,,,,,,,,,,81314,670
1786070209,961694150,,,,,5,-1535.8905029296875,1059.087646484375,-827.32568359375,0.027813300490379333,-0.016311069950461388,-0.04257775470614433,0.9985727667808533,1,81314,670
1786070209,969670828,1,654.3910522460938,946.2205200195312,-454.4930419921875,,,,,,,,,,81315,670
1786070209,969670828,,,,,5,-1535.8167724609375,1059.025634765625,-827.3642578125,0.02823241986334324,-0.01600753515958786,-0.0424698069691658,0.9985703229904175,1,81315,670
1786070209,977167254,1,643.3480834960938,929.4509887695312,-451.9106140136719,,,,,,,,,,81316,670
1786070209,977167254,,,,,5,-1535.8111572265625,1059.030517578125,-827.3883056640625,0.028048666194081306,-0.01590362749993801,-0.041937265545129776,0.9985998272895813,1,81316,670
1786070209,986184532,1,636.2198486328125,912.7488403320312,-451.8656311035156,,,,,,,,,,81317,670
1786070209,986184532,,,,,5,-1535.798583984375,1059.0345458984375,-827.3624877929688,0.027740703895688057,-0.016022272408008575,-0.042336758226156235,0.9985895752906799,1,81317,670
1786070209,994794934,1,636.1196899414062,918.64208984375,-427.4766540527344,,,,,,,,,,81318,670
1786070209,994794934,,,,,5,-1535.7982177734375,1059.0555419921875,-827.3235473632812,0.027561116963624954,-0.016277844086289406,-0.041494935750961304,0.9986258745193481,1,81318,670
1786070210,2096897,1,629.5579223632812,899.581787109375,-428.2225341796875,,,,,,,,,,81319,671
1786070210,2096897,,,,,5,-1535.7919921875,1059.03173828125,-827.3695678710938,0.027860864996910095,-0.015918754041194916,-0.04163862392306328,0.99861741065979,1,81319,671
1786070210,11654154,1,622.5794677734375,882.3707885742188,-426.497314453125,,,,,,,,,,81320,671
1786070210,11654154,,,,,5,-1535.822509765625,1059.03271484375,-827.36865234375,0.027806244790554047,-0.016118619590997696,-0.041499875485897064,0.9986215233802795,1,81320,671
1786070210,19527101,1,616.63623046875,866.0577392578125,-425.5009765625,,,,,,,,,,81321,671
1786070210,19527101,,,,,5,-1535.7744140625,1059.034912109375,-827.3624877929688,0.028041357174515724,-0.016085758805274963,-0.04219703748822212,0.9985861778259277,1,81321,671
1786070210,26995090,1,610.1170654296875,847.0364379882812,-424.89520263671875,,,,,,,,,,81322,671
1786070210,26995090,,,,,5,-1535.8519287109375,1059.0712890625,-827.3440551757812,0.027281176298856735,-0.016255103051662445,-0.04108045622706413,0.9986510872840881,1,81322,671
1786070210,36435964,1,603.098388671875,825.7640991210938,-424.6728210449219,,,,,,,,,,81323,671
1786070210,36435964,,,,,5,-1535.817626953125,1059.060546875,-827.3185424804688,0.027362434193491936,-0.016511155292391777,-0.04172809049487114,0.9986178874969482,1,81323,671
1786070210,43912721,1,597.1173706054688,806.0903930664062,-424.98895263671875,,,,,,,,,,81324,671
1786070210,43912721,,,,,5,-1535.791259765625,1059.0418701171875,-827.3536376953125,0.027469167485833168,-0.016173159703612328,-0.04172738268971443,0.9986203908920288,1,81324,671
1786070210,53309531,1,590.7228393554688,786.5134887695312,-423.241943359375,,,,,,,,,,81325,671
1786070210,53309531,,,,,5,-1535.814208984375,1059.039794921875,-827.3184814453125,0.027623994275927544,-0.016580041497945786,-0.04154982045292854,0.9986168742179871,1,81325,671
1786070210,61504972,1,584.4031372070312,763.099609375,-424.31024169921875,,,,,,,,,,81326,671
1786070210,61504972,,,,,5,-1535.8095703125,1059.068359375,-827.3049926757812,0.02778858318924904,-0.016139589250087738,-0.04239267110824585,0.9985841512680054,1,81326,671
1786070210,69064064,1,577.6907348632812,741.3353271484375,-422.95147705078125,,,,,,,,,,81327,671
1786070210,69064064,,,,,5,-1535.767333984375,1059.0018310546875,-827.3284301757812,0.02766691893339157,-0.01629846729338169,-0.04120080918073654,0.9986346960067749,1,81327,671
1786070210,78109164,1,572.8502807617188,718.7254638671875,-423.77569580078125,,,,,,,,,,81328,671
1786070210,78109164,,,,,5,-1535.8009033203125,1059.0660400390625,-827.33251953125,0.027162795886397362,-0.01646779477596283,-0.041151951998472214,0.9986477494239807,1,81328,671
1786070210,86516988,1,564.7173461914062,694.8174438476562,-421.7255859375,,,,,,,,,,81329,671
1786070210,86516988,,,,,5,-1535.82470703125,1059.058837890625,-827.3157348632812,0.027793575078248978,-0.01631792075932026,-0.0426299087703228,0.9985708594322205,1,81329,671
1786070210,94095537,1,558.1775512695312,670.6970825195312,-421.18365478515625,,,,,,,,,,81330,671
1786070210,94095537,,,,,5,-1535.8060302734375,1059.0545654296875,-827.3345947265625,0.027417900040745735,-0.01648859865963459,-0.041102610528469086,0.9986425042152405,1,81330,671
1786070210,103264796,1,551.7797241210938,645.8789672851562,-420.5917053222656,,,,,,,,,,81331,671
1786070210,103264796,,,,,5,-1535.828369140625,1059.0654296875,-827.3141479492188,0.027695223689079285,-0.01627500168979168,-0.04199332371354103,0.9986013770103455,1,81331,671
1786070210,111331022,1,545.5419921875,621.5728149414062,-418.94940185546875,,,,,,,,,,81332,671
1786070210,111331022,,,,,5,-1535.8211669921875,1059.0340576171875,-827.3627319335938,0.028058359399437904,-0.015933334827423096,-0.04262588545680046,0.9985698461532593,1,81332,671
1786070210,118875106,1,538.8369750976562,596.0972900390625,-417.84423828125,,,,,,,,,,81333,671
1786070210,118875106,,,,,5,-1535.7957763671875,1059.0404052734375,-827.3435668945312,0.027878912165760994,-0.01604873687028885,-0.04236552119255066,0.9985842108726501,1,81333,671
1786070210,128173741,1,532.3262329101562,569.0960693359375,-417.16741943359375,,,,,,,,,,81334,671
1786070210,128173741,,,,,5,-1535.8436279296875,1059.0985107421875,-827.3646850585938,0.0272945836186409,-0.016441311687231064,-0.04108704254031181,0.9986474514007568,1,81334,671
1786070210,136329118,1,525.8287353515625,539.5269775390625,-417.7669677734375,,,,,,,,,,81335,671
1786070210,136329118,,,,,5,-1535.818359375,1059.101806640625,-827.3085327148438,0.027475493028759956,-0.016357313841581345,-0.041941363364458084,0.9986082315444946,1,81335,671
1786070210,143712820,1,519.7537841796875,513.102783203125,-416.5314025878906,,,,,,,,,,81336,671
1786070210,143712820,,,,,5,-1535.8006591796875,1059.091064453125,-827.3214721679688,0.02731126733124256,-0.016457006335258484,-0.041532911360263824,0.9986282587051392,1,81336,671
1786070210,153243037,1,512.8515014648438,484.619384765625,-415.1723937988281,,,,,,,,,,81337,671
1786070210,153243037,,,,,5,-1535.8203125,1059.091796875,-827.3740234375,0.027193956077098846,-0.01661682315170765,-0.04125303030014038,0.9986402988433838,1,81337,671
1786070210,160701938,1,506.60174560546875,454.8111267089844,-415.1336975097656,,,,,,,,,,81338,671
1786070210,160701938,,,,,5,-1535.8157958984375,1059.0390625,-827.3386840820312,0.027540532872080803,-0.01640547253191471,-0.04240609332919121,0.9985859394073486,1,81338,671
1786070210,170004317,1,499.8016052246094,424.8738708496094,-414.5150451660156,,,,,,,,,,81339,671
1786070210,170004317,,,,,5,-1535.8240966796875,1059.038818359375,-827.3638916015625,0.02800687402486801,-0.016046535223722458,-0.04124293476343155,0.9986275434494019,1,81339,671
1786070210,177633041,1,493.33154296875,393.00994873046875,-413.2814636230469,,,,,,,,,,81340,671
1786070210,177633041,,,,,5,-1535.859619140625,1059.0577392578125,-827.330078125,0.0276273712515831,-0.016416359692811966,-0.04223440960049629,0.9985907673835754,1,81340,671
1786070210,185548740,1,487.3176574707031,362.5205383300781,-412.4830017089844,,,,,,,,,,81341,671
1786070210,185548740,,,,,5,-1535.7469482421875,1059.026611328125,-827.3803100585938,0.027567436918616295,-0.016702350229024887,-0.04198504611849785,0.9985982179641724,1,81341,671
1786070210,194737327,1,480.5888977050781,330.2977600097656,-411.6037902832031,,,,,,,,,,81342,671
1786070210,194737327,,,,,5,-1535.810791015625,1059.0543212890625,-827.3644409179688,0.02819456160068512,-0.015883009880781174,-0.04324103146791458,0.9985404014587402,1,81342,671
1786070210,203129023,1,473.91876220703125,297.2814025878906,-410.8265686035156,,,,,,,,,,81343,671
1786070210,203129023,,,,,5,-1535.7969970703125,1059.0389404296875,-827.353515625,0.027315031737089157,-0.016297154128551483,-0.04103652015328407,0.9986512660980225,1,81343,671
1786070210,210368725,1,467.50701904296875,263.60675048828125,-409.86859130859375,,,,,,,,,,81344,671
1786070210,210368725,,,,,5,-1535.7886962890625,1059.058349609375,-827.3412475585938,0.028008906170725822,-0.01607251912355423,-0.04282412305474281,0.9985605478286743,1,81344,671
1786070210,219709503,1,460.85064697265625,229.5631103515625,-409.56866455078125,,,,,,,,,,81345,671
1786070210,219709503,,,,,5,-1535.8035888671875,1059.0428466796875,-827.3585815429688,0.027940135449171066,-0.016195310279726982,-0.04197690263390541,0.9985965490341187,1,81345,671
1786070210,227527443,1,454.50543212890625,195.29049682617188,-408.7546691894531,,,,,,,,,,81346,671
1786070210,227527443,,,,,5,-1535.7757568359375,1059.019775390625,-827.3513793945312,0.02770901471376419,-0.016358019784092903,-0.04192787781357765,0.9986023306846619,1,81346,671
1786070210,235333222,1,448.2857666015625,160.36976623535156,-408.28021240234375,,,,,,,,,,81347,671
1786070210,235333222,,,,,5,-1535.813720703125,1059.040283203125,-827.3346557617188,0.027521369978785515,-0.016354305669665337,-0.041557423770427704,0.9986230731010437,1,81347,671
1786070210,244770032,1,441.034423828125,123.75084686279297,-408.0877685546875,,,,,,,,,,81348,671
1786070210,244770032,,,,,5,-1535.8062744140625,1058.999267578125,-827.3445434570312,0.027779510244727135,-0.01634683459997177,-0.041844528168439865,0.9986041784286499,1,81348,671
1786070210,252602179,1,435.5428771972656,89.625732421875,-407.149658203125,,,,,,,,,,81349,671
1786070210,252602179,,,,,5,-1535.7940673828125,1059.009521484375,-827.3285522460938,0.027340758591890335,-0.016467465087771416,-0.0405757836997509,0.998666524887085,1,81349,671
1786070210,261436816,1,432.3687744140625,91.65043640136719,-406.28985595703125,,,,,,,,,,81350,671
1786070210,261436816,,,,,5,-1535.843017578125,1059.0496826171875,-827.3359375,0.027400784194469452,-0.0164446160197258,-0.04210849478840828,0.9986018538475037,1,81350,671
1786070210,270020447,1,429.1856689453125,113.74787139892578,-404.40228271484375,,,,,,,,,,81351,671
1786070210,270020447,,,,,5,-1535.8350830078125,1059.0008544921875,-827.3307495117188,0.02771448716521263,-0.016522586345672607,-0.04179451987147331,0.9986050724983215,1,81351,671
1786070210,277587731,1,424.6281433105469,134.28460693359375,-401.4812927246094,,,,,,,,,,81352,671
1786070210,277587731,,,,,5,-1535.83642578125,1059.055419921875,-827.3557739257812,0.027846980839967728,-0.016426444053649902,-0.04284462332725525,0.998558521270752,1,81352,671
1786070210,285915555,1,421.2309265136719,154.93405151367188,-399.72833251953125,,,,,,,,,,81353,671
1786070210,285915555,,,,,5,-1535.8427734375,1059.0179443359375,-827.3368530273438,0.02734261192381382,-0.01620502397418022,-0.040634091943502426,0.9986685514450073,1,81353,671
1786070210,294613681,1,417.5987548828125,174.48695373535156,-398.9869079589844,,,,,,,,,,81354,671
1786070210,294613681,,,,,5,-1535.834228515625,1059.0494384765625,-827.3119506835938,0.027926845476031303,-0.01636577397584915,-0.04210261255502701,0.9985888600349426,1,81354,671
1786070210,302836738,1,415.33935546875,195.60646057128906,-395.1003723144531,,,,,,,,,,81355,671
1786070210,302836738,,,,,5,-1535.8560791015625,1059.054931640625,-827.3544311523438,0.028136717155575752,-0.01599586009979248,-0.04304899647831917,0.9985485672950745,1,81355,671
1786070210,311668112,1,412.5302429199219,214.98550415039062,-393.4461975097656,,,,,,,,,,81356,671
1786070210,311668112,,,,,5,-1535.789306640625,1059.05126953125,-827.3651733398438,0.027806531637907028,-0.01648343913257122,-0.04287243261933327,0.9985575079917908,1,81356,671
1786070210,319745313,1,409.2073974609375,233.57989501953125,-391.55938720703125,,,,,,,,,,81357,671
1786070210,319745313,,,,,5,-1535.8138427734375,1059.0540771484375,-827.2939453125,0.027558637782931328,-0.016717856749892235,-0.042187467217445374,0.9985895752906799,1,81357,671
1786070210,327206422,1,405.8522033691406,250.93214416503906,-389.34906005859375,,,,,,,,,,81358,671
1786070210,327206422,,,,,5,-1535.754638671875,1059.026123046875,-827.3707885742188,0.027321094647049904,-0.0167689248919487,-0.041112881153821945,0.9986400604248047,1,81358,671
1786070210,336854591,1,403.1435852050781,267.54559326171875,-386.78643798828125,,,,,,,,,,81359,671
1786070210,336854591,,,,,5,-1535.8182373046875,1059.05322265625,-827.3681640625,0.028240354731678963,-0.016060901805758476,-0.04257691279053688,0.9985648393630981,1,81359,671
1786070210,344160821,1,399.8477783203125,283.59033203125,-384.87628173828125,,,,,,,,,,81360,671
1786070210,344160821,,,,,5,-1535.79931640625,1058.9962158203125,-827.3436889648438,0.028011227026581764,-0.016211165115237236,-0.04191085323691368,0.9985970258712769,1,81360,671
1786070210,353278849,1,396.5659484863281,299.34942626953125,-382.9297180175781,,,,,,,,,,81361,671
1786070210,353278849,,,,,5,-1535.858642578125,1059.094970703125,-827.3239135742188,0.027202920988202095,-0.01672300323843956,-0.04189181327819824,0.9986117482185364,1,81361,671
1786070210,361520817,1,393.3793029785156,313.83258056640625,-380.39813232421875,,,,,,,,,,81362,671
1786070210,361520817,,,,,5,-1535.789306640625,1059.0052490234375,-827.3529663085938,0.027855025604367256,-0.016169406473636627,-0.041992638260126114,0.9985986948013306,1,81362,671
1786070210,369026726,1,390.0743103027344,328.47271728515625,-378.38104248046875,,,,,,,,,,81363,671
1786070210,369026726,,,,,5,-1535.821533203125,1059.05029296875,-827.3163452148438,0.02785508893430233,-0.0161002017557621,-0.042218487709760666,0.9985902309417725,1,81363,671
1786070210,378420208,1,386.6636657714844,342.00250244140625,-376.2106018066406,,,,,,,,,,81364,671
1786070210,378420208,,,,,5,-1535.8248291015625,1059.0445556640625,-827.2838134765625,0.02746739611029625,-0.01669023372232914,-0.0419197641313076,0.9986039400100708,1,81364,671
1786070210,386472482,1,383.5248718261719,351.68011474609375,-372.7845153808594,,,,,,,,,,81365,671
1786070210,386472482,,,,,5,-1535.7967529296875,1059.028076171875,-827.3324584960938,0.027351239696145058,-0.016247525811195374,-0.040243782103061676,0.9986833333969116,1,81365,671
1786070210,393796408,1,380.40576171875,366.54071044921875,-371.0165100097656,,,,,,,,,,81366,671
1786070210,393796408,,,,,5,-1535.7767333984375,1058.9949951171875,-827.3359375,0.028040405362844467,-0.01608586497604847,-0.042605578899383545,0.9985688924789429,1,81366,671
1786070210,403308769,1,376.68658447265625,376.6275634765625,-368.7719421386719,,,,,,,,,,81367,671
1786070210,403308769,,,,,5,-1535.8961181640625,1059.0711669921875,-827.326171875,0.027392026036977768,-0.01634467951953411,-0.04183211550116539,0.9986153244972229,1,81367,671
1786070210,411550802,1,372.3927001953125,389.3537292480469,-368.0015869140625,,,,,,,,,,81368,671
1786070210,411550802,,,,,5,-1535.7557373046875,1059.007080078125,-827.3936767578125,0.027847150340676308,-0.01649787463247776,-0.042167454957962036,0.9985861778259277,1,81368,671
1786070210,419157542,1,368.71026611328125,398.6838073730469,-365.4308166503906,,,,,,,,,,81369,671
1786070210,419157542,,,,,5,-1535.7869873046875,1059.0491943359375,-827.3396606445312,0.02733287587761879,-0.016834160313010216,-0.04244760051369667,0.9985828995704651,1,81369,671
1786070210,428208051,1,365.9686279296875,408.0249938964844,-362.6137390136719,,,,,,,,,,81370,671
1786070210,428208051,,,,,5,-1535.8475341796875,1059.0706787109375,-827.3200073242188,0.027043158188462257,-0.016602281481027603,-0.040742382407188416,0.9986657500267029,1,81370,671
1786070210,436593026,1,362.615478515625,417.32598876953125,-360.5053405761719,,,,,,,,,,81371,671
1786070210,436593026,,,,,5,-1535.797607421875,1059.046142578125,-827.3200073242188,0.027621764689683914,-0.016470100730657578,-0.04210083559155464,0.998595654964447,1,81371,671
1786070210,443802777,1,359.4563293457031,425.8711853027344,-358.208984375,,,,,,,,,,81372,671
1786070210,443802777,,,,,5,-1535.8099365234375,1059.029296875,-827.3318481445312,0.027469100430607796,-0.016464777290821075,-0.041897621005773544,0.9986084699630737,1,81372,671
1786070210,453067620,1,356.1031188964844,433.4706115722656,-355.7906494140625,,,,,,,,,,81373,671
1786070210,453067620,,,,,5,-1535.8150634765625,1059.003173828125,-827.3563842773438,0.027797486633062363,-0.01616998016834259,-0.04174129292368889,0.9986107349395752,1,81373,671
1786070210,461186293,1,353.2948303222656,438.9190979003906,-353.20062255859375,,,,,,,,,,81374,671
1786070210,461186293,,,,,5,-1535.880126953125,1059.0880126953125,-827.3214111328125,0.02714870311319828,-0.016470158472657204,-0.04147269204258919,0.998634934425354,1,81374,671
1786070210,468663882,1,349.33489990234375,445.9600830078125,-350.7611083984375,,,,,,,,,,81375,671
1786070210,468663882,,,,,5,-1535.7708740234375,1059.0147705078125,-827.3408203125,0.027688032016158104,-0.016266973689198494,-0.04151567444205284,0.9986216425895691,1,81375,671
1786070210,479011503,1,346.4822692871094,451.9334411621094,-348.5014953613281,,,,,,,,,,81376,671
1786070210,479011503,,,,,5,-1535.837158203125,1059.0430908203125,-827.3251342773438,0.02743038721382618,-0.016430195420980453,-0.04156245291233063,0.9986241459846497,1,81376,671
1786070210,486415364,1,343.4022216796875,456.2183837890625,-346.0624694824219,,,,,,,,,,81377,671
1786070210,486415364,,,,,5,-1535.8150634765625,1059.0321044921875,-827.3072509765625,0.027529267594218254,-0.016522180289030075,-0.04172555357217789,0.998613178730011,1,81377,671
1786070210,493907801,1,340.3367004394531,460.7346496582031,-343.8485412597656,,,,,,,,,,81378,671
1786070210,493907801,,,,,5,-1535.7830810546875,1059.0537109375,-827.3556518554688,0.02752990834414959,-0.016278892755508423,-0.04155728965997696,0.9986241459846497,1,81378,671
1786070210,503345955,1,336.1573181152344,463.0983581542969,-340.90374755859375,,,,,,,,,,81379,671
1786070210,503345955,,,,,5,-1535.8182373046875,1059.0845947265625,-827.34326171875,0.027030035853385925,-0.01687665842473507,-0.04092857986688614,0.9986538290977478,1,81379,671
1786070210,511390741,1,333.8081359863281,466.6282653808594,-339.1168518066406,,,,,,,,,,81380,671
1786070210,511390741,,,,,5,-1535.8001708984375,1059.0311279296875,-827.3466186523438,0.02769225277006626,-0.016182033345103264,-0.04130711778998375,0.9986315369606018,1,81380,671
1786070210,519721381,1,329.7180480957031,468.3708801269531,-335.46417236328125,,,,,,,,,,81381,671
1786070210,519721381,,,,,5,-1535.8138427734375,1059.0755615234375,-827.3571166992188,0.02768561989068985,-0.016343314200639725,-0.04256180673837662,0.9985765218734741,1,81381,671
1786070210,528599218,1,326.5309753417969,470.12969970703125,-333.4935607910156,,,,,,,,,,81382,671
1786070210,528599218,,,,,5,-1535.793701171875,1059.029296875,-827.3448486328125,0.027510307729244232,-0.0162481889128685,-0.04144394397735596,0.9986298680305481,1,81382,671
1786070210,535426315,1,323.3396301269531,471.1971740722656,-331.5826110839844,,,,,,,,,,81383,671
1786070210,535426315,,,,,5,-1535.7943115234375,1059.0809326171875,-827.3603515625,0.02764921449124813,-0.016409801319241524,-0.04172564297914505,0.9986116886138916,1,81383,671
1786070210,545334834,1,320.634521484375,470.8642272949219,-330.8183288574219,,,,,,,,,,81384,671
1786070210,545334834,,,,,5,-1535.8284912109375,1059.015869140625,-827.3549194335938,0.02792280726134777,-0.016121385619044304,-0.04180622100830078,0.9986053109169006,1,81384,671
1786070210,553383940,1,316.8067626953125,470.7095642089844,-328.4220275878906,,,,,,,,,,81385,671
1786070210,553383940,,,,,5,-1535.8289794921875,1059.0689697265625,-827.3279418945312,0.027116265147924423,-0.01645215041935444,-0.04112885147333145,0.9986503720283508,1,81385,671
1786070210,561630229,1,313.3276672363281,469.45159912109375,-326.1313171386719,,,,,,,,,,81386,671
1786070210,561630229,,,,,5,-1535.7904052734375,1059.0272216796875,-827.3534545898438,0.027922311797738075,-0.016162807121872902,-0.04206365719437599,0.9985938668251038,1,81386,671
1786070210,569983781,1,309.9892883300781,466.7439270019531,-324.0841979980469,,,,,,,,,,81387,671
1786070210,569983781,,,,,5,-1535.742431640625,1058.9925537109375,-827.36328125,0.027888838201761246,-0.016633275896310806,-0.04233010485768318,0.9985758066177368,1,81387,671
1786070210,577448634,1,306.6396179199219,464.265380859375,-320.97210693359375,,,,,,,,,,81388,671
1786070210,577448634,,,,,5,-1535.8477783203125,1059.064453125,-827.3370361328125,0.02810751274228096,-0.016228102147579193,-0.04289939999580383,0.998552143573761,1,81388,671
1786070210,586726500,1,303.3955993652344,461.28131103515625,-318.63775634765625,,,,,,,,,,81389,671
1786070210,586726500,,,,,5,-1535.8013916015625,1059.0164794921875,-827.32763671875,0.027833716943860054,-0.016031786799430847,-0.041906341910362244,0.9986050724983215,1,81389,671
1786070210,594836854,1,300.5947265625,455.7799377441406,-316.6796569824219,,,,,,,,,,81390,671
1786070210,594836854,,,,,5,-1535.80517578125,1058.996826171875,-827.3156127929688,0.02803504280745983,-0.01618005521595478,-0.04266222193837166,0.9985650181770325,1,81390,671
1786070210,602704489,1,296.9957580566406,452.1378173828125,-313.92791748046875,,,,,,,,,,81391,671
1786070210,602704489,,,,,5,-1535.8033447265625,1059.03173828125,-827.328125,0.027748577296733856,-0.0159725621342659,-0.042232248932123184,0.9985946416854858,1,81391,671
1786070210,611585334,1,293.8028259277344,446.5694580078125,-311.8997802734375,,,,,,,,,,81392,671
1786070210,611585334,,,,,5,-1535.8177490234375,1059.0506591796875,-827.3226928710938,0.027690324932336807,-0.01621188223361969,-0.042501404881477356,0.998581051826477,1,81392,671
1786070210,619584520,1,290.3514709472656,441.5057678222656,-308.7500915527344,,,,,,,,,,81393,671
1786070210,619584520,,,,,5,-1535.7864990234375,1059.02197265625,-827.3527221679688,0.02793552353978157,-0.016249973326921463,-0.04230877757072449,0.9985818862915039,1,81393,671
1786070210,627201052,1,286.7633972167969,435.495361328125,-307.060791015625,,,,,,,,,,81394,671
1786070210,627201052,,,,,5,-1535.8211669921875,1059.0535888671875,-827.3308715820312,0.027752211317420006,-0.016478268429636955,-0.0419289693236351,0.9985992908477783,1,81394,671
1786070210,636755973,1,283.7218933105469,427.8739929199219,-304.93194580078125,,,,,,,,,,81395,671
1786070210,636755973,,,,,5,-1535.8021240234375,1059.01708984375,-827.3640747070312,0.027817653492093086,-0.015999335795640945,-0.04197705537080765,0.998603105545044,1,81395,671
1786070210,644847991,1,280.073974609375,420.2348327636719,-302.4189453125,,,,,,,,,,81396,671
1786070210,644847991,,,,,5,-1535.8271484375,1059.04638671875,-827.3314819335938,0.02768522873520851,-0.016195202246308327,-0.04210751876235008,0.9985982179641724,1,81396,671
1786070210,652202957,1,276.143310546875,411.8900451660156,-300.2827453613281,,,,,,,,,,81397,671
1786070210,652202957,,,,,5,-1535.8028564453125,1059.0487060546875,-827.3515625,0.02760748751461506,-0.016255183145403862,-0.042043957859277725,0.9986019134521484,1,81397,671
1786070210,661683254,1,273.32373046875,403.34527587890625,-297.90228271484375,,,,,,,,,,81398,671
1786070210,661683254,,,,,5,-1535.8111572265625,1059.0594482421875,-827.3560791015625,0.027669169008731842,-0.016210999339818954,-0.0423266664147377,0.998589038848877,1,81398,671
1786070210,669756680,1,269.5801696777344,392.1102600097656,-295.6258850097656,,,,,,,,,,81399,671
1786070210,669756680,,,,,5,-1535.7166748046875,1059.0091552734375,-827.3803100585938,0.027815116569399834,-0.01659228466451168,-0.04184798523783684,0.9985990524291992,1,81399,671
1786070210,677039902,1,266.05621337890625,382.16650390625,-293.1636657714844,,,,,,,,,,81400,671
1786070210,677039902,,,,,5,-1535.882080078125,1059.0850830078125,-827.3283081054688,0.02721162512898445,-0.016516288742423058,-0.04164646193385124,0.9986251592636108,1,81400,671
1786070210,686478216,1,262.71881103515625,370.9331359863281,-291.008056640625,,,,,,,,,,81401,671
1786070210,686478216,,,,,5,-1535.796630859375,1059.025634765625,-827.31298828125,0.02753015235066414,-0.016334494575858116,-0.04170756787061691,0.9986169934272766,1,81401,671
1786070210,694159740,1,259.1184387207031,359.40264892578125,-288.47308349609375,,,,,,,,,,81402,671
1786070210,694159740,,,,,5,-1535.817626953125,1059.0223388671875,-827.2816772460938,0.027423014864325523,-0.016593659296631813,-0.041580069810152054,0.9986209273338318,1,81402,671
1786070210,703412327,1,256.0305480957031,346.7540283203125,-284.34661865234375,,,,,,,,,,81403,671
1786070210,703412327,,,,,5,-1535.832763671875,1059.0780029296875,-827.3544311523438,0.027702724561095238,-0.016177820041775703,-0.04184315726161003,0.9986090660095215,1,81403,671
1786070210,711636727,1,252.67498779296875,334.15911865234375,-283.31622314453125,,,,,,,,,,81404,671
1786070210,711636727,,,,,5,-1535.7745361328125,1059.015625,-827.353515625,0.02755621075630188,-0.016189441084861755,-0.041351065039634705,0.9986333847045898,1,81404,671
1786070210,718873678,1,248.4886932373047,318.5792236328125,-281.6597900390625,,,,,,,,,,81405,671
1786070210,718873678,,,,,5,-1535.8216552734375,1059.020751953125,-827.3356323242188,0.02747105248272419,-0.016429562121629715,-0.041348088532686234,0.99863201379776,1,81405,671
1786070210,728257336,1,244.91888427734375,304.14208984375,-279.4227600097656,,,,,,,,,,81406,671
1786070210,728257336,,,,,5,-1535.7899169921875,1058.9912109375,-827.3347778320312,0.027774617075920105,-0.01618477888405323,-0.041465818881988525,0.9986225366592407,1,81406,671
1786070210,736354761,1,242.61509704589844,291.04290771484375,-274.558349609375,,,,,,,,,,81407,671
1786070210,736354761,,,,,5,-1535.8240966796875,1059.009033203125,-827.3449096679688,0.02781819924712181,-0.016331689432263374,-0.0419376939535141,0.9985992908477783,1,81407,671
1786070210,743839262,1,238.8933868408203,275.115966796875,-273.1590576171875,,,,,,,,,,81408,671
1786070210,743839262,,,,,5,-1535.8143310546875,1059.02197265625,-827.2999877929688,0.027683604508638382,-0.016226671636104584,-0.04215213656425476,0.9985957145690918,1,81408,671
1786070210,752861835,1,235.11676025390625,258.5869445800781,-270.71087646484375,,,,,,,,,,81409,671
1786070210,752861835,,,,,5,-1535.7919921875,1058.988525390625,-827.3370971679688,0.027991902083158493,-0.016057800501585007,-0.042384155094623566,0.9985801577568054,1,81409,671
1786070210,761156283,1,231.5036163330078,242.8084259033203,-268.5528869628906,,,,,,,,,,81410,671
1786070210,761156283,,,,,5,-1535.789794921875,1058.9981689453125,-827.3336791992188,0.02786589227616787,-0.01619899459183216,-0.041638318449258804,0.9986127018928528,1,81410,671
1786070210,768730928,1,228.57034301757812,222.8105010986328,-266.41363525390625,,,,,,,,,,81411,671
1786070210,768730928,,,,,5,-1535.78466796875,1058.9932861328125,-827.3279418945312,0.027547309175133705,-0.016224592924118042,-0.04117154702544212,0.9986405372619629,1,81411,671
1786070210,778157593,1,225.0511474609375,204.28025817871094,-264.0344543457031,,,,,,,,,,81412,671
1786070210,778157593,,,,,5,-1535.830078125,1059.0361328125,-827.3333129882812,0.027668748050928116,-0.01636052504181862,-0.0413125604391098,0.998629093170166,1,81412,671
1786070210,786111724,1,221.3782958984375,186.65750122070312,-261.56561279296875,,,,,,,,,,81413,671
1786070210,786111724,,,,,5,-1535.7547607421875,1059.0023193359375,-827.34716796875,0.02781897597014904,-0.01624906063079834,-0.04174678772687912,0.9986086487770081,1,81413,671
1786070210,793624257,1,218.5650634765625,164.83348083496094,-259.20355224609375,,,,,,,,,,81414,671
1786070210,793624257,,,,,5,-1535.8070068359375,1059.0230712890625,-827.3372192382812,0.027701620012521744,-0.016472337767481804,-0.042045533657073975,0.9985957145690918,1,81414,671
1786070210,802787340,1,214.96401977539062,144.2655487060547,-256.8425598144531,,,,,,,,,,81415,671
1786070210,802787340,,,,,5,-1535.7828369140625,1058.9937744140625,-827.3351440429688,0.02785015106201172,-0.016215363517403603,-0.04189407825469971,0.9986021518707275,1,81415,671
1786070210,810716383,1,211.4549560546875,123.12091064453125,-254.2949981689453,,,,,,,,,,81416,671
1786070210,810716383,,,,,5,-1535.7489013671875,1059.0245361328125,-827.3562622070312,0.027368860319256783,-0.01689758524298668,-0.04157846421003342,0.9986172914505005,1,81416,671
1786070210,819975561,1,207.8510284423828,100.04776763916016,-250.78265380859375,,,,,,,,,,81417,671
1786070210,819975561,,,,,5,-1535.8134765625,1059.051513671875,-827.35107421875,0.027558449655771255,-0.01614345610141754,-0.04120924323797226,0.9986398816108704,1,81417,671
1786070210,827808444,1,204.79205322265625,93.249755859375,-250.0123291015625,,,,,,,,,,81418,671
1786070210,827808444,,,,,5,-1535.808837890625,1059.0517578125,-827.3289184570312,0.027626872062683105,-0.016106590628623962,-0.04222238436341286,0.9985963106155396,1,81418,671
1786070210,835601008,1,202.08038330078125,106.13298797607422,-247.7603759765625,,,,,,,,,,81419,671
1786070210,835601008,,,,,5,-1535.83544921875,1059.0364990234375,-827.34033203125,0.027878310531377792,-0.015954775735735893,-0.04222315177321434,0.9985917210578918,1,81419,671
1786070210,844839259,1,198.57261657714844,121.01178741455078,-246.0989532470703,,,,,,,,,,81420,671
1786070210,844839259,,,,,5,-1535.833984375,1059.0482177734375,-827.3408203125,0.028283441439270973,-0.016111981123685837,-0.042851295322179794,0.9985510110855103,1,81420,671
1786070210,852848973,1,196.3624725341797,134.4672393798828,-243.2721405029297,,,,,,,,,,81421,671
1786070210,852848973,,,,,5,-1535.8729248046875,1059.085205078125,-827.3289184570312,0.02709929086267948,-0.016641225665807724,-0.04098996892571449,0.9986534714698792,1,81421,671
1786070210,860430305,1,193.53878784179688,147.82659912109375,-241.23204040527344,,,,,,,,,,81422,671
1786070210,860430305,,,,,5,-1535.8011474609375,1059.0643310546875,-827.3229370117188,0.027700917795300484,-0.016285210847854614,-0.04187707602977753,0.9986060261726379,1,81422,671
1786070210,869915659,1,190.66334533691406,160.3592987060547,-238.98402404785156,,,,,,,,,,81423,671
1786070210,869915659,,,,,5,-1535.8387451171875,1059.0340576171875,-827.3077392578125,0.02778542973101139,-0.01614198088645935,-0.04280202090740204,0.9985666275024414,1,81423,671
1786070210,877925565,1,187.6085662841797,172.87326049804688,-237.0718231201172,,,,,,,,,,81424,671
1786070210,877925565,,,,,5,-1535.86669921875,1059.098876953125,-827.3217163085938,0.027595186606049538,-0.01634232886135578,-0.04266035929322243,0.9985747337341309,1,81424,671
1786070210,885448210,1,184.79949951171875,183.41165161132812,-234.5164794921875,,,,,,,,,,81425,671
1786070210,885448210,,,,,5,-1535.8245849609375,1059.0806884765625,-827.3259887695312,0.02757342904806137,-0.0164614450186491,-0.04236074909567833,0.998586118221283,1,81425,671
1786070210,894995899,1,181.94873046875,193.8738555908203,-232.33856201171875,,,,,,,,,,81426,671
1786070210,894995899,,,,,5,-1535.7998046875,1059.0369873046875,-827.3624877929688,0.027550943195819855,-0.01626410521566868,-0.041897401213645935,0.9986095428466797,1,81426,671
1786070210,902250257,1,179.3145294189453,203.95176696777344,-230.3175811767578,,,,,,,,,,81427,671
1786070210,902250257,,,,,5,-1535.836181640625,1059.070556640625,-827.3178100585938,0.02732703648507595,-0.01623140648007393,-0.04133090004324913,0.9986398816108704,1,81427,671
1786070210,911767802,1,176.58615112304688,213.5653076171875,-228.67733764648438,,,,,,,,,,81428,671
1786070210,911767802,,,,,5,-1535.8267822265625,1059.069580078125,-827.33837890625,0.027052003890275955,-0.016624605283141136,-0.041310664266347885,0.9986416697502136,1,81428,671
1786070210,919850636,1,173.46424865722656,221.71986389160156,-226.00025939941406,,,,,,,,,,81429,671
1786070210,919850636,,,,,5,-1535.8114013671875,1059.0506591796875,-827.35546875,0.02809848077595234,-0.015975220128893852,-0.043043896555900574,0.9985501766204834,1,81429,671
1786070210,927187426,1,170.07308959960938,228.01638793945312,-224.01136779785156,,,,,,,,,,81430,671
1786070210,927187426,,,,,5,-1535.830078125,1059.1075439453125,-827.3202514648438,0.02698623389005661,-0.016584692522883415,-0.04101751372218132,0.9986562132835388,1,81430,671
1786070210,936382093,1,166.10861206054688,232.6471710205078,-223.61373901367188,,,,,,,,,,81431,671
1786070210,936382093,,,,,5,-1535.8177490234375,1059.05322265625,-827.3291015625,0.02771519310772419,-0.016057869419455528,-0.04194106161594391,0.9986065626144409,1,81431,671
1786070210,944764445,1,164.54335021972656,243.0376434326172,-218.74349975585938,,,,,,,,,,81432,671
1786070210,944764445,,,,,5,-1535.8143310546875,1059.029296875,-827.2883911132812,0.027775317430496216,-0.01654159277677536,-0.04221978038549423,0.9985851645469666,1,81432,671
1786070210,952145523,1,160.7099609375,246.9654083251953,-217.53970336914062,,,,,,,,,,81433,671
1786070210,952145523,,,,,5,-1535.748291015625,1059.00341796875,-827.3717041015625,0.027534926310181618,-0.016693182289600372,-0.04189442843198776,0.9986029863357544,1,81433,671
1786070210,961515549,1,159.26406860351562,252.42132568359375,-215.5319061279297,,,,,,,,,,81434,671
1786070210,961515549,,,,,5,-1535.7813720703125,1059.0107421875,-827.3463745117188,0.027711713686585426,-0.016170507296919823,-0.041904427111148834,0.9986063838005066,1,81434,671
1786070210,969829517,1,156.7405242919922,257.82232666015625,-213.05763244628906,,,,,,,,,,81435,671
1786070210,969829517,,,,,5,-1535.8665771484375,1059.0604248046875,-827.3477783203125,0.02752290479838848,-0.016204383224248886,-0.0413329154253006,0.9986348748207092,1,81435,671
1786070210,978152669,1,153.06695556640625,262.986328125,-209.80413818359375,,,,,,,,,,81436,671
1786070210,978152669,,,,,5,-1535.8299560546875,1059.061767578125,-827.3366088867188,0.027592459693551064,-0.01644417643547058,-0.042504262179136276,0.9985798597335815,1,81436,671
1786070210,986549357,1,150.60084533691406,267.2504577636719,-207.55331420898438,,,,,,,,,,81437,671
1786070210,986549357,,,,,5,-1535.8175048828125,1059.0667724609375,-827.3353881835938,0.02755221351981163,-0.01628762297332287,-0.04155473783612251,0.9986234903335571,1,81437,671
1786070210,997799213,1,147.54843139648438,268.4517517089844,-205.52284240722656,,,,,,,,,,81438,671
1786070210,997799213,,,,,5,-1535.800048828125,1059.0179443359375,-827.36279296875,0.027761289849877357,-0.016457902267575264,-0.04147733747959137,0.9986180663108826,1,81438,671
1786070211,3556142,1,144.8489532470703,270.9655456542969,-203.00003051757812,,,,,,,,,,81439,672
1786070211,3556142,,,,,5,-1535.8167724609375,1059.0535888671875,-827.3357543945312,0.027661096304655075,-0.01637890562415123,-0.04205566272139549,0.998598039150238,1,81439,672
1786070211,12606024,1,141.3555145263672,272.3119201660156,-201.8657989501953,,,,,,,,,,81440,672
1786070211,12606024,,,,,5,-1535.7874755859375,1059.0087890625,-827.3433837890625,0.027896562591195107,-0.016181543469429016,-0.04221844673156738,0.9985877871513367,1,81440,672
1786070211,18867309,1,139.3000946044922,273.6607360839844,-197.86561584472656,,,,,,,,,,81441,672
1786070211,18867309,,,,,5,-1535.8165283203125,1059.00341796875,-827.2953491210938,0.02752435952425003,-0.016492657363414764,-0.041169557720422745,0.9986368417739868,1,81441,672
1786070211,28027078,1,135.44468688964844,273.71783447265625,-195.17431640625,,,,,,,,,,81442,672
1786070211,28027078,,,,,5,-1535.8248291015625,1059.0694580078125,-827.3345947265625,0.027060750871896744,-0.016417287290096283,-0.04146967828273773,0.9986383318901062,1,81442,672
1786070211,36424643,1,133.0220184326172,273.1101989746094,-192.7364959716797,,,,,,,,,,81443,672
1786070211,36424643,,,,,5,-1535.7706298828125,1059.006591796875,-827.3595581054688,0.027788011357188225,-0.016222422942519188,-0.04161042347550392,0.9986156821250916,1,81443,672
1786070211,43860931,1,130.49757385253906,272.0162353515625,-190.3134002685547,,,,,,,,,,81444,672
1786070211,43860931,,,,,5,-1535.796875,1059.0152587890625,-827.2960205078125,0.027383992448449135,-0.016565673053264618,-0.04108778387308121,0.9986428618431091,1,81444,672
1786070211,53159804,1,128.54632568359375,270.64605712890625,-188.2406463623047,,,,,,,,,,81445,672
1786070211,53159804,,,,,5,-1535.8203125,1058.992431640625,-827.2982788085938,0.027432862669229507,-0.01635470986366272,-0.04076271504163742,0.9986582398414612,1,81445,672
1786070211,61581624,1,124.9989242553711,266.5406494140625,-186.3472900390625,,,,,,,,,,81446,672
1786070211,61581624,,,,,5,-1535.82177734375,1059.055908203125,-827.3096923828125,0.0275270938873291,-0.016122503206133842,-0.04129821062088013,0.9986374974250793,1,81446,672
1786070211,68878105,1,123.78905487060547,263.7825622558594,-180.46527099609375,,,,,,,,,,81447,672
1786070211,68878105,,,,,5,-1535.8792724609375,1059.10107421875,-827.2992553710938,0.02756042592227459,-0.016425887122750282,-0.04259862005710602,0.9985769987106323,1,81447,672
1786070211,78120946,1,120.48077392578125,260.4718933105469,-179.5775146484375,,,,,,,,,,81448,672
1786070211,78120946,,,,,5,-1535.800537109375,1058.993896484375,-827.3392944335938,0.028022905811667442,-0.016018643975257874,-0.04225582256913185,0.9985852837562561,1,81448,672
1786070211,86457455,1,117.03327941894531,255.4635009765625,-178.6055908203125,,,,,,,,,,81449,672
1786070211,86457455,,,,,5,-1535.8387451171875,1059.0413818359375,-827.30029296875,0.02757078781723976,-0.016237840056419373,-0.04156236723065376,0.9986234307289124,1,81449,672
1786070211,93678064,1,113.57119750976562,249.66314697265625,-176.34335327148438,,,,,,,,,,81450,672
1786070211,93678064,,,,,5,-1535.7723388671875,1059.0224609375,-827.3749389648438,0.027997717261314392,-0.016171086579561234,-0.04258676990866661,0.9985694289207458,1,81450,672
1786070211,103259240,1,110.0356216430664,243.62118530273438,-173.951171875,,,,,,,,,,81451,672
1786070211,103259240,,,,,5,-1535.8275146484375,1059.0189208984375,-827.3275756835938,0.028082609176635742,-0.015931252390146255,-0.0420151986181736,0.998595118522644,1,81451,672
1786070211,111511077,1,108.13460540771484,236.49542236328125,-171.42974853515625,,,,,,,,,,81452,672
1786070211,111511077,,,,,5,-1535.8359375,1059.0234375,-827.2955932617188,0.02732503041625023,-0.016332551836967468,-0.04115508124232292,0.998645544052124,1,81452,672
1786070211,118577287,1,105.32228088378906,229.31695556640625,-169.20892333984375,,,,,,,,,,81453,672
1786070211,118577287,,,,,5,-1535.8587646484375,1059.0784912109375,-827.3373413085938,0.028079843148589134,-0.01609410159289837,-0.04332849010825157,0.9985365271568298,1,81453,672
1786070211,128103327,1,101.6753158569336,220.41110229492188,-167.59988403320312,,,,,,,,,,81454,672
1786070211,128103327,,,,,5,-1535.8006591796875,1059.039306640625,-827.3558959960938,0.02748272381722927,-0.016441024839878082,-0.04132237657904625,0.998632550239563,1,81454,672
1786070211,135540959,1,98.61686706542969,212.10433959960938,-165.1608123779297,,,,,,,,,,81455,672
1786070211,135540959,,,,,5,-1535.770751953125,1058.9945068359375,-827.3209228515625,0.02750951051712036,-0.016830995678901672,-0.041103191673755646,0.9986342191696167,1,81455,672
1786070211,144850520,1,95.49636840820312,202.93080139160156,-162.4537353515625,,,,,,,,,,81456,672
1786070211,144850520,,,,,5,-1535.8392333984375,1059.0540771484375,-827.3311767578125,0.028087839484214783,-0.016120273619890213,-0.042586833238601685,0.9985677599906921,1,81456,672
1786070211,153248468,1,92.94171905517578,193.50636291503906,-160.15554809570312,,,,,,,,,,81457,672
1786070211,153248468,,,,,5,-1535.8414306640625,1059.0787353515625,-827.32568359375,0.027523476630449295,-0.01634429767727852,-0.0423668697476387,0.9985891580581665,1,81457,672
1786070211,160501366,1,88.28567504882812,181.4215545654297,-156.211669921875,,,,,,,,,,81458,672
1786070211,160501366,,,,,5,-1535.8153076171875,1059.0142822265625,-827.3298950195312,0.027812687680125237,-0.01638110540807247,-0.04194928705692291,0.9985981583595276,1,81458,672
1786070211,169985645,1,86.65827941894531,170.0032958984375,-154.92630004882812,,,,,,,,,,81459,672
1786070211,169985645,,,,,5,-1535.8170166015625,1059.0279541015625,-827.3248291015625,0.027890784665942192,-0.016396701335906982,-0.042254913598299026,0.9985828995704651,1,81459,672
1786070211,178107275,1,84.15689086914062,158.65756225585938,-152.20028686523438,,,,,,,,,,81460,672
1786070211,178107275,,,,,5,-1535.8245849609375,1059.0452880859375,-827.3645629882812,0.02754061669111252,-0.016205336898565292,-0.04209889844059944,0.9986023306846619,1,81460,672
1786070211,185543052,1,81.14261627197266,145.98040771484375,-150.6422576904297,,,,,,,,,,81461,672
1786070211,185543052,,,,,5,-1535.8284912109375,1059.0701904296875,-827.3139038085938,0.02719961293041706,-0.016650723293423653,-0.041552070528268814,0.998627245426178,1,81461,672
1786070211,194821188,1,78.0235595703125,133.07310485839844,-148.27256774902344,,,,,,,,,,81462,672
1786070211,194821188,,,,,5,-1535.7894287109375,1059.0001220703125,-827.3385620117188,0.027773652225732803,-0.016235467046499252,-0.04111656919121742,0.9986363053321838,1,81462,672
1786070211,202841698,1,74.02399444580078,117.32447814941406,-146.38999938964844,,,,,,,,,,81463,672
1786070211,202841698,,,,,5,-1535.8555908203125,1059.1063232421875,-827.33740234375,0.027110740542411804,-0.016424067318439484,-0.04144049808382988,0.9986379742622375,1,81463,672
1786070211,210349987,1,71.1103286743164,103.84903717041016,-143.9227294921875,,,,,,,,,,81464,672
1786070211,210349987,,,,,5,-1535.8082275390625,1059.0235595703125,-827.3508911132812,0.02781691960990429,-0.016118228435516357,-0.041912741959095,0.9986039400100708,1,81464,672
1786070211,219666011,1,68.053955078125,101.44998168945312,-140.89747619628906,,,,,,,,,,81465,672
1786070211,219666011,,,,,5,-1535.86279296875,1059.0625,-827.3165283203125,0.027539484202861786,-0.016249433159828186,-0.042052481323480606,0.9986035823822021,1,81465,672
1786070211,227244987,1,64.87626647949219,109.88199615478516,-138.7308807373047,,,,,,,,,,81466,672
1786070211,227244987,,,,,5,-1535.8446044921875,1059.0478515625,-827.3184814453125,0.027849525213241577,-0.016249794512987137,-0.041666626930236816,0.9986112117767334,1,81466,672
1786070211,236610995,1,62.12848663330078,118.8988265991211,-137.29925537109375,,,,,,,,,,81467,672
1786070211,236610995,,,,,5,-1535.8448486328125,1059.076904296875,-827.318359375,0.027807021513581276,-0.01626071147620678,-0.04247840866446495,0.9985780119895935,1,81467,672
1786070211,245465294,1,58.40834426879883,125.8814926147461,-135.6945343017578,,,,,,,,,,81468,672
1786070211,245465294,,,,,5,-1535.85205078125,1059.05615234375,-827.36279296875,0.02720348909497261,-0.016357887536287308,-0.0408618189394474,0.9986604452133179,1,81468,672
1786070211,252340785,1,55.37812042236328,133.8727264404297,-133.61985778808594,,,,,,,,,,81469,672
1786070211,252340785,,,,,5,-1535.8394775390625,1059.072509765625,-827.3677978515625,0.02766628935933113,-0.01653609611093998,-0.04253431409597397,0.99857497215271,1,81469,672
1786070211,261581034,1,53.02772903442383,141.84442138671875,-132.94277954101562,,,,,,,,,,81470,672
1786070211,261581034,,,,,5,-1535.7958984375,1059.0240478515625,-827.3479614257812,0.027761081233620644,-0.016111332923173904,-0.041742559522390366,0.998612642288208,1,81470,672
1786070211,269294281,1,50.18787384033203,147.7624053955078,-131.2099151611328,,,,,,,,,,81471,672
1786070211,269294281,,,,,5,-1535.806640625,1059.021728515625,-827.3484497070312,0.027705824002623558,-0.016117122024297714,-0.041119594126939774,0.9986400008201599,1,81471,672
1786070211,277211368,1,46.465877532958984,154.01844787597656,-129.53823852539062,,,,,,,,,,81472,672
1786070211,277211368,,,,,5,-1535.8109130859375,1059.0592041015625,-827.3271484375,0.027176767587661743,-0.016446692869067192,-0.041642822325229645,0.9986274838447571,1,81472,672
1786070211,286176226,1,42.98459243774414,158.4829559326172,-127.87920379638672,,,,,,,,,,81473,672
1786070211,286176226,,,,,5,-1535.8421630859375,1059.066650390625,-827.3507690429688,0.02727888897061348,-0.016422003507614136,-0.04166008159518242,0.9986244440078735,1,81473,672
1786070211,294357311,1,40.013893127441406,162.24264526367188,-125.9632339477539,,,,,,,,,,81474,672
1786070211,294357311,,,,,5,-1535.8087158203125,1059.0069580078125,-827.32080078125,0.027580762282013893,-0.0162490364164114,-0.041252251714468,0.9986357092857361,1,81474,672
1786070211,303262073,1,37.007694244384766,165.32809448242188,-124.186767578125,,,,,,,,,,81475,672
1786070211,303262073,,,,,5,-1535.8533935546875,1059.0491943359375,-827.32421875,0.027746884152293205,-0.016255099326372147,-0.042229268699884415,0.9985902905464172,1,81475,672
1786070211,311735222,1,30.376100540161133,162.9851531982422,-126.92572021484375,,,,,,,,,,81476,672
1786070211,311735222,,,,,5,-1535.8035888671875,1059.0218505859375,-827.3460083007812,0.027853205800056458,-0.01641191355884075,-0.0423453263938427,0.9985798597335815,1,81476,672
1786070211,319113142,1,31.958084106445312,171.3284454345703,-120.45035552978516,,,,,,,,,,81477,672
1786070211,319113142,,,,,5,-1535.83154296875,1059.0316162109375,-827.3212280273438,0.027552854269742966,-0.016258470714092255,-0.04187751188874245,0.9986104965209961,1,81477,672
1786070211,328310927,1,27.734769821166992,170.07534790039062,-118.3548583984375,,,,,,,,,,81478,672
1786070211,328310927,,,,,5,-1535.8035888671875,1059.03564453125,-827.3405151367188,0.027540145441889763,-0.01627812348306179,-0.04174346476793289,0.9986159801483154,1,81478,672
1786070211,336598028,1,25.774681091308594,170.88699340820312,-114.74880981445312,,,,,,,,,,81479,672
1786070211,336598028,,,,,5,-1535.8367919921875,1059.0592041015625,-827.3312377929688,0.02780463732779026,-0.016129083931446075,-0.04207687824964523,0.9985971450805664,1,81479,672
1786070211,344278444,1,22.173908233642578,170.8751983642578,-113.82560729980469,,,,,,,,,,81480,672
1786070211,344278444,,,,,5,-1535.8397216796875,1059.0826416015625,-827.3385620117188,0.02731192298233509,-0.016527660191059113,-0.04134780541062355,0.9986347556114197,1,81480,672
1786070211,353293766,1,18.569169998168945,169.74659729003906,-112.15886688232422,,,,,,,,,,81481,672
1786070211,353293766,,,,,5,-1535.8182373046875,1059.0474853515625,-827.30615234375,0.027551619336009026,-0.01632746309041977,-0.0422072559595108,0.9985954165458679,1,81481,672
1786070211,362112672,1,15.335118293762207,168.16212463378906,-112.43765258789062,,,,,,,,,,81482,672
1786070211,362112672,,,,,5,-1535.7965087890625,1059.0120849609375,-827.3583374023438,0.027596760541200638,-0.01616068184375763,-0.0418371707201004,0.9986125230789185,1,81482,672
1786070211,368910020,1,12.285825729370117,167.572021484375,-109.85883331298828,,,,,,,,,,81483,672
1786070211,368910020,,,,,5,-1535.8380126953125,1059.039794921875,-827.3309936523438,0.027559686452150345,-0.016434138640761375,-0.04196768254041672,0.9986037015914917,1,81483,672
1786070211,378141436,1,9.825152397155762,165.3358612060547,-107.96177673339844,,,,,,,,,,81484,672
1786070211,378141436,,,,,5,-1535.8079833984375,1059.0,-827.3351440429688,0.0277552530169487,-0.01601829193532467,-0.04168776050209999,0.9986165761947632,1,81484,672
1786070211,386630009,1,6.383817195892334,162.0640411376953,-106.4183578491211,,,,,,,,,,81485,672
1786070211,386630009,,,,,5,-1535.8206787109375,1059.0390625,-827.3870239257812,0.028024334460496902,-0.016150424256920815,-0.04218815639615059,0.9985859394073486,1,81485,672
1786070211,393807674,1,3.1012442111968994,158.16864013671875,-104.1791000366211,,,,,,,,,,81486,672
1786070211,393807674,,,,,5,-1535.7821044921875,1058.9990234375,-827.3563842773438,0.027667706832289696,-0.016131915152072906,-0.04141612350940704,0.9986284971237183,1,81486,672
1786070211,403400914,1,-0.47839412093162537,152.49310302734375,-101.50105285644531,,,,,,,,,,81487,672
1786070211,403400914,,,,,5,-1535.7999267578125,1059.0252685546875,-827.3630981445312,0.027911456301808357,-0.016212131828069687,-0.04199840873479843,0.9985960721969604,1,81487,672
1786070211,410949522,1,-2.894186019897461,147.4400177001953,-99.8429946899414,,,,,,,,,,81488,672
1786070211,410949522,,,,,5,-1535.8167724609375,1059.0042724609375,-827.3310546875,0.027589622884988785,-0.016373323276638985,-0.042088355869054794,0.9985986948013306,1,81488,672
1786070211,420487913,1,-5.525740623474121,141.7615966796875,-97.78609466552734,,,,,,,,,,81489,672
1786070211,420487913,,,,,5,-1535.8177490234375,1059.0028076171875,-827.3447265625,0.02790028788149357,-0.016060011461377144,-0.04211287945508957,0.9985940456390381,1,81489,672
1786070211,426656239,1,-8.451912879943848,134.593505859375,-95.14618682861328,,,,,,,,,,81490,672
1786070211,426656239,,,,,5,-1535.8485107421875,1059.0418701171875,-827.349609375,0.028160784393548965,-0.01614757627248764,-0.04327702894806862,0.9985355734825134,1,81490,672
1786070211,437069859,1,-9.78552532196045,130.75328063964844,-94.90226745605469,,,,,,,,,,81491,672
1786070211,437069859,,,,,5,-1535.8038330078125,1059.0081787109375,-827.3886108398438,0.027908368036150932,-0.016028694808483124,-0.04194043204188347,0.9986015558242798,1,81491,672
1786070211,443599111,1,-16.683273315429688,121.39126586914062,-93.37865447998047,,,,,,,,,,81492,672
1786070211,443599111,,,,,5,-1535.837158203125,1059.0501708984375,-827.32275390625,0.027287587523460388,-0.016428517177700996,-0.04136469587683678,0.9986362457275391,1,81492,672
1786070211,452764161,1,-19.51564598083496,111.8514404296875,-91.34048461914062,,,,,,,,,,81493,672
1786070211,452764161,,,,,5,-1535.8409423828125,1059.0699462890625,-827.34521484375,0.027606714516878128,-0.01625978946685791,-0.04205416887998581,0.998601496219635,1,81493,672
1786070211,460626367,1,-22.595678329467773,105.54293060302734,-89.92183685302734,,,,,,,,,,81494,672
1786070211,460626367,,,,,5,-1535.807373046875,1058.99609375,-827.3298950195312,0.02778743952512741,-0.016288336366415024,-0.04147829860448837,0.9986201524734497,1,81494,672
1786070211,470299414,1,-29.814674377441406,106.44945526123047,-88.50038146972656,,,,,,,,,,81495,672
1786070211,470299414,,,,,5,-1535.8372802734375,1059.0740966796875,-827.3677978515625,0.027885060757398605,-0.01604754664003849,-0.04206108674407005,0.9985968470573425,1,81495,672
1786070211,478344276,1,-29.573225021362305,115.18414306640625,-89.3016586303711,,,,,,,,,,81496,672
1786070211,478344276,,,,,5,-1535.8399658203125,1059.048583984375,-827.3760986328125,0.027557794004678726,-0.016272282227873802,-0.041785698384046555,0.9986139535903931,1,81496,672
1786070211,485724181,1,-32.97982406616211,121.06320190429688,-89.84658813476562,,,,,,,,,,81497,672
1786070211,485724181,,,,,5,-1535.8447265625,1059.08203125,-827.3568725585938,0.028030918911099434,-0.01604812778532505,-0.04290610924363136,0.9985568523406982,1,81497,672
1786070211,495645963,1,-35.171287536621094,125.0780029296875,-90.17536926269531,,,,,,,,,,81498,672
1786070211,495645963,,,,,5,-1535.856201171875,1059.066650390625,-827.3502197265625,0.027481429278850555,-0.016388658434152603,-0.0415361225605011,0.9986245036125183,1,81498,672
1786070211,502658093,1,-38.752052307128906,127.87637329101562,-89.8538818359375,,,,,,,,,,81499,672
1786070211,502658093,,,,,5,-1535.854248046875,1059.038330078125,-827.3673706054688,0.02801153063774109,-0.016056781634688377,-0.0423404835164547,0.9985814094543457,1,81499,672
1786070211,510420141,1,-42.196861267089844,129.9027862548828,-90.30827331542969,,,,,,,,,,81500,672
1786070211,510420141,,,,,5,-1535.8642578125,1059.08642578125,-827.3151245117188,0.02751781977713108,-0.01635863073170185,-0.04183630272746086,0.9986114501953125,1,81500,672
1786070211,519968548,1,-44.609928131103516,132.4770965576172,-89.94306945800781,,,,,,,,,,81501,672
1786070211,519968548,,,,,5,-1535.83984375,1059.0677490234375,-827.3331298828125,0.0273235235363245,-0.016397185623645782,-0.04122905433177948,0.9986414313316345,1,81501,672
1786070211,527551172,1,-48.126747131347656,133.46287536621094,-89.90740966796875,,,,,,,,,,81502,672
1786070211,527551172,,,,,5,-1535.8372802734375,1059.0325927734375,-827.3346557617188,0.027534641325473785,-0.01642458140850067,-0.04154158756136894,0.9986222386360168,1,81502,672
1786070211,536834749,1,-50.99565887451172,134.46002197265625,-90.12642669677734,,,,,,,,,,81503,672
1786070211,536834749,,,,,5,-1535.814453125,1059.02099609375,-827.3536376953125,0.02789432182908058,-0.016210399568080902,-0.04184870049357414,0.9986029863357544,1,81503,672
1786070211,545001338,1,-54.480201721191406,134.3893280029297,-90.30997467041016,,,,,,,,,,81504,672
1786070211,545001338,,,,,5,-1535.814697265625,1059.0687255859375,-827.3358764648438,0.027524495497345924,-0.016271786764264107,-0.04154393821954727,0.998624861240387,1,81504,672
1786070211,552251259,1,-57.43532180786133,133.99417114257812,-89.8323745727539,,,,,,,,,,81505,672
1786070211,552251259,,,,,5,-1535.825439453125,1059.0242919921875,-827.3414916992188,0.027478257194161415,-0.016440412029623985,-0.04160734638571739,0.998620867729187,1,81505,672
1786070211,561658132,1,-60.945945739746094,132.73757934570312,-89.88226318359375,,,,,,,,,,81506,672
1786070211,561658132,,,,,5,-1535.7998046875,1058.9931640625,-827.3524780273438,0.027782225981354713,-0.01622805744409561,-0.041707586497068405,0.9986116290092468,1,81506,672
1786070211,570123920,1,-63.5933952331543,130.9654998779297,-89.6902847290039,,,,,,,,,,81507,672
1786070211,570123920,,,,,5,-1535.8162841796875,1059.029541015625,-827.36767578125,0.02748291753232479,-0.016461020335555077,-0.04133893921971321,0.998631477355957,1,81507,672
1786070211,578345165,1,-64.30014038085938,130.44261169433594,-87.36070251464844,,,,,,,,,,81508,672
1786070211,578345165,,,,,5,-1535.8719482421875,1059.04248046875,-827.3134765625,0.027733109891414642,-0.01635909080505371,-0.04228707775473595,0.9985865354537964,1,81508,672
1786070211,588040356,1,-69.057861328125,126.05389404296875,-88.15335083007812,,,,,,,,,,81509,672
1786070211,588040356,,,,,5,-1535.8492431640625,1059.058349609375,-827.31982421875,0.0274313036352396,-0.01640060730278492,-0.04162546619772911,0.9986220002174377,1,81509,672
1786070211,594947527,1,-73.78337860107422,120.34335327148438,-90.53522491455078,,,,,,,,,,81510,672
1786070211,594947527,,,,,5,-1535.8499755859375,1059.0406494140625,-827.2976684570312,0.02699868567287922,-0.016654951497912407,-0.04100189357995987,0.9986553192138672,1,81510,672
1786070211,602152584,1,-76.90772247314453,115.76744079589844,-91.00420379638672,,,,,,,,,,81511,672
1786070211,602152584,,,,,5,-1535.825439453125,1059.028564453125,-827.3333129882812,0.02760854922235012,-0.016263524070382118,-0.04198005050420761,0.9986044764518738,1,81511,672
1786070211,611626144,1,-80.46684265136719,110.74651336669922,-91.6377944946289,,,,,,,,,,81512,672
1786070211,611626144,,,,,5,-1535.81298828125,1059.0244140625,-827.3642578125,0.027859026566147804,-0.016326291486620903,-0.041941095143556595,0.9985981583595276,1,81512,672
1786070211,619898781,1,-85.71337127685547,106.95948028564453,-88.77266693115234,,,,,,,,,,81513,672
1786070211,619898781,,,,,5,-1535.8489990234375,1059.0084228515625,-827.4446411132812,0.0281940046697855,-0.016521848738193512,-0.042642198503017426,0.9985558986663818,1,81513,672
1786070211,628165338,1,-86.6824951171875,110.1543960571289,-88.8267593383789,,,,,,,,,,81514,672
1786070211,628165338,,,,,5,-1535.827392578125,1058.9989013671875,-827.4014892578125,0.027767090126872063,-0.016747521236538887,-0.04212476685643196,0.9985860586166382,1,81514,672
1786070211,636768854,1,-88.46915435791016,114.61434173583984,-89.01109313964844,,,,,,,,,,81515,672
1786070211,636768854,,,,,5,-1535.826171875,1059.0281982421875,-827.4307861328125,0.02775251679122448,-0.016699472442269325,-0.042599741369485855,0.9985669851303101,1,81515,672
1786070211,643948727,1,-92.36309051513672,116.63935089111328,-88.72118377685547,,,,,,,,,,81516,672
1786070211,643948727,,,,,5,-1535.8616943359375,1059.049072265625,-827.4161987304688,0.02769731730222702,-0.016955696046352386,-0.04202335700392723,0.9985886812210083,1,81516,672
1786070211,653361584,1,-95.13580322265625,118.60897827148438,-88.81912994384766,,,,,,,,,,81517,672
1786070211,653361584,,,,,5,-1535.8348388671875,1059.019775390625,-827.45263671875,0.028388695791363716,-0.016248159110546112,-0.043200813233852386,0.9985308051109314,1,81517,672
1786070211,661550509,1,-97.68400573730469,120.79280090332031,-88.75849914550781,,,,,,,,,,81518,672
1786070211,661550509,,,,,5,-1535.849365234375,1059.0028076171875,-827.4765625,0.02828536555171013,-0.016361884772777557,-0.042876169085502625,0.9985458850860596,1,81518,672
1786070211,669043213,1,-99.98958587646484,121.87102508544922,-88.89273834228516,,,,,,,,,,81519,672
1786070211,669043213,,,,,5,-1535.8309326171875,1058.9947509765625,-827.4734497070312,0.02826615795493126,-0.01627649925649166,-0.04319034516811371,0.9985342025756836,1,81519,672
1786070211,678272390,1,-102.65306091308594,122.1659927368164,-88.87108612060547,,,,,,,,,,81520,672
1786070211,678272390,,,,,5,-1535.8153076171875,1059.033447265625,-827.4361572265625,0.027867615222930908,-0.01666676253080368,-0.04195782169699669,0.9985916018486023,1,81520,672
1786070211,686592259,1,-105.53582000732422,122.34685516357422,-88.95055389404297,,,,,,,,,,81521,672
1786070211,686592259,,,,,5,-1535.8463134765625,1059.0023193359375,-827.4571533203125,0.028413837775588036,-0.01645459607243538,-0.04322253167629242,0.998525857925415,1,81521,672
1786070211,693911620,1,-108.40917205810547,121.91202545166016,-88.85284423828125,,,,,,,,,,81522,672
1786070211,693911620,,,,,5,-1535.855712890625,1059.0101318359375,-827.5042114257812,0.028217505663633347,-0.016494110226631165,-0.043128252029418945,0.9985347390174866,1,81522,672
1786070211,703285788,1,-111.1378173828125,119.78197479248047,-88.9376220703125,,,,,,,,,,81523,672
1786070211,703285788,,,,,5,-1535.8193359375,1058.9959716796875,-827.4564819335938,0.02801123447716236,-0.016512321308255196,-0.04254486784338951,0.9985652565956116,1,81523,672
1786070211,711224827,1,-114.39561462402344,117.74248504638672,-88.49415588378906,,,,,,,,,,81524,672
1786070211,711224827,,,,,5,-1535.847412109375,1058.9798583984375,-827.4353637695312,0.027851983904838562,-0.016637278720736504,-0.04252202808856964,0.9985686540603638,1,81524,672
1786070211,718796219,1,-116.92079162597656,114.32884216308594,-88.83309173583984,,,,,,,,,,81525,672
1786070211,718796219,,,,,5,-1535.850341796875,1059.0279541015625,-827.4547729492188,0.028368795290589333,-0.016505850479006767,-0.043522968888282776,0.9985131025314331,1,81525,672
1786070211,728066067,1,-120.40438842773438,111.07441711425781,-89.01966094970703,,,,,,,,,,81526,672
1786070211,728066067,,,,,5,-1535.8502197265625,1059.031494140625,-827.4357299804688,0.027975600212812424,-0.016492154449224472,-0.04302467033267021,0.9985460042953491,1,81526,672
1786070211,736085745,1,-123.86573791503906,111.83052062988281,-88.46643829345703,,,,,,,,,,81527,672
1786070211,736085745,,,,,5,-1535.8525390625,1059.0260009765625,-827.4642944335938,0.028707560151815414,-0.016286693513393402,-0.04427901655435562,0.9984737634658813,1,81527,672
1786070211,743817649,1,-126.01422119140625,113.68220520019531,-88.47244262695312,,,,,,,,,,81528,672
1786070211,743817649,,,,,5,-1535.8055419921875,1059.0133056640625,-827.4308471679688,0.027839362621307373,-0.016752956435084343,-0.04269150644540787,0.9985598921775818,1,81528,672
1786070211,753048970,1,-128.82452392578125,115.14674377441406,-88.03485107421875,,,,,,,,,,81529,672
1786070211,753048970,,,,,5,-1535.8560791015625,1059.0257568359375,-827.4459228515625,0.027959151193499565,-0.016710301861166954,-0.04315958544611931,0.9985371232032776,1,81529,672
1786070211,760750761,1,-131.640380859375,116.50729370117188,-87.80770874023438,,,,,,,,,,81530,672
1786070211,760750761,,,,,5,-1535.83056640625,1059.00732421875,-827.4749145507812,0.02843138948082924,-0.016349580138921738,-0.04363742098212242,0.9985089302062988,1,81530,672
1786070211,770441216,1,-134.13368225097656,117.0907974243164,-87.68456268310547,,,,,,,,,,81531,672
1786070211,770441216,,,,,5,-1535.841796875,1058.9739990234375,-827.43701171875,0.028380824252963066,-0.016516197472810745,-0.043128397315740585,0.9985297918319702,1,81531,672
1786070211,778304159,1,-137.09884643554688,116.28058624267578,-87.33242797851562,,,,,,,,,,81532,672
1786070211,778304159,,,,,5,-1535.84375,1059.0047607421875,-827.48681640625,0.02837003953754902,-0.016491521149873734,-0.043482087552547455,0.998515248298645,1,81532,672
1786070211,785807391,1,-139.80203247070312,115.33795166015625,-86.89376831054688,,,,,,,,,,81533,672
1786070211,785807391,,,,,5,-1535.8297119140625,1058.9822998046875,-827.4560546875,0.02832842245697975,-0.01650756411254406,-0.04351169243454933,0.998514711856842,1,81533,672
1786070211,795125496,1,-143.10194396972656,113.78141784667969,-86.698486328125,,,,,,,,,,81534,672
1786070211,795125496,,,,,5,-1535.8326416015625,1059.0218505859375,-827.5055541992188,0.02861526794731617,-0.016282688826322556,-0.043743766844272614,0.9985001087188721,1,81534,672
1786070211,803305621,1,-145.4904022216797,111.64957427978516,-86.0712890625,,,,,,,,,,81535,672
1786070211,803305621,,,,,5,-1535.889404296875,1059.0711669921875,-827.5110473632812,0.02835962176322937,-0.01631678268313408,-0.04292784631252289,0.998542308807373,1,81535,672
1786070211,811800817,1,-148.2748260498047,111.01274108886719,-85.88945007324219,,,,,,,,,,81536,672
1786070211,811800817,,,,,5,-1535.8568115234375,1059.0584716796875,-827.4267578125,0.027938978746533394,-0.01658109948039055,-0.042235858738422394,0.9985793232917786,1,81536,672
1786070211,819375281,1,-151.5501251220703,112.39590454101562,-85.84256744384766,,,,,,,,,,81537,672
1786070211,819375281,,,,,5,-1535.87158203125,1059.04052734375,-827.44921875,0.028803549706935883,-0.0161071065813303,-0.04333818703889847,0.9985153079032898,1,81537,672
1786070211,827650030,1,-154.2456817626953,113.07013702392578,-85.24555969238281,,,,,,,,,,81538,672
1786070211,827650030,,,,,5,-1535.8580322265625,1059.0223388671875,-827.4932861328125,0.02852727472782135,-0.016175543889403343,-0.0428922176361084,0.9985412955284119,1,81538,672
1786070211,836876679,1,-158.46580505371094,112.00443267822266,-84.7318115234375,,,,,,,,,,81539,672
1786070211,836876679,,,,,5,-1535.8526611328125,1059.0421142578125,-827.4739379882812,0.02829890139400959,-0.016622554510831833,-0.04185022413730621,0.9985847473144531,1,81539,672
1786070211,844847973,1,-160.61598205566406,112.50888061523438,-84.69178009033203,,,,,,,,,,81540,672
1786070211,844847973,,,,,5,-1535.8656005859375,1059.060302734375,-827.4525756835938,0.028368914499878883,-0.016398649662733078,-0.04276176169514656,0.9985478520393372,1,81540,672
1786070211,852868515,1,-163.55726623535156,112.43553924560547,-84.99634552001953,,,,,,,,,,81541,672
1786070211,852868515,,,,,5,-1535.8765869140625,1059.0535888671875,-827.4271850585938,0.027960719540715218,-0.01668892242014408,-0.04193873703479767,0.9985893368721008,1,81541,672
1786070211,860472803,1,-166.13027954101562,111.57984924316406,-84.70246887207031,,,,,,,,,,81542,672
1786070211,860472803,,,,,5,-1535.87060546875,1059.08447265625,-827.36279296875,0.027367984876036644,-0.016385681927204132,-0.04123230278491974,0.998640239238739,1,81542,672
1786070211,869739772,1,-169.08323669433594,111.71868133544922,-84.65210723876953,,,,,,,,,,81543,672
1786070211,869739772,,,,,5,-1535.8446044921875,1059.0396728515625,-827.3741455078125,0.028054026886820793,-0.016198351979255676,-0.041604962199926376,0.9986088275909424,1,81543,672
1786070211,877364699,1,-172.03236389160156,112.21902465820312,-84.38690948486328,,,,,,,,,,81544,672
1786070211,877364699,,,,,5,-1535.8402099609375,1059.034423828125,-827.3572387695312,0.028324902057647705,-0.015939559787511826,-0.04211006686091423,0.9985840916633606,1,81544,672
1786070211,886679892,1,-174.664306640625,111.89640045166016,-83.89066314697266,,,,,,,,,,81545,672
1786070211,886679892,,,,,5,-1535.7958984375,1059.0404052734375,-827.35400390625,0.028357140719890594,-0.016113149002194405,-0.04265657812356949,0.9985572695732117,1,81545,672
1786070211,894908721,1,-177.17245483398438,112.53842163085938,-84.35044860839844,,,,,,,,,,81546,672
1786070211,894908721,,,,,5,-1535.8763427734375,1059.0921630859375,-827.3248291015625,0.027339540421962738,-0.016493920236825943,-0.041301894932985306,0.9986363649368286,1,81546,672
1786070211,902219378,1,-179.71170043945312,113.21098327636719,-84.02459716796875,,,,,,,,,,81547,672
1786070211,902219378,,,,,5,-1535.8211669921875,1059.0386962890625,-827.3712158203125,0.028195295482873917,-0.015972163528203964,-0.04260627552866936,0.9985662698745728,1,81547,672
1786070211,912471591,1,-182.5586395263672,112.68667602539062,-83.72196960449219,,,,,,,,,,81548,672
1786070211,912471591,,,,,5,-1535.840087890625,1059.0980224609375,-827.3305053710938,0.028348809108138084,-0.015970515087246895,-0.04273753613233566,0.9985564351081848,1,81548,672
1786070211,919337898,1,-185.21986389160156,113.06809997558594,-83.74388885498047,,,,,,,,,,81549,672
1786070211,919337898,,,,,5,-1535.85400390625,1059.0455322265625,-827.353515625,0.027957329526543617,-0.01604721136391163,-0.041582848876714706,0.9986149072647095,1,81549,672
1786070211,927417384,1,-187.87355041503906,114.1090087890625,-83.63533020019531,,,,,,,,,,81550,672
1786070211,927417384,,,,,5,-1535.8624267578125,1059.1240234375,-827.3456420898438,0.027943644672632217,-0.016136448830366135,-0.04227476939558983,0.9985848665237427,1,81550,672
1786070211,936583521,1,-191.1512451171875,114.09707641601562,-83.48374938964844,,,,,,,,,,81551,672
1786070211,936583521,,,,,5,-1535.7952880859375,1059.037353515625,-827.3441772460938,0.02815958671271801,-0.016025569289922714,-0.04162980988621712,0.9986075758934021,1,81551,672
1786070211,945463163,1,-192.79685974121094,114.57350158691406,-83.3320541381836,,,,,,,,,,81552,672
1786070211,945463163,,,,,5,-1535.8297119140625,1059.05908203125,-827.3551635742188,0.02801825851202011,-0.015998145565390587,-0.04157569259405136,0.9986143112182617,1,81552,672
1786070211,954104631,1,-195.65585327148438,114.60181427001953,-83.2195816040039,,,,,,,,,,81553,672
1786070211,954104631,,,,,5,-1535.79833984375,1059.01806640625,-827.3544311523438,0.028444381430745125,-0.01600838266313076,-0.042353350669145584,0.9985694289207458,1,81553,672
1786070211,961401816,1,-198.53280639648438,114.90410614013672,-82.90205383300781,,,,,,,,,,81554,672
1786070211,961401816,,,,,5,-1535.8223876953125,1059.046142578125,-827.3112182617188,0.027990272268652916,-0.016298523172736168,-0.041924163699150085,0.9985955357551575,1,81554,672
1786070211,969465398,1,-201.3909149169922,114.0596923828125,-82.40441131591797,,,,,,,,,,81555,672
1786070211,969465398,,,,,5,-1535.85107421875,1059.04296875,-827.31494140625,0.02775920182466507,-0.016310937702655792,-0.04153075069189072,0.9986183047294617,1,81555,672
1786070211,977556339,1,-203.24661254882812,115.38323211669922,-82.5296859741211,,,,,,,,,,81556,672
1786070211,977556339,,,,,5,-1535.825439453125,1059.0577392578125,-827.3641967773438,0.027996547520160675,-0.01628362573683262,-0.0423189215362072,0.9985790848731995,1,81556,672
1786070211,987155371,1,-205.4256591796875,114.85640716552734,-82.22158813476562,,,,,,,,,,81557,672
1786070211,987155371,,,,,5,-1535.772216796875,1059.0462646484375,-827.4254150390625,0.027431247755885124,-0.016535770148038864,-0.04074135795235634,0.9986562132835388,1,81557,672
1786070211,993918574,1,-207.98028564453125,114.85610961914062,-82.02964782714844,,,,,,,,,,81558,672
1786070211,993918574,,,,,5,-1535.83740234375,1059.097900390625,-827.3638916015625,0.02859834022819996,-0.015819396823644638,-0.04280438274145126,0.998548686504364,1,81558,672
1786070212,3370248,1,-303.0909423828125,125.45852661132812,-29.64862823486328,,,,,,,,,,81559,673
1786070212,3370248,,,,,5,-1535.8541259765625,1059.0599365234375,-827.3414306640625,0.028065567836165428,-0.015994779765605927,-0.04188883677124977,0.9985999464988708,1,81559,673
1786070212,11439154,1,-213.82008361816406,114.05187225341797,-81.54837799072266,,,,,,,,,,81560,673
1786070212,11439154,,,,,5,-1535.8441162109375,1059.0997314453125,-827.3744506835938,0.027299467474222183,-0.016330821439623833,-0.04036249592900276,0.9986786246299744,1,81560,673
1786070212,18972094,1,-214.73463439941406,114.82992553710938,-81.15579986572266,,,,,,,,,,81561,673
1786070212,18972094,,,,,5,-1535.810546875,1059.0262451171875,-827.3899536132812,0.028079738840460777,-0.015869220718741417,-0.04119564965367317,0.9986303448677063,1,81561,673
1786070212,29033026,1,-217.09689331054688,114.58424377441406,-81.18240356445312,,,,,,,,,,81562,673
1786070212,29033026,,,,,5,-1535.8712158203125,1059.086669921875,-827.3390502929688,0.027795132249593735,-0.016307370737195015,-0.04209631308913231,0.9985936284065247,1,81562,673
1786070212,35995183,1,-219.6219940185547,114.87297058105469,-80.59354400634766,,,,,,,,,,81563,673
1786070212,35995183,,,,,5,-1535.8070068359375,1059.0389404296875,-827.3630981445312,0.028081797063350677,-0.016119198873639107,-0.04141661152243614,0.9986171722412109,1,81563,673
1786070212,44345720,1,-222.82191467285156,114.02997589111328,-80.30510711669922,,,,,,,,,,81564,673
1786070212,44345720,,,,,5,-1535.849853515625,1059.078369140625,-827.3513793945312,0.0280411709100008,-0.015942810103297234,-0.0418267697095871,0.9986039996147156,1,81564,673
1786070212,53213024,1,-224.37757873535156,114.32196044921875,-80.14551544189453,,,,,,,,,,81565,673
1786070212,53213024,,,,,5,-1535.7994384765625,1059.0557861328125,-827.3635864257812,0.02774040400981903,-0.01624917797744274,-0.04114246368408203,0.9986358284950256,1,81565,673
1786070212,61629577,1,-226.9290771484375,114.80577087402344,-79.80331420898438,,,,,,,,,,81566,673
1786070212,61629577,,,,,5,-1535.852294921875,1059.0902099609375,-827.3820190429688,0.027783924713730812,-0.016104578971862793,-0.04114287719130516,0.9986370205879211,1,81566,673
1786070212,70524913,1,-228.46629333496094,114.51399993896484,-79.26661682128906,,,,,,,,,,81567,673
1786070212,70524913,,,,,5,-1535.82080078125,1059.0657958984375,-827.3684692382812,0.028170838952064514,-0.015847979113459587,-0.04187430068850517,0.9985998272895813,1,81567,673
1786070212,78672282,1,-230.491455078125,114.81694030761719,-78.66539764404297,,,,,,,,,,81568,673
1786070212,78672282,,,,,5,-1535.8336181640625,1059.0848388671875,-827.3500366210938,0.02794708125293255,-0.01609775610268116,-0.042029138654470444,0.998595654964447,1,81568,673
1786070212,87096323,1,-232.572265625,114.55299377441406,-78.30854797363281,,,,,,,,,,81569,673
1786070212,87096323,,,,,5,-1535.8251953125,1059.0736083984375,-827.3502807617188,0.027685364708304405,-0.016279080882668495,-0.04130386561155319,0.9986302852630615,1,81569,673
1786070212,94666190,1,-234.85267639160156,114.50021362304688,-77.91064453125,,,,,,,,,,81570,673
1786070212,94666190,,,,,5,-1535.7974853515625,1059.065673828125,-827.3368530273438,0.027635488659143448,-0.01637977361679077,-0.04120650887489319,0.9986340403556824,1,81570,673
1786070212,102613561,1,-237.1453094482422,114.7746353149414,-77.60716247558594,,,,,,,,,,81571,673
1786070212,102613561,,,,,5,-1535.8089599609375,1059.061279296875,-827.3771362304688,0.028192618861794472,-0.016105415299534798,-0.04173067957162857,0.9986013174057007,1,81571,673
1786070212,111593728,1,-237.7254638671875,115.4061508178711,-76.71871185302734,,,,,,,,,,81572,673
1786070212,111593728,,,,,5,-1535.8291015625,1059.0789794921875,-827.3480834960938,0.02785598300397396,-0.016093768179416656,-0.04060426354408264,0.9986572861671448,1,81572,673
1786070212,119910665,1,-241.4244842529297,114.66057586669922,-76.51786041259766,,,,,,,,,,81573,673
1786070212,119910665,,,,,5,-1535.846435546875,1059.0869140625,-827.3849487304688,0.027755696326494217,-0.01622231863439083,-0.04119829088449478,0.998633623123169,1,81573,673
1786070212,127923731,1,-243.4282684326172,115.37376403808594,-76.21759796142578,,,,,,,,,,81574,673
1786070212,127923731,,,,,5,-1535.826416015625,1059.054931640625,-827.3292846679688,0.027668122202157974,-0.016209889203310013,-0.04137008637189865,0.9986291527748108,1,81574,673
1786070212,135526527,1,-245.2266387939453,115.26438903808594,-75.67923736572266,,,,,,,,,,81575,673
1786070212,135526527,,,,,5,-1535.8211669921875,1059.0982666015625,-827.3712158203125,0.028490498661994934,-0.01586388424038887,-0.04264015704393387,0.9985582828521729,1,81575,673
1786070212,145007109,1,-245.9991912841797,116.2176513671875,-74.94086456298828,,,,,,,,,,81576,673
1786070212,145007109,,,,,5,-1535.8079833984375,1059.0677490234375,-827.3489379882812,0.027665939182043076,-0.016248175874352455,-0.04142459109425545,0.9986262917518616,1,81576,673
1786070212,152565328,1,-249.16929626464844,115.43778228759766,-74.43306732177734,,,,,,,,,,81577,673
1786070212,152565328,,,,,5,-1535.7674560546875,1059.0262451171875,-827.3812866210938,0.02752317488193512,-0.016704048961400986,-0.041528984904289246,0.9986183643341064,1,81577,673
1786070212,161769655,1,-250.05615234375,116.46112060546875,-73.9286880493164,,,,,,,,,,81578,673
1786070212,161769655,,,,,5,-1535.8438720703125,1059.0654296875,-827.3692626953125,0.028042292222380638,-0.016049044206738472,-0.042161621153354645,0.9985882043838501,1,81578,673
1786070212,169684801,1,-251.7241973876953,116.61519622802734,-73.06503295898438,,,,,,,,,,81579,673
1786070212,169684801,,,,,5,-1535.822265625,1059.0296630859375,-827.3731689453125,0.02802950143814087,-0.01613161899149418,-0.04184295982122421,0.9986006617546082,1,81579,673
1786070212,177726379,1,-253.64535522460938,116.67070770263672,-72.6456069946289,,,,,,,,,,81580,673
1786070212,177726379,,,,,5,-1535.8153076171875,1059.04638671875,-827.3767700195312,0.02798171527683735,-0.01615949161350727,-0.04136262461543083,0.9986215829849243,1,81580,673
1786070212,187087954,1,-255.1046142578125,117.0599365234375,-72.14427185058594,,,,,,,,,,81581,673
1786070212,187087954,,,,,5,-1535.8211669921875,1059.0787353515625,-827.3341674804688,0.027848364785313606,-0.01608317717909813,-0.041956014931201935,0.9986017346382141,1,81581,673
1786070212,195566618,1,-256.6846618652344,116.97442626953125,-71.51285552978516,,,,,,,,,,81582,673
1786070212,195566618,,,,,5,-1535.8023681640625,1059.0595703125,-827.3328247070312,0.027759864926338196,-0.016360316425561905,-0.041521139442920685,0.998617947101593,1,81582,673
1786070212,202219336,1,-258.3506164550781,116.92057800292969,-70.53108978271484,,,,,,,,,,81583,673
1786070212,202219336,,,,,5,-1535.8402099609375,1059.0911865234375,-827.3804931640625,0.027839573100209236,-0.016032176092267036,-0.04165298119187355,0.998615562915802,1,81583,673
1786070212,211897102,1,-260.1412658691406,116.77105712890625,-70.2093505859375,,,,,,,,,,81584,673
1786070212,211897102,,,,,5,-1535.8157958984375,1059.0350341796875,-827.3740234375,0.027937032282352448,-0.01622791215777397,-0.041605331003665924,0.9986116290092468,1,81584,673
1786070212,219206842,1,-263.4394836425781,114.3304672241211,-68.19801330566406,,,,,,,,,,81585,673
1786070212,219206842,,,,,5,-1535.8114013671875,1059.0347900390625,-827.3925170898438,0.027908291667699814,-0.016172166913747787,-0.04126374423503876,0.9986274838447571,1,81585,673
1786070212,228969183,1,-262.64654541015625,116.71101379394531,-69.05451965332031,,,,,,,,,,81586,673
1786070212,228969183,,,,,5,-1535.766357421875,1059.0604248046875,-827.421875,0.027748780325055122,-0.01639898121356964,-0.0417683944106102,0.9986072182655334,1,81586,673
1786070212,236668714,1,-264.7424011230469,116.88859558105469,-68.16712951660156,,,,,,,,,,81587,673
1786070212,236668714,,,,,5,-1535.774658203125,1059.030517578125,-827.3800048828125,0.028320085257291794,-0.01612212508916855,-0.04263754561543465,0.9985590577125549,1,81587,673
1786070212,244215221,1,-266.0731506347656,116.45548248291016,-67.3413314819336,,,,,,,,,,81588,673
1786070212,244215221,,,,,5,-1535.83740234375,1059.082763671875,-827.3214111328125,0.02809678576886654,-0.016132844612002373,-0.041959162801504135,0.9985938668251038,1,81588,673
1786070212,254151322,1,-267.6699523925781,117.08653259277344,-66.7492446899414,,,,,,,,,,81589,673
1786070212,254151322,,,,,5,-1535.865478515625,1059.0947265625,-827.3516845703125,0.028208116069436073,-0.016089150682091713,-0.041922155767679214,0.9985930919647217,1,81589,673
1786070212,261691973,1,-268.9839172363281,116.12189483642578,-65.40115356445312,,,,,,,,,,81590,673
1786070212,261691973,,,,,5,-1535.8953857421875,1059.129638671875,-827.3610229492188,0.027631131932139397,-0.015907540917396545,-0.04145823419094086,0.9986314177513123,1,81590,673
1786070212,270107118,1,-270.8878479003906,116.7755126953125,-65.18783569335938,,,,,,,,,,81591,673
1786070212,270107118,,,,,5,-1535.8050537109375,1059.0457763671875,-827.3518676757812,0.02834765985608101,-0.015933571383357048,-0.04225554317235947,0.9985774755477905,1,81591,673
1786070212,277015484,1,-272.3476257324219,116.54588317871094,-64.26898956298828,,,,,,,,,,81592,673
1786070212,277015484,,,,,5,-1535.80126953125,1059.06982421875,-827.3367309570312,0.027574047446250916,-0.01631506159901619,-0.040484972298145294,0.9986662864685059,1,81592,673
1786070212,286672673,1,-273.5344543457031,115.80958557128906,-63.19179916381836,,,,,,,,,,81593,673
1786070212,286672673,,,,,5,-1535.7919921875,1059.0347900390625,-827.3599853515625,0.027600644156336784,-0.01648719049990177,-0.0404670313000679,0.9986634850502014,1,81593,673
1786070212,294052493,1,-275.59405517578125,116.50924682617188,-62.39075469970703,,,,,,,,,,81594,673
1786070212,294052493,,,,,5,-1535.7823486328125,1059.0372314453125,-827.3720703125,0.02794571779668331,-0.01617247611284256,-0.04049254581332207,0.9986579418182373,1,81594,673
1786070212,303261364,1,-277.1079406738281,116.14380645751953,-61.632598876953125,,,,,,,,,,81595,673
1786070212,303261364,,,,,5,-1535.7904052734375,1059.0330810546875,-827.3881225585938,0.027994241565465927,-0.016469264402985573,-0.04188959300518036,0.9985941648483276,1,81595,673
1786070212,311439613,1,-278.9101867675781,115.63883209228516,-60.723270416259766,,,,,,,,,,81596,673
1786070212,311439613,,,,,5,-1535.8416748046875,1059.0592041015625,-827.3624267578125,0.02772287279367447,-0.01625276729464531,-0.040893085300922394,0.9986465573310852,1,81596,673
1786070212,318879305,1,-281.96185302734375,113.92036437988281,-59.47607421875,,,,,,,,,,81597,673
1786070212,318879305,,,,,5,-1535.8050537109375,1059.0574951171875,-827.3736572265625,0.02770409919321537,-0.016511820256710052,-0.041908275336027145,0.9986007809638977,1,81597,673
1786070212,328074032,1,-282.0623779296875,115.1783218383789,-58.743343353271484,,,,,,,,,,81598,673
1786070212,328074032,,,,,5,-1535.7659912109375,1059.016357421875,-827.4010009765625,0.028042925521731377,-0.016360629349946976,-0.04178294539451599,0.9985989928245544,1,81598,673
1786070212,336666488,1,-285.0348205566406,114.10456848144531,-57.15153121948242,,,,,,,,,,81599,673
1786070212,336666488,,,,,5,-1535.84716796875,1059.0577392578125,-827.3539428710938,0.027932215481996536,-0.016039175912737846,-0.04161025583744049,0.9986146688461304,1,81599,673
1786070212,345080065,1,-285.23809814453125,115.0381088256836,-56.41740417480469,,,,,,,,,,81600,673
1786070212,345080065,,,,,5,-1535.8607177734375,1059.1063232421875,-827.3624877929688,0.02750278450548649,-0.01622406393289566,-0.04087742790579796,0.998653769493103,1,81600,673
1786070212,352256078,1,-287.1162414550781,114.79650115966797,-55.042484283447266,,,,,,,,,,81601,673
1786070212,352256078,,,,,5,-1535.821533203125,1059.0711669921875,-827.3829956054688,0.02763969637453556,-0.01616509258747101,-0.04078810662031174,0.9986546039581299,1,81601,673
1786070212,361134581,1,-288.5666809082031,114.87803649902344,-53.93889617919922,,,,,,,,,,81602,673
1786070212,361134581,,,,,5,-1535.7952880859375,1059.0447998046875,-827.3385009765625,0.02773391082882881,-0.01612669602036476,-0.04070856794714928,0.9986558556556702,1,81602,673
1786070212,368879360,1,-290.2431640625,114.88423156738281,-52.863590240478516,,,,,,,,,,81603,673
1786070212,368879360,,,,,5,-1535.9117431640625,1059.0989990234375,-827.3357543945312,0.02745726704597473,-0.016468137502670288,-0.0412326417863369,0.9986364245414734,1,81603,673
1786070212,378283078,1,-292.15576171875,114.91352844238281,-51.6967887878418,,,,,,,,,,81604,673
1786070212,378283078,,,,,5,-1535.8411865234375,1059.0672607421875,-827.3883666992188,0.027675358578562737,-0.01617981307208538,-0.04091283306479454,0.9986482858657837,1,81604,673
1786070212,385665938,1,-293.66278076171875,114.38902282714844,-50.32072067260742,,,,,,,,,,81605,673
1786070212,385665938,,,,,5,-1535.8531494140625,1059.06201171875,-827.3741455078125,0.02840595319867134,-0.015808608382940292,-0.04233795776963234,0.9985742568969727,1,81605,673
1786070212,395106392,1,-295.983154296875,113.56365203857422,-48.49946212768555,,,,,,,,,,81606,673
1786070212,395106392,,,,,5,-1535.8499755859375,1059.0787353515625,-827.3943481445312,0.027519414201378822,-0.01637229323387146,-0.04112241417169571,0.9986409544944763,1,81606,673
1786070212,403229826,1,-296.5738220214844,114.55059051513672,-48.16670227050781,,,,,,,,,,81607,673
1786070212,403229826,,,,,5,-1535.849853515625,1059.0792236328125,-827.3751831054688,0.027790606021881104,-0.01613406091928482,-0.04075443744659424,0.9986522793769836,1,81607,673
1786070212,410939341,1,-298.5730895996094,113.95989990234375,-46.43645477294922,,,,,,,,,,81608,673
1786070212,410939341,,,,,5,-1535.902587890625,1059.1268310546875,-827.4345092773438,0.027857286855578423,-0.01575840823352337,-0.04212150722742081,0.9985997080802917,1,81608,673
1786070212,420234868,1,-299.9938049316406,114.09288024902344,-45.47626495361328,,,,,,,,,,81609,673
1786070212,420234868,,,,,5,-1535.8489990234375,1059.0399169921875,-827.4306640625,0.02767259068787098,-0.015880964696407318,-0.041139714419841766,0.9986439347267151,1,81609,673
1786070212,428192286,1,-301.578125,113.93769073486328,-44.19146728515625,,,,,,,,,,81610,673
1786070212,428192286,,,,,5,-1535.8563232421875,1059.0775146484375,-827.4309692382812,0.027571605518460274,-0.016194229945540428,-0.040755122900009155,0.9986574053764343,1,81610,673
1786070212,435624874,1,-303.0610046386719,114.16111755371094,-43.145145416259766,,,,,,,,,,81611,673
1786070212,435624874,,,,,5,-1535.87109375,1059.04150390625,-827.4505004882812,0.028313210234045982,-0.01550167053937912,-0.042189158499240875,0.9985881447792053,1,81611,673
1786070212,445040240,1,-304.5627136230469,114.03999328613281,-41.96406936645508,,,,,,,,,,81612,673
1786070212,445040240,,,,,5,-1535.8590087890625,1059.086669921875,-827.4494018554688,0.02757495641708374,-0.015924708917737007,-0.04108774662017822,0.998647928237915,1,81612,673
1786070212,453005338,1,-306.1067810058594,113.94622039794922,-40.56632995605469,,,,,,,,,,81613,673
1786070212,453005338,,,,,5,-1535.8724365234375,1059.08251953125,-827.39013671875,0.02803916297852993,-0.016015514731407166,-0.041974518448114395,0.9985967874526978,1,81613,673
1786070212,460468294,1,-307.6954040527344,113.8100357055664,-39.549495697021484,,,,,,,,,,81614,673
1786070212,460468294,,,,,5,-1535.8560791015625,1059.0574951171875,-827.4523315429688,0.028237545862793922,-0.015615361742675304,-0.041744980961084366,0.9986070990562439,1,81614,673
1786070212,470081003,1,-309.0048828125,114.24706268310547,-38.82993698120117,,,,,,,,,,81615,673
1786070212,470081003,,,,,5,-1535.8944091796875,1059.085693359375,-827.3844604492188,0.028410347178578377,-0.015597829595208168,-0.042503830045461655,0.998570442199707,1,81615,673
1786070212,477441271,1,-310.1628112792969,113.86056518554688,-37.178001403808594,,,,,,,,,,81616,673
1786070212,477441271,,,,,5,-1535.873046875,1059.1097412109375,-827.4273681640625,0.027647579088807106,-0.01577204465866089,-0.04167117178440094,0.9986242055892944,1,81616,673
1786070212,486770334,1,-311.6316833496094,113.98710632324219,-36.02629852294922,,,,,,,,,,81617,673
1786070212,486770334,,,,,5,-1535.8218994140625,1059.0238037109375,-827.4550170898438,0.027997812256217003,-0.015662144869565964,-0.04184235632419586,0.9986090064048767,1,81617,673
1786070212,494916039,1,-313.0853576660156,113.9363784790039,-34.83803939819336,,,,,,,,,,81618,673
1786070212,494916039,,,,,5,-1535.8221435546875,1059.056640625,-827.43701171875,0.027531184256076813,-0.01620216853916645,-0.04073662310838699,0.9986591339111328,1,81618,673
1786070212,502406515,1,-314.7780456542969,113.93732452392578,-33.71091842651367,,,,,,,,,,81619,673
1786070212,502406515,,,,,5,-1535.885009765625,1059.1146240234375,-827.4154663085938,0.027598809450864792,-0.015849784016609192,-0.04161708801984787,0.9986266493797302,1,81619,673
1786070212,511693145,1,-316.2159118652344,113.86170959472656,-32.36614990234375,,,,,,,,,,81620,673
1786070212,511693145,,,,,5,-1535.8126220703125,1059.0238037109375,-827.4791259765625,0.028091931715607643,-0.015794677659869194,-0.04279661551117897,0.9985638856887817,1,81620,673
1786070212,519863459,1,-317.8271789550781,113.8448486328125,-30.97534942626953,,,,,,,,,,81621,673
1786070212,519863459,,,,,5,-1535.8494873046875,1059.047119140625,-827.4879760742188,0.027336200699210167,-0.016243712976574898,-0.04166548699140549,0.9986255168914795,1,81621,673
1786070212,527393294,1,-319.27142333984375,113.69223022460938,-29.770971298217773,,,,,,,,,,81622,673
1786070212,527393294,,,,,5,-1535.8917236328125,1059.13818359375,-827.4208984375,0.027674466371536255,-0.0160211268812418,-0.041627123951911926,0.99862140417099,1,81622,673
1786070212,537188084,1,-320.52618408203125,113.72950744628906,-28.724489212036133,,,,,,,,,,81623,673
1786070212,537188084,,,,,5,-1535.8604736328125,1059.093505859375,-827.4627075195312,0.02783026359975338,-0.01585938222706318,-0.042039066553115845,0.9986023902893066,1,81623,673
1786070212,544809183,1,-321.6501159667969,114.13619995117188,-27.564189910888672,,,,,,,,,,81624,673
1786070212,544809183,,,,,5,-1535.9007568359375,1059.0806884765625,-827.4528198242188,0.028700970113277435,-0.015334101393818855,-0.043618522584438324,0.998518168926239,1,81624,673
1786070212,552196299,1,-322.7438049316406,113.84764099121094,-26.440675735473633,,,,,,,,,,81625,673
1786070212,552196299,,,,,5,-1535.84375,1059.0589599609375,-827.4573364257812,0.028262317180633545,-0.015451103448867798,-0.04217584431171417,0.9985907673835754,1,81625,673
1786070212,561599601,1,-324.6026916503906,113.1127700805664,-25.084444046020508,,,,,,,,,,81626,673
1786070212,561599601,,,,,5,-1535.8980712890625,1059.103759765625,-827.4415283203125,0.027978381142020226,-0.015673724934458733,-0.04115554317831993,0.9986380338668823,1,81626,673
1786070212,569807130,1,-327.7374572753906,110.98222351074219,-22.88703727722168,,,,,,,,,,81627,673
1786070212,569807130,,,,,5,-1535.848876953125,1059.0552978515625,-827.4332275390625,0.02778661623597145,-0.015868183225393295,-0.041330475360155106,0.9986330270767212,1,81627,673
1786070212,577003335,1,-326.5707092285156,113.4666519165039,-22.791261672973633,,,,,,,,,,81628,673
1786070212,577003335,,,,,5,-1535.8612060546875,1059.080078125,-827.39697265625,0.027690473943948746,-0.01621534861624241,-0.04168688878417015,0.9986152648925781,1,81628,673
1786070212,586570061,1,-326.1961669921875,115.02124786376953,-21.84253692626953,,,,,,,,,,81629,673
1786070212,586570061,,,,,5,-1535.8673095703125,1059.0966796875,-827.4566650390625,0.02789183147251606,-0.015975676476955414,-0.04178044945001602,0.9986096024513245,1,81629,673
1786070212,594180088,1,-327.68035888671875,114.82490539550781,-20.735214233398438,,,,,,,,,,81630,673
1786070212,594180088,,,,,5,-1535.8983154296875,1059.1168212890625,-827.443359375,0.027328699827194214,-0.015971530228853226,-0.04101373255252838,0.9986569881439209,1,81630,673
1786070212,603517150,1,-330.1390075683594,112.54589080810547,-19.070491790771484,,,,,,,,,,81631,673
1786070212,603517150,,,,,5,-1535.905517578125,1059.1304931640625,-827.4317626953125,0.02757320925593376,-0.01613168604671955,-0.042481206357479095,0.9985864162445068,1,81631,673
1786070212,611559016,1,-329.8503112792969,115.53256225585938,-17.80738639831543,,,,,,,,,,81632,673
1786070212,611559016,,,,,5,-1535.8782958984375,1059.1297607421875,-827.4556884765625,0.028285088017582893,-0.015757933259010315,-0.04276660829782486,0.9985602498054504,1,81632,673
1786070212,618985780,1,-334.0787658691406,112.62745666503906,-16.340845108032227,,,,,,,,,,81633,673
1786070212,618985780,,,,,5,-1535.9013671875,1059.0677490234375,-827.5543212890625,0.026943478733301163,-0.01605844497680664,-0.03899645060300827,0.9987468123435974,1,81633,673
1786070212,628241467,1,-334.9812927246094,113.48771667480469,-15.184008598327637,,,,,,,,,,81634,673
1786070212,628241467,,,,,5,-1535.8743896484375,1059.0860595703125,-827.4268798828125,0.027276497334241867,-0.016140775755047798,-0.04114164039492607,0.9986506104469299,1,81634,673
1786070212,638144415,1,-336.459716796875,112.91719055175781,-13.810354232788086,,,,,,,,,,81635,673
1786070212,638144415,,,,,5,-1535.85498046875,1059.0462646484375,-827.4703979492188,0.027818936854600906,-0.01587742753326893,-0.042066581547260284,0.9986012578010559,1,81635,673
1786070212,644981005,1,-337.572265625,113.8335952758789,-12.721717834472656,,,,,,,,,,81636,673
1786070212,644981005,,,,,5,-1535.8670654296875,1059.101806640625,-827.41357421875,0.027229776605963707,-0.01653308980166912,-0.040770918130874634,0.9986605644226074,1,81636,673
1786070212,653342486,1,-339.0921630859375,113.86681365966797,-11.606389045715332,,,,,,,,,,81637,673
1786070212,653342486,,,,,5,-1535.8621826171875,1059.064697265625,-827.4699096679688,0.027804413810372353,-0.01589956134557724,-0.04190082103013992,0.9986082911491394,1,81637,673
1786070212,660876001,1,-340.4367370605469,113.40054321289062,-10.189799308776855,,,,,,,,,,81638,673
1786070212,660876001,,,,,5,-1535.862548828125,1059.0897216796875,-827.4227905273438,0.027378670871257782,-0.016306957229971886,-0.04113929346203804,0.9986451864242554,1,81638,673
1786070212,670150952,1,-341.4319152832031,113.12206268310547,-8.952184677124023,,,,,,,,,,81639,673
1786070212,670150952,,,,,5,-1535.883056640625,1059.0947265625,-827.4244384765625,0.027539748698472977,-0.016161927953362465,-0.04141544923186302,0.9986316561698914,1,81639,673
1786070212,678018322,1,-342.7469177246094,113.83516693115234,-7.654671669006348,,,,,,,,,,81640,673
1786070212,678018322,,,,,5,-1535.87744140625,1059.083251953125,-827.4287109375,0.027474114671349525,-0.016057653352618217,-0.041313983500003815,0.9986393451690674,1,81640,673
1786070212,687163161,1,-343.8867492675781,114.03952026367188,-6.036314487457275,,,,,,,,,,81641,673
1786070212,687163161,,,,,5,-1535.8720703125,1059.0279541015625,-827.4315795898438,0.028319507837295532,-0.015565875917673111,-0.04274851083755493,0.9985631108283997,1,81641,673
1786070212,694899620,1,-345.1019287109375,113.12824249267578,-6.09752082824707,,,,,,,,,,81642,673
1786070212,694899620,,,,,5,-1535.9158935546875,1059.0977783203125,-827.4302978515625,0.027745693922042847,-0.016012221574783325,-0.0418899767100811,0.9986084699630737,1,81642,673
1786070212,703218605,1,-346.3096008300781,113.8762435913086,-3.681767702102661,,,,,,,,,,81643,673
1786070212,703218605,,,,,5,-1535.8548583984375,1059.0164794921875,-827.4369506835938,0.02809198386967182,-0.015769068151712418,-0.04188661649823189,0.9986028671264648,1,81643,673
1786070212,710671993,1,-347.2327880859375,112.76303100585938,-2.0767312049865723,,,,,,,,,,81644,673
1786070212,710671993,,,,,5,-1535.8223876953125,1059.0482177734375,-827.4105834960938,0.028289638459682465,-0.015941334888339043,-0.04196055606007576,0.9985914826393127,1,81644,673
1786070212,720251935,1,-348.5152282714844,114.23114013671875,-0.8328019380569458,,,,,,,,,,81645,673
1786070212,720251935,,,,,5,-1535.8509521484375,1059.0648193359375,-827.4435424804688,0.027748940512537956,-0.016122743487358093,-0.04139045625925064,0.9986274838447571,1,81645,673
1786070212,727944394,1,-349.5846862792969,114.83535766601562,0.3911542296409607,,,,,,,,,,81646,673
1786070212,727944394,,,,,5,-1535.8226318359375,1059.00390625,-827.4374389648438,0.02745353989303112,-0.01654691994190216,-0.041806600987911224,0.9986113905906677,1,81646,673
1786070212,735573941,1,-350.6575012207031,113.29721069335938,1.8664028644561768,,,,,,,,,,81647,673
1786070212,735573941,,,,,5,-1535.7862548828125,1059.0062255859375,-827.4737548828125,0.02797810174524784,-0.016177628189325333,-0.04282646253705025,0.9985596537590027,1,81647,673
1786070212,745056699,1,-354.96990966796875,112.64012145996094,3.676682710647583,,,,,,,,,,81648,673
1786070212,745056699,,,,,5,-1535.8623046875,1059.0252685546875,-827.416015625,0.027877524495124817,-0.016002899035811424,-0.040892504155635834,0.9986463785171509,1,81648,673
1786070212,753301796,1,-352.8551940917969,113.29451751708984,4.678360939025879,,,,,,,,,,81649,673
1786070212,753301796,,,,,5,-1535.9134521484375,1059.0369873046875,-827.4513549804688,0.0279742069542408,-0.01547289825975895,-0.041926249861717224,0.998609185218811,1,81649,673
1786070212,760446225,1,-354.9618225097656,113.53807830810547,6.350345611572266,,,,,,,,,,81650,673
1786070212,760446225,,,,,5,-1535.9967041015625,1059.1405029296875,-827.4926147460938,0.02737540937960148,-0.015554220415651798,-0.03928085416555405,0.9987320303916931,1,81650,673
1786070212,770052855,1,-354.74072265625,115.20722961425781,7.093324184417725,,,,,,,,,,81651,673
1786070212,770052855,,,,,5,-1535.9757080078125,1059.173095703125,-827.4752807617188,0.027755478397011757,-0.01541705522686243,-0.04087836295366287,0.9986596703529358,1,81651,673
1786070212,777446402,1,-356.5745544433594,112.47191619873047,9.312341690063477,,,,,,,,,,81652,673
1786070212,777446402,,,,,5,-1535.969482421875,1059.1126708984375,-827.4481811523438,0.02768857404589653,-0.015624058432877064,-0.04172477498650551,0.9986231923103333,1,81652,673
1786070212,786749897,1,-357.44537353515625,114.35209655761719,9.403992652893066,,,,,,,,,,81653,673
1786070212,786749897,,,,,5,-1535.9100341796875,1059.0545654296875,-827.45751953125,0.027860304340720177,-0.015359004959464073,-0.04088408127427101,0.9986573457717896,1,81653,673
1786070212,795050162,1,-356.5326843261719,115.10063934326172,10.924530029296875,,,,,,,,,,81654,673
1786070212,795050162,,,,,5,-1535.990234375,1059.1068115234375,-827.48828125,0.02829526923596859,-0.015181109309196472,-0.04184894263744354,0.998607873916626,1,81654,673
1786070212,802343486,1,-358.2218933105469,114.47413635253906,12.20141315460205,,,,,,,,,,81655,673
1786070212,802343486,,,,,5,-1535.9365234375,1059.0970458984375,-827.4801635742188,0.027978891506791115,-0.015237633138895035,-0.041024960577487946,0.9986500144004822,1,81655,673
1786070212,811636325,1,-359.7227783203125,114.5637435913086,13.772311210632324,,,,,,,,,,81656,673
1786070212,811636325,,,,,5,-1535.95166015625,1059.0660400390625,-827.4885864257812,0.027829226106405258,-0.015410909429192543,-0.04129265993833542,0.9986405968666077,1,81656,673
1786070212,819938766,1,-360.9150695800781,115.2208251953125,14.893211364746094,,,,,,,,,,81657,673
1786070212,819938766,,,,,5,-1535.9124755859375,1059.075439453125,-827.4884643554688,0.02760693058371544,-0.015600300393998623,-0.04048972576856613,0.998676598072052,1,81657,673
1786070212,827316858,1,-361.3446350097656,115.02996063232422,16.501365661621094,,,,,,,,,,81658,673
1786070212,827316858,,,,,5,-1536.0008544921875,1059.1370849609375,-827.4373168945312,0.027472183108329773,-0.015713827684521675,-0.04062555730342865,0.9986729621887207,1,81658,673
1786070212,837088383,1,-362.5638732910156,115.11553192138672,17.74778938293457,,,,,,,,,,81659,673
1786070212,837088383,,,,,5,-1535.966064453125,1059.093994140625,-827.4811401367188,0.027712784707546234,-0.01554191019386053,-0.04138943552970886,0.9986376762390137,1,81659,673
1786070212,844833994,1,-363.4029846191406,115.86917877197266,19.118188858032227,,,,,,,,,,81660,673
1786070212,844833994,,,,,5,-1535.9368896484375,1059.0911865234375,-827.4765014648438,0.028118019923567772,-0.015332586131989956,-0.04289180412888527,0.9985663294792175,1,81660,673
1786070212,852176598,1,-364.5810546875,115.080810546875,20.40024757385254,,,,,,,,,,81661,673
1786070212,852176598,,,,,5,-1535.921142578125,1059.09619140625,-827.4885864257812,0.027228984981775284,-0.0156785286962986,-0.04044234752655029,0.9986876845359802,1,81661,673
1786070212,861643740,1,-365.5430908203125,115.60885620117188,21.836669921875,,,,,,,,,,81662,673
1786070212,861643740,,,,,5,-1535.8616943359375,1058.96875,-827.5265502929688,0.027447687461972237,-0.016011739149689674,-0.041901763528585434,0.9986162781715393,1,81662,673
1786070212,870038117,1,-366.6236877441406,114.53002166748047,23.171619415283203,,,,,,,,,,81663,673
1786070212,870038117,,,,,5,-1535.9205322265625,1059.0494384765625,-827.474609375,0.02756883203983307,-0.01558094471693039,-0.0409623384475708,0.9986587166786194,1,81663,673
1786070212,878256847,1,-367.0924987792969,115.23397827148438,24.54540252685547,,,,,,,,,,81664,673
1786070212,878256847,,,,,5,-1535.9290771484375,1059.1038818359375,-827.4801025390625,0.02768557332456112,-0.015581474639475346,-0.04093721881508827,0.9986565113067627,1,81664,673
1786070212,886126873,1,-368.1495056152344,115.18852996826172,25.455821990966797,,,,,,,,,,81665,673
1786070212,886126873,,,,,5,-1535.920166015625,1059.0799560546875,-827.4970703125,0.027297042310237885,-0.01556019950658083,-0.0401889905333519,0.9986979961395264,1,81665,673
1786070212,894889153,1,-369.46478271484375,115.5186996459961,27.283166885375977,,,,,,,,,,81666,673
1786070212,894889153,,,,,5,-1535.8798828125,1059.0220947265625,-827.4818725585938,0.026920005679130554,-0.01635788381099701,-0.04159664362668991,0.998637855052948,1,81666,673
1786070212,902091885,1,-370.6015319824219,114.49187469482422,28.18712615966797,,,,,,,,,,81667,673
1786070212,902091885,,,,,5,-1535.9188232421875,1059.07421875,-827.4464111328125,0.02785518206655979,-0.015284243039786816,-0.04173311963677406,0.9986234307289124,1,81667,673
1786070212,911529715,1,-372.7060852050781,113.42791748046875,30.212331771850586,,,,,,,,,,81668,673
1786070212,911529715,,,,,5,-1535.8961181640625,1059.0609130859375,-827.5029296875,0.027600407600402832,-0.015054648742079735,-0.040866680443286896,0.9986698031425476,1,81668,673
1786070212,919018015,1,-373.1568908691406,114.11024475097656,31.809072494506836,,,,,,,,,,81669,673
1786070212,919018015,,,,,5,-1535.9429931640625,1059.0809326171875,-827.4532470703125,0.027464531362056732,-0.01559392735362053,-0.0406908355653286,0.9986724257469177,1,81669,673
1786070212,928365573,1,-374.0322265625,114.07771301269531,32.9908447265625,,,,,,,,,,81670,673
1786070212,928365573,,,,,5,-1535.9539794921875,1059.1092529296875,-827.48095703125,0.027481015771627426,-0.015437259338796139,-0.04087413102388382,0.9986669421195984,1,81670,673
1786070212,936879630,1,-374.8066711425781,113.6771240234375,33.61904525756836,,,,,,,,,,81671,673
1786070212,936879630,,,,,5,-1535.939453125,1059.0819091796875,-827.46044921875,0.027235254645347595,-0.015725214034318924,-0.04036036506295204,0.9986901879310608,1,81671,673
1786070212,945017720,1,-374.9995422363281,114.8711929321289,35.351348876953125,,,,,,,,,,81672,673
1786070212,945017720,,,,,5,-1535.91015625,1059.062255859375,-827.4722900390625,0.02760866843163967,-0.015580485574901104,-0.04103172942996025,0.9986546635627747,1,81672,673
1786070212,953421825,1,-376.05987548828125,114.23968505859375,37.19968795776367,,,,,,,,,,81673,673
1786070212,953421825,,,,,5,-1535.9134521484375,1059.0799560546875,-827.4619140625,0.027832387015223503,-0.0153518570587039,-0.041684672236442566,0.9986250996589661,1,81673,673
1786070212,961273291,1,-377.7480163574219,113.25828552246094,37.68987274169922,,,,,,,,,,81674,673
1786070212,961273291,,,,,5,-1535.9373779296875,1059.0892333984375,-827.4685668945312,0.027951570227742195,-0.015248337760567665,-0.04146344214677811,0.9986324906349182,1,81674,673
1786070212,968912822,1,-377.2431335449219,115.43848419189453,38.992855072021484,,,,,,,,,,81675,673
1786070212,968912822,,,,,5,-1535.8846435546875,1059.0313720703125,-827.4998168945312,0.027100756764411926,-0.016295917332172394,-0.041883159428834915,0.9986218810081482,1,81675,673
1786070212,978097661,1,-378.9031677246094,113.73426055908203,40.15652847290039,,,,,,,,,,81676,673
1786070212,978097661,,,,,5,-1535.8875732421875,1059.035400390625,-827.4698486328125,0.02775587886571884,-0.015297847799956799,-0.04139426350593567,0.9986400604248047,1,81676,673
1786070212,986558022,1,-378.85009765625,114.490478515625,42.09007263183594,,,,,,,,,,81677,673
1786070212,986558022,,,,,5,-1535.9114990234375,1059.0267333984375,-827.49609375,0.027904003858566284,-0.015427341684699059,-0.04091733694076538,0.9986536502838135,1,81677,673
1786070212,993780946,1,-378.9244384765625,115.65911865234375,42.6445426940918,,,,,,,,,,81678,673
1786070212,993780946,,,,,5,-1535.9344482421875,1059.0931396484375,-827.4630737304688,0.02762548439204693,-0.015454466454684734,-0.041477322578430176,0.998637855052948,1,81678,673
1786070213,3415834,1,-379.5131530761719,116.30374145507812,43.344112396240234,,,,,,,,,,81679,674
1786070213,3415834,,,,,5,-1535.944580078125,1059.08154296875,-827.4616088867188,0.02793109603226185,-0.015392772853374481,-0.04140879958868027,0.9986331462860107,1,81679,674
1786070213,10758417,1,-380.0789794921875,116.07940673828125,44.97866439819336,,,,,,,,,,81680,674
1786070213,10758417,,,,,5,-1535.9320068359375,1059.104248046875,-827.46826171875,0.027985548600554466,-0.01547563448548317,-0.04178505763411522,0.9986147284507751,1,81680,674
1786070213,20748773,1,-381.0259704589844,115.78153991699219,46.547508239746094,,,,,,,,,,81681,674
1786070213,20748773,,,,,5,-1535.9022216796875,1059.0272216796875,-827.4890747070312,0.028082499280571938,-0.015265795402228832,-0.0408308319747448,0.9986547231674194,1,81681,674
1786070213,27983324,1,-381.5497131347656,115.83013153076172,47.73588180541992,,,,,,,,,,81682,674
1786070213,27983324,,,,,5,-1535.8388671875,1058.9700927734375,-827.2683715820312,0.02637505903840065,-0.01736527867615223,-0.04079428315162659,0.9986683130264282,1,81682,674
1786070213,35629490,1,-382.1264343261719,116.92400360107422,48.44876480102539,,,,,,,,,,81683,674
1786070213,35629490,,,,,5,-1535.863525390625,1058.9700927734375,-827.4005737304688,0.027888858690857887,-0.016043802723288536,-0.04290664196014404,0.998560905456543,1,81683,674
1786070213,45139750,1,-382.7933349609375,116.78197479248047,49.5305290222168,,,,,,,,,,81684,674
1786070213,45139750,,,,,5,-1535.84375,1058.951416015625,-827.3939819335938,0.027790125459432602,-0.016015520319342613,-0.04252292588353157,0.9985805749893188,1,81684,674
1786070213,53550780,1,-384.0977478027344,115.17436218261719,52.015384674072266,,,,,,,,,,81685,674
1786070213,53550780,,,,,5,-1535.7498779296875,1058.984130859375,-827.423828125,0.027314435690641403,-0.016559701412916183,-0.042001087218523026,0.9986068606376648,1,81685,674
1786070213,61683249,1,-384.2384338378906,116.18632507324219,52.905723571777344,,,,,,,,,,81686,674
1786070213,61683249,,,,,5,-1535.8914794921875,1059.0433349609375,-827.3392944335938,0.026968834921717644,-0.01650054380297661,-0.04178056865930557,0.9986264705657959,1,81686,674
1786070213,70177351,1,-385.4837341308594,115.21141052246094,54.214229583740234,,,,,,,,,,81687,674
1786070213,70177351,,,,,5,-1535.82470703125,1058.9661865234375,-827.3840942382812,0.027580896392464638,-0.016044732183218002,-0.041991934180259705,0.9986082911491394,1,81687,674
1786070213,78138845,1,-385.9445495605469,115.18539428710938,55.64908218383789,,,,,,,,,,81688,674
1786070213,78138845,,,,,5,-1535.8157958984375,1059.0059814453125,-827.4060668945312,0.027717210352420807,-0.016031667590141296,-0.04198277369141579,0.9986050724983215,1,81688,674
1786070213,85587955,1,-386.1047058105469,115.71869659423828,57.25174331665039,,,,,,,,,,81689,674
1786070213,85587955,,,,,5,-1535.85107421875,1058.9906005859375,-827.3610229492188,0.02785651385784149,-0.016066232696175575,-0.04382147267460823,0.9985216856002808,1,81689,674
1786070213,95173511,1,-386.79052734375,115.69255828857422,58.25799560546875,,,,,,,,,,81690,674
1786070213,95173511,,,,,5,-1535.8978271484375,1059.0159912109375,-827.3191528320312,0.02758219838142395,-0.01620013266801834,-0.04223089665174484,0.9985957145690918,1,81690,674
1786070213,103574045,1,-387.456787109375,115.05581665039062,59.81139373779297,,,,,,,,,,81691,674
1786070213,103574045,,,,,5,-1535.8211669921875,1058.9564208984375,-827.4010009765625,0.027601568028330803,-0.016107959672808647,-0.04162090644240379,0.9986221790313721,1,81691,674
1786070213,111683283,1,-387.7894592285156,115.39924621582031,60.848140716552734,,,,,,,,,,81692,674
1786070213,111683283,,,,,5,-1535.843017578125,1059.0084228515625,-827.3909301757812,0.027407148852944374,-0.016393179073929787,-0.04180285334587097,0.9986153244972229,1,81692,674
1786070213,119547401,1,-388.5843505859375,115.15545654296875,62.27497100830078,,,,,,,,,,81693,674
1786070213,119547401,,,,,5,-1535.8065185546875,1058.9930419921875,-827.4002075195312,0.02770710363984108,-0.01611553505063057,-0.04208030924201012,0.9986000061035156,1,81693,674
1786070213,127397247,1,-389.40020751953125,114.55807495117188,63.122982025146484,,,,,,,,,,81694,674
1786070213,127397247,,,,,5,-1535.85009765625,1058.9998779296875,-827.3897705078125,0.027487924322485924,-0.01610192470252514,-0.041823290288448334,0.9986170530319214,1,81694,674
1786070213,136959891,1,-389.5957946777344,115.21833801269531,64.6174087524414,,,,,,,,,,81695,674
1786070213,136959891,,,,,5,-1535.8720703125,1059.0064697265625,-827.3782348632812,0.02755158394575119,-0.015978978946805,-0.042713381350040436,0.9985795617103577,1,81695,674
1786070213,144499850,1,-389.6302795410156,115.1346664428711,65.70519256591797,,,,,,,,,,81696,674
1786070213,144499850,,,,,5,-1535.8084716796875,1058.951904296875,-827.3734741210938,0.027425602078437805,-0.016337130218744278,-0.04184867441654205,0.9986138343811035,1,81696,674
1786070213,154057886,1,-389.8960266113281,115.57833099365234,66.94068908691406,,,,,,,,,,81697,674
1786070213,154057886,,,,,5,-1535.8251953125,1058.9642333984375,-827.3969116210938,0.027673961594700813,-0.016024746000766754,-0.04192539304494858,0.9986088871955872,1,81697,674
1786070213,161595284,1,-390.7944641113281,114.9163818359375,68.28358459472656,,,,,,,,,,81698,674
1786070213,161595284,,,,,5,-1535.8455810546875,1058.9866943359375,-827.3956909179688,0.027931706979870796,-0.01580258272588253,-0.04272684454917908,0.9985713362693787,1,81698,674
1786070213,170077482,1,-390.7947082519531,115.248779296875,69.31050872802734,,,,,,,,,,81699,674
1786070213,170077482,,,,,5,-1535.80859375,1058.97021484375,-827.3402709960938,0.027551913633942604,-0.016805510967969894,-0.04040447250008583,0.998661994934082,1,81699,674
1786070213,177282273,1,-391.127685546875,115.55607604980469,70.30663299560547,,,,,,,,,,81700,674
1786070213,177282273,,,,,5,-1535.8836669921875,1059.0108642578125,-827.3076171875,0.0273759663105011,-0.01611783169209957,-0.04136043041944504,0.9986391067504883,1,81700,674
1786070213,186747861,1,-391.50299072265625,115.57148742675781,71.60826110839844,,,,,,,,,,81701,674
1786070213,186747861,,,,,5,-1535.6981201171875,1059.0159912109375,-827.3385009765625,0.027254179120063782,-0.01729748398065567,-0.04023820161819458,0.9986686706542969,1,81701,674
1786070213,194155756,1,-392.0569763183594,115.57942199707031,73.31875610351562,,,,,,,,,,81702,674
1786070213,194155756,,,,,5,-1535.7398681640625,1059.07177734375,-827.2918090820312,0.02697567641735077,-0.017620857805013657,-0.04046662896871567,0.9986612796783447,1,81702,674
1786070213,203350016,1,-392.1342468261719,115.38699340820312,73.9676513671875,,,,,,,,,,81703,674
1786070213,203350016,,,,,5,-1535.74462890625,1059.0399169921875,-827.3556518554688,0.02750869281589985,-0.017203763127326965,-0.04092765226960182,0.9986351728439331,1,81703,674
1786070213,211515382,1,-392.3523864746094,115.18545532226562,75.46995544433594,,,,,,,,,,81704,674
1786070213,211515382,,,,,5,-1535.6673583984375,1058.9996337890625,-827.3363647460938,0.02758900076150894,-0.01709298975765705,-0.040311943739652634,0.9986600279808044,1,81704,674
1786070213,219100780,1,-392.5715637207031,115.7740478515625,76.43852996826172,,,,,,,,,,81705,674
1786070213,219100780,,,,,5,-1535.939697265625,1059.2506103515625,-827.2511596679688,0.029521921649575233,-0.015623996034264565,-0.047029152512550354,0.9983349442481995,1,81705,674
1786070213,228277953,1,-392.9412841796875,114.43710327148438,77.80091857910156,,,,,,,,,,81706,674
1786070213,228277953,,,,,5,-1535.7548828125,1059.029541015625,-827.2893676757812,0.027749227359890938,-0.01694239117205143,-0.04181770235300064,0.9985961318016052,1,81706,674
1786070213,237103446,1,-393.2570495605469,115.74107360839844,78.60423278808594,,,,,,,,,,81707,674
1786070213,237103446,,,,,5,-1535.7545166015625,1059.093994140625,-827.3170776367188,0.027498828247189522,-0.017182815819978714,-0.041261445730924606,0.9986221790313721,1,81707,674
1786070213,244155149,1,-393.3490905761719,115.36740112304688,80.02863311767578,,,,,,,,,,81708,674
1786070213,244155149,,,,,5,-1535.7991943359375,1059.0836181640625,-827.3502197265625,0.02766854129731655,-0.01657320000231266,-0.0411275215446949,0.9986332058906555,1,81708,674
1786070213,253595393,1,-393.6108703613281,114.59161376953125,80.9241943359375,,,,,,,,,,81709,674
1786070213,253595393,,,,,5,-1535.8353271484375,1059.0159912109375,-827.3139038085938,0.028025547042489052,-0.01618250086903572,-0.04306165501475334,0.9985480904579163,1,81709,674
1786070213,261696823,1,-393.6720886230469,115.06076049804688,81.9006576538086,,,,,,,,,,81710,674
1786070213,261696823,,,,,5,-1535.79345703125,1059.0296630859375,-827.3401489257812,0.02804260142147541,-0.016169531270861626,-0.04239716753363609,0.998576283454895,1,81710,674
1786070213,268964334,1,-394.0234069824219,115.44324493408203,82.96118927001953,,,,,,,,,,81711,674
1786070213,268964334,,,,,5,-1535.853759765625,1059.05078125,-827.3475952148438,0.028362683951854706,-0.015981610864400864,-0.04268154129385948,0.9985582828521729,1,81711,674
1786070213,278125475,1,-394.5568542480469,115.8570785522461,84.38900756835938,,,,,,,,,,81712,674
1786070213,278125475,,,,,5,-1535.8271484375,1059.0369873046875,-827.3194580078125,0.027855604887008667,-0.016237299889326096,-0.042986560612916946,0.9985552430152893,1,81712,674
1786070213,286586424,1,-395.1061096191406,115.38382720947266,85.2143325805664,,,,,,,,,,81713,674
1786070213,286586424,,,,,5,-1535.835693359375,1059.048583984375,-827.3648681640625,0.02825990505516529,-0.01634589023888111,-0.04260288551449776,0.998558521270752,1,81713,674
1786070213,293867535,1,-394.8066711425781,116.13451385498047,86.53189849853516,,,,,,,,,,81714,674
1786070213,293867535,,,,,5,-1536.0047607421875,1059.1767578125,-827.2490234375,0.027753610163927078,-0.017100416123867035,-0.046419743448495865,0.9983900189399719,1,81714,674
1786070213,303285443,1,-395.4731750488281,114.6227035522461,87.22711181640625,,,,,,,,,,81715,674
1786070213,303285443,,,,,5,-1536.030029296875,1059.17919921875,-827.2439575195312,0.027894970029592514,-0.016845636069774628,-0.047080084681510925,0.9983593821525574,1,81715,674
1786070213,311334489,1,-395.3438415527344,115.05691528320312,88.54165649414062,,,,,,,,,,81716,674
1786070213,311334489,,,,,5,-1536.0570068359375,1059.217529296875,-827.2584228515625,0.028174782171845436,-0.016806118190288544,-0.047535162419080734,0.9983306527137756,1,81716,674
1786070213,318849744,1,-395.8201904296875,115.74290466308594,89.51817321777344,,,,,,,,,,81717,674
1786070213,318849744,,,,,5,-1535.9888916015625,1059.1656494140625,-827.2527465820312,0.027498697862029076,-0.016919730231165886,-0.04593432694673538,0.9984226226806641,1,81717,674
1786070213,328270788,1,-395.0107727050781,116.75157165527344,90.59965515136719,,,,,,,,,,81718,674
1786070213,328270788,,,,,5,-1536.066162109375,1059.2269287109375,-827.2384643554688,0.027233146131038666,-0.017270367592573166,-0.04606777802109718,0.9984176754951477,1,81718,674
1786070213,335728602,1,-396.0640563964844,115.3458023071289,91.63874816894531,,,,,,,,,,81719,674
1786070213,335728602,,,,,5,-1536.0887451171875,1059.2327880859375,-827.2604370117188,0.027714775875210762,-0.01659524254500866,-0.04748804122209549,0.9983493089675903,1,81719,674
1786070213,345018383,1,-396.11962890625,116.04365539550781,92.91181945800781,,,,,,,,,,81720,674
1786070213,345018383,,,,,5,-1535.9256591796875,1059.140869140625,-827.2416381835938,0.027690868824720383,-0.017276108264923096,-0.04554721340537071,0.9984289407730103,1,81720,674
1786070213,353869124,1,-396.3702392578125,116.03694915771484,93.88563537597656,,,,,,,,,,81721,674
1786070213,353869124,,,,,5,-1536.009033203125,1059.1910400390625,-827.2755126953125,0.027186773717403412,-0.01700473390519619,-0.045772869139909744,0.9984369874000549,1,81721,674
1786070213,361629946,1,-396.6258544921875,115.92877197265625,94.9011459350586,,,,,,,,,,81722,674
1786070213,361629946,,,,,5,-1536.0140380859375,1059.1746826171875,-827.2369995117188,0.027101732790470123,-0.01729699783027172,-0.04552379995584488,0.9984457492828369,1,81722,674
1786070213,370297487,1,-396.8027038574219,116.58894348144531,95.97201538085938,,,,,,,,,,81723,674
1786070213,370297487,,,,,5,-1536.0570068359375,1059.204833984375,-827.2100830078125,0.027274025604128838,-0.01731603778898716,-0.04605495557188988,0.9984163045883179,1,81723,674
1786070213,376499335,1,-396.0955505371094,117.04969024658203,96.87003326416016,,,,,,,,,,81724,674
1786070213,376499335,,,,,5,-1535.9822998046875,1059.1624755859375,-827.216796875,0.027376318350434303,-0.01756216026842594,-0.04595907777547836,0.9984136819839478,1,81724,674
1786070213,387086298,1,-396.1138000488281,116.11515808105469,97.73849487304688,,,,,,,,,,81725,674
1786070213,387086298,,,,,5,-1535.9901123046875,1059.145263671875,-827.2666015625,0.027892813086509705,-0.016758084297180176,-0.04699572175741196,0.9983649253845215,1,81725,674
1786070213,393614706,1,-396.3357849121094,116.42546844482422,98.68560791015625,,,,,,,,,,81726,674
1786070213,393614706,,,,,5,-1535.97900390625,1059.1512451171875,-827.2607421875,0.027990292757749557,-0.016645342111587524,-0.0471302829682827,0.9983577728271484,1,81726,674
1786070213,403154982,1,-396.46795654296875,116.90006256103516,99.697998046875,,,,,,,,,,81727,674
1786070213,403154982,,,,,5,-1536.0269775390625,1059.216064453125,-827.2340087890625,0.0273452065885067,-0.017181959003210068,-0.04617663100361824,0.9984109997749329,1,81727,674
1786070213,410521405,1,-396.7068786621094,116.29121398925781,100.56298828125,,,,,,,,,,81728,674
1786070213,410521405,,,,,5,-1535.990478515625,1059.1605224609375,-827.2346801757812,0.0277754794806242,-0.01713479310274124,-0.04660198464989662,0.9983803033828735,1,81728,674
1786070213,419540754,1,-397.7038269042969,115.71231842041016,101.17176818847656,,,,,,,,,,81729,674
1786070213,419540754,,,,,5,-1535.9813232421875,1059.15771484375,-827.2411499023438,0.027632400393486023,-0.01713591068983078,-0.04570605605840683,0.9984256029129028,1,81729,674
1786070213,427345032,1,-397.62469482421875,116.25874328613281,102.45184326171875,,,,,,,,,,81730,674
1786070213,427345032,,,,,5,-1535.981689453125,1059.1595458984375,-827.2529296875,0.027969812974333763,-0.017047755420207977,-0.046220384538173676,0.9983940720558167,1,81730,674
1786070213,436935324,1,-398.24407958984375,115.99038696289062,103.88202667236328,,,,,,,,,,81731,674
1786070213,436935324,,,,,5,-1535.9971923828125,1059.200927734375,-827.2824096679688,0.027640363201498985,-0.017379533499479294,-0.046689774841070175,0.9983757138252258,1,81731,674
1786070213,444838738,1,-397.7546691894531,115.96703338623047,104.55879211425781,,,,,,,,,,81732,674
1786070213,444838738,,,,,5,-1536.0506591796875,1059.2237548828125,-827.2554931640625,0.027781633660197258,-0.01710481010377407,-0.046457547694444656,0.9983872771263123,1,81732,674
1786070213,452565768,1,-397.8919372558594,116.22698211669922,105.61319732666016,,,,,,,,,,81733,674
1786070213,452565768,,,,,5,-1536.0205078125,1059.2095947265625,-827.2141723632812,0.027407370507717133,-0.01715613342821598,-0.045962315052747726,0.9984197616577148,1,81733,674
1786070213,462117692,1,-398.7233581542969,115.49625396728516,106.82405853271484,,,,,,,,,,81734,674
1786070213,462117692,,,,,5,-1536.0299072265625,1059.196533203125,-827.2893676757812,0.027906468138098717,-0.01673709973692894,-0.04637446254491806,0.9983938932418823,1,81734,674
1786070213,469718355,1,-398.1387634277344,116.26509094238281,107.64977264404297,,,,,,,,,,81735,674
1786070213,469718355,,,,,5,-1536.0416259765625,1059.1761474609375,-827.2445678710938,0.027825800701975822,-0.016808755695819855,-0.04654105380177498,0.9983871579170227,1,81735,674
1786070213,477193737,1,-398.0544738769531,114.28705596923828,108.5583267211914,,,,,,,,,,81736,674
1786070213,477193737,,,,,5,-1536.0181884765625,1059.203369140625,-827.2365112304688,0.02749333344399929,-0.017242375761270523,-0.04624539986252785,0.9984028339385986,1,81736,674
1786070213,486827773,1,-398.44720458984375,116.02269744873047,109.47245788574219,,,,,,,,,,81737,674
1786070213,486827773,,,,,5,-1536.0233154296875,1059.18701171875,-827.2379150390625,0.02804352529346943,-0.016885630786418915,-0.047045521438121796,0.9983562231063843,1,81737,674
1786070213,497699632,1,-398.3181457519531,116.2879867553711,110.74810791015625,,,,,,,,,,81738,674
1786070213,497699632,,,,,5,-1536.044189453125,1059.212158203125,-827.2443237304688,0.027484264224767685,-0.016933606937527657,-0.04622424393892288,0.9984093308448792,1,81738,674
1786070213,502141130,1,-398.7377014160156,115.59162139892578,111.30894470214844,,,,,,,,,,81739,674
1786070213,502141130,,,,,5,-1536.0155029296875,1059.174560546875,-827.2601928710938,0.027734432369470596,-0.017068004235625267,-0.04599014297127724,0.9984109401702881,1,81739,674
1786070213,511614494,1,-398.4124450683594,115.95787048339844,112.5530014038086,,,,,,,,,,81740,674
1786070213,511614494,,,,,5,-1535.991455078125,1059.1513671875,-827.2579956054688,0.028029343113303185,-0.01687001809477806,-0.04659970477223396,0.998377799987793,1,81740,674
1786070213,519853140,1,-399.21575927734375,115.99011993408203,113.58563232421875,,,,,,,,,,81741,674
1786070213,519853140,,,,,5,-1535.982666015625,1059.1259765625,-827.2512817382812,0.027976131066679955,-0.01665555126965046,-0.04601408913731575,0.9984100461006165,1,81741,674
1786070213,527527531,1,-399.4876708984375,115.53972625732422,114.50306701660156,,,,,,,,,,81742,674
1786070213,527527531,,,,,5,-1536.0240478515625,1059.1715087890625,-827.2492065429688,0.027891336008906364,-0.016940008848905563,-0.04639440029859543,0.9983900189399719,1,81742,674
1786070213,536761503,1,-398.0995178222656,116.9571533203125,114.88882446289062,,,,,,,,,,81743,674
1786070213,536761503,,,,,5,-1535.9783935546875,1059.138916015625,-827.2437744140625,0.027719253674149513,-0.017288535833358765,-0.046133458614349365,0.9984009265899658,1,81743,674
1786070213,543981686,1,-398.82855224609375,116.46990203857422,115.55091857910156,,,,,,,,,,81744,674
1786070213,543981686,,,,,5,-1536.0364990234375,1059.146240234375,-827.2652587890625,0.027664728462696075,-0.01689613051712513,-0.04533403366804123,0.9984458684921265,1,81744,674
1786070213,553506666,1,-398.0503845214844,116.69998168945312,116.84613037109375,,,,,,,,,,81745,674
1786070213,553506666,,,,,5,-1535.9866943359375,1059.13916015625,-827.2605590820312,0.028218455612659454,-0.01669257879257202,-0.046400684863328934,0.9983847141265869,1,81745,674
1786070213,561634624,1,-398.5223083496094,115.93409729003906,118.1382827758789,,,,,,,,,,81746,674
1786070213,561634624,,,,,5,-1535.9322509765625,1059.1966552734375,-827.2765502929688,0.02805095724761486,-0.017633993178606033,-0.04579728841781616,0.9984011650085449,1,81746,674
1786070213,569012663,1,-397.91070556640625,116.6605453491211,118.98583984375,,,,,,,,,,81747,674
1786070213,569012663,,,,,5,-1536.0477294921875,1059.146484375,-827.2325439453125,0.027858378365635872,-0.016555506736040115,-0.04660259187221527,0.9983877539634705,1,81747,674
1786070213,578533771,1,-398.48162841796875,115.6536636352539,119.95777130126953,,,,,,,,,,81748,674
1786070213,578533771,,,,,5,-1535.97216796875,1059.152099609375,-827.28662109375,0.02750687301158905,-0.01699838414788246,-0.04493765905499458,0.9984663128852844,1,81748,674
1786070213,586760928,1,-400.6734313964844,114.05509948730469,122.26152038574219,,,,,,,,,,81749,674
1786070213,586760928,,,,,5,-1536.016845703125,1059.1937255859375,-827.2650756835938,0.027691105380654335,-0.017344538122415543,-0.04532049596309662,0.9984379410743713,1,81749,674
1786070213,595452470,1,-400.599365234375,114.00234985351562,123.31088256835938,,,,,,,,,,81750,674
1786070213,595452470,,,,,5,-1536.0185546875,1059.2342529296875,-827.2426147460938,0.027697879821062088,-0.017009925097227097,-0.04655363783240318,0.998386800289154,1,81750,674
1786070213,603422476,1,-400.41668701171875,113.57357025146484,124.04937744140625,,,,,,,,,,81751,674
1786070213,603422476,,,,,5,-1535.9595947265625,1059.23828125,-827.275390625,0.028456464409828186,-0.016789957880973816,-0.049476735293865204,0.9982286095619202,1,81751,674
1786070213,610874626,1,-399.089111328125,115.14900970458984,124.04802703857422,,,,,,,,,,81752,674
1786070213,610874626,,,,,5,-1536.1810302734375,1059.144287109375,-827.2174682617188,0.02662544511258602,-0.01641262322664261,-0.045107487589120865,0.9984923601150513,1,81752,674
1786070213,620104759,1,-399.1107482910156,115.0134048461914,125.1357192993164,,,,,,,,,,81753,674
1786070213,620104759,,,,,5,-1535.774169921875,1059.2569580078125,-827.2747192382812,0.027775108814239502,-0.018727103248238564,-0.04545484855771065,0.9984045624732971,1,81753,674
1786070213,628309324,1,-399.11029052734375,115.14347839355469,125.98217010498047,,,,,,,,,,81754,674
1786070213,628309324,,,,,5,-1535.9140625,1059.1810302734375,-827.2734375,0.027346760034561157,-0.01777547039091587,-0.04396940767765045,0.9985002279281616,1,81754,674
1786070213,637444673,1,-399.1588439941406,114.73379516601562,126.90310668945312,,,,,,,,,,81755,674
1786070213,637444673,,,,,5,-1535.9910888671875,1059.18896484375,-827.2830200195312,0.02747371233999729,-0.017452428117394447,-0.04565732181072235,0.9984267950057983,1,81755,674
1786070213,646196822,1,-398.6893615722656,115.52249908447266,127.13276672363281,,,,,,,,,,81756,674
1786070213,646196822,,,,,5,-1536.0478515625,1059.225341796875,-827.2548217773438,0.02698054164648056,-0.01757415197789669,-0.044953975826501846,0.9984700083732605,1,81756,674
1786070213,652980046,1,-398.29931640625,116.0660400390625,128.11239624023438,,,,,,,,,,81757,674
1786070213,652980046,,,,,5,-1536.009765625,1059.208251953125,-827.2650756835938,0.027476072311401367,-0.017185412347316742,-0.04574526101350784,0.9984273314476013,1,81757,674
1786070213,660711396,1,-398.5888366699219,114.92960357666016,129.47218322753906,,,,,,,,,,81758,674
1786070213,660711396,,,,,5,-1536.0028076171875,1059.2041015625,-827.25390625,0.02731117233633995,-0.017218293622136116,-0.04477793350815773,0.9984750747680664,1,81758,674
1786070213,670200504,1,-397.46783447265625,115.37548828125,130.97500610351562,,,,,,,,,,81759,674
1786070213,670200504,,,,,5,-1535.9833984375,1059.193603515625,-827.2816772460938,0.02766796201467514,-0.017108431085944176,-0.0464462973177433,0.9983909726142883,1,81759,674
1786070213,677992174,1,-398.72216796875,114.73673248291016,131.21055603027344,,,,,,,,,,81760,674
1786070213,677992174,,,,,5,-1535.6141357421875,1059.0831298828125,-827.3814697265625,0.02731713280081749,-0.015615706332027912,-0.03996535763144493,0.9987055659294128,1,81760,674
1786070213,685606725,1,-398.79522705078125,115.6819839477539,131.1295166015625,,,,,,,,,,81761,674
1786070213,685606725,,,,,5,-1535.7591552734375,1059.074951171875,-827.3748168945312,0.02714410610496998,-0.016821447759866714,-0.04003715142607689,0.998687744140625,1,81761,674
1786070213,694940057,1,-398.32293701171875,115.34991455078125,132.15084838867188,,,,,,,,,,81762,674
1786070213,694940057,,,,,5,-1535.824951171875,1059.0970458984375,-827.3880004882812,0.027083178982138634,-0.016779502853751183,-0.04006457328796387,0.9986891150474548,1,81762,674
1786070213,703357070,1,-397.6011047363281,116.14234161376953,133.3013916015625,,,,,,,,,,81763,674
1786070213,703357070,,,,,5,-1535.8070068359375,1059.0985107421875,-827.3547973632812,0.027083707973361015,-0.01714605838060379,-0.04105160012841225,0.9986426830291748,1,81763,674
1786070213,710591653,1,-397.5042419433594,116.07691192626953,134.09046936035156,,,,,,,,,,81764,674
1786070213,710591653,,,,,5,-1535.8243408203125,1059.0474853515625,-827.3783569335938,0.027700325474143028,-0.017531629651784897,-0.04121704027056694,0.9986122250556946,1,81764,674
1786070213,719896378,1,-398.1581726074219,115.37487030029297,134.2433319091797,,,,,,,,,,81765,674
1786070213,719896378,,,,,5,-1535.829345703125,1059.0609130859375,-827.3629150390625,0.026960406452417374,-0.016843773424625397,-0.03981959447264671,0.9987010955810547,1,81765,674
1786070213,727419600,1,-398.0467224121094,116.34956359863281,135.5421600341797,,,,,,,,,,81766,674
1786070213,727419600,,,,,5,-1535.7855224609375,1059.011474609375,-827.3873901367188,0.02785453386604786,-0.0167399775236845,-0.04077458381652832,0.9986397624015808,1,81766,674
1786070213,736745221,1,-398.2724304199219,115.18387603759766,136.01406860351562,,,,,,,,,,81767,674
1786070213,736745221,,,,,5,-1535.8431396484375,1059.0433349609375,-827.3593139648438,0.02772923745214939,-0.016736187040805817,-0.04051144793629646,0.9986540675163269,1,81767,674
1786070213,744935514,1,-399.693359375,115.05474853515625,137.51637268066406,,,,,,,,,,81768,674
1786070213,744935514,,,,,5,-1535.8271484375,1059.052490234375,-827.3878173828125,0.027422890067100525,-0.01699259504675865,-0.04030649736523628,0.9986663460731506,1,81768,674
1786070213,752370353,1,-399.4482116699219,114.31774139404297,138.25694274902344,,,,,,,,,,81769,674
1786070213,752370353,,,,,5,-1535.807373046875,1059.0137939453125,-827.3700561523438,0.027746660634875298,-0.016536306589841843,-0.04050116613507271,0.9986573457717896,1,81769,674
1786070213,761856229,1,-397.9812927246094,114.8780517578125,138.1201171875,,,,,,,,,,81770,674
1786070213,761856229,,,,,5,-1535.8311767578125,1059.0574951171875,-827.3869018554688,0.027472492307424545,-0.0170021690428257,-0.0403045192360878,0.9986649751663208,1,81770,674
1786070213,769028636,1,-398.2086181640625,114.50923919677734,138.48904418945312,,,,,,,,,,81771,674
1786070213,769028636,,,,,5,-1535.8133544921875,1059.0638427734375,-827.3923950195312,0.027561020106077194,-0.01679861918091774,-0.0402982197701931,0.9986662268638611,1,81771,674
1786070213,778716656,1,-397.7744140625,113.74217224121094,139.9068145751953,,,,,,,,,,81772,674
1786070213,778716656,,,,,5,-1535.8580322265625,1059.04541015625,-827.38427734375,0.027366185560822487,-0.016689784824848175,-0.04018038511276245,0.9986782073974609,1,81772,674
1786070213,787062886,1,-395.7599182128906,116.38569641113281,141.71536254882812,,,,,,,,,,81773,674
1786070213,787062886,,,,,5,-1535.859619140625,1059.044921875,-827.3869018554688,0.02794615551829338,-0.016566839069128036,-0.040925879031419754,0.9986339211463928,1,81773,674
1786070213,794653756,1,-398.02325439453125,113.84002685546875,140.943603515625,,,,,,,,,,81774,674
1786070213,794653756,,,,,5,-1535.8433837890625,1059.03125,-827.4102783203125,0.027871394529938698,-0.016520187258720398,-0.04119449108839035,0.998625636100769,1,81774,674
1786070213,802160531,1,-397.5475769042969,114.69241333007812,141.64596557617188,,,,,,,,,,81775,674
1786070213,802160531,,,,,5,-1535.8399658203125,1059.0657958984375,-827.380859375,0.027394037693738937,-0.016864418983459473,-0.04049310088157654,0.9986618161201477,1,81775,674
1786070213,811582631,1,-397.2583312988281,115.39115905761719,142.70010375976562,,,,,,,,,,81776,674
1786070213,811582631,,,,,5,-1535.7874755859375,1059.00390625,-827.4302978515625,0.028297098353505135,-0.016514191403985023,-0.041209038347005844,0.9986132383346558,1,81776,674
1786070213,819395325,1,-397.0308532714844,115.07350158691406,143.44456481933594,,,,,,,,,,81777,674
1786070213,819395325,,,,,5,-1535.836181640625,1059.030517578125,-827.3998413085938,0.027871686965227127,-0.01642170362174511,-0.041175831109285355,0.9986281394958496,1,81777,674
1786070213,828712818,1,-396.7819519042969,115.01714324951172,144.2864227294922,,,,,,,,,,81778,674
1786070213,828712818,,,,,5,-1535.782470703125,1058.9891357421875,-827.4061889648438,0.027962392196059227,-0.016666550189256668,-0.04055314511060715,0.9986469745635986,1,81778,674
1786070213,836216296,1,-395.41888427734375,115.68444061279297,145.5240478515625,,,,,,,,,,81779,674
1786070213,836216296,,,,,5,-1535.8251953125,1059.0321044921875,-827.3871459960938,0.02760881744325161,-0.016890399158000946,-0.04032089561223984,0.9986624121665955,1,81779,674
1786070213,844137662,1,-395.244384765625,115.8640365600586,146.43214416503906,,,,,,,,,,81780,674
1786070213,844137662,,,,,5,-1535.8388671875,1059.0897216796875,-827.3779296875,0.027243198826909065,-0.01675143837928772,-0.03991705924272537,0.9986910223960876,1,81780,674
1786070213,853443539,1,-395.8472900390625,114.58146667480469,146.48219299316406,,,,,,,,,,81781,674
1786070213,853443539,,,,,5,-1535.8485107421875,1059.02783203125,-827.3847045898438,0.027798237279057503,-0.01635667495429516,-0.04075528681278229,0.9986484050750732,1,81781,674
1786070213,861490633,1,-398.1535949707031,113.9269790649414,148.1982421875,,,,,,,,,,81782,674
1786070213,861490633,,,,,5,-1535.826416015625,1059.0194091796875,-827.4276733398438,0.027697596698999405,-0.01648794859647751,-0.040332287549972534,0.9986662268638611,1,81782,674
1786070213,868996511,1,-397.57440185546875,114.460205078125,149.31790161132812,,,,,,,,,,81783,674
1786070213,868996511,,,,,5,-1535.8336181640625,1059.0792236328125,-827.3552856445312,0.028275642544031143,-0.01634608954191208,-0.0411289744079113,0.9986199736595154,1,81783,674
1786070213,878227476,1,-397.3265380859375,114.58905792236328,149.8355712890625,,,,,,,,,,81784,674
1786070213,878227476,,,,,5,-1535.8485107421875,1059.040283203125,-827.3456420898438,0.027836967259645462,-0.01669042557477951,-0.0409572571516037,0.998633623123169,1,81784,674
1786070213,886647497,1,-397.20892333984375,114.81006622314453,150.64105224609375,,,,,,,,,,81785,674
1786070213,886647497,,,,,5,-1535.8306884765625,1059.006103515625,-827.3809814453125,0.02784557081758976,-0.01651238091289997,-0.04076676815748215,0.9986441135406494,1,81785,674
1786070213,893901248,1,-396.6440124511719,114.94593048095703,151.4589385986328,,,,,,,,,,81786,674
1786070213,893901248,,,,,5,-1535.75634765625,1059.0791015625,-827.3490600585938,0.028300510719418526,-0.017083492130041122,-0.04004952684044838,0.9986506104469299,1,81786,674
1786070213,903822548,1,-395.58160400390625,114.3717269897461,152.50875854492188,,,,,,,,,,81787,674
1786070213,903822548,,,,,5,-1535.792724609375,1059.0240478515625,-827.4182739257812,0.027987701818346977,-0.016574978828430176,-0.04142233729362488,0.9986122250556946,1,81787,674
1786070213,910977899,1,-396.4208068847656,114.59183502197266,152.75250244140625,,,,,,,,,,81788,674
1786070213,910977899,,,,,5,-1535.874755859375,1059.0367431640625,-827.3324584960938,0.02767241559922695,-0.016698120161890984,-0.04073472321033478,0.9986472725868225,1,81788,674
1786070213,920089759,1,-395.9918518066406,113.76972198486328,153.44876098632812,,,,,,,,,,81789,674
1786070213,920089759,,,,,5,-1535.8505859375,1059.033203125,-827.32275390625,0.027726920321583748,-0.01634654775261879,-0.04086896777153015,0.9986460208892822,1,81789,674
1786070213,928069269,1,-395.5788269042969,114.76519012451172,154.2469482421875,,,,,,,,,,81790,674
1786070213,928069269,,,,,5,-1535.8162841796875,1058.9642333984375,-827.3870239257812,0.028017975389957428,-0.01634044200181961,-0.0415697880089283,0.9986090660095215,1,81790,674
1786070213,937076906,1,-395.6950378417969,114.94659423828125,154.9513397216797,,,,,,,,,,81791,674
1786070213,937076906,,,,,5,-1535.908203125,1059.0318603515625,-827.3432006835938,0.02809341810643673,-0.015864811837673187,-0.04193049669265747,0.9985995292663574,1,81791,674
1786070213,945606847,1,-394.8511657714844,115.82203674316406,155.8810272216797,,,,,,,,,,81792,674
1786070213,945606847,,,,,5,-1535.8173828125,1058.9774169921875,-827.38427734375,0.027743024751544,-0.016626635566353798,-0.04141155630350113,0.9986186027526855,1,81792,674
1786070213,954057749,1,-394.8910217285156,115.03350830078125,156.4576416015625,,,,,,,,,,81793,674
1786070213,954057749,,,,,5,-1535.854248046875,1058.9605712890625,-827.376953125,0.02807583101093769,-0.016140811145305634,-0.04184207692742348,0.9985991716384888,1,81793,674
1786070213,960716940,1,-394.73736572265625,114.55015563964844,157.0425262451172,,,,,,,,,,81794,674
1786070213,960716940,,,,,5,-1535.8255615234375,1058.984619140625,-827.3997192382812,0.027431916445493698,-0.016989219933748245,-0.040563344955444336,0.9986558556556702,1,81794,674
1786070213,970264801,1,-393.9546813964844,113.661865234375,157.68199157714844,,,,,,,,,,81795,674
1786070213,970264801,,,,,5,-1535.838134765625,1058.9996337890625,-827.3761596679688,0.02772631123661995,-0.016563469544053078,-0.04024285078048706,0.9986678957939148,1,81795,674
1786070213,978129751,1,-393.5386047363281,114.998291015625,158.73431396484375,,,,,,,,,,81796,674
1786070213,978129751,,,,,5,-1535.8592529296875,1058.9771728515625,-827.3458251953125,0.02771352417767048,-0.016445454210042953,-0.040786705911159515,0.9986480474472046,1,81796,674
1786070213,985713133,1,-393.68707275390625,115.0803451538086,159.4890899658203,,,,,,,,,,81797,674
1786070213,985713133,,,,,5,-1535.865478515625,1059.0086669921875,-827.3095092773438,0.02764054946601391,-0.016462935134768486,-0.041148845106363297,0.9986348748207092,1,81797,674
1786070213,994982946,1,-393.4971923828125,112.43936157226562,159.74835205078125,,,,,,,,,,81798,674
1786070213,994982946,,,,,5,-1535.6859130859375,1059.187255859375,-827.4642944335938,0.02956206351518631,-0.017272617667913437,-0.044425707310438156,0.9984257817268372,1,81798,674
1786070214,3643319,1,-392.67864990234375,115.1714859008789,161.10997009277344,,,,,,,,,,81799,675
1786070214,3643319,,,,,5,-1535.723876953125,1059.1715087890625,-827.3478393554688,0.02928921766579151,-0.017003202810883522,-0.04401065781712532,0.9984568357467651,1,81799,675
1786070214,10520085,1,-392.34112548828125,115.14335632324219,161.89706420898438,,,,,,,,,,81800,675
1786070214,10520085,,,,,5,-1535.7352294921875,1059.0977783203125,-827.3966674804688,0.02938826195895672,-0.01664278842508793,-0.04431101679801941,0.9984468221664429,1,81800,675
1786070214,20069655,1,-392.49517822265625,114.82069396972656,162.34304809570312,,,,,,,,,,81801,675
1786070214,20069655,,,,,5,-1535.766357421875,1059.0765380859375,-827.4042358398438,0.028926171362400055,-0.01651875115931034,-0.042971424758434296,0.9985208511352539,1,81801,675
1786070214,27766265,1,-391.4833679199219,115.0802993774414,163.3429718017578,,,,,,,,,,81802,675
1786070214,27766265,,,,,5,-1535.78759765625,1059.041015625,-827.3377075195312,0.02793138474225998,-0.0169213879853487,-0.04097520932555199,0.9986263513565063,1,81802,675
1786070214,35607290,1,-391.40142822265625,115.2716064453125,164.0048065185547,,,,,,,,,,81803,675
1786070214,35607290,,,,,5,-1535.771728515625,1058.992919921875,-827.3648681640625,0.028283683583140373,-0.016518188640475273,-0.041659243404865265,0.9985948204994202,1,81803,675
1786070214,44874589,1,-391.2210693359375,115.21463775634766,164.7220001220703,,,,,,,,,,81804,675
1786070214,44874589,,,,,5,-1535.8765869140625,1059.0296630859375,-827.3614501953125,0.028548477217555046,-0.01599087566137314,-0.042272359132766724,0.9985701441764832,1,81804,675
1786070214,52455102,1,-391.0483703613281,115.08367156982422,165.200439453125,,,,,,,,,,81805,675
1786070214,52455102,,,,,5,-1535.8665771484375,1058.962890625,-827.3741455078125,0.02811761572957039,-0.016066068783402443,-0.04127201437950134,0.9986229538917542,1,81805,675
1786070214,61760416,1,-390.91015625,115.239501953125,165.94345092773438,,,,,,,,,,81806,675
1786070214,61760416,,,,,5,-1535.7666015625,1059.0687255859375,-827.3351440429688,0.027388598769903183,-0.01537606306374073,-0.040660060942173004,0.9986792802810669,1,81806,675
1786070214,70586050,1,-390.1195068359375,115.36323547363281,167.01141357421875,,,,,,,,,,81807,675
1786070214,70586050,,,,,5,-1535.8431396484375,1059.0550537109375,-827.3218994140625,0.02745148167014122,-0.016335491091012955,-0.040983930230140686,0.9986490607261658,1,81807,675
1786070214,77388740,1,-390.4522399902344,114.83546447753906,167.66635131835938,,,,,,,,,,81808,675
1786070214,77388740,,,,,5,-1535.881591796875,1059.0281982421875,-827.3389892578125,0.02766965888440609,-0.016454285010695457,-0.04036848619580269,0.9986661076545715,1,81808,675
1786070214,86763590,1,-390.11309814453125,114.91527557373047,168.4412078857422,,,,,,,,,,81809,675
1786070214,86763590,,,,,5,-1535.90625,1059.0592041015625,-827.3348999023438,0.027798881754279137,-0.016477404162287712,-0.04217496141791344,0.9985873699188232,1,81809,675
1786070214,94520360,1,-389.3826599121094,115.34366607666016,168.9667205810547,,,,,,,,,,81810,675
1786070214,94520360,,,,,5,-1535.8521728515625,1059.00634765625,-827.3430786132812,0.02804495021700859,-0.016109153628349304,-0.041718944907188416,0.9986057877540588,1,81810,675
1786070214,102675529,1,-388.39056396484375,113.16311645507812,169.88143920898438,,,,,,,,,,81811,675
1786070214,102675529,,,,,5,-1535.8319091796875,1059.006103515625,-827.2931518554688,0.027413971722126007,-0.016767656430602074,-0.040241092443466187,0.9986730813980103,1,81811,675
1786070214,111698571,1,-389.03955078125,115.1263656616211,170.10459899902344,,,,,,,,,,81812,675
1786070214,111698571,,,,,5,-1535.7935791015625,1059.205078125,-827.3828125,0.027397150173783302,-0.015969231724739075,-0.043309714645147324,0.9985582828521729,1,81812,675
1786070214,120111085,1,-388.6402587890625,115.24427032470703,171.00357055664062,,,,,,,,,,81813,675
1786070214,120111085,,,,,5,-1535.788330078125,1059.1204833984375,-827.3588256835938,0.02700182981789112,-0.01642756350338459,-0.04165072366595268,0.9986322522163391,1,81813,675
1786070214,129644239,1,-388.09539794921875,115.53150939941406,171.7679901123047,,,,,,,,,,81814,675
1786070214,129644239,,,,,5,-1535.74462890625,1059.0277099609375,-827.4021606445312,0.02774505689740181,-0.016436979174613953,-0.04220180585980415,0.9985885620117188,1,81814,675
1786070214,136710545,1,-387.8980712890625,115.35028839111328,172.38131713867188,,,,,,,,,,81815,675
1786070214,136710545,,,,,5,-1535.844482421875,1059.1162109375,-827.3458251953125,0.027300123125314713,-0.0164183396846056,-0.04172326624393463,0.9986212253570557,1,81815,675
1786070214,144542739,1,-387.596923828125,115.47723388671875,173.1244659423828,,,,,,,,,,81816,675
1786070214,144542739,,,,,5,-1535.8236083984375,1059.0533447265625,-827.3756103515625,0.027802158147096634,-0.01604541577398777,-0.04145610332489014,0.9986245632171631,1,81816,675
1786070214,152188916,1,-387.4400634765625,115.13666534423828,173.68572998046875,,,,,,,,,,81817,675
1786070214,152188916,,,,,5,-1535.8104248046875,1059.0367431640625,-827.3141479492188,0.02741294354200363,-0.016469772905111313,-0.041708189994096756,0.9986178278923035,1,81817,675
1786070214,161660790,1,-387.0534973144531,115.38719177246094,174.47723388671875,,,,,,,,,,81818,675
1786070214,161660790,,,,,5,-1535.838134765625,1059.0521240234375,-827.33837890625,0.027421796694397926,-0.01632455363869667,-0.0416237935423851,0.9986234903335571,1,81818,675
1786070214,169985720,1,-386.6227111816406,115.13684844970703,175.03335571289062,,,,,,,,,,81819,675
1786070214,169985720,,,,,5,-1535.817626953125,1059.033935546875,-827.3497314453125,0.027536053210496902,-0.016512997448444366,-0.04141868278384209,0.9986258745193481,1,81819,675
1786070214,178387450,1,-386.5472106933594,114.83444213867188,175.4937286376953,,,,,,,,,,81820,675
1786070214,178387450,,,,,5,-1535.8634033203125,1059.0909423828125,-827.3360595703125,0.02736184000968933,-0.016409961506724358,-0.04136136546730995,0.9986346960067749,1,81820,675
1786070214,187010044,1,-385.9176940917969,115.08116149902344,176.3404998779297,,,,,,,,,,81821,675
1786070214,187010044,,,,,5,-1535.800048828125,1059.0361328125,-827.3705444335938,0.027492260560393333,-0.016253313049674034,-0.04158919304609299,0.9986241459846497,1,81821,675
1786070214,194078334,1,-385.51556396484375,115.02558135986328,176.896240234375,,,,,,,,,,81822,675
1786070214,194078334,,,,,5,-1535.84521484375,1059.071044921875,-827.3378295898438,0.02721145562827587,-0.016615869477391243,-0.04084654524922371,0.9986566305160522,1,81822,675
1786070214,203543104,1,-385.0666809082031,113.59917449951172,177.25457763671875,,,,,,,,,,81823,675
1786070214,203543104,,,,,5,-1535.815673828125,1059.0654296875,-827.3801879882812,0.02767486684024334,-0.016186056658625603,-0.04154827073216438,0.998621940612793,1,81823,675
1786070214,211333954,1,-385.44525146484375,113.9376220703125,178.78126525878906,,,,,,,,,,81824,675
1786070214,211333954,,,,,5,-1535.8221435546875,1059.040771484375,-827.3585815429688,0.027629995718598366,-0.016243785619735718,-0.04225544631481171,0.9985925555229187,1,81824,675
1786070214,218990307,1,-384.2790222167969,115.06983947753906,178.91314697265625,,,,,,,,,,81825,675
1786070214,218990307,,,,,5,-1535.81103515625,1059.0150146484375,-827.35595703125,0.027910633012652397,-0.016221579164266586,-0.04187379404902458,0.9986012578010559,1,81825,675
1786070214,228453093,1,-383.9830017089844,115.01725006103516,179.45196533203125,,,,,,,,,,81826,675
1786070214,228453093,,,,,5,-1535.8280029296875,1059.026611328125,-827.32421875,0.027467219159007072,-0.01651621237397194,-0.04144664481282234,0.9986265301704407,1,81826,675
1786070214,237062599,1,-383.7349548339844,114.88627624511719,179.99002075195312,,,,,,,,,,81827,675
1786070214,237062599,,,,,5,-1535.8211669921875,1059.0526123046875,-827.3478393554688,0.02757195569574833,-0.016411706805229187,-0.04143235459923744,0.9986259341239929,1,81827,675
1786070214,243852169,1,-383.2679748535156,114.88368225097656,180.5419921875,,,,,,,,,,81828,675
1786070214,243852169,,,,,5,-1535.8963623046875,1059.0826416015625,-827.3111572265625,0.027086379006505013,-0.01683020032942295,-0.04122292622923851,0.9986410737037659,1,81828,675
1786070214,253402411,1,-383.3736877441406,113.42950439453125,181.73403930664062,,,,,,,,,,81829,675
1786070214,253402411,,,,,5,-1535.809814453125,1059.041015625,-827.3456420898438,0.027580000460147858,-0.01652796007692814,-0.04142420366406441,0.9986242651939392,1,81829,675
1786070214,260751788,1,-382.46875,114.75586700439453,181.5743865966797,,,,,,,,,,81830,675
1786070214,260751788,,,,,5,-1535.8248291015625,1059.021484375,-827.3443603515625,0.027914978563785553,-0.016326533630490303,-0.042274538427591324,0.9985824823379517,1,81830,675
1786070214,270007215,1,-382.05694580078125,114.69677734375,182.1041717529297,,,,,,,,,,81831,675
1786070214,270007215,,,,,5,-1535.8050537109375,1059.0120849609375,-827.3365478515625,0.027944061905145645,-0.016248254105448723,-0.042341843247413635,0.9985802173614502,1,81831,675
1786070214,278933105,1,-381.68316650390625,114.64459991455078,182.65635681152344,,,,,,,,,,81832,675
1786070214,278933105,,,,,5,-1535.815673828125,1059.0316162109375,-827.3297729492188,0.02738812565803528,-0.016363345086574554,-0.04120217636227608,0.998641312122345,1,81832,675
1786070214,286614738,1,-381.1567077636719,114.71149444580078,183.2607421875,,,,,,,,,,81833,675
1786070214,286614738,,,,,5,-1535.822021484375,1059.0272216796875,-827.3701171875,0.027873463928699493,-0.016431430354714394,-0.04153909906744957,0.9986128211021423,1,81833,675
1786070214,296360660,1,-380.4800720214844,114.29358673095703,183.95761108398438,,,,,,,,,,81834,675
1786070214,296360660,,,,,5,-1535.8123779296875,1059.036376953125,-827.3615112304688,0.02728079818189144,-0.016363127157092094,-0.04110044613480568,0.9986484050750732,1,81834,675
1786070214,303724310,1,-380.21746826171875,114.7075424194336,184.39674377441406,,,,,,,,,,81835,675
1786070214,303724310,,,,,5,-1535.814453125,1059.0428466796875,-827.3126831054688,0.027403371408581734,-0.016592055559158325,-0.041420355439186096,0.9986281394958496,1,81835,675
1786070214,310779992,1,-379.71875,113.68092346191406,184.83355712890625,,,,,,,,,,81836,675
1786070214,310779992,,,,,5,-1535.8287353515625,1059.0738525390625,-827.3033447265625,0.027119766920804977,-0.016803650185465813,-0.04089007154107094,0.9986541867256165,1,81836,675
1786070214,321207514,1,-379.255859375,114.67424011230469,185.42367553710938,,,,,,,,,,81837,675
1786070214,321207514,,,,,5,-1535.7813720703125,1059.030029296875,-827.3741455078125,0.027979224920272827,-0.016266465187072754,-0.04163598269224167,0.9986085295677185,1,81837,675
1786070214,327807227,1,-378.84100341796875,114.56134796142578,186.01145935058594,,,,,,,,,,81838,675
1786070214,327807227,,,,,5,-1535.816162109375,1059.0321044921875,-827.3430786132812,0.028224792331457138,-0.016301654279232025,-0.04249686002731323,0.9985648393630981,1,81838,675
1786070214,336114077,1,-378.2900695800781,114.40172576904297,186.50741577148438,,,,,,,,,,81839,675
1786070214,336114077,,,,,5,-1535.8487548828125,1059.0400390625,-827.3119506835938,0.02765716053545475,-0.016546888276934624,-0.041385337710380554,0.9986233115196228,1,81839,675
1786070214,345139647,1,-377.8661804199219,113.53291320800781,186.8207550048828,,,,,,,,,,81840,675
1786070214,345139647,,,,,5,-1535.7913818359375,1059.0025634765625,-827.3214721679688,0.02748129330575466,-0.016377586871385574,-0.04112333059310913,0.9986417889595032,1,81840,675
1786070214,354101377,1,-377.15777587890625,114.59960174560547,187.4575958251953,,,,,,,,,,81841,675
1786070214,354101377,,,,,5,-1535.8677978515625,1059.0950927734375,-827.3555908203125,0.027286622673273087,-0.016307242214679718,-0.0412360243499279,0.998643696308136,1,81841,675
