timestamp_sec,timestamp_nanosec,marker_id,x,y,z,rigid_id,rx,ry,rz,qx,qy,qz,qw,is_track,source_frame_id,source_timestamp
1786083333,234187764,1,-88.71190643310547,109.93250274658203,554.1094970703125,,,,,,,,,,1656106,13792
1786083333,234187764,,,,,5,-1496.6654052734375,1031.4366455078125,-791.1486206054688,0.002779011381790042,-0.08113846927881241,-0.0799684002995491,0.9934857487678528,1,1656106,13792
1786083333,242204108,1,-88.8037338256836,110.7994384765625,554.1947021484375,,,,,,,,,,1656107,13792
1786083333,242204108,,,,,5,-1496.6519775390625,1031.4927978515625,-791.1983642578125,0.0026590393390506506,-0.08133025467395782,-0.07869575917720795,0.9935719966888428,1,1656107,13792
1786083333,251238362,1,-88.74809265136719,110.97686767578125,554.3153076171875,,,,,,,,,,1656108,13792
1786083333,251238362,,,,,5,-1496.608154296875,1031.454345703125,-791.1976928710938,0.003268542466685176,-0.08093930035829544,-0.07941261678934097,0.9935449957847595,1,1656108,13792
1786083333,259446464,1,-88.68641662597656,110.63121032714844,554.2660522460938,,,,,,,,,,1656109,13792
1786083333,259446464,,,,,5,-1496.640380859375,1031.4869384765625,-791.20068359375,0.003152332967147231,-0.08075232803821564,-0.0798960030078888,0.9935219287872314,1,1656109,13792
1786083333,267133037,1,-88.73223114013672,110.85133361816406,554.2548217773438,,,,,,,,,,1656110,13792
1786083333,267133037,,,,,5,-1496.6361083984375,1031.4857177734375,-791.1867065429688,0.002857096493244171,-0.08137906342744827,-0.080475352704525,0.9934248924255371,1,1656110,13792
1786083333,276106603,1,-88.66104888916016,110.94331359863281,554.4020385742188,,,,,,,,,,1656111,13792
1786083333,276106603,,,,,5,-1496.685791015625,1031.5281982421875,-791.256591796875,0.003068583784624934,-0.08113297820091248,-0.08127886801958084,0.9933789372444153,1,1656111,13792
1786083333,284069169,1,-88.7108154296875,110.93461608886719,554.3616333007812,,,,,,,,,,1656112,13792
1786083333,284069169,,,,,5,-1496.6298828125,1031.4549560546875,-791.1956176757812,0.0031276927329599857,-0.08118339627981186,-0.08037728816270828,0.99344801902771,1,1656112,13792
1786083333,292303280,1,-88.7922134399414,111.02831268310547,554.3186645507812,,,,,,,,,,1656113,13792
1786083333,292303280,,,,,5,-1496.677978515625,1031.4595947265625,-791.1406860351562,0.002324489178135991,-0.08127893507480621,-0.07908261567354202,0.9935463070869446,1,1656113,13792
1786083333,300208100,1,-88.73851776123047,110.0272216796875,554.187255859375,,,,,,,,,,1656114,13792
1786083333,300208100,,,,,5,-1496.6180419921875,1031.445556640625,-791.2243041992188,0.003325339639559388,-0.08101291954517365,-0.07993443310260773,0.9934970140457153,1,1656114,13792
1786083333,309079581,1,-88.65980529785156,110.94971466064453,554.419921875,,,,,,,,,,1656115,13792
1786083333,309079581,,,,,5,-1496.6431884765625,1031.453857421875,-791.2459106445312,0.00333249825052917,-0.08067427575588226,-0.07963866740465164,0.9935483336448669,1,1656115,13792
1786083333,317071995,1,-88.730224609375,111.03193664550781,554.3213500976562,,,,,,,,,,1656116,13792
1786083333,317071995,,,,,5,-1496.6495361328125,1031.4453125,-791.239990234375,0.003437694860622287,-0.0811106264591217,-0.08022148907184601,0.9934654831886292,1,1656116,13792
1786083333,326082832,1,-88.70015716552734,110.56317901611328,554.2756958007812,,,,,,,,,,1656117,13792
1786083333,326082832,,,,,5,-1496.608642578125,1031.4288330078125,-791.2166748046875,0.003119339933618903,-0.08102190494537354,-0.07964443415403366,0.9935202598571777,1,1656117,13792
1786083333,333932978,1,-88.70109558105469,110.46268463134766,554.198974609375,,,,,,,,,,1656118,13792
1786083333,333932978,,,,,5,-1496.6329345703125,1031.4488525390625,-791.2090454101562,0.00274448050186038,-0.08124978840351105,-0.07908045500516891,0.993547797203064,1,1656118,13792
1786083333,342059789,1,-88.76261901855469,110.110595703125,554.1732177734375,,,,,,,,,,1656119,13792
1786083333,342059789,,,,,5,-1496.6324462890625,1031.4425048828125,-791.2059936523438,0.0030123398173600435,-0.0811019092798233,-0.0792880430817604,0.9935424327850342,1,1656119,13792
1786083333,350975035,1,-88.7739486694336,110.70191955566406,554.2952880859375,,,,,,,,,,1656120,13792
1786083333,350975035,,,,,5,-1496.6236572265625,1031.43896484375,-791.2303466796875,0.003064720891416073,-0.08097498118877411,-0.07902508229017258,0.9935736656188965,1,1656120,13792
1786083333,358921413,1,-88.75804901123047,110.13902282714844,554.1552124023438,,,,,,,,,,1656121,13792
1786083333,358921413,,,,,5,-1496.6595458984375,1031.448486328125,-791.1669311523438,0.002651844173669815,-0.08147944509983063,-0.08081821352243423,0.993389368057251,1,1656121,13792
1786083333,366870190,1,-88.77388763427734,110.9538345336914,554.2734985351562,,,,,,,,,,1656122,13792
1786083333,366870190,,,,,5,-1496.6533203125,1031.4434814453125,-791.1691284179688,0.0028353945817798376,-0.08123251795768738,-0.0797697901725769,0.9934937953948975,1,1656122,13792
1786083333,375984743,1,-88.66033935546875,110.82255554199219,554.3577270507812,,,,,,,,,,1656123,13792
1786083333,375984743,,,,,5,-1496.666259765625,1031.455322265625,-791.238525390625,0.003274264745414257,-0.08089026063680649,-0.08090195804834366,0.9934288263320923,1,1656123,13792
1786083333,383986787,1,-88.72132110595703,110.76433563232422,554.318603515625,,,,,,,,,,1656124,13792
1786083333,383986787,,,,,5,-1496.68505859375,1031.5093994140625,-791.2286376953125,0.0027804283890873194,-0.08096770942211151,-0.07961957901716232,0.9935277104377747,1,1656124,13792
1786083333,392122267,1,-88.73219299316406,110.6856689453125,554.3228759765625,,,,,,,,,,1656125,13792
1786083333,392122267,,,,,5,-1496.6181640625,1031.4622802734375,-791.218505859375,0.0030679546762257814,-0.08110868185758591,-0.07958406955003738,0.9935182332992554,1,1656125,13792
1786083333,401012335,1,-88.79193115234375,111.04780578613281,554.3828735351562,,,,,,,,,,1656126,13792
1786083333,401012335,,,,,5,-1496.6517333984375,1031.4644775390625,-791.1795043945312,0.002688393695279956,-0.08127326518297195,-0.0790829062461853,0.9935457706451416,1,1656126,13792
1786083333,408311521,1,-88.76602935791016,110.67375946044922,554.2630615234375,,,,,,,,,,1656127,13792
1786083333,408311521,,,,,5,-1496.5567626953125,1031.4791259765625,-791.2037963867188,0.0029734098352491856,-0.08090130984783173,-0.08052889257669449,0.9934592843055725,1,1656127,13792
1786083333,417706450,1,-88.73490142822266,110.85538482666016,554.3320922851562,,,,,,,,,,1656128,13793
1786083333,417706450,,,,,5,-1496.663818359375,1031.47607421875,-791.2208862304688,0.002764111151918769,-0.08081137388944626,-0.0787944421172142,0.9936061501502991,1,1656128,13793
1786083333,425693489,1,-88.74595642089844,110.56587982177734,554.2740478515625,,,,,,,,,,1656129,13793
1786083333,425693489,,,,,5,-1496.6424560546875,1031.4619140625,-791.2274169921875,0.0025473255664110184,-0.08126874268054962,-0.07869409769773483,0.9935774207115173,1,1656129,13793
1786083333,433728708,1,-88.69715881347656,110.54582214355469,554.2562866210938,,,,,,,,,,1656130,13793
1786083333,433728708,,,,,5,-1496.5509033203125,1031.5316162109375,-791.2020874023438,0.0017886097775772214,-0.08043594658374786,-0.07724238187074661,0.9937607049942017,1,1656130,13793
1786083333,442759539,1,-88.76620483398438,110.60856628417969,554.2235717773438,,,,,,,,,,1656131,13793
1786083333,442759539,,,,,5,-1496.662109375,1031.377197265625,-791.1779174804688,0.0033925820607692003,-0.0810757726430893,-0.0805707797408104,0.9934402108192444,1,1656131,13793
1786083333,450677796,1,-88.78523254394531,110.6439208984375,554.2894287109375,,,,,,,,,,1656132,13793
1786083333,450677796,,,,,5,-1496.6927490234375,1031.44287109375,-791.2465209960938,0.0038490821607410908,-0.08118011802434921,-0.0803540050983429,0.9934475421905518,1,1656132,13793
1786083333,458622191,1,-88.73263549804688,110.77047729492188,554.2110595703125,,,,,,,,,,1656133,13793
1786083333,458622191,,,,,5,-1496.6539306640625,1031.42529296875,-791.21630859375,0.0035606883466243744,-0.08138525485992432,-0.08014868199825287,0.9934484958648682,1,1656133,13793
1786083333,467587183,1,-88.67301177978516,110.7325668334961,554.3253173828125,,,,,,,,,,1656134,13793
1786083333,467587183,,,,,5,-1496.661376953125,1031.414794921875,-791.2227783203125,0.0034109384287148714,-0.08129424601793289,-0.07983136177062988,0.9934820532798767,1,1656134,13793
1786083333,475617699,1,-88.73705291748047,110.7663803100586,554.23828125,,,,,,,,,,1656135,13793
1786083333,475617699,,,,,5,-1496.6834716796875,1031.4124755859375,-791.2574462890625,0.0034090038388967514,-0.08121351897716522,-0.08052395284175873,0.9934327006340027,1,1656135,13793
1786083333,483596228,1,-88.75343322753906,110.80595397949219,554.300537109375,,,,,,,,,,1656136,13793
1786083333,483596228,,,,,5,-1496.7425537109375,1031.4979248046875,-791.2460327148438,0.0032981347758322954,-0.08113887161016464,-0.08061906695365906,0.9934313893318176,1,1656136,13793
1786083333,492824032,1,-88.6588134765625,110.94249725341797,554.3953247070312,,,,,,,,,,1656137,13793
1786083333,492824032,,,,,5,-1496.6986083984375,1031.46923828125,-791.1908569335938,0.003279235912486911,-0.08124514669179916,-0.08024002611637115,0.9934536218643188,1,1656137,13793
1786083333,500460475,1,-88.7040023803711,111.05723571777344,554.2943115234375,,,,,,,,,,1656138,13793
1786083333,500460475,,,,,5,-1496.6986083984375,1031.4783935546875,-791.19970703125,0.0031043849885463715,-0.08141307532787323,-0.08025375753641129,0.9934391975402832,1,1656138,13793
1786083333,509453012,1,-88.74134826660156,111.06705474853516,554.4012451171875,,,,,,,,,,1656139,13793
1786083333,509453012,,,,,5,-1496.6552734375,1031.4564208984375,-791.2003784179688,0.0032680961303412914,-0.08150050789117813,-0.08056947588920593,0.9934059977531433,1,1656139,13793
1786083333,517454224,1,-88.75304412841797,110.62493133544922,554.2249755859375,,,,,,,,,,1656140,13793
1786083333,517454224,,,,,5,-1496.670654296875,1031.462158203125,-791.1966552734375,0.0032807313837110996,-0.08158222585916519,-0.08029830455780029,0.9934211373329163,1,1656140,13793
1786083333,525419669,1,-88.69680786132812,110.99268341064453,554.3580322265625,,,,,,,,,,1656141,13793
1786083333,525419669,,,,,5,-1496.66015625,1031.3916015625,-791.1852416992188,0.0033067541662603617,-0.08129053562879562,-0.08063890039920807,0.993417501449585,1,1656141,13793
1786083333,534426154,1,-88.70880889892578,110.79817199707031,554.2872314453125,,,,,,,,,,1656142,13793
1786083333,534426154,,,,,5,-1496.675537109375,1031.4505615234375,-791.2001342773438,0.0029501330573111773,-0.08126930147409439,-0.07947982847690582,0.9935136437416077,1,1656142,13793
1786083333,542390192,1,-88.80049133300781,110.70523071289062,554.2718505859375,,,,,,,,,,1656143,13793
1786083333,542390192,,,,,5,-1496.6700439453125,1031.4202880859375,-791.20361328125,0.00361931836232543,-0.0814632698893547,-0.08035003393888474,0.9934255480766296,1,1656143,13793
1786083333,550276073,1,-88.77078247070312,110.96503448486328,554.3009643554688,,,,,,,,,,1656144,13793
1786083333,550276073,,,,,5,-1496.6771240234375,1031.3724365234375,-791.1334838867188,0.0026584991719573736,-0.08128196746110916,-0.08007911592721939,0.9934654235839844,1,1656144,13793
1786083333,559316022,1,-88.74368286132812,110.68702697753906,554.2342529296875,,,,,,,,,,1656145,13793
1786083333,559316022,,,,,5,-1496.67822265625,1031.430908203125,-791.1568603515625,0.002782267751172185,-0.08140008896589279,-0.08000998198986053,0.993461012840271,1,1656145,13793
1786083333,567237126,1,-88.79158020019531,110.48041534423828,554.177734375,,,,,,,,,,1656146,13793
1786083333,567237126,,,,,5,-1496.674560546875,1031.42529296875,-791.1552124023438,0.002779740607365966,-0.08119773119688034,-0.07850494235754013,0.9935975670814514,1,1656146,13793
1786083333,575456649,1,-88.68116760253906,110.95609283447266,554.3781127929688,,,,,,,,,,1656147,13793
1786083333,575456649,,,,,5,-1496.67236328125,1031.458984375,-791.1864624023438,0.0031193294562399387,-0.08123553544282913,-0.07953224331140518,0.9935117363929749,1,1656147,13793
1786083333,584269873,1,-88.74018859863281,110.57656860351562,554.2443237304688,,,,,,,,,,1656148,13793
1786083333,584269873,,,,,5,-1496.6854248046875,1031.439208984375,-791.15576171875,0.0031159701757133007,-0.08148099482059479,-0.0802881047129631,0.9934309124946594,1,1656148,13793
1786083333,592178437,1,-88.74778747558594,110.98228454589844,554.3792114257812,,,,,,,,,,1656149,13793
1786083333,592178437,,,,,5,-1496.6832275390625,1031.4117431640625,-791.1446533203125,0.0028228480368852615,-0.08137856423854828,-0.08024094253778458,0.9934439063072205,1,1656149,13793
1786083333,600284741,1,-88.78477478027344,110.60404205322266,554.255859375,,,,,,,,,,1656150,13793
1786083333,600284741,,,,,5,-1496.6336669921875,1031.4632568359375,-791.2135009765625,0.003050726605579257,-0.08145971596240997,-0.08005309104919434,0.9934517741203308,1,1656150,13793
1786083333,609210320,1,-88.7713623046875,111.08543395996094,554.3026733398438,,,,,,,,,,1656151,13793
1786083333,609210320,,,,,5,-1496.6165771484375,1031.39892578125,-791.2328491210938,0.0034417379647493362,-0.08137422800064087,-0.08051018416881561,0.9934205412864685,1,1656151,13793
1786083333,617064562,1,-88.74378204345703,110.80609893798828,554.3589477539062,,,,,,,,,,1656152,13793
1786083333,617064562,,,,,5,-1496.668701171875,1031.45263671875,-791.212890625,0.0035588082391768694,-0.08142813295125961,-0.08033230900764465,0.9934301972389221,1,1656152,13793
1786083333,626119866,1,-88.85692596435547,110.76619720458984,554.2582397460938,,,,,,,,,,1656153,13793
1786083333,626119866,,,,,5,-1496.66796875,1031.4345703125,-791.1730346679688,0.0029341892804950476,-0.08140857517719269,-0.07960531860589981,0.9934923052787781,1,1656153,13793
1786083333,634044650,1,-88.7493667602539,110.61739349365234,554.1685791015625,,,,,,,,,,1656154,13793
1786083333,634044650,,,,,5,-1496.691650390625,1031.380615234375,-791.2237548828125,0.003170816693454981,-0.08169638365507126,-0.08078678697347641,0.9933725595474243,1,1656154,13793
1786083333,642287590,1,-88.67854309082031,111.02394104003906,554.3198852539062,,,,,,,,,,1656155,13793
1786083333,642287590,,,,,5,-1496.6669921875,1031.423095703125,-791.2107543945312,0.0035460644867271185,-0.0812980905175209,-0.08055382966995239,0.9934229254722595,1,1656155,13793
1786083333,650190044,1,-88.77635955810547,110.78620147705078,554.2789916992188,,,,,,,,,,1656156,13793
1786083333,650190044,,,,,5,-1496.7069091796875,1031.445556640625,-791.216796875,0.0029306006617844105,-0.08147696405649185,-0.08145195245742798,0.993337094783783,1,1656156,13793
1786083333,659043673,1,-88.7026596069336,111.10765838623047,554.401123046875,,,,,,,,,,1656157,13793
1786083333,659043673,,,,,5,-1496.64794921875,1031.386962890625,-791.1963500976562,0.0032548438757658005,-0.08130114525556564,-0.07880696654319763,0.9935638308525085,1,1656157,13793
1786083333,666972744,1,-88.8478775024414,111.19170379638672,554.257080078125,,,,,,,,,,1656158,13793
1786083333,666972744,,,,,5,-1496.6878662109375,1031.4820556640625,-791.1863403320312,0.0029476997442543507,-0.08156293630599976,-0.07983475178480148,0.9934611916542053,1,1656158,13793
1786083333,675879607,1,-88.73907470703125,110.87909698486328,554.30517578125,,,,,,,,,,1656159,13793
1786083333,675879607,,,,,5,-1496.662109375,1031.4036865234375,-791.2023315429688,0.003219718812033534,-0.08141154050827026,-0.08042019605636597,0.9934256672859192,1,1656159,13793
1786083333,683840189,1,-88.728515625,111.0308609008789,554.26708984375,,,,,,,,,,1656160,13793
1786083333,683840189,,,,,5,-1496.6846923828125,1031.408447265625,-791.2222290039062,0.003370333695784211,-0.08152330666780472,-0.07974951714277267,0.9934700131416321,1,1656160,13793
1786083333,692035430,1,-88.76931762695312,110.70564270019531,554.2073974609375,,,,,,,,,,1656161,13793
1786083333,692035430,,,,,5,-1496.6607666015625,1031.4202880859375,-791.2443237304688,0.0037251384928822517,-0.08124207705259323,-0.08145799487829208,0.9933532476425171,1,1656161,13793
1786083333,701013443,1,-88.75670623779297,111.07097625732422,554.3735961914062,,,,,,,,,,1656162,13793
1786083333,701013443,,,,,5,-1496.7005615234375,1031.456298828125,-791.1928100585938,0.0030732762534171343,-0.08111699670553207,-0.07938308268785477,0.9935334324836731,1,1656162,13793
1786083333,708957518,1,-88.74467468261719,110.81375885009766,554.3442993164062,,,,,,,,,,1656163,13793
1786083333,708957518,,,,,5,-1496.64111328125,1031.453369140625,-791.1702880859375,0.003083936870098114,-0.0813283622264862,-0.0790754035115242,0.9935407042503357,1,1656163,13793
1786083333,716840456,1,-88.71436309814453,110.61406707763672,554.156005859375,,,,,,,,,,1656164,13793
1786083333,716840456,,,,,5,-1496.67431640625,1031.42626953125,-791.2296752929688,0.0034596878103911877,-0.08108966052532196,-0.08025343716144562,0.9934645295143127,1,1656164,13793
1786083333,725776016,1,-88.73274230957031,110.98492431640625,554.2899780273438,,,,,,,,,,1656165,13793
1786083333,725776016,,,,,5,-1496.66650390625,1031.4486083984375,-791.2455444335938,0.003425441449508071,-0.08139468729496002,-0.08034411072731018,0.9934324026107788,1,1656165,13793
1786083333,733691874,1,-88.73080444335938,110.67726135253906,554.2903442382812,,,,,,,,,,1656166,13793
1786083333,733691874,,,,,5,-1496.6593017578125,1031.439697265625,-791.2056884765625,0.003423628630116582,-0.08141158521175385,-0.07986729592084885,0.9934694766998291,1,1656166,13793
1786083333,741848149,1,-88.79576873779297,110.78475952148438,554.3110961914062,,,,,,,,,,1656167,13793
1786083333,741848149,,,,,5,-1496.67138671875,1031.419189453125,-791.2299194335938,0.003579767420887947,-0.0807877779006958,-0.07968769967556,0.9935342669487,1,1656167,13793
1786083333,750687190,1,-88.7549057006836,110.88267517089844,554.2363891601562,,,,,,,,,,1656168,13793
1786083333,750687190,,,,,5,-1496.7069091796875,1031.4129638671875,-791.232421875,0.0033488015178591013,-0.08130764216184616,-0.08144646137952805,0.9933499693870544,1,1656168,13793
1786083333,759084875,1,-88.669677734375,110.7632064819336,554.3731079101562,,,,,,,,,,1656169,13793
1786083333,759084875,,,,,5,-1496.7176513671875,1031.4532470703125,-791.1762084960938,0.00318137020803988,-0.08092045038938522,-0.07961177825927734,0.9935308694839478,1,1656169,13793
1786083333,766794546,1,-88.71150970458984,109.92032623291016,554.1478881835938,,,,,,,,,,1656170,13793
1786083333,766794546,,,,,5,-1496.6488037109375,1031.438720703125,-791.253662109375,0.0032694898545742035,-0.08121553808450699,-0.07985535264015198,0.9934870004653931,1,1656170,13793
1786083333,775758611,1,-88.77958679199219,111.04630279541016,554.2601928710938,,,,,,,,,,1656171,13793
1786083333,775758611,,,,,5,-1496.68017578125,1031.496826171875,-791.2047729492188,0.0034111966378986835,-0.0814809799194336,-0.0809551477432251,0.9933757781982422,1,1656171,13793
1786083333,783607990,1,-88.75175476074219,110.97846984863281,554.1610107421875,,,,,,,,,,1656172,13793
1786083333,783607990,,,,,5,-1496.7415771484375,1031.4517822265625,-791.1546020507812,0.002959899604320526,-0.08132081478834152,-0.08011843264102936,0.9934581518173218,1,1656172,13793
1786083333,792762789,1,-88.78530883789062,111.12923431396484,554.3294677734375,,,,,,,,,,1656173,13793
1786083333,792762789,,,,,5,-1496.69482421875,1031.4393310546875,-791.1640014648438,0.0027950680814683437,-0.08128494769334793,-0.08025029301643372,0.9934508800506592,1,1656173,13793
1786083333,800613832,1,-88.77904510498047,110.9610595703125,554.2644653320312,,,,,,,,,,1656174,13793
1786083333,800613832,,,,,5,-1496.696044921875,1031.4359130859375,-791.197021484375,0.003637708490714431,-0.08147671818733215,-0.07988953590393066,0.993461549282074,1,1656174,13793
1786083333,808670837,1,-88.78144836425781,110.91948699951172,554.2809448242188,,,,,,,,,,1656175,13793
1786083333,808670837,,,,,5,-1496.6728515625,1031.465576171875,-791.1974487304688,0.0031244780402630568,-0.08159688115119934,-0.0801946148276329,0.9934288859367371,1,1656175,13793
1786083333,817541198,1,-88.7491226196289,111.0206527709961,554.2667846679688,,,,,,,,,,1656176,13793
1786083333,817541198,,,,,5,-1496.661376953125,1031.3883056640625,-791.2169189453125,0.0031872533727437258,-0.08115911483764648,-0.07931359112262726,0.9935352206230164,1,1656176,13793
1786083333,825606840,1,-88.80862426757812,110.8904037475586,554.2333984375,,,,,,,,,,1656177,13793
1786083333,825606840,,,,,5,-1496.6422119140625,1031.4466552734375,-791.1757202148438,0.002891555894166231,-0.08139020204544067,-0.07950911670923233,0.993501603603363,1,1656177,13793
1786083333,833617330,1,-88.75721740722656,110.87095642089844,554.3071899414062,,,,,,,,,,1656178,13793
1786083333,833617330,,,,,5,-1496.6663818359375,1031.4393310546875,-791.2488403320312,0.003418285632506013,-0.0811065286397934,-0.07981337606906891,0.9934987425804138,1,1656178,13793
1786083333,842540989,1,-88.6830825805664,110.8780746459961,554.3316040039062,,,,,,,,,,1656179,13793
1786083333,842540989,,,,,5,-1496.6871337890625,1031.4354248046875,-791.1395874023438,0.0029117250815033913,-0.08147723227739334,-0.08056794106960297,0.9934091567993164,1,1656179,13793
1786083333,850572944,1,-88.75082397460938,110.6012954711914,554.1708374023438,,,,,,,,,,1656180,13793
1786083333,850572944,,,,,5,-1496.670166015625,1031.446533203125,-791.2542724609375,0.0035124816931784153,-0.08105271309614182,-0.07966277748346329,0.9935149550437927,1,1656180,13793
1786083333,858589096,1,-88.72879791259766,110.95848846435547,554.435791015625,,,,,,,,,,1656181,13793
1786083333,858589096,,,,,5,-1496.640625,1031.4462890625,-791.2315673828125,0.00357031705789268,-0.08123999834060669,-0.08042889088392258,0.9934377074241638,1,1656181,13793
1786083333,867410862,1,-88.72747039794922,110.59359741210938,554.2180786132812,,,,,,,,,,1656182,13793
1786083333,867410862,,,,,5,-1496.6671142578125,1031.4195556640625,-791.2373046875,0.003430546959862113,-0.08124255388975143,-0.0806209146976471,0.9934224486351013,1,1656182,13793
1786083333,875372308,1,-88.76235961914062,110.88433074951172,554.2155151367188,,,,,,,,,,1656183,13793
1786083333,875372308,,,,,5,-1496.6356201171875,1031.4234619140625,-791.2115478515625,0.003408575663343072,-0.08145405352115631,-0.08006601780653,0.9934501051902771,1,1656183,13793
1786083333,883336729,1,-88.76924896240234,110.62308502197266,554.1791381835938,,,,,,,,,,1656184,13793
1786083333,883336729,,,,,5,-1496.6650390625,1031.43701171875,-791.2361450195312,0.0034036128781735897,-0.0813436359167099,-0.08055125176906586,0.9934199452400208,1,1656184,13793
1786083333,892358602,1,-88.72820281982422,110.8573989868164,554.29345703125,,,,,,,,,,1656185,13793
1786083333,892358602,,,,,5,-1496.6536865234375,1031.467041015625,-791.2390747070312,0.0036174317356199026,-0.08130049705505371,-0.0807458758354187,0.9934068918228149,1,1656185,13793
1786083333,900329806,1,-88.73029327392578,110.8441390991211,554.2564086914062,,,,,,,,,,1656186,13793
1786083333,900329806,,,,,5,-1496.670166015625,1031.4674072265625,-791.18603515625,0.0029915047343820333,-0.0815056562423706,-0.07961851358413696,0.9934830665588379,1,1656186,13793
1786083333,909438441,1,-88.74256896972656,110.9301528930664,554.350830078125,,,,,,,,,,1656187,13793
1786083333,909438441,,,,,5,-1496.674072265625,1031.3846435546875,-791.1671752929688,0.003262459998950362,-0.0813499465584755,-0.0812903642654419,0.9933597445487976,1,1656187,13793
1786083333,917290027,1,-88.71226501464844,110.81258392333984,554.2479248046875,,,,,,,,,,1656188,13793
1786083333,917290027,,,,,5,-1496.6474609375,1031.4080810546875,-791.2171020507812,0.003569113090634346,-0.08150667697191238,-0.08098666369915009,0.9933704733848572,1,1656188,13793
1786083333,925350391,1,-88.67951202392578,110.97200012207031,554.3475952148438,,,,,,,,,,1656189,13793
1786083333,925350391,,,,,5,-1496.638916015625,1031.4033203125,-791.2221069335938,0.003199746599420905,-0.08135248720645905,-0.07969439774751663,0.9934889078140259,1,1656189,13793
1786083333,934233837,1,-88.76819610595703,110.77986907958984,554.2817993164062,,,,,,,,,,1656190,13793
1786083333,934233837,,,,,5,-1496.663818359375,1031.38037109375,-791.1840209960938,0.003262621583417058,-0.08113006502389908,-0.08048515766859055,0.9934432506561279,1,1656190,13793
1786083333,941710321,1,-88.80093383789062,110.66279602050781,554.2361450195312,,,,,,,,,,1656191,13793
1786083333,941710321,,,,,5,-1496.6683349609375,1031.4246826171875,-791.2392578125,0.0030815869104117155,-0.08134747296571732,-0.0805334821343422,0.9934220910072327,1,1656191,13793
1786083333,950199886,1,-88.76806640625,111.00956726074219,554.2869873046875,,,,,,,,,,1656192,13793
1786083333,950199886,,,,,5,-1496.6591796875,1031.43994140625,-791.2553100585938,0.0034699158277362585,-0.08151969313621521,-0.08091370761394501,0.9933757781982422,1,1656192,13793
1786083333,959276689,1,-88.7182388305664,111.0766830444336,554.4119262695312,,,,,,,,,,1656193,13793
1786083333,959276689,,,,,5,-1496.629150390625,1031.4310302734375,-791.2656860351562,0.0034673400223255157,-0.08138717710971832,-0.08056820929050446,0.9934147000312805,1,1656193,13793
1786083333,967036811,1,-88.70817565917969,110.97261810302734,554.3350219726562,,,,,,,,,,1656194,13793
1786083333,967036811,,,,,5,-1496.6876220703125,1031.4385986328125,-791.2145385742188,0.003404586808755994,-0.08129426091909409,-0.07974662631750107,0.9934889078140259,1,1656194,13793
1786083333,975435967,1,-88.78063201904297,110.9661865234375,554.3156127929688,,,,,,,,,,1656195,13793
1786083333,975435967,,,,,5,-1496.7386474609375,1031.4122314453125,-791.1740112304688,0.003530957503244281,-0.08135099709033966,-0.08120409399271011,0.9933658242225647,1,1656195,13793
1786083333,984003463,1,-88.77123260498047,110.94273376464844,554.2743530273438,,,,,,,,,,1656196,13793
1786083333,984003463,,,,,5,-1496.7037353515625,1031.4627685546875,-791.1475830078125,0.0028806161135435104,-0.0815952867269516,-0.07899370789527893,0.9935259222984314,1,1656196,13793
1786083333,992685937,1,-88.7365493774414,110.74475860595703,554.2374267578125,,,,,,,,,,1656197,13793
1786083333,992685937,,,,,5,-1496.673828125,1031.4007568359375,-791.1924438476562,0.0033999879378825426,-0.08136150240898132,-0.0797562524676323,0.9934825897216797,1,1656197,13793
1786083334,37558,1,-88.70018768310547,110.94815063476562,554.2169799804688,,,,,,,,,,1656198,13793
1786083334,37558,,,,,5,-1496.73291015625,1031.41650390625,-791.1693725585938,0.0034951006527990103,-0.08141449093818665,-0.08119663596153259,0.9933613538742065,1,1656198,13793
1786083334,9166130,1,-88.67648315429688,110.96572875976562,554.3617553710938,,,,,,,,,,1656199,13793
1786083334,9166130,,,,,5,-1496.665283203125,1031.430908203125,-791.1798706054688,0.0033552537206560373,-0.08149073272943497,-0.07921291887760162,0.9935156106948853,1,1656199,13793
1786083334,16906872,1,-88.7203369140625,110.97667694091797,554.3104858398438,,,,,,,,,,1656200,13793
1786083334,16906872,,,,,5,-1496.6961669921875,1031.4066162109375,-791.1638793945312,0.0032931079622358084,-0.08120796084403992,-0.07866153866052628,0.9935827255249023,1,1656200,13793
1786083334,25905367,1,-88.79669189453125,110.56219482421875,554.2259521484375,,,,,,,,,,1656201,13793
1786083334,25905367,,,,,5,-1496.7255859375,1031.4732666015625,-791.1714477539062,0.003110756864771247,-0.08152806758880615,-0.08014523237943649,0.9934384822845459,1,1656201,13793
1786083334,33847209,1,-88.71800994873047,110.80560302734375,554.3377075195312,,,,,,,,,,1656202,13793
1786083334,33847209,,,,,5,-1496.6832275390625,1031.4354248046875,-791.2173461914062,0.0035801141057163477,-0.08171386271715164,-0.08040786534547806,0.9934006333351135,1,1656202,13793
1786083334,42090412,1,-88.75689697265625,110.70411682128906,554.2527465820312,,,,,,,,,,1656203,13793
1786083334,42090412,,,,,5,-1496.7044677734375,1031.4556884765625,-791.1671752929688,0.0031258012168109417,-0.08159862458705902,-0.0798112154006958,0.9934595227241516,1,1656203,13793
1786083334,51182771,1,-88.77030944824219,110.73092651367188,554.2401733398438,,,,,,,,,,1656204,13793
1786083334,51182771,,,,,5,-1496.677978515625,1031.4049072265625,-791.2156982421875,0.0034400338772684336,-0.0813177302479744,-0.07983817905187607,0.9934794902801514,1,1656204,13793
1786083334,58829009,1,-88.75532531738281,110.9800796508789,554.3084716796875,,,,,,,,,,1656205,13793
1786083334,58829009,,,,,5,-1496.6597900390625,1031.4488525390625,-791.1327514648438,0.0030979446601122618,-0.08145704865455627,-0.07977685332298279,0.9934740662574768,1,1656205,13793
1786083334,66775618,1,-88.72081756591797,111.02920532226562,554.267578125,,,,,,,,,,1656206,13793
1786083334,66775618,,,,,5,-1496.6824951171875,1031.4580078125,-791.2296752929688,0.0034490921534597874,-0.08166883140802383,-0.0804954469203949,0.9933975338935852,1,1656206,13793
1786083334,75866409,1,-88.7739486694336,111.01927947998047,554.1971435546875,,,,,,,,,,1656207,13793
1786083334,75866409,,,,,5,-1496.6697998046875,1031.4412841796875,-791.20751953125,0.0034247266594320536,-0.0814732015132904,-0.08007912337779999,0.9934473633766174,1,1656207,13793
1786083334,83911488,1,-88.7347640991211,110.87068176269531,554.2505493164062,,,,,,,,,,1656208,13793
1786083334,83911488,,,,,5,-1496.6683349609375,1031.423095703125,-791.1546020507812,0.0026013501919806004,-0.0813642293214798,-0.07916826754808426,0.9935317635536194,1,1656208,13793
1786083334,91733872,1,-88.79434204101562,109.76136779785156,554.00537109375,,,,,,,,,,1656209,13793
1786083334,91733872,,,,,5,-1496.6834716796875,1031.4932861328125,-791.2111206054688,0.0033237210009247065,-0.08161305636167526,-0.08025906980037689,0.993421733379364,1,1656209,13793
1786083334,100837524,1,-88.6360855102539,110.46842956542969,553.5887451171875,,,,,,,,,,1656210,13793
1786083334,100837524,,,,,5,-1496.6668701171875,1031.504150390625,-791.1944580078125,0.0026188797783106565,-0.08123669773340225,-0.07796229422092438,0.9936375021934509,1,1656210,13793
1786083334,108851155,1,-88.81072235107422,110.12866973876953,554.1893310546875,,,,,,,,,,1656211,13793
1786083334,108851155,,,,,5,-1496.7135009765625,1031.4232177734375,-791.1119384765625,0.0029808140825480223,-0.08166607469320297,-0.07953264564275742,0.9934767484664917,1,1656211,13793
1786083334,116606101,1,-88.76205444335938,110.80430603027344,554.2694091796875,,,,,,,,,,1656212,13793
1786083334,116606101,,,,,5,-1496.6468505859375,1031.4349365234375,-791.193115234375,0.003595729824155569,-0.08136565238237381,-0.08027513325214386,0.9934397339820862,1,1656212,13793
1786083334,125638284,1,-88.70491790771484,110.71571350097656,554.2857055664062,,,,,,,,,,1656213,13793
1786083334,125638284,,,,,5,-1496.6815185546875,1031.3895263671875,-791.1503295898438,0.0033408936578780413,-0.08117442578077316,-0.07942257821559906,0.9935247302055359,1,1656213,13793
1786083334,133889709,1,-88.59980773925781,111.63282775878906,553.9279174804688,,,,,,,,,,1656214,13793
1786083334,133889709,,,,,5,-1496.700927734375,1031.4549560546875,-791.1371459960938,0.0026553396601229906,-0.08132828027009964,-0.07809124886989594,0.9936198592185974,1,1656214,13793
1786083334,143098038,1,-88.70121002197266,110.01375579833984,554.167236328125,,,,,,,,,,1656215,13793
1786083334,143098038,,,,,5,-1496.7244873046875,1031.4107666015625,-791.17138671875,0.0035234689712524414,-0.08090116083621979,-0.08009637147188187,0.9934924840927124,1,1656215,13793
1786083334,150540873,1,-88.7081298828125,110.98612976074219,554.3493041992188,,,,,,,,,,1656216,13793
1786083334,150540873,,,,,5,-1496.6993408203125,1031.4290771484375,-791.1481323242188,0.002725957427173853,-0.08154681324958801,-0.08007767051458359,0.9934436082839966,1,1656216,13793
1786083334,158749429,1,-89.57830810546875,109.49085235595703,554.4374389648438,,,,,,,,,,1656217,13793
1786083334,158749429,,,,,5,-1496.6268310546875,1031.4017333984375,-791.2526245117188,0.0033418203238397837,-0.081698477268219,-0.08022166788578033,0.9934176206588745,1,1656217,13793
1786083334,167502452,1,-88.73455047607422,110.80281066894531,554.283935546875,,,,,,,,,,1656218,13793
1786083334,167502452,,,,,5,-1496.706298828125,1031.3765869140625,-791.1492309570312,0.003109992714598775,-0.08138571679592133,-0.07960163056850433,0.993493914604187,1,1656218,13793
1786083334,175729788,1,-88.75286102294922,111.0102310180664,554.3636474609375,,,,,,,,,,1656219,13793
1786083334,175729788,,,,,5,-1496.6796875,1031.466552734375,-791.15478515625,0.0031630813609808683,-0.08150137215852737,-0.07949287444353104,0.9934929609298706,1,1656219,13793
1786083334,183447112,1,-88.77442169189453,110.73387145996094,554.2637939453125,,,,,,,,,,1656220,13793
1786083334,183447112,,,,,5,-1496.6737060546875,1031.3994140625,-791.1312866210938,0.0032860208302736282,-0.0813944935798645,-0.0796225517988205,0.993490993976593,1,1656220,13793
1786083334,192441512,1,-88.85256958007812,110.40696716308594,554.06298828125,,,,,,,,,,1656221,13793
1786083334,192441512,,,,,5,-1496.7115478515625,1031.4403076171875,-791.1257934570312,0.003035866655409336,-0.0813877210021019,-0.07907592505216599,0.9935359954833984,1,1656221,13793
1786083334,200315563,1,-88.66832733154297,110.16939544677734,554.2570190429688,,,,,,,,,,1656222,13793
1786083334,200315563,,,,,5,-1496.7176513671875,1031.4024658203125,-791.1400756835938,0.0034282258711755276,-0.08139795064926147,-0.07948452979326248,0.9935012459754944,1,1656222,13793
1786083334,208582505,1,-88.7314224243164,110.60511016845703,554.260498046875,,,,,,,,,,1656223,13793
1786083334,208582505,,,,,5,-1496.7205810546875,1031.4622802734375,-791.1361083984375,0.002820466412231326,-0.08150261640548706,-0.0791529044508934,0.993520975112915,1,1656223,13793
1786083334,217497661,1,-88.73990631103516,110.86671447753906,554.2728271484375,,,,,,,,,,1656224,13793
1786083334,217497661,,,,,5,-1496.727294921875,1031.43408203125,-791.1432495117188,0.0032518620137125254,-0.0809338167309761,-0.07933852821588516,0.9935514330863953,1,1656224,13793
1786083334,225295860,1,-88.76233673095703,109.97335815429688,554.1534423828125,,,,,,,,,,1656225,13793
1786083334,225295860,,,,,5,-1496.68603515625,1031.408203125,-791.1503295898438,0.003506102366372943,-0.08136023581027985,-0.08040042221546173,0.9934303760528564,1,1656225,13793
1786083334,233296471,1,-88.84774017333984,110.81565856933594,554.2632446289062,,,,,,,,,,1656226,13793
1786083334,233296471,,,,,5,-1496.6888427734375,1031.4940185546875,-791.1508178710938,0.003308051498606801,-0.08180005103349686,-0.0799207016825676,0.9934335947036743,1,1656226,13793
1786083334,242271484,1,-88.73014068603516,110.91046142578125,554.3216552734375,,,,,,,,,,1656227,13793
1786083334,242271484,,,,,5,-1496.684326171875,1031.4349365234375,-791.1179809570312,0.003559885546565056,-0.08144771307706833,-0.07996021956205368,0.9934585094451904,1,1656227,13793
1786083334,250267744,1,-88.82244873046875,110.76724243164062,554.2685546875,,,,,,,,,,1656228,13793
1786083334,250267744,,,,,5,-1496.6826171875,1031.4432373046875,-791.1051025390625,0.00341122061945498,-0.08175727725028992,-0.07906637340784073,0.9935052990913391,1,1656228,13793
1786083334,259165657,1,-88.7554931640625,110.74496459960938,554.3135986328125,,,,,,,,,,1656229,13793
1786083334,259165657,,,,,5,-1496.6962890625,1031.4556884765625,-791.1129760742188,0.0029147034510970116,-0.08188366144895554,-0.07898011058568954,0.993503212928772,1,1656229,13793
1786083334,267130021,1,-88.77645111083984,110.87228393554688,554.1949462890625,,,,,,,,,,1656230,13793
1786083334,267130021,,,,,5,-1496.69140625,1031.4288330078125,-791.1419067382812,0.0031910515390336514,-0.08141591399908066,-0.07915829867124557,0.9935266375541687,1,1656230,13793
1786083334,275267779,1,-88.69766998291016,110.69760131835938,554.3129272460938,,,,,,,,,,1656231,13793
1786083334,275267779,,,,,5,-1496.6820068359375,1031.449462890625,-791.1114501953125,0.003412441350519657,-0.08189092576503754,-0.07953184843063354,0.993457019329071,1,1656231,13793
1786083334,284031584,1,-88.77178192138672,110.96904754638672,554.3034057617188,,,,,,,,,,1656232,13793
1786083334,284031584,,,,,5,-1496.670166015625,1031.4508056640625,-791.10009765625,0.003452412784099579,-0.08181441575288773,-0.0793183222413063,0.9934802651405334,1,1656232,13793
1786083334,292008360,1,-88.78494262695312,110.32203674316406,554.0946655273438,,,,,,,,,,1656233,13793
1786083334,292008360,,,,,5,-1496.677978515625,1031.454833984375,-791.1500244140625,0.0038909080903977156,-0.08139588683843613,-0.08004811406135559,0.9934544563293457,1,1656233,13793
1786083334,300181566,1,-88.7146987915039,110.86463928222656,554.342041015625,,,,,,,,,,1656234,13793
1786083334,300181566,,,,,5,-1496.728515625,1031.4447021484375,-791.1498413085938,0.003493132535368204,-0.08133188635110855,-0.07967682182788849,0.9934911131858826,1,1656234,13793
1786083334,309020071,1,-88.73876190185547,110.99739074707031,554.2803955078125,,,,,,,,,,1656235,13793
1786083334,309020071,,,,,5,-1496.6986083984375,1031.4439697265625,-791.0419311523438,0.002882962813600898,-0.0817066952586174,-0.07816042751073837,0.9935827255249023,1,1656235,13793
1786083334,316935007,1,-88.76952362060547,110.52457427978516,554.2616577148438,,,,,,,,,,1656236,13793
1786083334,316935007,,,,,5,-1496.6729736328125,1031.44970703125,-791.0684204101562,0.002822423819452524,-0.08170588314533234,-0.07777193188667297,0.9936133623123169,1,1656236,13793
1786083334,325075389,1,-88.75934600830078,110.68730163574219,554.177978515625,,,,,,,,,,1656237,13793
1786083334,325075389,,,,,5,-1496.7359619140625,1031.4730224609375,-791.1029052734375,0.003709726268425584,-0.0818692222237587,-0.08055651932954788,0.993375301361084,1,1656237,13793
1786083334,333899498,1,-88.7546615600586,110.65855407714844,554.3291625976562,,,,,,,,,,1656238,13793
1786083334,333899498,,,,,5,-1496.6181640625,1031.4334716796875,-791.1162109375,0.003305235877633095,-0.08152542263269424,-0.07937406003475189,0.9935000538825989,1,1656238,13793
1786083334,341807428,1,-88.72315979003906,111.07608032226562,554.3564453125,,,,,,,,,,1656239,13793
1786083334,341807428,,,,,5,-1496.6405029296875,1031.47265625,-791.1052856445312,0.0028641896788030863,-0.08142014592885971,-0.0781671330332756,0.9936057925224304,1,1656239,13793
1786083334,350804388,1,-88.79944610595703,110.85093688964844,554.2382202148438,,,,,,,,,,1656240,13793
1786083334,350804388,,,,,5,-1496.843017578125,1031.4478759765625,-790.986328125,0.0034296694211661816,-0.08084256947040558,-0.07844915241003036,0.9936290383338928,1,1656240,13793
1786083334,359067234,1,-88.7641830444336,111.0947265625,554.3086547851562,,,,,,,,,,1656241,13793
1786083334,359067234,,,,,5,-1496.6844482421875,1031.4483642578125,-791.150146484375,0.003420246532186866,-0.08119232952594757,-0.07945787161588669,0.9935202598571777,1,1656241,13793
1786083334,366777936,1,-88.73011779785156,110.57366180419922,554.310791015625,,,,,,,,,,1656242,13793
1786083334,366777936,,,,,5,-1496.653564453125,1031.4857177734375,-791.0707397460938,0.00292325671762228,-0.08144699782133102,-0.0787530168890953,0.9935570955276489,1,1656242,13793
1786083334,375718334,1,-88.78871154785156,110.98112487792969,554.318359375,,,,,,,,,,1656243,13793
1786083334,375718334,,,,,5,-1496.675048828125,1031.4967041015625,-791.0782470703125,0.0028309824410825968,-0.08152595162391663,-0.07818011194467545,0.9935961365699768,1,1656243,13793
1786083334,383690920,1,-88.78942108154297,110.67962646484375,554.2296142578125,,,,,,,,,,1656244,13793
1786083334,383690920,,,,,5,-1496.6201171875,1031.4716796875,-791.0972290039062,0.002875109203159809,-0.08140955120325089,-0.07831375300884247,0.9935951232910156,1,1656244,13793
1786083334,391814858,1,-88.73890686035156,111.03866577148438,554.2874145507812,,,,,,,,,,1656245,13793
1786083334,391814858,,,,,5,-1496.6353759765625,1031.4691162109375,-791.1349487304688,0.003299691481515765,-0.08139465004205704,-0.07977999001741409,0.9934782385826111,1,1656245,13793
1786083334,400601984,1,-88.8213882446289,110.5747299194336,554.2113647460938,,,,,,,,,,1656246,13793
1786083334,400601984,,,,,5,-1496.60546875,1031.4656982421875,-791.1178588867188,0.0031439398881047964,-0.0814138874411583,-0.07878182083368301,0.993556797504425,1,1656246,13793
1786083334,408834278,1,-88.80646514892578,110.71327209472656,554.2053833007812,,,,,,,,,,1656247,13793
1786083334,408834278,,,,,5,-1496.650390625,1031.4246826171875,-791.1246948242188,0.002979069948196411,-0.08103230595588684,-0.07839664071798325,0.9936190843582153,1,1656247,13793
1786083334,416960328,1,-88.75277709960938,111.21221923828125,554.4401245117188,,,,,,,,,,1656248,13794
1786083334,416960328,,,,,5,-1496.6707763671875,1031.4456787109375,-791.0731811523438,0.002458614530041814,-0.08132341504096985,-0.07972520589828491,0.993490993976593,1,1656248,13794
1786083334,425751229,1,-88.76478576660156,110.55110931396484,554.1868286132812,,,,,,,,,,1656249,13794
1786083334,425751229,,,,,5,-1496.609375,1031.4713134765625,-791.1307983398438,0.003388624871149659,-0.0815240666270256,-0.07957904040813446,0.9934834241867065,1,1656249,13794
1786083334,433744769,1,-88.75275421142578,110.88528442382812,554.2490234375,,,,,,,,,,1656250,13794
1786083334,433744769,,,,,5,-1496.6229248046875,1031.4637451171875,-791.1398315429688,0.0032313517294824123,-0.08105828613042831,-0.07873598486185074,0.9935892820358276,1,1656250,13794
1786083334,441838987,1,-88.90109252929688,111.28205871582031,554.2514038085938,,,,,,,,,,1656251,13794
1786083334,441838987,,,,,5,-1496.619140625,1031.4671630859375,-791.1399536132812,0.0031961447093635798,-0.08128579705953598,-0.07886983454227448,0.993560254573822,1,1656251,13794
1786083334,450622595,1,-88.70958709716797,110.7146224975586,554.30126953125,,,,,,,,,,1656252,13794
1786083334,450622595,,,,,5,-1496.6832275390625,1031.50634765625,-791.1231079101562,0.0030765982810407877,-0.08131715655326843,-0.08126045018434525,0.9933654069900513,1,1656252,13794
1786083334,458464334,1,-88.74007415771484,110.6917953491211,554.2549438476562,,,,,,,,,,1656253,13794
1786083334,458464334,,,,,5,-1496.6356201171875,1031.50048828125,-791.1264038085938,0.0029314022976905107,-0.0814562663435936,-0.07876519113779068,0.9935553669929504,1,1656253,13794
1786083334,467748963,1,-88.70365905761719,110.7822265625,554.2451171875,,,,,,,,,,1656254,13794
1786083334,467748963,,,,,5,-1496.632080078125,1031.462646484375,-791.1775512695312,0.0031038043089210987,-0.08139297366142273,-0.07954015582799911,0.9934982061386108,1,1656254,13794
1786083334,474880967,1,-88.63825988769531,111.18729400634766,553.8395385742188,,,,,,,,,,1656255,13794
1786083334,474880967,,,,,5,-1496.6513671875,1031.57470703125,-791.1634521484375,0.002676685806363821,-0.08154530823230743,-0.0789589136838913,0.9935333728790283,1,1656255,13794
1786083334,483587826,1,-88.6202163696289,110.8851318359375,553.7239379882812,,,,,,,,,,1656256,13794
1786083334,483587826,,,,,5,-1496.664306640625,1031.4910888671875,-791.2000122070312,0.0027134970296174288,-0.0808517187833786,-0.08000783622264862,0.9935060739517212,1,1656256,13794
1786083334,492804569,1,-88.86518859863281,109.98355102539062,554.1087036132812,,,,,,,,,,1656257,13794
1786083334,492804569,,,,,5,-1496.6297607421875,1031.4930419921875,-791.2135620117188,0.0029551908373832703,-0.08138637244701385,-0.08030083775520325,0.9934380054473877,1,1656257,13794
1786083334,500610669,1,-88.75640869140625,110.55555725097656,554.244384765625,,,,,,,,,,1656258,13794
1786083334,500610669,,,,,5,-1496.6414794921875,1031.48486328125,-791.2444458007812,0.003292866749688983,-0.08119530975818634,-0.0802914947271347,0.9934533834457397,1,1656258,13794
1786083334,508399879,1,-88.7686538696289,110.9931869506836,554.2267456054688,,,,,,,,,,1656259,13794
1786083334,508399879,,,,,5,-1496.655517578125,1031.4915771484375,-791.23046875,0.003501222236081958,-0.0808493122458458,-0.0802735909819603,0.9934824109077454,1,1656259,13794
1786083334,517178271,1,-88.70252990722656,111.12503814697266,554.36767578125,,,,,,,,,,1656260,13794
1786083334,517178271,,,,,5,-1496.6278076171875,1031.46826171875,-791.268798828125,0.0035196663811802864,-0.0811234712600708,-0.08022812753915787,0.9934637546539307,1,1656260,13794
1786083334,525190079,1,-88.75318908691406,110.77301788330078,554.2627563476562,,,,,,,,,,1656261,13794
1786083334,525190079,,,,,5,-1496.6044921875,1031.4559326171875,-791.2174072265625,0.00356631469912827,-0.08119092881679535,-0.08111073821783066,0.9933863878250122,1,1656261,13794
1786083334,533287240,1,-88.7310562133789,110.9128189086914,554.3157348632812,,,,,,,,,,1656262,13794
1786083334,533287240,,,,,5,-1496.65185546875,1031.494384765625,-791.2279663085938,0.0032424991950392723,-0.08111698180437088,-0.08002956956624985,0.9934811592102051,1,1656262,13794
1786083334,542176931,1,-88.75311279296875,109.97722625732422,554.195068359375,,,,,,,,,,1656263,13794
1786083334,542176931,,,,,5,-1496.6517333984375,1031.49853515625,-791.2073364257812,0.0031059596221894026,-0.08125586807727814,-0.08007709681987762,0.993466317653656,1,1656263,13794
1786083334,550176838,1,-88.70310974121094,110.74275970458984,554.2767944335938,,,,,,,,,,1656264,13794
1786083334,550176838,,,,,5,-1496.6136474609375,1031.4420166015625,-791.2474365234375,0.0030808818992227316,-0.08103694766759872,-0.08060258626937866,0.9934418797492981,1,1656264,13794
1786083334,559207261,1,-88.71460723876953,110.60540771484375,554.2233276367188,,,,,,,,,,1656265,13794
1786083334,559207261,,,,,5,-1496.6358642578125,1031.4588623046875,-791.2232666015625,0.003155060112476349,-0.08122766762971878,-0.08154820650815964,0.9933488368988037,1,1656265,13794
1786083334,567127092,1,-88.77571105957031,111.07865142822266,554.318603515625,,,,,,,,,,1656266,13794
1786083334,567127092,,,,,5,-1496.5955810546875,1031.604736328125,-791.1959838867188,0.00413022143766284,-0.08164665102958679,-0.0819690153002739,0.9932763576507568,1,1656266,13794
1786083334,575472381,1,-88.71869659423828,110.4432144165039,554.1741333007812,,,,,,,,,,1656267,13794
1786083334,575472381,,,,,5,-1496.6029052734375,1031.4576416015625,-791.2040405273438,0.0027839355170726776,-0.08110973984003067,-0.0787421241402626,0.993586003780365,1,1656267,13794
1786083334,583627031,1,-88.82039642333984,110.68268585205078,554.2327270507812,,,,,,,,,,1656268,13794
1786083334,583627031,,,,,5,-1496.7908935546875,1031.528564453125,-791.0606079101562,0.002919575199484825,-0.08186956495046616,-0.0824320837855339,0.9932239651679993,1,1656268,13794
1786083334,592047533,1,-88.71820831298828,110.71009063720703,554.1862182617188,,,,,,,,,,1656269,13794
1786083334,592047533,,,,,5,-1496.7181396484375,1031.5433349609375,-791.1279907226562,0.0029176264069974422,-0.08181044459342957,-0.08007027953863144,0.9934219717979431,1,1656269,13794
1786083334,600394133,1,-88.79046630859375,110.92009735107422,554.1984252929688,,,,,,,,,,1656270,13794
1786083334,600394133,,,,,5,-1496.6781005859375,1031.4622802734375,-791.150146484375,0.003051386447623372,-0.08146225661039352,-0.07989127188920975,0.9934645891189575,1,1656270,13794
1786083334,608933100,1,-88.67866516113281,110.98379516601562,554.3832397460938,,,,,,,,,,1656271,13794
1786083334,608933100,,,,,5,-1496.693359375,1031.544677734375,-791.0988159179688,0.003088259370997548,-0.08197680115699768,-0.08040370047092438,0.9933807849884033,1,1656271,13794
1786083334,616913875,1,-88.75674438476562,110.8463134765625,554.3258056640625,,,,,,,,,,1656272,13794
1786083334,616913875,,,,,5,-1496.748046875,1031.7237548828125,-791.1030883789062,0.005533215124160051,-0.08171560615301132,-0.08862663060426712,0.9926919341087341,1,1656272,13794
1786083334,625166708,1,-88.74935913085938,111.07601165771484,554.3502807617188,,,,,,,,,,1656273,13794
1786083334,625166708,,,,,5,-1496.803466796875,1031.656005859375,-791.2202758789062,0.005462296307086945,-0.08164537698030472,-0.08563850820064545,0.9929603338241577,1,1656273,13794
1786083334,633897529,1,-88.73841094970703,109.92021942138672,554.1069946289062,,,,,,,,,,1656274,13794
1786083334,633897529,,,,,5,-1496.7808837890625,1031.6644287109375,-791.1583862304688,0.004685326479375362,-0.08162035048007965,-0.08373837172985077,0.9931284785270691,1,1656274,13794
1786083334,642188208,1,-89.59912872314453,109.72114562988281,554.47265625,,,,,,,,,,1656275,13794
1786083334,642188208,,,,,5,-1496.7891845703125,1031.6810302734375,-791.223388671875,0.0051496271044015884,-0.08133577555418015,-0.08326899260282516,0.9931889772415161,1,1656275,13794
1786083334,650179477,1,-88.7774429321289,110.85128784179688,554.1812133789062,,,,,,,,,,1656276,13794
1786083334,650179477,,,,,5,-1496.665771484375,1031.6571044921875,-791.1820678710938,0.005159152206033468,-0.08187978714704514,-0.08232724666595459,0.993222713470459,1,1656276,13794
1786083334,659010144,1,-88.73240661621094,110.88945007324219,554.2805786132812,,,,,,,,,,1656277,13794
1786083334,659010144,,,,,5,-1496.673095703125,1031.6744384765625,-791.192138671875,0.005441840272396803,-0.08194459229707718,-0.08312145620584488,0.9931496977806091,1,1656277,13794
1786083334,666789371,1,-88.76543426513672,110.37789154052734,554.0970458984375,,,,,,,,,,1656278,13794
1786083334,666789371,,,,,5,-1496.6900634765625,1031.6383056640625,-791.240966796875,0.005175488069653511,-0.08194447308778763,-0.08280429989099503,0.9931776523590088,1,1656278,13794
1786083334,675691508,1,-88.7489242553711,110.86490631103516,554.295654296875,,,,,,,,,,1656279,13794
1786083334,675691508,,,,,5,-1496.773193359375,1031.52880859375,-791.177978515625,0.004697452299296856,-0.0811067447066307,-0.08416774123907089,0.9931341409683228,1,1656279,13794
1786083334,683658655,1,-88.79852294921875,110.99861145019531,554.2339477539062,,,,,,,,,,1656280,13794
1786083334,683658655,,,,,5,-1496.85693359375,1031.63037109375,-791.1948852539062,0.005328396335244179,-0.08080983906984329,-0.08654890209436417,0.9929504990577698,1,1656280,13794
1786083334,691678652,1,-88.80587005615234,110.5699462890625,554.1634521484375,,,,,,,,,,1656281,13794
1786083334,691678652,,,,,5,-1496.7882080078125,1031.6185302734375,-791.2197875976562,0.004608239512890577,-0.08157926052808762,-0.08328114449977875,0.9931706190109253,1,1656281,13794
1786083334,700562489,1,-88.78849792480469,110.6142349243164,554.1275634765625,,,,,,,,,,1656282,13794
1786083334,700562489,,,,,5,-1496.7672119140625,1031.6806640625,-791.2291259765625,0.0052840830758214,-0.08136270940303802,-0.0848306193947792,0.9930539131164551,1,1656282,13794
1786083334,708744588,1,-88.72891998291016,109.89329528808594,554.0735473632812,,,,,,,,,,1656283,13794
1786083334,708744588,,,,,5,-1496.8572998046875,1031.7283935546875,-791.3250122070312,0.005999439861625433,-0.08081520348787308,-0.08659648150205612,0.9929421544075012,1,1656283,13794
1786083334,717017512,1,-88.7991714477539,111.15982818603516,554.2700805664062,,,,,,,,,,1656284,13794
1786083334,717017512,,,,,5,-1496.78955078125,1031.63037109375,-791.3505249023438,0.004928467329591513,-0.08066661655902863,-0.08330089598894119,0.9932419657707214,1,1656284,13794
1786083334,725607697,1,-89.52054595947266,109.91499328613281,554.5336303710938,,,,,,,,,,1656285,13794
1786083334,725607697,,,,,5,-1496.809326171875,1031.709716796875,-791.27197265625,0.00573390256613493,-0.08138219267129898,-0.08643710613250732,0.9929112195968628,1,1656285,13794
1786083334,733477046,1,-88.7754135131836,111.0284423828125,554.2274780273438,,,,,,,,,,1656286,13794
1786083334,733477046,,,,,5,-1496.8017578125,1031.6785888671875,-791.239013671875,0.005063467659056187,-0.08133164048194885,-0.08457620441913605,0.9930793046951294,1,1656286,13794
1786083334,741732758,1,-88.76313018798828,110.88774108886719,554.2484130859375,,,,,,,,,,1656287,13794
1786083334,741732758,,,,,5,-1496.7176513671875,1031.609619140625,-791.2501831054688,0.005295081064105034,-0.08117500692605972,-0.08424593508243561,0.9931190013885498,1,1656287,13794
1786083334,750546469,1,-88.69194030761719,110.95804595947266,554.2914428710938,,,,,,,,,,1656288,13794
1786083334,750546469,,,,,5,-1496.802978515625,1031.70849609375,-791.2784423828125,0.0050751324743032455,-0.08104494959115982,-0.0848827138543129,0.993076503276825,1,1656288,13794
1786083334,758378835,1,-88.75585174560547,110.81559753417969,554.2298583984375,,,,,,,,,,1656289,13794
1786083334,758378835,,,,,5,-1496.7884521484375,1031.6776123046875,-791.2650756835938,0.005714056547731161,-0.08139120787382126,-0.08661642670631409,0.9928950071334839,1,1656289,13794
1786083334,767392718,1,-88.77161407470703,110.94444274902344,554.282470703125,,,,,,,,,,1656290,13794
1786083334,767392718,,,,,5,-1496.876708984375,1031.7696533203125,-791.223876953125,0.005555385258048773,-0.08157438039779663,-0.0869860053062439,0.9928485751152039,1,1656290,13794
1786083334,775443332,1,-88.71060180664062,111.12195587158203,554.315185546875,,,,,,,,,,1656291,13794
1786083334,775443332,,,,,5,-1496.80615234375,1031.7364501953125,-791.2577514648438,0.0057528032921254635,-0.08127297461032867,-0.08602159470319748,0.9929562211036682,1,1656291,13794
1786083334,783421708,1,-88.7387466430664,110.91790771484375,554.3187255859375,,,,,,,,,,1656292,13794
1786083334,783421708,,,,,5,-1496.887451171875,1031.676513671875,-791.2527465820312,0.005070326384156942,-0.08050049841403961,-0.08645099401473999,0.9929855465888977,1,1656292,13794
1786083334,792379670,1,-88.74287414550781,110.62632751464844,554.1363525390625,,,,,,,,,,1656293,13794
1786083334,792379670,,,,,5,-1496.7862548828125,1031.6805419921875,-791.2113647460938,0.004956935532391071,-0.08148930221796036,-0.08457233011722565,0.99306720495224,1,1656293,13794
1786083334,800401010,1,-88.7301025390625,110.75852966308594,554.2135620117188,,,,,,,,,,1656294,13794
1786083334,800401010,,,,,5,-1496.8223876953125,1031.680419921875,-791.234130859375,0.005104026757180691,-0.08134988695383072,-0.08472515642642975,0.9930648803710938,1,1656294,13794
1786083334,808776755,1,-88.74269104003906,110.64766693115234,554.3162841796875,,,,,,,,,,1656295,13794
1786083334,808776755,,,,,5,-1496.7554931640625,1031.601318359375,-791.24658203125,0.005203703884035349,-0.08123395591974258,-0.08408349007368088,0.9931284189224243,1,1656295,13794
1786083334,816476356,1,-88.37925720214844,110.91734313964844,553.9710693359375,,,,,,,,,,1656296,13794
1786083334,816476356,,,,,5,-1496.7349853515625,1031.618408203125,-791.2857666015625,0.005191669333726168,-0.08129478245973587,-0.08382085710763931,0.9931457042694092,1,1656296,13794
1786083334,825205481,1,-88.74819946289062,110.12686157226562,554.2108154296875,,,,,,,,,,1656297,13794
1786083334,825205481,,,,,5,-1496.8258056640625,1031.606689453125,-791.23193359375,0.005067410878837109,-0.08106382191181183,-0.08540832251310349,0.9930298924446106,1,1656297,13794
1786083334,833483747,1,-88.67091369628906,110.83759307861328,554.3096313476562,,,,,,,,,,1656298,13794
1786083334,833483747,,,,,5,-1496.853271484375,1031.6011962890625,-791.1952514648438,0.004632446449249983,-0.08119772374629974,-0.08466833084821701,0.9930844902992249,1,1656298,13794
1786083334,842235171,1,-88.72303771972656,111.082763671875,554.2918701171875,,,,,,,,,,1656299,13794
1786083334,842235171,,,,,5,-1496.73046875,1031.64697265625,-791.2841186523438,0.005389405880123377,-0.08136803656816483,-0.08536720275878906,0.9930068850517273,1,1656299,13794
1786083334,850152635,1,-88.7600326538086,111.09329223632812,554.3218994140625,,,,,,,,,,1656300,13794
1786083334,850152635,,,,,5,-1496.830322265625,1031.69677734375,-791.2561645507812,0.005026612430810928,-0.08138441294431686,-0.08638431876897812,0.9929195046424866,1,1656300,13794
1786083334,858482728,1,-88.91161346435547,111.0355453491211,554.1937255859375,,,,,,,,,,1656301,13794
1786083334,858482728,,,,,5,-1496.8026123046875,1031.5474853515625,-791.2091064453125,0.004298454616218805,-0.08108417689800262,-0.0829676017165184,0.9932388067245483,1,1656301,13794
1786083334,866225101,1,-88.81024932861328,111.13694763183594,554.33203125,,,,,,,,,,1656302,13794
1786083334,866225101,,,,,5,-1496.8072509765625,1031.577880859375,-791.2117309570312,0.004495872650295496,-0.08132892102003098,-0.08453627675771713,0.9930856823921204,1,1656302,13794
1786083334,875147296,1,-88.72425842285156,111.14889526367188,554.4295043945312,,,,,,,,,,1656303,13794
1786083334,875147296,,,,,5,-1496.8145751953125,1031.68359375,-791.2828979492188,0.005658624693751335,-0.0814075767993927,-0.08570071309804916,0.9929733872413635,1,1656303,13794
1786083334,883367145,1,-88.77603912353516,110.90519714355469,554.2000732421875,,,,,,,,,,1656304,13794
1786083334,883367145,,,,,5,-1496.7840576171875,1031.6519775390625,-791.2907104492188,0.005481285508722067,-0.08138417452573776,-0.08577878028154373,0.9929695725440979,1,1656304,13794
1786083334,892023777,1,-88.68009185791016,110.46434783935547,554.1318359375,,,,,,,,,,1656305,13794
1786083334,892023777,,,,,5,-1496.7872314453125,1031.6893310546875,-791.2379760742188,0.00502691650763154,-0.08137159049510956,-0.08462720364332199,0.9930718541145325,1,1656305,13794
1786083334,900068856,1,-88.67266845703125,110.70165252685547,554.3082885742188,,,,,,,,,,1656306,13794
1786083334,900068856,,,,,5,-1496.7354736328125,1031.6651611328125,-791.3021240234375,0.005180183332413435,-0.08131075650453568,-0.08502323925495148,0.9930421710014343,1,1656306,13794
1786083334,908263720,1,-88.62164306640625,111.03646087646484,553.745361328125,,,,,,,,,,1656307,13794
1786083334,908263720,,,,,5,-1496.738525390625,1031.644775390625,-791.3199462890625,0.004139438271522522,-0.08121512830257416,-0.0806812047958374,0.9934170246124268,1,1656307,13794
1786083334,917010697,1,-88.74332427978516,110.59185028076172,554.2138671875,,,,,,,,,,1656308,13794
1786083334,917010697,,,,,5,-1496.73583984375,1031.5889892578125,-791.2855224609375,0.005106460768729448,-0.08121336251497269,-0.0836593508720398,0.993166446685791,1,1656308,13794
1786083334,924837144,1,-88.71092987060547,110.5712661743164,554.2868041992188,,,,,,,,,,1656309,13794
1786083334,924837144,,,,,5,-1496.7584228515625,1031.6396484375,-791.2822875976562,0.00540187256410718,-0.08121354132890701,-0.0845964103937149,0.993085503578186,1,1656309,13794
1786083334,933837111,1,-88.69003295898438,110.98538970947266,554.427978515625,,,,,,,,,,1656310,13794
1786083334,933837111,,,,,5,-1496.82763671875,1031.6676025390625,-791.2647094726562,0.005315773189067841,-0.08068972826004028,-0.08447496592998505,0.9931389689445496,1,1656310,13794
1786083334,941810337,1,-88.75055694580078,110.88587951660156,554.3760375976562,,,,,,,,,,1656311,13794
1786083334,941810337,,,,,5,-1496.803955078125,1031.710693359375,-791.2607421875,0.0057693468406796455,-0.08127303421497345,-0.08659215271472931,0.992906391620636,1,1656311,13794
1786083334,949858807,1,-88.71955871582031,110.86487579345703,554.322265625,,,,,,,,,,1656312,13794
1786083334,949858807,,,,,5,-1496.8634033203125,1031.7401123046875,-791.2430419921875,0.005941263400018215,-0.08087487518787384,-0.08746407181024551,0.9928615093231201,1,1656312,13794
1786083334,958855638,1,-88.7330551147461,111.12360382080078,554.32275390625,,,,,,,,,,1656313,13794
1786083334,958855638,,,,,5,-1496.8182373046875,1031.6783447265625,-791.2589721679688,0.0055050356313586235,-0.08124688267707825,-0.08542928844690323,0.9930107593536377,1,1656313,13794
1786083334,966827680,1,-88.8053207397461,110.4466781616211,554.2228393554688,,,,,,,,,,1656314,13794
1786083334,966827680,,,,,5,-1496.8104248046875,1031.329345703125,-791.3654174804688,0.0037010808009654284,-0.08206634223461151,-0.07585714012384415,0.9937289953231812,1,1656314,13794
1786083334,975188837,1,-88.77880096435547,110.98418426513672,554.2411499023438,,,,,,,,,,1656315,13794
1786083334,975188837,,,,,5,-1496.70751953125,1031.5809326171875,-791.3165893554688,0.0047773998230695724,-0.08122948557138443,-0.08290094137191772,0.9932303428649902,1,1656315,13794
1786083334,983880884,1,-88.75456237792969,110.86273956298828,554.3126220703125,,,,,,,,,,1656316,13794
1786083334,983880884,,,,,5,-1496.598876953125,1031.2716064453125,-791.4176635742188,0.003350649494677782,-0.081009641289711,-0.07545631378889084,0.9938473105430603,1,1656316,13794
1786083334,992042028,1,-88.6520767211914,110.98383331298828,554.4198608398438,,,,,,,,,,1656317,13794
1786083334,992042028,,,,,5,-1496.7939453125,1031.6082763671875,-791.2730102539062,0.004997636191546917,-0.0811905711889267,-0.08434906601905823,0.9931104779243469,1,1656317,13794
1786083334,999968258,1,-88.6360092163086,110.87902069091797,554.2772827148438,,,,,,,,,,1656318,13794
1786083334,999968258,,,,,5,-1496.80908203125,1031.7169189453125,-791.2250366210938,0.005520230159163475,-0.08147481828927994,-0.08662848174571991,0.9928882122039795,1,1656318,13794
1786083335,8430994,1,-88.43408203125,110.0229263305664,553.9729614257812,,,,,,,,,,1656319,13794
1786083335,8430994,,,,,5,-1496.7950439453125,1031.6439208984375,-791.2716674804688,0.004782132338732481,-0.08143850415945053,-0.08520667999982834,0.9930179119110107,1,1656319,13794
1786083335,16666622,1,-88.0046157836914,111.18963623046875,553.7637329101562,,,,,,,,,,1656320,13794
1786083335,16666622,,,,,5,-1496.767578125,1031.601318359375,-791.2695922851562,0.0050018951296806335,-0.08110712468624115,-0.08448842912912369,0.9931054711341858,1,1656320,13794
1786083335,25702939,1,-89.43448638916016,110.35826873779297,554.6200561523438,,,,,,,,,,1656321,13794
1786083335,25702939,,,,,5,-1496.78759765625,1031.6390380859375,-791.2539672851562,0.00479724258184433,-0.08135753124952316,-0.08365881443023682,0.9931563138961792,1,1656321,13794
1786083335,33830083,1,-89.44027709960938,110.4052734375,554.6322631835938,,,,,,,,,,1656322,13794
1786083335,33830083,,,,,5,-1496.7979736328125,1031.6246337890625,-791.2664184570312,0.0046311356127262115,-0.0813896656036377,-0.08456876873970032,0.9930772185325623,1,1656322,13794
1786083335,41581900,1,-89.56706237792969,109.17207336425781,554.3732299804688,,,,,,,,,,1656323,13794
1786083335,41581900,,,,,5,-1496.75390625,1031.5711669921875,-791.2482299804688,0.004627024754881859,-0.08115791529417038,-0.08361633867025375,0.9931768774986267,1,1656323,13794
1786083335,50598382,1,-89.50975799560547,110.19587707519531,554.5209350585938,,,,,,,,,,1656324,13794
1786083335,50598382,,,,,5,-1496.80859375,1031.60986328125,-791.250732421875,0.004510768223553896,-0.08108171820640564,-0.08418970555067062,0.9931352138519287,1,1656324,13794
1786083335,58953212,1,-89.57830810546875,110.1192855834961,554.4105224609375,,,,,,,,,,1656325,13794
1786083335,58953212,,,,,5,-1496.789306640625,1031.455078125,-791.1868896484375,0.002963130595162511,-0.08126900345087051,-0.07978712767362595,0.993489146232605,1,1656325,13794
1786083335,66780818,1,-89.58707427978516,109.13367462158203,554.3613891601562,,,,,,,,,,1656326,13794
1786083335,66780818,,,,,5,-1496.7657470703125,1031.4439697265625,-791.1791381835938,0.0030647777020931244,-0.08142934739589691,-0.08119378983974457,0.9933617115020752,1,1656326,13794
1786083335,75640380,1,-89.30508422851562,110.76591491699219,553.9395751953125,,,,,,,,,,1656327,13794
1786083335,75640380,,,,,5,-1496.435546875,1031.3165283203125,-791.271728515625,0.0006244503310881555,-0.08299008756875992,-0.07275047898292542,0.993891179561615,1,1656327,13794
1786083335,83648323,1,-89.38257598876953,110.02351379394531,553.8702392578125,,,,,,,,,,1656328,13794
1786083335,83648323,,,,,5,-1496.736083984375,1031.46826171875,-791.2421875,0.002241537906229496,-0.08110309392213821,-0.07763807475566864,0.9936747550964355,1,1656328,13794
1786083335,91776939,1,-89.62574768066406,109.1223373413086,554.378173828125,,,,,,,,,,1656329,13794
1786083335,91776939,,,,,5,-1496.7498779296875,1031.3968505859375,-791.20703125,0.002600304316729307,-0.08130945265293121,-0.07823963463306427,0.9936097860336304,1,1656329,13794
1786083335,100520948,1,-89.49016571044922,110.4616928100586,554.5989379882812,,,,,,,,,,1656330,13794
1786083335,100520948,,,,,5,-1497.0360107421875,1031.297119140625,-791.124755859375,0.0014851393643766642,-0.07961039990186691,-0.08288592845201492,0.9933730363845825,1,1656330,13794
1786083335,108361670,1,-89.51629638671875,110.09323120117188,554.5254516601562,,,,,,,,,,1656331,13794
1786083335,108361670,,,,,5,-1496.811279296875,1031.3245849609375,-791.1915893554688,0.0020313970744609833,-0.08151035755872726,-0.07963982969522476,0.9934833645820618,1,1656331,13794
1786083335,117405633,1,-89.45513916015625,110.44728088378906,554.5158081054688,,,,,,,,,,1656332,13794
1786083335,117405633,,,,,5,-1496.6629638671875,1031.400390625,-791.2766723632812,0.0017645354382693768,-0.08103324472904205,-0.07699587941169739,0.9937313795089722,1,1656332,13794
1786083335,125348409,1,-89.67313385009766,109.3825454711914,554.4320678710938,,,,,,,,,,1656333,13794
1786083335,125348409,,,,,5,-1496.5284423828125,1031.3953857421875,-791.26123046875,0.0016109879361465573,-0.08217491209506989,-0.07506111264228821,0.9937858581542969,1,1656333,13794
1786083335,133783634,1,-89.46149444580078,110.41494750976562,554.6047973632812,,,,,,,,,,1656334,13794
1786083335,133783634,,,,,5,-1496.7215576171875,1031.3892822265625,-791.2251586914062,0.00194220629055053,-0.08124487847089767,-0.07904225587844849,0.9935530424118042,1,1656334,13794
1786083335,143198732,1,-89.53484344482422,110.21036529541016,554.5682373046875,,,,,,,,,,1656335,13794
1786083335,143198732,,,,,5,-1496.7117919921875,1031.3638916015625,-791.2037353515625,0.002136161783710122,-0.08116333931684494,-0.07821007072925568,0.9936251640319824,1,1656335,13794
1786083335,150291552,1,-89.54933166503906,109.9194564819336,554.4921875,,,,,,,,,,1656336,13794
1786083335,150291552,,,,,5,-1496.6531982421875,1031.3197021484375,-791.2208251953125,0.001811342197470367,-0.08122431486845016,-0.07789602875709534,0.9936455488204956,1,1656336,13794
1786083335,158595451,1,-89.44207763671875,110.01702880859375,554.6243286132812,,,,,,,,,,1656337,13794
1786083335,158595451,,,,,5,-1496.642333984375,1031.3828125,-791.2439575195312,0.0015364856226369739,-0.08139157295227051,-0.07644012570381165,0.9937454462051392,1,1656337,13794
1786083335,166378812,1,-89.59571075439453,109.1451187133789,554.3839721679688,,,,,,,,,,1656338,13794
1786083335,166378812,,,,,5,-1496.655517578125,1031.3931884765625,-791.2517700195312,0.0017497970256954432,-0.08105682581663132,-0.07718107104301453,0.9937151074409485,1,1656338,13794
1786083335,175283547,1,-89.23664855957031,110.44279479980469,554.022216796875,,,,,,,,,,1656339,13794
1786083335,175283547,,,,,5,-1496.7862548828125,1031.4627685546875,-791.2691650390625,0.0013612790498882532,-0.0811404213309288,-0.07525060325860977,0.9938569664955139,1,1656339,13794
1786083335,183179487,1,-89.48566436767578,110.1249008178711,554.5101928710938,,,,,,,,,,1656340,13794
1786083335,183179487,,,,,5,-1496.707763671875,1031.4625244140625,-791.213134765625,0.0028983603697270155,-0.08111508190631866,-0.08192113041877747,0.9933281540870667,1,1656340,13794
1786083335,192430917,1,-89.41787719726562,110.28453826904297,554.5413208007812,,,,,,,,,,1656341,13794
1786083335,192430917,,,,,5,-1496.6751708984375,1031.4959716796875,-791.2128295898438,0.0030653199646621943,-0.08101268112659454,-0.07988446205854416,0.9935018420219421,1,1656341,13794
1786083335,200147319,1,-89.48688507080078,110.2134780883789,554.5409545898438,,,,,,,,,,1656342,13794
1786083335,200147319,,,,,5,-1496.706787109375,1031.457763671875,-791.1945190429688,0.002607113216072321,-0.08077041804790497,-0.08037103712558746,0.9934837222099304,1,1656342,13794
1786083335,208331249,1,-89.46150207519531,110.39332580566406,554.5877685546875,,,,,,,,,,1656343,13794
1786083335,208331249,,,,,5,-1496.723388671875,1031.495361328125,-791.1934204101562,0.002983412239700556,-0.08099782466888428,-0.08176835626363754,0.9933500289916992,1,1656343,13794
1786083335,217330103,1,-89.48818969726562,110.4852294921875,554.6397094726562,,,,,,,,,,1656344,13794
1786083335,217330103,,,,,5,-1496.6875,1031.5140380859375,-791.2601318359375,0.0026476806960999966,-0.0807754322886467,-0.0787627175450325,0.9936119318008423,1,1656344,13794
1786083335,225329793,1,-89.52052307128906,110.50398254394531,554.5475463867188,,,,,,,,,,1656345,13794
1786083335,225329793,,,,,5,-1496.7113037109375,1031.4962158203125,-791.240478515625,0.002969029126688838,-0.08058618754148483,-0.08026061207056046,0.9935064315795898,1,1656345,13794
1786083335,233136156,1,-89.4334945678711,110.08108520507812,554.5977783203125,,,,,,,,,,1656346,13794
1786083335,233136156,,,,,5,-1496.6795654296875,1031.4439697265625,-791.2030639648438,0.0032986379228532314,-0.08059235662221909,-0.08052075654268265,0.9934839606285095,1,1656346,13794
1786083335,241946611,1,-89.54522705078125,109.90582275390625,554.42822265625,,,,,,,,,,1656347,13794
1786083335,241946611,,,,,5,-1496.6868896484375,1031.4793701171875,-791.1862182617188,0.0030771768651902676,-0.08093048632144928,-0.08008439838886261,0.9934924840927124,1,1656347,13794
1786083335,250019434,1,-89.54962158203125,110.07341003417969,554.4946899414062,,,,,,,,,,1656348,13794
1786083335,250019434,,,,,5,-1496.6326904296875,1031.432861328125,-791.2718505859375,0.003082146169617772,-0.08068962395191193,-0.08025483042001724,0.9934982061386108,1,1656348,13794
1786083335,258974555,1,-89.51789093017578,109.99405670166016,554.5078125,,,,,,,,,,1656349,13794
1786083335,258974555,,,,,5,-1496.6531982421875,1031.48388671875,-791.224365234375,0.002643299289047718,-0.08148643374443054,-0.07998437434434891,0.9934563040733337,1,1656349,13794
1786083335,266805168,1,-89.5126724243164,110.11422729492188,554.4774169921875,,,,,,,,,,1656350,13794
1786083335,266805168,,,,,5,-1496.6995849609375,1031.5303955078125,-791.2000122070312,0.003021626966074109,-0.08097396045923233,-0.07993455231189728,0.9935011267662048,1,1656350,13794
1786083335,275021410,1,-89.49493408203125,110.08184814453125,554.5548095703125,,,,,,,,,,1656351,13794
1786083335,275021410,,,,,5,-1496.6099853515625,1031.4566650390625,-791.2393188476562,0.003308275481685996,-0.08058137446641922,-0.0791962742805481,0.99359130859375,1,1656351,13794
1786083335,283104917,1,-89.51712036132812,110.39169311523438,554.604736328125,,,,,,,,,,1656352,13794
1786083335,283104917,,,,,5,-1496.4713134765625,1031.5321044921875,-791.1383056640625,0.00265993969514966,-0.08327676355838776,-0.07756773382425308,0.9934995174407959,1,1656352,13794
1786083335,291693190,1,-89.5126724243164,110.4003677368164,554.5540161132812,,,,,,,,,,1656353,13794
1786083335,291693190,,,,,5,-1496.6217041015625,1031.4808349609375,-791.1961059570312,0.0025629750452935696,-0.08132775872945786,-0.07867401093244553,0.9935742020606995,1,1656353,13794
1786083335,299909047,1,-89.54849243164062,110.19561004638672,554.445068359375,,,,,,,,,,1656354,13794
1786083335,299909047,,,,,5,-1496.582763671875,1031.4383544921875,-791.1981811523438,0.002704391023144126,-0.08164623379707336,-0.07883833348751068,0.9935347437858582,1,1656354,13794
1786083335,309051513,1,-89.43439483642578,110.38855743408203,554.7192993164062,,,,,,,,,,1656355,13794
1786083335,309051513,,,,,5,-1496.6318359375,1031.46142578125,-791.1893920898438,0.0027990147937089205,-0.08124032616615295,-0.0800577700138092,0.9934701323509216,1,1656355,13794
1786083335,316833402,1,-89.49850463867188,110.5782699584961,554.61328125,,,,,,,,,,1656356,13794
1786083335,316833402,,,,,5,-1496.6307373046875,1031.4622802734375,-791.2001953125,0.0027668795082718134,-0.08133202791213989,-0.0790625661611557,0.9935424327850342,1,1656356,13794
1786083335,325068647,1,-89.504150390625,109.93173217773438,554.564208984375,,,,,,,,,,1656357,13794
1786083335,325068647,,,,,5,-1496.6451416015625,1031.4857177734375,-791.1671142578125,0.002703934907913208,-0.08128374069929123,-0.079842709004879,0.9934841394424438,1,1656357,13794
1786083335,333857956,1,-89.4461669921875,109.92644500732422,554.4818115234375,,,,,,,,,,1656358,13794
1786083335,333857956,,,,,5,-1496.6492919921875,1031.498779296875,-791.1766967773438,0.002715408569201827,-0.08142618089914322,-0.07899774610996246,0.9935400485992432,1,1656358,13794
1786083335,342165437,1,-89.4054946899414,110.2488784790039,554.56103515625,,,,,,,,,,1656359,13794
1786083335,342165437,,,,,5,-1496.631103515625,1031.4945068359375,-791.1654663085938,0.0028171378653496504,-0.08123360574245453,-0.07921260595321655,0.9935382604598999,1,1656359,13794
1786083335,349636271,1,-89.54097747802734,109.95245361328125,554.4496459960938,,,,,,,,,,1656360,13794
1786083335,349636271,,,,,5,-1496.6263427734375,1031.508056640625,-791.1972045898438,0.0028437383007258177,-0.081309475004673,-0.07942714542150497,0.993514895439148,1,1656360,13794
1786083335,358524978,1,-89.45105743408203,110.2844467163086,554.6031494140625,,,,,,,,,,1656361,13794
1786083335,358524978,,,,,5,-1496.6278076171875,1031.4969482421875,-791.2228393554688,0.002609873889014125,-0.08120086044073105,-0.07849165797233582,0.9935988187789917,1,1656361,13794
1786083335,366575822,1,-89.49536895751953,110.23460388183594,554.5376586914062,,,,,,,,,,1656362,13794
1786083335,366575822,,,,,5,-1496.6387939453125,1031.5087890625,-791.2199096679688,0.0033576388377696276,-0.08137189596891403,-0.08059877157211304,0.9934139251708984,1,1656362,13794
1786083335,374719954,1,-89.54576873779297,110.38931274414062,554.5484619140625,,,,,,,,,,1656363,13794
1786083335,374719954,,,,,5,-1496.6278076171875,1031.482177734375,-791.2423095703125,0.0035800158511847258,-0.08089818805456161,-0.07975470274686813,0.9935199022293091,1,1656363,13794
1786083335,383508207,1,-89.56041717529297,109.51025390625,554.453125,,,,,,,,,,1656364,13794
1786083335,383508207,,,,,5,-1496.6522216796875,1031.5238037109375,-791.2028198242188,0.002999288495630026,-0.08108697086572647,-0.07945239543914795,0.9935305714607239,1,1656364,13794
1786083335,391414129,1,-89.54448699951172,110.20756530761719,554.5719604492188,,,,,,,,,,1656365,13794
1786083335,391414129,,,,,5,-1496.640869140625,1031.4443359375,-791.12841796875,0.0026885319966822863,-0.08114280551671982,-0.07989966124296188,0.9934911131858826,1,1656365,13794
1786083335,400387614,1,-89.43096160888672,110.05223846435547,554.6104125976562,,,,,,,,,,1656366,13794
1786083335,400387614,,,,,5,-1496.6170654296875,1031.4989013671875,-791.2120971679688,0.0031832726672291756,-0.08110484480857849,-0.07968614250421524,0.993509829044342,1,1656366,13794
1786083335,408682619,1,-89.5195541381836,110.232666015625,554.5010986328125,,,,,,,,,,1656367,13794
1786083335,408682619,,,,,5,-1496.620361328125,1031.4468994140625,-791.1517944335938,0.003025897778570652,-0.08110477775335312,-0.0801379382610321,0.9934741258621216,1,1656367,13794
1786083335,416540425,1,-89.49401092529297,110.25767517089844,554.5970458984375,,,,,,,,,,1656368,13795
1786083335,416540425,,,,,5,-1496.6461181640625,1031.490234375,-791.1685180664062,0.002799284178763628,-0.08131762593984604,-0.07892221957445145,0.9935545921325684,1,1656368,13795
1786083335,425665583,1,-89.50957489013672,109.79780578613281,554.4120483398438,,,,,,,,,,1656369,13795
1786083335,425665583,,,,,5,-1496.6334228515625,1031.4483642578125,-791.1537475585938,0.002496291184797883,-0.08126989752054214,-0.07920235395431519,0.9935370683670044,1,1656369,13795
1786083335,433355048,1,-89.57088470458984,110.36954498291016,554.5365600585938,,,,,,,,,,1656370,13795
1786083335,433355048,,,,,5,-1496.5865478515625,1031.453125,-791.2114868164062,0.0031133750453591347,-0.08110212534666061,-0.0793871358036995,0.9935343265533447,1,1656370,13795
1786083335,441542977,1,-89.44429779052734,110.26911163330078,554.6583251953125,,,,,,,,,,1656371,13795
1786083335,441542977,,,,,5,-1496.620361328125,1031.4925537109375,-791.1581420898438,0.0026291508693248034,-0.08147066086530685,-0.07999768853187561,0.9934566020965576,1,1656371,13795
1786083335,450363062,1,-89.56786346435547,110.23323059082031,554.4618530273438,,,,,,,,,,1656372,13795
1786083335,450363062,,,,,5,-1496.6199951171875,1031.4813232421875,-791.2269287109375,0.0034143109805881977,-0.08103690296411514,-0.07998248189687729,0.9934908747673035,1,1656372,13795
1786083335,458265240,1,-89.44583892822266,110.15303039550781,554.5278930664062,,,,,,,,,,1656373,13795
1786083335,458265240,,,,,5,-1496.6197509765625,1031.4560546875,-791.150390625,0.002672442700713873,-0.08143641799688339,-0.07929862290620804,0.9935153126716614,1,1656373,13795
1786083335,466369446,1,-89.59856414794922,109.99858856201172,554.4989013671875,,,,,,,,,,1656374,13795
1786083335,466369446,,,,,5,-1496.621826171875,1031.4827880859375,-791.1742553710938,0.003010938875377178,-0.08120720088481903,-0.0792265385389328,0.9935387969017029,1,1656374,13795
1786083335,475244269,1,-89.55288696289062,109.29719543457031,554.365478515625,,,,,,,,,,1656375,13795
1786083335,475244269,,,,,5,-1496.6087646484375,1031.48974609375,-791.2235717773438,0.003585004946216941,-0.08118488639593124,-0.08072479814291,0.9934180974960327,1,1656375,13795
1786083335,483197602,1,-89.50601959228516,110.22246551513672,554.617431640625,,,,,,,,,,1656376,13795
1786083335,483197602,,,,,5,-1496.605224609375,1031.4969482421875,-791.2179565429688,0.003297177841886878,-0.08126533776521683,-0.07977098226547241,0.9934896230697632,1,1656376,13795
1786083335,492191114,1,-89.5002670288086,110.11199188232422,554.5301513671875,,,,,,,,,,1656377,13795
1786083335,492191114,,,,,5,-1496.6246337890625,1031.483642578125,-791.1673583984375,0.0028033724520355463,-0.0812213271856308,-0.07913569360971451,0.9935455918312073,1,1656377,13795
1786083335,500143712,1,-89.54168701171875,110.29307556152344,554.5370483398438,,,,,,,,,,1656378,13795
1786083335,500143712,,,,,5,-1496.6021728515625,1031.4918212890625,-791.2122802734375,0.0033292905427515507,-0.0812251940369606,-0.0799650326371193,0.9934772253036499,1,1656378,13795
1786083335,508487184,1,-89.56352233886719,110.13113403320312,554.5159301757812,,,,,,,,,,1656379,13795
1786083335,508487184,,,,,5,-1496.5882568359375,1031.4808349609375,-791.212158203125,0.003170008072629571,-0.08115186542272568,-0.0793105959892273,0.9935360550880432,1,1656379,13795
1786083335,516325443,1,-89.5525131225586,109.90020751953125,554.4396362304688,,,,,,,,,,1656380,13795
1786083335,516325443,,,,,5,-1496.609375,1031.4520263671875,-791.2179565429688,0.0031990520656108856,-0.08102698624134064,-0.07928094267845154,0.9935486316680908,1,1656380,13795
1786083335,525160500,1,-89.49108123779297,110.24781799316406,554.6102294921875,,,,,,,,,,1656381,13795
1786083335,525160500,,,,,5,-1496.5926513671875,1031.3966064453125,-791.14404296875,0.0027668881230056286,-0.08159174025058746,-0.07925606518983841,0.9935057163238525,1,1656381,13795
1786083335,533333425,1,-89.51937103271484,110.4543228149414,554.5048828125,,,,,,,,,,1656382,13795
1786083335,533333425,,,,,5,-1496.6988525390625,1031.4520263671875,-791.2028198242188,0.0030748751014471054,-0.08055499196052551,-0.08115755766630173,0.9934359192848206,1,1656382,13795
1786083335,540736852,1,-89.53723907470703,110.3741683959961,554.5870971679688,,,,,,,,,,1656383,13795
1786083335,540736852,,,,,5,-1496.6397705078125,1031.4688720703125,-791.2197265625,0.003468894399702549,-0.08118366450071335,-0.08078460395336151,0.9934138655662537,1,1656383,13795
1786083335,549980027,1,-89.46248626708984,110.33551788330078,554.535888671875,,,,,,,,,,1656384,13795
1786083335,549980027,,,,,5,-1496.586669921875,1031.4500732421875,-791.1694946289062,0.002545270835980773,-0.081974096596241,-0.08017297089099884,0.9934012293815613,1,1656384,13795
1786083335,558205866,1,-89.44123840332031,110.36483001708984,554.6527709960938,,,,,,,,,,1656385,13795
1786083335,558205866,,,,,5,-1496.5726318359375,1031.503173828125,-791.1433715820312,0.002969658002257347,-0.08187222480773926,-0.07888694107532501,0.9935113787651062,1,1656385,13795
1786083335,566959216,1,-89.49419403076172,110.07903289794922,554.4412231445312,,,,,,,,,,1656386,13795
1786083335,566959216,,,,,5,-1496.6170654296875,1031.419921875,-791.1627807617188,0.002527679083868861,-0.08126413822174072,-0.07969405502080917,0.9934980869293213,1,1656386,13795
1786083335,575156678,1,-89.50965881347656,109.88141632080078,554.5064697265625,,,,,,,,,,1656387,13795
1786083335,575156678,,,,,5,-1496.6005859375,1031.47314453125,-791.2511596679688,0.003172175493091345,-0.08106458932161331,-0.08122222125530243,0.9933887720108032,1,1656387,13795
1786083335,583439078,1,-89.555908203125,110.29463958740234,554.5064086914062,,,,,,,,,,1656388,13795
1786083335,583439078,,,,,5,-1496.5889892578125,1031.4215087890625,-791.2402954101562,0.0031593323219567537,-0.08125372976064682,-0.07995078712701797,0.9934766292572021,1,1656388,13795
1786083335,591994560,1,-89.17124938964844,110.92765045166016,554.20068359375,,,,,,,,,,1656389,13795
1786083335,591994560,,,,,5,-1496.614990234375,1031.4595947265625,-791.24951171875,0.0029644810128957033,-0.0813475176692009,-0.08042596280574799,0.9934311509132385,1,1656389,13795
1786083335,600038014,1,-89.5118179321289,110.51036834716797,554.63427734375,,,,,,,,,,1656390,13795
1786083335,600038014,,,,,5,-1496.6385498046875,1031.4613037109375,-791.2494506835938,0.003646924626082182,-0.08112312853336334,-0.08167984336614609,0.9933449029922485,1,1656390,13795
1786083335,608798594,1,-89.55770111083984,110.26180267333984,554.4814453125,,,,,,,,,,1656391,13795
1786083335,608798594,,,,,5,-1496.6292724609375,1031.484375,-791.2024536132812,0.002941468497738242,-0.08111973851919174,-0.0795748308300972,0.9935184121131897,1,1656391,13795
1786083335,616773170,1,-89.59748840332031,109.38713836669922,554.4357299804688,,,,,,,,,,1656392,13795
1786083335,616773170,,,,,5,-1496.6295166015625,1031.45703125,-791.2271728515625,0.0029012272134423256,-0.08129651844501495,-0.08069796115159988,0.9934134483337402,1,1656392,13795
1786083335,624996993,1,-89.54389190673828,109.98818969726562,554.4606323242188,,,,,,,,,,1656393,13795
1786083335,624996993,,,,,5,-1496.6632080078125,1031.4910888671875,-791.2345581054688,0.0029830182902514935,-0.08114079385995865,-0.08073919266462326,0.9934225678443909,1,1656393,13795
1786083335,633011814,1,-89.45894622802734,110.18363189697266,554.490234375,,,,,,,,,,1656394,13795
1786083335,633011814,,,,,5,-1496.676025390625,1031.5047607421875,-791.2800903320312,0.003241869853809476,-0.08086631447076797,-0.08090083301067352,0.993431031703949,1,1656394,13795
1786083335,641669285,1,-89.5200424194336,109.77803039550781,554.4397583007812,,,,,,,,,,1656395,13795
1786083335,641669285,,,,,5,-1496.6617431640625,1031.434814453125,-791.1989135742188,0.00260716094635427,-0.081583671271801,-0.08085697144269943,0.9933778047561646,1,1656395,13795
1786083335,649726688,1,-89.42072296142578,110.19853973388672,554.7225341796875,,,,,,,,,,1656396,13795
1786083335,649726688,,,,,5,-1496.6307373046875,1031.3812255859375,-791.1940307617188,0.0028871686663478613,-0.0812368392944336,-0.08069747686386108,0.9934184551239014,1,1656396,13795
1786083335,658715465,1,-89.53633880615234,109.83869171142578,554.4256591796875,,,,,,,,,,1656397,13795
1786083335,658715465,,,,,5,-1496.6048583984375,1031.4112548828125,-791.2350463867188,0.0031135138124227524,-0.08104164153337479,-0.08120103180408478,0.9933925867080688,1,1656397,13795
1786083335,666695735,1,-89.607666015625,109.4606704711914,554.4786987304688,,,,,,,,,,1656398,13795
1786083335,666695735,,,,,5,-1496.7508544921875,1031.4466552734375,-791.27392578125,0.003200744278728962,-0.07986555993556976,-0.08083287626504898,0.9935175776481628,1,1656398,13795
1786083335,675719511,1,-89.59545135498047,109.88539123535156,554.5260009765625,,,,,,,,,,1656399,13795
1786083335,675719511,,,,,5,-1496.6722412109375,1031.4364013671875,-791.3125,0.0030845950823277235,-0.08090849965810776,-0.08020374178886414,0.993484616279602,1,1656399,13795
1786083335,683860892,1,-89.56805419921875,109.9615249633789,554.45068359375,,,,,,,,,,1656400,13795
1786083335,683860892,,,,,5,-1496.711669921875,1031.402587890625,-791.2772827148438,0.0031435354612767696,-0.08086266368627548,-0.08139724284410477,0.9933910369873047,1,1656400,13795
1786083335,691853415,1,-89.53585052490234,110.06192779541016,554.4695434570312,,,,,,,,,,1656401,13795
1786083335,691853415,,,,,5,-1496.68798828125,1031.4466552734375,-791.2926025390625,0.002729052910581231,-0.08046359568834305,-0.07957793027162552,0.9935720562934875,1,1656401,13795
1786083335,699797055,1,-89.4781723022461,109.89306640625,554.57568359375,,,,,,,,,,1656402,13795
1786083335,699797055,,,,,5,-1496.6468505859375,1031.4129638671875,-791.317138671875,0.00279062008485198,-0.08064762502908707,-0.07941094785928726,0.9935703277587891,1,1656402,13795
1786083335,708871250,1,-89.65119934082031,109.26321411132812,554.3250732421875,,,,,,,,,,1656403,13795
1786083335,708871250,,,,,5,-1496.7181396484375,1031.4659423828125,-791.27587890625,0.0023849974386394024,-0.08044767379760742,-0.0777079239487648,0.9937223196029663,1,1656403,13795
1786083335,716550030,1,-89.42345428466797,110.39353942871094,554.6712036132812,,,,,,,,,,1656404,13795
1786083335,716550030,,,,,5,-1496.692626953125,1031.4957275390625,-791.2630004882812,0.0027637474704533815,-0.08057983219623566,-0.07950734347105026,0.9935681819915771,1,1656404,13795
1786083335,725548661,1,-89.49176025390625,110.23700714111328,554.6292114257812,,,,,,,,,,1656405,13795
1786083335,725548661,,,,,5,-1496.6937255859375,1031.5106201171875,-791.2615356445312,0.002932049799710512,-0.08074787259101868,-0.0802021324634552,0.9934982657432556,1,1656405,13795
1786083335,733583253,1,-90.87123107910156,109.35753631591797,555.305908203125,,,,,,,,,,1656406,13795
1786083335,733583253,,,,,5,-1496.6680908203125,1031.4346923828125,-791.2833251953125,0.003012663684785366,-0.08056487888097763,-0.07918282598257065,0.9935945868492126,1,1656406,13795
1786083335,741703903,1,-90.10287475585938,109.95831298828125,554.940673828125,,,,,,,,,,1656407,13795
1786083335,741703903,,,,,5,-1496.64404296875,1031.45556640625,-791.2847900390625,0.003001375123858452,-0.0808192566037178,-0.08016885071992874,0.993494987487793,1,1656407,13795
1786083335,749889336,1,-89.44449615478516,110.2541275024414,554.6376953125,,,,,,,,,,1656408,13795
1786083335,749889336,,,,,5,-1496.6890869140625,1031.4130859375,-791.2433471679688,0.0028513651341199875,-0.08072022348642349,-0.08015968650579453,0.9935041069984436,1,1656408,13795
1786083335,758634816,1,-89.04424285888672,110.40930938720703,554.3927612304688,,,,,,,,,,1656409,13795
1786083335,758634816,,,,,5,-1496.665771484375,1031.4442138671875,-791.302490234375,0.0031200179364532232,-0.08090589195489883,-0.0797547921538353,0.993520975112915,1,1656409,13795
1786083335,766448058,1,-88.8741455078125,110.00719451904297,554.1328125,,,,,,,,,,1656410,13795
1786083335,766448058,,,,,5,-1496.6939697265625,1031.425537109375,-791.2371215820312,0.0023018470965325832,-0.08090528845787048,-0.08017466962337494,0.9934893250465393,1,1656410,13795
1786083335,775381809,1,-88.76789093017578,110.56078338623047,554.258544921875,,,,,,,,,,1656411,13795
1786083335,775381809,,,,,5,-1496.6884765625,1031.4891357421875,-791.2628173828125,0.0029076633509248495,-0.08077671378850937,-0.0796310156583786,0.9935418963432312,1,1656411,13795
1786083335,783376668,1,-88.7352294921875,110.82530975341797,554.2892456054688,,,,,,,,,,1656412,13795
1786083335,783376668,,,,,5,-1496.6900634765625,1031.471923828125,-791.2794799804688,0.002603988628834486,-0.08081626892089844,-0.078713558614254,0.9936127066612244,1,1656412,13795
1786083335,791602187,1,-88.75431060791016,111.0663833618164,554.3084716796875,,,,,,,,,,1656413,13795
1786083335,791602187,,,,,5,-1496.681396484375,1031.5067138671875,-791.3042602539062,0.002927374327555299,-0.08112280070781708,-0.08006033301353455,0.9934791326522827,1,1656413,13795
1786083335,800245229,1,-88.75889587402344,110.90409088134766,554.282470703125,,,,,,,,,,1656414,13795
1786083335,800245229,,,,,5,-1496.6912841796875,1031.4390869140625,-791.3011474609375,0.0029857377521693707,-0.08061104267835617,-0.07959625124931335,0.9935579895973206,1,1656414,13795
1786083335,808348444,1,-88.82398986816406,110.73541259765625,554.182373046875,,,,,,,,,,1656415,13795
1786083335,808348444,,,,,5,-1496.6495361328125,1031.45263671875,-791.2565307617188,0.002792991464957595,-0.08089468628168106,-0.07922011613845825,0.9935654997825623,1,1656415,13795
1786083335,816319148,1,-88.65397644042969,110.93189239501953,554.3336181640625,,,,,,,,,,1656416,13795
1786083335,816319148,,,,,5,-1496.6727294921875,1031.4671630859375,-791.2738647460938,0.0025328914634883404,-0.08104370534420013,-0.07931313663721085,0.9935466647148132,1,1656416,13795
1786083335,825127077,1,-88.7675552368164,109.91593170166016,554.142333984375,,,,,,,,,,1656417,13795
1786083335,825127077,,,,,5,-1496.6595458984375,1031.4188232421875,-791.2196655273438,0.002334791934117675,-0.08098379522562027,-0.07955808192491531,0.9935323596000671,1,1656417,13795
1786083335,833318844,1,-88.72183227539062,110.47589874267578,554.227783203125,,,,,,,,,,1656418,13795
1786083335,833318844,,,,,5,-1496.7322998046875,1031.5081787109375,-791.2741088867188,0.002849089214578271,-0.08065889775753021,-0.07998865097761154,0.9935228824615479,1,1656418,13795
1786083335,842128244,1,-88.7507095336914,110.62525177001953,554.224609375,,,,,,,,,,1656419,13795
1786083335,842128244,,,,,5,-1496.6361083984375,1031.462646484375,-791.2760620117188,0.003163342596963048,-0.08081422746181488,-0.07944676280021667,0.9935527443885803,1,1656419,13795
1786083335,850280405,1,-88.83634948730469,110.75096130371094,554.2520141601562,,,,,,,,,,1656420,13795
1786083335,850280405,,,,,5,-1496.6689453125,1031.4305419921875,-791.243408203125,0.002880627755075693,-0.08096864074468613,-0.08119012415409088,0.9934002161026001,1,1656420,13795
1786083335,858321364,1,-88.76701354980469,110.4612808227539,554.1868896484375,,,,,,,,,,1656421,13795
1786083335,858321364,,,,,5,-1496.660888671875,1031.4559326171875,-791.2938842773438,0.003215046599507332,-0.08083339780569077,-0.08070321381092072,0.993449866771698,1,1656421,13795
1786083335,867209527,1,-88.76656341552734,110.55551147460938,554.28515625,,,,,,,,,,1656422,13795
1786083335,867209527,,,,,5,-1496.6700439453125,1031.4754638671875,-791.2504272460938,0.0028692111372947693,-0.08070974051952362,-0.08002730458974838,0.99351567029953,1,1656422,13795
1786083335,875095262,1,-88.74783325195312,110.65459442138672,554.1434326171875,,,,,,,,,,1656423,13795
1786083335,875095262,,,,,5,-1496.67626953125,1031.470947265625,-791.2657470703125,0.0029087939765304327,-0.08081259578466415,-0.08039391040802002,0.993477463722229,1,1656423,13795
1786083335,883473733,1,-88.76091003417969,110.01968383789062,554.2188720703125,,,,,,,,,,1656424,13795
1786083335,883473733,,,,,5,-1496.7186279296875,1031.436767578125,-791.2566528320312,0.0031265937723219395,-0.08056928962469101,-0.08073407411575317,0.9934691190719604,1,1656424,13795
1786083335,891981707,1,-88.77490997314453,110.14008331298828,554.199951171875,,,,,,,,,,1656425,13795
1786083335,891981707,,,,,5,-1496.6781005859375,1031.514892578125,-791.2771606445312,0.0028315989766269922,-0.08097806572914124,-0.08047632873058319,0.9934576749801636,1,1656425,13795
1786083335,900198652,1,-88.64114379882812,110.54811096191406,554.22021484375,,,,,,,,,,1656426,13795
1786083335,900198652,,,,,5,-1496.6884765625,1031.446044921875,-791.2227172851562,0.002720803255215287,-0.0807066410779953,-0.07917521893978119,0.9935845136642456,1,1656426,13795
1786083335,908074309,1,-88.78520202636719,110.6718521118164,554.2318115234375,,,,,,,,,,1656427,13795
1786083335,908074309,,,,,5,-1496.6580810546875,1031.4765625,-791.3020629882812,0.003345904406160116,-0.08041960746049881,-0.08052732795476913,0.993497371673584,1,1656427,13795
1786083335,917180784,1,-88.78730773925781,110.86356353759766,554.2186279296875,,,,,,,,,,1656428,13795
1786083335,917180784,,,,,5,-1496.6624755859375,1031.4256591796875,-791.2874755859375,0.0027650007978081703,-0.08071129769086838,-0.08021321147680283,0.9935007691383362,1,1656428,13795
1786083335,925145250,1,-88.72455596923828,110.76095581054688,554.2960205078125,,,,,,,,,,1656429,13795
1786083335,925145250,,,,,5,-1496.6939697265625,1031.4725341796875,-791.2941284179688,0.0032842860091477633,-0.08041995763778687,-0.08040134608745575,0.9935077428817749,1,1656429,13795
1786083335,933023627,1,-88.79115295410156,110.9539566040039,554.2506103515625,,,,,,,,,,1656430,13795
1786083335,933023627,,,,,5,-1496.6583251953125,1031.4190673828125,-791.26318359375,0.0032192408107221127,-0.08082564920186996,-0.08189866691827774,0.9933527112007141,1,1656430,13795
1786083335,941829732,1,-88.70631408691406,110.86482238769531,554.3132934570312,,,,,,,,,,1656431,13795
1786083335,941829732,,,,,5,-1496.6568603515625,1031.4354248046875,-791.2762451171875,0.003007387975230813,-0.08081275969743729,-0.08099536597728729,0.9934284687042236,1,1656431,13795
1786083335,949848712,1,-88.623291015625,111.52560424804688,553.88232421875,,,,,,,,,,1656432,13795
1786083335,949848712,,,,,5,-1496.7061767578125,1031.498291015625,-791.317138671875,0.0028760621789842844,-0.08067549765110016,-0.08037173748016357,0.9934906363487244,1,1656432,13795
1786083335,958113548,1,-88.81134796142578,111.08626556396484,554.3521728515625,,,,,,,,,,1656433,13795
1786083335,958113548,,,,,5,-1496.6907958984375,1031.4364013671875,-791.2811279296875,0.003062376519665122,-0.08091721683740616,-0.08126969635486603,0.9933974146842957,1,1656433,13795
1786083335,966750481,1,-88.77835083007812,110.50774383544922,554.2733154296875,,,,,,,,,,1656434,13795
1786083335,966750481,,,,,5,-1496.66650390625,1031.4459228515625,-791.2353515625,0.0024997922591865063,-0.08082760870456696,-0.08028964698314667,0.9934859275817871,1,1656434,13795
1786083335,974980350,1,-88.74343872070312,110.75152587890625,554.2601318359375,,,,,,,,,,1656435,13795
1786083335,974980350,,,,,5,-1496.6610107421875,1031.4373779296875,-791.2922973632812,0.003004537196829915,-0.08069617301225662,-0.08038749545812607,0.9934872388839722,1,1656435,13795
1786083335,983162936,1,-88.71167755126953,110.9727783203125,554.3374633789062,,,,,,,,,,1656436,13795
1786083335,983162936,,,,,5,-1496.6973876953125,1031.466796875,-791.2615356445312,0.002606024034321308,-0.08079429715871811,-0.0801447257399559,0.9935001134872437,1,1656436,13795
1786083335,991582869,1,-88.79153442382812,110.57853698730469,554.2207641601562,,,,,,,,,,1656437,13795
1786083335,991582869,,,,,5,-1496.66552734375,1031.4794921875,-791.2957153320312,0.0025356754194945097,-0.08097456395626068,-0.07946331799030304,0.9935402274131775,1,1656437,13795
1786083335,999991956,1,-88.80488586425781,110.75311279296875,554.1947021484375,,,,,,,,,,1656438,13795
1786083335,999991956,,,,,5,-1496.7066650390625,1031.506103515625,-791.2887573242188,0.0028225621208548546,-0.08082707971334457,-0.07983224838972092,0.9935219287872314,1,1656438,13795
1786083336,8574956,1,-88.75152587890625,110.97666931152344,554.284912109375,,,,,,,,,,1656439,13795
1786083336,8574956,,,,,5,-1496.6373291015625,1031.4344482421875,-791.2890014648438,0.002893171040341258,-0.08085037022829056,-0.07906119525432587,0.9935815334320068,1,1656439,13795
1786083336,16535334,1,-88.77498626708984,110.48929595947266,554.1405029296875,,,,,,,,,,1656440,13795
1786083336,16535334,,,,,5,-1496.6898193359375,1031.51220703125,-791.2600708007812,0.002595530590042472,-0.08096762001514435,-0.07986703515052795,0.9935082793235779,1,1656440,13795
1786083336,24830857,1,-88.81562805175781,110.70250701904297,554.2000122070312,,,,,,,,,,1656441,13795
1786083336,24830857,,,,,5,-1496.6895751953125,1031.415771484375,-791.3310546875,0.0026175840757787228,-0.08044769614934921,-0.0800325945019722,0.993537187576294,1,1656441,13795
1786083336,33459799,1,-88.78327178955078,110.86479949951172,554.21826171875,,,,,,,,,,1656442,13795
1786083336,33459799,,,,,5,-1496.7164306640625,1031.4949951171875,-791.3861694335938,0.0030214879661798477,-0.08022534102201462,-0.08019052445888519,0.9935411810874939,1,1656442,13795
1786083336,41662610,1,-88.85807037353516,110.97366333007812,554.1597900390625,,,,,,,,,,1656443,13795
1786083336,41662610,,,,,5,-1496.70703125,1031.4554443359375,-791.3787231445312,0.0027818833477795124,-0.08007334172725677,-0.07903644442558289,0.9936466813087463,1,1656443,13795
1786083336,49547584,1,-88.77590942382812,110.89412689208984,554.2584838867188,,,,,,,,,,1656444,13795
1786083336,49547584,,,,,5,-1496.702392578125,1031.448974609375,-791.35205078125,0.0026699460577219725,-0.08025763183832169,-0.08132140338420868,0.9934477806091309,1,1656444,13795
1786083336,58383288,1,-88.73290252685547,110.55671691894531,554.275390625,,,,,,,,,,1656445,13795
1786083336,58383288,,,,,5,-1496.6624755859375,1031.4481201171875,-791.279052734375,0.0023102941922843456,-0.08094563335180283,-0.07892976701259613,0.9935857057571411,1,1656445,13795
1786083336,66261095,1,-88.8407974243164,111.31143951416016,554.3460693359375,,,,,,,,,,1656446,13795
1786083336,66261095,,,,,5,-1496.6630859375,1031.4681396484375,-791.2450561523438,0.002631432143971324,-0.08099803328514099,-0.08057551831007004,0.9934484362602234,1,1656446,13795
1786083336,74801963,1,-88.77538299560547,110.91768646240234,554.2423095703125,,,,,,,,,,1656447,13795
1786083336,74801963,,,,,5,-1496.673583984375,1031.5244140625,-791.3064575195312,0.00326991593465209,-0.08062208443880081,-0.0806283950805664,0.9934728741645813,1,1656447,13795
1786083336,83242793,1,-88.76023864746094,110.55646514892578,554.2216186523438,,,,,,,,,,1656448,13795
1786083336,83242793,,,,,5,-1496.673095703125,1031.5067138671875,-791.2984008789062,0.003123236820101738,-0.08056656271219254,-0.07971416413784027,0.9935516715049744,1,1656448,13795
1786083336,91231868,1,-88.75374603271484,110.96588134765625,554.3412475585938,,,,,,,,,,1656449,13795
1786083336,91231868,,,,,5,-1496.6846923828125,1031.4925537109375,-791.3184814453125,0.002755730878561735,-0.08033265918493271,-0.07927197217941284,0.9936071038246155,1,1656449,13795
1786083336,100184342,1,-88.77812957763672,110.67423248291016,554.2001953125,,,,,,,,,,1656450,13795
1786083336,100184342,,,,,5,-1496.626220703125,1031.4520263671875,-791.3038940429688,0.003294678870588541,-0.08075550198554993,-0.07977915555238724,0.9935305714607239,1,1656450,13795
1786083336,108244502,1,-88.75836944580078,110.0307388305664,554.0823364257812,,,,,,,,,,1656451,13795
1786083336,108244502,,,,,5,-1496.6688232421875,1031.4560546875,-791.3021850585938,0.0032813712023198605,-0.08097735047340393,-0.08097834885120392,0.9934155344963074,1,1656451,13795
1786083336,116298648,1,-88.78256225585938,110.9917221069336,554.3035888671875,,,,,,,,,,1656452,13795
1786083336,116298648,,,,,5,-1496.6746826171875,1031.4708251953125,-791.2476806640625,0.003167415037751198,-0.08053024113178253,-0.08086206763982773,0.9934617280960083,1,1656452,13795
1786083336,125116661,1,-88.78433227539062,111.02779388427734,554.2385864257812,,,,,,,,,,1656453,13795
1786083336,125116661,,,,,5,-1496.62841796875,1031.4256591796875,-791.2623901367188,0.003017785493284464,-0.08104855567216873,-0.08112265914678574,0.9933987855911255,1,1656453,13795
1786083336,133377249,1,-88.73826599121094,110.99158477783203,554.3649291992188,,,,,,,,,,1656454,13795
1786083336,133377249,,,,,5,-1496.640869140625,1031.44580078125,-791.2682495117188,0.0033141402527689934,-0.08061078935861588,-0.08125155419111252,0.9934229850769043,1,1656454,13795
1786083336,141819039,1,-88.73192596435547,110.56179809570312,554.2332153320312,,,,,,,,,,1656455,13795
1786083336,141819039,,,,,5,-1496.6943359375,1031.4815673828125,-791.2694702148438,0.0030048522166907787,-0.08062395453453064,-0.08116911351680756,0.9934296011924744,1,1656455,13795
1786083336,149509407,1,-88.7574691772461,110.83600616455078,554.2861328125,,,,,,,,,,1656456,13795
1786083336,149509407,,,,,5,-1496.67724609375,1031.46484375,-791.2628784179688,0.002912831725552678,-0.08063707500696182,-0.08054138720035553,0.99347984790802,1,1656456,13795
1786083336,158226390,1,-88.82749938964844,110.72317504882812,554.2296142578125,,,,,,,,,,1656457,13795
1786083336,158226390,,,,,5,-1496.6014404296875,1031.4739990234375,-791.2595825195312,0.002873281016945839,-0.08091524243354797,-0.08033549040555954,0.993474006652832,1,1656457,13795
1786083336,166175986,1,-88.7646484375,110.7328872680664,554.2533569335938,,,,,,,,,,1656458,13795
1786083336,166175986,,,,,5,-1496.63330078125,1031.41162109375,-791.2579345703125,0.0032277351710945368,-0.08079537749290466,-0.08143531531095505,0.9933931231498718,1,1656458,13795
1786083336,174915075,1,-88.7203140258789,110.94740295410156,554.353515625,,,,,,,,,,1656459,13795
1786083336,174915075,,,,,5,-1496.6353759765625,1031.474365234375,-791.2711791992188,0.002970306668430567,-0.08095761388540268,-0.08062999695539474,0.993446409702301,1,1656459,13795
1786083336,183166642,1,-88.59331512451172,110.70799255371094,554.248779296875,,,,,,,,,,1656460,13795
1786083336,183166642,,,,,5,-1496.6236572265625,1031.4471435546875,-791.294189453125,0.0027564403135329485,-0.08073766529560089,-0.07996433228254318,0.9935187101364136,1,1656460,13795
1786083336,191961685,1,-87.79434967041016,110.5533676147461,554.3640747070312,,,,,,,,,,1656461,13795
1786083336,191961685,,,,,5,-1496.655517578125,1031.4410400390625,-791.244873046875,0.003292983630672097,-0.0810687392950058,-0.08156892657279968,0.9933596849441528,1,1656461,13795
1786083336,199813899,1,-88.6513442993164,111.18122100830078,554.5528564453125,,,,,,,,,,1656462,13795
1786083336,199813899,,,,,5,-1496.6322021484375,1031.4886474609375,-791.2880249023438,0.003119681030511856,-0.08085917681455612,-0.08042526245117188,0.9934706091880798,1,1656462,13795
1786083336,208219378,1,-88.76583099365234,111.07061004638672,554.3201293945312,,,,,,,,,,1656463,13795
1786083336,208219378,,,,,5,-1496.6431884765625,1031.4576416015625,-791.262451171875,0.0027800153475254774,-0.08095093071460724,-0.08045192807912827,0.9934619665145874,1,1656463,13795
1786083336,216877688,1,-88.73684692382812,111.06991577148438,554.3256225585938,,,,,,,,,,1656464,13795
1786083336,216877688,,,,,5,-1496.6494140625,1031.476806640625,-791.3096923828125,0.0032124225981533527,-0.08066015690565109,-0.08099351078271866,0.9934402704238892,1,1656464,13795
1786083336,225036607,1,-88.76864624023438,110.53614807128906,554.2534790039062,,,,,,,,,,1656465,13795
1786083336,225036607,,,,,5,-1496.6170654296875,1031.4913330078125,-791.2432861328125,0.003411137266084552,-0.08080144971609116,-0.08143534511327744,0.9933920502662659,1,1656465,13795
1786083336,232933001,1,-88.74594116210938,110.78776550292969,554.3579711914062,,,,,,,,,,1656466,13795
1786083336,232933001,,,,,5,-1496.6605224609375,1031.4500732421875,-791.2962646484375,0.0035564356949180365,-0.08049789816141129,-0.08133142441511154,0.993424654006958,1,1656466,13795
1786083336,241819764,1,-88.67025756835938,110.97633361816406,554.3974609375,,,,,,,,,,1656467,13795
1786083336,241819764,,,,,5,-1496.648193359375,1031.4593505859375,-791.3206176757812,0.003275403520092368,-0.0804583728313446,-0.08101867884397507,0.9934543967247009,1,1656467,13795
1786083336,249807367,1,-88.69532775878906,111.1072769165039,554.397216796875,,,,,,,,,,1656468,13795
1786083336,249807367,,,,,5,-1496.6942138671875,1031.526611328125,-791.3320922851562,0.0031843436881899834,-0.0806838795542717,-0.08035044372081757,0.9934906959533691,1,1656468,13795
1786083336,258148415,1,-88.71805572509766,110.84608459472656,554.3350219726562,,,,,,,,,,1656469,13795
1786083336,258148415,,,,,5,-1496.6290283203125,1031.4842529296875,-791.3235473632812,0.0034249357413500547,-0.08085529506206512,-0.08051049709320068,0.9934631586074829,1,1656469,13795
1786083336,266834718,1,-88.74494934082031,110.47418975830078,554.2383422851562,,,,,,,,,,1656470,13795
1786083336,266834718,,,,,5,-1496.6654052734375,1031.4798583984375,-791.3063354492188,0.0028546801768243313,-0.08026748895645142,-0.07880912721157074,0.993648886680603,1,1656470,13795
1786083336,275066738,1,-88.81250762939453,110.62689208984375,554.2243041992188,,,,,,,,,,1656471,13795
1786083336,275066738,,,,,5,-1496.6624755859375,1031.4544677734375,-791.2575073242188,0.0026179379783570766,-0.08113285899162292,-0.08061525225639343,0.9934341907501221,1,1656471,13795
1786083336,282894190,1,-88.85667419433594,110.75836944580078,554.2424926757812,,,,,,,,,,1656472,13795
1786083336,282894190,,,,,5,-1496.6561279296875,1031.4442138671875,-791.2936401367188,0.003258514916524291,-0.08047804236412048,-0.08124072104692459,0.9934346675872803,1,1656472,13795
1786083336,291884990,1,-88.67677307128906,110.99388885498047,554.376220703125,,,,,,,,,,1656473,13795
1786083336,291884990,,,,,5,-1496.688232421875,1031.5042724609375,-791.2938842773438,0.0028281440027058125,-0.08097017556428909,-0.08029380440711975,0.9934730529785156,1,1656473,13795
1786083336,299722648,1,-88.75499725341797,110.96085357666016,554.297119140625,,,,,,,,,,1656474,13795
1786083336,299722648,,,,,5,-1496.68701171875,1031.5069580078125,-791.2764282226562,0.0028671994805336,-0.08044169843196869,-0.07980252057313919,0.9935554265975952,1,1656474,13795
1786083336,307877664,1,-88.72099304199219,111.01828002929688,554.3118286132812,,,,,,,,,,1656475,13795
1786083336,307877664,,,,,5,-1496.6654052734375,1031.4683837890625,-791.3270874023438,0.0035159518010914326,-0.08048086613416672,-0.07999695837497711,0.9935345649719238,1,1656475,13795
1786083336,316634092,1,-88.75255584716797,110.64070892333984,554.249267578125,,,,,,,,,,1656476,13795
1786083336,316634092,,,,,5,-1496.6597900390625,1031.4422607421875,-791.2835083007812,0.0031954199075698853,-0.08062486350536346,-0.08092857897281647,0.9934485554695129,1,1656476,13795
1786083336,324833448,1,-88.74678039550781,111.15528106689453,554.4461059570312,,,,,,,,,,1656477,13795
1786083336,324833448,,,,,5,-1496.6337890625,1031.4921875,-791.310546875,0.00322210812009871,-0.0808623805642128,-0.08003702014684677,0.9935013651847839,1,1656477,13795
1786083336,332707001,1,-88.73484802246094,111.09756469726562,554.3040161132812,,,,,,,,,,1656478,13795
1786083336,332707001,,,,,5,-1496.6483154296875,1031.5,-791.25341796875,0.0030774979386478662,-0.08120697736740112,-0.08065667003393173,0.993423581123352,1,1656478,13795
1786083336,341792497,1,-88.775146484375,110.78748321533203,554.311279296875,,,,,,,,,,1656479,13795
1786083336,341792497,,,,,5,-1496.6822509765625,1031.5081787109375,-791.3171997070312,0.0030630764085799456,-0.08084068447351456,-0.08043460547924042,0.9934713840484619,1,1656479,13795
1786083336,349666817,1,-88.72835540771484,110.99977111816406,554.3040771484375,,,,,,,,,,1656480,13795
1786083336,349666817,,,,,5,-1496.664306640625,1031.4766845703125,-791.2749633789062,0.0030039395205676556,-0.08067375421524048,-0.08020065724849701,0.9935041666030884,1,1656480,13795
1786083336,358709923,1,-88.70706176757812,110.60755157470703,554.3486938476562,,,,,,,,,,1656481,13795
1786083336,358709923,,,,,5,-1496.6800537109375,1031.4825439453125,-791.3233642578125,0.003512860042974353,-0.08039532601833344,-0.08025761693716049,0.9935204982757568,1,1656481,13795
1786083336,366520452,1,-88.85246276855469,111.36129760742188,554.3733520507812,,,,,,,,,,1656482,13795
1786083336,366520452,,,,,5,-1496.6473388671875,1031.4744873046875,-791.3095092773438,0.0036435869988054037,-0.08034274727106094,-0.0803423747420311,0.9935173392295837,1,1656482,13795
1786083336,374694983,1,-88.76655578613281,110.95113372802734,554.3861694335938,,,,,,,,,,1656483,13795
1786083336,374694983,,,,,5,-1496.681396484375,1031.5028076171875,-791.2985229492188,0.0030722585506737232,-0.08056864887475967,-0.08015336841344833,0.9935163259506226,1,1656483,13795
1786083336,383436887,1,-88.7035140991211,110.943603515625,554.3800659179688,,,,,,,,,,1656484,13795
1786083336,383436887,,,,,5,-1496.6986083984375,1031.5191650390625,-791.33154296875,0.0034028489608317614,-0.08052141964435577,-0.08009467273950577,0.9935237765312195,1,1656484,13795
1786083336,391642930,1,-88.79220581054688,110.84065246582031,554.2276000976562,,,,,,,,,,1656485,13795
1786083336,391642930,,,,,5,-1496.68359375,1031.4349365234375,-791.2780151367188,0.0031426509376615286,-0.08052001148462296,-0.08028283715248108,0.9935096502304077,1,1656485,13795
1786083336,399554840,1,-88.71187591552734,110.93240356445312,554.3538818359375,,,,,,,,,,1656486,13795
1786083336,399554840,,,,,5,-1496.6561279296875,1031.4615478515625,-791.3239135742188,0.003347171936184168,-0.08080440759658813,-0.08001440018415451,0.9935073852539062,1,1656486,13795
1786083336,408321794,1,-88.71521759033203,110.67247772216797,554.3153076171875,,,,,,,,,,1656487,13795
1786083336,408321794,,,,,5,-1496.6512451171875,1031.4764404296875,-791.2921752929688,0.0029398025944828987,-0.08090713620185852,-0.07959595322608948,0.9935340285301208,1,1656487,13795
1786083336,416455120,1,-88.71607971191406,110.660888671875,554.3822631835938,,,,,,,,,,1656488,13796
1786083336,416455120,,,,,5,-1496.6988525390625,1031.5234375,-791.3372192382812,0.0029136084485799074,-0.08044332265853882,-0.07952256500720978,0.9935776591300964,1,1656488,13796
1786083336,424589629,1,-88.77571105957031,110.68804931640625,554.3226928710938,,,,,,,,,,1656489,13796
1786083336,424589629,,,,,5,-1496.68603515625,1031.437744140625,-791.2907104492188,0.002926450688391924,-0.0808909460902214,-0.07996304333209991,0.9935059547424316,1,1656489,13796
1786083336,434153465,1,-88.77091979980469,109.937744140625,554.0864868164062,,,,,,,,,,1656490,13796
1786083336,434153465,,,,,5,-1496.671142578125,1031.4315185546875,-791.2982788085938,0.003198865335434675,-0.08052951097488403,-0.07936783879995346,0.9935820698738098,1,1656490,13796
1786083336,441448479,1,-88.62759399414062,111.29154205322266,554.5706787109375,,,,,,,,,,1656491,13796
1786083336,441448479,,,,,5,-1496.706298828125,1031.5260009765625,-791.2926635742188,0.003238568315282464,-0.08065923303365707,-0.07986406981945038,0.9935317635536194,1,1656491,13796
1786083336,450741761,1,-88.73723602294922,110.64319610595703,554.3356323242188,,,,,,,,,,1656492,13796
1786083336,450741761,,,,,5,-1496.6663818359375,1031.4417724609375,-791.2130126953125,0.0027881490532308817,-0.08103043586015701,-0.079446941614151,0.9935363531112671,1,1656492,13796
1786083336,458371376,1,-88.53273010253906,111.45293426513672,553.866943359375,,,,,,,,,,1656493,13796
1786083336,458371376,,,,,5,-1496.6668701171875,1031.5269775390625,-791.3091430664062,0.002608354203402996,-0.08077605068683624,-0.07747378945350647,0.9937133193016052,1,1656493,13796
1786083336,466175570,1,-88.72947692871094,110.63684844970703,554.3003540039062,,,,,,,,,,1656494,13796
1786083336,466175570,,,,,5,-1496.6539306640625,1031.4244384765625,-791.1929321289062,0.0031466803047806025,-0.08097898960113525,-0.08075805753469467,0.9934337139129639,1,1656494,13796
1786083336,475354034,1,-88.28821563720703,111.08443450927734,554.4297485351562,,,,,,,,,,1656495,13796
1786083336,475354034,,,,,5,-1496.7108154296875,1031.4544677734375,-791.255126953125,0.003082568757236004,-0.08089659363031387,-0.08012126386165619,0.9934921264648438,1,1656495,13796
1786083336,483021144,1,-87.32500457763672,111.1491470336914,554.7088012695312,,,,,,,,,,1656496,13796
1786083336,483021144,,,,,5,-1496.6531982421875,1031.5206298828125,-791.248291015625,0.0030646801460534334,-0.08108562231063843,-0.07990110665559769,0.9934945702552795,1,1656496,13796
1786083336,491292354,1,-88.54219818115234,111.24478149414062,554.4105834960938,,,,,,,,,,1656497,13796
1786083336,491292354,,,,,5,-1496.6337890625,1031.4642333984375,-791.2145385742188,0.0034066904336214066,-0.08079437911510468,-0.07989557832479477,0.9935176968574524,1,1656497,13796
1786083336,499929485,1,-88.60004425048828,111.01243591308594,554.3814697265625,,,,,,,,,,1656498,13796
1786083336,499929485,,,,,5,-1496.6463623046875,1031.4586181640625,-791.2365112304688,0.0032688952051103115,-0.0807209238409996,-0.07972775399684906,0.9935375452041626,1,1656498,13796
1786083336,508231503,1,-88.63780975341797,110.47984313964844,554.3182983398438,,,,,,,,,,1656499,13796
1786083336,508231503,,,,,5,-1496.6353759765625,1031.5126953125,-791.2432861328125,0.003262885846197605,-0.08105122298002243,-0.08095745742321014,0.9934111833572388,1,1656499,13796
1786083336,516115581,1,-88.34341430664062,111.0619888305664,553.8025512695312,,,,,,,,,,1656500,13796
1786083336,516115581,,,,,5,-1496.6751708984375,1031.5247802734375,-791.28759765625,0.0030487182084470987,-0.08106286823749542,-0.08031481504440308,0.9934632182121277,1,1656500,13796
1786083336,524897347,1,-88.59881591796875,110.50334930419922,554.2448120117188,,,,,,,,,,1656501,13796
1786083336,524897347,,,,,5,-1496.6583251953125,1031.464111328125,-791.1530151367188,0.0026562733110040426,-0.08115187287330627,-0.0806131437420845,0.9934328198432922,1,1656501,13796
1786083336,533206883,1,-88.50888061523438,111.10335540771484,554.4547119140625,,,,,,,,,,1656502,13796
1786083336,533206883,,,,,5,-1496.63671875,1031.4205322265625,-791.1943969726562,0.003308960935100913,-0.08083609491586685,-0.08065500855445862,0.9934531450271606,1,1656502,13796
1786083336,542323378,1,-88.59981536865234,111.20329284667969,554.3966064453125,,,,,,,,,,1656503,13796
1786083336,542323378,,,,,5,-1496.6878662109375,1031.508544921875,-791.2214965820312,0.003336968831717968,-0.08105705678462982,-0.08054903149604797,0.9934436678886414,1,1656503,13796
1786083336,549808583,1,-88.62748718261719,110.81222534179688,554.3121948242188,,,,,,,,,,1656504,13796
1786083336,549808583,,,,,5,-1496.6575927734375,1031.4671630859375,-791.1800537109375,0.002866822760552168,-0.08087657392024994,-0.08069354295730591,0.9934481978416443,1,1656504,13796
1786083336,558221164,1,-88.60661315917969,110.83251190185547,554.3133544921875,,,,,,,,,,1656505,13796
1786083336,558221164,,,,,5,-1496.6727294921875,1031.447509765625,-791.22021484375,0.003146906616166234,-0.08081789314746857,-0.08077298849821091,0.9934456944465637,1,1656505,13796
1786083336,565934726,1,-88.51416778564453,110.88998413085938,554.4124755859375,,,,,,,,,,1656506,13796
1786083336,565934726,,,,,5,-1496.6517333984375,1031.49365234375,-791.2232666015625,0.003072932129725814,-0.08129127323627472,-0.08071205019950867,0.9934121966362,1,1656506,13796
1786083336,575519741,1,-88.70750427246094,110.7933120727539,554.3069458007812,,,,,,,,,,1656507,13796
1786083336,575519741,,,,,5,-1496.6839599609375,1031.4383544921875,-791.1805419921875,0.002803877228870988,-0.0813869908452034,-0.08075951784849167,0.9934011101722717,1,1656507,13796
1786083336,582943489,1,-88.62530517578125,110.98999786376953,554.409912109375,,,,,,,,,,1656508,13796
1786083336,582943489,,,,,5,-1496.656982421875,1031.449462890625,-791.2372436523438,0.003120428416877985,-0.0806322991847992,-0.07931239902973175,0.9935784935951233,1,1656508,13796
1786083336,591874913,1,-88.5662612915039,111.18701934814453,554.4436645507812,,,,,,,,,,1656509,13796
1786083336,591874913,,,,,5,-1496.6077880859375,1031.4090576171875,-791.199462890625,0.002867588307708502,-0.08106023818254471,-0.07873788475990295,0.9935901165008545,1,1656509,13796
1786083336,600089497,1,-88.62376403808594,111.19290161132812,554.4414672851562,,,,,,,,,,1656510,13796
1786083336,600089497,,,,,5,-1496.6553955078125,1031.4808349609375,-791.2077026367188,0.002983398735523224,-0.08107589930295944,-0.07995566725730896,0.9934912323951721,1,1656510,13796
1786083336,607763133,1,-88.53083801269531,111.01361846923828,554.3966064453125,,,,,,,,,,1656511,13796
1786083336,607763133,,,,,5,-1496.6773681640625,1031.476318359375,-791.2321166992188,0.0034875250421464443,-0.08084231615066528,-0.08063369244337082,0.993453860282898,1,1656511,13796
1786083336,616582585,1,-88.22417449951172,110.82353210449219,554.3866577148438,,,,,,,,,,1656512,13796
1786083336,616582585,,,,,5,-1496.651611328125,1031.4686279296875,-791.2192993164062,0.003222801722586155,-0.08074134588241577,-0.07967168837785721,0.9935405850410461,1,1656512,13796
1786083336,625870205,1,-87.9100112915039,111.02178955078125,554.5889892578125,,,,,,,,,,1656513,13796
1786083336,625870205,,,,,5,-1496.6405029296875,1031.49462890625,-791.19384765625,0.003230419009923935,-0.08129730075597763,-0.08067148923873901,0.9934144616127014,1,1656513,13796
1786083336,632761291,1,-87.99675750732422,110.96809387207031,554.5516357421875,,,,,,,,,,1656514,13796
1786083336,632761291,,,,,5,-1496.614013671875,1031.489990234375,-791.2044067382812,0.002956059295684099,-0.08116231858730316,-0.08062716573476791,0.993429958820343,1,1656514,13796
1786083336,641647350,1,-87.85099792480469,111.0278549194336,554.54638671875,,,,,,,,,,1656515,13796
1786083336,641647350,,,,,5,-1496.644775390625,1031.49072265625,-791.2440795898438,0.0033328875433653593,-0.08080460131168365,-0.07979625463485718,0.9935250878334045,1,1656515,13796
1786083336,649485296,1,-88.00773620605469,111.13894653320312,554.5284423828125,,,,,,,,,,1656516,13796
1786083336,649485296,,,,,5,-1496.6107177734375,1031.4228515625,-791.2029418945312,0.0028091988060623407,-0.08073397725820541,-0.0792696624994278,0.9935744404792786,1,1656516,13796
1786083336,658452966,1,-87.97016906738281,111.2319564819336,554.5735473632812,,,,,,,,,,1656517,13796
1786083336,658452966,,,,,5,-1496.686767578125,1031.4351806640625,-791.1878662109375,0.002487850608304143,-0.08091537654399872,-0.08023829758167267,0.9934828877449036,1,1656517,13796
1786083336,666778849,1,-87.98147583007812,111.13611602783203,554.554931640625,,,,,,,,,,1656518,13796
1786083336,666778849,,,,,5,-1496.611328125,1031.4783935546875,-791.2330932617188,0.003319194307550788,-0.0807519406080246,-0.07948983460664749,0.993553876876831,1,1656518,13796
1786083336,674809833,1,-87.98033142089844,111.20413970947266,554.5382080078125,,,,,,,,,,1656519,13796
1786083336,674809833,,,,,5,-1496.6365966796875,1031.405517578125,-791.1651611328125,0.0029929792508482933,-0.08103779703378677,-0.08023368567228317,0.9934719204902649,1,1656519,13796
1786083336,682682010,1,-87.86358642578125,111.03742218017578,554.5300903320312,,,,,,,,,,1656520,13796
1786083336,682682010,,,,,5,-1496.6536865234375,1031.4490966796875,-791.2363891601562,0.003165298840031028,-0.08060715347528458,-0.07973017543554306,0.9935469627380371,1,1656520,13796
1786083336,691648400,1,-88.10746002197266,111.36158752441406,554.5656127929688,,,,,,,,,,1656521,13796
1786083336,691648400,,,,,5,-1496.6480712890625,1031.4986572265625,-791.1742553710938,0.0031703824643045664,-0.0812814012169838,-0.08097892999649048,0.9933910965919495,1,1656521,13796
1786083336,699497799,1,-88.04707336425781,111.15518188476562,554.568115234375,,,,,,,,,,1656522,13796
1786083336,699497799,,,,,5,-1496.6402587890625,1031.4105224609375,-791.1678466796875,0.0030742469243705273,-0.08099567145109177,-0.07977718114852905,0.9935117959976196,1,1656522,13796
1786083336,708761841,1,-88.10615539550781,111.07693481445312,554.4795532226562,,,,,,,,,,1656523,13796
1786083336,708761841,,,,,5,-1496.6302490234375,1031.4686279296875,-791.2027587890625,0.00289689633063972,-0.08119679987430573,-0.07903672009706497,0.9935551881790161,1,1656523,13796
1786083336,716467884,1,-88.07321166992188,111.17224884033203,554.5347900390625,,,,,,,,,,1656524,13796
1786083336,716467884,,,,,5,-1496.665283203125,1031.5174560546875,-791.234619140625,0.0029575887601822615,-0.08101219683885574,-0.07977858930826187,0.9935107827186584,1,1656524,13796
1786083336,724554182,1,-87.90583038330078,111.00897979736328,554.5829467773438,,,,,,,,,,1656525,13796
1786083336,724554182,,,,,5,-1496.6788330078125,1031.5159912109375,-791.2208251953125,0.003045464865863323,-0.08138531446456909,-0.0805036649107933,0.9934214949607849,1,1656525,13796
1786083336,733259775,1,-87.9356918334961,110.96688079833984,554.5626220703125,,,,,,,,,,1656526,13796
1786083336,733259775,,,,,5,-1496.6314697265625,1031.4407958984375,-791.2141723632812,0.0031754937954247,-0.08101559430360794,-0.07992244511842728,0.9934982061386108,1,1656526,13796
1786083336,741450910,1,-87.92040252685547,110.9996566772461,554.6181640625,,,,,,,,,,1656527,13796
1786083336,741450910,,,,,5,-1496.6890869140625,1031.4471435546875,-791.2177734375,0.0030676256865262985,-0.08088517934083939,-0.08114641904830933,0.9934099912643433,1,1656527,13796
1786083336,749356326,1,-87.95053100585938,110.98538208007812,554.5419311523438,,,,,,,,,,1656528,13796
1786083336,749356326,,,,,5,-1496.6512451171875,1031.4832763671875,-791.19189453125,0.0028607631102204323,-0.08125445246696472,-0.07957890629768372,0.9935072064399719,1,1656528,13796
1786083336,758299842,1,-88.07028198242188,111.19349670410156,554.5254516601562,,,,,,,,,,1656529,13796
1786083336,758299842,,,,,5,-1496.6820068359375,1031.4554443359375,-791.2789306640625,0.0032826117239892483,-0.08093585819005966,-0.0805920735001564,0.9934503436088562,1,1656529,13796
1786083336,766211209,1,-87.98783111572266,111.01030731201172,554.5653076171875,,,,,,,,,,1656530,13796
1786083336,766211209,,,,,5,-1496.68359375,1031.49072265625,-791.237548828125,0.002762017771601677,-0.08099258691072464,-0.08014312386512756,0.9934835433959961,1,1656530,13796
1786083336,775167746,1,-88.08589935302734,111.1684799194336,554.4927368164062,,,,,,,,,,1656531,13796
1786083336,775167746,,,,,5,-1496.603271484375,1031.441650390625,-791.2021484375,0.0034820071887224913,-0.0809859186410904,-0.07997512072324753,0.9934954047203064,1,1656531,13796
1786083336,783082184,1,-88.05205535888672,110.94673919677734,554.53271484375,,,,,,,,,,1656532,13796
1786083336,783082184,,,,,5,-1496.623046875,1031.4505615234375,-791.2128295898438,0.0033133088145405054,-0.08113735914230347,-0.0803370475769043,0.9934543967247009,1,1656532,13796
1786083336,791518887,1,-88.02842712402344,110.94410705566406,554.5682373046875,,,,,,,,,,1656533,13796
1786083336,791518887,,,,,5,-1496.6683349609375,1031.4715576171875,-791.182373046875,0.0028278310783207417,-0.08106420189142227,-0.0801176130771637,0.9934796690940857,1,1656533,13796
1786083336,799993052,1,-87.9305648803711,111.02027893066406,554.5279541015625,,,,,,,,,,1656534,13796
1786083336,799993052,,,,,5,-1496.656005859375,1031.4632568359375,-791.23779296875,0.003147265175357461,-0.08110931515693665,-0.0799710601568222,0.9934867024421692,1,1656534,13796
1786083336,808334900,1,-87.96217346191406,110.9937744140625,554.5077514648438,,,,,,,,,,1656535,13796
1786083336,808334900,,,,,5,-1496.6214599609375,1031.423828125,-791.1740112304688,0.002976846881210804,-0.08110891282558441,-0.0808393806219101,0.9934170246124268,1,1656535,13796
1786083336,816386774,1,-89.7782211303711,110.33434295654297,554.2263793945312,,,,,,,,,,1656536,13796
1786083336,816386774,,,,,5,-1496.662109375,1031.4505615234375,-791.2301635742188,0.003205933142453432,-0.0806514248251915,-0.07911435514688492,0.9935924410820007,1,1656536,13796
1786083336,824697430,1,-89.02625274658203,110.45852661132812,554.3154907226562,,,,,,,,,,1656537,13796
1786083336,824697430,,,,,5,-1496.6510009765625,1031.4498291015625,-791.1727905273438,0.0027289832942187786,-0.08133859187364578,-0.0803099200129509,0.9934419393539429,1,1656537,13796
1786083336,832437385,1,-88.51923370361328,110.70137023925781,554.3283081054688,,,,,,,,,,1656538,13796
1786083336,832437385,,,,,5,-1496.6107177734375,1031.45703125,-791.234375,0.0034511566627770662,-0.08114100247621536,-0.08097092807292938,0.9934021830558777,1,1656538,13796
1786083336,841240777,1,-88.30421447753906,110.90072631835938,554.4011840820312,,,,,,,,,,1656539,13796
1786083336,841240777,,,,,5,-1496.6041259765625,1031.423828125,-791.2177124023438,0.0033225284423679113,-0.08107415586709976,-0.08012519031763077,0.9934766888618469,1,1656539,13796
1786083336,849865240,1,-88.27947998046875,110.72655487060547,554.4139404296875,,,,,,,,,,1656540,13796
1786083336,849865240,,,,,5,-1496.6226806640625,1031.4873046875,-791.2409057617188,0.003509997855871916,-0.08115896582603455,-0.08098814636468887,0.9933990836143494,1,1656540,13796
1786083336,858855816,1,-88.16315460205078,110.77790069580078,554.4082641601562,,,,,,,,,,1656541,13796
1786083336,858855816,,,,,5,-1496.6146240234375,1031.4549560546875,-791.230712890625,0.0033050761558115482,-0.08121532946825027,-0.08023727685213089,0.9934561252593994,1,1656541,13796
1786083336,866028334,1,-88.2374038696289,110.775146484375,554.3772583007812,,,,,,,,,,1656542,13796
1786083336,866028334,,,,,5,-1496.6668701171875,1031.4613037109375,-791.2246704101562,0.003228503745049238,-0.08130420744419098,-0.08112633973360062,0.9933769106864929,1,1656542,13796
1786083336,874783003,1,-88.20128631591797,110.7794418334961,554.3905639648438,,,,,,,,,,1656543,13796
1786083336,874783003,,,,,5,-1496.692138671875,1031.4716796875,-791.1956176757812,0.0029614383820444345,-0.08083628863096237,-0.08040690422058105,0.9934744238853455,1,1656543,13796
1786083336,883001650,1,-88.40379333496094,111.17874145507812,554.4147338867188,,,,,,,,,,1656544,13796
1786083336,883001650,,,,,5,-1496.6395263671875,1031.4716796875,-791.1869506835938,0.0029632356017827988,-0.08110905438661575,-0.07939384132623672,0.9935336709022522,1,1656544,13796
1786083336,890907034,1,-88.27336120605469,110.7550048828125,554.3974609375,,,,,,,,,,1656545,13796
1786083336,890907034,,,,,5,-1496.629638671875,1031.4776611328125,-791.2171020507812,0.003321240656077862,-0.08109156042337418,-0.08031203597784042,0.9934602379798889,1,1656545,13796
1786083336,899762989,1,-88.25334930419922,110.76699829101562,554.4266967773438,,,,,,,,,,1656546,13796
1786083336,899762989,,,,,5,-1496.623046875,1031.4642333984375,-791.1915893554688,0.002892997581511736,-0.08114270865917206,-0.07910807430744171,0.9935539364814758,1,1656546,13796
1786083336,908165301,1,-88.30687713623047,110.7835464477539,554.4430541992188,,,,,,,,,,1656547,13796
1786083336,908165301,,,,,5,-1496.6229248046875,1031.4539794921875,-791.2274780273438,0.0031727980822324753,-0.08109526336193085,-0.07967481017112732,0.9935116171836853,1,1656547,13796
1786083336,916084922,1,-88.28343200683594,110.9870376586914,554.4119873046875,,,,,,,,,,1656548,13796
1786083336,916084922,,,,,5,-1496.635009765625,1031.4739990234375,-791.2274780273438,0.0033357248175889254,-0.08115292340517044,-0.08029168099164963,0.9934567213058472,1,1656548,13796
1786083336,925101475,1,-88.38101196289062,111.07606506347656,554.353759765625,,,,,,,,,,1656549,13796
1786083336,925101475,,,,,5,-1496.6546630859375,1031.453369140625,-791.2006225585938,0.0030706205870956182,-0.08118356764316559,-0.08062852174043655,0.9934278726577759,1,1656549,13796
1786083336,932708632,1,-88.37920379638672,111.10111236572266,554.3744506835938,,,,,,,,,,1656550,13796
1786083336,932708632,,,,,5,-1496.6409912109375,1031.4539794921875,-791.1802368164062,0.0025050551630556583,-0.08119618892669678,-0.07937170565128326,0.9935296177864075,1,1656550,13796
1786083336,941792912,1,-88.3248519897461,110.90129852294922,554.36083984375,,,,,,,,,,1656551,13796
1786083336,941792912,,,,,5,-1496.5904541015625,1031.4696044921875,-791.247314453125,0.0031843732576817274,-0.0811225026845932,-0.0795520767569542,0.9935191869735718,1,1656551,13796
1786083336,949684668,1,-88.22154998779297,110.7886962890625,554.3347778320312,,,,,,,,,,1656552,13796
1786083336,949684668,,,,,5,-1496.6248779296875,1031.437744140625,-791.1959228515625,0.0031811257358640432,-0.08101694285869598,-0.08013707399368286,0.9934808611869812,1,1656552,13796
1786083336,958284625,1,-88.21624755859375,110.78422546386719,554.4140014648438,,,,,,,,,,1656553,13796
1786083336,958284625,,,,,5,-1496.6497802734375,1031.4422607421875,-791.2015991210938,0.0030763214454054832,-0.08091629296541214,-0.0806494802236557,0.9934478402137756,1,1656553,13796
1786083336,966515557,1,-88.29759979248047,110.93836975097656,554.3425903320312,,,,,,,,,,1656554,13796
1786083336,966515557,,,,,5,-1496.6834716796875,1031.46337890625,-791.1534423828125,0.0024348865263164043,-0.08121923357248306,-0.07917015254497528,0.9935439825057983,1,1656554,13796
1786083336,974793293,1,-88.37206268310547,110.9356460571289,554.383544921875,,,,,,,,,,1656555,13796
1786083336,974793293,,,,,5,-1496.6649169921875,1031.4788818359375,-791.166259765625,0.0029629000928252935,-0.08124043047428131,-0.08116975426673889,0.9933792948722839,1,1656555,13796
1786083336,982627976,1,-88.27801513671875,110.81527709960938,554.4072265625,,,,,,,,,,1656556,13796
1786083336,982627976,,,,,5,-1496.662353515625,1031.4666748046875,-791.2206420898438,0.003334764624014497,-0.08075414597988129,-0.08054231852293015,0.9934689402580261,1,1656556,13796
1786083336,991646385,1,-88.15568542480469,111.23295593261719,553.9110107421875,,,,,,,,,,1656557,13796
1786083336,991646385,,,,,5,-1496.635009765625,1031.4822998046875,-791.2582397460938,0.002849652897566557,-0.08079306781291962,-0.07933385670185089,0.9935644268989563,1,1656557,13796
1786083336,999476620,1,-88.17987060546875,110.88174438476562,554.491943359375,,,,,,,,,,1656558,13796
1786083336,999476620,,,,,5,-1496.634033203125,1031.409423828125,-791.1957397460938,0.0029532830230891705,-0.08108311146497726,-0.08020471036434174,0.9934706091880798,1,1656558,13796
1786083337,8722205,1,-88.33415222167969,110.9198989868164,554.4158325195312,,,,,,,,,,1656559,13796
1786083337,8722205,,,,,5,-1496.6585693359375,1031.4788818359375,-791.2273559570312,0.0029816990718245506,-0.0808023139834404,-0.08039002865552902,0.993478536605835,1,1656559,13796
1786083337,16624524,1,-88.37732696533203,110.83081817626953,554.3177490234375,,,,,,,,,,1656560,13796
1786083337,16624524,,,,,5,-1496.61962890625,1031.4931640625,-791.2399291992188,0.003531233174726367,-0.08123639971017838,-0.08045113831758499,0.9934364557266235,1,1656560,13796
1786083337,24573040,1,-88.23893737792969,110.77114868164062,554.3375854492188,,,,,,,,,,1656561,13796
1786083337,24573040,,,,,5,-1496.63916015625,1031.408203125,-791.1690673828125,0.0031266796868294477,-0.08093047142028809,-0.08012908697128296,0.9934886693954468,1,1656561,13796
1786083337,33404497,1,-88.30848693847656,110.76111602783203,554.3922729492188,,,,,,,,,,1656562,13796
1786083337,33404497,,,,,5,-1496.6563720703125,1031.438720703125,-791.2455444335938,0.0033612551633268595,-0.08045496046543121,-0.0804138109087944,0.9935035109519958,1,1656562,13796
1786083337,41517066,1,-88.18026733398438,110.84468841552734,554.4894409179688,,,,,,,,,,1656563,13796
1786083337,41517066,,,,,5,-1496.6358642578125,1031.4761962890625,-791.1973876953125,0.0027039346750825644,-0.08140206336975098,-0.078861303627491,0.9935528039932251,1,1656563,13796
1786083337,49420025,1,-88.13229370117188,111.04466247558594,554.62548828125,,,,,,,,,,1656564,13796
1786083337,49420025,,,,,5,-1496.6444091796875,1031.471435546875,-791.2517700195312,0.0033815354108810425,-0.0807420015335083,-0.07935494184494019,0.9935653805732727,1,1656564,13796
1786083337,58272948,1,-87.91202545166016,111.22064971923828,554.9009399414062,,,,,,,,,,1656565,13796
1786083337,58272948,,,,,5,-1496.59814453125,1031.4405517578125,-791.2644653320312,0.003339289454743266,-0.08077801018953323,-0.0792662501335144,0.9935696721076965,1,1656565,13796
1786083337,66200925,1,-87.4810791015625,111.29286193847656,555.245361328125,,,,,,,,,,1656566,13796
1786083337,66200925,,,,,5,-1496.65087890625,1031.45654296875,-791.2122802734375,0.0034528954420238733,-0.08084022998809814,-0.08074282109737396,0.9934452176094055,1,1656566,13796
1786083337,74413949,1,-88.31107330322266,110.91436767578125,554.3822021484375,,,,,,,,,,1656567,13796
1786083337,74413949,,,,,5,-1496.6358642578125,1031.4517822265625,-791.2073364257812,0.003121418645605445,-0.08111602067947388,-0.08041153103113174,0.9934507608413696,1,1656567,13796
1786083337,83079816,1,-89.15262603759766,110.86418914794922,554.196044921875,,,,,,,,,,1656568,13796
1786083337,83079816,,,,,5,-1496.6351318359375,1031.4293212890625,-791.2011108398438,0.0032307493966072798,-0.08104247599840164,-0.08035163581371307,0.9934611916542053,1,1656568,13796
1786083337,91098650,1,-90.1004638671875,110.60986328125,553.6429443359375,,,,,,,,,,1656569,13796
1786083337,91098650,,,,,5,-1496.6490478515625,1031.4359130859375,-791.1976928710938,0.003180102678015828,-0.08058857172727585,-0.08066374808549881,0.9934731125831604,1,1656569,13796
1786083337,100103405,1,-89.53713989257812,111.01380157470703,553.9505004882812,,,,,,,,,,1656570,13796
1786083337,100103405,,,,,5,-1496.6175537109375,1031.515625,-791.2041625976562,0.003151542507112026,-0.08094380050897598,-0.07950131595134735,0.9935379028320312,1,1656570,13796
1786083337,108176689,1,-89.13217163085938,110.86634063720703,554.0673828125,,,,,,,,,,1656571,13796
1786083337,108176689,,,,,5,-1496.6669921875,1031.4954833984375,-791.2239379882812,0.002480380469933152,-0.08107247203588486,-0.07973980158567429,0.9935102462768555,1,1656571,13796
1786083337,117798726,1,-88.96144104003906,110.63214874267578,554.142822265625,,,,,,,,,,1656572,13796
1786083337,117798726,,,,,5,-1496.611328125,1031.422119140625,-791.1948852539062,0.0028445625212043524,-0.0809759721159935,-0.07965649664402008,0.9935238361358643,1,1656572,13796
1786083337,124327543,1,-88.8987808227539,111.00363159179688,554.1343383789062,,,,,,,,,,1656573,13796
1786083337,124327543,,,,,5,-1496.6024169921875,1031.4530029296875,-791.2174682617188,0.0032395427115261555,-0.08101668208837509,-0.07889068871736526,0.9935804605484009,1,1656573,13796
1786083337,133254047,1,-88.89613342285156,111.00260162353516,554.19921875,,,,,,,,,,1656574,13796
1786083337,133254047,,,,,5,-1496.654296875,1031.525146484375,-791.2123413085938,0.002993649570271373,-0.0809265524148941,-0.07906937599182129,0.9935743808746338,1,1656574,13796
1786083337,140851101,1,-88.79290008544922,110.72452545166016,554.1536254882812,,,,,,,,,,1656575,13796
1786083337,140851101,,,,,5,-1496.6314697265625,1031.4888916015625,-791.2845458984375,0.003169724950566888,-0.08093446493148804,-0.07943718880414963,0.993543803691864,1,1656575,13796
1786083337,150135849,1,-88.85346984863281,110.83252716064453,554.0845947265625,,,,,,,,,,1656576,13796
1786083337,150135849,,,,,5,-1496.6322021484375,1031.466064453125,-791.2511596679688,0.003056381829082966,-0.08138207346200943,-0.08087105304002762,0.9933919310569763,1,1656576,13796
1786083337,157867716,1,-88.88256072998047,110.57112121582031,554.08837890625,,,,,,,,,,1656577,13796
1786083337,157867716,,,,,5,-1496.6376953125,1031.4271240234375,-791.1935424804688,0.0030654778238385916,-0.08125443011522293,-0.08053987473249435,0.9934292435646057,1,1656577,13796
1786083337,166229086,1,-88.83638763427734,110.93222045898438,554.1655883789062,,,,,,,,,,1656578,13796
1786083337,166229086,,,,,5,-1496.6317138671875,1031.4974365234375,-791.2158813476562,0.003359460271894932,-0.08109414577484131,-0.07960683852434158,0.9935165047645569,1,1656578,13796
1786083337,174312895,1,-88.83851623535156,110.83987426757812,554.1859741210938,,,,,,,,,,1656579,13796
1786083337,174312895,,,,,5,-1496.6558837890625,1031.4825439453125,-791.251220703125,0.003396780462935567,-0.08118865638971329,-0.0803174152970314,0.9934514760971069,1,1656579,13796
1786083337,182847116,1,-88.90251159667969,111.19459533691406,554.1968383789062,,,,,,,,,,1656580,13796
1786083337,182847116,,,,,5,-1496.6131591796875,1031.4681396484375,-791.1492309570312,0.0024376255460083485,-0.08125501871109009,-0.07969795167446136,0.993498682975769,1,1656580,13796
1786083337,192109245,1,-88.89740753173828,110.95906829833984,554.1666259765625,,,,,,,,,,1656581,13796
1786083337,192109245,,,,,5,-1496.6771240234375,1031.5301513671875,-791.1861572265625,0.002750153187662363,-0.08132216334342957,-0.08014966547489166,0.9934561252593994,1,1656581,13796
1786083337,199240435,1,-88.91036987304688,111.15847778320312,554.1829833984375,,,,,,,,,,1656582,13796
1786083337,199240435,,,,,5,-1496.6317138671875,1031.4984130859375,-791.1944580078125,0.0029248620849102736,-0.08148881793022156,-0.08039698004722595,0.9934219717979431,1,1656582,13796
1786083337,207887235,1,-88.8307876586914,110.99411010742188,554.1931762695312,,,,,,,,,,1656583,13796
1786083337,207887235,,,,,5,-1496.6317138671875,1031.4747314453125,-791.2310791015625,0.0032951333560049534,-0.08112984150648117,-0.08016205579042435,0.9934691786766052,1,1656583,13796
1786083337,216795568,1,-88.83525085449219,111.05048370361328,554.2178955078125,,,,,,,,,,1656584,13796
1786083337,216795568,,,,,5,-1496.6429443359375,1031.4598388671875,-791.1712036132812,0.00259197736158967,-0.08118395507335663,-0.08012152463197708,0.9934701323509216,1,1656584,13796
1786083337,224852632,1,-88.8534164428711,110.7107925415039,554.1399536132812,,,,,,,,,,1656585,13796
1786083337,224852632,,,,,5,-1496.6376953125,1031.48486328125,-791.1884155273438,0.002749635139480233,-0.0814015194773674,-0.0802568718791008,0.9934409856796265,1,1656585,13796
1786083337,232690872,1,-88.93502807617188,111.04566192626953,554.093994140625,,,,,,,,,,1656586,13796
1786083337,232690872,,,,,5,-1496.6279296875,1031.4749755859375,-791.2473754882812,0.0035478388890624046,-0.08089188486337662,-0.08070027828216553,0.9934442043304443,1,1656586,13796
1786083337,241613729,1,-88.8643569946289,111.1877212524414,554.1856079101562,,,,,,,,,,1656587,13796
1786083337,241613729,,,,,5,-1496.6307373046875,1031.4803466796875,-791.2518920898438,0.0034379158169031143,-0.08094407618045807,-0.08057024329900742,0.9934508204460144,1,1656587,13796
1786083337,250149005,1,-88.878173828125,110.87255096435547,554.203369140625,,,,,,,,,,1656588,13796
1786083337,250149005,,,,,5,-1496.6419677734375,1031.522216796875,-791.2032470703125,0.0029443565290421247,-0.08138938248157501,-0.08068069070577621,0.993407130241394,1,1656588,13796
1786083337,257813338,1,-89.68323516845703,110.14694213867188,554.3579711914062,,,,,,,,,,1656589,13796
1786083337,257813338,,,,,5,-1496.65869140625,1031.4520263671875,-791.22314453125,0.0032812273129820824,-0.08118089288473129,-0.08127094060182571,0.9933750033378601,1,1656589,13796
1786083337,266575468,1,-88.86039733886719,110.82313537597656,554.1962280273438,,,,,,,,,,1656590,13796
1786083337,266575468,,,,,5,-1496.6204833984375,1031.4962158203125,-791.2374877929688,0.003305082442238927,-0.08117601275444031,-0.08034706860780716,0.9934504628181458,1,1656590,13796
1786083337,274925033,1,-88.84022521972656,111.19955444335938,554.3016357421875,,,,,,,,,,1656591,13796
1786083337,274925033,,,,,5,-1496.6226806640625,1031.4940185546875,-791.2189331054688,0.003119975794106722,-0.08115679770708084,-0.08051010966300964,0.9934393167495728,1,1656591,13796
1786083337,282786819,1,-88.77045440673828,110.66766357421875,554.6696166992188,,,,,,,,,,1656592,13796
1786083337,282786819,,,,,5,-1496.6373291015625,1031.4696044921875,-791.2120971679688,0.003094350453466177,-0.08109473437070847,-0.07943321019411087,0.9935312271118164,1,1656592,13796
1786083337,291866435,1,-88.49667358398438,111.33204650878906,555.486083984375,,,,,,,,,,1656593,13796
1786083337,291866435,,,,,5,-1496.612548828125,1031.48681640625,-791.2284545898438,0.003353852080181241,-0.08097130805253983,-0.08075706660747528,0.9934337735176086,1,1656593,13796
1786083337,299568902,1,-88.380126953125,111.37934112548828,556.2889404296875,,,,,,,,,,1656594,13796
1786083337,299568902,,,,,5,-1496.6466064453125,1031.5028076171875,-791.2124633789062,0.0028889591339975595,-0.08123601227998734,-0.07982859760522842,0.993488609790802,1,1656594,13796
1786083337,307407494,1,-88.85100555419922,111.36394500732422,554.39794921875,,,,,,,,,,1656595,13796
1786083337,307407494,,,,,5,-1496.6500244140625,1031.4940185546875,-791.2149047851562,0.002878585597500205,-0.08129169791936874,-0.08016224950551987,0.9934571981430054,1,1656595,13796
1786083337,316822353,1,-88.88755798339844,111.23095703125,554.2108764648438,,,,,,,,,,1656596,13796
1786083337,316822353,,,,,5,-1496.6341552734375,1031.4501953125,-791.1920776367188,0.0032444701064378023,-0.0811774954199791,-0.07960191369056702,0.9935104846954346,1,1656596,13796
1786083337,324575559,1,-88.82371520996094,111.51860809326172,554.371337890625,,,,,,,,,,1656597,13796
1786083337,324575559,,,,,5,-1496.6195068359375,1031.4554443359375,-791.2001953125,0.0032769429963082075,-0.08106915652751923,-0.08081261813640594,0.9934215545654297,1,1656597,13796
1786083337,332597303,1,-88.91059112548828,111.25613403320312,554.1685180664062,,,,,,,,,,1656598,13796
1786083337,332597303,,,,,5,-1496.6142578125,1031.4857177734375,-791.2431640625,0.0035539015661925077,-0.08111174404621124,-0.08096032589673996,0.9934050440788269,1,1656598,13796
1786083337,341262595,1,-88.87042999267578,111.021240234375,554.261962890625,,,,,,,,,,1656599,13796
1786083337,341262595,,,,,5,-1496.6439208984375,1031.4403076171875,-791.1754760742188,0.0028041081968694925,-0.08120150864124298,-0.08060020208358765,0.9934293031692505,1,1656599,13796
1786083337,349391608,1,-88.98066711425781,111.17750549316406,554.208251953125,,,,,,,,,,1656600,13796
1786083337,349391608,,,,,5,-1496.6318359375,1031.4617919921875,-791.1663208007812,0.002778358059003949,-0.08132337778806686,-0.08023543655872345,0.9934491515159607,1,1656600,13796
1786083337,358321503,1,-88.93915557861328,111.04595184326172,554.1612548828125,,,,,,,,,,1656601,13796
1786083337,358321503,,,,,5,-1496.62890625,1031.4683837890625,-791.19921875,0.0034809925127774477,-0.0810995027422905,-0.07974964380264282,0.9935041666030884,1,1656601,13796
1786083337,366236427,1,-88.87409210205078,111.4247817993164,554.327392578125,,,,,,,,,,1656602,13796
1786083337,366236427,,,,,5,-1496.640380859375,1031.5072021484375,-791.2015991210938,0.003064991906285286,-0.08130062371492386,-0.07997412234544754,0.9934711456298828,1,1656602,13796
1786083337,374519193,1,-88.88813781738281,110.916015625,554.084228515625,,,,,,,,,,1656603,13796
1786083337,374519193,,,,,5,-1496.6405029296875,1031.4813232421875,-791.2091674804688,0.002629711292684078,-0.0807340070605278,-0.07820354402065277,0.9936595559120178,1,1656603,13796
1786083337,382514193,1,-88.9031982421875,111.46559143066406,554.2186279296875,,,,,,,,,,1656604,13796
1786083337,382514193,,,,,5,-1496.616455078125,1031.4681396484375,-791.2157592773438,0.0033218280877918005,-0.08118065446615219,-0.08053743839263916,0.9934346079826355,1,1656604,13796
1786083337,391244299,1,-88.91104888916016,111.11241149902344,554.2035522460938,,,,,,,,,,1656605,13796
1786083337,391244299,,,,,5,-1496.678955078125,1031.469482421875,-791.1707763671875,0.002750924089923501,-0.08146209269762039,-0.0804213434457779,0.99342280626297,1,1656605,13796
1786083337,399415126,1,-88.88162231445312,111.24375915527344,554.2971801757812,,,,,,,,,,1656606,13796
1786083337,399415126,,,,,5,-1496.6199951171875,1031.475830078125,-791.24365234375,0.0033429076429456472,-0.08137436956167221,-0.0808095782995224,0.9933966398239136,1,1656606,13796
1786083337,408116887,1,-88.90910339355469,111.15555572509766,554.149658203125,,,,,,,,,,1656607,13796
1786083337,408116887,,,,,5,-1496.6302490234375,1031.4613037109375,-791.2230834960938,0.0029674344696104527,-0.08118868619203568,-0.08102001249790192,0.9933958053588867,1,1656607,13796
1786083337,416176670,1,-88.92457580566406,111.27871704101562,554.1491088867188,,,,,,,,,,1656608,13797
1786083337,416176670,,,,,5,-1496.6141357421875,1031.4869384765625,-791.2113647460938,0.003313947468996048,-0.08123137056827545,-0.08032053709030151,0.9934481978416443,1,1656608,13797
1786083337,424414584,1,-88.9895248413086,111.45797729492188,554.14501953125,,,,,,,,,,1656609,13797
1786083337,424414584,,,,,5,-1496.6390380859375,1031.4114990234375,-791.1959228515625,0.0027402411215007305,-0.08120791614055634,-0.08000272512435913,0.9934773445129395,1,1656609,13797
1786083337,433308840,1,-88.87621307373047,111.9439697265625,553.4930419921875,,,,,,,,,,1656610,13797
1786083337,433308840,,,,,5,-1496.5960693359375,1031.48828125,-791.2448120117188,0.002876603975892067,-0.08116669952869415,-0.08006793260574341,0.9934751391410828,1,1656610,13797
1786083337,441376685,1,-88.92388153076172,111.61454772949219,554.252197265625,,,,,,,,,,1656611,13797
1786083337,441376685,,,,,5,-1496.62646484375,1031.4864501953125,-791.2373046875,0.003068741876631975,-0.08102257549762726,-0.08024055510759354,0.9934723377227783,1,1656611,13797
1786083337,449278557,1,-88.87833404541016,111.25255584716797,554.24072265625,,,,,,,,,,1656612,13797
1786083337,449278557,,,,,5,-1496.6666259765625,1031.4700927734375,-791.1642456054688,0.0026999188121408224,-0.08133062720298767,-0.07987804710865021,0.993477463722229,1,1656612,13797
1786083337,458086979,1,-89.49320983886719,111.00352478027344,553.1463623046875,,,,,,,,,,1656613,13797
1786083337,458086979,,,,,5,-1496.6417236328125,1031.4503173828125,-791.2030029296875,0.0033279447816312313,-0.08121700584888458,-0.08215805888175964,0.9932990074157715,1,1656613,13797
1786083337,466218519,1,-89.14424133300781,110.99376678466797,553.8352661132812,,,,,,,,,,1656614,13797
1786083337,466218519,,,,,5,-1496.6279296875,1031.489501953125,-791.2203369140625,0.0027707405388355255,-0.0808386281132698,-0.07938246428966522,0.9935572147369385,1,1656614,13797
1786083337,474344366,1,-88.92684936523438,111.19120025634766,554.1810913085938,,,,,,,,,,1656615,13797
1786083337,474344366,,,,,5,-1496.6429443359375,1031.416015625,-791.1874389648438,0.002791014267131686,-0.08120938390493393,-0.0804034173488617,0.9934448003768921,1,1656615,13797
1786083337,482985279,1,-88.8896484375,111.18679809570312,554.2587890625,,,,,,,,,,1656616,13797
1786083337,482985279,,,,,5,-1496.6597900390625,1031.4852294921875,-791.1653442382812,0.0030958764255046844,-0.08092976361513138,-0.08139877766370773,0.9933856129646301,1,1656616,13797
1786083337,491253296,1,-88.85096740722656,111.30254364013672,554.3435668945312,,,,,,,,,,1656617,13797
1786083337,491253296,,,,,5,-1496.62744140625,1031.46728515625,-791.2353515625,0.0034220560919493437,-0.0807170644402504,-0.08003286272287369,0.9935128688812256,1,1656617,13797
1786083337,499115210,1,-88.87586975097656,111.14947509765625,554.3056030273438,,,,,,,,,,1656618,13797
1786083337,499115210,,,,,5,-1496.6512451171875,1031.4405517578125,-791.1566162109375,0.0026671718806028366,-0.08115943521261215,-0.08049159497022629,0.9934420585632324,1,1656618,13797
1786083337,508160756,1,-88.81083679199219,110.8201675415039,554.2178344726562,,,,,,,,,,1656619,13797
1786083337,508160756,,,,,5,-1496.66015625,1031.4140625,-791.1609497070312,0.0026743034832179546,-0.08109543472528458,-0.0798959955573082,0.9934952855110168,1,1656619,13797
1786083337,516001299,1,-88.79105377197266,110.88790130615234,554.258056640625,,,,,,,,,,1656620,13797
1786083337,516001299,,,,,5,-1496.64453125,1031.435791015625,-791.1329345703125,0.002764231525361538,-0.08115258067846298,-0.08086150139570236,0.9934121966362,1,1656620,13797
1786083337,524979758,1,-88.85256958007812,111.25823211669922,554.3516235351562,,,,,,,,,,1656621,13797
1786083337,524979758,,,,,5,-1496.685546875,1031.4180908203125,-791.1475830078125,0.0023908563889563084,-0.080991730093956,-0.07956372201442719,0.9935311079025269,1,1656621,13797
1786083337,532701036,1,-88.82120513916016,110.99783325195312,554.2728881835938,,,,,,,,,,1656622,13797
1786083337,532701036,,,,,5,-1496.670166015625,1031.4609375,-791.1394653320312,0.0025995185133069754,-0.08121674507856369,-0.08094310760498047,0.9934007525444031,1,1656622,13797
1786083337,541108058,1,-88.83624267578125,111.14154052734375,554.2841186523438,,,,,,,,,,1656623,13797
1786083337,541108058,,,,,5,-1496.66259765625,1031.422607421875,-791.2084350585938,0.0032894539181143045,-0.08088301122188568,-0.08078744262456894,0.9934386610984802,1,1656623,13797
1786083337,550140870,1,-88.82172393798828,110.9749984741211,554.2182006835938,,,,,,,,,,1656624,13797
1786083337,550140870,,,,,5,-1496.6639404296875,1031.413330078125,-791.1754760742188,0.003145836293697357,-0.08100087940692902,-0.08112449944019318,0.9934020638465881,1,1656624,13797
1786083337,557891293,1,-88.84821319580078,111.1561508178711,554.23193359375,,,,,,,,,,1656625,13797
1786083337,557891293,,,,,5,-1496.6533203125,1031.427734375,-791.12890625,0.0027962650638073683,-0.08107055723667145,-0.08040888607501984,0.9934556484222412,1,1656625,13797
1786083337,566073061,1,-88.76056671142578,110.97491455078125,554.384033203125,,,,,,,,,,1656626,13797
1786083337,566073061,,,,,5,-1496.6435546875,1031.396484375,-791.1434326171875,0.002914021722972393,-0.08096767961978912,-0.08037575334310532,0.9934663772583008,1,1656626,13797
1786083337,574904069,1,-88.80841827392578,111.03881072998047,554.2713623046875,,,,,,,,,,1656627,13797
1786083337,574904069,,,,,5,-1496.681884765625,1031.4578857421875,-791.16162109375,0.002979353303089738,-0.0806635245680809,-0.07994851469993591,0.9935253858566284,1,1656627,13797
1786083337,582815186,1,-88.89813232421875,110.5419692993164,554.1648559570312,,,,,,,,,,1656628,13797
1786083337,582815186,,,,,5,-1496.6630859375,1031.4398193359375,-791.1436767578125,0.0025487300008535385,-0.08105550706386566,-0.08036570996046066,0.993461012840271,1,1656628,13797
1786083337,591023635,1,-88.7962646484375,110.74322509765625,554.1959228515625,,,,,,,,,,1656629,13797
1786083337,591023635,,,,,5,-1496.6697998046875,1031.4287109375,-791.1421508789062,0.0025575575418770313,-0.08109517395496368,-0.07965642958879471,0.993514895439148,1,1656629,13797
1786083337,599759660,1,-88.78448486328125,111.09190368652344,554.4699096679688,,,,,,,,,,1656630,13797
1786083337,599759660,,,,,5,-1496.626220703125,1031.425048828125,-791.1908569335938,0.0031573865562677383,-0.08104828000068665,-0.08067430555820465,0.9934349060058594,1,1656630,13797
1786083337,607930967,1,-88.86055755615234,110.72762298583984,554.14892578125,,,,,,,,,,1656631,13797
1786083337,607930967,,,,,5,-1496.6927490234375,1031.48876953125,-791.1765747070312,0.0027677607722580433,-0.08104255795478821,-0.08001085370779037,0.9934900999069214,1,1656631,13797
1786083337,616536113,1,-88.79741668701172,110.89213562011719,554.2393798828125,,,,,,,,,,1656632,13797
1786083337,616536113,,,,,5,-1496.7125244140625,1031.505126953125,-791.2156982421875,0.0028544513043016195,-0.080764040350914,-0.0802043080329895,0.9934970736503601,1,1656632,13797
1786083337,624755407,1,-88.79005432128906,111.1392822265625,554.365478515625,,,,,,,,,,1656633,13797
1786083337,624755407,,,,,5,-1496.6494140625,1031.437255859375,-791.1895751953125,0.0029386235401034355,-0.08100127428770065,-0.07988150417804718,0.9935033917427063,1,1656633,13797
1786083337,632638692,1,-88.86727142333984,110.9463882446289,554.2545166015625,,,,,,,,,,1656634,13797
1786083337,632638692,,,,,5,-1496.6226806640625,1031.411376953125,-791.1691284179688,0.0030777750071138144,-0.08082673698663712,-0.08003140985965729,0.9935051798820496,1,1656634,13797
1786083337,641596164,1,-88.86844635009766,111.14605712890625,554.3296508789062,,,,,,,,,,1656635,13797
1786083337,641596164,,,,,5,-1496.6717529296875,1031.495849609375,-791.1661987304688,0.0028107010293751955,-0.08097231388092041,-0.08016043901443481,0.9934836626052856,1,1656635,13797
1786083337,649501970,1,-88.87879943847656,111.04280853271484,554.1668090820312,,,,,,,,,,1656636,13797
1786083337,649501970,,,,,5,-1496.6356201171875,1031.45751953125,-791.2029418945312,0.003147454233840108,-0.08094190806150436,-0.08086255192756653,0.9934282302856445,1,1656636,13797
1786083337,657778626,1,-88.86016845703125,111.15009307861328,554.2960205078125,,,,,,,,,,1656637,13797
1786083337,657778626,,,,,5,-1496.6591796875,1031.4549560546875,-791.1602783203125,0.002545316470786929,-0.08093370497226715,-0.07926278561353683,0.9935595989227295,1,1656637,13797
1786083337,666322060,1,-88.8248062133789,111.3061294555664,554.3107299804688,,,,,,,,,,1656638,13797
1786083337,666322060,,,,,5,-1496.6878662109375,1031.504150390625,-791.2101440429688,0.002873663092032075,-0.08075275272130966,-0.08022608608007431,0.9934961199760437,1,1656638,13797
1786083337,673970141,1,-88.81110382080078,110.89012908935547,554.2843627929688,,,,,,,,,,1656639,13797
1786083337,673970141,,,,,5,-1496.6390380859375,1031.4605712890625,-791.1434936523438,0.0028091734275221825,-0.08099421858787537,-0.08047503232955933,0.9934564828872681,1,1656639,13797
1786083337,682634633,1,-88.86477661132812,110.97477722167969,554.2521362304688,,,,,,,,,,1656640,13797
1786083337,682634633,,,,,5,-1496.6229248046875,1031.4241943359375,-791.181640625,0.002745925448834896,-0.08087140321731567,-0.0799320861697197,0.9935104250907898,1,1656640,13797
1786083337,691260798,1,-88.84700012207031,110.85052490234375,554.1675415039062,,,,,,,,,,1656641,13797
1786083337,691260798,,,,,5,-1496.6343994140625,1031.4700927734375,-791.2239990234375,0.002841629320755601,-0.08109882473945618,-0.08080451190471649,0.9934210777282715,1,1656641,13797
1786083337,699277328,1,-88.89134979248047,111.38050079345703,554.2604370117188,,,,,,,,,,1656642,13797
1786083337,699277328,,,,,5,-1496.6151123046875,1031.4378662109375,-791.2267456054688,0.002468873281031847,-0.0811297744512558,-0.07934612780809402,0.993537187576294,1,1656642,13797
1786083337,708904356,1,-88.82353973388672,111.19552612304688,554.2236328125,,,,,,,,,,1656643,13797
1786083337,708904356,,,,,5,-1496.650146484375,1031.4744873046875,-791.2271728515625,0.0028090071864426136,-0.08093003183603287,-0.08062495291233063,0.9934496283531189,1,1656643,13797
1786083337,716171639,1,-88.76779174804688,110.89409637451172,554.2341918945312,,,,,,,,,,1656644,13797
1786083337,716171639,,,,,5,-1496.638427734375,1031.5018310546875,-791.2637939453125,0.0031101328786462545,-0.0809735581278801,-0.08098487555980682,0.9934158325195312,1,1656644,13797
1786083337,724371802,1,-88.83380889892578,110.9115982055664,554.1993408203125,,,,,,,,,,1656645,13797
1786083337,724371802,,,,,5,-1496.64404296875,1031.484130859375,-791.2554321289062,0.0030878824181854725,-0.08111267536878586,-0.08087138086557388,0.9934138655662537,1,1656645,13797
1786083337,733071132,1,-88.75160217285156,111.7993392944336,553.7369995117188,,,,,,,,,,1656646,13797
1786083337,733071132,,,,,5,-1496.5836181640625,1031.5643310546875,-791.3229370117188,0.0025965587701648474,-0.08116363734006882,-0.0792449414730072,0.9935420751571655,1,1656646,13797
1786083337,741277949,1,-88.855712890625,111.03643035888672,554.2762451171875,,,,,,,,,,1656647,13797
1786083337,741277949,,,,,5,-1496.6187744140625,1031.470458984375,-791.2711181640625,0.0027517073322087526,-0.0813576877117157,-0.07992982119321823,0.9934709668159485,1,1656647,13797
1786083337,749333030,1,-88.92095947265625,111.00843811035156,554.66796875,,,,,,,,,,1656648,13797
1786083337,749333030,,,,,5,-1496.607666015625,1031.4249267578125,-791.2399291992188,0.002934086136519909,-0.08098448067903519,-0.08200210332870483,0.993332028388977,1,1656648,13797
1786083337,758035783,1,-88.90731811523438,111.11510467529297,555.2371826171875,,,,,,,,,,1656649,13797
1786083337,758035783,,,,,5,-1496.6044921875,1031.5357666015625,-791.3059692382812,0.003100072965025902,-0.08139647543430328,-0.08106014877557755,0.9933751821517944,1,1656649,13797
1786083337,766168571,1,-88.85850524902344,110.71401977539062,554.0603637695312,,,,,,,,,,1656650,13797
1786083337,766168571,,,,,5,-1496.630859375,1031.4736328125,-791.244384765625,0.0026946174912154675,-0.08110044151544571,-0.07897818833589554,0.9935683012008667,1,1656650,13797
1786083337,774239552,1,-88.93659973144531,111.76825714111328,554.3197021484375,,,,,,,,,,1656651,13797
1786083337,774239552,,,,,5,-1496.640869140625,1031.4473876953125,-791.19970703125,0.002535028150305152,-0.08130546659231186,-0.08039513230323792,0.9934383034706116,1,1656651,13797
1786083337,783015790,1,-88.84906005859375,110.75492858886719,554.0562133789062,,,,,,,,,,1656652,13797
1786083337,783015790,,,,,5,-1496.6429443359375,1031.45263671875,-791.2091674804688,0.0025044202338904142,-0.08128856122493744,-0.08028872311115265,0.9934483170509338,1,1656652,13797
1786083337,791207699,1,-88.82772064208984,111.16219329833984,554.2516479492188,,,,,,,,,,1656653,13797
1786083337,791207699,,,,,5,-1496.626220703125,1031.473876953125,-791.2421264648438,0.002774097491055727,-0.08102914690971375,-0.07950299978256226,0.9935320019721985,1,1656653,13797
1786083337,799215944,1,-88.71517181396484,111.45204162597656,553.3839721679688,,,,,,,,,,1656654,13797
1786083337,799215944,,,,,5,-1496.63916015625,1031.502197265625,-791.2479858398438,0.0023179645650088787,-0.0813649594783783,-0.07967226207256317,0.9934921264648438,1,1656654,13797
1786083337,807981785,1,-88.85980224609375,110.52130126953125,552.9548950195312,,,,,,,,,,1656655,13797
1786083337,807981785,,,,,5,-1496.6268310546875,1031.4791259765625,-791.2353515625,0.0024920818395912647,-0.0812917947769165,-0.07949405163526535,0.9935119152069092,1,1656655,13797
1786083337,815957781,1,-88.81661987304688,110.75212097167969,553.44921875,,,,,,,,,,1656656,13797
1786083337,815957781,,,,,5,-1496.627685546875,1031.4625244140625,-791.20654296875,0.002569429576396942,-0.08109748363494873,-0.08007052540779114,0.993481457233429,1,1656656,13797
1786083337,825462025,1,-89.50792694091797,109.74646759033203,554.1538696289062,,,,,,,,,,1656657,13797
1786083337,825462025,,,,,5,-1496.632080078125,1031.4708251953125,-791.2318725585938,0.0025170098524540663,-0.08112002164125443,-0.07882309705018997,0.9935795068740845,1,1656657,13797
1786083337,832991032,1,-88.74263763427734,109.9184799194336,553.95068359375,,,,,,,,,,1656658,13797
1786083337,832991032,,,,,5,-1496.593994140625,1031.4693603515625,-791.2467651367188,0.0027851348277181387,-0.08110307157039642,-0.07920922338962555,0.9935494661331177,1,1656658,13797
1786083337,840961366,1,-88.83448028564453,110.8515625,554.1129760742188,,,,,,,,,,1656659,13797
1786083337,840961366,,,,,5,-1496.6240234375,1031.404541015625,-791.2005004882812,0.002304789377376437,-0.08104155957698822,-0.0793989896774292,0.9935404658317566,1,1656659,13797
1786083337,849772476,1,-88.7842788696289,111.02900695800781,554.1292724609375,,,,,,,,,,1656660,13797
1786083337,849772476,,,,,5,-1496.6734619140625,1031.45556640625,-791.2223510742188,0.002357367891818285,-0.0812748372554779,-0.08054100722074509,0.99342942237854,1,1656660,13797
1786083337,857724319,1,-88.75851440429688,110.82814025878906,554.2323608398438,,,,,,,,,,1656661,13797
1786083337,857724319,,,,,5,-1496.6353759765625,1031.4388427734375,-791.2120361328125,0.002343415981158614,-0.08108329772949219,-0.08002743124961853,0.9934865236282349,1,1656661,13797
1786083337,865837976,1,-88.78895568847656,110.95516204833984,554.1480102539062,,,,,,,,,,1656662,13797
1786083337,865837976,,,,,5,-1496.6595458984375,1031.4674072265625,-791.21484375,0.002402449492365122,-0.08152330666780472,-0.08070430904626846,0.9933956861495972,1,1656662,13797
1786083337,874825265,1,-88.76289367675781,109.93830871582031,554.0396728515625,,,,,,,,,,1656663,13797
1786083337,874825265,,,,,5,-1496.640625,1031.4765625,-791.1727905273438,0.002466952195391059,-0.08106540143489838,-0.07878373563289642,0.9935871958732605,1,1656663,13797
1786083337,882704006,1,-88.7771224975586,110.91405487060547,554.2766723632812,,,,,,,,,,1656664,13797
1786083337,882704006,,,,,5,-1496.6048583984375,1031.4830322265625,-791.2074584960938,0.002640866208821535,-0.08120492845773697,-0.07907702773809433,0.9935519695281982,1,1656664,13797
1786083337,890806658,1,-88.77455139160156,110.88033294677734,554.1165161132812,,,,,,,,,,1656665,13797
1786083337,890806658,,,,,5,-1496.6641845703125,1031.4169921875,-791.1640625,0.0028661168180406094,-0.08100056648254395,-0.08023753017187119,0.9934750199317932,1,1656665,13797
1786083337,899654622,1,-88.7792739868164,110.67061614990234,554.0906982421875,,,,,,,,,,1656666,13797
1786083337,899654622,,,,,5,-1496.6234130859375,1031.4984130859375,-791.2119750976562,0.00318859308026731,-0.08118457347154617,-0.08000889420509338,0.9934774041175842,1,1656666,13797
1786083337,907722083,1,-88.81199645996094,110.92876434326172,554.119140625,,,,,,,,,,1656667,13797
1786083337,907722083,,,,,5,-1496.65380859375,1031.5155029296875,-791.2431640625,0.003073781495913863,-0.08100631088018417,-0.08052502572536469,0.9934507012367249,1,1656667,13797
1786083337,915708477,1,-88.75870513916016,110.79483032226562,554.202880859375,,,,,,,,,,1656668,13797
1786083337,915708477,,,,,5,-1496.672119140625,1031.4412841796875,-791.1533203125,0.00258080312050879,-0.08125881850719452,-0.080422043800354,0.9934397339820862,1,1656668,13797
1786083337,924574133,1,-88.75796508789062,111.01632690429688,554.1765747070312,,,,,,,,,,1656669,13797
1786083337,924574133,,,,,5,-1496.6146240234375,1031.486328125,-791.1827392578125,0.002789971185848117,-0.08119037747383118,-0.07925134897232056,0.9935389757156372,1,1656669,13797
1786083337,932721190,1,-88.74571228027344,111.05351257324219,554.1458129882812,,,,,,,,,,1656670,13797
1786083337,932721190,,,,,5,-1496.636962890625,1031.4613037109375,-791.1564331054688,0.002501055132597685,-0.08128282427787781,-0.08007566630840302,0.9934659004211426,1,1656670,13797
1786083337,940751764,1,-88.80050659179688,110.81220245361328,554.2570190429688,,,,,,,,,,1656671,13797
1786083337,940751764,,,,,5,-1496.6273193359375,1031.4814453125,-791.1950073242188,0.002806030446663499,-0.0812833234667778,-0.07977043837308884,0.993489682674408,1,1656671,13797
1786083337,949530818,1,-89.13322448730469,110.33023071289062,554.9900512695312,,,,,,,,,,1656672,13797
1786083337,949530818,,,,,5,-1496.6279296875,1031.486083984375,-791.2277221679688,0.0028981564100831747,-0.08095880597829819,-0.07922331988811493,0.993559718132019,1,1656672,13797
1786083337,957537175,1,-88.77680206298828,110.65321350097656,554.1715087890625,,,,,,,,,,1656673,13797
1786083337,957537175,,,,,5,-1496.5963134765625,1031.4404296875,-791.1956176757812,0.0031300962436944246,-0.08100899308919907,-0.0794864296913147,0.9935338497161865,1,1656673,13797
1786083337,966346397,1,-88.76981353759766,110.69066619873047,554.0814208984375,,,,,,,,,,1656674,13797
1786083337,966346397,,,,,5,-1496.6187744140625,1031.430908203125,-791.1890869140625,0.0029553119093179703,-0.08103227615356445,-0.07960604131221771,0.9935228824615479,1,1656674,13797
1786083337,974623756,1,-88.67442321777344,110.70311737060547,554.2175903320312,,,,,,,,,,1656675,13797
1786083337,974623756,,,,,5,-1496.6229248046875,1031.48486328125,-791.1901245117188,0.0027183315251022577,-0.08126480877399445,-0.0792001262307167,0.9935369491577148,1,1656675,13797
1786083337,982671126,1,-88.69236755371094,110.60635375976562,554.2839965820312,,,,,,,,,,1656676,13797
1786083337,982671126,,,,,5,-1496.6932373046875,1031.4798583984375,-791.19775390625,0.003002892481163144,-0.08104405552148819,-0.08050736784934998,0.9934492707252502,1,1656676,13797
1786083337,990542446,1,-88.75787353515625,110.67572784423828,554.2197875976562,,,,,,,,,,1656677,13797
1786083337,990542446,,,,,5,-1496.63720703125,1031.49658203125,-791.19384765625,0.003071828978136182,-0.08121559023857117,-0.08035555481910706,0.9934472441673279,1,1656677,13797
1786083337,999397576,1,-88.69709777832031,110.85504150390625,554.2095336914062,,,,,,,,,,1656678,13797
1786083337,999397576,,,,,5,-1496.6658935546875,1031.5113525390625,-791.2120971679688,0.0028850368689745665,-0.0809837058186531,-0.07956719398498535,0.9935303330421448,1,1656678,13797
1786083338,7369319,1,-88.70729064941406,110.59053039550781,554.2020263671875,,,,,,,,,,1656679,13797
1786083338,7369319,,,,,5,-1496.6378173828125,1031.440673828125,-791.1663208007812,0.0025389210786670446,-0.08127730339765549,-0.07999065518379211,0.9934731125831604,1,1656679,13797
1786083338,16258784,1,-88.69334411621094,110.33385467529297,554.1452026367188,,,,,,,,,,1656680,13797
1786083338,16258784,,,,,5,-1496.636962890625,1031.49365234375,-791.2133178710938,0.00302292057313025,-0.08129197359085083,-0.07990211993455887,0.9934778213500977,1,1656680,13797
1786083338,24451819,1,-88.77230834960938,110.47465515136719,554.1656494140625,,,,,,,,,,1656681,13797
1786083338,24451819,,,,,5,-1496.6683349609375,1031.4989013671875,-791.2177124023438,0.0028099576011300087,-0.08070317655801773,-0.07944576442241669,0.9935631155967712,1,1656681,13797
1786083338,32712453,1,-88.70225524902344,110.49574279785156,554.1202392578125,,,,,,,,,,1656682,13797
1786083338,32712453,,,,,5,-1496.655517578125,1031.4931640625,-791.2216796875,0.0028309887275099754,-0.08132009953260422,-0.07982534915208817,0.993482232093811,1,1656682,13797
1786083338,41659600,1,-88.709228515625,110.76313018798828,554.0949096679688,,,,,,,,,,1656683,13797
1786083338,41659600,,,,,5,-1496.63330078125,1031.4515380859375,-791.2301635742188,0.003286167047917843,-0.0814695954322815,-0.0810692310333252,0.9933677911758423,1,1656683,13797
1786083338,49305639,1,-88.71442413330078,110.62352752685547,554.1729736328125,,,,,,,,,,1656684,13797
1786083338,49305639,,,,,5,-1496.6558837890625,1031.495361328125,-791.219482421875,0.003091158578172326,-0.0812980979681015,-0.08064325898885727,0.9934170842170715,1,1656684,13797
1786083338,57648716,1,-88.68639373779297,111.00686645507812,554.2387084960938,,,,,,,,,,1656685,13797
1786083338,57648716,,,,,5,-1496.6064453125,1031.4315185546875,-791.2395629882812,0.003106115385890007,-0.08091029524803162,-0.07963355630636215,0.9935302734375,1,1656685,13797
1786083338,66212569,1,-88.73201751708984,110.80181121826172,554.31201171875,,,,,,,,,,1656686,13797
1786083338,66212569,,,,,5,-1496.6568603515625,1031.4776611328125,-791.263671875,0.003450170159339905,-0.08079143613576889,-0.08053435385227203,0.9934661984443665,1,1656686,13797
1786083338,74960950,1,-88.7062759399414,110.54290008544922,554.0415649414062,,,,,,,,,,1656687,13797
1786083338,74960950,,,,,5,-1496.6834716796875,1031.4652099609375,-791.1893920898438,0.0027692224830389023,-0.08080235868692398,-0.08019912242889404,0.9934945702552795,1,1656687,13797
1786083338,82423228,1,-88.74042510986328,110.68109130859375,554.1453857421875,,,,,,,,,,1656688,13797
1786083338,82423228,,,,,5,-1496.6551513671875,1031.4940185546875,-791.23486328125,0.0028169096913188696,-0.0812450423836708,-0.07963920384645462,0.9935032725334167,1,1656688,13797
1786083338,91337519,1,-88.69608306884766,110.67301940917969,554.1431884765625,,,,,,,,,,1656689,13797
1786083338,91337519,,,,,5,-1496.6165771484375,1031.4251708984375,-791.1986083984375,0.0029849109705537558,-0.08095160126686096,-0.07891902327537537,0.9935842752456665,1,1656689,13797
1786083338,99365509,1,-88.73595428466797,110.88593292236328,554.3947143554688,,,,,,,,,,1656690,13797
1786083338,99365509,,,,,5,-1496.63427734375,1031.4132080078125,-791.1856689453125,0.0030550111550837755,-0.0809798464179039,-0.08018317818641663,0.9934805035591125,1,1656690,13797
1786083338,107342920,1,-88.72291564941406,110.84833526611328,554.33544921875,,,,,,,,,,1656691,13797
1786083338,107342920,,,,,5,-1496.63720703125,1031.4652099609375,-791.2101440429688,0.002823363756760955,-0.08111890405416489,-0.08088018000125885,0.9934133887290955,1,1656691,13797
1786083338,116169808,1,-88.73138427734375,110.69322967529297,554.1904296875,,,,,,,,,,1656692,13797
1786083338,116169808,,,,,5,-1496.6304931640625,1031.4398193359375,-791.1720581054688,0.0027125829365104437,-0.08116558194160461,-0.08101147413253784,0.9933991432189941,1,1656692,13797
1786083338,124123417,1,-88.70687103271484,110.87983703613281,554.3167114257812,,,,,,,,,,1656693,13797
1786083338,124123417,,,,,5,-1496.649658203125,1031.473876953125,-791.2069702148438,0.0035203236620873213,-0.08107372373342514,-0.08052169531583786,0.9934439659118652,1,1656693,13797
1786083338,132872438,1,-88.75257873535156,110.6716079711914,554.1103515625,,,,,,,,,,1656694,13797
1786083338,132872438,,,,,5,-1496.68212890625,1031.45458984375,-791.23779296875,0.00330594670958817,-0.08073431253433228,-0.08125340193510056,0.9934126734733582,1,1656694,13797
1786083338,141028747,1,-88.71139526367188,110.72957611083984,554.2307739257812,,,,,,,,,,1656695,13797
1786083338,141028747,,,,,5,-1496.6148681640625,1031.4422607421875,-791.2394409179688,0.0033326749689877033,-0.08118848502635956,-0.08013604581356049,0.9934663772583008,1,1656695,13797
1786083338,149056929,1,-88.76602172851562,110.36864471435547,553.9526977539062,,,,,,,,,,1656696,13797
1786083338,149056929,,,,,5,-1496.6209716796875,1031.4407958984375,-791.2269897460938,0.0032116754446178675,-0.08099915832281113,-0.0800982266664505,0.9934853315353394,1,1656696,13797
1786083338,158008106,1,-88.70172882080078,110.46440124511719,554.1209716796875,,,,,,,,,,1656697,13797
1786083338,158008106,,,,,5,-1496.6346435546875,1031.4273681640625,-791.1718139648438,0.0026747146621346474,-0.0812586098909378,-0.08038106560707092,0.9934428334236145,1,1656697,13797
1786083338,165764325,1,-88.66232299804688,109.67768096923828,554.2119750976562,,,,,,,,,,1656698,13797
1786083338,165764325,,,,,5,-1496.6461181640625,1031.43212890625,-791.2015380859375,0.002913679927587509,-0.08116256445646286,-0.07991291582584381,0.9934878349304199,1,1656698,13797
1786083338,174744295,1,-88.74375915527344,110.82625579833984,554.2412109375,,,,,,,,,,1656699,13797
1786083338,174744295,,,,,5,-1496.6424560546875,1031.43115234375,-791.2247314453125,0.0034086687956005335,-0.08097490668296814,-0.08128371089696884,0.9933904409408569,1,1656699,13797
1786083338,183080206,1,-88.50511169433594,110.74119567871094,553.4830932617188,,,,,,,,,,1656700,13797
1786083338,183080206,,,,,5,-1496.6534423828125,1031.4351806640625,-791.1989135742188,0.0029219703283160925,-0.08130713552236557,-0.08109413832426071,0.9933802485466003,1,1656700,13797
1786083338,191013820,1,-88.75829315185547,110.52934265136719,553.947265625,,,,,,,,,,1656701,13797
1786083338,191013820,,,,,5,-1496.66943359375,1031.4866943359375,-791.1957397460938,0.0031248009763658047,-0.08094893395900726,-0.08110504597425461,0.9934080243110657,1,1656701,13797
1786083338,199085030,1,-88.81017303466797,110.60115814208984,554.1666259765625,,,,,,,,,,1656702,13797
1786083338,199085030,,,,,5,-1496.6248779296875,1031.4779052734375,-791.2575073242188,0.003220990067347884,-0.08120269328355789,-0.07986979186534882,0.9934870600700378,1,1656702,13797
1786083338,207094113,1,-88.78765106201172,111.2308120727539,554.3187866210938,,,,,,,,,,1656703,13797
1786083338,207094113,,,,,5,-1496.6470947265625,1031.4945068359375,-791.1854248046875,0.0032514999620616436,-0.08118440210819244,-0.08143924921751022,0.9933611154556274,1,1656703,13797
1786083338,215687718,1,-88.73543548583984,110.62738037109375,554.1427001953125,,,,,,,,,,1656704,13797
1786083338,215687718,,,,,5,-1496.6646728515625,1031.4622802734375,-791.1918334960938,0.002717516152188182,-0.08126511424779892,-0.0801655501127243,0.9934595823287964,1,1656704,13797
1786083338,225474745,1,-88.83349609375,110.58287811279297,554.2459716796875,,,,,,,,,,1656705,13797
1786083338,225474745,,,,,5,-1496.59130859375,1031.442626953125,-791.2284545898438,0.0033060454297810793,-0.0810537189245224,-0.08136880397796631,0.9933772087097168,1,1656705,13797
1786083338,232547651,1,-88.88626098632812,111.18697357177734,554.4379272460938,,,,,,,,,,1656706,13797
1786083338,232547651,,,,,5,-1496.656982421875,1031.4530029296875,-791.2275390625,0.0032458303030580282,-0.08097685873508453,-0.08113235235214233,0.9934030771255493,1,1656706,13797
1786083338,240628811,1,-88.98860168457031,111.01274871826172,554.5234375,,,,,,,,,,1656707,13797
1786083338,240628811,,,,,5,-1496.637939453125,1031.4493408203125,-791.2174072265625,0.0032548580784350634,-0.08071836829185486,-0.07942186295986176,0.9935623407363892,1,1656707,13797
1786083338,249461619,1,-88.93787384033203,110.69757843017578,554.766845703125,,,,,,,,,,1656708,13797
1786083338,249461619,,,,,5,-1496.675048828125,1031.48828125,-791.1817626953125,0.002939823316410184,-0.08077671378850937,-0.08003539592027664,0.9935092926025391,1,1656708,13797
1786083338,257696819,1,-89.067138671875,110.52035522460938,554.8335571289062,,,,,,,,,,1656709,13797
1786083338,257696819,,,,,5,-1496.659423828125,1031.4697265625,-791.1929931640625,0.0028254359494894743,-0.08075076341629028,-0.07875850051641464,0.9936138391494751,1,1656709,13797
1786083338,265896765,1,-89.13233947753906,110.55197143554688,555.0602416992188,,,,,,,,,,1656710,13797
1786083338,265896765,,,,,5,-1496.6395263671875,1031.4168701171875,-791.1720581054688,0.003139505861327052,-0.08087676018476486,-0.08068381249904633,0.9934481382369995,1,1656710,13797
1786083338,274689967,1,-89.26705932617188,110.02653503417969,555.3140869140625,,,,,,,,,,1656711,13797
1786083338,274689967,,,,,5,-1496.6121826171875,1031.4459228515625,-791.1840209960938,0.0029965529683977365,-0.08098579943180084,-0.0793055072426796,0.993550717830658,1,1656711,13797
1786083338,282449289,1,-89.33790588378906,110.02752685546875,555.6849365234375,,,,,,,,,,1656712,13797
1786083338,282449289,,,,,5,-1496.649658203125,1031.4984130859375,-791.2242431640625,0.002975107403472066,-0.08086946606636047,-0.07949751615524292,0.99354487657547,1,1656712,13797
1786083338,291425036,1,-88.67626190185547,111.1301040649414,554.3163452148438,,,,,,,,,,1656713,13797
1786083338,291425036,,,,,5,-1496.636962890625,1031.462890625,-791.221435546875,0.00307189067825675,-0.08119703829288483,-0.0802546888589859,0.9934569597244263,1,1656713,13797
1786083338,299328098,1,-88.73094940185547,110.7774429321289,554.2430419921875,,,,,,,,,,1656714,13797
1786083338,299328098,,,,,5,-1496.6566162109375,1031.4666748046875,-791.2341918945312,0.0030985588673502207,-0.08080048114061356,-0.07941588014364243,0.9935566186904907,1,1656714,13797
1786083338,307252082,1,-88.68927764892578,110.59468078613281,554.2068481445312,,,,,,,,,,1656715,13797
1786083338,307252082,,,,,5,-1496.5966796875,1031.3824462890625,-791.1712646484375,0.0028323810547590256,-0.08099683374166489,-0.08016907423734665,0.9934808015823364,1,1656715,13797
1786083338,316339448,1,-88.67941284179688,110.45124816894531,554.2984619140625,,,,,,,,,,1656716,13797
1786083338,316339448,,,,,5,-1496.6903076171875,1031.4013671875,-791.2295532226562,0.003075113520026207,-0.08070196956396103,-0.08050037175416946,0.993477463722229,1,1656716,13797
1786083338,324928670,1,-88.64942932128906,110.87349700927734,554.2069091796875,,,,,,,,,,1656717,13797
1786083338,324928670,,,,,5,-1496.6771240234375,1031.4876708984375,-791.2144775390625,0.00278945779427886,-0.08099712431430817,-0.07938782125711441,0.9935437440872192,1,1656717,13797
1786083338,332488492,1,-88.72862243652344,110.94229888916016,554.4215087890625,,,,,,,,,,1656718,13797
1786083338,332488492,,,,,5,-1496.64453125,1031.4345703125,-791.1616821289062,0.002619572915136814,-0.08129994571208954,-0.08048318326473236,0.9934313893318176,1,1656718,13797
1786083338,341407773,1,-88.77018737792969,110.5196762084961,554.2982788085938,,,,,,,,,,1656719,13797
1786083338,341407773,,,,,5,-1496.6903076171875,1031.4510498046875,-791.1395263671875,0.002685852348804474,-0.08116362988948822,-0.08042746782302856,0.9934468269348145,1,1656719,13797
1786083338,349261248,1,-88.95211791992188,111.21612548828125,554.5972900390625,,,,,,,,,,1656720,13797
1786083338,349261248,,,,,5,-1496.7216796875,1031.5032958984375,-791.1690673828125,0.0028057796880602837,-0.08107071369886398,-0.08041596412658691,0.9934551119804382,1,1656720,13797
1786083338,357609636,1,-89.39593505859375,110.42826080322266,554.9566650390625,,,,,,,,,,1656721,13797
1786083338,357609636,,,,,5,-1496.6632080078125,1031.48388671875,-791.2127685546875,0.0027672257274389267,-0.08115449547767639,-0.07978342473506927,0.993499219417572,1,1656721,13797
1786083338,366139833,1,-90.1003189086914,109.90125274658203,555.55908203125,,,,,,,,,,1656722,13797
1786083338,366139833,,,,,5,-1496.6656494140625,1031.484375,-791.1998291015625,0.0030502197332680225,-0.08082986623048782,-0.08042466640472412,0.9934731721878052,1,1656722,13797
1786083338,374550764,1,-88.19206237792969,111.50200653076172,553.4196166992188,,,,,,,,,,1656723,13797
1786083338,374550764,,,,,5,-1496.670654296875,1031.4959716796875,-791.2451171875,0.0034057870507240295,-0.08061495423316956,-0.0805848240852356,0.9934766292572021,1,1656723,13797
1786083338,382085792,1,-88.14998626708984,111.54114532470703,553.3629760742188,,,,,,,,,,1656724,13797
1786083338,382085792,,,,,5,-1496.6256103515625,1031.4134521484375,-791.19580078125,0.0029978014063090086,-0.08115630596876144,-0.07843026518821716,0.9936062097549438,1,1656724,13797
1786083338,391078751,1,-88.10177612304688,111.45779418945312,553.2977905273438,,,,,,,,,,1656725,13797
1786083338,391078751,,,,,5,-1496.6514892578125,1031.4398193359375,-791.20361328125,0.003242182545363903,-0.0807272419333458,-0.08060643821954727,0.9934662580490112,1,1656725,13797
1786083338,399110707,1,-88.14632415771484,111.04686737060547,553.6463623046875,,,,,,,,,,1656726,13797
1786083338,399110707,,,,,5,-1496.6488037109375,1031.4388427734375,-791.2286987304688,0.003092976287007332,-0.08087076246738434,-0.08011608570814133,0.9934945702552795,1,1656726,13797
1786083338,407886058,1,-88.16397857666016,111.2302474975586,553.650146484375,,,,,,,,,,1656727,13797
1786083338,407886058,,,,,5,-1496.6719970703125,1031.5123291015625,-791.22119140625,0.0032316213473677635,-0.08099586516618729,-0.08019429445266724,0.9934778213500977,1,1656727,13797
1786083338,415850863,1,-87.47810363769531,112.7057113647461,550.9456787109375,,,,,,,,,,1656728,13798
1786083338,415850863,,,,,5,-1496.6761474609375,1031.5028076171875,-791.2083129882812,0.0032720856834203005,-0.08100643008947372,-0.08085381984710693,0.993423342704773,1,1656728,13798
1786083338,424238985,1,-87.55290985107422,112.87606811523438,551.6013793945312,,,,,,,,,,1656729,13798
1786083338,424238985,,,,,5,-1496.6148681640625,1031.4642333984375,-791.2160034179688,0.0032774852588772774,-0.0808226689696312,-0.07967982441186905,0.9935332536697388,1,1656729,13798
1786083338,432142111,1,-87.68301391601562,112.17346954345703,551.8646850585938,,,,,,,,,,1656730,13798
1786083338,432142111,,,,,5,-1496.588134765625,1031.4595947265625,-791.21728515625,0.0033251314889639616,-0.08085580170154572,-0.07996513694524765,0.9935072660446167,1,1656730,13798
1786083338,441119649,1,-87.76783752441406,112.05017852783203,552.23779296875,,,,,,,,,,1656731,13798
1786083338,441119649,,,,,5,-1496.6280517578125,1031.42724609375,-791.1763305664062,0.002782379509881139,-0.08097393810749054,-0.08001659065485,0.9934952259063721,1,1656731,13798
1786083338,449107169,1,-87.83574676513672,111.51737213134766,552.7252807617188,,,,,,,,,,1656732,13798
1786083338,449107169,,,,,5,-1496.6180419921875,1031.4783935546875,-791.1893920898438,0.003111782483756542,-0.0813751146197319,-0.08084181696176529,0.993394672870636,1,1656732,13798
1786083338,458084803,1,-87.88906860351562,111.83308410644531,553.0415649414062,,,,,,,,,,1656733,13798
1786083338,458084803,,,,,5,-1496.651611328125,1031.446533203125,-791.1696166992188,0.0024829639587551355,-0.0813346579670906,-0.07952424138784409,0.9935060739517212,1,1656733,13798
1786083338,466046058,1,-88.01206970214844,111.83728790283203,553.0639038085938,,,,,,,,,,1656734,13798
1786083338,466046058,,,,,5,-1496.6044921875,1031.4373779296875,-791.2197265625,0.003197142155840993,-0.08094698935747147,-0.07972367852926254,0.9935197830200195,1,1656734,13798
1786083338,474290761,1,-88.01261901855469,111.19438171386719,553.2048950195312,,,,,,,,,,1656735,13798
1786083338,474290761,,,,,5,-1496.6358642578125,1031.4322509765625,-791.2061767578125,0.0032786501105874777,-0.0806296169757843,-0.08067847788333893,0.993468165397644,1,1656735,13798
1786083338,482851190,1,-88.13701629638672,110.82868194580078,553.465576171875,,,,,,,,,,1656736,13798
1786083338,482851190,,,,,5,-1496.626708984375,1031.447509765625,-791.2138671875,0.003034009598195553,-0.08109793812036514,-0.07988374680280685,0.9934950470924377,1,1656736,13798
1786083338,490900934,1,-88.1172103881836,111.62833404541016,553.4136962890625,,,,,,,,,,1656737,13798
1786083338,490900934,,,,,5,-1496.6295166015625,1031.471435546875,-791.19677734375,0.0027770455926656723,-0.08114612847566605,-0.07909249514341354,0.9935551881790161,1,1656737,13798
1786083338,499013990,1,-88.18473815917969,111.01527404785156,553.4476928710938,,,,,,,,,,1656738,13798
1786083338,499013990,,,,,5,-1496.6710205078125,1031.4454345703125,-791.1574096679688,0.002541206544265151,-0.08132945746183395,-0.08045625686645508,0.9934313893318176,1,1656738,13798
1786083338,508143457,1,-88.19232177734375,111.21306610107422,553.4906616210938,,,,,,,,,,1656739,13798
1786083338,508143457,,,,,5,-1496.65673828125,1031.4637451171875,-791.1879272460938,0.0028383152093738317,-0.08086815476417542,-0.08007107675075531,0.9934992790222168,1,1656739,13798
1786083338,515740038,1,-88.21870422363281,110.9456787109375,553.62451171875,,,,,,,,,,1656740,13798
1786083338,515740038,,,,,5,-1496.6661376953125,1031.4432373046875,-791.1561889648438,0.002606485038995743,-0.0808132141828537,-0.07963567227125168,0.9935394525527954,1,1656740,13798
1786083338,524641244,1,-88.18598175048828,111.12320709228516,553.681884765625,,,,,,,,,,1656741,13798
1786083338,524641244,,,,,5,-1496.697265625,1031.5057373046875,-791.2221069335938,0.00315034668892622,-0.08087238669395447,-0.07986459881067276,0.9935145974159241,1,1656741,13798
1786083338,536176782,1,-88.2579345703125,111.40281677246094,553.7400512695312,,,,,,,,,,1656742,13798
1786083338,536176782,,,,,5,-1496.607421875,1031.4569091796875,-791.1701049804688,0.002887608716264367,-0.08124619722366333,-0.08107094466686249,0.9933872222900391,1,1656742,13798
1786083338,540797997,1,-88.33319854736328,110.87014770507812,553.7400512695312,,,,,,,,,,1656743,13798
1786083338,540797997,,,,,5,-1496.6409912109375,1031.4510498046875,-791.1519775390625,0.002974171657115221,-0.08128082007169724,-0.08145172894001007,0.9933529496192932,1,1656743,13798
1786083338,549542699,1,-88.25115966796875,111.21187591552734,553.8834838867188,,,,,,,,,,1656744,13798
1786083338,549542699,,,,,5,-1496.6552734375,1031.5028076171875,-791.1756591796875,0.0025029024109244347,-0.08122090250253677,-0.07981683313846588,0.9934918284416199,1,1656744,13798
1786083338,557929061,1,-88.2679214477539,111.2934341430664,553.7028198242188,,,,,,,,,,1656745,13798
1786083338,557929061,,,,,5,-1496.6500244140625,1031.4898681640625,-791.206787109375,0.0026981206610798836,-0.08083415776491165,-0.07881292700767517,0.9936030507087708,1,1656745,13798
1786083338,565819934,1,-88.27616119384766,111.49638366699219,553.8994140625,,,,,,,,,,1656746,13798
1786083338,565819934,,,,,5,-1496.627685546875,1031.442626953125,-791.2061767578125,0.003016258357092738,-0.08122296631336212,-0.08118320256471634,0.9933795928955078,1,1656746,13798
1786083338,573943643,1,-88.29794311523438,110.79469299316406,553.8326416015625,,,,,,,,,,1656747,13798
1786083338,573943643,,,,,5,-1496.638671875,1031.4530029296875,-791.2235107421875,0.003254272509366274,-0.0807901918888092,-0.08125530928373337,0.993408203125,1,1656747,13798
1786083338,582494219,1,-88.25506591796875,111.36060333251953,553.7325439453125,,,,,,,,,,1656748,13798
1786083338,582494219,,,,,5,-1496.6219482421875,1031.4173583984375,-791.1868896484375,0.002897053025662899,-0.08119361847639084,-0.08058732002973557,0.9934308528900146,1,1656748,13798
1786083338,590763587,1,-88.2703857421875,111.33218383789062,553.765625,,,,,,,,,,1656749,13798
1786083338,590763587,,,,,5,-1496.6314697265625,1031.408935546875,-791.1798095703125,0.0029787004459649324,-0.08115580677986145,-0.0802951455116272,0.9934573173522949,1,1656749,13798
1786083338,599523805,1,-88.34160614013672,110.69187927246094,553.7699584960938,,,,,,,,,,1656750,13798
1786083338,599523805,,,,,5,-1496.5859375,1031.440185546875,-791.2249145507812,0.0031340739224106073,-0.08100736141204834,-0.07943958044052124,0.9935377240180969,1,1656750,13798
1786083338,607721735,1,-88.24858093261719,110.49385833740234,553.8218994140625,,,,,,,,,,1656751,13798
1786083338,607721735,,,,,5,-1496.5985107421875,1031.5281982421875,-791.2195434570312,0.0024857402313500643,-0.08125654608011246,-0.07848162949085236,0.9935954213142395,1,1656751,13798
1786083338,615905077,1,-88.35684967041016,110.7119140625,553.7199096679688,,,,,,,,,,1656752,13798
1786083338,615905077,,,,,5,-1496.6439208984375,1031.44580078125,-791.1980590820312,0.0029923743568360806,-0.08099658787250519,-0.07922715693712234,0.993556022644043,1,1656752,13798
1786083338,624559626,1,-88.30281829833984,110.89308166503906,553.7250366210938,,,,,,,,,,1656753,13798
1786083338,624559626,,,,,5,-1496.6224365234375,1031.477783203125,-791.2028198242188,0.002871284494176507,-0.08120377361774445,-0.0795077383518219,0.9935170412063599,1,1656753,13798
1786083338,633349885,1,-88.26039123535156,111.1024169921875,553.8321533203125,,,,,,,,,,1656754,13798
1786083338,633349885,,,,,5,-1496.631591796875,1031.4876708984375,-791.2206420898438,0.003016160801053047,-0.08133985102176666,-0.08009926974773407,0.9934579730033875,1,1656754,13798
1786083338,641469211,1,-88.32176208496094,110.91486358642578,553.7426147460938,,,,,,,,,,1656755,13798
1786083338,641469211,,,,,5,-1496.638427734375,1031.4227294921875,-791.2138061523438,0.003371289698407054,-0.08088548481464386,-0.07978109270334244,0.9935195446014404,1,1656755,13798
1786083338,649390092,1,-89.23680114746094,111.34578704833984,553.6605224609375,,,,,,,,,,1656756,13798
1786083338,649390092,,,,,5,-1496.6248779296875,1031.465576171875,-791.1566772460938,0.0028529793489724398,-0.08133800327777863,-0.08073484897613525,0.993407130241394,1,1656756,13798
1786083338,657601459,1,-89.20439910888672,111.21349334716797,553.5524291992188,,,,,,,,,,1656757,13798
1786083338,657601459,,,,,5,-1496.6370849609375,1031.4715576171875,-791.1801147460938,0.0025777711998671293,-0.08129379898309708,-0.07951153814792633,0.9935101866722107,1,1656757,13798
1786083338,665581941,1,-89.33236694335938,111.22614288330078,553.481201171875,,,,,,,,,,1656758,13798
1786083338,665581941,,,,,5,-1496.61962890625,1031.4403076171875,-791.1929931640625,0.0034987882245332003,-0.08101335167884827,-0.08110437542200089,0.9934015274047852,1,1656758,13798
1786083338,674382277,1,-89.34911346435547,111.01716613769531,553.6254272460938,,,,,,,,,,1656759,13798
1786083338,674382277,,,,,5,-1496.6473388671875,1031.4295654296875,-791.1422729492188,0.0028761846479028463,-0.08099685609340668,-0.07918043434619904,0.9935600757598877,1,1656759,13798
1786083338,682144351,1,-89.32644653320312,111.15973663330078,553.6647338867188,,,,,,,,,,1656760,13798
1786083338,682144351,,,,,5,-1496.60498046875,1031.4599609375,-791.1987915039062,0.003009975189343095,-0.08116322010755539,-0.0796581283211708,0.9935078024864197,1,1656760,13798
1786083338,691550195,1,-89.27387237548828,111.2325668334961,553.62744140625,,,,,,,,,,1656761,13798
1786083338,691550195,,,,,5,-1496.619384765625,1031.4359130859375,-791.2195434570312,0.003281039884313941,-0.08095118403434753,-0.0804867297410965,0.993457555770874,1,1656761,13798
1786083338,699178479,1,-89.24693298339844,111.30882263183594,553.5503540039062,,,,,,,,,,1656762,13798
1786083338,699178479,,,,,5,-1496.6307373046875,1031.4923095703125,-791.2262573242188,0.003194548189640045,-0.0813748687505722,-0.08084534853696823,0.9933940768241882,1,1656762,13798
1786083338,707217890,1,-89.23249816894531,111.2215805053711,553.6049194335938,,,,,,,,,,1656763,13798
1786083338,707217890,,,,,5,-1496.6180419921875,1031.4691162109375,-791.1964721679688,0.002988239983096719,-0.0812184065580368,-0.08049532026052475,0.9934359788894653,1,1656763,13798
1786083338,715929928,1,-89.25395202636719,111.35481262207031,553.5120849609375,,,,,,,,,,1656764,13798
1786083338,715929928,,,,,5,-1496.673095703125,1031.4537353515625,-791.1865844726562,0.0028036844450980425,-0.08078894019126892,-0.08031666278839111,0.9934860467910767,1,1656764,13798
1786083338,724176070,1,-88.2491226196289,110.77938842773438,553.73046875,,,,,,,,,,1656765,13798
1786083338,724176070,,,,,5,-1496.627197265625,1031.4630126953125,-791.1613159179688,0.0028092784341424704,-0.08123040199279785,-0.07897187024354935,0.993557870388031,1,1656765,13798
1786083338,732548516,1,-88.26568603515625,111.14959716796875,553.7949829101562,,,,,,,,,,1656766,13798
1786083338,732548516,,,,,5,-1496.6663818359375,1031.4661865234375,-791.2047729492188,0.002892583142966032,-0.08101125061511993,-0.08114039152860641,0.9934007525444031,1,1656766,13798
1786083338,741000173,1,-88.23560333251953,111.01019287109375,553.7855224609375,,,,,,,,,,1656767,13798
1786083338,741000173,,,,,5,-1496.6329345703125,1031.4647216796875,-791.2545776367188,0.003498827340081334,-0.08103223890066147,-0.08130351454019547,0.9933837652206421,1,1656767,13798
1786083338,749113037,1,-87.22412872314453,111.50855255126953,552.2158203125,,,,,,,,,,1656768,13798
1786083338,749113037,,,,,5,-1496.6063232421875,1031.472900390625,-791.2781372070312,0.0035460093058645725,-0.0810442864894867,-0.08113598823547363,0.9933963418006897,1,1656768,13798
1786083338,758142562,1,-87.51029205322266,111.56031036376953,552.4821166992188,,,,,,,,,,1656769,13798
1786083338,758142562,,,,,5,-1496.6754150390625,1031.4779052734375,-791.193359375,0.0031838538125157356,-0.08080508559942245,-0.08085215091705322,0.9934401512145996,1,1656769,13798
1786083338,766555669,1,-87.7072525024414,111.82185363769531,552.741455078125,,,,,,,,,,1656770,13798
1786083338,766555669,,,,,5,-1496.662353515625,1031.4703369140625,-791.1981811523438,0.003140665590763092,-0.08092039078474045,-0.08126822859048843,0.9933969974517822,1,1656770,13798
1786083338,774226214,1,-87.80326843261719,111.4797592163086,552.935791015625,,,,,,,,,,1656771,13798
1786083338,774226214,,,,,5,-1496.6478271484375,1031.535888671875,-791.2369384765625,0.0028657279908657074,-0.08067041635513306,-0.07936357706785202,0.9935720562934875,1,1656771,13798
1786083338,782706280,1,-88.01406860351562,111.07059478759766,553.1378173828125,,,,,,,,,,1656772,13798
1786083338,782706280,,,,,5,-1496.6123046875,1031.4256591796875,-791.1912841796875,0.0028849446680396795,-0.08132043480873108,-0.07992372661828995,0.9934741258621216,1,1656772,13798
1786083338,790711908,1,-88.12789154052734,111.2380142211914,553.3854370117188,,,,,,,,,,1656773,13798
1786083338,790711908,,,,,5,-1496.6439208984375,1031.445556640625,-791.17626953125,0.002828368218615651,-0.08112207800149918,-0.08078432828187943,0.9934207797050476,1,1656773,13798
1786083338,799676201,1,-88.16060638427734,111.03276062011719,553.6858520507812,,,,,,,,,,1656774,13798
1786083338,799676201,,,,,5,-1496.5994873046875,1031.49267578125,-791.212158203125,0.003140345448628068,-0.08118539303541183,-0.08048371225595474,0.9934391975402832,1,1656774,13798
1786083338,808006002,1,-88.32994079589844,111.19182586669922,553.723876953125,,,,,,,,,,1656775,13798
1786083338,808006002,,,,,5,-1496.6427001953125,1031.4549560546875,-791.2313842773438,0.003612142289057374,-0.08129366487264633,-0.081533282995224,0.9933432340621948,1,1656775,13798
1786083338,815828188,1,-88.353759765625,110.9719467163086,553.8441772460938,,,,,,,,,,1656776,13798
1786083338,815828188,,,,,5,-1496.671142578125,1031.490478515625,-791.2440185546875,0.003295000409707427,-0.08085846155881882,-0.07979678362607956,0.9935207962989807,1,1656776,13798
1786083338,823815229,1,-88.40370178222656,110.77783966064453,553.9053344726562,,,,,,,,,,1656777,13798
1786083338,823815229,,,,,5,-1496.6470947265625,1031.4532470703125,-791.1890869140625,0.002868407405912876,-0.08124484866857529,-0.08071910589933395,0.9934159517288208,1,1656777,13798
1786083338,832508296,1,-88.39971923828125,111.4155044555664,553.914794921875,,,,,,,,,,1656778,13798
1786083338,832508296,,,,,5,-1496.6451416015625,1031.4947509765625,-791.2330932617188,0.003520084312185645,-0.08106784522533417,-0.08124451339244843,0.9933855533599854,1,1656778,13798
1786083338,840790780,1,-88.44988250732422,111.29403686523438,553.9188842773438,,,,,,,,,,1656779,13798
1786083338,840790780,,,,,5,-1496.6630859375,1031.5360107421875,-791.2390747070312,0.0026940160896629095,-0.08095939457416534,-0.07872451841831207,0.9935999512672424,1,1656779,13798
1786083338,848843340,1,-88.37803649902344,111.27287292480469,553.806884765625,,,,,,,,,,1656780,13798
1786083338,848843340,,,,,5,-1496.651611328125,1031.467529296875,-791.2367553710938,0.0030994319822639227,-0.08088099211454391,-0.07965485006570816,0.9935310482978821,1,1656780,13798
1786083338,858080971,1,-88.47008514404297,111.42545318603516,553.960205078125,,,,,,,,,,1656781,13798
1786083338,858080971,,,,,5,-1496.6058349609375,1031.43603515625,-791.1873779296875,0.003226977540180087,-0.08097807317972183,-0.07947812974452972,0.9935367703437805,1,1656781,13798
1786083338,865680143,1,-88.46509552001953,110.95140838623047,553.9215087890625,,,,,,,,,,1656782,13798
1786083338,865680143,,,,,5,-1496.628662109375,1031.4354248046875,-791.2024536132812,0.0031882133334875107,-0.08105716854333878,-0.08026515692472458,0.9934670925140381,1,1656782,13798
1786083338,874425069,1,-88.44864654541016,111.29560089111328,553.89013671875,,,,,,,,,,1656783,13798
1786083338,874425069,,,,,5,-1496.6749267578125,1031.441650390625,-791.1887817382812,0.002846196061000228,-0.08100994676351547,-0.0805685818195343,0.9934474229812622,1,1656783,13798
1786083338,882376982,1,-88.45379638671875,110.6964340209961,553.8446655273438,,,,,,,,,,1656784,13798
1786083338,882376982,,,,,5,-1496.6927490234375,1031.4580078125,-791.1552124023438,0.002474724780768156,-0.08150146156549454,-0.07979998737573624,0.9934702515602112,1,1656784,13798
1786083338,890609464,1,-88.52190399169922,111.29317474365234,553.912353515625,,,,,,,,,,1656785,13798
1786083338,890609464,,,,,5,-1496.656005859375,1031.519775390625,-791.2108154296875,0.0028457639273256063,-0.08128656446933746,-0.07996899634599686,0.9934732913970947,1,1656785,13798
1786083338,899476246,1,-88.43150329589844,111.07502746582031,553.9488525390625,,,,,,,,,,1656786,13798
1786083338,899476246,,,,,5,-1496.672607421875,1031.5023193359375,-791.172119140625,0.0026576058007776737,-0.081327885389328,-0.07996323704719543,0.9934709668159485,1,1656786,13798
1786083338,907485521,1,-88.51945495605469,111.16472625732422,554.0077514648438,,,,,,,,,,1656787,13798
1786083338,907485521,,,,,5,-1496.64697265625,1031.4920654296875,-791.2040405273438,0.002928259549662471,-0.08084448426961899,-0.07920508086681366,0.9935703873634338,1,1656787,13798
1786083338,918239692,1,-88.50603485107422,111.2274169921875,553.9933471679688,,,,,,,,,,1656788,13798
1786083338,918239692,,,,,5,-1496.6759033203125,1031.46875,-791.1898803710938,0.0028748821932822466,-0.0807989090681076,-0.07936054468154907,0.993561863899231,1,1656788,13798
1786083338,924699508,1,-88.44406127929688,110.88038635253906,554.0355834960938,,,,,,,,,,1656789,13798
1786083338,924699508,,,,,5,-1496.6229248046875,1031.4693603515625,-791.1859130859375,0.002781690564006567,-0.08120469748973846,-0.07969557493925095,0.9935022592544556,1,1656789,13798
1786083338,932450352,1,-88.38072204589844,111.26380157470703,554.011474609375,,,,,,,,,,1656790,13798
1786083338,932450352,,,,,5,-1496.65283203125,1031.4351806640625,-791.1549682617188,0.0025670223403722048,-0.08116108924150467,-0.07885856926441193,0.9935730695724487,1,1656790,13798
1786083338,940224647,1,-88.4483642578125,111.16456604003906,553.9359130859375,,,,,,,,,,1656791,13798
1786083338,940224647,,,,,5,-1496.6600341796875,1031.4886474609375,-791.2178955078125,0.00270640361122787,-0.08104117214679718,-0.07909801602363586,0.9935634136199951,1,1656791,13798
1786083338,949375069,1,-88.52364349365234,111.14315795898438,553.8641967773438,,,,,,,,,,1656792,13798
1786083338,949375069,,,,,5,-1496.6390380859375,1031.45654296875,-791.1964111328125,0.002784743206575513,-0.08097735047340393,-0.07897163927555084,0.9935785531997681,1,1656792,13798
1786083338,957087588,1,-88.4741439819336,110.6637954711914,553.9031982421875,,,,,,,,,,1656793,13798
1786083338,957087588,,,,,5,-1496.6031494140625,1031.43701171875,-791.2323608398438,0.003215216100215912,-0.08106394112110138,-0.07944447547197342,0.9935324788093567,1,1656793,13798
1786083338,966074052,1,-88.44805145263672,110.77108001708984,554.0186767578125,,,,,,,,,,1656794,13798
1786083338,966074052,,,,,5,-1496.6220703125,1031.453369140625,-791.1947021484375,0.0029274295084178448,-0.08112889528274536,-0.07902169972658157,0.9935617446899414,1,1656794,13798
1786083338,975392399,1,-88.52535247802734,111.08010864257812,553.972412109375,,,,,,,,,,1656795,13798
1786083338,975392399,,,,,5,-1496.643798828125,1031.499267578125,-791.2026977539062,0.00271996995434165,-0.08134590834379196,-0.08007563650608063,0.9934602975845337,1,1656795,13798
1786083338,982261326,1,-88.50389862060547,111.18563079833984,553.9832153320312,,,,,,,,,,1656796,13798
1786083338,982261326,,,,,5,-1496.635009765625,1031.4927978515625,-791.2105102539062,0.0027050289791077375,-0.08125714957714081,-0.08080030232667923,0.9934088587760925,1,1656796,13798
1786083338,991376173,1,-88.5208969116211,111.40369415283203,553.9613647460938,,,,,,,,,,1656797,13798
1786083338,991376173,,,,,5,-1496.62890625,1031.4774169921875,-791.23291015625,0.003373750252649188,-0.0806245431303978,-0.0798598974943161,0.9935344457626343,1,1656797,13798
1786083338,999216819,1,-88.51528930664062,110.70308685302734,553.8855590820312,,,,,,,,,,1656798,13798
1786083338,999216819,,,,,5,-1496.6273193359375,1031.475830078125,-791.1770629882812,0.002540303859859705,-0.0811249241232872,-0.07895083725452423,0.9935688972473145,1,1656798,13798
1786083339,7239563,1,-88.43860626220703,111.06623077392578,554.0048217773438,,,,,,,,,,1656799,13798
1786083339,7239563,,,,,5,-1496.67041015625,1031.445556640625,-791.1656494140625,0.0024706462863832712,-0.0812666192650795,-0.08051339536905289,0.9934320449829102,1,1656799,13798
1786083339,15983984,1,-88.58688354492188,111.13397216796875,553.8857421875,,,,,,,,,,1656800,13798
1786083339,15983984,,,,,5,-1496.6087646484375,1031.4324951171875,-791.225830078125,0.002891285577788949,-0.08075947314500809,-0.07943636924028397,0.993558943271637,1,1656800,13798
1786083339,24207003,1,-88.4721908569336,110.9747543334961,553.7765502929688,,,,,,,,,,1656801,13798
1786083339,24207003,,,,,5,-1496.67236328125,1031.513671875,-791.1926879882812,0.0027381943073123693,-0.08116299659013748,-0.07920066267251968,0.9935452938079834,1,1656801,13798
1786083339,32108439,1,-88.54042053222656,111.12226104736328,553.8253173828125,,,,,,,,,,1656802,13798
1786083339,32108439,,,,,5,-1496.6072998046875,1031.4324951171875,-791.2106323242188,0.0030872283969074488,-0.08089053630828857,-0.08062153309583664,0.993452250957489,1,1656802,13798
1786083339,40806664,1,-88.52764892578125,111.01797485351562,553.8685913085938,,,,,,,,,,1656803,13798
1786083339,40806664,,,,,5,-1496.640625,1031.435302734375,-791.170654296875,0.0026171228382736444,-0.08113742619752884,-0.07969988137483597,0.9935078024864197,1,1656803,13798
1786083339,49060363,1,-88.50881958007812,111.65279388427734,553.9586791992188,,,,,,,,,,1656804,13798
1786083339,49060363,,,,,5,-1496.607666015625,1031.42919921875,-791.2200927734375,0.003236123127862811,-0.08082441985607147,-0.07947918772697449,0.9935492277145386,1,1656804,13798
1786083339,56972613,1,-88.54396057128906,111.27923583984375,553.9373168945312,,,,,,,,,,1656805,13798
1786083339,56972613,,,,,5,-1496.6600341796875,1031.449462890625,-791.1532592773438,0.0024557258002460003,-0.08107074350118637,-0.08003093302249908,0.9934870600700378,1,1656805,13798
1786083339,65989061,1,-88.48384094238281,110.98210906982422,553.8080444335938,,,,,,,,,,1656806,13798
1786083339,65989061,,,,,5,-1496.6634521484375,1031.4622802734375,-791.1718139648438,0.002706266241148114,-0.08115626126527786,-0.08039485663175583,0.9934499859809875,1,1656806,13798
1786083339,74187381,1,-88.45063781738281,110.63614654541016,553.88330078125,,,,,,,,,,1656807,13798
1786083339,74187381,,,,,5,-1496.6365966796875,1031.5528564453125,-791.2600708007812,0.0026664116885513067,-0.08098387718200684,-0.0786471962928772,0.9936040639877319,1,1656807,13798
1786083339,82018052,1,-88.46333312988281,111.02993774414062,553.8579711914062,,,,,,,,,,1656808,13798
1786083339,82018052,,,,,5,-1496.644775390625,1031.461181640625,-791.1604614257812,0.002725473139435053,-0.0810844898223877,-0.08036297559738159,0.9934584498405457,1,1656808,13798
1786083339,91040514,1,-88.45721435546875,110.65989685058594,553.8839111328125,,,,,,,,,,1656809,13798
1786083339,91040514,,,,,5,-1496.667236328125,1031.4935302734375,-791.2035522460938,0.002901152241975069,-0.0808192640542984,-0.08064424991607666,0.9934566617012024,1,1656809,13798
1786083339,98959834,1,-88.56620025634766,111.44569396972656,553.8491821289062,,,,,,,,,,1656810,13798
1786083339,98959834,,,,,5,-1496.634765625,1031.503662109375,-791.1744384765625,0.0029030395671725273,-0.08120500296354294,-0.07962816208600998,0.9935072064399719,1,1656810,13798
1786083339,107955135,1,-88.52479553222656,111.14691162109375,553.8665161132812,,,,,,,,,,1656811,13798
1786083339,107955135,,,,,5,-1496.6148681640625,1031.4371337890625,-791.1923828125,0.003127112751826644,-0.081131711602211,-0.07930666208267212,0.9935382604598999,1,1656811,13798
1786083339,116308105,1,-88.47222137451172,110.3452377319336,553.8636474609375,,,,,,,,,,1656812,13798
1786083339,116308105,,,,,5,-1496.6552734375,1031.5089111328125,-791.2116088867188,0.0031187557615339756,-0.08091763406991959,-0.0802372619509697,0.9934810996055603,1,1656812,13798
1786083339,123654995,1,-88.48159790039062,111.33963775634766,553.84716796875,,,,,,,,,,1656813,13798
1786083339,123654995,,,,,5,-1496.6077880859375,1031.477783203125,-791.2076416015625,0.002648256253451109,-0.08129134029150009,-0.07975991815328598,0.9934902787208557,1,1656813,13798
1786083339,132554673,1,-88.42670440673828,111.12774658203125,553.9076538085938,,,,,,,,,,1656814,13798
1786083339,132554673,,,,,5,-1496.65576171875,1031.5009765625,-791.1992797851562,0.002836779924109578,-0.08085178583860397,-0.07938120514154434,0.993556022644043,1,1656814,13798
1786083339,141003905,1,-88.5218505859375,111.0190658569336,553.7888793945312,,,,,,,,,,1656815,13798
1786083339,141003905,,,,,5,-1496.6148681640625,1031.4256591796875,-791.1775512695312,0.003214920638129115,-0.08093525469303131,-0.08103088289499283,0.9934148788452148,1,1656815,13798
1786083339,148868359,1,-88.47799682617188,110.80526733398438,553.828857421875,,,,,,,,,,1656816,13798
1786083339,148868359,,,,,5,-1496.6856689453125,1031.5009765625,-791.1923828125,0.0027940489817410707,-0.08103499561548233,-0.0808788612484932,0.9934203028678894,1,1656816,13798
1786083339,157787744,1,-88.54136657714844,111.42359161376953,553.7794799804688,,,,,,,,,,1656817,13798
1786083339,157787744,,,,,5,-1496.6361083984375,1031.4228515625,-791.1791381835938,0.003036818467080593,-0.08105078339576721,-0.08123701810836792,0.9933892488479614,1,1656817,13798
1786083339,165691196,1,-88.4671859741211,111.11547088623047,553.8998413085938,,,,,,,,,,1656818,13798
1786083339,165691196,,,,,5,-1496.6370849609375,1031.529541015625,-791.2340087890625,0.0031510728877037764,-0.08137667924165726,-0.08109244704246521,0.9933739304542542,1,1656818,13798
1786083339,173841145,1,-88.56800079345703,110.82179260253906,553.8182983398438,,,,,,,,,,1656819,13798
1786083339,173841145,,,,,5,-1496.691162109375,1031.484619140625,-791.1930541992188,0.003050157567486167,-0.08102019131183624,-0.08142183721065521,0.9933764934539795,1,1656819,13798
1786083339,182417386,1,-88.48661804199219,110.18685150146484,553.8023681640625,,,,,,,,,,1656820,13798
1786083339,182417386,,,,,5,-1496.6141357421875,1031.4521484375,-791.1954345703125,0.002805995987728238,-0.08114022761583328,-0.07913414388895035,0.9935523271560669,1,1656820,13798
1786083339,190660367,1,-88.57018280029297,111.29805755615234,553.74072265625,,,,,,,,,,1656821,13798
1786083339,190660367,,,,,5,-1496.633544921875,1031.4652099609375,-791.2088623046875,0.003580121323466301,-0.08080627769231796,-0.08066089451313019,0.9934542775154114,1,1656821,13798
1786083339,199335686,1,-88.48400115966797,110.0538330078125,553.8291015625,,,,,,,,,,1656822,13798
1786083339,199335686,,,,,5,-1496.6473388671875,1031.4881591796875,-791.181640625,0.0031644580885767937,-0.08108469098806381,-0.0804969072341919,0.9934461712837219,1,1656822,13798
1786083339,207633981,1,-88.5477294921875,110.8991470336914,553.7898559570312,,,,,,,,,,1656823,13798
1786083339,207633981,,,,,5,-1496.6507568359375,1031.497314453125,-791.2262573242188,0.003244014224037528,-0.08112216740846634,-0.08009617030620575,0.9934753179550171,1,1656823,13798
1786083339,215566866,1,-88.43831634521484,110.80882263183594,553.8131103515625,,,,,,,,,,1656824,13798
1786083339,215566866,,,,,5,-1496.63037109375,1031.4908447265625,-791.22021484375,0.0029845314566046,-0.08137436956167221,-0.08064394444227219,0.9934111833572388,1,1656824,13798
1786083339,224577331,1,-88.53823852539062,111.30323028564453,553.7890625,,,,,,,,,,1656825,13798
1786083339,224577331,,,,,5,-1496.6676025390625,1031.5167236328125,-791.2268676757812,0.002981806406751275,-0.0809987410902977,-0.08021945506334305,0.9934763312339783,1,1656825,13798
1786083339,232475600,1,-88.53266906738281,110.91487884521484,553.8666381835938,,,,,,,,,,1656826,13798
1786083339,232475600,,,,,5,-1496.598876953125,1031.43408203125,-791.228271484375,0.0029108484741300344,-0.08098605275154114,-0.0787556916475296,0.9935945868492126,1,1656826,13798
1786083339,240551456,1,-88.53582000732422,110.40278625488281,553.7593994140625,,,,,,,,,,1656827,13798
1786083339,240551456,,,,,5,-1496.672607421875,1031.4879150390625,-791.2532348632812,0.0033526176121085882,-0.0808570608496666,-0.08032060414552689,0.9934784770011902,1,1656827,13798
1786083339,249343769,1,-88.6227035522461,110.97100830078125,553.8013305664062,,,,,,,,,,1656828,13798
1786083339,249343769,,,,,5,-1496.6285400390625,1031.5113525390625,-791.2192993164062,0.003285050392150879,-0.08103223890066147,-0.08093038946390152,0.9934149384498596,1,1656828,13798
1786083339,257147663,1,-88.48070526123047,111.04778289794922,553.794677734375,,,,,,,,,,1656829,13798
1786083339,257147663,,,,,5,-1496.6312255859375,1031.4248046875,-791.216796875,0.0029790550470352173,-0.080795057117939,-0.08038385212421417,0.9934795498847961,1,1656829,13798
1786083339,266137878,1,-88.5346908569336,110.90169525146484,553.87939453125,,,,,,,,,,1656830,13798
1786083339,266137878,,,,,5,-1496.6490478515625,1031.474609375,-791.2044677734375,0.0029052295722067356,-0.08121949434280396,-0.08070819079875946,0.9934188723564148,1,1656830,13798
1786083339,273865247,1,-88.62382507324219,111.04417419433594,553.8578491210938,,,,,,,,,,1656831,13798
1786083339,273865247,,,,,5,-1496.620849609375,1031.4451904296875,-791.2153930664062,0.0030168448574841022,-0.08101105690002441,-0.07995546609163284,0.9934964179992676,1,1656831,13798
1786083339,282327212,1,-88.56233215332031,111.23048400878906,553.7745971679688,,,,,,,,,,1656832,13798
1786083339,282327212,,,,,5,-1496.638916015625,1031.5028076171875,-791.2079467773438,0.0031486542429775,-0.0814773365855217,-0.08068687468767166,0.9933987259864807,1,1656832,13798
1786083339,290335246,1,-88.57262420654297,111.23524475097656,553.7446899414062,,,,,,,,,,1656833,13798
1786083339,290335246,,,,,5,-1496.624267578125,1031.4520263671875,-791.2264404296875,0.00337405689060688,-0.08081012964248657,-0.08015396445989609,0.9934955835342407,1,1656833,13798
1786083339,298932696,1,-88.53712463378906,110.9880142211914,553.6973876953125,,,,,,,,,,1656834,13798
1786083339,298932696,,,,,5,-1496.6016845703125,1031.4569091796875,-791.2047119140625,0.003158481093123555,-0.08099241554737091,-0.0799025148153305,0.9935017824172974,1,1656834,13798
1786083339,307071352,1,-88.5706787109375,111.10343933105469,553.8446655273438,,,,,,,,,,1656835,13798
1786083339,307071352,,,,,5,-1496.64306640625,1031.5400390625,-791.2698364257812,0.0030402117408812046,-0.08078861236572266,-0.07969608902931213,0.9935353994369507,1,1656835,13798
1786083339,315876046,1,-88.59563446044922,111.41520690917969,553.7037963867188,,,,,,,,,,1656836,13798
1786083339,315876046,,,,,5,-1496.6043701171875,1031.4735107421875,-791.2303466796875,0.0032121797557920218,-0.08081839978694916,-0.08021862804889679,0.9934903383255005,1,1656836,13798
1786083339,323952830,1,-88.61550903320312,110.6191635131836,553.8184204101562,,,,,,,,,,1656837,13798
1786083339,323952830,,,,,5,-1496.6279296875,1031.4642333984375,-791.1732788085938,0.002953970804810524,-0.08120182901620865,-0.08012311905622482,0.9934675693511963,1,1656837,13798
1786083339,331846301,1,-88.5840072631836,111.01395416259766,553.798095703125,,,,,,,,,,1656838,13798
1786083339,331846301,,,,,5,-1496.6790771484375,1031.5184326171875,-791.1891479492188,0.0028163143433630466,-0.08083460479974747,-0.07892041653394699,0.9935941696166992,1,1656838,13798
1786083339,340914095,1,-88.55988311767578,110.96894836425781,553.7044067382812,,,,,,,,,,1656839,13798
1786083339,340914095,,,,,5,-1496.603271484375,1031.5062255859375,-791.1964721679688,0.0027543948963284492,-0.08133221417665482,-0.079274483025074,0.993525505065918,1,1656839,13798
1786083339,350779542,1,-88.4095230102539,111.01256561279297,553.6517944335938,,,,,,,,,,1656840,13798
1786083339,350779542,,,,,5,-1496.5877685546875,1031.4786376953125,-791.2169189453125,0.0034194476902484894,-0.08098899573087692,-0.08021154254674911,0.9934762716293335,1,1656840,13798
1786083339,356884158,1,-88.28394317626953,111.348388671875,553.2308349609375,,,,,,,,,,1656841,13798
1786083339,356884158,,,,,5,-1496.6876220703125,1031.5240478515625,-791.1920776367188,0.003264184109866619,-0.0808444693684578,-0.08009317517280579,0.9934981465339661,1,1656841,13798
1786083339,365888321,1,-87.64318084716797,112.0127182006836,550.432861328125,,,,,,,,,,1656842,13798
1786083339,365888321,,,,,5,-1496.6265869140625,1031.4593505859375,-791.1815795898438,0.002821708098053932,-0.08115509152412415,-0.08051355928182602,0.9934403300285339,1,1656842,13798
1786083339,374076756,1,-87.77325439453125,112.9249496459961,544.4676513671875,,,,,,,,,,1656843,13798
1786083339,374076756,,,,,5,-1496.6473388671875,1031.4674072265625,-791.2265014648438,0.0034672648180276155,-0.0808451846241951,-0.08138382434844971,0.9933925271034241,1,1656843,13798
1786083339,382166625,1,-89.566162109375,114.23605346679688,534.5052490234375,,,,,,,,,,1656844,13798
1786083339,382166625,,,,,5,-1496.6396484375,1031.4954833984375,-791.1643676757812,0.002785460790619254,-0.08106961846351624,-0.0787147805094719,0.9935913681983948,1,1656844,13798
1786083339,390759213,1,-92.69409942626953,114.18824005126953,524.5426025390625,,,,,,,,,,1656845,13798
1786083339,390759213,,,,,5,-1496.667236328125,1031.509033203125,-791.2113647460938,0.0030997232533991337,-0.08106835186481476,-0.08000016212463379,0.9934879541397095,1,1656845,13798
1786083339,398844346,1,-93.4909439086914,114.95442199707031,512.527099609375,,,,,,,,,,1656846,13798
1786083339,398844346,,,,,5,-1496.6402587890625,1031.4710693359375,-791.180908203125,0.0028933556750416756,-0.08120676130056381,-0.08016563951969147,0.9934638738632202,1,1656846,13798
1786083339,407646097,1,-95.57905578613281,115.18911743164062,501.3630676269531,,,,,,,,,,1656847,13798
1786083339,407646097,,,,,5,-1496.64990234375,1031.4910888671875,-791.2142944335938,0.003114517778158188,-0.08105762302875519,-0.08013995736837387,0.993477463722229,1,1656847,13798
1786083339,415863549,1,-97.14938354492188,114.83058166503906,491.0041198730469,,,,,,,,,,1656848,13799
1786083339,415863549,,,,,5,-1496.6131591796875,1031.4635009765625,-791.1903686523438,0.002799165667966008,-0.08122878521680832,-0.08083338290452957,0.9934082627296448,1,1656848,13799
1786083339,424009659,1,-98.7088623046875,113.7920150756836,480.71392822265625,,,,,,,,,,1656849,13799
1786083339,424009659,,,,,5,-1496.65234375,1031.5008544921875,-791.2352294921875,0.003220208687707782,-0.08087875694036484,-0.07970388233661652,0.993526816368103,1,1656849,13799
1786083339,431733349,1,-101.57430267333984,110.82879638671875,472.2358093261719,,,,,,,,,,1656850,13799
1786083339,431733349,,,,,5,-1496.6312255859375,1031.4644775390625,-791.2051391601562,0.003038214286789298,-0.08125538378953934,-0.08044419437646866,0.9934370517730713,1,1656850,13799
1786083339,440828433,1,-102.52214050292969,111.02996826171875,463.4330749511719,,,,,,,,,,1656851,13799
1786083339,440828433,,,,,5,-1496.5931396484375,1031.43359375,-791.2037963867188,0.002958747325465083,-0.08099792152643204,-0.0792563259601593,0.993553638458252,1,1656851,13799
1786083339,449050076,1,-103.14507293701172,115.17198944091797,454.1204833984375,,,,,,,,,,1656852,13799
1786083339,449050076,,,,,5,-1496.619384765625,1031.4716796875,-791.2142333984375,0.002635299926623702,-0.080931156873703,-0.07874206453561783,0.9936010241508484,1,1656852,13799
1786083339,456749996,1,-103.90126037597656,117.16278076171875,447.4044494628906,,,,,,,,,,1656853,13799
1786083339,456749996,,,,,5,-1496.634521484375,1031.4173583984375,-791.1871337890625,0.0030338119249790907,-0.08095715194940567,-0.08034712076187134,0.9934690594673157,1,1656853,13799
1786083339,465687935,1,-104.5613784790039,118.91216278076172,441.4073486328125,,,,,,,,,,1656854,13799
1786083339,465687935,,,,,5,-1496.629638671875,1031.47998046875,-791.2647094726562,0.0034181256778538227,-0.08093966543674469,-0.0804671123623848,0.9934595823287964,1,1656854,13799
1786083339,473977689,1,-104.98541259765625,120.41596984863281,434.7217102050781,,,,,,,,,,1656855,13799
1786083339,473977689,,,,,5,-1496.6181640625,1031.4598388671875,-791.1808471679688,0.0027740071527659893,-0.08112453669309616,-0.0795285776257515,0.9935221672058105,1,1656855,13799
1786083339,482110938,1,-105.45406341552734,121.6034164428711,428.4983215332031,,,,,,,,,,1656856,13799
1786083339,482110938,,,,,5,-1496.6002197265625,1031.4976806640625,-791.2006225585938,0.003049626247957349,-0.08107046037912369,-0.07870636880397797,0.9935911893844604,1,1656856,13799
1786083339,490680908,1,-108.31817626953125,121.27467346191406,423.5314025878906,,,,,,,,,,1656857,13799
1786083339,490680908,,,,,5,-1496.6507568359375,1031.45166015625,-791.2377319335938,0.003190252697095275,-0.08125487715005875,-0.08055601269006729,0.9934274554252625,1,1656857,13799
1786083339,499340871,1,-106.49542999267578,121.66515350341797,416.0445861816406,,,,,,,,,,1656858,13799
1786083339,499340871,,,,,5,-1496.6370849609375,1031.5037841796875,-791.2435913085938,0.003567227628082037,-0.08066593110561371,-0.08042678982019424,0.9934846758842468,1,1656858,13799
1786083339,507607718,1,-107.28527069091797,122.76568603515625,409.5895080566406,,,,,,,,,,1656859,13799
1786083339,507607718,,,,,5,-1496.6126708984375,1031.4486083984375,-791.2178344726562,0.0030931171495467424,-0.08109934628009796,-0.07956808805465698,0.9935200810432434,1,1656859,13799
1786083339,515629220,1,-108.1909408569336,121.80623626708984,404.054443359375,,,,,,,,,,1656860,13799
1786083339,515629220,,,,,5,-1496.669677734375,1031.4849853515625,-791.1903686523438,0.0029346318915486336,-0.08135458081960678,-0.08005603402853012,0.9934605360031128,1,1656860,13799
1786083339,523881959,1,-109.1209716796875,120.39695739746094,398.0319519042969,,,,,,,,,,1656861,13799
1786083339,523881959,,,,,5,-1496.6663818359375,1031.5302734375,-791.2704467773438,0.0030526204500347376,-0.08080527931451797,-0.07937037944793701,0.9935600757598877,1,1656861,13799
1786083339,532432382,1,-111.08595275878906,117.31656646728516,392.3835144042969,,,,,,,,,,1656862,13799
1786083339,532432382,,,,,5,-1496.654296875,1031.5106201171875,-791.2154541015625,0.003171839052811265,-0.08107200264930725,-0.08114013075828552,0.9933949112892151,1,1656862,13799
1786083339,540506159,1,-111.80088806152344,115.32501983642578,386.6392822265625,,,,,,,,,,1656863,13799
1786083339,540506159,,,,,5,-1496.632568359375,1031.4786376953125,-791.1779174804688,0.0025741616263985634,-0.08125074207782745,-0.07943595200777054,0.9935198426246643,1,1656863,13799
1786083339,549682118,1,-111.91153717041016,113.05785369873047,381.41607666015625,,,,,,,,,,1656864,13799
1786083339,549682118,,,,,5,-1496.6552734375,1031.459716796875,-791.1661987304688,0.0029596141539514065,-0.08122863620519638,-0.08124382793903351,0.9933742880821228,1,1656864,13799
1786083339,557496632,1,-112.92623138427734,112.22428894042969,375.7545166015625,,,,,,,,,,1656865,13799
1786083339,557496632,,,,,5,-1496.6434326171875,1031.483154296875,-791.2326049804688,0.003244436578825116,-0.0810442641377449,-0.08019688725471497,0.9934735298156738,1,1656865,13799
1786083339,565576104,1,-113.7139892578125,112.69097900390625,370.49005126953125,,,,,,,,,,1656866,13799
1786083339,565576104,,,,,5,-1496.65234375,1031.47265625,-791.2008056640625,0.0026814742013812065,-0.08121257275342941,-0.07932092994451523,0.9935317635536194,1,1656866,13799
1786083339,574166996,1,-114.75475311279297,115.92201232910156,365.33563232421875,,,,,,,,,,1656867,13799
1786083339,574166996,,,,,5,-1496.6268310546875,1031.4752197265625,-791.2163696289062,0.0033588630612939596,-0.08082568645477295,-0.08028547465801239,0.99348384141922,1,1656867,13799
1786083339,582312178,1,-115.77320098876953,117.41641998291016,359.6942443847656,,,,,,,,,,1656868,13799
1786083339,582312178,,,,,5,-1496.6201171875,1031.45849609375,-791.2177734375,0.0031486235093325377,-0.08112085610628128,-0.08083544671535492,0.9934157729148865,1,1656868,13799
1786083339,590456785,1,-116.51039123535156,118.65515899658203,355.3698425292969,,,,,,,,,,1656869,13799
1786083339,590456785,,,,,5,-1496.630126953125,1031.497314453125,-791.2156982421875,0.002851167693734169,-0.08109044283628464,-0.07980609685182571,0.9935024976730347,1,1656869,13799
1786083339,599239276,1,-117.6243667602539,119.59249114990234,349.71405029296875,,,,,,,,,,1656870,13799
1786083339,599239276,,,,,5,-1496.642333984375,1031.4884033203125,-791.25048828125,0.003155084326863289,-0.08097362518310547,-0.08034461736679077,0.9934676289558411,1,1656870,13799
1786083339,607441212,1,-118.44683074951172,119.68490600585938,345.6188049316406,,,,,,,,,,1656871,13799
1786083339,607441212,,,,,5,-1496.6781005859375,1031.522705078125,-791.2262573242188,0.0031132157891988754,-0.08082148432731628,-0.07994737476110458,0.9935122728347778,1,1656871,13799
1786083339,615507951,1,-119.3575439453125,121.3260269165039,339.70953369140625,,,,,,,,,,1656872,13799
1786083339,615507951,,,,,5,-1496.6148681640625,1031.4749755859375,-791.2213745117188,0.0033575883135199547,-0.08120663464069366,-0.08046527951955795,0.993438184261322,1,1656872,13799
1786083339,623141264,1,-120.12645721435547,121.64482116699219,334.36376953125,,,,,,,,,,1656873,13799
1786083339,623141264,,,,,5,-1496.626953125,1031.500732421875,-791.193603515625,0.0030931506771594286,-0.08121217787265778,-0.08025388419628143,0.993455708026886,1,1656873,13799
1786083339,632250040,1,-121.47821044921875,120.46951293945312,330.01226806640625,,,,,,,,,,1656874,13799
1786083339,632250040,,,,,5,-1496.635009765625,1031.430908203125,-791.2291259765625,0.0031115238089114428,-0.08097498118877411,-0.08060843497514725,0.9934463500976562,1,1656874,13799
1786083339,640418385,1,-122.21610260009766,120.71934509277344,325.11492919921875,,,,,,,,,,1656875,13799
1786083339,640418385,,,,,5,-1496.666015625,1031.49072265625,-791.2192993164062,0.002936052856966853,-0.08099805563688278,-0.08001858741044998,0.993492603302002,1,1656875,13799
1786083339,649099142,1,-123.8660659790039,120.08606719970703,320.1418762207031,,,,,,,,,,1656876,13799
1786083339,649099142,,,,,5,-1496.6632080078125,1031.501953125,-791.237060546875,0.0029393036384135485,-0.0811573714017868,-0.07982725650072098,0.9934951663017273,1,1656876,13799
1786083339,656966635,1,-124.9090347290039,119.05123138427734,315.4920349121094,,,,,,,,,,1656877,13799
1786083339,656966635,,,,,5,-1496.6214599609375,1031.4869384765625,-791.2654418945312,0.003455633530393243,-0.08105212450027466,-0.08024044334888458,0.993468701839447,1,1656877,13799
1786083339,665883333,1,-125.97180938720703,119.13977813720703,310.7242431640625,,,,,,,,,,1656878,13799
1786083339,665883333,,,,,5,-1496.6123046875,1031.48095703125,-791.2249755859375,0.003415645333006978,-0.0811304822564125,-0.08042953163385391,0.9934471249580383,1,1656878,13799
1786083339,674052221,1,-126.95631408691406,118.33053588867188,306.41717529296875,,,,,,,,,,1656879,13799
1786083339,674052221,,,,,5,-1496.6322021484375,1031.442138671875,-791.1858520507812,0.0030548071954399347,-0.08110859990119934,-0.08111441880464554,0.9933943748474121,1,1656879,13799
1786083339,682106419,1,-128.11474609375,117.79258728027344,301.9720458984375,,,,,,,,,,1656880,13799
1786083339,682106419,,,,,5,-1496.660400390625,1031.43701171875,-791.2059936523438,0.0025237633381038904,-0.08099666982889175,-0.0798136293888092,0.993510365486145,1,1656880,13799
1786083339,691040039,1,-129.00582885742188,118.4712142944336,297.2009582519531,,,,,,,,,,1656881,13799
1786083339,691040039,,,,,5,-1496.6402587890625,1031.474365234375,-791.1982421875,0.0032289824448525906,-0.08119983226060867,-0.07960240542888641,0.9935086965560913,1,1656881,13799
1786083339,698967485,1,-130.00296020507812,118.83621215820312,292.75457763671875,,,,,,,,,,1656882,13799
1786083339,698967485,,,,,5,-1496.6551513671875,1031.5006103515625,-791.2113647460938,0.0031205485574901104,-0.08090533316135406,-0.07909868657588959,0.9935733675956726,1,1656882,13799
1786083339,706817607,1,-131.12460327148438,118.42472076416016,288.15948486328125,,,,,,,,,,1656883,13799
1786083339,706817607,,,,,5,-1496.6358642578125,1031.4613037109375,-791.2286376953125,0.003210702445358038,-0.08105345070362091,-0.08046004176139832,0.993451714515686,1,1656883,13799
1786083339,716297936,1,-131.94532775878906,119.01937103271484,283.59698486328125,,,,,,,,,,1656884,13799
1786083339,716297936,,,,,5,-1496.6217041015625,1031.4427490234375,-791.234375,0.0033156664576381445,-0.08069416880607605,-0.07996004074811935,0.9935208559036255,1,1656884,13799
1786083339,723973415,1,-132.9600372314453,117.37921905517578,279.3276672363281,,,,,,,,,,1656885,13799
1786083339,723973415,,,,,5,-1496.6302490234375,1031.4559326171875,-791.2215576171875,0.0033420510590076447,-0.08074973523616791,-0.08117849379777908,0.9934175610542297,1,1656885,13799
1786083339,732088685,1,-134.47073364257812,117.42215728759766,274.76556396484375,,,,,,,,,,1656886,13799
1786083339,732088685,,,,,5,-1496.6341552734375,1031.4998779296875,-791.2601928710938,0.003379599656909704,-0.08119656890630722,-0.08108237385749817,0.9933887720108032,1,1656886,13799
1786083339,740908383,1,-135.01902770996094,116.42586517333984,270.3738098144531,,,,,,,,,,1656887,13799
1786083339,740908383,,,,,5,-1496.68359375,1031.5447998046875,-791.2330322265625,0.0031367926858365536,-0.08094913512468338,-0.07992984354496002,0.9935031533241272,1,1656887,13799
1786083339,748926174,1,-135.84434509277344,116.1100082397461,265.9957580566406,,,,,,,,,,1656888,13799
1786083339,748926174,,,,,5,-1496.6702880859375,1031.443359375,-791.1672973632812,0.002756871283054352,-0.08129497617483139,-0.08046232908964157,0.9934331178665161,1,1656888,13799
1786083339,757145257,1,-136.70654296875,116.61567687988281,261.1223449707031,,,,,,,,,,1656889,13799
1786083339,757145257,,,,,5,-1496.6395263671875,1031.4920654296875,-791.2164306640625,0.0034523229114711285,-0.08085930347442627,-0.08051328361034393,0.993462324142456,1,1656889,13799
1786083339,765769037,1,-137.51239013671875,115.43585968017578,256.6015319824219,,,,,,,,,,1656890,13799
1786083339,765769037,,,,,5,-1496.6375732421875,1031.4056396484375,-791.1416015625,0.002357348334044218,-0.08102361112833023,-0.07908273488283157,0.9935670495033264,1,1656890,13799
1786083339,773873558,1,-138.18028259277344,114.73441314697266,252.1477508544922,,,,,,,,,,1656891,13799
1786083339,773873558,,,,,5,-1496.634765625,1031.479736328125,-791.2417602539062,0.003482901956886053,-0.08128278702497482,-0.08130083233118057,0.9933636784553528,1,1656891,13799
1786083339,782582052,1,-138.2176513671875,114.43165588378906,247.91238403320312,,,,,,,,,,1656892,13799
1786083339,782582052,,,,,5,-1496.6336669921875,1031.474609375,-791.2322387695312,0.003487487556412816,-0.08072652667760849,-0.08047859370708466,0.9934757947921753,1,1656892,13799
1786083339,790429935,1,-139.66070556640625,112.45378112792969,243.02601623535156,,,,,,,,,,1656893,13799
1786083339,790429935,,,,,5,-1496.6759033203125,1031.4873046875,-791.184326171875,0.0030762827955186367,-0.08098768442869186,-0.08078716695308685,0.9934307932853699,1,1656893,13799
1786083339,799433202,1,-140.78639221191406,112.52581024169922,237.92942810058594,,,,,,,,,,1656894,13799
1786083339,799433202,,,,,5,-1496.6171875,1031.473876953125,-791.2195434570312,0.003455161117017269,-0.0810832530260086,-0.08053649216890335,0.9934421181678772,1,1656894,13799
1786083339,806910107,1,-141.88427734375,112.65249633789062,233.28897094726562,,,,,,,,,,1656895,13799
1786083339,806910107,,,,,5,-1496.616455078125,1031.487548828125,-791.2605590820312,0.0035585197620093822,-0.08067158609628677,-0.0805574506521225,0.9934737086296082,1,1656895,13799
1786083339,815543709,1,-142.62855529785156,112.81723022460938,229.17605590820312,,,,,,,,,,1656896,13799
1786083339,815543709,,,,,5,-1496.645751953125,1031.43505859375,-791.1880493164062,0.003012301865965128,-0.081192247569561,-0.08076894283294678,0.993415892124176,1,1656896,13799
1786083339,823740494,1,-143.0868377685547,113.57159423828125,224.24838256835938,,,,,,,,,,1656897,13799
1786083339,823740494,,,,,5,-1496.6151123046875,1031.4521484375,-791.2294921875,0.003285670652985573,-0.08092433959245682,-0.0797567293047905,0.9935187101364136,1,1656897,13799
1786083339,832297827,1,-143.86241149902344,113.56424713134766,219.72657775878906,,,,,,,,,,1656898,13799
1786083339,832297827,,,,,5,-1496.6666259765625,1031.506591796875,-791.2543334960938,0.0026877140626311302,-0.08118313550949097,-0.07942330092191696,0.9935259819030762,1,1656898,13799
1786083339,840377906,1,-144.48753356933594,112.6363296508789,215.446533203125,,,,,,,,,,1656899,13799
1786083339,840377906,,,,,5,-1496.6253662109375,1031.502197265625,-791.2088012695312,0.0030114788096398115,-0.08131620287895203,-0.08029972016811371,0.9934437870979309,1,1656899,13799
1786083339,849867033,1,-145.27586364746094,113.46839904785156,210.73934936523438,,,,,,,,,,1656900,13799
1786083339,849867033,,,,,5,-1496.6724853515625,1031.4898681640625,-791.2223510742188,0.0031942285131663084,-0.08099231868982315,-0.08106053620576859,0.9934078454971313,1,1656900,13799
1786083339,857926285,1,-147.2608184814453,112.2545166015625,205.43284606933594,,,,,,,,,,1656901,13799
1786083339,857926285,,,,,5,-1496.6361083984375,1031.42626953125,-791.1925048828125,0.003084485186263919,-0.08124379068613052,-0.08082109689712524,0.9934071898460388,1,1656901,13799
1786083339,865514810,1,-149.94410705566406,110.59505462646484,200.67572021484375,,,,,,,,,,1656902,13799
1786083339,865514810,,,,,5,-1496.6412353515625,1031.4603271484375,-791.18212890625,0.0030299918726086617,-0.08121208101511002,-0.08059503883123398,0.9934283494949341,1,1656902,13799
1786083339,873841450,1,-150.21493530273438,111.70002746582031,196.58123779296875,,,,,,,,,,1656903,13799
1786083339,873841450,,,,,5,-1496.6270751953125,1031.4876708984375,-791.1565551757812,0.0023071207106113434,-0.08116862922906876,-0.07895724475383759,0.9935653209686279,1,1656903,13799
1786083339,881604266,1,-150.8408966064453,111.85626983642578,192.2052459716797,,,,,,,,,,1656904,13799
1786083339,881604266,,,,,5,-1496.6387939453125,1031.490234375,-791.215087890625,0.0030317443888634443,-0.08135510981082916,-0.07992058247327805,0.9934710264205933,1,1656904,13799
1786083339,890517092,1,-152.8820037841797,110.96591186523438,187.07147216796875,,,,,,,,,,1656905,13799
1786083339,890517092,,,,,5,-1496.6295166015625,1031.4764404296875,-791.23828125,0.0031937856692820787,-0.08117567002773285,-0.07989536970853806,0.9934872984886169,1,1656905,13799
1786083339,901738736,1,-153.81541442871094,110.61637115478516,182.7140350341797,,,,,,,,,,1656906,13799
1786083339,901738736,,,,,5,-1496.6654052734375,1031.4715576171875,-791.2296752929688,0.003319722367450595,-0.08118410408496857,-0.08054477721452713,0.9934337139129639,1,1656906,13799
1786083339,907289638,1,-156.10009765625,110.47779083251953,178.08575439453125,,,,,,,,,,1656907,13799
1786083339,907289638,,,,,5,-1496.66455078125,1031.39990234375,-791.189208984375,0.003059319918975234,-0.08125348389148712,-0.08033839613199234,0.9934455752372742,1,1656907,13799
1786083339,915469435,1,-155.55230712890625,111.39525604248047,173.39825439453125,,,,,,,,,,1656908,13799
1786083339,915469435,,,,,5,-1496.6141357421875,1031.4322509765625,-791.2230834960938,0.003024282632395625,-0.08072108030319214,-0.07916208356618881,0.9935835003852844,1,1656908,13799
1786083339,923166700,1,-156.6345977783203,111.59962463378906,168.73731994628906,,,,,,,,,,1656909,13799
1786083339,923166700,,,,,5,-1496.6519775390625,1031.4700927734375,-791.2059326171875,0.0026260267477482557,-0.0812930017709732,-0.07951848953962326,0.9935096502304077,1,1656909,13799
1786083339,932199272,1,-157.253662109375,112.29822540283203,164.15310668945312,,,,,,,,,,1656910,13799
1786083339,932199272,,,,,5,-1496.630126953125,1031.450439453125,-791.1779174804688,0.00271231634542346,-0.08113322407007217,-0.0801616832613945,0.9934706687927246,1,1656910,13799
1786083339,940714727,1,-158.5977783203125,111.58920288085938,159.93759155273438,,,,,,,,,,1656911,13799
1786083339,940714727,,,,,5,-1496.64501953125,1031.4356689453125,-791.2107543945312,0.0030673975124955177,-0.08103267848491669,-0.07993342727422714,0.9934963583946228,1,1656911,13799
1786083339,948614820,1,-158.80169677734375,111.3038330078125,155.35873413085938,,,,,,,,,,1656912,13799
1786083339,948614820,,,,,5,-1496.6072998046875,1031.476806640625,-791.2216186523438,0.0027350818272680044,-0.08091087639331818,-0.07883056998252869,0.9935953617095947,1,1656912,13799
1786083339,957244423,1,-159.19793701171875,110.7558822631836,151.35757446289062,,,,,,,,,,1656913,13799
1786083339,957244423,,,,,5,-1496.642578125,1031.4913330078125,-791.1942138671875,0.0028617409989237785,-0.08121269196271896,-0.07954560220241547,0.9935133457183838,1,1656913,13799
1786083339,965442392,1,-159.34994506835938,111.00885009765625,147.11627197265625,,,,,,,,,,1656914,13799
1786083339,965442392,,,,,5,-1496.6605224609375,1031.483642578125,-791.2247314453125,0.0033659248147159815,-0.08129894733428955,-0.0822526291012764,0.993284285068512,1,1656914,13799
1786083339,974154021,1,-160.78076171875,113.0512466430664,142.2809600830078,,,,,,,,,,1656915,13799
1786083339,974154021,,,,,5,-1496.6072998046875,1031.495361328125,-791.2171020507812,0.0030388168524950743,-0.08116891980171204,-0.0800538957118988,0.9934754967689514,1,1656915,13799
1786083339,982159144,1,-161.5079803466797,113.01561737060547,138.0395050048828,,,,,,,,,,1656916,13799
1786083339,982159144,,,,,5,-1496.618408203125,1031.4805908203125,-791.1986694335938,0.0027866102755069733,-0.08126180619001389,-0.08005517721176147,0.9934686422348022,1,1656916,13799
1786083339,991022670,1,-162.41888427734375,112.83521270751953,133.81451416015625,,,,,,,,,,1656917,13799
1786083339,991022670,,,,,5,-1496.6429443359375,1031.4412841796875,-791.1912231445312,0.002593810437247157,-0.08121022582054138,-0.08117765188217163,0.9933822751045227,1,1656917,13799
1786083339,999097951,1,-163.2153778076172,112.83284759521484,129.43109130859375,,,,,,,,,,1656918,13799
1786083339,999097951,,,,,5,-1496.6624755859375,1031.443359375,-791.2127685546875,0.003083985997363925,-0.08098577708005905,-0.08109118044376373,0.9934061765670776,1,1656918,13799
1786083340,7080775,1,-164.3199462890625,112.9248046875,125.18635559082031,,,,,,,,,,1656919,13799
1786083340,7080775,,,,,5,-1496.632080078125,1031.457763671875,-791.2658081054688,0.0031516472809016705,-0.08089841157197952,-0.0809047743678093,0.9934283494949341,1,1656919,13799
1786083340,15746632,1,-164.18373107910156,112.16139221191406,120.20088195800781,,,,,,,,,,1656920,13799
1786083340,15746632,,,,,5,-1496.6409912109375,1031.506103515625,-791.1862182617188,0.002891468582674861,-0.08125808089971542,-0.07976079732179642,0.9934923052787781,1,1656920,13799
1786083340,24017485,1,-165.7908935546875,112.91959381103516,116.5121078491211,,,,,,,,,,1656921,13799
1786083340,24017485,,,,,5,-1496.6431884765625,1031.4903564453125,-791.1881103515625,0.0027575858402997255,-0.08122000843286514,-0.07951442897319794,0.9935154914855957,1,1656921,13799
1786083340,31996188,1,-166.6953582763672,113.03156280517578,112.31414031982422,,,,,,,,,,1656922,13799
1786083340,31996188,,,,,5,-1496.6341552734375,1031.43115234375,-791.20166015625,0.002436982002109289,-0.08109879493713379,-0.07912884652614594,0.9935570955276489,1,1656922,13799
1786083340,40610730,1,-165.02133178710938,113.87678527832031,108.60816192626953,,,,,,,,,,1656923,13799
1786083340,40610730,,,,,5,-1496.63623046875,1031.4415283203125,-791.1627807617188,0.0026352175045758486,-0.08121273666620255,-0.08018578588962555,0.9934623837471008,1,1656923,13799
1786083340,48789574,1,-168.5905303955078,112.75215911865234,104.00527954101562,,,,,,,,,,1656924,13799
1786083340,48789574,,,,,5,-1496.655029296875,1031.4903564453125,-791.1884765625,0.002862849272787571,-0.08108478039503098,-0.07977193593978882,0.993505597114563,1,1656924,13799
1786083340,56711684,1,-169.5618896484375,111.53182983398438,100.0611801147461,,,,,,,,,,1656925,13799
1786083340,56711684,,,,,5,-1496.6624755859375,1031.4849853515625,-791.2052001953125,0.002854067599400878,-0.08123467862606049,-0.08004402369260788,0.9934715032577515,1,1656925,13799
1786083340,65733961,1,-170.16510009765625,112.30672454833984,96.16583251953125,,,,,,,,,,1656926,13799
1786083340,65733961,,,,,5,-1496.64453125,1031.4383544921875,-791.1914672851562,0.002868273062631488,-0.08107785880565643,-0.07947006076574326,0.9935303330421448,1,1656926,13799
1786083340,73766219,1,-168.5897674560547,109.39198303222656,90.453369140625,,,,,,,,,,1656927,13799
1786083340,73766219,,,,,5,-1496.687255859375,1031.4967041015625,-791.1531372070312,0.0027231716085225344,-0.08147824555635452,-0.080860935151577,0.9933857917785645,1,1656927,13799
1786083340,82142677,1,-172.0458984375,111.12110900878906,87.8999252319336,,,,,,,,,,1656928,13799
1786083340,82142677,,,,,5,-1496.626220703125,1031.4554443359375,-791.1839599609375,0.002746275393292308,-0.08136480301618576,-0.08037324249744415,0.9934346079826355,1,1656928,13799
1786083340,90716013,1,-171.65707397460938,112.74188995361328,83.83447265625,,,,,,,,,,1656929,13799
1786083340,90716013,,,,,5,-1496.6253662109375,1031.4666748046875,-791.2348022460938,0.0031732895877212286,-0.08113078027963638,-0.07972842454910278,0.9935044050216675,1,1656929,13799
1786083340,98679297,1,-172.0472869873047,113.05132293701172,79.73217010498047,,,,,,,,,,1656930,13799
1786083340,98679297,,,,,5,-1496.6251220703125,1031.4676513671875,-791.22705078125,0.0026308191008865833,-0.08111101388931274,-0.07823484390974045,0.9936264157295227,1,1656930,13799
1786083340,107722913,1,-174.46157836914062,111.95751190185547,75.37230682373047,,,,,,,,,,1656931,13799
1786083340,107722913,,,,,5,-1496.64697265625,1031.454345703125,-791.1732788085938,0.002890134695917368,-0.08105412870645523,-0.07926522195339203,0.9935486316680908,1,1656931,13799
1786083340,115733256,1,-174.84295654296875,110.86096954345703,71.47142028808594,,,,,,,,,,1656932,13799
1786083340,115733256,,,,,5,-1496.6502685546875,1031.4920654296875,-791.1736450195312,0.0028396216221153736,-0.08127517998218536,-0.08012314885854721,0.9934618473052979,1,1656932,13799
1786083340,123996495,1,-176.58346557617188,111.53506469726562,67.49871826171875,,,,,,,,,,1656933,13799
1786083340,123996495,,,,,5,-1496.614501953125,1031.4891357421875,-791.2254028320312,0.0035120449028909206,-0.08131472766399384,-0.08129188418388367,0.9933615326881409,1,1656933,13799
1786083340,131772690,1,-178.64537048339844,110.77518463134766,62.56496810913086,,,,,,,,,,1656934,13799
1786083340,131772690,,,,,5,-1496.6214599609375,1031.475341796875,-791.2301025390625,0.003329972270876169,-0.0813630148768425,-0.08094707876443863,0.993386447429657,1,1656934,13799
1786083340,140637408,1,-177.06402587890625,112.60895538330078,58.37995147705078,,,,,,,,,,1656935,13799
1786083340,140637408,,,,,5,-1496.6142578125,1031.508544921875,-791.2279052734375,0.003042538883164525,-0.08125825971364975,-0.0801878347992897,0.9934574961662292,1,1656935,13799
1786083340,148758187,1,-178.2046661376953,112.86827850341797,54.391578674316406,,,,,,,,,,1656936,13799
1786083340,148758187,,,,,5,-1496.6405029296875,1031.458984375,-791.2427368164062,0.003321371739730239,-0.08118917047977448,-0.08139586448669434,0.9933640360832214,1,1656936,13799
1786083340,156432904,1,-179.48582458496094,112.28194427490234,50.83513641357422,,,,,,,,,,1656937,13799
1786083340,156432904,,,,,5,-1496.6444091796875,1031.501220703125,-791.2280883789062,0.002754990477114916,-0.08121200650930405,-0.07925764471292496,0.9935367107391357,1,1656937,13799
1786083340,165413784,1,-179.374755859375,113.33485412597656,46.099327087402344,,,,,,,,,,1656938,13799
1786083340,165413784,,,,,5,-1496.626220703125,1031.453369140625,-791.2365112304688,0.0031950008124113083,-0.08102758228778839,-0.07979021966457367,0.9935078620910645,1,1656938,13799
1786083340,173884490,1,-180.42068481445312,112.82538604736328,42.36812210083008,,,,,,,,,,1656939,13799
1786083340,173884490,,,,,5,-1496.639892578125,1031.51708984375,-791.2185668945312,0.0031101482454687357,-0.08131890743970871,-0.08001240342855453,0.9934663772583008,1,1656939,13799
1786083340,181838976,1,-181.15032958984375,112.87545776367188,38.156219482421875,,,,,,,,,,1656940,13799
1786083340,181838976,,,,,5,-1496.6370849609375,1031.51708984375,-791.2005004882812,0.003129568649455905,-0.08112827688455582,-0.08071578294038773,0.9934249520301819,1,1656940,13799
1786083340,190520828,1,-181.44606018066406,113.54414367675781,33.80380630493164,,,,,,,,,,1656941,13799
1786083340,190520828,,,,,5,-1496.6229248046875,1031.4683837890625,-791.2056884765625,0.002538821892812848,-0.0813862606883049,-0.07999297231435776,0.9934641122817993,1,1656941,13799
1786083340,198734799,1,-181.11636352539062,114.17942810058594,29.943334579467773,,,,,,,,,,1656942,13799
1786083340,198734799,,,,,5,-1496.6292724609375,1031.4921875,-791.1849975585938,0.0030915613751858473,-0.08108513057231903,-0.08007274568080902,0.9934806227684021,1,1656942,13799
1786083340,207427305,1,-183.4700469970703,112.90103912353516,25.768964767456055,,,,,,,,,,1656943,13799
1786083340,207427305,,,,,5,-1496.6116943359375,1031.4873046875,-791.1937866210938,0.0028695145156234503,-0.08114666491746902,-0.07914941757917404,0.9935503602027893,1,1656943,13799
1786083340,215382270,1,-184.64059448242188,112.77755737304688,21.610736846923828,,,,,,,,,,1656944,13799
1786083340,215382270,,,,,5,-1496.601806640625,1031.470703125,-791.22900390625,0.0031746914610266685,-0.08120221644639969,-0.0809021070599556,0.9934036731719971,1,1656944,13799
1786083340,223368524,1,-189.16285705566406,109.81143188476562,19.955089569091797,,,,,,,,,,1656945,13799
1786083340,223368524,,,,,5,-1496.6390380859375,1031.4901123046875,-791.224365234375,0.002858958439901471,-0.08137068152427673,-0.07997426390647888,0.9934660196304321,1,1656945,13799
1786083340,232097020,1,-191.13577270507812,109.34090423583984,16.647411346435547,,,,,,,,,,1656946,13799
1786083340,232097020,,,,,5,-1496.6771240234375,1031.4969482421875,-791.2147827148438,0.0029353369027376175,-0.08109844475984573,-0.07924162596464157,0.993546724319458,1,1656946,13799
1786083340,240571757,1,-191.94642639160156,108.88031005859375,12.74216079711914,,,,,,,,,,1656947,13799
1786083340,240571757,,,,,5,-1496.6103515625,1031.4954833984375,-791.2162475585938,0.002906189765781164,-0.08125760406255722,-0.07966382801532745,0.9935000538825989,1,1656947,13799
1786083340,248550045,1,-188.42315673828125,112.40717315673828,5.648190498352051,,,,,,,,,,1656948,13799
1786083340,248550045,,,,,5,-1496.6395263671875,1031.51123046875,-791.2091674804688,0.0030395817011594772,-0.08135926723480225,-0.08069801330566406,0.9934079647064209,1,1656948,13799
1786083340,257689029,1,-188.97320556640625,112.21891021728516,1.6025149822235107,,,,,,,,,,1656949,13799
1786083340,257689029,,,,,5,-1496.619140625,1031.4715576171875,-791.1961059570312,0.0030359041411429644,-0.08111675083637238,-0.07981075346469879,0.9934994578361511,1,1656949,13799
1786083340,265331626,1,-189.67726135253906,112.0043716430664,-2.737335205078125,,,,,,,,,,1656950,13799
1786083340,265331626,,,,,5,-1496.656982421875,1031.489990234375,-791.2228393554688,0.0030809435993433,-0.08154835551977158,-0.08012125641107559,0.9934388995170593,1,1656950,13799
1786083340,273736653,1,-187.11912536621094,114.18354034423828,-6.960667610168457,,,,,,,,,,1656951,13799
1786083340,273736653,,,,,5,-1496.6126708984375,1031.45751953125,-791.2056884765625,0.003047269070520997,-0.08102439343929291,-0.07938128709793091,0.9935413002967834,1,1656951,13799
1786083340,282129395,1,-191.96060180664062,111.12109375,-10.366360664367676,,,,,,,,,,1656952,13799
1786083340,282129395,,,,,5,-1496.637939453125,1031.4969482421875,-791.2171020507812,0.003012915374711156,-0.08098666369915009,-0.0797450989484787,0.9935153126716614,1,1656952,13799
1786083340,290391098,1,-192.70509338378906,111.73368835449219,-14.347269058227539,,,,,,,,,,1656953,13799
1786083340,290391098,,,,,5,-1496.611083984375,1031.468017578125,-791.2460327148438,0.003466647118330002,-0.0809740498661995,-0.08087914437055588,0.9934232234954834,1,1656953,13799
1786083340,299020036,1,-192.74099731445312,112.43212127685547,-18.68869400024414,,,,,,,,,,1656954,13799
1786083340,299020036,,,,,5,-1496.6513671875,1031.5335693359375,-791.1921997070312,0.0030778413638472557,-0.08134139329195023,-0.08050934225320816,0.9934244751930237,1,1656954,13799
1786083340,307550471,1,-193.89271545410156,113.27537536621094,-23.178024291992188,,,,,,,,,,1656955,13799
1786083340,307550471,,,,,5,-1496.6727294921875,1031.518310546875,-791.2378540039062,0.0031954043079167604,-0.08126584440469742,-0.08057840913534164,0.993424654006958,1,1656955,13799
1786083340,315840999,1,-194.44549560546875,113.1410903930664,-27.474849700927734,,,,,,,,,,1656956,13799
1786083340,315840999,,,,,5,-1496.6593017578125,1031.4539794921875,-791.1657104492188,0.0030276819597929716,-0.08115627616643906,-0.08079253137111664,0.9934168457984924,1,1656956,13799
1786083340,323942999,1,-195.67462158203125,112.85340881347656,-30.892423629760742,,,,,,,,,,1656957,13799
1786083340,323942999,,,,,5,-1496.6180419921875,1031.4932861328125,-791.2100219726562,0.003044034354388714,-0.08126038312911987,-0.08032645285129547,0.9934460520744324,1,1656957,13799
1786083340,332072544,1,-196.0576629638672,113.71434783935547,-34.53082275390625,,,,,,,,,,1656958,13799
1786083340,332072544,,,,,5,-1496.61328125,1031.50537109375,-791.2047729492188,0.0030717141926288605,-0.08128152787685394,-0.08074738830327988,0.993410050868988,1,1656958,13799
1786083340,339942187,1,-196.92994689941406,112.85863494873047,-37.87786102294922,,,,,,,,,,1656959,13799
1786083340,339942187,,,,,5,-1496.6004638671875,1031.4947509765625,-791.2133178710938,0.0028214913327246904,-0.0811305120587349,-0.07936644554138184,0.9935344457626343,1,1656959,13799
1786083340,347743175,1,-197.84674072265625,114.0888900756836,-41.682960510253906,,,,,,,,,,1656960,13799
1786083340,347743175,,,,,5,-1496.632080078125,1031.4676513671875,-791.1829223632812,0.0027555760461837053,-0.08111326396465302,-0.07940709590911865,0.9935327172279358,1,1656960,13799
1786083340,357077661,1,-199.5261688232422,113.71231079101562,-45.845035552978516,,,,,,,,,,1656961,13799
1786083340,357077661,,,,,5,-1496.609619140625,1031.471923828125,-791.2027587890625,0.0027698602061718702,-0.08108954131603241,-0.0805509090423584,0.9934426546096802,1,1656961,13799
1786083340,365281555,1,-199.69622802734375,112.4297103881836,-48.750877380371094,,,,,,,,,,1656962,13799
1786083340,365281555,,,,,5,-1496.620849609375,1031.5142822265625,-791.202392578125,0.002780773676931858,-0.08112087845802307,-0.07923181354999542,0.993546187877655,1,1656962,13799
1786083340,373822324,1,-200.58978271484375,111.42991638183594,-52.08793640136719,,,,,,,,,,1656963,13799
1786083340,373822324,,,,,5,-1496.6292724609375,1031.4969482421875,-791.2335205078125,0.003518499433994293,-0.08136306703090668,-0.08150181919336319,0.9933404326438904,1,1656963,13799
1786083340,382148139,1,-201.17922973632812,111.59242248535156,-55.99734878540039,,,,,,,,,,1656964,13799
1786083340,382148139,,,,,5,-1496.6495361328125,1031.5047607421875,-791.2029418945312,0.0029359017498791218,-0.0811360776424408,-0.07998933643102646,0.9934837222099304,1,1656964,13799
1786083340,390717540,1,-202.2885284423828,110.1187744140625,-59.675411224365234,,,,,,,,,,1656965,13799
1786083340,390717540,,,,,5,-1496.611572265625,1031.477294921875,-791.21337890625,0.002963419770821929,-0.0812092125415802,-0.07971903681755066,0.9934994578361511,1,1656965,13799
1786083340,398591854,1,-202.09927368164062,112.69681549072266,-64.0810317993164,,,,,,,,,,1656966,13799
1786083340,398591854,,,,,5,-1496.6383056640625,1031.5008544921875,-791.2291870117188,0.0028572026640176773,-0.08128523081541061,-0.08015910536050797,0.9934582114219666,1,1656966,13799
1786083340,406664421,1,-202.82847595214844,112.86455535888672,-67.8831787109375,,,,,,,,,,1656967,13799
1786083340,406664421,,,,,5,-1496.6094970703125,1031.477783203125,-791.219482421875,0.0030274786986410618,-0.0812188908457756,-0.07992378622293472,0.9934819340705872,1,1656967,13799
1786083340,415993213,1,-203.3775634765625,112.8817138671875,-71.53250122070312,,,,,,,,,,1656968,13800
1786083340,415993213,,,,,5,-1496.6126708984375,1031.459228515625,-791.198974609375,0.0031412318348884583,-0.08120892941951752,-0.0792267844080925,0.9935383200645447,1,1656968,13800
1786083340,423921369,1,-204.1759796142578,110.48240661621094,-74.0450210571289,,,,,,,,,,1656969,13800
1786083340,423921369,,,,,5,-1496.66552734375,1031.508056640625,-791.2763671875,0.0035886759869754314,-0.08078404515981674,-0.08068228513002396,0.9934543371200562,1,1656969,13800
1786083340,432197693,1,-204.4702911376953,112.83013153076172,-78.80621337890625,,,,,,,,,,1656970,13800
1786083340,432197693,,,,,5,-1496.6077880859375,1031.473388671875,-791.2218017578125,0.003252458292990923,-0.08106295764446259,-0.07981002330780029,0.9935031533241272,1,1656970,13800
1786083340,439299947,1,-205.271484375,112.4591293334961,-82.82781982421875,,,,,,,,,,1656971,13800
1786083340,439299947,,,,,5,-1496.6365966796875,1031.468994140625,-791.1798706054688,0.0027881572023034096,-0.08115279674530029,-0.07877962291240692,0.9935795068740845,1,1656971,13800
1786083340,448786235,1,-206.14825439453125,112.9483413696289,-86.57209014892578,,,,,,,,,,1656972,13800
1786083340,448786235,,,,,5,-1496.673828125,1031.51708984375,-791.2274780273438,0.003171196673065424,-0.08122604340314865,-0.08111226558685303,0.993384599685669,1,1656972,13800
1786083340,456425536,1,-204.66888427734375,114.05068969726562,-90.9252700805664,,,,,,,,,,1656973,13800
1786083340,456425536,,,,,5,-1496.65478515625,1031.505859375,-791.2117309570312,0.003206151770427823,-0.08109027147293091,-0.08038825541734695,0.9934544563293457,1,1656973,13800
1786083340,465494010,1,-207.3185272216797,112.80260467529297,-94.0748291015625,,,,,,,,,,1656974,13800
1786083340,465494010,,,,,5,-1496.6937255859375,1031.5291748046875,-791.2020263671875,0.003073460189625621,-0.0808960348367691,-0.08123395591974258,0.9934019446372986,1,1656974,13800
1786083340,473700912,1,-207.9381103515625,112.68932342529297,-97.89031982421875,,,,,,,,,,1656975,13800
1786083340,473700912,,,,,5,-1496.6529541015625,1031.51806640625,-791.2185668945312,0.00290223048068583,-0.08139099925756454,-0.07996729016304016,0.9934648275375366,1,1656975,13800
1786083340,482219445,1,-210.9539337158203,111.02247619628906,-101.4513931274414,,,,,,,,,,1656976,13800
1786083340,482219445,,,,,5,-1496.6405029296875,1031.5123291015625,-791.22802734375,0.0031960851047188044,-0.0809580609202385,-0.08032114803791046,0.9934707283973694,1,1656976,13800
1786083340,490530896,1,-210.60891723632812,111.64138793945312,-105.35936737060547,,,,,,,,,,1656977,13800
1786083340,490530896,,,,,5,-1496.6976318359375,1031.47265625,-791.1691284179688,0.0026812581345438957,-0.08122054487466812,-0.08011472225189209,0.9934674501419067,1,1656977,13800
1786083340,498586252,1,-212.11581420898438,111.0657958984375,-108.84312438964844,,,,,,,,,,1656978,13800
1786083340,498586252,,,,,5,-1496.63671875,1031.49462890625,-791.2059326171875,0.003060211893171072,-0.08122262358665466,-0.08016576617956161,0.9934621453285217,1,1656978,13800
1786083340,507187581,1,-211.73289489746094,111.66743469238281,-112.89411163330078,,,,,,,,,,1656979,13800
1786083340,507187581,,,,,5,-1496.6551513671875,1031.5186767578125,-791.2005004882812,0.0029526555445045233,-0.0812637209892273,-0.07999538630247116,0.9934728145599365,1,1656979,13800
1786083340,515916589,1,-210.70669555664062,112.6823501586914,-116.34153747558594,,,,,,,,,,1656980,13800
1786083340,515916589,,,,,5,-1496.6575927734375,1031.5269775390625,-791.210205078125,0.0028650423046201468,-0.08138467371463776,-0.08044112473726273,0.9934271574020386,1,1656980,13800
1786083340,523471976,1,-212.41925048828125,111.35404968261719,-120.34782409667969,,,,,,,,,,1656981,13800
1786083340,523471976,,,,,5,-1496.69091796875,1031.5067138671875,-791.2154541015625,0.0029776429291814566,-0.08107618242502213,-0.07965543121099472,0.9935153722763062,1,1656981,13800
1786083340,532171296,1,-211.5283660888672,112.15377044677734,-124.24407196044922,,,,,,,,,,1656982,13800
1786083340,532171296,,,,,5,-1496.598876953125,1031.51171875,-791.2151489257812,0.0027126811910420656,-0.08112221956253052,-0.07924027740955353,0.9935455322265625,1,1656982,13800
1786083340,540983803,1,-211.19277954101562,112.36497497558594,-128.03016662597656,,,,,,,,,,1656983,13800
1786083340,540983803,,,,,5,-1496.6522216796875,1031.4852294921875,-791.2081909179688,0.0032935694325715303,-0.08101563155651093,-0.08009129762649536,0.9934841990470886,1,1656983,13800
1786083340,548748129,1,-211.61509704589844,111.72054290771484,-132.227783203125,,,,,,,,,,1656984,13800
1786083340,548748129,,,,,5,-1496.64892578125,1031.4974365234375,-791.1863403320312,0.0029524178244173527,-0.08110266178846359,-0.07929375022649765,0.9935421347618103,1,1656984,13800
1786083340,555983310,1,-207.3162841796875,113.56696319580078,-137.40399169921875,,,,,,,,,,1656985,13800
1786083340,555983310,,,,,5,-1496.5755615234375,1031.4920654296875,-791.2296752929688,0.003549115266650915,-0.08110519498586655,-0.08099076896905899,0.9934031963348389,1,1656985,13800
1786083340,565567844,1,-207.29290771484375,113.59834289550781,-140.81666564941406,,,,,,,,,,1656986,13800
1786083340,565567844,,,,,5,-1496.63818359375,1031.52880859375,-791.2019653320312,0.0030343288090080023,-0.0812714546918869,-0.07975891977548599,0.993490993976593,1,1656986,13800
1786083340,573079467,1,-215.5102081298828,109.02879333496094,-141.16183471679688,,,,,,,,,,1656987,13800
1786083340,573079467,,,,,5,-1496.6572265625,1031.5745849609375,-791.2666015625,0.002489520935341716,-0.08110591024160385,-0.0785723403096199,0.9936005473136902,1,1656987,13800
1786083340,582000714,1,-213.7380828857422,111.24236297607422,-146.36322021484375,,,,,,,,,,1656988,13800
1786083340,582000714,,,,,5,-1496.6365966796875,1031.51171875,-791.2105712890625,0.0028402674943208694,-0.08120691776275635,-0.08030957728624344,0.9934523701667786,1,1656988,13800
1786083340,590278381,1,-215.19468688964844,109.19464874267578,-148.5001983642578,,,,,,,,,,1656989,13800
1786083340,590278381,,,,,5,-1496.6434326171875,1031.516845703125,-791.2427368164062,0.0030050058849155903,-0.08104651421308517,-0.07987108081579208,0.9935003519058228,1,1656989,13800
1786083340,597863745,1,-214.4980926513672,110.83844757080078,-153.4217529296875,,,,,,,,,,1656990,13800
1786083340,597863745,,,,,5,-1496.6214599609375,1031.5009765625,-791.2568359375,0.0033294998575001955,-0.08109477907419205,-0.0803137943148613,0.9934597611427307,1,1656990,13800
1786083340,607161312,1,-215.33323669433594,109.19098663330078,-158.97723388671875,,,,,,,,,,1656991,13800
1786083340,607161312,,,,,5,-1496.5882568359375,1031.4207763671875,-791.20458984375,0.003106639487668872,-0.08105095475912094,-0.08067937940359116,0.9934343099594116,1,1656991,13800
1786083340,615551559,1,-214.89451599121094,111.38314056396484,-161.11476135253906,,,,,,,,,,1656992,13800
1786083340,615551559,,,,,5,-1496.66796875,1031.4990234375,-791.2160034179688,0.003005767473950982,-0.08076567947864532,-0.08043491840362549,0.9934778213500977,1,1656992,13800
1786083340,623947692,1,-215.5286865234375,112.10870361328125,-164.5175018310547,,,,,,,,,,1656993,13800
1786083340,623947692,,,,,5,-1496.6737060546875,1031.53125,-791.2426147460938,0.003346769604831934,-0.08097189664840698,-0.08103328198194504,0.9934112429618835,1,1656993,13800
1786083340,632013701,1,-215.0994110107422,111.19935607910156,-168.21337890625,,,,,,,,,,1656994,13800
1786083340,632013701,,,,,5,-1496.6241455078125,1031.46923828125,-791.2283325195312,0.002584966132417321,-0.0811123326420784,-0.07895807176828384,0.9935691952705383,1,1656994,13800
1786083340,639739445,1,-218.14552307128906,109.86431121826172,-171.72528076171875,,,,,,,,,,1656995,13800
1786083340,639739445,,,,,5,-1496.6170654296875,1031.52001953125,-791.2098999023438,0.0031559020280838013,-0.08132636547088623,-0.08126548677682877,0.9933639764785767,1,1656995,13800
1786083340,648798865,1,-215.5619354248047,111.68372344970703,-175.70726013183594,,,,,,,,,,1656996,13800
1786083340,648798865,,,,,5,-1496.6187744140625,1031.4903564453125,-791.2056884765625,0.0031170081347227097,-0.08126436173915863,-0.08005853742361069,0.9934671521186829,1,1656996,13800
1786083340,657082867,1,-216.0365753173828,110.64154815673828,-178.97117614746094,,,,,,,,,,1656997,13800
1786083340,657082867,,,,,5,-1496.6044921875,1031.4769287109375,-791.2338256835938,0.0026769274845719337,-0.08101830631494522,-0.07906951010227203,0.9935677647590637,1,1656997,13800
1786083340,665016334,1,-216.44850158691406,111.82373046875,-183.44534301757812,,,,,,,,,,1656998,13800
1786083340,665016334,,,,,5,-1496.5703125,1031.5145263671875,-791.2947387695312,0.0026513298507779837,-0.08137934654951096,-0.07947015017271042,0.9935062527656555,1,1656998,13800
1786083340,673718533,1,-216.9138946533203,110.72383117675781,-186.7078094482422,,,,,,,,,,1656999,13800
1786083340,673718533,,,,,5,-1496.6102294921875,1031.5262451171875,-791.2407836914062,0.002946507418528199,-0.0811975747346878,-0.07983919233083725,0.9934908151626587,1,1656999,13800
1786083340,681736522,1,-217.75466918945312,111.15990447998047,-190.7649383544922,,,,,,,,,,1657000,13800
1786083340,681736522,,,,,5,-1496.6356201171875,1031.5294189453125,-791.2731323242188,0.0030729861464351416,-0.08115087449550629,-0.08063715696334839,0.9934297204017639,1,1657000,13800
1786083340,690886223,1,-217.93089294433594,111.07496643066406,-194.6785888671875,,,,,,,,,,1657001,13800
1786083340,690886223,,,,,5,-1496.611572265625,1031.5107421875,-791.2890014648438,0.003015866270288825,-0.08101210743188858,-0.0794898197054863,0.9935336709022522,1,1657001,13800
1786083340,698586118,1,-218.05703735351562,110.60093688964844,-197.98477172851562,,,,,,,,,,1657002,13800
1786083340,698586118,,,,,5,-1496.618408203125,1031.5057373046875,-791.2848510742188,0.002788709243759513,-0.08125575631856918,-0.07952752709388733,0.9935113787651062,1,1657002,13800
1786083340,706375654,1,-218.5228729248047,109.40325164794922,-202.04586791992188,,,,,,,,,,1657003,13800
1786083340,706375654,,,,,5,-1496.6085205078125,1031.50341796875,-791.2805786132812,0.0029809637926518917,-0.0811859667301178,-0.07996418327093124,0.9934816360473633,1,1657003,13800
1786083340,715511406,1,-218.0305938720703,111.25493621826172,-205.85995483398438,,,,,,,,,,1657004,13800
1786083340,715511406,,,,,5,-1496.6546630859375,1031.4735107421875,-791.2970581054688,0.002827930497005582,-0.08097227662801743,-0.08043115586042404,0.9934617280960083,1,1657004,13800
1786083340,723435404,1,-218.16404724121094,111.02233123779297,-209.6150360107422,,,,,,,,,,1657005,13800
1786083340,723435404,,,,,5,-1496.6142578125,1031.4912109375,-791.2771606445312,0.0030058948323130608,-0.08135468512773514,-0.08065108209848404,0.9934120774269104,1,1657005,13800
1786083340,732478284,1,-218.87521362304688,109.97438049316406,-212.35960388183594,,,,,,,,,,1657006,13800
1786083340,732478284,,,,,5,-1496.6278076171875,1031.430908203125,-791.2420654296875,0.0025266220327466726,-0.08098428696393967,-0.07992687076330185,0.9935023188591003,1,1657006,13800
1786083340,740224247,1,-218.79147338867188,111.68022155761719,-216.69467163085938,,,,,,,,,,1657007,13800
1786083340,740224247,,,,,5,-1496.6043701171875,1031.4527587890625,-791.25830078125,0.0026686922647058964,-0.0811953917145729,-0.07885206490755081,0.9935705661773682,1,1657007,13800
1786083340,748555692,1,-219.7693328857422,111.70938873291016,-221.02981567382812,,,,,,,,,,1657008,13800
1786083340,748555692,,,,,5,-1496.6298828125,1031.494140625,-791.2846069335938,0.002765907905995846,-0.08128725737333298,-0.07967023551464081,0.9934974908828735,1,1657008,13800
1786083340,756842733,1,-220.99908447265625,111.44429016113281,-224.5037078857422,,,,,,,,,,1657009,13800
1786083340,756842733,,,,,5,-1496.6712646484375,1031.50146484375,-791.2752075195312,0.0025708989705890417,-0.08112958818674088,-0.07956287264823914,0.9935194849967957,1,1657009,13800
1786083340,765442494,1,-221.32080078125,111.48571014404297,-228.68760681152344,,,,,,,,,,1657010,13800
1786083340,765442494,,,,,5,-1496.6768798828125,1031.4691162109375,-791.2778930664062,0.0026482511311769485,-0.08092531561851501,-0.07981818169355392,0.9935155510902405,1,1657010,13800
1786083340,774114493,1,-220.1820526123047,109.51908111572266,-232.17286682128906,,,,,,,,,,1657011,13800
1786083340,774114493,,,,,5,-1496.6160888671875,1031.4822998046875,-791.2859497070312,0.0029651697259396315,-0.08107522875070572,-0.08015564829111099,0.9934752583503723,1,1657011,13800
1786083340,782256035,1,-220.68716430664062,110.08638000488281,-237.13983154296875,,,,,,,,,,1657012,13800
1786083340,782256035,,,,,5,-1496.62939453125,1031.4774169921875,-791.261474609375,0.002724583726376295,-0.0810890644788742,-0.07928694784641266,0.9935445189476013,1,1657012,13800
1786083340,790647081,1,-221.08473205566406,109.3508071899414,-241.9975128173828,,,,,,,,,,1657013,13800
1786083340,790647081,,,,,5,-1496.6390380859375,1031.5213623046875,-791.2813720703125,0.0030375549104064703,-0.08097756654024124,-0.07983168214559555,0.9935091137886047,1,1657013,13800
1786083340,798431690,1,-222.87327575683594,111.57048797607422,-246.69410705566406,,,,,,,,,,1657014,13800
1786083340,798431690,,,,,5,-1496.6029052734375,1031.4866943359375,-791.2630004882812,0.0027043346781283617,-0.08098170906305313,-0.07927396148443222,0.9935543537139893,1,1657014,13800
1786083340,807265376,1,-221.9784698486328,109.56927490234375,-250.25767517089844,,,,,,,,,,1657015,13800
1786083340,807265376,,,,,5,-1496.6292724609375,1031.4873046875,-791.24951171875,0.002671094611287117,-0.08118109405040741,-0.08000559359788895,0.9934794306755066,1,1657015,13800
1786083340,815217078,1,-223.14962768554688,112.36681365966797,-248.47186279296875,,,,,,,,,,1657016,13800
1786083340,815217078,,,,,5,-1496.6470947265625,1031.491943359375,-791.2362670898438,0.0029517461080104113,-0.08118092268705368,-0.08104643225669861,0.9933943152427673,1,1657016,13800
1786083340,823136533,1,-222.16758728027344,110.70250701904297,-251.64425659179688,,,,,,,,,,1657017,13800
1786083340,823136533,,,,,5,-1496.65673828125,1031.52978515625,-791.2572631835938,0.002998232375830412,-0.08061443269252777,-0.08058452606201172,0.993478000164032,1,1657017,13800
1786083340,832007649,1,-222.784912109375,107.91023254394531,-253.42227172851562,,,,,,,,,,1657018,13800
1786083340,832007649,,,,,5,-1496.6610107421875,1031.4954833984375,-791.2776489257812,0.003082482609897852,-0.08067256212234497,-0.08056309819221497,0.9934746623039246,1,1657018,13800
1786083340,840547937,1,-222.5055694580078,110.01338958740234,-258.9648132324219,,,,,,,,,,1657019,13800
1786083340,840547937,,,,,5,-1496.676025390625,1031.5,-791.2352905273438,0.0027740004006773233,-0.08086035400629044,-0.0807390958070755,0.9934460520744324,1,1657019,13800
1786083340,848506646,1,-223.04359436035156,110.80321502685547,-262.7607727050781,,,,,,,,,,1657020,13800
1786083340,848506646,,,,,5,-1496.6883544921875,1031.4932861328125,-791.2551879882812,0.002802989911288023,-0.08095335960388184,-0.08127029985189438,0.9933950901031494,1,1657020,13800
1786083340,856655226,1,-225.13189697265625,75.2626724243164,-313.24249267578125,,,,,,,,,,1657021,13800
1786083340,856655226,,,,,5,-1496.6767578125,1031.44482421875,-791.1942138671875,0.002056043827906251,-0.08093321323394775,-0.07902690768241882,0.9935795664787292,1,1657021,13800
1786083340,865316987,1,-231.55966186523438,106.89517974853516,-268.0870056152344,,,,,,,,,,1657022,13800
1786083340,865316987,,,,,5,-1496.6689453125,1031.4676513671875,-791.2196044921875,0.0029317454900592566,-0.08081798255443573,-0.08018318563699722,0.9934940338134766,1,1657022,13800
1786083340,872435526,1,-225.90428161621094,78.99463653564453,-313.7523498535156,,,,,,,,,,1657023,13800
1786083340,872435526,,,,,5,-1496.6968994140625,1031.484130859375,-791.1856079101562,0.0028858829755336046,-0.08053215593099594,-0.08024149388074875,0.9935126900672913,1,1657023,13800
1786083340,881977127,1,-223.833251953125,111.06392669677734,-276.4873962402344,,,,,,,,,,1657024,13800
1786083340,881977127,,,,,5,-1496.7034912109375,1031.450439453125,-791.1715698242188,0.0025103979278355837,-0.08107216656208038,-0.07966455072164536,0.993516206741333,1,1657024,13800
1786083340,890206103,1,-224.46542358398438,110.51240539550781,-279.4823913574219,,,,,,,,,,1657025,13800
1786083340,890206103,,,,,5,-1496.6697998046875,1031.46142578125,-791.1486206054688,0.002582623390480876,-0.08097723126411438,-0.0794847384095192,0.9935381412506104,1,1657025,13800
1786083340,898862649,1,-224.80088806152344,111.39331817626953,-282.6204833984375,,,,,,,,,,1657026,13800
1786083340,898862649,,,,,5,-1496.6552734375,1031.4539794921875,-791.2171020507812,0.003300559939816594,-0.08061950653791428,-0.08068153262138367,0.9934686422348022,1,1657026,13800
1786083340,906883486,,,,,5,-1496.6734619140625,1031.4759521484375,-791.243408203125,0.0034086499363183975,-0.08067800104618073,-0.08033116906881332,0.9934919476509094,1,1657027,13800
1786083340,915212884,1,-224.7246551513672,110.65040588378906,-290.33837890625,,,,,,,,,,1657028,13800
1786083340,915212884,,,,,5,-1496.6546630859375,1031.443359375,-791.2100219726562,0.0025720959529280663,-0.08095023036003113,-0.0790494754910469,0.9935752749443054,1,1657028,13800
1786083340,922697729,1,-225.1306610107422,111.37435150146484,-294.061279296875,,,,,,,,,,1657029,13800
1786083340,922697729,,,,,5,-1496.661865234375,1031.4573974609375,-791.1593627929688,0.002781157149001956,-0.08114191144704819,-0.08055330067873001,0.993438184261322,1,1657029,13800
1786083340,931812527,1,-224.33566284179688,112.21610260009766,-297.830078125,,,,,,,,,,1657030,13800
1786083340,931812527,,,,,5,-1496.6702880859375,1031.4566650390625,-791.22509765625,0.003225583117455244,-0.08085619658231735,-0.08050747960805893,0.9934638142585754,1,1657030,13800
1786083340,940022628,1,-223.89300537109375,112.39635467529297,-300.8653869628906,,,,,,,,,,1657031,13800
1786083340,940022628,,,,,5,-1496.686279296875,1031.47119140625,-791.2190551757812,0.0030953683890402317,-0.08086689561605453,-0.08010554313659668,0.9934958815574646,1,1657031,13800
1786083340,948804231,1,-225.22425842285156,111.6219711303711,-304.68603515625,,,,,,,,,,1657032,13800
1786083340,948804231,,,,,5,-1496.683837890625,1031.4779052734375,-791.2316284179688,0.0032498168293386698,-0.08107726275920868,-0.08214663714170456,0.9933115243911743,1,1657032,13800
1786083340,956962600,1,-225.57342529296875,111.94702911376953,-308.2632751464844,,,,,,,,,,1657033,13800
1786083340,956962600,,,,,5,-1496.6629638671875,1031.4727783203125,-791.1576538085938,0.0029042281676083803,-0.08095388114452362,-0.08051274716854095,0.9934563636779785,1,1657033,13800
1786083340,964986124,1,-226.02304077148438,111.72491455078125,-311.3076171875,,,,,,,,,,1657034,13800
1786083340,964986124,,,,,5,-1496.6431884765625,1031.45361328125,-791.1431274414062,0.0026818793267011642,-0.08108105510473251,-0.0798797532916069,0.9934978485107422,1,1657034,13800
1786083340,973928006,1,-227.3748779296875,111.55278015136719,-313.0122375488281,,,,,,,,,,1657035,13800
1786083340,973928006,,,,,5,-1496.6864013671875,1031.4775390625,-791.2047119140625,0.002902094041928649,-0.08096498996019363,-0.08047720044851303,0.9934583902359009,1,1657035,13800
1786083340,982043763,1,-229.85455322265625,111.31246948242188,-317.7052917480469,,,,,,,,,,1657036,13800
1786083340,982043763,,,,,5,-1496.6376953125,1031.4154052734375,-791.2030029296875,0.0027952264063060284,-0.08081559836864471,-0.07952902466058731,0.9935473203659058,1,1657036,13800
1786083340,989484843,1,-232.71371459960938,111.12201690673828,-320.039306640625,,,,,,,,,,1657037,13800
1786083340,989484843,,,,,5,-1496.62353515625,1031.4468994140625,-791.1974487304688,0.002974932547658682,-0.08101920038461685,-0.07889857888221741,0.9935804009437561,1,1657037,13800
1786083340,998719643,1,-235.03073120117188,110.07675170898438,-322.7821960449219,,,,,,,,,,1657038,13800
1786083340,998719643,,,,,5,-1496.629150390625,1031.4261474609375,-791.209228515625,0.0031463673803955317,-0.08111344277858734,-0.08029082417488098,0.9934605956077576,1,1657038,13800
1786083341,6482274,1,-229.00462341308594,112.04325866699219,-326.81329345703125,,,,,,,,,,1657039,13800
1786083341,6482274,,,,,5,-1496.62109375,1031.39501953125,-791.2149658203125,0.0028727389872074127,-0.0808253064751625,-0.07988451421260834,0.9935177564620972,1,1657039,13800
1786083341,15452988,1,-231.23175048828125,111.64836883544922,-330.56536865234375,,,,,,,,,,1657040,13800
1786083341,15452988,,,,,5,-1496.6180419921875,1031.4134521484375,-791.1884765625,0.0030266903340816498,-0.08113101869821548,-0.0811774730682373,0.9933875203132629,1,1657040,13800
1786083341,23855590,1,-231.57518005371094,110.6980972290039,-332.92108154296875,,,,,,,,,,1657041,13800
1786083341,23855590,,,,,5,-1496.6256103515625,1031.4503173828125,-791.2448120117188,0.0028361326549202204,-0.08111664652824402,-0.0795181542634964,0.9935234785079956,1,1657041,13800
1786083341,32231895,1,-231.5443572998047,109.63943481445312,-336.5254211425781,,,,,,,,,,1657042,13800
1786083341,32231895,,,,,5,-1496.6478271484375,1031.482421875,-791.2744750976562,0.0033407043665647507,-0.08078507333993912,-0.0802314355969429,0.9934915900230408,1,1657042,13800
1786083341,40544152,1,-230.0369415283203,111.21526336669922,-338.7494201660156,,,,,,,,,,1657043,13800
1786083341,40544152,,,,,5,-1496.6337890625,1031.4638671875,-791.1543579101562,0.0027587139047682285,-0.08131403475999832,-0.07951574772596359,0.9935077428817749,1,1657043,13800
1786083341,48818755,1,-230.7689208984375,111.2449722290039,-342.2381896972656,,,,,,,,,,1657044,13800
1786083341,48818755,,,,,5,-1496.7042236328125,1031.4969482421875,-791.2006225585938,0.0026986324228346348,-0.08095253258943558,-0.08028241991996765,0.9934757947921753,1,1657044,13800
1786083341,56368901,1,-230.5556640625,110.9592514038086,-344.86041259765625,,,,,,,,,,1657045,13800
1786083341,56368901,,,,,5,-1496.6162109375,1031.456298828125,-791.2479248046875,0.0031459082383662462,-0.08089219033718109,-0.07938525080680847,0.99355149269104,1,1657045,13800
1786083341,65333377,1,-230.87033081054688,111.20781707763672,-348.2797546386719,,,,,,,,,,1657046,13800
1786083341,65333377,,,,,5,-1496.6331787109375,1031.475830078125,-791.2582397460938,0.0032937112264335155,-0.08093199878931046,-0.08026032894849777,0.993477463722229,1,1657046,13800
1786083341,73383205,1,-230.26876831054688,111.15796661376953,-351.2959289550781,,,,,,,,,,1657047,13800
1786083341,73383205,,,,,5,-1496.6190185546875,1031.45654296875,-791.2735595703125,0.003180030733346939,-0.08117100596427917,-0.08002004772424698,0.9934778213500977,1,1657047,13800
1786083341,82199462,1,-230.75772094726562,110.11207580566406,-354.1847229003906,,,,,,,,,,1657048,13800
1786083341,82199462,,,,,5,-1496.657470703125,1031.4888916015625,-791.3125,0.0031399319414049387,-0.08105745166540146,-0.0805911123752594,0.9934409260749817,1,1657048,13800
1786083341,90383560,1,-230.74624633789062,111.50558471679688,-357.6962585449219,,,,,,,,,,1657049,13800
1786083341,90383560,,,,,5,-1496.65234375,1031.4879150390625,-791.2318115234375,0.0028517621103674173,-0.08082528412342072,-0.07879173755645752,0.9936050176620483,1,1657049,13800
1786083341,98950856,1,-233.43405151367188,108.01818084716797,-362.04608154296875,,,,,,,,,,1657050,13800
1786083341,98950856,,,,,5,-1496.6263427734375,1031.487548828125,-791.18994140625,0.002574334153905511,-0.08123248815536499,-0.07913187891244888,0.9935455322265625,1,1657050,13800
1786083341,106217235,1,-232.90640258789062,109.24250030517578,-364.1099853515625,,,,,,,,,,1657051,13800
1786083341,106217235,,,,,5,-1496.660400390625,1031.4990234375,-791.2144775390625,0.0027319113723933697,-0.0809924453496933,-0.07975643873214722,0.9935147762298584,1,1657051,13800
1786083341,115286004,1,-232.57476806640625,109.86701202392578,-366.662109375,,,,,,,,,,1657052,13800
1786083341,115286004,,,,,5,-1496.6649169921875,1031.498046875,-791.2266235351562,0.0026758257299661636,-0.08139476180076599,-0.0801091343164444,0.9934537410736084,1,1657052,13800
1786083341,123514762,1,-233.00643920898438,109.36273956298828,-369.3194885253906,,,,,,,,,,1657053,13800
1786083341,123514762,,,,,5,-1496.6361083984375,1031.4908447265625,-791.2813720703125,0.0031466323416680098,-0.08110135048627853,-0.08036110550165176,0.9934559464454651,1,1657053,13800
1786083341,132002751,1,-232.36422729492188,108.11250305175781,-373.92010498046875,,,,,,,,,,1657054,13800
1786083341,132002751,,,,,5,-1496.6531982421875,1031.522705078125,-791.2293701171875,0.0029927424620836973,-0.08109129965305328,-0.0800369530916214,0.9934834241867065,1,1657054,13800
1786083341,140116371,1,-232.90330505371094,110.23009490966797,-376.51324462890625,,,,,,,,,,1657055,13800
1786083341,140116371,,,,,5,-1496.6390380859375,1031.4136962890625,-791.1926879882812,0.0030220639891922474,-0.08127529919147491,-0.08077757060527802,0.9934083223342896,1,1657055,13800
1786083341,148970378,1,-233.85508728027344,109.4465103149414,-379.9010925292969,,,,,,,,,,1657056,13800
1786083341,148970378,,,,,5,-1496.6298828125,1031.5030517578125,-791.1849365234375,0.0027652776334434748,-0.08131067454814911,-0.07961790263652802,0.9934998750686646,1,1657056,13800
1786083341,157454208,1,-232.13800048828125,111.2136001586914,-384.1949768066406,,,,,,,,,,1657057,13800
1786083341,157454208,,,,,5,-1496.6494140625,1031.546875,-791.3111572265625,0.0029999762773513794,-0.08066510409116745,-0.0787341520190239,0.9936221837997437,1,1657057,13800
1786083341,165344236,1,-231.63076782226562,105.48680114746094,-389.0522155761719,,,,,,,,,,1657058,13800
1786083341,165344236,,,,,5,-1496.651611328125,1031.49951171875,-791.1778564453125,0.0027248277328908443,-0.08115342259407043,-0.0793544128537178,0.9935338497161865,1,1657058,13800
1786083341,173270543,1,-231.3539276123047,111.2810287475586,-391.5817565917969,,,,,,,,,,1657059,13800
1786083341,173270543,,,,,5,-1496.6546630859375,1031.51806640625,-791.2330932617188,0.0029342412017285824,-0.08097755163908005,-0.07971291244029999,0.9935189485549927,1,1657059,13800
1786083341,181990281,1,-231.5985870361328,112.81873321533203,-393.7514953613281,,,,,,,,,,1657060,13800
1786083341,181990281,,,,,5,-1496.6680908203125,1031.4779052734375,-791.2653198242188,0.0031702187843620777,-0.08092782646417618,-0.08001373708248138,0.9934980273246765,1,1657060,13800
1786083341,190157199,1,-232.39747619628906,98.06089782714844,-398.3995666503906,,,,,,,,,,1657061,13800
1786083341,190157199,,,,,5,-1496.64453125,1031.4735107421875,-791.1812133789062,0.0026824227534234524,-0.08121353387832642,-0.07913897931575775,0.993546187877655,1,1657061,13800
1786083341,197882629,1,-234.9103546142578,107.85557556152344,-399.6697998046875,,,,,,,,,,1657062,13800
1786083341,197882629,,,,,5,-1496.6434326171875,1031.4727783203125,-791.20263671875,0.0028304134029895067,-0.08116236329078674,-0.0798589363694191,0.9934924244880676,1,1657062,13800
1786083341,207006425,1,-233.90708923339844,108.82527160644531,-401.7492370605469,,,,,,,,,,1657063,13800
1786083341,207006425,,,,,5,-1496.6654052734375,1031.5379638671875,-791.2462158203125,0.0029823211953043938,-0.08095455169677734,-0.0794433057308197,0.9935421943664551,1,1657063,13800
1786083341,215089460,1,-234.43133544921875,107.83438873291016,-405.773193359375,,,,,,,,,,1657064,13800
1786083341,215089460,,,,,5,-1496.684814453125,1031.4925537109375,-791.16357421875,0.002705898368731141,-0.08091317117214203,-0.0796293392777443,0.9935314655303955,1,1657064,13800
1786083341,223769656,1,-233.84461975097656,107.08341979980469,-408.48577880859375,,,,,,,,,,1657065,13800
1786083341,223769656,,,,,5,-1496.65869140625,1031.5091552734375,-791.1866455078125,0.0028604422695934772,-0.0814710259437561,-0.08151689916849136,0.9933323264122009,1,1657065,13800
1786083341,231819068,1,-233.8309783935547,108.10271453857422,-408.29095458984375,,,,,,,,,,1657066,13800
1786083341,231819068,,,,,5,-1496.667724609375,1031.435546875,-791.1874389648438,0.0030697372276335955,-0.08124122023582458,-0.08084893971681595,0.9934051632881165,1,1657066,13800
1786083341,239932495,1,-234.1770782470703,108.40485382080078,-411.0030822753906,,,,,,,,,,1657067,13800
1786083341,239932495,,,,,5,-1496.6527099609375,1031.467529296875,-791.2750854492188,0.0033654680009931326,-0.08100394904613495,-0.08069369196891785,0.9934362769126892,1,1657067,13800
1786083341,249872563,1,-234.96014404296875,108.8508071899414,-414.4600524902344,,,,,,,,,,1657068,13800
1786083341,249872563,,,,,5,-1496.5977783203125,1031.449951171875,-791.2186889648438,0.0031287171877920628,-0.08115243911743164,-0.07992293685674667,0.9934870600700378,1,1657068,13800
1786083341,256700077,1,-234.79580688476562,108.85748291015625,-416.73138427734375,,,,,,,,,,1657069,13800
1786083341,256700077,,,,,5,-1496.6171875,1031.43798828125,-791.2265014648438,0.0030108706559985876,-0.08098094910383224,-0.07959434390068054,0.993527889251709,1,1657069,13800
1786083341,266178023,1,-235.40916442871094,109.37593841552734,-421.4740905761719,,,,,,,,,,1657070,13800
1786083341,266178023,,,,,5,-1496.6455078125,1031.5169677734375,-791.1913452148438,0.002853183075785637,-0.08117793500423431,-0.0798688605427742,0.9934902787208557,1,1657070,13800
1786083341,273826800,1,-236.00953674316406,110.63685607910156,-423.173828125,,,,,,,,,,1657071,13800
1786083341,273826800,,,,,5,-1496.6409912109375,1031.4334716796875,-791.2334594726562,0.0030260805506259203,-0.08119209855794907,-0.08093564212322235,0.9934022426605225,1,1657071,13800
1786083341,281776270,1,-235.50352478027344,109.63348388671875,-425.9362487792969,,,,,,,,,,1657072,13800
1786083341,281776270,,,,,5,-1496.6932373046875,1031.5096435546875,-791.2084350585938,0.0028309584595263004,-0.08120973408222198,-0.08116837590932846,0.993382453918457,1,1657072,13800
1786083341,290761828,1,-235.97186279296875,109.16120910644531,-428.7977600097656,,,,,,,,,,1657073,13800
1786083341,290761828,,,,,5,-1496.6441650390625,1031.4736328125,-791.1807861328125,0.002948436886072159,-0.08117053657770157,-0.07990280538797379,0.9934878945350647,1,1657073,13800
1786083341,298699940,1,-236.15692138671875,109.2772445678711,-431.3876953125,,,,,,,,,,1657074,13800
1786083341,298699940,,,,,5,-1496.6683349609375,1031.492431640625,-791.1848754882812,0.0029402358923107386,-0.08088065683841705,-0.07966667413711548,0.9935304522514343,1,1657074,13800
1786083341,307433850,1,-236.90817260742188,108.89448547363281,-434.8963317871094,,,,,,,,,,1657075,13800
1786083341,307433850,,,,,5,-1496.643310546875,1031.5166015625,-791.20947265625,0.0028557856567204,-0.08134656399488449,-0.08032181113958359,0.9934398531913757,1,1657075,13800
1786083341,315774260,1,-237.3400421142578,109.0572738647461,-437.5106506347656,,,,,,,,,,1657076,13800
1786083341,315774260,,,,,5,-1496.6019287109375,1031.4793701171875,-791.268798828125,0.0035034765023738146,-0.08122549951076508,-0.07996027916669846,0.993476927280426,1,1657076,13800
1786083341,323827383,1,-237.961181640625,108.85902404785156,-438.96429443359375,,,,,,,,,,1657077,13800
1786083341,323827383,,,,,5,-1496.6033935546875,1031.47119140625,-791.2384643554688,0.0034018047153949738,-0.0811455175280571,-0.07986165583133698,0.9934918284416199,1,1657077,13800
1786083341,332178894,1,-238.55084228515625,109.68616485595703,-443.0586853027344,,,,,,,,,,1657078,13800
1786083341,332178894,,,,,5,-1496.6209716796875,1031.57861328125,-791.3438720703125,0.0033605352509766817,-0.08089874684810638,-0.07962609082460403,0.9935309290885925,1,1657078,13800
1786083341,341032614,1,-239.43218994140625,108.72090148925781,-443.6424560546875,,,,,,,,,,1657079,13800
1786083341,341032614,,,,,5,-1496.6475830078125,1031.5357666015625,-791.2474975585938,0.002853951184079051,-0.08124122023582458,-0.07966289669275284,0.9935017228126526,1,1657079,13800
1786083341,348478435,1,-242.74301147460938,103.95723724365234,-443.73016357421875,,,,,,,,,,1657080,13800
1786083341,348478435,,,,,5,-1496.6279296875,1031.529296875,-791.2178955078125,0.002949149115011096,-0.08121397346258163,-0.07948953658342361,0.9935175180435181,1,1657080,13800
1786083341,356636300,1,-240.24853515625,111.11711883544922,-444.56768798828125,,,,,,,,,,1657081,13800
1786083341,356636300,,,,,5,-1496.6361083984375,1031.5343017578125,-791.2184448242188,0.002926331013441086,-0.08131211251020432,-0.08014038950204849,0.9934571981430054,1,1657081,13800
1786083341,366140094,1,-241.274658203125,111.02860260009766,-444.7576904296875,,,,,,,,,,1657082,13800
1786083341,366140094,,,,,5,-1496.638671875,1031.501708984375,-791.2623901367188,0.003578773932531476,-0.08081177622079849,-0.079792819917202,0.9935237765312195,1,1657082,13800
1786083341,373732246,1,-241.3983154296875,111.6112060546875,-446.66925048828125,,,,,,,,,,1657083,13800
1786083341,373732246,,,,,5,-1496.6383056640625,1031.5404052734375,-791.2201538085938,0.0027578393928706646,-0.08140596747398376,-0.07990274578332901,0.9934690594673157,1,1657083,13800
1786083341,382205071,1,-241.4551239013672,112.43063354492188,-448.94775390625,,,,,,,,,,1657084,13800
1786083341,382205071,,,,,5,-1496.6851806640625,1031.5570068359375,-791.2973022460938,0.0029408088885247707,-0.08102969825267792,-0.07914397120475769,0.9935600757598877,1,1657084,13800
1786083341,390355097,1,-240.86740112304688,113.23095703125,-453.81549072265625,,,,,,,,,,1657085,13800
1786083341,390355097,,,,,5,-1496.669677734375,1031.5440673828125,-791.2235107421875,0.0023591944482177496,-0.08082117885351181,-0.07877795398235321,0.9936078190803528,1,1657085,13800
1786083341,398501540,1,-243.05288696289062,105.55763244628906,-462.7997741699219,,,,,,,,,,1657086,13800
1786083341,398501540,,,,,5,-1496.636962890625,1031.5257568359375,-791.2359008789062,0.0026160399429500103,-0.08106115460395813,-0.07838687300682068,0.9936185479164124,1,1657086,13800
1786083341,405533963,1,-242.0731658935547,112.12435150146484,-455.90118408203125,,,,,,,,,,1657087,13800
1786083341,405533963,,,,,5,-1496.6416015625,1031.4521484375,-791.2282104492188,0.0031299530528485775,-0.08109674602746964,-0.0806359276175499,0.9934340119361877,1,1657087,13800
1786083341,415337617,1,-242.57737731933594,111.3824462890625,-458.4581298828125,,,,,,,,,,1657088,13801
1786083341,415337617,,,,,5,-1496.6815185546875,1031.4892578125,-791.1896362304688,0.002631397917866707,-0.08143292367458344,-0.08091648668050766,0.9933851957321167,1,1657088,13801
1786083341,425023413,1,-243.10333251953125,115.97134399414062,-456.0845031738281,,,,,,,,,,1657089,13801
1786083341,425023413,,,,,5,-1496.6932373046875,1031.5428466796875,-791.2579345703125,0.0028623107355087996,-0.0811636820435524,-0.07968678325414658,0.9935060143470764,1,1657089,13801
1786083341,431965235,1,-243.1420135498047,115.23782348632812,-458.0408630371094,,,,,,,,,,1657090,13801
1786083341,431965235,,,,,5,-1496.64599609375,1031.5345458984375,-791.2446899414062,0.002612607553601265,-0.08109310269355774,-0.07892715930938721,0.9935731291770935,1,1657090,13801
1786083341,440398805,1,-243.04818725585938,113.83221435546875,-461.9206848144531,,,,,,,,,,1657091,13801
1786083341,440398805,,,,,5,-1496.666748046875,1031.51953125,-791.325927734375,0.0034367814660072327,-0.08093395829200745,-0.08003997057676315,0.9934945106506348,1,1657091,13801
1786083341,448554270,1,-243.18373107910156,114.52253723144531,-463.8807373046875,,,,,,,,,,1657092,13801
1786083341,448554270,,,,,5,-1496.6312255859375,1031.4906005859375,-791.275146484375,0.0034902228508144617,-0.08073083311319351,-0.07947670668363571,0.9935562014579773,1,1657092,13801
1786083341,455917168,1,-243.4119873046875,114.1479721069336,-466.4064636230469,,,,,,,,,,1657093,13801
1786083341,455917168,,,,,5,-1496.643798828125,1031.5013427734375,-791.2813110351562,0.003715489525347948,-0.08084031939506531,-0.08066214621067047,0.9934510588645935,1,1657093,13801
1786083341,465391914,1,-243.84619140625,113.506591796875,-469.28924560546875,,,,,,,,,,1657094,13801
1786083341,465391914,,,,,5,-1496.6669921875,1031.5552978515625,-791.2689819335938,0.0030107973143458366,-0.08084776997566223,-0.0792354941368103,0.9935674667358398,1,1657094,13801
1786083341,472997055,1,-244.1441192626953,113.91828155517578,-471.3356628417969,,,,,,,,,,1657095,13801
1786083341,472997055,,,,,5,-1496.6734619140625,1031.5439453125,-791.2607421875,0.0031789650674909353,-0.08094915002584457,-0.07972604781389236,0.9935194253921509,1,1657095,13801
1786083341,482227415,1,-244.52548217773438,113.85535430908203,-473.4832458496094,,,,,,,,,,1657096,13801
1786083341,482227415,,,,,5,-1496.6551513671875,1031.5008544921875,-791.2138671875,0.002821102272719145,-0.08125882595777512,-0.08057933300733566,0.9934262633323669,1,1657096,13801
1786083341,490501890,1,-244.7364044189453,114.49848937988281,-477.3350524902344,,,,,,,,,,1657097,13801
1786083341,490501890,,,,,5,-1496.6854248046875,1031.5213623046875,-791.3024291992188,0.003088194876909256,-0.08062727749347687,-0.07798723876476288,0.9936838150024414,1,1657097,13801
1786083341,498398860,1,-245.47438049316406,114.31314086914062,-478.0304260253906,,,,,,,,,,1657098,13801
1786083341,498398860,,,,,5,-1496.6844482421875,1031.485107421875,-791.1939697265625,0.0028183988761156797,-0.08097722381353378,-0.08033162355422974,0.9934695363044739,1,1657098,13801
1786083341,505743811,1,-245.8816680908203,113.59173583984375,-480.69921875,,,,,,,,,,1657099,13801
1786083341,505743811,,,,,5,-1496.626220703125,1031.4656982421875,-791.2896118164062,0.0030988820362836123,-0.0811174064874649,-0.07983924448490143,0.993496835231781,1,1657099,13801
1786083341,515165579,1,-246.25108337402344,115.09148406982422,-482.86285400390625,,,,,,,,,,1657100,13801
1786083341,515165579,,,,,5,-1496.6207275390625,1031.5003662109375,-791.267578125,0.0032554571516811848,-0.08111049979925156,-0.07961142063140869,0.993515133857727,1,1657100,13801
1786083341,523797723,1,-246.942138671875,112.88447570800781,-486.20599365234375,,,,,,,,,,1657101,13801
1786083341,523797723,,,,,5,-1496.640869140625,1031.49169921875,-791.2494506835938,0.0034793936647474766,-0.08067204058170319,-0.0800381600856781,0.9935158491134644,1,1657101,13801
1786083341,531899665,1,-246.86392211914062,113.000244140625,-488.4022216796875,,,,,,,,,,1657102,13801
1786083341,531899665,,,,,5,-1496.650390625,1031.4925537109375,-791.2343139648438,0.0031566196121275425,-0.08082778006792068,-0.07893717288970947,0.9935923218727112,1,1657102,13801
1786083341,539909119,1,-246.71676635742188,113.14868927001953,-490.01849365234375,,,,,,,,,,1657103,13801
1786083341,539909119,,,,,5,-1496.6351318359375,1031.509765625,-791.2459716796875,0.0033423802815377712,-0.08071701973676682,-0.07982112467288971,0.9935300946235657,1,1657103,13801
1786083341,549310732,1,-247.9330291748047,109.9216079711914,-493.2291259765625,,,,,,,,,,1657104,13801
1786083341,549310732,,,,,5,-1496.6768798828125,1031.5242919921875,-791.2929077148438,0.0028920473996549845,-0.08095191419124603,-0.0785883218050003,0.993610680103302,1,1657104,13801
1786083341,556664864,1,-247.324462890625,113.5759048461914,-494.17724609375,,,,,,,,,,1657105,13801
1786083341,556664864,,,,,5,-1496.6297607421875,1031.5125732421875,-791.2644653320312,0.003091304562985897,-0.08088529855012894,-0.07928192615509033,0.9935604333877563,1,1657105,13801
1786083341,566160309,1,-248.4571990966797,108.76839447021484,-497.5733947753906,,,,,,,,,,1657106,13801
1786083341,566160309,,,,,5,-1496.672607421875,1031.5037841796875,-791.1858520507812,0.003046262776479125,-0.08092067390680313,-0.0801815539598465,0.9934855103492737,1,1657106,13801
1786083341,573783909,1,-247.5755615234375,112.06796264648438,-497.7344970703125,,,,,,,,,,1657107,13801
1786083341,573783909,,,,,5,-1496.686767578125,1031.513916015625,-791.238525390625,0.003091406309977174,-0.08098768442869186,-0.07949157804250717,0.9935352802276611,1,1657107,13801
1786083341,581923634,1,-247.352783203125,111.55984497070312,-499.43389892578125,,,,,,,,,,1657108,13801
1786083341,581923634,,,,,5,-1496.6761474609375,1031.477783203125,-791.2387084960938,0.0028820934239774942,-0.08087506145238876,-0.07969637215137482,0.9935286641120911,1,1657108,13801
1786083341,589536421,1,-246.83106994628906,111.48611450195312,-501.915771484375,,,,,,,,,,1657109,13801
1786083341,589536421,,,,,5,-1496.617431640625,1031.56103515625,-791.2916870117188,0.002723195357248187,-0.08093216270208359,-0.0781911239027977,0.993644118309021,1,1657109,13801
1786083341,599325167,1,-245.75570678710938,110.89118194580078,-501.1583557128906,,,,,,,,,,1657110,13801
1786083341,599325167,,,,,5,-1496.64208984375,1031.4857177734375,-791.2496337890625,0.0035085708368569613,-0.0807066559791565,-0.080206960439682,0.9934992790222168,1,1657110,13801
1786083341,606887183,1,-245.4997100830078,107.92596435546875,-505.8821105957031,,,,,,,,,,1657111,13801
1786083341,606887183,,,,,5,-1496.65673828125,1031.5352783203125,-791.3031616210938,0.0026176238898187876,-0.08096949011087418,-0.07777798920869827,0.9936737418174744,1,1657111,13801
1786083341,614816018,1,-243.71226501464844,107.31697082519531,-506.9729919433594,,,,,,,,,,1657112,13801
1786083341,614816018,,,,,5,-1496.7230224609375,1031.4627685546875,-791.2466430664062,0.0026888763532042503,-0.081051766872406,-0.07880784571170807,0.9935857653617859,1,1657112,13801
1786083341,623585055,1,-241.13790893554688,105.53636169433594,-511.9816589355469,,,,,,,,,,1657113,13801
1786083341,623585055,,,,,5,-1496.6507568359375,1031.4508056640625,-791.2683715820312,0.0031510600820183754,-0.08082278817892075,-0.07911936938762665,0.9935782551765442,1,1657113,13801
1786083341,632125286,1,-238.67242431640625,107.39534759521484,-510.7471618652344,,,,,,,,,,1657114,13801
1786083341,632125286,,,,,5,-1496.6224365234375,1031.4656982421875,-791.2236938476562,0.003094692947342992,-0.08110527694225311,-0.07892349362373352,0.9935710430145264,1,1657114,13801
1786083341,639292938,1,-234.09278869628906,111.86775207519531,-514.5029907226562,,,,,,,,,,1657115,13801
1786083341,639292938,,,,,5,-1496.6083984375,1031.559814453125,-791.2738647460938,0.0029228180646896362,-0.0810660719871521,-0.0790683925151825,0.993563175201416,1,1657115,13801
1786083341,648506694,1,-231.28355407714844,102.52333068847656,-521.1748046875,,,,,,,,,,1657116,13801
1786083341,648506694,,,,,5,-1496.6185302734375,1031.5072021484375,-791.2713012695312,0.0035324441269040108,-0.08048631995916367,-0.07867474108934402,0.9936396479606628,1,1657116,13801
1786083341,656556490,1,-225.54835510253906,110.62067413330078,-519.1448974609375,,,,,,,,,,1657117,13801
1786083341,656556490,,,,,5,-1496.647216796875,1031.471923828125,-791.2744140625,0.003656377550214529,-0.08069630712270737,-0.07931768149137497,0.9935709238052368,1,1657117,13801
1786083341,665358927,1,-220.39244079589844,109.70345306396484,-522.40234375,,,,,,,,,,1657118,13801
1786083341,665358927,,,,,5,-1496.6497802734375,1031.484130859375,-791.259521484375,0.003677648026496172,-0.08087360113859177,-0.08003377914428711,0.9934991002082825,1,1657118,13801
1786083341,674158772,1,-214.49327087402344,108.41674041748047,-525.7229614257812,,,,,,,,,,1657119,13801
1786083341,674158772,,,,,5,-1496.668701171875,1031.5035400390625,-791.212890625,0.0033894211519509554,-0.08094970881938934,-0.08003503829240799,0.9934938549995422,1,1657119,13801
1786083341,681820730,1,-326.7663269042969,81.04666900634766,-524.637451171875,,,,,,,,,,1657120,13801
1786083341,681820730,,,,,5,-1496.611083984375,1031.4613037109375,-791.2813110351562,0.0033622642513364553,-0.08102456480264664,-0.08010032773017883,0.9934825301170349,1,1657120,13801
1786083341,689425935,,,,,5,-1496.631103515625,1031.4862060546875,-791.2371215820312,0.0034961120691150427,-0.08089525252580643,-0.07978250831365585,0.9935181736946106,1,1657121,13801
1786083341,698576859,1,-192.749755859375,107.76606750488281,-534.2503051757812,,,,,,,,,,1657122,13801
1786083341,698576859,,,,,5,-1496.64697265625,1031.5478515625,-791.3187866210938,0.0034470499958842993,-0.08085300773382187,-0.07938402891159058,0.9935538172721863,1,1657122,13801
1786083341,706190670,1,-185.15220642089844,111.10922241210938,-528.4545288085938,,,,,,,,,,1657123,13801
1786083341,706190670,,,,,5,-1496.6439208984375,1031.54345703125,-791.247802734375,0.003352751722559333,-0.08064939826726913,-0.07946445047855377,0.9935641288757324,1,1657123,13801
1786083341,715249074,1,-177.39105224609375,112.93433380126953,-527.9279174804688,,,,,,,,,,1657124,13801
1786083341,715249074,,,,,5,-1496.6898193359375,1031.5489501953125,-791.2982788085938,0.00287972972728312,-0.0809217318892479,-0.07896961271762848,0.9935830235481262,1,1657124,13801
1786083341,723542200,1,-168.90660095214844,110.40022277832031,-534.9251098632812,,,,,,,,,,1657125,13801
1786083341,723542200,,,,,5,-1496.62548828125,1031.4912109375,-791.26806640625,0.0035883120726794004,-0.08066339790821075,-0.07976234704256058,0.9935383200645447,1,1657125,13801
1786083341,730997554,1,-160.4674072265625,112.1965103149414,-534.2059936523438,,,,,,,,,,1657126,13801
1786083341,730997554,,,,,5,-1496.6470947265625,1031.44482421875,-791.1741333007812,0.0025726137682795525,-0.0812315046787262,-0.07954519242048264,0.9935126304626465,1,1657126,13801
1786083341,740226283,1,-153.45790100097656,109.22974395751953,-534.9553833007812,,,,,,,,,,1657127,13801
1786083341,740226283,,,,,5,-1496.68603515625,1031.4893798828125,-791.2135620117188,0.003093501552939415,-0.08086780458688736,-0.07963906973600388,0.9935333132743835,1,1657127,13801
1786083341,748315397,1,-143.96644592285156,110.72943115234375,-533.2600708007812,,,,,,,,,,1657128,13801
1786083341,748315397,,,,,5,-1496.6695556640625,1031.461181640625,-791.209716796875,0.003253451082855463,-0.08070877939462662,-0.08038998395204544,0.9934852123260498,1,1657128,13801
1786083341,755882819,1,-136.2178955078125,112.49446105957031,-533.8509521484375,,,,,,,,,,1657129,13801
1786083341,755882819,,,,,5,-1496.6541748046875,1031.539306640625,-791.2916870117188,0.003724156180396676,-0.0805450975894928,-0.07982651889324188,0.9935422539710999,1,1657129,13801
1786083341,765199365,1,-127.36967468261719,110.39972686767578,-533.9509887695312,,,,,,,,,,1657130,13801
1786083341,765199365,,,,,5,-1496.635986328125,1031.4820556640625,-791.2569580078125,0.0033366051502525806,-0.08095793426036835,-0.0798034518957138,0.9935120344161987,1,1657130,13801
1786083341,773077653,1,-118.29399871826172,106.49806213378906,-535.8037719726562,,,,,,,,,,1657131,13801
1786083341,773077653,,,,,5,-1496.68505859375,1031.510498046875,-791.2216796875,0.0029817852191627026,-0.08095097541809082,-0.07913951575756073,0.9935668706893921,1,1657131,13801
1786083341,781975713,1,-109.81825256347656,107.82140350341797,-535.2833251953125,,,,,,,,,,1657132,13801
1786083341,781975713,,,,,5,-1496.68310546875,1031.5516357421875,-791.2182006835938,0.0032667585182935,-0.08095178753137589,-0.0796193853020668,0.9935274720191956,1,1657132,13801
1786083341,790068602,1,-100.43724822998047,107.28360748291016,-536.1851806640625,,,,,,,,,,1657133,13801
1786083341,790068602,,,,,5,-1496.641357421875,1031.4693603515625,-791.2880249023438,0.002963766222819686,-0.0809410959482193,-0.07840490341186523,0.993625819683075,1,1657133,13801
1786083341,798501820,1,-89.99595642089844,108.23860168457031,-536.5476684570312,,,,,,,,,,1657134,13801
1786083341,798501820,,,,,5,-1496.6767578125,1031.5,-791.228515625,0.0029647492337971926,-0.08083503693342209,-0.0777672529220581,0.9936846494674683,1,1657134,13801
1786083341,805928287,1,-80.85191345214844,107.84020233154297,-535.7015991210938,,,,,,,,,,1657135,13801
1786083341,805928287,,,,,5,-1496.6854248046875,1031.489990234375,-791.21923828125,0.0028032390400767326,-0.08089268207550049,-0.07985731959342957,0.9935145378112793,1,1657135,13801
1786083341,819216336,1,-68.65719604492188,103.13182067871094,-537.6946411132812,,,,,,,,,,1657136,13801
1786083341,819216336,,,,,5,-1496.6435546875,1031.5257568359375,-791.2451782226562,0.0029951888136565685,-0.08086419850587845,-0.08002783358097076,0.9935027360916138,1,1657136,13801
1786083341,822750959,1,-59.146244049072266,106.79000854492188,-537.3822631835938,,,,,,,,,,1657137,13801
1786083341,822750959,,,,,5,-1496.6676025390625,1031.5435791015625,-791.2465209960938,0.0031459499150514603,-0.08058805763721466,-0.07900429517030716,0.9936065077781677,1,1657137,13801
1786083341,831895133,1,-50.86524200439453,105.54256439208984,-536.021240234375,,,,,,,,,,1657138,13801
1786083341,831895133,,,,,5,-1496.6513671875,1031.4954833984375,-791.22216796875,0.003042677417397499,-0.08091113716363907,-0.07903255522251129,0.9935783743858337,1,1657138,13801
1786083341,840038281,1,-39.87915802001953,106.3288803100586,-536.464111328125,,,,,,,,,,1657139,13801
1786083341,840038281,,,,,5,-1496.6419677734375,1031.4873046875,-791.330322265625,0.002816725056618452,-0.0809427797794342,-0.0783848911523819,0.9936277270317078,1,1657139,13801
1786083341,848259745,1,-29.299135208129883,105.968017578125,-536.2947387695312,,,,,,,,,,1657140,13801
1786083341,848259745,,,,,5,-1496.6463623046875,1031.5032958984375,-791.2885131835938,0.0031953169964253902,-0.08093080669641495,-0.07977648079395294,0.993516743183136,1,1657140,13801
1786083341,855788105,1,-19.57514762878418,105.46803283691406,-536.4998779296875,,,,,,,,,,1657141,13801
1786083341,855788105,,,,,5,-1496.6492919921875,1031.4871826171875,-791.290771484375,0.003372651757672429,-0.0808987021446228,-0.08023550361394882,0.9934819340705872,1,1657141,13801
1786083341,865280095,1,-10.51109790802002,106.02603149414062,-536.8048095703125,,,,,,,,,,1657142,13801
1786083341,865280095,,,,,5,-1496.631591796875,1031.4866943359375,-791.2119140625,0.00273633049800992,-0.08099409937858582,-0.078700952231884,0.9935987591743469,1,1657142,13801
1786083341,872583776,1,-0.9032755494117737,106.54043579101562,-536.1318359375,,,,,,,,,,1657143,13801
1786083341,872583776,,,,,5,-1496.6673583984375,1031.4893798828125,-791.2262573242188,0.0028712605126202106,-0.08107993006706238,-0.08042210340499878,0.9934536218643188,1,1657143,13801
1786083341,881916382,1,7.974600315093994,106.91422271728516,-536.9827270507812,,,,,,,,,,1657144,13801
1786083341,881916382,,,,,5,-1496.716064453125,1031.531494140625,-791.2756958007812,0.0029011471197009087,-0.0808643102645874,-0.07916370034217834,0.9935721158981323,1,1657144,13801
1786083341,889615003,1,19.153213500976562,108.61331176757812,-537.2604370117188,,,,,,,,,,1657145,13801
1786083341,889615003,,,,,5,-1496.6776123046875,1031.5169677734375,-791.2523193359375,0.003112582955509424,-0.08077327907085419,-0.07947287708520889,0.9935542345046997,1,1657145,13801
1786083341,898812764,1,28.36397361755371,108.50193786621094,-537.2618408203125,,,,,,,,,,1657146,13801
1786083341,898812764,,,,,5,-1496.6673583984375,1031.418701171875,-791.1963500976562,0.0032749073579907417,-0.08065542578697205,-0.08050812035799026,0.99347984790802,1,1657146,13801
1786083341,906626011,1,41.0698127746582,109.50619506835938,-538.2581176757812,,,,,,,,,,1657147,13801
1786083341,906626011,,,,,5,-1496.6380615234375,1031.4910888671875,-791.19921875,0.0028287614695727825,-0.08116098493337631,-0.07833947986364365,0.9936134815216064,1,1657147,13801
1786083341,915204537,1,49.046775817871094,109.153076171875,-536.8143310546875,,,,,,,,,,1657148,13801
1786083341,915204537,,,,,5,-1496.66552734375,1031.4754638671875,-791.2638549804688,0.0032461530063301325,-0.08064980804920197,-0.07963033765554428,0.9935513138771057,1,1657148,13801
1786083341,922375484,1,58.58575439453125,107.2550277709961,-537.544921875,,,,,,,,,,1657149,13801
1786083341,922375484,,,,,5,-1496.664794921875,1031.5311279296875,-791.2203979492188,0.003246609354391694,-0.08078989386558533,-0.07986771315336227,0.9935207962989807,1,1657149,13801
1786083341,931800579,1,70.23839569091797,108.5054702758789,-538.7684936523438,,,,,,,,,,1657150,13801
1786083341,931800579,,,,,5,-1496.657470703125,1031.4814453125,-791.2811279296875,0.003447219729423523,-0.08073690533638,-0.0792834609746933,0.9935712814331055,1,1657150,13801
1786083341,938959881,1,79.79332733154297,108.65482330322266,-538.5592041015625,,,,,,,,,,1657151,13801
1786083341,938959881,,,,,5,-1496.5926513671875,1031.4647216796875,-791.2299194335938,0.0036836322396993637,-0.08114226907491684,-0.08152642101049423,0.9933558702468872,1,1657151,13801
1786083341,948481847,1,89.42377471923828,108.06486511230469,-539.4259033203125,,,,,,,,,,1657152,13801
1786083341,948481847,,,,,5,-1496.6444091796875,1031.4537353515625,-791.2321166992188,0.003233358496800065,-0.08125310391187668,-0.07982324808835983,0.9934865832328796,1,1657152,13801
1786083341,957247749,1,101.1370620727539,110.2562026977539,-539.71142578125,,,,,,,,,,1657153,13801
1786083341,957247749,,,,,5,-1496.6685791015625,1031.5230712890625,-791.23583984375,0.0031175417825579643,-0.08082488924264908,-0.07961224764585495,0.9935389161109924,1,1657153,13801
1786083341,964506545,1,110.41986083984375,108.88446044921875,-539.54296875,,,,,,,,,,1657154,13801
1786083341,964506545,,,,,5,-1496.6787109375,1031.47705078125,-791.1735229492188,0.0029025559779256582,-0.08073200285434723,-0.07967407256364822,0.9935421347618103,1,1657154,13801
1786083341,973496838,1,120.52114868164062,107.89836883544922,-540.1478881835938,,,,,,,,,,1657155,13801
1786083341,973496838,,,,,5,-1496.6370849609375,1031.466796875,-791.2504272460938,0.00336712715215981,-0.08051560074090958,-0.07900445908308029,0.9936116933822632,1,1657155,13801
1786083341,981740441,1,130.96600341796875,106.04349517822266,-541.5150756835938,,,,,,,,,,1657156,13801
1786083341,981740441,,,,,5,-1496.7032470703125,1031.499267578125,-791.203369140625,0.0031620298977941275,-0.08086851239204407,-0.08077102154493332,0.9934417009353638,1,1657156,13801
1786083341,989213359,1,140.4217529296875,106.734375,-540.45263671875,,,,,,,,,,1657157,13801
1786083341,989213359,,,,,5,-1496.6810302734375,1031.4752197265625,-791.1980590820312,0.0027112315874546766,-0.08102564513683319,-0.08008327335119247,0.9934858083724976,1,1657157,13801
1786083341,998251064,1,149.37094116210938,107.84319305419922,-540.0038452148438,,,,,,,,,,1657158,13801
1786083341,998251064,,,,,5,-1496.6458740234375,1031.5186767578125,-791.2386474609375,0.0033221973571926355,-0.08072150498628616,-0.07940834760665894,0.9935629367828369,1,1657158,13801
1786083342,6293438,1,161.89112854003906,108.02780151367188,-541.7539672851562,,,,,,,,,,1657159,13801
1786083342,6293438,,,,,5,-1496.6688232421875,1031.5242919921875,-791.2095947265625,0.00341570726595819,-0.08088912069797516,-0.080330491065979,0.9934748411178589,1,1657159,13801
1786083342,16101931,1,169.21713256835938,109.80423736572266,-540.779052734375,,,,,,,,,,1657160,13801
1786083342,16101931,,,,,5,-1496.641845703125,1031.5084228515625,-791.2530517578125,0.0029170934576541185,-0.0806279182434082,-0.07903745770454407,0.9936015009880066,1,1657160,13801
1786083342,23387191,1,178.00308227539062,108.07755279541016,-540.171875,,,,,,,,,,1657161,13801
1786083342,23387191,,,,,5,-1496.61279296875,1031.464111328125,-791.226318359375,0.0033616579603403807,-0.08104774355888367,-0.08019183576107025,0.99347323179245,1,1657161,13801
1786083342,31485909,1,187.31063842773438,107.53589630126953,-540.0137329101562,,,,,,,,,,1657162,13801
1786083342,31485909,,,,,5,-1496.6209716796875,1031.496337890625,-791.2442626953125,0.003405592404305935,-0.08095953613519669,-0.08019673079252243,0.9934799671173096,1,1657162,13801
1786083342,40683581,1,199.75430297851562,109.42679595947266,-540.9860229492188,,,,,,,,,,1657163,13801
1786083342,40683581,,,,,5,-1496.630615234375,1031.4642333984375,-791.2262573242188,0.0031496668234467506,-0.08092010766267776,-0.0807352066040039,0.9934404492378235,1,1657163,13801
1786083342,48082892,1,210.3377685546875,110.1357650756836,-540.2968139648438,,,,,,,,,,1657164,13801
1786083342,48082892,,,,,5,-1496.654296875,1031.514892578125,-791.2183837890625,0.003352763829752803,-0.08071382343769073,-0.07988099753856659,0.9935256242752075,1,1657164,13801
1786083342,56947816,1,217.3913116455078,106.35198211669922,-540.1704711914062,,,,,,,,,,1657165,13801
1786083342,56947816,,,,,5,-1496.6431884765625,1031.5179443359375,-791.2142944335938,0.003246705513447523,-0.08097407966852188,-0.08033673465251923,0.9934679865837097,1,1657165,13801
1786083342,65398029,1,226.09971618652344,105.7666244506836,-540.5333251953125,,,,,,,,,,1657166,13801
1786083342,65398029,,,,,5,-1496.634521484375,1031.5042724609375,-791.1702270507812,0.0027296170592308044,-0.08129975199699402,-0.07947647571563721,0.9935121536254883,1,1657166,13801
1786083342,73404482,1,238.67587280273438,105.38911437988281,-542.3456420898438,,,,,,,,,,1657167,13801
1786083342,73404482,,,,,5,-1496.6951904296875,1031.45068359375,-791.19091796875,0.002908170223236084,-0.08080007880926132,-0.08005255460739136,0.9935060739517212,1,1657167,13801
1786083342,81154073,1,246.25428771972656,106.5160903930664,-541.3170166015625,,,,,,,,,,1657168,13801
1786083342,81154073,,,,,5,-1496.693603515625,1031.5626220703125,-791.2653198242188,0.0030485375318676233,-0.0809452012181282,-0.07969238609075546,0.9935228824615479,1,1657168,13801
1786083342,90612670,1,257.0310363769531,107.63874816894531,-543.0953369140625,,,,,,,,,,1657169,13801
1786083342,90612670,,,,,5,-1496.633056640625,1031.4466552734375,-791.2445068359375,0.003521297825500369,-0.08099246770143509,-0.08126597851514816,0.9933899641036987,1,1657169,13801
1786083342,98551077,1,265.3704528808594,106.818359375,-543.3139038085938,,,,,,,,,,1657170,13801
1786083342,98551077,,,,,5,-1496.5888671875,1031.496337890625,-791.2301025390625,0.0028481606859713793,-0.08121702820062637,-0.07893572002649307,0.9935616254806519,1,1657170,13801
1786083342,106943417,1,275.44793701171875,106.47804260253906,-542.9241943359375,,,,,,,,,,1657171,13801
1786083342,106943417,,,,,5,-1496.6322021484375,1031.4365234375,-791.2337036132812,0.003174668876454234,-0.08105317503213882,-0.08068707585334778,0.9934333562850952,1,1657171,13801
1786083342,115393246,1,283.3565979003906,105.80278015136719,-541.869384765625,,,,,,,,,,1657172,13801
1786083342,115393246,,,,,5,-1496.674072265625,1031.5091552734375,-791.2110595703125,0.0031060653273016214,-0.08086951076984406,-0.08072881400585175,0.9934452176094055,1,1657172,13801
1786083342,123376889,1,293.94873046875,104.71731567382812,-542.5504760742188,,,,,,,,,,1657173,13801
1786083342,123376889,,,,,5,-1496.609619140625,1031.4754638671875,-791.19384765625,0.0026466234121471643,-0.08114409446716309,-0.07866781204938889,0.9935895204544067,1,1657173,13801
1786083342,131205339,1,304.6460266113281,104.50118255615234,-543.60009765625,,,,,,,,,,1657174,13801
1786083342,131205339,,,,,5,-1496.6510009765625,1031.5255126953125,-791.2177734375,0.002886441769078374,-0.08074117451906204,-0.07882745563983917,0.9936089515686035,1,1657174,13801
1786083342,140257448,1,312.77508544921875,105.39507293701172,-543.3069458007812,,,,,,,,,,1657175,13801
1786083342,140257448,,,,,5,-1496.6201171875,1031.51025390625,-791.2288208007812,0.0029936470091342926,-0.08128893375396729,-0.08005916327238083,0.9934654235839844,1,1657175,13801
1786083342,149606089,1,322.6506042480469,106.40850067138672,-543.4639282226562,,,,,,,,,,1657176,13801
1786083342,149606089,,,,,5,-1496.653564453125,1031.523681640625,-791.262451171875,0.00374937173910439,-0.08093807101249695,-0.08100241422653198,0.9934151768684387,1,1657176,13801
1786083342,156880856,1,331.72802734375,106.74201202392578,-543.5302734375,,,,,,,,,,1657177,13801
1786083342,156880856,,,,,5,-1496.604736328125,1031.5172119140625,-791.1895751953125,0.002622934291139245,-0.08119674026966095,-0.07850024104118347,0.9935983419418335,1,1657177,13801
1786083342,166082782,1,341.3691711425781,106.61116027832031,-543.6925048828125,,,,,,,,,,1657178,13801
1786083342,166082782,,,,,5,-1496.6600341796875,1031.529052734375,-791.2428588867188,0.002911410992965102,-0.08090490102767944,-0.0794726237654686,0.9935441017150879,1,1657178,13801
1786083342,172934360,1,349.6817321777344,107.16426849365234,-542.8064575195312,,,,,,,,,,1657179,13801
1786083342,172934360,,,,,5,-1496.6632080078125,1031.5140380859375,-791.2145385742188,0.0020492710173130035,-0.0810689628124237,-0.07789121568202972,0.9936581254005432,1,1657179,13801
1786083342,181983174,1,359.2523193359375,104.90462493896484,-545.5887451171875,,,,,,,,,,1657180,13801
1786083342,181983174,,,,,5,-1496.6590576171875,1031.481689453125,-791.1810913085938,0.002642522333189845,-0.08106020838022232,-0.07862682640552521,0.9935995936393738,1,1657180,13801
1786083342,189861083,1,367.8681640625,107.09173583984375,-545.0962524414062,,,,,,,,,,1657181,13801
1786083342,189861083,,,,,5,-1496.667724609375,1031.447021484375,-791.2205810546875,0.002980149583891034,-0.08069946616888046,-0.08002958446741104,0.9935159683227539,1,1657181,13801
1786083342,199057763,1,376.72210693359375,107.65959167480469,-545.4900512695312,,,,,,,,,,1657182,13801
1786083342,199057763,,,,,5,-1496.6429443359375,1031.57763671875,-791.2608032226562,0.0026394494343549013,-0.08127490431070328,-0.07900034636259079,0.9935523271560669,1,1657182,13801
1786083342,206882887,1,385.5450744628906,108.46366882324219,-545.4951171875,,,,,,,,,,1657183,13801
1786083342,206882887,,,,,5,-1496.62890625,1031.5113525390625,-791.264404296875,0.00357607938349247,-0.0811552181839943,-0.08114814758300781,0.9933862090110779,1,1657183,13801
1786083342,214979845,1,391.4499816894531,106.93739318847656,-544.424560546875,,,,,,,,,,1657184,13801
1786083342,214979845,,,,,5,-1496.651611328125,1031.4935302734375,-791.2028198242188,0.002822602866217494,-0.08145555853843689,-0.07974135130643845,0.9934779405593872,1,1657184,13801
1786083342,222418282,1,402.95166015625,108.64125061035156,-544.2378540039062,,,,,,,,,,1657185,13801
1786083342,222418282,,,,,5,-1496.6697998046875,1031.525634765625,-791.27685546875,0.003706508781760931,-0.0809641182422638,-0.08100350946187973,0.9934130311012268,1,1657185,13801
1786083342,231744625,1,411.4341125488281,107.46253204345703,-544.1823120117188,,,,,,,,,,1657186,13801
1786083342,231744625,,,,,5,-1496.651611328125,1031.4920654296875,-791.2557983398438,0.0035950501915067434,-0.08117981255054474,-0.08098354935646057,0.9933975338935852,1,1657186,13801
1786083342,240020994,1,424.9521789550781,107.77043914794922,-546.476318359375,,,,,,,,,,1657187,13801
1786083342,240020994,,,,,5,-1496.7066650390625,1031.478759765625,-791.2069702148438,0.00277956435456872,-0.08103808015584946,-0.07999028265476227,0.993492066860199,1,1657187,13801
1786083342,247420113,1,431.39056396484375,104.87185668945312,-545.2542724609375,,,,,,,,,,1657188,13801
1786083342,247420113,,,,,5,-1496.6773681640625,1031.5157470703125,-791.2855224609375,0.0036540101282298565,-0.08066737651824951,-0.08043175935745239,0.99348384141922,1,1657188,13801
1786083342,256458498,1,438.05419921875,105.11677551269531,-543.6723022460938,,,,,,,,,,1657189,13801
1786083342,256458498,,,,,5,-1496.60693359375,1031.4818115234375,-791.2667236328125,0.0035283896140754223,-0.08111199736595154,-0.08001311123371124,0.9934818744659424,1,1657189,13801
1786083342,265322526,1,448.1520080566406,103.74459075927734,-546.686279296875,,,,,,,,,,1657190,13801
1786083342,265322526,,,,,5,-1496.6287841796875,1031.4871826171875,-791.2762451171875,0.003332768101245165,-0.08124163746833801,-0.08046130836009979,0.9934357404708862,1,1657190,13801
1786083342,273933562,1,457.3168640136719,103.88435363769531,-546.3590087890625,,,,,,,,,,1657191,13801
1786083342,273933562,,,,,5,-1496.6412353515625,1031.5260009765625,-791.2706298828125,0.0036254776641726494,-0.0807342454791069,-0.08034210652112961,0.993485689163208,1,1657191,13801
1786083342,281610339,1,464.17919921875,105.94457244873047,-545.8939819335938,,,,,,,,,,1657192,13801
1786083342,281610339,,,,,5,-1496.6278076171875,1031.49560546875,-791.27197265625,0.0033522958401590586,-0.08108020573854446,-0.08016570657491684,0.9934727549552917,1,1657192,13801
1786083342,290270451,1,474.36517333984375,103.5352554321289,-547.0352172851562,,,,,,,,,,1657193,13801
1786083342,290270451,,,,,5,-1496.6468505859375,1031.5074462890625,-791.2805786132812,0.003338932991027832,-0.08071993291378021,-0.07918138802051544,0.9935811161994934,1,1657193,13801
1786083342,298287269,1,489.224853515625,105.96197509765625,-547.8120727539062,,,,,,,,,,1657194,13801
1786083342,298287269,,,,,5,-1496.630859375,1031.4852294921875,-791.28125,0.0033982177264988422,-0.08107940107584,-0.0798480436205864,0.9934982657432556,1,1657194,13801
1786083342,306588080,1,497.2777099609375,104.6110610961914,-547.7445068359375,,,,,,,,,,1657195,13801
1786083342,306588080,,,,,5,-1496.6517333984375,1031.4949951171875,-791.2681884765625,0.003761094296351075,-0.08076808601617813,-0.08026495575904846,0.9934887886047363,1,1657195,13801
1786083342,314222404,1,506.0711364746094,104.4017105102539,-547.9564819335938,,,,,,,,,,1657196,13801
1786083342,314222404,,,,,5,-1496.6065673828125,1031.46826171875,-791.245361328125,0.003090651473030448,-0.08118177950382233,-0.0796302780508995,0.9935083985328674,1,1657196,13801
1786083342,323100732,1,514.7294311523438,103.5304946899414,-548.3574829101562,,,,,,,,,,1657197,13801
1786083342,323100732,,,,,5,-1496.7154541015625,1031.4642333984375,-791.2597045898438,0.0031467308290302753,-0.08104841411113739,-0.08086534589529037,0.9934192895889282,1,1657197,13801
1786083342,331607315,1,522.426025390625,105.280029296875,-548.1177978515625,,,,,,,,,,1657198,13801
1786083342,331607315,,,,,5,-1496.6385498046875,1031.4510498046875,-791.20458984375,0.0025348218623548746,-0.08115823566913605,-0.07830014824867249,0.993617594242096,1,1657198,13801
1786083342,339652798,1,532.9300537109375,104.05935668945312,-548.662353515625,,,,,,,,,,1657199,13801
1786083342,339652798,,,,,5,-1496.6314697265625,1031.4219970703125,-791.2041015625,0.0030187799129635096,-0.08127283304929733,-0.08142474293708801,0.9933556914329529,1,1657199,13801
1786083342,349296533,1,536.1402587890625,101.49395751953125,-548.403076171875,,,,,,,,,,1657200,13801
1786083342,349296533,,,,,5,-1496.648193359375,1031.483642578125,-791.269287109375,0.0034900465980172157,-0.08080712705850601,-0.07899469137191772,0.993588387966156,1,1657200,13801
1786083342,356289259,1,542.8040161132812,99.2022705078125,-548.262939453125,,,,,,,,,,1657201,13801
1786083342,356289259,,,,,5,-1496.6383056640625,1031.49951171875,-791.19921875,0.002744325203821063,-0.08123824000358582,-0.0789351612329483,0.9935603141784668,1,1657201,13801
1786083342,365108499,1,562.6321411132812,102.69913482666016,-550.8658447265625,,,,,,,,,,1657202,13801
1786083342,365108499,,,,,5,-1496.5897216796875,1031.5045166015625,-791.2384033203125,0.0027656445745378733,-0.08138415962457657,-0.07893924415111542,0.9935479164123535,1,1657202,13801
1786083342,373403167,1,568.7738647460938,104.63256072998047,-550.1229248046875,,,,,,,,,,1657203,13801
1786083342,373403167,,,,,5,-1496.6575927734375,1031.5078125,-791.207275390625,0.002844682428985834,-0.08143486827611923,-0.08088140934705734,0.9933873414993286,1,1657203,13801
1786083342,381355810,1,573.2302856445312,104.50121307373047,-549.5646362304688,,,,,,,,,,1657204,13801
1786083342,381355810,,,,,5,-1496.6571044921875,1031.4798583984375,-791.2786865234375,0.003508233930915594,-0.08109745383262634,-0.0806451290845871,0.9934320449829102,1,1657204,13801
1786083342,390170347,1,585.3573608398438,104.44384765625,-550.0531005859375,,,,,,,,,,1657205,13801
1786083342,390170347,,,,,5,-1496.6488037109375,1031.4573974609375,-791.24169921875,0.003145040711387992,-0.08080796897411346,-0.07985936850309372,0.9935203790664673,1,1657205,13801
1786083342,398193724,,,,,5,-1496.6578369140625,1031.535400390625,-791.1814575195312,0.0030025318264961243,-0.08142392337322235,-0.08025889098644257,0.9934383034706116,1,1657206,13801
1786083342,405833294,,,,,5,-1496.6678466796875,1031.5345458984375,-791.2116088867188,0.0027116299606859684,-0.08125316351652145,-0.07917563617229462,0.9935399889945984,1,1657207,13801
1786083342,414991264,,,,,5,-1496.6654052734375,1031.4803466796875,-791.2553100585938,0.0035542973782867193,-0.0808526799082756,-0.08026275783777237,0.9934828281402588,1,1657208,13802
1786083342,422999701,1,619.071533203125,105.07599639892578,-551.6719970703125,,,,,,,,,,1657209,13802
1786083342,422999701,,,,,5,-1496.617431640625,1031.4912109375,-791.2190551757812,0.0025199863594025373,-0.0811876505613327,-0.0789051353931427,0.9935672879219055,1,1657209,13802
1786083342,431883052,1,625.5405883789062,108.86184692382812,-553.27880859375,,,,,,,,,,1657210,13802
1786083342,431883052,,,,,5,-1496.6641845703125,1031.440673828125,-791.2310791015625,0.0030970328953117132,-0.08102051168680191,-0.08099023997783661,0.993411660194397,1,1657210,13802
1786083342,439921049,1,631.73828125,109.77894592285156,-555.2698974609375,,,,,,,,,,1657211,13802
1786083342,439921049,,,,,5,-1496.669677734375,1031.4716796875,-791.2364501953125,0.0035021950025111437,-0.08086327463388443,-0.080427385866642,0.9934688210487366,1,1657211,13802
1786083342,448315181,1,636.4633178710938,108.10971069335938,-557.4237670898438,,,,,,,,,,1657212,13802
1786083342,448315181,,,,,5,-1496.635986328125,1031.4705810546875,-791.2195434570312,0.0033154902048408985,-0.08077999204397202,-0.08057323098182678,0.9934644103050232,1,1657212,13802
1786083342,455586172,1,641.75146484375,109.38218688964844,-559.7127075195312,,,,,,,,,,1657213,13802
1786083342,455586172,,,,,5,-1496.6826171875,1031.5494384765625,-791.2103271484375,0.0030272058211266994,-0.08110173791646957,-0.08053671568632126,0.9934419989585876,1,1657213,13802
1786083342,465040163,1,647.0072021484375,108.32495880126953,-562.70263671875,,,,,,,,,,1657214,13802
1786083342,465040163,,,,,5,-1496.6690673828125,1031.4930419921875,-791.187744140625,0.0024620909243822098,-0.08108504861593246,-0.08023570477962494,0.9934692978858948,1,1657214,13802
1786083342,472186258,1,653.0918579101562,105.42958068847656,-564.8384399414062,,,,,,,,,,1657215,13802
1786083342,472186258,,,,,5,-1496.641845703125,1031.4632568359375,-791.13037109375,0.002695955103263259,-0.08125603944063187,-0.08017697930335999,0.9934595227241516,1,1657215,13802
1786083342,481724803,1,656.2709350585938,106.5199203491211,-566.718017578125,,,,,,,,,,1657216,13802
1786083342,481724803,,,,,5,-1496.5887451171875,1031.4647216796875,-791.2203979492188,0.0032980763353407383,-0.08110549300909042,-0.08045239746570587,0.9934477210044861,1,1657216,13802
1786083342,490008819,1,666.7323608398438,103.02454376220703,-569.20361328125,,,,,,,,,,1657217,13802
1786083342,490008819,,,,,5,-1496.624267578125,1031.4862060546875,-791.1669921875,0.0029773423448204994,-0.08124449104070663,-0.08038888871669769,0.9934424757957458,1,1657217,13802
1786083342,497593587,1,668.8588256835938,105.16663360595703,-572.4971923828125,,,,,,,,,,1657218,13802
1786083342,497593587,,,,,5,-1496.659423828125,1031.4305419921875,-791.1796264648438,0.003424139926210046,-0.08115492016077042,-0.08137214928865433,0.9933682680130005,1,1657218,13802
1786083342,506906301,1,671.1982421875,107.81660461425781,-574.3106079101562,,,,,,,,,,1657219,13802
1786083342,506906301,,,,,5,-1496.668212890625,1031.4971923828125,-791.1893920898438,0.0027151063550263643,-0.08130554109811783,-0.0793842002749443,0.9935190081596375,1,1657219,13802
1786083342,514906292,1,679.1819458007812,105.23208618164062,-577.66943359375,,,,,,,,,,1657220,13802
1786083342,514906292,,,,,5,-1496.658447265625,1031.4996337890625,-791.2056884765625,0.002573692472651601,-0.08117129653692245,-0.07920444011688232,0.9935446977615356,1,1657220,13802
1786083342,522452990,1,679.4182739257812,108.07365417480469,-578.65576171875,,,,,,,,,,1657221,13802
1786083342,522452990,,,,,5,-1496.666015625,1031.5296630859375,-791.206298828125,0.0029963573906570673,-0.08091966062784195,-0.07942919433116913,0.9935461282730103,1,1657221,13802
1786083342,531718325,1,684.2437744140625,107.24479675292969,-581.6549682617188,,,,,,,,,,1657222,13802
1786083342,531718325,,,,,5,-1496.6763916015625,1031.5174560546875,-791.2802124023438,0.00291076535359025,-0.08087199926376343,-0.07987008988857269,0.9935149550437927,1,1657222,13802
1786083342,539611207,1,688.2286987304688,106.36119842529297,-583.8206787109375,,,,,,,,,,1657223,13802
1786083342,539611207,,,,,5,-1496.6619873046875,1031.5052490234375,-791.1766357421875,0.0028943996876478195,-0.08124736696481705,-0.08061648160219193,0.993424117565155,1,1657223,13802
1786083342,549312271,1,691.7882080078125,105.8272933959961,-586.2843627929688,,,,,,,,,,1657224,13802
1786083342,549312271,,,,,5,-1496.6318359375,1031.4951171875,-791.2326049804688,0.0034135046880692244,-0.08118733763694763,-0.08058059960603714,0.9934302568435669,1,1657224,13802
1786083342,556783948,1,695.1091918945312,105.7455062866211,-588.72900390625,,,,,,,,,,1657225,13802
1786083342,556783948,,,,,5,-1496.635986328125,1031.5028076171875,-791.2672119140625,0.0034305702429264784,-0.08101343363523483,-0.08072170615196228,0.993432879447937,1,1657225,13802
1786083342,565119246,1,699.4439697265625,105.01325225830078,-591.3343505859375,,,,,,,,,,1657226,13802
1786083342,565119246,,,,,5,-1496.6287841796875,1031.47607421875,-791.2487182617188,0.0034324221778661013,-0.08088566362857819,-0.08024848252534866,0.9934816956520081,1,1657226,13802
1786083342,573580144,1,700.3961181640625,105.8150405883789,-593.7905883789062,,,,,,,,,,1657227,13802
1786083342,573580144,,,,,5,-1496.6429443359375,1031.4930419921875,-791.246337890625,0.0033977720886468887,-0.08067977428436279,-0.08023622632026672,0.9934995174407959,1,1657227,13802
1786083342,581574984,1,704.5104370117188,104.84321594238281,-595.5888671875,,,,,,,,,,1657228,13802
1786083342,581574984,,,,,5,-1496.6077880859375,1031.4705810546875,-791.2327270507812,0.003333388827741146,-0.08125849813222885,-0.08111945539712906,0.9933807253837585,1,1657228,13802
1786083342,589379089,1,706.4639282226562,105.12165069580078,-597.4678344726562,,,,,,,,,,1657229,13802
1786083342,589379089,,,,,5,-1496.666015625,1031.4632568359375,-791.2258911132812,0.003246538806706667,-0.08064074069261551,-0.08055544644594193,0.9934774041175842,1,1657229,13802
1786083342,598273509,1,707.9058227539062,106.60376739501953,-601.9688720703125,,,,,,,,,,1657230,13802
1786083342,598273509,,,,,5,-1496.6800537109375,1031.4661865234375,-791.22607421875,0.0032405701931566,-0.08100784569978714,-0.0814603939652443,0.993373692035675,1,1657230,13802
1786083342,606214891,1,711.8590698242188,106.30665588378906,-602.5647583007812,,,,,,,,,,1657231,13802
1786083342,606214891,,,,,5,-1496.603515625,1031.489501953125,-791.2449340820312,0.0033903501462191343,-0.08122752606868744,-0.08104898035526276,0.9933890104293823,1,1657231,13802
1786083342,615274518,1,713.6365356445312,106.15181732177734,-605.0021362304688,,,,,,,,,,1657232,13802
1786083342,615274518,,,,,5,-1496.6409912109375,1031.50537109375,-791.2759399414062,0.0033313711173832417,-0.08092869818210602,-0.08043323457241058,0.9934635758399963,1,1657232,13802
1786083342,623113749,1,717.3253784179688,103.09503173828125,-606.254638671875,,,,,,,,,,1657233,13802
1786083342,623113749,,,,,5,-1496.6102294921875,1031.490478515625,-791.195556640625,0.0028520659543573856,-0.08121086657047272,-0.07976222783327103,0.9934960603713989,1,1657233,13802
1786083342,631447096,1,719.2344360351562,104.21215057373047,-607.7274780273438,,,,,,,,,,1657234,13802
1786083342,631447096,,,,,5,-1496.623291015625,1031.496337890625,-791.2252807617188,0.0027946054469794035,-0.08103365451097488,-0.07925483584403992,0.9935513734817505,1,1657234,13802
1786083342,639021467,1,720.5978393554688,103.76468658447266,-609.5816650390625,,,,,,,,,,1657235,13802
1786083342,639021467,,,,,5,-1496.622314453125,1031.4505615234375,-791.2238159179688,0.0032650993671268225,-0.08087080717086792,-0.07975813001394272,0.9935229420661926,1,1657235,13802
1786083342,648241725,1,723.3411254882812,105.15684509277344,-612.6882934570312,,,,,,,,,,1657236,13802
1786083342,648241725,,,,,5,-1496.684814453125,1031.493408203125,-791.2047729492188,0.002843168331310153,-0.08126005530357361,-0.08096998184919357,0.9933944344520569,1,1657236,13802
1786083342,656293863,1,726.2412719726562,104.13314056396484,-614.8870849609375,,,,,,,,,,1657237,13802
1786083342,656293863,,,,,5,-1496.647216796875,1031.5264892578125,-791.2026977539062,0.0027412502095103264,-0.08114966750144958,-0.0797199234366417,0.9935048222541809,1,1657237,13802
1786083342,665196441,1,727.6078491210938,104.33216094970703,-616.6209106445312,,,,,,,,,,1657238,13802
1786083342,665196441,,,,,5,-1496.6578369140625,1031.5050048828125,-791.26171875,0.003242207458242774,-0.08087056875228882,-0.08102115988731384,0.9934207797050476,1,1657238,13802
1786083342,673026843,1,731.282470703125,105.01640319824219,-618.92626953125,,,,,,,,,,1657239,13802
1786083342,673026843,,,,,5,-1496.65771484375,1031.4932861328125,-791.2753295898438,0.003377641784027219,-0.08078933507204056,-0.0802728682756424,0.9934877157211304,1,1657239,13802
1786083342,681476576,1,733.396240234375,103.5126724243164,-620.9678344726562,,,,,,,,,,1657240,13802
1786083342,681476576,,,,,5,-1496.63671875,1031.4600830078125,-791.23681640625,0.0033020249102264643,-0.08095842599868774,-0.07980836927890778,0.9935116767883301,1,1657240,13802
1786083342,688878990,1,735.429931640625,103.16170501708984,-622.7776489257812,,,,,,,,,,1657241,13802
1786083342,688878990,,,,,5,-1496.6492919921875,1031.4793701171875,-791.2363891601562,0.003168875817209482,-0.08087237924337387,-0.07999259233474731,0.9935042858123779,1,1657241,13802
1786083342,698238157,1,737.5921630859375,103.9095230102539,-625.59130859375,,,,,,,,,,1657242,13802
1786083342,698238157,,,,,5,-1496.6800537109375,1031.4793701171875,-791.1726684570312,0.0028187232092022896,-0.08102388679981232,-0.08044637739658356,0.9934563040733337,1,1657242,13802
1786083342,705962634,1,740.3538818359375,103.663818359375,-628.03564453125,,,,,,,,,,1657243,13802
1786083342,705962634,,,,,5,-1496.6451416015625,1031.491455078125,-791.21728515625,0.0034949504770338535,-0.08079946041107178,-0.08039342612028122,0.9934768080711365,1,1657243,13802
1786083342,715151412,1,743.5189819335938,103.9817123413086,-629.7097778320312,,,,,,,,,,1657244,13802
1786083342,715151412,,,,,5,-1496.6751708984375,1031.509521484375,-791.2403564453125,0.0028543502558022738,-0.08105717599391937,-0.08004657179117203,0.9934858679771423,1,1657244,13802
1786083342,723258160,1,745.06298828125,103.55042266845703,-631.9031982421875,,,,,,,,,,1657245,13802
1786083342,723258160,,,,,5,-1496.6953125,1031.4852294921875,-791.1994018554688,0.0029510133899748325,-0.08093104511499405,-0.07973533123731613,0.993520975112915,1,1657245,13802
1786083342,730887141,1,747.2731323242188,103.71717071533203,-634.1331176757812,,,,,,,,,,1657246,13802
1786083342,730887141,,,,,5,-1496.6273193359375,1031.4974365234375,-791.3170776367188,0.003229796653613448,-0.08059397339820862,-0.0799994245171547,0.9935261011123657,1,1657246,13802
1786083342,740198160,1,749.6287841796875,103.84730529785156,-635.6474609375,,,,,,,,,,1657247,13802
1786083342,740198160,,,,,5,-1496.65771484375,1031.4725341796875,-791.22314453125,0.002733735367655754,-0.08099735528230667,-0.08056823909282684,0.9934489130973816,1,1657247,13802
1786083342,747890900,1,752.683349609375,103.43218994140625,-638.02685546875,,,,,,,,,,1657248,13802
1786083342,747890900,,,,,5,-1496.657470703125,1031.518798828125,-791.2708129882812,0.0030390184838324785,-0.08123836666345596,-0.08010505139827728,0.993465781211853,1,1657248,13802
1786083342,756603287,1,755.612548828125,103.3221435546875,-640.0194702148438,,,,,,,,,,1657249,13802
1786083342,756603287,,,,,5,-1496.6663818359375,1031.5172119140625,-791.2369995117188,0.0028613307513296604,-0.08108234405517578,-0.08020671457052231,0.9934709072113037,1,1657249,13802
1786083342,765100496,1,760.0783081054688,102.21733093261719,-642.2676391601562,,,,,,,,,,1657250,13802
1786083342,765100496,,,,,5,-1496.6414794921875,1031.544189453125,-791.2787475585938,0.003025614656507969,-0.08092563599348068,-0.07998474687337875,0.9935010671615601,1,1657250,13802
1786083342,772608420,1,762.5382080078125,101.51707458496094,-644.7432250976562,,,,,,,,,,1657251,13802
1786083342,772608420,,,,,5,-1496.6702880859375,1031.4749755859375,-791.2506103515625,0.003193589160218835,-0.08092574775218964,-0.08161572366952896,0.9933677911758423,1,1657251,13802
1786083342,781809195,1,761.7711181640625,103.61996459960938,-646.2195434570312,,,,,,,,,,1657252,13802
1786083342,781809195,,,,,5,-1496.6220703125,1031.517333984375,-791.2325439453125,0.0027732064481824636,-0.08104150742292404,-0.07954582571983337,0.9935275316238403,1,1657252,13802
1786083342,789675427,1,764.7040405273438,104.07247924804688,-648.4157104492188,,,,,,,,,,1657253,13802
1786083342,789675427,,,,,5,-1496.662109375,1031.4930419921875,-791.2703247070312,0.0036235360894352198,-0.08101479709148407,-0.08153226971626282,0.9933659434318542,1,1657253,13802
1786083342,798701527,1,767.2158203125,102.8558578491211,-650.675537109375,,,,,,,,,,1657254,13802
1786083342,798701527,,,,,5,-1496.649658203125,1031.4964599609375,-791.203857421875,0.0026025352999567986,-0.08125421404838562,-0.07967858761548996,0.9934999942779541,1,1657254,13802
1786083342,806868035,1,770.1741333007812,103.65386199951172,-652.3164672851562,,,,,,,,,,1657255,13802
1786083342,806868035,,,,,5,-1496.6517333984375,1031.4931640625,-791.2764282226562,0.0032863342203199863,-0.08079516887664795,-0.07935010641813278,0.9935618042945862,1,1657255,13802
1786083342,814898451,1,772.4010620117188,104.30355834960938,-654.0979614257812,,,,,,,,,,1657256,13802
1786083342,814898451,,,,,5,-1496.6572265625,1031.442138671875,-791.2117919921875,0.0033741274382919073,-0.08075785636901855,-0.08041205257177353,0.9934790730476379,1,1657256,13802
1786083342,823187297,1,774.866943359375,103.01004028320312,-656.3610229492188,,,,,,,,,,1657257,13802
1786083342,823187297,,,,,5,-1496.6639404296875,1031.5198974609375,-791.247802734375,0.002943498082458973,-0.08123190701007843,-0.08005227148532867,0.9934707880020142,1,1657257,13802
1786083342,831612076,1,776.4733276367188,104.126220703125,-658.0108642578125,,,,,,,,,,1657258,13802
1786083342,831612076,,,,,5,-1496.667236328125,1031.521484375,-791.2980346679688,0.0037315122317522764,-0.08079320937395096,-0.08093158155679703,0.9934326410293579,1,1657258,13802
1786083342,839923220,1,779.923095703125,102.38763427734375,-660.1878662109375,,,,,,,,,,1657259,13802
1786083342,839923220,,,,,5,-1496.6375732421875,1031.5076904296875,-791.23486328125,0.0027222505304962397,-0.08099668473005295,-0.07923999428749084,0.9935558438301086,1,1657259,13802
1786083342,848801133,1,783.2919311523438,104.50215911865234,-661.7655639648438,,,,,,,,,,1657260,13802
1786083342,848801133,,,,,5,-1496.6370849609375,1031.4356689453125,-791.2462158203125,0.0029970130417495966,-0.08075296133756638,-0.08059585839509964,0.9934656620025635,1,1657260,13802
1786083342,856541605,1,784.7342529296875,105.19981384277344,-663.9888305664062,,,,,,,,,,1657261,13802
1786083342,856541605,,,,,5,-1496.6661376953125,1031.4876708984375,-791.2677001953125,0.003323617158457637,-0.08099405467510223,-0.08056790381669998,0.9934473037719727,1,1657261,13802
1786083342,865060697,1,787.03857421875,102.65104675292969,-666.2178955078125,,,,,,,,,,1657262,13802
1786083342,865060697,,,,,5,-1496.6859130859375,1031.5152587890625,-791.22509765625,0.002927802735939622,-0.08106470853090286,-0.07996147871017456,0.9934918880462646,1,1657262,13802
1786083342,872819277,1,789.7200927734375,102.98978424072266,-668.1452026367188,,,,,,,,,,1657263,13802
1786083342,872819277,,,,,5,-1496.6781005859375,1031.5052490234375,-791.1995849609375,0.0028043058700859547,-0.08102045953273773,-0.08043292164802551,0.9934577941894531,1,1657263,13802
1786083342,881664686,1,791.855712890625,103.74359130859375,-669.6906127929688,,,,,,,,,,1657264,13802
1786083342,881664686,,,,,5,-1496.6766357421875,1031.526611328125,-791.2516479492188,0.003022986464202404,-0.08092310279607773,-0.08016820251941681,0.9934864640235901,1,1657264,13802
1786083342,890388206,1,792.9898071289062,101.7734146118164,-671.3576049804688,,,,,,,,,,1657265,13802
1786083342,890388206,,,,,5,-1496.6552734375,1031.4892578125,-791.2072143554688,0.0025581237860023975,-0.08098264038562775,-0.07872692495584488,0.9935981035232544,1,1657265,13802
1786083342,897290203,1,794.9790649414062,104.80621337890625,-673.1349487304688,,,,,,,,,,1657266,13802
1786083342,897290203,,,,,5,-1496.6845703125,1031.52978515625,-791.2657470703125,0.002883348846808076,-0.08131450414657593,-0.08038926124572754,0.9934370517730713,1,1657266,13802
1786083342,907634304,1,796.740966796875,102.95149230957031,-674.6934814453125,,,,,,,,,,1657267,13802
1786083342,907634304,,,,,5,-1496.63671875,1031.4677734375,-791.2266845703125,0.0033619171008467674,-0.08096804469823837,-0.08134666830301285,0.993385910987854,1,1657267,13802
1786083342,915027345,1,798.7960815429688,103.43631744384766,-676.4864501953125,,,,,,,,,,1657268,13802
1786083342,915027345,,,,,5,-1496.654296875,1031.473876953125,-791.2654418945312,0.003206731518730521,-0.08113417029380798,-0.08088710904121399,0.9934104681015015,1,1657268,13802
1786083342,922318363,1,801.8394775390625,105.70674133300781,-680.0753784179688,,,,,,,,,,1657269,13802
1786083342,922318363,,,,,5,-1496.6419677734375,1031.4696044921875,-791.2689819335938,0.0030949353240430355,-0.08104880154132843,-0.07993311434984207,0.9934948682785034,1,1657269,13802
1786083342,931676506,1,803.082763671875,102.27813720703125,-679.645751953125,,,,,,,,,,1657270,13802
1786083342,931676506,,,,,5,-1496.6820068359375,1031.4344482421875,-791.2084350585938,0.0031463943887501955,-0.08080436289310455,-0.08067768067121506,0.9934545159339905,1,1657270,13802
1786083342,939140313,1,802.095947265625,100.90667724609375,-681.3019409179688,,,,,,,,,,1657271,13802
1786083342,939140313,,,,,5,-1496.6624755859375,1031.47216796875,-791.2776489257812,0.003010381944477558,-0.08086402714252472,-0.07955461740493774,0.9935406446456909,1,1657271,13802
1786083342,948167468,1,806.8817138671875,102.99732208251953,-682.8883666992188,,,,,,,,,,1657272,13802
1786083342,948167468,,,,,5,-1496.661865234375,1031.5030517578125,-791.2577514648438,0.0026914009358733892,-0.08113836497068405,-0.07981360703706741,0.9934983849525452,1,1657272,13802
1786083342,956949053,1,807.1561889648438,101.14177703857422,-685.259765625,,,,,,,,,,1657273,13802
1786083342,956949053,,,,,5,-1496.6395263671875,1031.4561767578125,-791.2426147460938,0.003028556238859892,-0.08102598041296005,-0.08006294816732407,0.9934865832328796,1,1657273,13802
1786083342,965173147,1,822.13330078125,96.66988372802734,-690.4476318359375,,,,,,,,,,1657274,13802
1786083342,965173147,,,,,5,-1496.6510009765625,1031.4566650390625,-791.2619018554688,0.003306406084448099,-0.08070483803749084,-0.07998203486204147,0.9935182929039001,1,1657274,13802
1786083342,973650106,1,816.2611083984375,101.08759307861328,-690.6141357421875,,,,,,,,,,1657275,13802
1786083342,973650106,,,,,5,-1496.686767578125,1031.46435546875,-791.2696533203125,0.0029954896308481693,-0.08084719628095627,-0.07954300940036774,0.9935429096221924,1,1657275,13802
1786083342,982276434,1,816.2946166992188,102.96420288085938,-692.0335083007812,,,,,,,,,,1657276,13802
1786083342,982276434,,,,,5,-1496.68017578125,1031.5140380859375,-791.2472534179688,0.002804747549816966,-0.08106029778718948,-0.07909667491912842,0.9935617446899414,1,1657276,13802
1786083342,990191231,1,815.9004516601562,106.5712890625,-695.2041015625,,,,,,,,,,1657277,13802
1786083342,990191231,,,,,5,-1496.6580810546875,1031.442138671875,-791.1912231445312,0.002458307659253478,-0.08128634095191956,-0.08017225563526154,0.9934579730033875,1,1657277,13802
1786083342,998203954,1,819.8051147460938,105.36321258544922,-696.81884765625,,,,,,,,,,1657278,13802
1786083342,998203954,,,,,5,-1496.6553955078125,1031.525146484375,-791.24609375,0.0026466967537999153,-0.08108197152614594,-0.07931353896856308,0.9935431480407715,1,1657278,13802
1786083343,5559468,1,821.7601928710938,105.5905532836914,-698.842041015625,,,,,,,,,,1657279,13802
1786083343,5559468,,,,,5,-1496.7147216796875,1031.4808349609375,-791.3093872070312,0.002960414392873645,-0.0806586816906929,-0.07905911654233932,0.9935970902442932,1,1657279,13802
1786083343,14992704,1,823.8648071289062,105.1461410522461,-700.8082885742188,,,,,,,,,,1657280,13802
1786083343,14992704,,,,,5,-1496.6416015625,1031.4964599609375,-791.2528076171875,0.0027019206900149584,-0.0810636505484581,-0.07932362705469131,0.9935436844825745,1,1657280,13802
1786083343,22934988,1,824.2034301757812,106.14030456542969,-703.4613037109375,,,,,,,,,,1657281,13802
1786083343,22934988,,,,,5,-1496.66748046875,1031.4820556640625,-791.1845703125,0.0027730376459658146,-0.08084794133901596,-0.07972561568021774,0.9935290217399597,1,1657281,13802
1786083343,31890424,1,826.2129516601562,105.11004638671875,-705.1702880859375,,,,,,,,,,1657282,13802
1786083343,31890424,,,,,5,-1496.632568359375,1031.4810791015625,-791.2645874023438,0.0031399913132190704,-0.08070945739746094,-0.07981816679239273,0.9935317635536194,1,1657282,13802
1786083343,39951174,1,826.6351318359375,101.66015625,-704.4264526367188,,,,,,,,,,1657283,13802
1786083343,39951174,,,,,5,-1496.6483154296875,1031.459228515625,-791.2678833007812,0.003143446985632181,-0.0804596096277237,-0.07931946963071823,0.993591845035553,1,1657283,13802
1786083343,48008341,1,828.2774658203125,101.58349609375,-706.80810546875,,,,,,,,,,1657284,13802
1786083343,48008341,,,,,5,-1496.616455078125,1031.495849609375,-791.2648315429688,0.003615278983488679,-0.0806165561079979,-0.08072205632925034,0.9934645891189575,1,1657284,13802
1786083343,55658731,1,832.7921752929688,101.29376983642578,-708.9698486328125,,,,,,,,,,1657285,13802
1786083343,55658731,,,,,5,-1496.6199951171875,1031.46484375,-791.2677001953125,0.0032507325522601604,-0.08106023818254471,-0.08004146814346313,0.9934846758842468,1,1657285,13802
1786083343,64941028,1,831.850341796875,102.02392578125,-710.047119140625,,,,,,,,,,1657286,13802
1786083343,64941028,,,,,5,-1496.6353759765625,1031.493408203125,-791.19384765625,0.002647806191816926,-0.0813327357172966,-0.07952389866113663,0.9935058355331421,1,1657286,13802
1786083343,73078751,1,836.7952880859375,101.93269348144531,-711.2510375976562,,,,,,,,,,1657287,13802
1786083343,73078751,,,,,5,-1496.6341552734375,1031.45751953125,-791.1757202148438,0.0024394432548433542,-0.08119415491819382,-0.07975969463586807,0.9934988021850586,1,1657287,13802
1786083343,80920964,1,838.5991821289062,102.03604888916016,-712.8970336914062,,,,,,,,,,1657288,13802
1786083343,80920964,,,,,5,-1496.6351318359375,1031.4710693359375,-791.2703247070312,0.0033340929076075554,-0.08048826456069946,-0.07951363921165466,0.9935733675956726,1,1657288,13802
1786083343,89843481,1,836.4483642578125,103.4878158569336,-715.5694580078125,,,,,,,,,,1657289,13802
1786083343,89843481,,,,,5,-1496.6033935546875,1031.44287109375,-791.2515869140625,0.0030309841968119144,-0.08100150525569916,-0.0797613263130188,0.993512749671936,1,1657289,13802
1786083343,97861554,1,836.4909057617188,102.69248962402344,-718.1073608398438,,,,,,,,,,1657290,13802
1786083343,97861554,,,,,5,-1496.67822265625,1031.4559326171875,-791.2048950195312,0.002525820629671216,-0.08145076036453247,-0.0799211785197258,0.9934645295143127,1,1657290,13802
1786083343,106834778,1,835.6109008789062,101.82207489013672,-721.5809936523438,,,,,,,,,,1657291,13802
1786083343,106834778,,,,,5,-1496.6795654296875,1031.5107421875,-791.1973266601562,0.0025374353863298893,-0.08121336996555328,-0.07984595745801926,0.9934900999069214,1,1657291,13802
1786083343,114913347,1,835.64794921875,101.55445098876953,-725.4707641601562,,,,,,,,,,1657292,13802
1786083343,114913347,,,,,5,-1496.642822265625,1031.4676513671875,-791.2409057617188,0.003192431526258588,-0.08074644953012466,-0.07929748296737671,0.9935702085494995,1,1657292,13802
1786083343,122749866,1,836.5922241210938,102.26651763916016,-730.02099609375,,,,,,,,,,1657293,13802
1786083343,122749866,,,,,5,-1496.67578125,1031.4730224609375,-791.1834716796875,0.0026130720507353544,-0.08111635595560074,-0.08044565469026566,0.9934494495391846,1,1657293,13802
1786083343,131599185,1,836.5740356445312,104.04708862304688,-733.0945434570312,,,,,,,,,,1657294,13802
1786083343,131599185,,,,,5,-1496.671875,1031.4986572265625,-791.2237548828125,0.002999106654897332,-0.08089196681976318,-0.07959152013063431,0.9935353994369507,1,1657294,13802
1786083343,140048733,1,839.1055908203125,100.62586212158203,-740.7960815429688,,,,,,,,,,1657295,13802
1786083343,140048733,,,,,5,-1496.658203125,1031.442626953125,-791.2425537109375,0.003019600873813033,-0.08096207678318024,-0.080845907330513,0.9934284090995789,1,1657295,13802
1786083343,147753061,1,838.2715454101562,100.97625732421875,-744.9930419921875,,,,,,,,,,1657296,13802
1786083343,147753061,,,,,5,-1496.679931640625,1031.4840087890625,-791.2531127929688,0.0032964800484478474,-0.08078034222126007,-0.07994851469993591,0.9935149550437927,1,1657296,13802
1786083343,156695220,1,838.6597900390625,100.24552154541016,-749.886474609375,,,,,,,,,,1657297,13802
1786083343,156695220,,,,,5,-1496.6815185546875,1031.4412841796875,-791.229248046875,0.002931217197328806,-0.08069664239883423,-0.08031293749809265,0.9934934973716736,1,1657297,13802
1786083343,164843404,1,837.8970947265625,100.34634399414062,-754.4833374023438,,,,,,,,,,1657298,13802
1786083343,164843404,,,,,5,-1496.6806640625,1031.5142822265625,-791.2217407226562,0.0028991808649152517,-0.0809079259634018,-0.07968224585056305,0.9935271739959717,1,1657298,13802
1786083343,172651930,1,837.0196533203125,99.80575561523438,-758.9285888671875,,,,,,,,,,1657299,13802
1786083343,172651930,,,,,5,-1496.6331787109375,1031.4442138671875,-791.22900390625,0.0027730262372642756,-0.08126983046531677,-0.08053136616945267,0.9934295415878296,1,1657299,13802
1786083343,181519932,1,834.18896484375,100.7752456665039,-762.7862548828125,,,,,,,,,,1657300,13802
1786083343,181519932,,,,,5,-1496.687255859375,1031.4803466796875,-791.2671508789062,0.0022918886970728636,-0.08102573454380035,-0.07876839488744736,0.9935920834541321,1,1657300,13802
1786083343,189518874,1,831.8489379882812,101.56621551513672,-767.0650024414062,,,,,,,,,,1657301,13802
1786083343,189518874,,,,,5,-1496.6234130859375,1031.4666748046875,-791.2463989257812,0.003238071920350194,-0.08109741657972336,-0.07990207523107529,0.9934930205345154,1,1657301,13802
1786083343,198481509,1,829.38916015625,101.18299102783203,-770.47265625,,,,,,,,,,1657302,13802
1786083343,198481509,,,,,5,-1496.65771484375,1031.4520263671875,-791.2254638671875,0.0031392457894980907,-0.0810151994228363,-0.08008377999067307,0.9934853911399841,1,1657302,13802
1786083343,206395352,1,821.89453125,104.41797637939453,-773.0557250976562,,,,,,,,,,1657303,13802
1786083343,206395352,,,,,5,-1496.5982666015625,1031.432861328125,-791.24462890625,0.00304521806538105,-0.08112935721874237,-0.07987596094608307,0.9934930801391602,1,1657303,13802
1786083343,214875164,1,828.4338989257812,97.95993041992188,-785.422607421875,,,,,,,,,,1657304,13802
1786083343,214875164,,,,,5,-1496.6390380859375,1031.482666015625,-791.2968139648438,0.003430628916248679,-0.0804152861237526,-0.07943428307771683,0.9935852885246277,1,1657304,13802
1786083343,222167724,1,826.9376831054688,100.26136779785156,-784.8998413085938,,,,,,,,,,1657305,13802
1786083343,222167724,,,,,5,-1496.6524658203125,1031.4658203125,-791.2156982421875,0.0025589014403522015,-0.08138963580131531,-0.07908433675765991,0.9935365915298462,1,1657305,13802
1786083343,231610365,1,822.2849731445312,101.84514617919922,-790.0143432617188,,,,,,,,,,1657306,13802
1786083343,231610365,,,,,5,-1496.6424560546875,1031.4608154296875,-791.2507934570312,0.0031627221032977104,-0.08100305497646332,-0.08014367520809174,0.993481457233429,1,1657306,13802
1786083343,239190789,1,821.0179443359375,100.43826293945312,-793.6434326171875,,,,,,,,,,1657307,13802
1786083343,239190789,,,,,5,-1496.645751953125,1031.42578125,-791.2387084960938,0.003005801932886243,-0.08103976398706436,-0.07953359931707382,0.9935280084609985,1,1657307,13802
1786083343,248411630,1,819.6262817382812,100.64826965332031,-796.8900146484375,,,,,,,,,,1657308,13802
1786083343,248411630,,,,,5,-1496.62841796875,1031.4857177734375,-791.2769775390625,0.0032247963827103376,-0.08074488490819931,-0.07937562465667725,0.9935640096664429,1,1657308,13802
1786083343,256224602,1,819.0809326171875,100.87948608398438,-801.8054809570312,,,,,,,,,,1657309,13802
1786083343,256224602,,,,,5,-1496.678955078125,1031.4361572265625,-791.2556762695312,0.00314514827914536,-0.08083613216876984,-0.07920823246240616,0.99357008934021,1,1657309,13802
1786083343,265203457,1,817.0318603515625,100.13575744628906,-804.4694213867188,,,,,,,,,,1657310,13802
1786083343,265203457,,,,,5,-1496.7073974609375,1031.4854736328125,-791.1830444335938,0.0025014583952724934,-0.08099609613418579,-0.07966633141040802,0.9935223460197449,1,1657310,13802
1786083343,272968985,1,810.2984008789062,103.7215576171875,-805.4203491210938,,,,,,,,,,1657311,13802
1786083343,272968985,,,,,5,-1496.6441650390625,1031.4857177734375,-791.2766723632812,0.0033770485315471888,-0.08080938458442688,-0.08026077598333359,0.9934871196746826,1,1657311,13802
1786083343,281487508,1,812.502197265625,100.861572265625,-810.7075805664062,,,,,,,,,,1657312,13802
1786083343,281487508,,,,,5,-1496.6571044921875,1031.459228515625,-791.2411499023438,0.003094006096944213,-0.08118103444576263,-0.08030523359775543,0.993454098701477,1,1657312,13802
1786083343,288964757,1,811.1055908203125,98.9791030883789,-814.040771484375,,,,,,,,,,1657313,13802
1786083343,288964757,,,,,5,-1496.6312255859375,1031.4468994140625,-791.2392578125,0.003009933978319168,-0.08128872513771057,-0.0799112468957901,0.9934773445129395,1,1657313,13802
1786083343,298313086,1,808.8175659179688,100.37118530273438,-818.1989135742188,,,,,,,,,,1657314,13802
1786083343,298313086,,,,,5,-1496.66796875,1031.476806640625,-791.2412109375,0.00316826906055212,-0.08086885511875153,-0.07943882793188095,0.9935489296913147,1,1657314,13802
1786083343,306148741,1,807.3717041015625,98.23442077636719,-821.6828002929688,,,,,,,,,,1657315,13802
1786083343,306148741,,,,,5,-1496.6663818359375,1031.537109375,-791.2420043945312,0.002815169980749488,-0.08100162446498871,-0.07948378473520279,0.993535578250885,1,1657315,13802
1786083343,315032612,1,805.0419921875,99.65505981445312,-825.344970703125,,,,,,,,,,1657316,13802
1786083343,315032612,,,,,5,-1496.63232421875,1031.4595947265625,-791.1853637695312,0.0023351782001554966,-0.08126870542764664,-0.07843655347824097,0.9935982823371887,1,1657316,13802
1786083343,322857005,1,803.0537719726562,98.16162109375,-828.5833129882812,,,,,,,,,,1657317,13802
1786083343,322857005,,,,,5,-1496.66015625,1031.4976806640625,-791.26953125,0.0032156563829630613,-0.08092963695526123,-0.08014143258333206,0.9934874773025513,1,1657317,13802
1786083343,331816984,1,800.2706909179688,100.13969421386719,-832.8551635742188,,,,,,,,,,1657318,13802
1786083343,331816984,,,,,5,-1496.6424560546875,1031.4910888671875,-791.22216796875,0.002625941066071391,-0.08143982291221619,-0.08012356609106064,0.9934489130973816,1,1657318,13802
1786083343,338874596,1,799.4634399414062,97.35549926757812,-835.3565063476562,,,,,,,,,,1657319,13802
1786083343,338874596,,,,,5,-1496.6129150390625,1031.427734375,-791.2150268554688,0.0029090368188917637,-0.08112691342830658,-0.07907483726739883,0.9935578107833862,1,1657319,13802
1786083343,348079473,1,797.4295043945312,97.96312713623047,-839.0181274414062,,,,,,,,,,1657320,13802
1786083343,348079473,,,,,5,-1496.6585693359375,1031.4593505859375,-791.2124633789062,0.002451182110235095,-0.08116668462753296,-0.0798899307847023,0.9934906363487244,1,1657320,13802
1786083343,355756480,1,780.5587158203125,98.08137512207031,-851.0172729492188,,,,,,,,,,1657321,13802
1786083343,355756480,,,,,5,-1496.6614990234375,1031.4605712890625,-791.2086791992188,0.0030316223856061697,-0.08064363151788712,-0.07868622988462448,0.9936276078224182,1,1657321,13802
1786083343,364886528,1,791.0269775390625,102.02108001708984,-844.9649047851562,,,,,,,,,,1657322,13802
1786083343,364886528,,,,,5,-1496.6529541015625,1031.4996337890625,-791.2074584960938,0.002874739235267043,-0.08148759603500366,-0.0807432159781456,0.993394136428833,1,1657322,13802
1786083343,372910456,1,791.5413818359375,99.98424530029297,-848.5436401367188,,,,,,,,,,1657323,13802
1786083343,372910456,,,,,5,-1496.6776123046875,1031.4996337890625,-791.1943359375,0.0027783848345279694,-0.08119795471429825,-0.08090495318174362,0.9934049844741821,1,1657323,13802
1786083343,380895865,1,789.3057861328125,100.55614471435547,-852.0794067382812,,,,,,,,,,1657324,13802
1786083343,380895865,,,,,5,-1496.680908203125,1031.5322265625,-791.2115478515625,0.0029656679835170507,-0.08091547340154648,-0.07976244390010834,0.9935198426246643,1,1657324,13802
1786083343,389869792,1,787.5784912109375,100.23103332519531,-855.728271484375,,,,,,,,,,1657325,13802
1786083343,389869792,,,,,5,-1496.654296875,1031.4251708984375,-791.2194213867188,0.003002861514687538,-0.08118059486150742,-0.08088120818138123,0.993407666683197,1,1657325,13802
1786083343,398160820,1,785.5559692382812,100.55554962158203,-859.1110229492188,,,,,,,,,,1657326,13802
1786083343,398160820,,,,,5,-1496.6202392578125,1031.4459228515625,-791.2348022460938,0.0030352852772921324,-0.08105672895908356,-0.07939104735851288,0.9935379028320312,1,1657326,13802
1786083343,405604062,1,783.426025390625,100.1056137084961,-862.7694702148438,,,,,,,,,,1657327,13802
1786083343,405604062,,,,,5,-1496.6502685546875,1031.463134765625,-791.2545776367188,0.002936335513368249,-0.08093662559986115,-0.0798991248011589,0.9935072660446167,1,1657327,13802
1786083343,414988414,1,782.1775512695312,100.5833740234375,-866.5783081054688,,,,,,,,,,1657328,13803
1786083343,414988414,,,,,5,-1496.6302490234375,1031.48828125,-791.18896484375,0.0026781237684190273,-0.08121796697378159,-0.07947468012571335,0.993519127368927,1,1657328,13803
1786083343,422788846,1,780.0028076171875,100.55614471435547,-869.43359375,,,,,,,,,,1657329,13803
1786083343,422788846,,,,,5,-1496.643310546875,1031.470703125,-791.2581176757812,0.0032203334849327803,-0.08111868798732758,-0.08014170825481415,0.9934719204902649,1,1657329,13803
1786083343,430508754,1,777.6609497070312,100.5836181640625,-872.828369140625,,,,,,,,,,1657330,13803
1786083343,430508754,,,,,5,-1496.6298828125,1031.4471435546875,-791.2589721679688,0.003148640738800168,-0.08087735623121262,-0.07944165915250778,0.9935480952262878,1,1657330,13803
1786083343,439927657,1,807.905029296875,170.3477020263672,-797.7468872070312,,,,,,,,,,1657331,13803
1786083343,439927657,,,,,5,-1496.641845703125,1031.5714111328125,-791.2730712890625,0.0025249887257814407,-0.08089518547058105,-0.07840344309806824,0.9936310052871704,1,1657331,13803
1786083343,447841980,1,773.2120971679688,101.07200622558594,-879.5584106445312,,,,,,,,,,1657332,13803
1786083343,447841980,,,,,5,-1496.656982421875,1031.4505615234375,-791.2464599609375,0.003066616365686059,-0.08128923922777176,-0.07954057306051254,0.993506908416748,1,1657332,13803
1786083343,455411846,1,759.9210205078125,105.94574737548828,-881.9786987304688,,,,,,,,,,1657333,13803
1786083343,455411846,,,,,5,-1496.6773681640625,1031.4881591796875,-791.2882690429688,0.0032598632387816906,-0.08093684166669846,-0.08001667261123657,0.993496835231781,1,1657333,13803
1786083343,464877618,1,768.416259765625,99.66144561767578,-886.4594116210938,,,,,,,,,,1657334,13803
1786083343,464877618,,,,,5,-1496.642578125,1031.4627685546875,-791.2512817382812,0.0033601608593016863,-0.08071735501289368,-0.08015704900026321,0.9935029149055481,1,1657334,13803
1786083343,472714872,1,766.734619140625,100.02765655517578,-889.6468505859375,,,,,,,,,,1657335,13803
1786083343,472714872,,,,,5,-1496.6741943359375,1031.55322265625,-791.3723754882812,0.003503193147480488,-0.08089820295572281,-0.08009527623653412,0.9934927821159363,1,1657335,13803
1786083343,481711898,1,766.5902099609375,102.32329559326172,-892.252197265625,,,,,,,,,,1657336,13803
1786083343,481711898,,,,,5,-1496.6444091796875,1031.505126953125,-791.2496337890625,0.002719743875786662,-0.08096043765544891,-0.07967846840620041,0.9935237765312195,1,1657336,13803
1786083343,489399686,1,762.534423828125,103.54215240478516,-895.9069213867188,,,,,,,,,,1657337,13803
1786083343,489399686,,,,,5,-1496.660400390625,1031.474853515625,-791.3079223632812,0.003216793527826667,-0.08108747005462646,-0.08039475232362747,0.9934541583061218,1,1657337,13803
1786083343,498435870,1,759.725341796875,102.64546966552734,-898.7467651367188,,,,,,,,,,1657338,13803
1786083343,498435870,,,,,5,-1496.6849365234375,1031.5523681640625,-791.2777099609375,0.0026936978101730347,-0.08105064928531647,-0.07939449697732925,0.9935391545295715,1,1657338,13803
1786083343,506524453,1,757.9486083984375,102.60590362548828,-901.8387451171875,,,,,,,,,,1657339,13803
1786083343,506524453,,,,,5,-1496.62841796875,1031.48193359375,-791.21142578125,0.0031286533921957016,-0.08111575245857239,-0.07894214987754822,0.9935685992240906,1,1657339,13803
1786083343,514673053,1,756.57275390625,102.29688262939453,-905.008544921875,,,,,,,,,,1657340,13803
1786083343,514673053,,,,,5,-1496.6917724609375,1031.528076171875,-791.21484375,0.0028588781133294106,-0.08082596957683563,-0.07898420095443726,0.9935897588729858,1,1657340,13803
1786083343,522222924,1,755.4379272460938,102.7035903930664,-908.1937866210938,,,,,,,,,,1657341,13803
1786083343,522222924,,,,,5,-1496.6224365234375,1031.4652099609375,-791.2116088867188,0.003291436703875661,-0.08102148026227951,-0.07995118945837021,0.9934951066970825,1,1657341,13803
1786083343,531452371,1,753.0203857421875,101.70226287841797,-910.8392944335938,,,,,,,,,,1657342,13803
1786083343,531452371,,,,,5,-1496.6444091796875,1031.4617919921875,-791.263427734375,0.003386525437235832,-0.08095890283584595,-0.08091399818658829,0.9934219717979431,1,1657342,13803
1786083343,538695727,1,752.3472290039062,102.63618469238281,-913.638427734375,,,,,,,,,,1657343,13803
1786083343,538695727,,,,,5,-1496.6234130859375,1031.4786376953125,-791.271240234375,0.0030877995304763317,-0.08112862706184387,-0.07911870628595352,0.993553638458252,1,1657343,13803
1786083343,548066675,1,752.5386962890625,102.10958099365234,-918.2290649414062,,,,,,,,,,1657344,13803
1786083343,548066675,,,,,5,-1496.6658935546875,1031.4600830078125,-791.2222290039062,0.003236253745853901,-0.08066997677087784,-0.08075884729623795,0.9934585690498352,1,1657344,13803
1786083343,556412857,1,748.4743041992188,101.27412414550781,-920.1509399414062,,,,,,,,,,1657345,13803
1786083343,556412857,,,,,5,-1496.6239013671875,1031.4969482421875,-791.1925659179688,0.0024504722096025944,-0.08132503926753998,-0.07906784862279892,0.9935433864593506,1,1657345,13803
1786083343,565923545,1,748.8453369140625,102.12969970703125,-923.757080078125,,,,,,,,,,1657346,13803
1786083343,565923545,,,,,5,-1496.6365966796875,1031.4661865234375,-791.2042236328125,0.002627180889248848,-0.08120107650756836,-0.07957974076271057,0.9935121536254883,1,1657346,13803
1786083343,578137423,1,747.066650390625,101.83895111083984,-926.5620727539062,,,,,,,,,,1657347,13803
1786083343,578137423,,,,,5,-1496.6605224609375,1031.5433349609375,-791.2634887695312,0.002962325466796756,-0.08093947917222977,-0.0794009268283844,0.9935469627380371,1,1657347,13803
1786083343,581391610,1,745.4764404296875,102.39176940917969,-930.9432373046875,,,,,,,,,,1657348,13803
1786083343,581391610,,,,,5,-1496.649169921875,1031.4957275390625,-791.2916259765625,0.0033626018557697535,-0.08065573126077652,-0.07881072163581848,0.9936156868934631,1,1657348,13803
1786083343,589129114,1,743.9764404296875,101.93292236328125,-932.5587768554688,,,,,,,,,,1657349,13803
1786083343,589129114,,,,,5,-1496.6463623046875,1031.484375,-791.2594604492188,0.003332330146804452,-0.0812055692076683,-0.08001502603292465,0.9934748411178589,1,1657349,13803
1786083343,598059436,1,742.3685302734375,101.79898834228516,-935.3051147460938,,,,,,,,,,1657350,13803
1786083343,598059436,,,,,5,-1496.666015625,1031.5240478515625,-791.2347412109375,0.0030609022360295057,-0.0808534249663353,-0.07901585102081299,0.993584394454956,1,1657350,13803
1786083343,606084483,1,740.6773071289062,101.79024505615234,-938.8331909179688,,,,,,,,,,1657351,13803
1786083343,606084483,,,,,5,-1496.7032470703125,1031.5765380859375,-791.2686767578125,0.003149399533867836,-0.08112673461437225,-0.08015163242816925,0.9934707283973694,1,1657351,13803
1786083343,613875446,1,738.909423828125,102.24574279785156,-940.9718017578125,,,,,,,,,,1657352,13803
1786083343,613875446,,,,,5,-1496.639892578125,1031.5184326171875,-791.2265625,0.002827262971550226,-0.08124115318059921,-0.07952512800693512,0.9935126900672913,1,1657352,13803
1786083343,622956930,1,737.0369262695312,101.1478042602539,-944.0554809570312,,,,,,,,,,1657353,13803
1786083343,622956930,,,,,5,-1496.6500244140625,1031.4554443359375,-791.27197265625,0.0031630820594727993,-0.08058225363492966,-0.07853037863969803,0.9936444759368896,1,1657353,13803
1786083343,631539021,1,734.70947265625,101.28165435791016,-947.2022705078125,,,,,,,,,,1657354,13803
1786083343,631539021,,,,,5,-1496.6512451171875,1031.42138671875,-791.242431640625,0.0030150231905281544,-0.08120588958263397,-0.08096565306186676,0.9933987259864807,1,1657354,13803
1786083343,639051557,1,733.3646850585938,103.21565246582031,-949.8280029296875,,,,,,,,,,1657355,13803
1786083343,639051557,,,,,5,-1496.6375732421875,1031.4708251953125,-791.2601928710938,0.0036235463339835405,-0.08081449568271637,-0.08154898881912231,0.9933809041976929,1,1657355,13803
1786083343,648301831,1,731.799560546875,102.50980377197266,-953.08642578125,,,,,,,,,,1657356,13803
1786083343,648301831,,,,,5,-1496.6273193359375,1031.48291015625,-791.2894287109375,0.003563355654478073,-0.08083416521549225,-0.07980578392744064,0.9935210943222046,1,1657356,13803
1786083343,657530606,1,730.8013916015625,102.69865417480469,-956.2172241210938,,,,,,,,,,1657357,13803
1786083343,657530606,,,,,5,-1496.5999755859375,1031.481689453125,-791.2579956054688,0.0033409930765628815,-0.08096824586391449,-0.07924561202526093,0.9935557246208191,1,1657357,13803
1786083343,666139954,1,728.0772705078125,102.6455078125,-958.6732788085938,,,,,,,,,,1657358,13803
1786083343,666139954,,,,,5,-1496.659423828125,1031.474853515625,-791.2346801757812,0.003105240873992443,-0.08124970644712448,-0.08073534816503525,0.9934135675430298,1,1657358,13803
1786083343,672742960,1,726.23583984375,102.42115020751953,-961.4305419921875,,,,,,,,,,1657359,13803
1786083343,672742960,,,,,5,-1496.6702880859375,1031.4595947265625,-791.1891479492188,0.003398866392672062,-0.08063919842243195,-0.08105847984552383,0.9934360980987549,1,1657359,13803
1786083343,681665828,1,724.634033203125,102.1915283203125,-964.1058349609375,,,,,,,,,,1657360,13803
1786083343,681665828,,,,,5,-1496.6763916015625,1031.555908203125,-791.2617797851562,0.0030258777551352978,-0.08095107227563858,-0.07957563549280167,0.9935318231582642,1,1657360,13803
1786083343,689899271,1,722.791748046875,102.00514221191406,-966.6732177734375,,,,,,,,,,1657361,13803
1786083343,689899271,,,,,5,-1496.6883544921875,1031.4862060546875,-791.232177734375,0.0029987215530127287,-0.08087590336799622,-0.08010125905275345,0.9934957027435303,1,1657361,13803
1786083343,698188507,1,721.8169555664062,101.35670471191406,-968.6685180664062,,,,,,,,,,1657362,13803
1786083343,698188507,,,,,5,-1496.6400146484375,1031.466552734375,-791.2179565429688,0.003200653474777937,-0.080901600420475,-0.08090394735336304,0.9934279918670654,1,1657362,13803
1786083343,706518789,1,719.3722534179688,101.56295013427734,-971.6396484375,,,,,,,,,,1657363,13803
1786083343,706518789,,,,,5,-1496.631103515625,1031.4659423828125,-791.2628784179688,0.0034091188572347164,-0.08096339553594589,-0.07954385131597519,0.993532121181488,1,1657363,13803
1786083343,717287432,1,717.355712890625,102.23229217529297,-974.0490112304688,,,,,,,,,,1657364,13803
1786083343,717287432,,,,,5,-1496.650634765625,1031.51025390625,-791.22119140625,0.0032168140169233084,-0.08074436336755753,-0.0792730301618576,0.9935722351074219,1,1657364,13803
1786083343,722587439,1,716.8639526367188,101.99162292480469,-976.3242797851562,,,,,,,,,,1657365,13803
1786083343,722587439,,,,,5,-1496.677001953125,1031.4359130859375,-791.2072143554688,0.0032684216275811195,-0.0806923508644104,-0.07986440509557724,0.9935289621353149,1,1657365,13803
1786083343,731938551,1,715.096923828125,102.34308624267578,-978.631591796875,,,,,,,,,,1657366,13803
1786083343,731938551,,,,,5,-1496.67236328125,1031.46484375,-791.1806030273438,0.002881354419514537,-0.08106331527233124,-0.08000053465366364,0.9934889078140259,1,1657366,13803
1786083343,739730345,1,713.3882446289062,102.123046875,-981.0592041015625,,,,,,,,,,1657367,13803
1786083343,739730345,,,,,5,-1496.6151123046875,1031.48388671875,-791.2362060546875,0.0031536740716546774,-0.08089014142751694,-0.07920276373624802,0.9935662150382996,1,1657367,13803
1786083343,748892929,1,711.5885009765625,102.49476623535156,-983.48974609375,,,,,,,,,,1657368,13803
1786083343,748892929,,,,,5,-1496.6304931640625,1031.4708251953125,-791.2579956054688,0.00327433948405087,-0.08088698983192444,-0.0796981230378151,0.9935263991355896,1,1657368,13803
1786083343,755380412,1,709.9332275390625,102.62774658203125,-985.724853515625,,,,,,,,,,1657369,13803
1786083343,755380412,,,,,5,-1496.6639404296875,1031.490478515625,-791.2939453125,0.0032455052714794874,-0.0807318165898323,-0.07932689040899277,0.9935688376426697,1,1657369,13803
1786083343,764856037,1,708.6483154296875,102.4003677368164,-987.4920043945312,,,,,,,,,,1657370,13803
1786083343,764856037,,,,,5,-1496.6287841796875,1031.4912109375,-791.2743530273438,0.00326331052929163,-0.08069681376218796,-0.07900130748748779,0.9935975670814514,1,1657370,13803
1786083343,772326760,1,707.5206909179688,101.3499755859375,-990.3853759765625,,,,,,,,,,1657371,13803
1786083343,772326760,,,,,5,-1496.6138916015625,1031.421630859375,-791.2203979492188,0.0030435752123594284,-0.08094315230846405,-0.08006563782691956,0.9934930801391602,1,1657371,13803
1786083343,781507196,1,706.0625610351562,101.43415832519531,-992.4175415039062,,,,,,,,,,1657372,13803
1786083343,781507196,,,,,5,-1496.6505126953125,1031.510986328125,-791.236328125,0.0031259998213499784,-0.08064620941877365,-0.07936625182628632,0.9935730695724487,1,1657372,13803
1786083343,789274516,1,703.9208374023438,102.29447174072266,-994.6903686523438,,,,,,,,,,1657373,13803
1786083343,789274516,,,,,5,-1496.645751953125,1031.4849853515625,-791.30615234375,0.0031012685503810644,-0.08070596307516098,-0.07845801115036011,0.9936403632164001,1,1657373,13803
1786083343,798230240,1,703.4290161132812,100.69622039794922,-996.05126953125,,,,,,,,,,1657374,13803
1786083343,798230240,,,,,5,-1496.666015625,1031.5220947265625,-791.3253784179688,0.0036629897076636553,-0.08087631314992905,-0.08066707104444504,0.9934477806091309,1,1657374,13803
1786083343,806660145,1,701.1900024414062,102.00821685791016,-999.1370239257812,,,,,,,,,,1657375,13803
1786083343,806660145,,,,,5,-1496.650634765625,1031.442626953125,-791.2064819335938,0.00331250112503767,-0.08077691495418549,-0.08098406344652176,0.9934312701225281,1,1657375,13803
1786083343,814914798,1,700.173583984375,101.60344696044922,-1000.983642578125,,,,,,,,,,1657376,13803
1786083343,814914798,,,,,5,-1496.6480712890625,1031.4417724609375,-791.2474975585938,0.003231539623811841,-0.08070994168519974,-0.08005401492118835,0.9935122728347778,1,1657376,13803
1786083343,822153131,1,698.685302734375,100.9549560546875,-1003.2735595703125,,,,,,,,,,1657377,13803
1786083343,822153131,,,,,5,-1496.6639404296875,1031.454345703125,-791.2657470703125,0.002900786232203245,-0.0806504637002945,-0.07926017791032791,0.9935818314552307,1,1657377,13803
1786083343,831594781,1,697.2879028320312,101.4839859008789,-1005.199951171875,,,,,,,,,,1657378,13803
1786083343,831594781,,,,,5,-1496.6578369140625,1031.5294189453125,-791.2567138671875,0.003196638310328126,-0.08090817183256149,-0.07940968871116638,0.9935480356216431,1,1657378,13803
1786083343,839396493,1,695.5245361328125,101.68451690673828,-1007.221435546875,,,,,,,,,,1657379,13803
1786083343,839396493,,,,,5,-1496.61962890625,1031.44970703125,-791.2640380859375,0.0031527290120720863,-0.08064151555299759,-0.07807937264442444,0.9936753511428833,1,1657379,13803
1786083343,848171366,1,693.94580078125,101.55310821533203,-1009.1039428710938,,,,,,,,,,1657380,13803
1786083343,848171366,,,,,5,-1496.6414794921875,1031.4163818359375,-791.1879272460938,0.002930863294750452,-0.08105102181434631,-0.08003431558609009,0.9934871196746826,1,1657380,13803
1786083343,856158823,1,692.6021728515625,101.75379943847656,-1010.9763793945312,,,,,,,,,,1657381,13803
1786083343,856158823,,,,,5,-1496.64306640625,1031.4466552734375,-791.2008666992188,0.002964324550703168,-0.08103305846452713,-0.07911576330661774,0.9935621023178101,1,1657381,13803
1786083343,864142984,1,691.2091674804688,101.47889709472656,-1012.9769287109375,,,,,,,,,,1657382,13803
1786083343,864142984,,,,,5,-1496.6624755859375,1031.5159912109375,-791.2534790039062,0.003516881726682186,-0.08091802150011063,-0.0815710574388504,0.9933710694313049,1,1657382,13803
1786083343,873090519,1,689.990966796875,101.603515625,-1014.9758911132812,,,,,,,,,,1657383,13803
1786083343,873090519,,,,,5,-1496.7130126953125,1031.4710693359375,-791.1942138671875,0.002933484734967351,-0.0809755027294159,-0.08080746233463287,0.9934306740760803,1,1657383,13803
1786083343,881357873,1,688.6022338867188,101.37702941894531,-1016.9275512695312,,,,,,,,,,1657384,13803
1786083343,881357873,,,,,5,-1496.6363525390625,1031.467041015625,-791.2496337890625,0.003302117809653282,-0.08065862953662872,-0.07935009151697159,0.9935727715492249,1,1657384,13803
1786083343,888948949,1,687.1928100585938,101.48542785644531,-1018.5748291015625,,,,,,,,,,1657385,13803
1786083343,888948949,,,,,5,-1496.6416015625,1031.4224853515625,-791.1929321289062,0.0027578717563301325,-0.08109187334775925,-0.07996483147144318,0.9934899210929871,1,1657385,13803
1786083343,898205333,1,686.41015625,99.9781494140625,-1020.739990234375,,,,,,,,,,1657386,13803
1786083343,898205333,,,,,5,-1496.6727294921875,1031.5130615234375,-791.2200927734375,0.002927130088210106,-0.08092081546783447,-0.07978260517120361,0.993518054485321,1,1657386,13803
1786083343,906340817,1,687.0337524414062,97.94556427001953,-1022.84619140625,,,,,,,,,,1657387,13803
1786083343,906340817,,,,,5,-1496.677490234375,1031.4940185546875,-791.2568969726562,0.0034477775916457176,-0.08085319399833679,-0.08061349391937256,0.9934548735618591,1,1657387,13803
1786083343,913830255,1,683.9653930664062,100.10787200927734,-1024.20751953125,,,,,,,,,,1657388,13803
1786083343,913830255,,,,,5,-1496.6661376953125,1031.3916015625,-791.2123413085938,0.003019158961251378,-0.08072447776794434,-0.0805455818772316,0.9934720993041992,1,1657388,13803
1786083343,923056983,1,681.8961181640625,100.39967346191406,-1025.7100830078125,,,,,,,,,,1657389,13803
1786083343,923056983,,,,,5,-1496.6419677734375,1031.4656982421875,-791.2247314453125,0.0032163348514586687,-0.08084088563919067,-0.07972808927297592,0.9935279488563538,1,1657389,13803
1786083343,931238950,1,680.7909545898438,100.26223754882812,-1027.3380126953125,,,,,,,,,,1657390,13803
1786083343,931238950,,,,,5,-1496.6195068359375,1031.45703125,-791.24072265625,0.003357877489179373,-0.0806344747543335,-0.07948215305805206,0.9935638904571533,1,1657390,13803
1786083343,938807504,1,679.6316528320312,100.1091079711914,-1028.947509765625,,,,,,,,,,1657391,13803
1786083343,938807504,,,,,5,-1496.63623046875,1031.470703125,-791.2171020507812,0.003477608785033226,-0.08111652731895447,-0.08029349148273468,0.9934591054916382,1,1657391,13803
1786083343,947930770,1,678.4010009765625,100.10344696044922,-1030.6302490234375,,,,,,,,,,1657392,13803
1786083343,947930770,,,,,5,-1496.725830078125,1031.5133056640625,-791.2566528320312,0.002644758904352784,-0.08107363432645798,-0.0791776105761528,0.9935547113418579,1,1657392,13803
1786083343,956171731,1,676.8121337890625,100.0311050415039,-1032.228759765625,,,,,,,,,,1657393,13803
1786083343,956171731,,,,,5,-1496.6375732421875,1031.405517578125,-791.1680297851562,0.0028159695211797953,-0.08092676103115082,-0.07946716994047165,0.9935429692268372,1,1657393,13803
1786083343,963844003,1,676.2567138671875,99.02999114990234,-1033.4788818359375,,,,,,,,,,1657394,13803
1786083343,963844003,,,,,5,-1496.6068115234375,1031.468017578125,-791.1953125,0.0033955657854676247,-0.08120086044073105,-0.08025752753019333,0.9934553503990173,1,1657394,13803
1786083343,972854977,1,672.613037109375,100.31641387939453,-1035.076416015625,,,,,,,,,,1657395,13803
1786083343,972854977,,,,,5,-1496.6641845703125,1031.4815673828125,-791.25146484375,0.0032749746460467577,-0.08083436638116837,-0.07978342473506927,0.9935237765312195,1,1657395,13803
1786083343,980819400,1,672.8464965820312,100.21202087402344,-1036.2430419921875,,,,,,,,,,1657396,13803
1786083343,980819400,,,,,5,-1496.6298828125,1031.451904296875,-791.21630859375,0.003073634346947074,-0.08110637217760086,-0.0794803649187088,0.9935265779495239,1,1657396,13803
1786083343,989844866,1,671.77734375,102.22211456298828,-1037.4901123046875,,,,,,,,,,1657397,13803
1786083343,989844866,,,,,5,-1496.6800537109375,1031.5015869140625,-791.228515625,0.003041122807189822,-0.08109728991985321,-0.08060630410909653,0.9934366345405579,1,1657397,13803
1786083343,998110269,1,670.6093139648438,101.88493347167969,-1039.119384765625,,,,,,,,,,1657398,13803
1786083343,998110269,,,,,5,-1496.6829833984375,1031.5113525390625,-791.2452392578125,0.003175110323354602,-0.08067677170038223,-0.0799972340464592,0.9935197234153748,1,1657398,13803
1786083344,5505587,1,668.6759643554688,100.65093994140625,-1040.947021484375,,,,,,,,,,1657399,13803
1786083344,5505587,,,,,5,-1496.6566162109375,1031.501953125,-791.1941528320312,0.002999335527420044,-0.08122002333402634,-0.08017127215862274,0.9934620261192322,1,1657399,13803
1786083344,14699914,1,666.0982666015625,99.84656524658203,-1042.4239501953125,,,,,,,,,,1657400,13803
1786083344,14699914,,,,,5,-1496.6414794921875,1031.4700927734375,-791.251708984375,0.002911648480221629,-0.08076838403940201,-0.08037326484918594,0.993482768535614,1,1657400,13803
1786083344,22725191,1,665.380615234375,100.0811538696289,-1043.7391357421875,,,,,,,,,,1657401,13803
1786083344,22725191,,,,,5,-1496.6348876953125,1031.4818115234375,-791.2483520507812,0.0032903479877859354,-0.08106419444084167,-0.08080849051475525,0.9934222102165222,1,1657401,13803
1786083344,30545720,1,664.8595581054688,100.2915267944336,-1045.5584716796875,,,,,,,,,,1657402,13803
1786083344,30545720,,,,,5,-1496.6461181640625,1031.4486083984375,-791.1664428710938,0.0026134971994906664,-0.081163689494133,-0.0799562856554985,0.9934850931167603,1,1657402,13803
1786083344,39556190,1,661.715087890625,101.4499282836914,-1045.28564453125,,,,,,,,,,1657403,13803
1786083344,39556190,,,,,5,-1496.675048828125,1031.4710693359375,-791.1892700195312,0.0028509986586868763,-0.08104713261127472,-0.08052382618188858,0.9934480786323547,1,1657403,13803
1786083344,47571550,1,661.8085327148438,99.66519165039062,-1047.3204345703125,,,,,,,,,,1657404,13803
1786083344,47571550,,,,,5,-1496.684814453125,1031.41943359375,-791.2286987304688,0.0028618071228265762,-0.08109685778617859,-0.08014768362045288,0.9934743642807007,1,1657404,13803
1786083344,56602878,1,660.7437744140625,100.05032348632812,-1048.9141845703125,,,,,,,,,,1657405,13803
1786083344,56602878,,,,,5,-1496.6793212890625,1031.4676513671875,-791.230712890625,0.002826810348778963,-0.08096131682395935,-0.08139181137084961,0.9933844208717346,1,1657405,13803
1786083344,64770648,1,659.81103515625,100.10393524169922,-1050.17333984375,,,,,,,,,,1657406,13803
1786083344,64770648,,,,,5,-1496.6820068359375,1031.4315185546875,-791.21240234375,0.003376841312274337,-0.08093015104532242,-0.080921471118927,0.9934237003326416,1,1657406,13803
1786083344,72023319,1,658.3464965820312,101.64974975585938,-1051.173828125,,,,,,,,,,1657407,13803
1786083344,72023319,,,,,5,-1496.6412353515625,1031.489013671875,-791.2597045898438,0.003431763267144561,-0.08110697567462921,-0.08115968108177185,0.9933896660804749,1,1657407,13803
1786083344,81431513,1,657.5111694335938,101.32344818115234,-1052.110595703125,,,,,,,,,,1657408,13803
1786083344,81431513,,,,,5,-1496.63720703125,1031.4986572265625,-791.2174072265625,0.0029691304080188274,-0.08105567842721939,-0.07996318489313126,0.9934922456741333,1,1657408,13803
1786083344,89568378,1,656.5451049804688,101.81075286865234,-1054.097412109375,,,,,,,,,,1657409,13803
1786083344,89568378,,,,,5,-1496.6810302734375,1031.47802734375,-791.2176513671875,0.0029920884408056736,-0.08095979690551758,-0.08024309575557709,0.993477463722229,1,1657409,13803
1786083344,97156838,1,656.0551147460938,101.36997985839844,-1055.8536376953125,,,,,,,,,,1657410,13803
1786083344,97156838,,,,,5,-1496.688720703125,1031.4683837890625,-791.1896362304688,0.002904443768784404,-0.08087211102247238,-0.08038988709449768,0.9934731125831604,1,1657410,13803
1786083344,106500888,1,655.572021484375,101.94371032714844,-1057.89794921875,,,,,,,,,,1657411,13803
1786083344,106500888,,,,,5,-1496.6422119140625,1031.45947265625,-791.2631225585938,0.0033272316213697195,-0.08070555329322815,-0.08055717498064041,0.9934717416763306,1,1657411,13803
1786083344,114556685,1,655.2724609375,101.38362884521484,-1059.810302734375,,,,,,,,,,1657412,13803
1786083344,114556685,,,,,5,-1496.6541748046875,1031.4388427734375,-791.1744384765625,0.003034844994544983,-0.08074601739645004,-0.08151563256978989,0.993391215801239,1,1657412,13803
1786083344,122127741,1,654.9425048828125,99.96060943603516,-1060.7911376953125,,,,,,,,,,1657413,13803
1786083344,122127741,,,,,5,-1496.6455078125,1031.4539794921875,-791.2047119140625,0.002939425641670823,-0.0812280997633934,-0.0804777666926384,0.993436872959137,1,1657413,13803
1786083344,131353548,1,654.341064453125,99.94757843017578,-1061.927490234375,,,,,,,,,,1657414,13803
1786083344,131353548,,,,,5,-1496.7060546875,1031.456787109375,-791.16845703125,0.002881747903302312,-0.08082309365272522,-0.0805940181016922,0.9934606552124023,1,1657414,13803
1786083344,139314330,1,653.8197021484375,99.71952819824219,-1063.867431640625,,,,,,,,,,1657415,13803
1786083344,139314330,,,,,5,-1496.6402587890625,1031.493408203125,-791.2273559570312,0.003163885558024049,-0.08096714317798615,-0.08095268905162811,0.9934188723564148,1,1657415,13803
1786083344,147292355,1,653.669677734375,99.14555358886719,-1065.14501953125,,,,,,,,,,1657416,13803
1786083344,147292355,,,,,5,-1496.6651611328125,1031.4559326171875,-791.1867065429688,0.0026886742562055588,-0.08087584376335144,-0.07968659698963165,0.9935299754142761,1,1657416,13803
1786083344,156399313,1,650.25927734375,101.35225677490234,-1065.7938232421875,,,,,,,,,,1657417,13803
1786083344,156399313,,,,,5,-1496.6917724609375,1031.447265625,-791.1809692382812,0.0027951400261372328,-0.08087945729494095,-0.0803523138165474,0.9934758543968201,1,1657417,13803
1786083344,164833959,1,650.5662841796875,97.66746520996094,-1067.4307861328125,,,,,,,,,,1657418,13803
1786083344,164833959,,,,,5,-1496.6494140625,1031.4375,-791.20068359375,0.002555476501584053,-0.08097560703754425,-0.07925999164581299,0.9935563802719116,1,1657418,13803
1786083344,172041906,1,650.5465698242188,97.53807067871094,-1069.421875,,,,,,,,,,1657419,13803
1786083344,172041906,,,,,5,-1496.6287841796875,1031.4500732421875,-791.2128295898438,0.0031756837852299213,-0.08122742921113968,-0.08038844168186188,0.9934433102607727,1,1657419,13803
1786083344,181680314,1,649.9801635742188,95.43936157226562,-1071.0091552734375,,,,,,,,,,1657420,13803
1786083344,181680314,,,,,5,-1496.640625,1031.44091796875,-791.2518920898438,0.0031623784452676773,-0.080863356590271,-0.08060138672590256,0.9934557676315308,1,1657420,13803
1786083344,189124106,1,649.390869140625,97.46385955810547,-1072.3128662109375,,,,,,,,,,1657421,13803
1786083344,189124106,,,,,5,-1496.6368408203125,1031.5028076171875,-791.1940307617188,0.0028728898614645004,-0.08117575943470001,-0.07993502169847488,0.9934849739074707,1,1657421,13803
1786083344,198098232,1,649.8134155273438,97.7050552368164,-1073.38232421875,,,,,,,,,,1657422,13803
1786083344,198098232,,,,,5,-1496.6827392578125,1031.46240234375,-791.2318115234375,0.003340022638440132,-0.08114088326692581,-0.0807533711194992,0.9934203624725342,1,1657422,13803
1786083344,206482012,1,645.15234375,102.21739959716797,-1074.732421875,,,,,,,,,,1657423,13803
1786083344,206482012,,,,,5,-1496.6854248046875,1031.4808349609375,-791.181884765625,0.0028245416469872,-0.08089003711938858,-0.08039744943380356,0.9934711456298828,1,1657423,13803
1786083344,213836130,1,646.0386352539062,101.98530578613281,-1076.46728515625,,,,,,,,,,1657424,13803
1786083344,213836130,,,,,5,-1496.6448974609375,1031.4888916015625,-791.2185668945312,0.0026925443671643734,-0.08123360574245453,-0.07948008179664612,0.9935173392295837,1,1657424,13803
1786083344,223589069,1,643.5728149414062,101.57926940917969,-1077.3165283203125,,,,,,,,,,1657425,13803
1786083344,223589069,,,,,5,-1496.665283203125,1031.4482421875,-791.2246704101562,0.0030520260334014893,-0.08127757161855698,-0.08088197559118271,0.9933995604515076,1,1657425,13803
1786083344,231473646,1,644.04736328125,101.01651000976562,-1079.35302734375,,,,,,,,,,1657426,13803
1786083344,231473646,,,,,5,-1496.6531982421875,1031.456298828125,-791.2619018554688,0.003426120849326253,-0.0806841105222702,-0.08073057979345322,0.9934590458869934,1,1657426,13803
1786083344,238759877,1,642.4321899414062,100.66563415527344,-1080.540283203125,,,,,,,,,,1657427,13803
1786083344,238759877,,,,,5,-1496.671142578125,1031.5052490234375,-791.2665405273438,0.003468078328296542,-0.08074647933244705,-0.08080197125673294,0.99344801902771,1,1657427,13803
1786083344,247840313,1,642.448486328125,97.35041046142578,-1082.43310546875,,,,,,,,,,1657428,13803
1786083344,247840313,,,,,5,-1496.5885009765625,1031.456298828125,-791.22119140625,0.0031361717265099287,-0.08113501965999603,-0.07987530529499054,0.9934924840927124,1,1657428,13803
1786083344,255675910,1,641.9277954101562,100.3857421875,-1083.2369384765625,,,,,,,,,,1657429,13803
1786083344,255675910,,,,,5,-1496.6292724609375,1031.468505859375,-791.2435913085938,0.0030868779867887497,-0.08088049292564392,-0.08009345084428787,0.993495762348175,1,1657429,13803
1786083344,264782964,1,639.2994995117188,99.23013305664062,-1084.8955078125,,,,,,,,,,1657430,13803
1786083344,264782964,,,,,5,-1496.6629638671875,1031.4542236328125,-791.2180786132812,0.003102419897913933,-0.08090435713529587,-0.08065623790025711,0.9934482574462891,1,1657430,13803
1786083344,272707050,1,638.1746826171875,98.35699462890625,-1086.9967041015625,,,,,,,,,,1657431,13803
1786083344,272707050,,,,,5,-1496.6392822265625,1031.4691162109375,-791.216552734375,0.0032733213156461716,-0.08101144433021545,-0.08064515143632889,0.9934398531913757,1,1657431,13803
1786083344,281051832,1,633.946533203125,98.78144073486328,-1086.203369140625,,,,,,,,,,1657432,13803
1786083344,281051832,,,,,5,-1496.6336669921875,1031.4959716796875,-791.242919921875,0.003216391196474433,-0.08086781203746796,-0.0798855572938919,0.9935130476951599,1,1657432,13803
1786083344,288601741,1,633.6508178710938,99.65670013427734,-1087.8587646484375,,,,,,,,,,1657433,13803
1786083344,288601741,,,,,5,-1496.5936279296875,1031.474609375,-791.2418212890625,0.0029541454277932644,-0.08090060949325562,-0.0795164704322815,0.9935407638549805,1,1657433,13803
1786083344,298192992,1,631.744140625,98.54618072509766,-1089.10693359375,,,,,,,,,,1657434,13803
1786083344,298192992,,,,,5,-1496.656005859375,1031.46923828125,-791.2860717773438,0.0032484610565006733,-0.08072811365127563,-0.07970266789197922,0.9935391545295715,1,1657434,13803
1786083344,305572544,1,636.7881469726562,100.78652954101562,-1089.9493408203125,,,,,,,,,,1657435,13803
1786083344,305572544,,,,,5,-1496.6229248046875,1031.4852294921875,-791.25,0.0033846478909254074,-0.08077338337898254,-0.08028901368379593,0.9934875965118408,1,1657435,13803
1786083344,314853953,1,636.521728515625,99.67423248291016,-1091.84375,,,,,,,,,,1657436,13803
1786083344,314853953,,,,,5,-1496.643310546875,1031.4644775390625,-791.2550048828125,0.003517881501466036,-0.08056171238422394,-0.07972457259893417,0.9935498237609863,1,1657436,13803
1786083344,322666644,1,637.7864379882812,98.32931518554688,-1093.2236328125,,,,,,,,,,1657437,13803
1786083344,322666644,,,,,5,-1496.661865234375,1031.497802734375,-791.2575073242188,0.003370943246409297,-0.0808645635843277,-0.08048257231712341,0.9934647083282471,1,1657437,13803
1786083344,330430931,1,635.94775390625,99.81245422363281,-1094.175048828125,,,,,,,,,,1657438,13803
1786083344,330430931,,,,,5,-1496.653564453125,1031.4755859375,-791.1813354492188,0.0026786921080201864,-0.08144769817590714,-0.08108293265104294,0.9933702349662781,1,1657438,13803
1786083344,339737327,1,637.6419067382812,100.39581298828125,-1095.191162109375,,,,,,,,,,1657439,13803
1786083344,339737327,,,,,5,-1496.6756591796875,1031.4498291015625,-791.2055053710938,0.0029803551733493805,-0.0811949148774147,-0.08081695437431335,0.9934118986129761,1,1657439,13803
1786083344,347643658,1,637.7980346679688,100.96529388427734,-1098.1431884765625,,,,,,,,,,1657440,13803
1786083344,347643658,,,,,5,-1496.6668701171875,1031.510498046875,-791.2110595703125,0.002938987221568823,-0.08129288256168365,-0.08016987144947052,0.9934563636779785,1,1657440,13803
1786083344,355499282,1,637.0811157226562,97.09144592285156,-1101.0018310546875,,,,,,,,,,1657441,13803
1786083344,355499282,,,,,5,-1496.6549072265625,1031.443359375,-791.145263671875,0.0026948440354317427,-0.08117827773094177,-0.08016593009233475,0.9934667348861694,1,1657441,13803
1786083344,364742781,1,636.6624755859375,95.10450744628906,-1103.6236572265625,,,,,,,,,,1657442,13803
1786083344,364742781,,,,,5,-1496.6492919921875,1031.5179443359375,-791.189453125,0.0029995543882250786,-0.08143771439790726,-0.08092887699604034,0.9933828115463257,1,1657442,13803
1786083344,372189132,1,636.7611694335938,93.08618927001953,-1106.2880859375,,,,,,,,,,1657443,13803
1786083344,372189132,,,,,5,-1496.61865234375,1031.4527587890625,-791.2164306640625,0.0035102430265396833,-0.08125428855419159,-0.08188515901565552,0.9933178424835205,1,1657443,13803
1786083344,381404798,1,636.3114624023438,91.70112609863281,-1110.257080078125,,,,,,,,,,1657444,13803
1786083344,381404798,,,,,5,-1496.6212158203125,1031.4586181640625,-791.1887817382812,0.0029898558277636766,-0.08107002824544907,-0.07910095900297165,0.9935601353645325,1,1657444,13803
1786083344,389561659,1,636.072509765625,89.72718048095703,-1114.0184326171875,,,,,,,,,,1657445,13803
1786083344,389561659,,,,,5,-1496.6502685546875,1031.5682373046875,-791.254638671875,0.0028932930435985327,-0.08094687759876251,-0.07953041046857834,0.9935362339019775,1,1657445,13803
1786083344,397263177,1,636.5399169921875,88.85818481445312,-1117.9405517578125,,,,,,,,,,1657446,13803
1786083344,397263177,,,,,5,-1496.64306640625,1031.4490966796875,-791.2511596679688,0.003233160125091672,-0.08089585602283478,-0.07917147874832153,0.993567943572998,1,1657446,13803
1786083344,406505973,1,631.853515625,90.81294250488281,-1116.9923095703125,,,,,,,,,,1657447,13803
1786083344,406505973,,,,,5,-1496.6444091796875,1031.4803466796875,-791.23974609375,0.0033565389458090067,-0.08142246305942535,-0.08057942241430283,0.9934113025665283,1,1657447,13803
1786083344,414532882,1,631.4088134765625,90.6982421875,-1121.41650390625,,,,,,,,,,1657448,13804
1786083344,414532882,,,,,5,-1496.644775390625,1031.513671875,-791.2345581054688,0.0030579715967178345,-0.0810399129986763,-0.0803518295288086,0.9934620261192322,1,1657448,13804
1786083344,422093380,,,,,5,-1496.631591796875,1031.4649658203125,-791.1992797851562,0.0028934041038155556,-0.08116385340690613,-0.0791766569018364,0.9935466647148132,1,1657449,13804
1786083344,431407901,,,,,5,-1496.619873046875,1031.4376220703125,-791.1918334960938,0.0027072825469076633,-0.0810997262597084,-0.0789060965180397,0.9935739636421204,1,1657450,13804
1786083344,439473840,,,,,5,-1496.6395263671875,1031.4447021484375,-791.20849609375,0.002697670366615057,-0.08118802309036255,-0.08028144389390945,0.9934566617012024,1,1657451,13804
1786083344,446962549,,,,,5,-1496.615234375,1031.4339599609375,-791.2027587890625,0.003033431014046073,-0.08106489479541779,-0.07965967059135437,0.9935158491134644,1,1657452,13804
1786083344,456299752,,,,,5,-1496.6226806640625,1031.4617919921875,-791.179443359375,0.0026551547925919294,-0.08132120966911316,-0.0797198936343193,0.9934910535812378,1,1657453,13804
1786083344,464426860,,,,,5,-1496.6033935546875,1031.435546875,-791.2371215820312,0.003296761540696025,-0.08089107275009155,-0.07990394532680511,0.9935095906257629,1,1657454,13804
1786083344,472025365,,,,,5,-1496.6090087890625,1031.4776611328125,-791.2026977539062,0.0030283681116998196,-0.08121047168970108,-0.08019303530454636,0.9934608936309814,1,1657455,13804
1786083344,481413787,,,,,5,-1496.611328125,1031.493408203125,-791.1988525390625,0.002810599748045206,-0.08121173083782196,-0.0792745053768158,0.9935351610183716,1,1657456,13804
1786083344,488804632,1,644.993896484375,84.28285217285156,-1135.2567138671875,,,,,,,,,,1657457,13804
1786083344,488804632,,,,,5,-1496.644287109375,1031.4190673828125,-791.2149658203125,0.00315167591907084,-0.0810534805059433,-0.07910259068012238,0.993560791015625,1,1657457,13804
1786083344,497973110,1,646.4991455078125,85.03289794921875,-1135.366455078125,,,,,,,,,,1657458,13804
1786083344,497973110,,,,,5,-1496.6376953125,1031.4632568359375,-791.1818237304688,0.0027751228772103786,-0.08132350444793701,-0.07981874793767929,0.9934825897216797,1,1657458,13804
1786083344,505908170,1,646.857177734375,84.9864730834961,-1133.2763671875,,,,,,,,,,1657459,13804
1786083344,505908170,,,,,5,-1496.6160888671875,1031.4080810546875,-791.1847534179688,0.002934160176664591,-0.08099468052387238,-0.07986653596162796,0.99350506067276,1,1657459,13804
1786083344,514164494,1,644.4497680664062,85.00486755371094,-1129.5927734375,,,,,,,,,,1657460,13804
1786083344,514164494,,,,,5,-1496.6409912109375,1031.392822265625,-791.1964721679688,0.002902811160311103,-0.08083042502403259,-0.08002098649740219,0.993506133556366,1,1657460,13804
1786083344,523243874,1,641.5379638671875,87.1327133178711,-1124.7659912109375,,,,,,,,,,1657461,13804
1786083344,523243874,,,,,5,-1496.6705322265625,1031.466796875,-791.2338256835938,0.003258981043472886,-0.08112825453281403,-0.08186766505241394,0.9933304190635681,1,1657461,13804
1786083344,531192755,1,643.8515014648438,84.86463165283203,-1124.7064208984375,,,,,,,,,,1657462,13804
1786083344,531192755,,,,,5,-1496.64453125,1031.50244140625,-791.2154541015625,0.002887630369514227,-0.08133071660995483,-0.08067291229963303,0.9934126734733582,1,1657462,13804
1786083344,538736617,1,650.9642333984375,77.57246398925781,-1129.963623046875,,,,,,,,,,1657463,13804
1786083344,538736617,,,,,5,-1496.6280517578125,1031.4598388671875,-791.17529296875,0.0025973133742809296,-0.08115484565496445,-0.0787239819765091,0.9935842156410217,1,1657463,13804
1786083344,548222007,1,629.34228515625,89.26581573486328,-1108.998291015625,,,,,,,,,,1657464,13804
1786083344,548222007,,,,,5,-1496.6669921875,1031.4803466796875,-791.2286376953125,0.002763979835435748,-0.08156076073646545,-0.07985050976276398,0.9934605360031128,1,1657464,13804
1786083344,555777099,1,646.846435546875,82.65103149414062,-1118.8128662109375,,,,,,,,,,1657465,13804
1786083344,555777099,,,,,5,-1496.6458740234375,1031.4617919921875,-791.2174682617188,0.0029166985768824816,-0.08104973286390305,-0.07888428866863251,0.9935791492462158,1,1657465,13804
1786083344,564771573,1,646.1469116210938,83.21114349365234,-1112.601318359375,,,,,,,,,,1657466,13804
1786083344,564771573,,,,,5,-1496.6317138671875,1031.4371337890625,-791.1686401367188,0.0022574090398848057,-0.08121971786022186,-0.07974113523960114,0.9934986233711243,1,1657466,13804
1786083344,572899448,1,644.9105224609375,83.51471710205078,-1109.2337646484375,,,,,,,,,,1657467,13804
1786083344,572899448,,,,,5,-1496.6690673828125,1031.4390869140625,-791.172607421875,0.0027425496373325586,-0.08112204074859619,-0.07957503199577332,0.9935187697410583,1,1657467,13804
1786083344,581271711,,,,,5,-1496.6324462890625,1031.4403076171875,-791.2243041992188,0.002944288542494178,-0.081206776201725,-0.07943359017372131,0.9935224652290344,1,1657468,13804
1786083344,588529469,1,616.76220703125,102.82025909423828,-1080.0216064453125,,,,,,,,,,1657469,13804
1786083344,588529469,,,,,5,-1496.632080078125,1031.460205078125,-791.2260131835938,0.0030146976932883263,-0.0809992104768753,-0.07980980724096298,0.9935091137886047,1,1657469,13804
1786083344,597921891,1,616.801513671875,102.76480865478516,-1073.360107421875,,,,,,,,,,1657470,13804
1786083344,597921891,,,,,5,-1496.64501953125,1031.4290771484375,-791.2025756835938,0.002994788344949484,-0.08107081800699234,-0.08077461272478104,0.9934253692626953,1,1657470,13804
1786083344,605040644,,,,,5,-1496.6234130859375,1031.4517822265625,-791.22265625,0.003488469636067748,-0.08077920228242874,-0.07954441010951996,0.9935467839241028,1,1657471,13804
1786083344,614793679,,,,,5,-1496.6614990234375,1031.4901123046875,-791.2091674804688,0.0028629491571336985,-0.08140706270933151,-0.08051618188619614,0.9934192299842834,1,1657472,13804
1786083344,622572107,1,634.3006591796875,91.96686553955078,-1055.9945068359375,,,,,,,,,,1657473,13804
1786083344,622572107,,,,,5,-1496.654296875,1031.4183349609375,-791.1962280273438,0.003004065714776516,-0.08112820237874985,-0.08040457218885422,0.9934507012367249,1,1657473,13804
1786083344,630352230,1,631.5313110351562,95.26164245605469,-1043.6849365234375,,,,,,,,,,1657474,13804
1786083344,630352230,,,,,5,-1496.6380615234375,1031.4425048828125,-791.1956176757812,0.003061931813135743,-0.08106090873479843,-0.08026563376188278,0.9934672117233276,1,1657474,13804
1786083344,639826615,1,633.4501953125,95.96772003173828,-1034.299072265625,,,,,,,,,,1657475,13804
1786083344,639826615,,,,,5,-1496.654296875,1031.4189453125,-791.1450805664062,0.0025109141133725643,-0.08105949312448502,-0.08013632893562317,0.993479311466217,1,1657475,13804
1786083344,647561309,1,632.8418579101562,97.54447174072266,-1022.9736938476562,,,,,,,,,,1657476,13804
1786083344,647561309,,,,,5,-1496.610595703125,1031.4368896484375,-791.1914672851562,0.0028245062567293644,-0.08098246157169342,-0.07830514013767242,0.9936308264732361,1,1657476,13804
1786083344,655979416,1,632.7720336914062,98.38375091552734,-1011.3245239257812,,,,,,,,,,1657477,13804
1786083344,655979416,,,,,5,-1496.681884765625,1031.429443359375,-791.2091674804688,0.0029559305403381586,-0.08073371648788452,-0.08011554926633835,0.9935062527656555,1,1657477,13804
1786083344,664722337,1,633.2557983398438,100.52134704589844,-999.6915283203125,,,,,,,,,,1657478,13804
1786083344,664722337,,,,,5,-1496.6439208984375,1031.429931640625,-791.1925659179688,0.0031677738297730684,-0.08117477595806122,-0.0806133970618248,0.9934293627738953,1,1657478,13804
1786083344,672492670,1,633.4763793945312,101.42540740966797,-987.51513671875,,,,,,,,,,1657479,13804
1786083344,672492670,,,,,5,-1496.6278076171875,1031.4715576171875,-791.18212890625,0.0027812719345092773,-0.08133050054311752,-0.0798168033361435,0.9934821724891663,1,1657479,13804
1786083344,681451537,1,630.8694458007812,103.78176879882812,-975.7525634765625,,,,,,,,,,1657480,13804
1786083344,681451537,,,,,5,-1496.6397705078125,1031.4814453125,-791.1865844726562,0.0029796294402331114,-0.0813758596777916,-0.08060768991708755,0.993414044380188,1,1657480,13804
1786083344,689739340,1,631.0842895507812,105.47174835205078,-964.636474609375,,,,,,,,,,1657481,13804
1786083344,689739340,,,,,5,-1496.622314453125,1031.4188232421875,-791.2125244140625,0.003008261090144515,-0.08109083771705627,-0.08051871508359909,0.9934445023536682,1,1657481,13804
1786083344,697284994,1,631.9638061523438,104.1611557006836,-952.5765991210938,,,,,,,,,,1657482,13804
1786083344,697284994,,,,,5,-1496.6287841796875,1031.3912353515625,-791.2162475585938,0.0027236109599471092,-0.08095394819974899,-0.08034568279981613,0.9934704303741455,1,1657482,13804
1786083344,706243733,1,630.53515625,103.0936279296875,-939.1976318359375,,,,,,,,,,1657483,13804
1786083344,706243733,,,,,5,-1496.68408203125,1031.4412841796875,-791.2211303710938,0.0032970309257507324,-0.08084533363580704,-0.08135288208723068,0.9933955669403076,1,1657483,13804
1786083344,714628984,1,625.8793334960938,103.84382629394531,-922.822265625,,,,,,,,,,1657484,13804
1786083344,714628984,,,,,5,-1496.6458740234375,1031.4371337890625,-791.2103881835938,0.0027424548752605915,-0.08128562569618225,-0.08104493468999863,0.993386447429657,1,1657484,13804
1786083344,722186123,1,625.6243286132812,103.06983947753906,-912.0023803710938,,,,,,,,,,1657485,13804
1786083344,722186123,,,,,5,-1496.6304931640625,1031.494873046875,-791.1866455078125,0.003019568044692278,-0.08119956403970718,-0.07949981838464737,0.9935175776481628,1,1657485,13804
1786083344,731373732,1,624.6652221679688,103.40746307373047,-899.7835693359375,,,,,,,,,,1657486,13804
1786083344,731373732,,,,,5,-1496.648193359375,1031.4765625,-791.2311401367188,0.0033325350377708673,-0.08120768517255783,-0.08047842979431152,0.9934372305870056,1,1657486,13804
1786083344,739700566,1,624.361328125,102.79320526123047,-886.2757568359375,,,,,,,,,,1657487,13804
1786083344,739700566,,,,,5,-1496.6297607421875,1031.4779052734375,-791.1963500976562,0.0027080345898866653,-0.08123268932104111,-0.07926180213689804,0.9935347437858582,1,1657487,13804
1786083344,747240205,1,623.3806762695312,103.3373794555664,-873.6461181640625,,,,,,,,,,1657488,13804
1786083344,747240205,,,,,5,-1496.6182861328125,1031.4921875,-791.1798706054688,0.0031067400705069304,-0.0812106803059578,-0.08004175871610641,0.9934728741645813,1,1657488,13804
1786083344,756013999,1,622.9046020507812,103.43409729003906,-861.1713256835938,,,,,,,,,,1657489,13804
1786083344,756013999,,,,,5,-1496.625,1031.4822998046875,-791.206787109375,0.002572267781943083,-0.08119888603687286,-0.07908890396356583,0.9935516715049744,1,1657489,13804
1786083344,764521747,1,622.9341430664062,103.13825988769531,-849.1729125976562,,,,,,,,,,1657490,13804
1786083344,764521747,,,,,5,-1496.607421875,1031.4437255859375,-791.1958618164062,0.0031759575940668583,-0.08095012605190277,-0.0794353112578392,0.9935426115989685,1,1657490,13804
1786083344,771969761,1,623.13916015625,102.74058532714844,-837.5817260742188,,,,,,,,,,1657491,13804
1786083344,771969761,,,,,5,-1496.6395263671875,1031.4652099609375,-791.1900024414062,0.002441889839246869,-0.08117784559726715,-0.07947856932878494,0.9935227036476135,1,1657491,13804
1786083344,781313235,1,622.4423828125,102.48478698730469,-825.234130859375,,,,,,,,,,1657492,13804
1786083344,781313235,,,,,5,-1496.6961669921875,1031.45703125,-791.1860961914062,0.002753431908786297,-0.08095794916152954,-0.08011514693498611,0.9934886693954468,1,1657492,13804
1786083344,788999782,1,622.850830078125,101.23973846435547,-813.3593139648438,,,,,,,,,,1657493,13804
1786083344,788999782,,,,,5,-1496.658935546875,1031.49462890625,-791.2298583984375,0.0032863938249647617,-0.08126271516084671,-0.08100499957799911,0.9933899641036987,1,1657493,13804
1786083344,798160902,1,622.214599609375,100.39529418945312,-800.3701782226562,,,,,,,,,,1657494,13804
1786083344,798160902,,,,,5,-1496.6478271484375,1031.4722900390625,-791.2492065429688,0.0032641279976814985,-0.08101413398981094,-0.08048764616250992,0.9934524297714233,1,1657494,13804
1786083344,806277228,1,621.3380737304688,102.12191009521484,-788.5603637695312,,,,,,,,,,1657495,13804
1786083344,806277228,,,,,5,-1496.656982421875,1031.507080078125,-791.1979370117188,0.0028047929517924786,-0.08126583695411682,-0.07999914139509201,0.9934727549552917,1,1657495,13804
1786083344,813786379,1,620.3680419921875,101.41986846923828,-776.2445068359375,,,,,,,,,,1657496,13804
1786083344,813786379,,,,,5,-1496.6859130859375,1031.4852294921875,-791.2018432617188,0.0027771368622779846,-0.08085647970438004,-0.07915233820676804,0.9935740828514099,1,1657496,13804
1786083344,822768568,1,619.4653930664062,101.36434173583984,-763.9633178710938,,,,,,,,,,1657497,13804
1786083344,822768568,,,,,5,-1496.627685546875,1031.4488525390625,-791.2160034179688,0.003032585373148322,-0.08118800073862076,-0.07940834760665894,0.9935259222984314,1,1657497,13804
1786083344,831287257,1,618.88427734375,101.33173370361328,-751.1727294921875,,,,,,,,,,1657498,13804
1786083344,831287257,,,,,5,-1496.620361328125,1031.4412841796875,-791.2178955078125,0.003158911131322384,-0.08109636604785919,-0.07951769232749939,0.9935241937637329,1,1657498,13804
1786083344,838731561,1,619.3279418945312,102.2467041015625,-739.4262084960938,,,,,,,,,,1657499,13804
1786083344,838731561,,,,,5,-1496.60107421875,1031.4168701171875,-791.2028198242188,0.0032603489235043526,-0.08106078207492828,-0.07972174882888794,0.993510365486145,1,1657499,13804
1786083344,847991664,1,618.95361328125,100.78937530517578,-728.6240234375,,,,,,,,,,1657500,13804
1786083344,847991664,,,,,5,-1496.6552734375,1031.5067138671875,-791.1832885742188,0.0030029909685254097,-0.08123160898685455,-0.08027547597885132,0.9934526681900024,1,1657500,13804
1786083344,856532556,1,617.0512084960938,102.1976547241211,-715.5343017578125,,,,,,,,,,1657501,13804
1786083344,856532556,,,,,5,-1496.615966796875,1031.5067138671875,-791.2760009765625,0.0030180783942341805,-0.08117181807756424,-0.0785936564207077,0.9935919642448425,1,1657501,13804
1786083344,863666953,1,617.2788696289062,102.13623046875,-703.7153930664062,,,,,,,,,,1657502,13804
1786083344,863666953,,,,,5,-1496.6484375,1031.461669921875,-791.21337890625,0.003130157943814993,-0.08088859170675278,-0.0799945667386055,0.9935028553009033,1,1657502,13804
1786083344,872654069,1,616.5851440429688,102.53400421142578,-690.7567749023438,,,,,,,,,,1657503,13804
1786083344,872654069,,,,,5,-1496.6551513671875,1031.4547119140625,-791.2269287109375,0.003350593615323305,-0.08122328668832779,-0.08004436641931534,0.9934708476066589,1,1657503,13804
1786083344,881258176,1,615.909423828125,102.60148620605469,-678.1742553710938,,,,,,,,,,1657504,13804
1786083344,881258176,,,,,5,-1496.6136474609375,1031.43359375,-791.1799926757812,0.0028895451687276363,-0.08118673413991928,-0.08034925162792206,0.9934505820274353,1,1657504,13804
1786083344,888600810,1,615.0318603515625,101.63949584960938,-665.8438110351562,,,,,,,,,,1657505,13804
1786083344,888600810,,,,,5,-1496.603271484375,1031.4208984375,-791.1915283203125,0.0033100079745054245,-0.08106888085603714,-0.07917093485593796,0.9935535788536072,1,1657505,13804
1786083344,897989136,1,614.0234375,103.56539916992188,-653.2265625,,,,,,,,,,1657506,13804
1786083344,897989136,,,,,5,-1496.681640625,1031.435546875,-791.2086791992188,0.0033149716909974813,-0.08128486573696136,-0.08152370154857635,0.9933456182479858,1,1657506,13804
1786083344,906040615,1,613.4427490234375,103.09159851074219,-641.5391235351562,,,,,,,,,,1657507,13804
1786083344,906040615,,,,,5,-1496.634033203125,1031.48779296875,-791.2181396484375,0.002797333989292383,-0.08109951764345169,-0.0790235847234726,0.9935644268989563,1,1657507,13804
1786083344,914745817,1,611.939697265625,100.85133361816406,-629.3790893554688,,,,,,,,,,1657508,13804
1786083344,914745817,,,,,5,-1496.654052734375,1031.4393310546875,-791.1723022460938,0.0025813644751906395,-0.08116041868925095,-0.07978605479001999,0.9934991002082825,1,1657508,13804
1786083344,922543344,1,611.59130859375,101.37355041503906,-619.2811279296875,,,,,,,,,,1657509,13804
1786083344,922543344,,,,,5,-1496.6591796875,1031.47216796875,-791.2278442382812,0.0030340133234858513,-0.08092651516199112,-0.07960852235555649,0.9935311675071716,1,1657509,13804
1786083344,930399192,1,612.0118408203125,101.84701538085938,-604.278564453125,,,,,,,,,,1657510,13804
1786083344,930399192,,,,,5,-1496.656494140625,1031.45556640625,-791.224609375,0.0030912526417523623,-0.08097197860479355,-0.08011863380670547,0.993486225605011,1,1657510,13804
1786083344,939367337,1,612.5921020507812,103.58766174316406,-592.9760131835938,,,,,,,,,,1657511,13804
1786083344,939367337,,,,,5,-1496.671875,1031.413818359375,-791.20947265625,0.0030238283798098564,-0.08053189516067505,-0.07984013855457306,0.9935445785522461,1,1657511,13804
1786083344,947727218,1,612.8117065429688,100.56095123291016,-581.1696166992188,,,,,,,,,,1657512,13804
1786083344,947727218,,,,,5,-1496.622314453125,1031.4927978515625,-791.2111206054688,0.002801576629281044,-0.08122780919075012,-0.08012571185827255,0.9934656023979187,1,1657512,13804
1786083344,955322012,1,612.9351196289062,103.48170471191406,-570.412841796875,,,,,,,,,,1657513,13804
1786083344,955322012,,,,,5,-1496.59375,1031.46142578125,-791.2313232421875,0.003338960465043783,-0.08108007162809372,-0.07993705570697784,0.9934913516044617,1,1657513,13804
1786083344,964676043,1,611.8490600585938,103.10147094726562,-558.3654174804688,,,,,,,,,,1657514,13804
1786083344,964676043,,,,,5,-1496.649169921875,1031.432861328125,-791.2423095703125,0.0032190352212637663,-0.08104317635297775,-0.08076151460409164,0.9934279322624207,1,1657514,13804
1786083344,972507833,1,611.1136474609375,104.28064727783203,-544.5075073242188,,,,,,,,,,1657515,13804
1786083344,972507833,,,,,5,-1496.682861328125,1031.482421875,-791.1945190429688,0.002892050426453352,-0.08089912682771683,-0.08055084943771362,0.9934578537940979,1,1657515,13804
1786083344,980260635,1,610.3464965820312,104.29620361328125,-533.1531982421875,,,,,,,,,,1657516,13804
1786083344,980260635,,,,,5,-1496.606201171875,1031.4320068359375,-791.2198486328125,0.0030194586142897606,-0.08092771470546722,-0.07903192192316055,0.9935770630836487,1,1657516,13804
1786083344,989674331,1,610.4330444335938,102.17086029052734,-522.6069946289062,,,,,,,,,,1657517,13804
1786083344,989674331,,,,,5,-1496.6712646484375,1031.486328125,-791.2125244140625,0.0031176810152828693,-0.08062993735074997,-0.07991968095302582,0.9935300350189209,1,1657517,13804
1786083344,997692122,1,609.53662109375,103.73572540283203,-509.8873596191406,,,,,,,,,,1657518,13804
1786083344,997692122,,,,,5,-1496.6229248046875,1031.5096435546875,-791.2023315429688,0.003167924005538225,-0.08113786578178406,-0.08026779443025589,0.993460476398468,1,1657518,13804
1786083345,6049160,1,608.4152221679688,104.3672866821289,-498.3874816894531,,,,,,,,,,1657519,13804
1786083345,6049160,,,,,5,-1496.705322265625,1031.5093994140625,-791.2230834960938,0.003086426528170705,-0.08096591383218765,-0.08033743500709534,0.9934690594673157,1,1657519,13804
1786083345,14477382,1,607.5405883789062,104.36298370361328,-486.3531799316406,,,,,,,,,,1657520,13804
1786083345,14477382,,,,,5,-1496.6497802734375,1031.475830078125,-791.2452392578125,0.0032775485888123512,-0.08130662143230438,-0.08093245327472687,0.9933923482894897,1,1657520,13804
1786083345,22146820,1,606.6183471679688,103.06204223632812,-474.6960754394531,,,,,,,,,,1657521,13804
1786083345,22146820,,,,,5,-1496.612548828125,1031.4017333984375,-791.1876220703125,0.0031327963806688786,-0.08112625032663345,-0.07936756312847137,0.9935338497161865,1,1657521,13804
1786083345,31224959,1,605.9990844726562,102.49325561523438,-461.30645751953125,,,,,,,,,,1657522,13804
1786083345,31224959,,,,,5,-1496.660888671875,1031.4720458984375,-791.1961059570312,0.002819846849888563,-0.08123433589935303,-0.08005557209253311,0.9934707283973694,1,1657522,13804
1786083345,39536859,1,606.0798950195312,103.76408386230469,-449.9352111816406,,,,,,,,,,1657523,13804
1786083345,39536859,,,,,5,-1496.677490234375,1031.444580078125,-791.2100219726562,0.0030827196314930916,-0.08079495280981064,-0.08037836849689484,0.9934796690940857,1,1657523,13804
1786083345,47194843,1,605.3456420898438,103.80414581298828,-437.41162109375,,,,,,,,,,1657524,13804
1786083345,47194843,,,,,5,-1496.6473388671875,1031.4490966796875,-791.2086181640625,0.0031793860252946615,-0.08137376606464386,-0.08169291913509369,0.9933249354362488,1,1657524,13804
1786083345,56290323,1,606.2835693359375,105.94505310058594,-423.74462890625,,,,,,,,,,1657525,13804
1786083345,56290323,,,,,5,-1496.6380615234375,1031.459716796875,-791.2052001953125,0.0032178021501749754,-0.08110154420137405,-0.07991424947977066,0.9934917688369751,1,1657525,13804
1786083345,64258245,1,606.817626953125,101.9039535522461,-416.6309509277344,,,,,,,,,,1657526,13804
1786083345,64258245,,,,,5,-1496.6202392578125,1031.457275390625,-791.2025146484375,0.0031705244909971952,-0.08109168708324432,-0.07986009865999222,0.9934970140457153,1,1657526,13804
1786083345,71889676,1,604.9678344726562,104.25199127197266,-406.2261047363281,,,,,,,,,,1657527,13804
1786083345,71889676,,,,,5,-1496.616943359375,1031.44482421875,-791.2196044921875,0.0026417190674692392,-0.08111327141523361,-0.0787513479590416,0.9935853481292725,1,1657527,13804
1786083345,81230694,1,604.2959594726562,106.0234146118164,-392.2341003417969,,,,,,,,,,1657528,13804
1786083345,81230694,,,,,5,-1496.609130859375,1031.425537109375,-791.2035522460938,0.003155343933030963,-0.08093200623989105,-0.07985065132379532,0.9935109615325928,1,1657528,13804
1786083345,88937401,1,602.4475708007812,106.48466491699219,-379.0122985839844,,,,,,,,,,1657529,13804
1786083345,88937401,,,,,5,-1496.6607666015625,1031.4534912109375,-791.2314453125,0.002979086712002754,-0.08099406957626343,-0.0794757753610611,0.9935364127159119,1,1657529,13804
1786083345,98346754,1,602.6602172851562,105.7844467163086,-368.4052734375,,,,,,,,,,1657530,13804
1786083345,98346754,,,,,5,-1496.6285400390625,1031.421875,-791.2091674804688,0.003022789489477873,-0.08110668510198593,-0.0803789272904396,0.9934544563293457,1,1657530,13804
1786083345,106061780,1,602.6410522460938,106.27168273925781,-357.7080383300781,,,,,,,,,,1657531,13804
1786083345,106061780,,,,,5,-1496.6446533203125,1031.4031982421875,-791.1928100585938,0.0030861927662044764,-0.08109812438488007,-0.08085419237613678,0.9934163689613342,1,1657531,13804
1786083345,113712853,1,602.3790283203125,106.0201644897461,-347.9264831542969,,,,,,,,,,1657532,13804
1786083345,113712853,,,,,5,-1496.6282958984375,1031.48193359375,-791.2005004882812,0.002813306637108326,-0.08110950887203217,-0.07979811728000641,0.9935016632080078,1,1657532,13804
1786083345,122682125,1,601.3367919921875,104.87410736083984,-338.3692932128906,,,,,,,,,,1657533,13804
1786083345,122682125,,,,,5,-1496.6431884765625,1031.4493408203125,-791.1771850585938,0.002483556978404522,-0.0810387060046196,-0.07967328280210495,0.9935184121131897,1,1657533,13804
1786083345,131050842,1,600.8790283203125,105.39807891845703,-323.10296630859375,,,,,,,,,,1657534,13804
1786083345,131050842,,,,,5,-1496.634033203125,1031.5125732421875,-791.2066040039062,0.002887326991185546,-0.08116409927606583,-0.07985330373048782,0.993492603302002,1,1657534,13804
1786083345,138164387,1,601.2449951171875,106.83903503417969,-314.81182861328125,,,,,,,,,,1657535,13804
1786083345,138164387,,,,,5,-1496.6123046875,1031.4427490234375,-791.2174682617188,0.0030159051530063152,-0.08102530986070633,-0.07980600744485855,0.9935072660446167,1,1657535,13804
1786083345,147788310,1,601.19140625,105.34770965576172,-303.06671142578125,,,,,,,,,,1657536,13804
1786083345,147788310,,,,,5,-1496.68359375,1031.4736328125,-791.2056884765625,0.0028267381712794304,-0.08079815655946732,-0.08046881854534149,0.9934729337692261,1,1657536,13804
1786083345,155755816,1,599.010498046875,103.90554809570312,-293.4869079589844,,,,,,,,,,1657537,13804
1786083345,155755816,,,,,5,-1496.602783203125,1031.45947265625,-791.2314453125,0.0034243501722812653,-0.08120029419660568,-0.08032338321208954,0.9934498071670532,1,1657537,13804
1786083345,163641519,1,599.8240356445312,104.19982147216797,-279.2384948730469,,,,,,,,,,1657538,13804
1786083345,163641519,,,,,5,-1496.624267578125,1031.4345703125,-791.21875,0.002708421554416418,-0.08102504909038544,-0.07905777543783188,0.9935681223869324,1,1657538,13804
1786083345,172791065,1,597.673828125,106.75899505615234,-268.22711181640625,,,,,,,,,,1657539,13804
1786083345,172791065,,,,,5,-1496.6259765625,1031.4710693359375,-791.2220458984375,0.0027763331308960915,-0.0808083787560463,-0.0786997377872467,0.9936138987541199,1,1657539,13804
1786083345,181102709,1,598.4998779296875,106.70831298828125,-255.9707794189453,,,,,,,,,,1657540,13804
1786083345,181102709,,,,,5,-1496.62451171875,1031.4906005859375,-791.1918334960938,0.0026225107721984386,-0.08105076849460602,-0.07916130870580673,0.993557870388031,1,1657540,13804
1786083345,188558120,1,597.533935546875,107.1507568359375,-245.9141082763672,,,,,,,,,,1657541,13804
1786083345,188558120,,,,,5,-1496.623291015625,1031.473876953125,-791.2543334960938,0.0033526222687214613,-0.08059944212436676,-0.07975900918245316,0.9935446381568909,1,1657541,13804
1786083345,197646433,1,598.2257690429688,108.08057403564453,-234.93869018554688,,,,,,,,,,1657542,13804
1786083345,197646433,,,,,5,-1496.6517333984375,1031.5428466796875,-791.2723999023438,0.002494987566024065,-0.08091428875923157,-0.07834488898515701,0.9936341047286987,1,1657542,13804
1786083345,205599543,1,598.6785888671875,106.77238464355469,-222.8421173095703,,,,,,,,,,1657543,13804
1786083345,205599543,,,,,5,-1496.6197509765625,1031.457763671875,-791.2107543945312,0.0033513945527374744,-0.08107968419790268,-0.08036593347787857,0.9934566617012024,1,1657543,13804
1786083345,214630015,1,598.689208984375,106.55128479003906,-211.43850708007812,,,,,,,,,,1657544,13804
1786083345,214630015,,,,,5,-1496.6868896484375,1031.4873046875,-791.2685546875,0.003451986936852336,-0.0809653103351593,-0.08033649623394012,0.9934680461883545,1,1657544,13804
1786083345,222855345,1,595.43310546875,107.77813720703125,-199.8800811767578,,,,,,,,,,1657545,13804
1786083345,222855345,,,,,5,-1496.69384765625,1031.4769287109375,-791.1959228515625,0.002991465153172612,-0.08111575990915298,-0.08072102069854736,0.9934260249137878,1,1657545,13804
1786083345,230853243,1,596.7230224609375,104.44647216796875,-188.67225646972656,,,,,,,,,,1657546,13804
1786083345,230853243,,,,,5,-1496.6341552734375,1031.466552734375,-791.21044921875,0.0029557840898633003,-0.08116287738084793,-0.07960347086191177,0.9935125112533569,1,1657546,13804
1786083345,238384347,1,596.7149658203125,104.42133331298828,-178.91619873046875,,,,,,,,,,1657547,13804
1786083345,238384347,,,,,5,-1496.65625,1031.4884033203125,-791.2328491210938,0.0033906905446201563,-0.08076974004507065,-0.08012563735246658,0.9935012459754944,1,1657547,13804
1786083345,247798307,1,598.6470947265625,100.59849548339844,-166.85110473632812,,,,,,,,,,1657548,13804
1786083345,247798307,,,,,5,-1496.650390625,1031.472900390625,-791.2246704101562,0.0033049003686755896,-0.08082865178585052,-0.08007141202688217,0.9935010671615601,1,1657548,13804
1786083345,255377782,1,596.0857543945312,102.6475601196289,-156.69810485839844,,,,,,,,,,1657549,13804
1786083345,255377782,,,,,5,-1496.6334228515625,1031.46728515625,-791.2002563476562,0.0028761234134435654,-0.0812188982963562,-0.0792534202337265,0.9935362339019775,1,1657549,13804
1786083345,264618090,1,594.81103515625,102.73023223876953,-146.198974609375,,,,,,,,,,1657550,13804
1786083345,264618090,,,,,5,-1496.65673828125,1031.4713134765625,-791.1776733398438,0.002469862811267376,-0.08134716004133224,-0.08050308376550674,0.9934262633323669,1,1657550,13804
1786083345,272459132,1,594.8311767578125,104.31520080566406,-135.9414520263672,,,,,,,,,,1657551,13804
1786083345,272459132,,,,,5,-1496.5914306640625,1031.461669921875,-791.2264404296875,0.0033398487139493227,-0.08117865025997162,-0.08042535930871964,0.9934437274932861,1,1657551,13804
1786083345,280309771,1,595.0696411132812,105.93199157714844,-122.7260971069336,,,,,,,,,,1657552,13804
1786083345,280309771,,,,,5,-1496.6600341796875,1031.510986328125,-791.2357177734375,0.003668688703328371,-0.08103402704000473,-0.08180835098028183,0.9933416843414307,1,1657552,13804
1786083345,289392934,1,594.2027587890625,104.1771469116211,-112.5371322631836,,,,,,,,,,1657553,13804
1786083345,289392934,,,,,5,-1496.67138671875,1031.5078125,-791.2123413085938,0.0030259466730058193,-0.08098609745502472,-0.07958753407001495,0.993527889251709,1,1657553,13804
1786083345,297621207,1,591.7679443359375,104.37118530273438,-102.69351196289062,,,,,,,,,,1657554,13804
1786083345,297621207,,,,,5,-1496.6236572265625,1031.4853515625,-791.2921142578125,0.003510742913931608,-0.08095194399356842,-0.08109887689352036,0.9934070110321045,1,1657554,13804
1786083345,305230595,1,592.408447265625,106.98773193359375,-90.03007507324219,,,,,,,,,,1657555,13804
1786083345,305230595,,,,,5,-1496.6611328125,1031.45703125,-791.2056884765625,0.0029838322661817074,-0.08104737102985382,-0.0809939056634903,0.9934095144271851,1,1657555,13804
1786083345,314483763,1,592.4230346679688,106.36128234863281,-78.37421417236328,,,,,,,,,,1657556,13804
1786083345,314483763,,,,,5,-1496.6077880859375,1031.4779052734375,-791.2196655273438,0.003357524750754237,-0.08106140047311783,-0.08021380007266998,0.9934704303741455,1,1657556,13804
1786083345,322528786,1,594.1822509765625,102.81877899169922,-65.83598327636719,,,,,,,,,,1657557,13804
1786083345,322528786,,,,,5,-1496.6435546875,1031.43798828125,-791.1903686523438,0.003007842693477869,-0.08099354803562164,-0.0804411768913269,0.9934585690498352,1,1657557,13804
1786083345,331570551,1,592.8970947265625,103.76083374023438,-55.18182373046875,,,,,,,,,,1657558,13804
1786083345,331570551,,,,,5,-1496.6314697265625,1031.4285888671875,-791.21484375,0.0032431206200271845,-0.08124787360429764,-0.08116799592971802,0.9933781027793884,1,1657558,13804
1786083345,339620021,1,590.476806640625,104.27001190185547,-45.68048095703125,,,,,,,,,,1657559,13804
1786083345,339620021,,,,,5,-1496.657958984375,1031.5050048828125,-791.213623046875,0.003011588007211685,-0.08079598098993301,-0.07989759743213654,0.9935186505317688,1,1657559,13804
1786083345,347130745,1,590.0507202148438,104.10914611816406,-34.530643463134766,,,,,,,,,,1657560,13804
1786083345,347130745,,,,,5,-1496.668701171875,1031.4332275390625,-791.225341796875,0.003067936282604933,-0.0810806080698967,-0.08090770989656448,0.993413507938385,1,1657560,13804
1786083345,356392423,1,589.8286743164062,104.69266510009766,-23.673288345336914,,,,,,,,,,1657561,13804
1786083345,356392423,,,,,5,-1496.63134765625,1031.4959716796875,-791.23388671875,0.002982259262353182,-0.0811469554901123,-0.07974305748939514,0.9935024976730347,1,1657561,13804
1786083345,364276622,1,589.9363403320312,104.86721801757812,-12.600912094116211,,,,,,,,,,1657562,13804
1786083345,364276622,,,,,5,-1496.6402587890625,1031.494384765625,-791.2576904296875,0.0036384935956448317,-0.08074384927749634,-0.08119995146989822,0.9934151768684387,1,1657562,13804
1786083345,372036533,1,588.798583984375,104.46526336669922,-0.7769367694854736,,,,,,,,,,1657563,13804
1786083345,372036533,,,,,5,-1496.668701171875,1031.4598388671875,-791.22216796875,0.003288551000878215,-0.08096563071012497,-0.08167775720357895,0.9933591485023499,1,1657563,13804
1786083345,381163364,1,588.7354125976562,105.08631896972656,9.63296127319336,,,,,,,,,,1657564,13804
1786083345,381163364,,,,,5,-1496.6746826171875,1031.5203857421875,-791.2340698242188,0.0031791855581104755,-0.08096405863761902,-0.08037187159061432,0.9934661388397217,1,1657564,13804
1786083345,389382232,1,588.527099609375,104.41292572021484,20.83066177368164,,,,,,,,,,1657565,13804
1786083345,389382232,,,,,5,-1496.6201171875,1031.4344482421875,-791.2071533203125,0.0032729245722293854,-0.08111510425806046,-0.08069530129432678,0.9934273362159729,1,1657565,13804
1786083345,396965802,1,589.17431640625,104.86921691894531,33.232662200927734,,,,,,,,,,1657566,13804
1786083345,396965802,,,,,5,-1496.620361328125,1031.4510498046875,-791.2362670898438,0.003023280296474695,-0.08115867525339127,-0.08043542504310608,0.993445634841919,1,1657566,13804
1786083345,406243060,1,588.0123291015625,106.7528305053711,42.54448699951172,,,,,,,,,,1657567,13804
1786083345,406243060,,,,,5,-1496.6158447265625,1031.4500732421875,-791.2482299804688,0.00361154368147254,-0.08094576746225357,-0.0809246227145195,0.9934213161468506,1,1657567,13804
1786083345,414448203,1,587.3665161132812,106.5174331665039,53.49742889404297,,,,,,,,,,1657568,13805
1786083345,414448203,,,,,5,-1496.6090087890625,1031.4219970703125,-791.2289428710938,0.002879257081076503,-0.08110550791025162,-0.07980381697416306,0.9935013055801392,1,1657568,13805
1786083345,421875525,1,587.1095581054688,107.58927154541016,65.27397918701172,,,,,,,,,,1657569,13805
1786083345,421875525,,,,,5,-1496.6490478515625,1031.505615234375,-791.20556640625,0.0030027907341718674,-0.08128218352794647,-0.08085107803344727,0.993401825428009,1,1657569,13805
1786083345,431185415,1,587.2920532226562,107.15375518798828,75.61015319824219,,,,,,,,,,1657570,13805
1786083345,431185415,,,,,5,-1496.6549072265625,1031.42578125,-791.2059936523438,0.003230215748772025,-0.08121584355831146,-0.08123687654733658,0.9933750629425049,1,1657570,13805
1786083345,439335627,1,586.677978515625,107.14978790283203,86.70272064208984,,,,,,,,,,1657571,13805
1786083345,439335627,,,,,5,-1496.6287841796875,1031.5184326171875,-791.2168579101562,0.003118361346423626,-0.08124593645334244,-0.08040253818035126,0.9934408664703369,1,1657571,13805
1786083345,446735436,1,586.7503662109375,105.73904418945312,97.96928405761719,,,,,,,,,,1657572,13805
1786083345,446735436,,,,,5,-1496.593505859375,1031.4315185546875,-791.2092895507812,0.003510118229314685,-0.08102886378765106,-0.0806397795677185,0.9934381246566772,1,1657572,13805
1786083345,455839777,1,585.868896484375,106.63250732421875,107.75371551513672,,,,,,,,,,1657573,13805
1786083345,455839777,,,,,5,-1496.6302490234375,1031.46240234375,-791.1798095703125,0.002901595551520586,-0.0811808779835701,-0.08063139021396637,0.9934282898902893,1,1657573,13805
1786083345,464044856,1,585.24267578125,106.06777954101562,118.50799560546875,,,,,,,,,,1657574,13805
1786083345,464044856,,,,,5,-1496.6512451171875,1031.499755859375,-791.2101440429688,0.003029904793947935,-0.08081558346748352,-0.0809420570731163,0.9934324622154236,1,1657574,13805
1786083345,472006476,1,585.01123046875,106.30265045166016,129.29852294921875,,,,,,,,,,1657575,13805
1786083345,472006476,,,,,5,-1496.630615234375,1031.467041015625,-791.235107421875,0.003438008250668645,-0.08131469786167145,-0.08077370375394821,0.9934041500091553,1,1657575,13805
1786083345,481072747,1,585.5189819335938,105.2520523071289,138.9007110595703,,,,,,,,,,1657576,13805
1786083345,481072747,,,,,5,-1496.610595703125,1031.4364013671875,-791.223388671875,0.003090914571657777,-0.08107466995716095,-0.08045272529125214,0.9934508204460144,1,1657576,13805
1786083345,488607465,1,584.224609375,106.27828216552734,150.81260681152344,,,,,,,,,,1657577,13805
1786083345,488607465,,,,,5,-1496.6116943359375,1031.42529296875,-791.2184448242188,0.0032397035975009203,-0.08110745251178741,-0.08019490540027618,0.9934685826301575,1,1657577,13805
1786083345,497692228,1,583.6079711914062,106.85919189453125,160.28573608398438,,,,,,,,,,1657578,13805
1786083345,497692228,,,,,5,-1496.626953125,1031.4676513671875,-791.2169189453125,0.0027744420804083347,-0.08126793056726456,-0.07960322499275208,0.9935044646263123,1,1657578,13805
1786083345,505631165,1,582.7871704101562,107.2076187133789,170.12979125976562,,,,,,,,,,1657579,13805
1786083345,505631165,,,,,5,-1496.6368408203125,1031.5311279296875,-791.2304077148438,0.0029787723906338215,-0.08126862347126007,-0.08003490418195724,0.9934691786766052,1,1657579,13805
1786083345,513502280,1,581.4740600585938,106.14117431640625,181.44183349609375,,,,,,,,,,1657580,13805
1786083345,513502280,,,,,5,-1496.6185302734375,1031.410400390625,-791.184814453125,0.002947209868580103,-0.08086904138326645,-0.0798628032207489,0.99351567029953,1,1657580,13805
1786083345,522714978,1,581.6460571289062,104.06157684326172,191.32192993164062,,,,,,,,,,1657581,13805
1786083345,522714978,,,,,5,-1496.6204833984375,1031.498046875,-791.1720581054688,0.0026913287583738565,-0.08130646497011185,-0.07923940569162369,0.9935305714607239,1,1657581,13805
1786083345,531027965,1,582.5897827148438,105.21751403808594,202.3365936279297,,,,,,,,,,1657582,13805
1786083345,531027965,,,,,5,-1496.629638671875,1031.4930419921875,-791.25927734375,0.0030803983099758625,-0.08114571869373322,-0.08040919899940491,0.9934486150741577,1,1657582,13805
1786083345,538454871,1,581.845458984375,105.55113220214844,213.2196044921875,,,,,,,,,,1657583,13805
1786083345,538454871,,,,,5,-1496.60888671875,1031.4671630859375,-791.2488403320312,0.0030537457205355167,-0.08125600218772888,-0.08022698014974594,0.9934543967247009,1,1657583,13805
1786083345,547998942,1,580.7334594726562,106.55023956298828,223.50204467773438,,,,,,,,,,1657584,13805
1786083345,547998942,,,,,5,-1496.6484375,1031.503173828125,-791.2536010742188,0.0033649865072220564,-0.08073533326387405,-0.08033423125743866,0.9934872388839722,1,1657584,13805
1786083345,555526495,1,581.1031494140625,106.72068786621094,234.83291625976562,,,,,,,,,,1657585,13805
1786083345,555526495,,,,,5,-1496.6470947265625,1031.4788818359375,-791.2665405273438,0.003440260421484709,-0.08067143708467484,-0.08032257854938507,0.9934930801391602,1,1657585,13805
1786083345,564599132,1,580.2314453125,107.97988891601562,244.75381469726562,,,,,,,,,,1657586,13805
1786083345,564599132,,,,,5,-1496.605224609375,1031.4403076171875,-791.2077026367188,0.0031128269620239735,-0.08107061684131622,-0.08077632635831833,0.9934248924255371,1,1657586,13805
1786083345,572421395,1,579.4928588867188,107.42002868652344,254.86695861816406,,,,,,,,,,1657587,13805
1786083345,572421395,,,,,5,-1496.6527099609375,1031.4530029296875,-791.2086791992188,0.003214465454220772,-0.0808522030711174,-0.08114372193813324,0.9934123754501343,1,1657587,13805
1786083345,580389093,1,578.5217895507812,107.5076904296875,264.4129333496094,,,,,,,,,,1657588,13805
1786083345,580389093,,,,,5,-1496.6903076171875,1031.4984130859375,-791.2188110351562,0.0030585830099880695,-0.08099982887506485,-0.08034367114305496,0.9934659004211426,1,1657588,13805
1786083345,589538031,1,577.56787109375,107.57735443115234,274.09967041015625,,,,,,,,,,1657589,13805
1786083345,589538031,,,,,5,-1496.6260986328125,1031.475830078125,-791.2460327148438,0.0035258233547210693,-0.08129380643367767,-0.08131666481494904,0.993361234664917,1,1657589,13805
1786083345,597658331,1,577.5188598632812,107.78729248046875,284.7760314941406,,,,,,,,,,1657590,13805
1786083345,597658331,,,,,5,-1496.636474609375,1031.4422607421875,-791.1959228515625,0.0028840769082307816,-0.08097029477357864,-0.07996424287557602,0.9934995174407959,1,1657590,13805
1786083345,605201048,1,577.3511352539062,106.71139526367188,295.7164306640625,,,,,,,,,,1657591,13805
1786083345,605201048,,,,,5,-1496.6268310546875,1031.474609375,-791.241455078125,0.003190332558006048,-0.08123672753572464,-0.08037757873535156,0.993443489074707,1,1657591,13805
1786083345,614734082,1,576.967041015625,106.56127166748047,304.0148620605469,,,,,,,,,,1657592,13805
1786083345,614734082,,,,,5,-1496.6434326171875,1031.5087890625,-791.2157592773438,0.0028930853586643934,-0.08128953725099564,-0.08010740578174591,0.9934617877006531,1,1657592,13805
1786083345,623054748,1,576.08203125,107.02268981933594,312.9947814941406,,,,,,,,,,1657593,13805
1786083345,623054748,,,,,5,-1496.635498046875,1031.46240234375,-791.2178955078125,0.0031990024726837873,-0.08119384944438934,-0.08125333487987518,0.9933755993843079,1,1657593,13805
1786083345,630328060,1,575.3290405273438,106.52206420898438,324.14312744140625,,,,,,,,,,1657594,13805
1786083345,630328060,,,,,5,-1496.6175537109375,1031.4124755859375,-791.1846923828125,0.002982087666168809,-0.08100781589746475,-0.08064734190702438,0.9934409856796265,1,1657594,13805
1786083345,639572206,1,576.0944213867188,108.3905029296875,335.5140075683594,,,,,,,,,,1657595,13805
1786083345,639572206,,,,,5,-1496.6239013671875,1031.477294921875,-791.207763671875,0.003290852066129446,-0.08105289936065674,-0.07941233366727829,0.993535578250885,1,1657595,13805
1786083345,647501802,1,575.2603759765625,109.03700256347656,344.8211669921875,,,,,,,,,,1657596,13805
1786083345,647501802,,,,,5,-1496.6607666015625,1031.4935302734375,-791.24267578125,0.0029795633163303137,-0.08109171688556671,-0.07999730855226517,0.9934865236282349,1,1657596,13805
1786083345,655068737,1,575.1311645507812,110.91173553466797,354.1848449707031,,,,,,,,,,1657597,13805
1786083345,655068737,,,,,5,-1496.6131591796875,1031.490234375,-791.2369995117188,0.0034520940389484167,-0.08124463260173798,-0.0809791311621666,0.993393063545227,1,1657597,13805
1786083345,664542010,1,575.7318115234375,111.35897064208984,364.87939453125,,,,,,,,,,1657598,13805
1786083345,664542010,,,,,5,-1496.62451171875,1031.4708251953125,-791.2294311523438,0.003456424456089735,-0.08112767338752747,-0.08064474165439606,0.9934298992156982,1,1657598,13805
1786083345,671424380,1,574.7688598632812,112.81685638427734,374.2746276855469,,,,,,,,,,1657599,13805
1786083345,671424380,,,,,5,-1496.6141357421875,1031.4498291015625,-791.2340087890625,0.0032610641792416573,-0.08111616224050522,-0.08027960360050201,0.9934608936309814,1,1657599,13805
1786083345,681328425,1,574.0088500976562,113.17779541015625,383.7516784667969,,,,,,,,,,1657600,13805
1786083345,681328425,,,,,5,-1496.6036376953125,1031.4229736328125,-791.21484375,0.003015988739207387,-0.08118432760238647,-0.07918858528137207,0.9935436248779297,1,1657600,13805
1786083345,688987817,1,573.5556030273438,113.15693664550781,393.22735595703125,,,,,,,,,,1657601,13805
1786083345,688987817,,,,,5,-1496.6279296875,1031.4271240234375,-791.208251953125,0.003243112238124013,-0.0810159221291542,-0.08109427243471146,0.9934029579162598,1,1657601,13805
1786083345,696925187,1,572.9095458984375,113.06692504882812,402.77764892578125,,,,,,,,,,1657602,13805
1786083345,696925187,,,,,5,-1496.59619140625,1031.4931640625,-791.2543334960938,0.002846543211489916,-0.08103678375482559,-0.07925393432378769,0.9935510158538818,1,1657602,13805
1786083345,706174707,1,572.3291015625,110.85316467285156,412.6582946777344,,,,,,,,,,1657603,13805
1786083345,706174707,,,,,5,-1496.6185302734375,1031.4271240234375,-791.1954345703125,0.003121098969131708,-0.08106579631567001,-0.0811958760023117,0.9933910369873047,1,1657603,13805
1786083345,715618228,1,571.8758544921875,110.43064880371094,422.0469665527344,,,,,,,,,,1657604,13805
1786083345,715618228,,,,,5,-1496.637451171875,1031.4573974609375,-791.1747436523438,0.002796017099171877,-0.08118610084056854,-0.08044629544019699,0.9934431910514832,1,1657604,13805
1786083345,721867893,1,571.4873046875,108.07351684570312,432.0269775390625,,,,,,,,,,1657605,13805
1786083345,721867893,,,,,5,-1496.6390380859375,1031.4920654296875,-791.1973266601562,0.002827077405527234,-0.08131751418113708,-0.07995204627513885,0.9934722781181335,1,1657605,13805
1786083345,731114502,1,571.3796997070312,106.16004943847656,441.8650817871094,,,,,,,,,,1657606,13805
1786083345,731114502,,,,,5,-1496.6202392578125,1031.4754638671875,-791.207763671875,0.003375052474439144,-0.08125083893537521,-0.08125867694616318,0.9933700561523438,1,1657606,13805
1786083345,738806110,1,571.1497192382812,103.01777648925781,452.0873718261719,,,,,,,,,,1657607,13805
1786083345,738806110,,,,,5,-1496.615478515625,1031.45703125,-791.2265625,0.0032616914249956608,-0.08125648647546768,-0.08037683367729187,0.9934415817260742,1,1657607,13805
1786083345,747886105,1,570.7492065429688,102.60321807861328,461.73480224609375,,,,,,,,,,1657608,13805
1786083345,747886105,,,,,5,-1496.6353759765625,1031.483154296875,-791.2450561523438,0.002936694072559476,-0.08138202875852585,-0.08036941289901733,0.9934330582618713,1,1657608,13805
1786083345,755807607,1,569.809326171875,103.11563873291016,470.269287109375,,,,,,,,,,1657609,13805
1786083345,755807607,,,,,5,-1496.629150390625,1031.48828125,-791.1860961914062,0.002836070256307721,-0.08120466768741608,-0.08076298981904984,0.9934158325195312,1,1657609,13805
1786083345,764221114,1,569.5474243164062,105.99822998046875,480.1575622558594,,,,,,,,,,1657610,13805
1786083345,764221114,,,,,5,-1496.646240234375,1031.4471435546875,-791.2210083007812,0.0031812679953873158,-0.08116456121206284,-0.07977566123008728,0.9934978485107422,1,1657610,13805
1786083345,771647412,1,569.139892578125,107.11590576171875,489.497802734375,,,,,,,,,,1657611,13805
1786083345,771647412,,,,,5,-1496.64501953125,1031.5306396484375,-791.2664794921875,0.002801347291097045,-0.08138293027877808,-0.07988138496875763,0.9934726357460022,1,1657611,13805
1786083345,781049694,1,568.6821899414062,106.8178482055664,500.02752685546875,,,,,,,,,,1657612,13805
1786083345,781049694,,,,,5,-1496.5987548828125,1031.4547119140625,-791.2509765625,0.0028214717749506235,-0.08116143196821213,-0.07945166528224945,0.9935251474380493,1,1657612,13805
1786083345,788719931,1,568.178955078125,105.49398803710938,509.0430908203125,,,,,,,,,,1657613,13805
1786083345,788719931,,,,,5,-1496.6192626953125,1031.4661865234375,-791.2279663085938,0.003124734153971076,-0.08120319992303848,-0.07946662604808807,0.9935196042060852,1,1657613,13805
1786083345,797807221,1,567.8800659179688,103.86332702636719,516.8423461914062,,,,,,,,,,1657614,13805
1786083345,797807221,,,,,5,-1496.6614990234375,1031.4495849609375,-791.2182006835938,0.0030254151206463575,-0.08087815344333649,-0.08133834600448608,0.9933949112892151,1,1657614,13805
1786083345,805666914,1,567.1463012695312,103.86868286132812,526.467529296875,,,,,,,,,,1657615,13805
1786083345,805666914,,,,,5,-1496.6380615234375,1031.4124755859375,-791.2130126953125,0.003095633815973997,-0.08100640773773193,-0.08014815300703049,0.9934810996055603,1,1657615,13805
1786083345,813539852,1,567.25341796875,104.4396743774414,539.1390991210938,,,,,,,,,,1657616,13805
1786083345,813539852,,,,,5,-1496.6219482421875,1031.4530029296875,-791.23974609375,0.0032687694765627384,-0.08087867498397827,-0.08000152558088303,0.9935027360916138,1,1657616,13805
1786083345,822487177,1,567.7926635742188,105.84859466552734,548.9796142578125,,,,,,,,,,1657617,13805
1786083345,822487177,,,,,5,-1496.629150390625,1031.48779296875,-791.2701416015625,0.003472517943009734,-0.08072785288095474,-0.08010049164295197,0.9935063123703003,1,1657617,13805
1786083345,830925989,1,567.9803466796875,106.0570297241211,559.7074584960938,,,,,,,,,,1657618,13805
1786083345,830925989,,,,,5,-1496.634765625,1031.48583984375,-791.2136840820312,0.0027490088250488043,-0.0813191756606102,-0.07979623973369598,0.9934848546981812,1,1657618,13805
1786083345,838429484,1,566.197265625,105.93278503417969,567.642578125,,,,,,,,,,1657619,13805
1786083345,838429484,,,,,5,-1496.6195068359375,1031.4608154296875,-791.2073364257812,0.003030785359442234,-0.08104904741048813,-0.07950758934020996,0.9935291409492493,1,1657619,13805
1786083345,847854321,1,566.4198608398438,106.61892700195312,578.5404663085938,,,,,,,,,,1657620,13805
1786083345,847854321,,,,,5,-1496.6416015625,1031.5003662109375,-791.2128295898438,0.002832365920767188,-0.08115361630916595,-0.07984902709722519,0.9934938549995422,1,1657620,13805
1786083345,855606329,1,566.5213623046875,106.02593994140625,586.9617309570312,,,,,,,,,,1657621,13805
1786083345,855606329,,,,,5,-1496.6209716796875,1031.470947265625,-791.2049560546875,0.00280221295543015,-0.08102399110794067,-0.07917520403862,0.993558406829834,1,1657621,13805
1786083345,864570034,1,565.6220703125,105.79742431640625,597.2435302734375,,,,,,,,,,1657622,13805
1786083345,864570034,,,,,5,-1496.6336669921875,1031.4727783203125,-791.2447509765625,0.003376162378117442,-0.08068724721670151,-0.07989922910928726,0.9935261607170105,1,1657622,13805
1786083345,872602196,1,566.6140747070312,106.00033569335938,608.0564575195312,,,,,,,,,,1657623,13805
1786083345,872602196,,,,,5,-1496.6561279296875,1031.4981689453125,-791.20361328125,0.002705521881580353,-0.08125843107700348,-0.07941454648971558,0.9935205578804016,1,1657623,13805
1786083345,880262483,1,567.0562744140625,105.6357192993164,617.676513671875,,,,,,,,,,1657624,13805
1786083345,880262483,,,,,5,-1496.670166015625,1031.458984375,-791.1527709960938,0.002635427052155137,-0.08112156391143799,-0.0796494111418724,0.9935131072998047,1,1657624,13805
1786083345,889899043,1,566.5594482421875,107.86526489257812,628.2691040039062,,,,,,,,,,1657625,13805
1786083345,889899043,,,,,5,-1496.6424560546875,1031.4251708984375,-791.2274780273438,0.0031608985736966133,-0.08091460168361664,-0.07984248548746109,0.9935128688812256,1,1657625,13805
1786083345,897452637,1,566.0859375,107.66173553466797,636.888671875,,,,,,,,,,1657626,13805
1786083345,897452637,,,,,5,-1496.649658203125,1031.469970703125,-791.2422485351562,0.0033899748232215643,-0.08061147481203079,-0.0794978216290474,0.9935644268989563,1,1657626,13805
1786083345,905220225,1,563.7278442382812,106.52010345458984,646.8423461914062,,,,,,,,,,1657627,13805
1786083345,905220225,,,,,5,-1496.645263671875,1031.48193359375,-791.2074584960938,0.002845054492354393,-0.0812578946352005,-0.08007451891899109,0.9934672713279724,1,1657627,13805
1786083345,914605168,1,562.603271484375,106.15568542480469,656.0263671875,,,,,,,,,,1657628,13805
1786083345,914605168,,,,,5,-1496.625732421875,1031.4652099609375,-791.2675170898438,0.003274925984442234,-0.08071564882993698,-0.07964667677879333,0.9935444593429565,1,1657628,13805
1786083345,922298215,1,562.341064453125,106.27552032470703,665.6196899414062,,,,,,,,,,1657629,13805
1786083345,922298215,,,,,5,-1496.6251220703125,1031.4468994140625,-791.2349243164062,0.0032611859496682882,-0.08107834309339523,-0.08028870820999146,0.9934633374214172,1,1657629,13805
1786083345,930132635,1,563.8917236328125,105.7796859741211,676.8934326171875,,,,,,,,,,1657630,13805
1786083345,930132635,,,,,5,-1496.6058349609375,1031.4647216796875,-791.2145385742188,0.0031260475516319275,-0.0808568149805069,-0.0798385739326477,0.9935181140899658,1,1657630,13805
1786083345,939548738,1,560.9661254882812,107.56163024902344,685.0946044921875,,,,,,,,,,1657631,13805
1786083345,939548738,,,,,5,-1496.6593017578125,1031.423828125,-791.1461791992188,0.0026677169371396303,-0.0813947543501854,-0.08067154884338379,0.9934081435203552,1,1657631,13805
1786083345,947658609,1,562.8971557617188,108.04535675048828,695.3060302734375,,,,,,,,,,1657632,13805
1786083345,947658609,,,,,5,-1496.6439208984375,1031.4664306640625,-791.1603393554688,0.002677350537851453,-0.08109885454177856,-0.07866030931472778,0.9935935735702515,1,1657632,13805
1786083345,955608616,1,560.7885131835938,108.75601959228516,704.1212158203125,,,,,,,,,,1657633,13805
1786083345,955608616,,,,,5,-1496.663330078125,1031.4334716796875,-791.1788940429688,0.0026846863329410553,-0.08119484782218933,-0.08041112869977951,0.993445634841919,1,1657633,13805
1786083345,964829728,1,560.4617309570312,109.25534057617188,713.3295288085938,,,,,,,,,,1657634,13805
1786083345,964829728,,,,,5,-1496.6199951171875,1031.4764404296875,-791.24169921875,0.0033889436163008213,-0.08108183741569519,-0.08026599884033203,0.993464469909668,1,1657634,13805
1786083345,972733922,1,560.4954833984375,110.34648132324219,722.7281494140625,,,,,,,,,,1657635,13805
1786083345,972733922,,,,,5,-1496.6396484375,1031.4564208984375,-791.1716918945312,0.0029976607766002417,-0.08128917962312698,-0.08123864233493805,0.9933696389198303,1,1657635,13805
1786083345,980165147,1,560.9165649414062,110.6125717163086,732.350341796875,,,,,,,,,,1657636,13805
1786083345,980165147,,,,,5,-1496.6610107421875,1031.4744873046875,-791.23779296875,0.00347890448756516,-0.08054113388061523,-0.08007051050662994,0.9935238361358643,1,1657636,13805
1786083345,989530575,1,559.8510131835938,111.3228530883789,741.6886596679688,,,,,,,,,,1657637,13805
1786083345,989530575,,,,,5,-1496.5965576171875,1031.4520263671875,-791.2293090820312,0.003275613533332944,-0.08116267621517181,-0.0800945833325386,0.9934720993041992,1,1657637,13805
1786083345,997236227,1,561.0535278320312,108.88601684570312,751.717041015625,,,,,,,,,,1657638,13805
1786083345,997236227,,,,,5,-1496.6463623046875,1031.49951171875,-791.2421875,0.003048097947612405,-0.08148180693387985,-0.08078812807798386,0.9933904409408569,1,1657638,13805
1786083346,4894309,1,559.7960205078125,108.57420349121094,760.5066528320312,,,,,,,,,,1657639,13805
1786083346,4894309,,,,,5,-1496.659912109375,1031.4642333984375,-791.1925659179688,0.002947236178442836,-0.08113732188940048,-0.08067233115434647,0.9934284687042236,1,1657639,13805
1786083346,14369925,1,558.7713012695312,108.01737976074219,770.767578125,,,,,,,,,,1657640,13805
1786083346,14369925,,,,,5,-1496.681396484375,1031.4964599609375,-791.2188110351562,0.0031175424810498953,-0.0805872455239296,-0.07906682044267654,0.9936017990112305,1,1657640,13805
1786083346,21819167,1,558.9583129882812,107.39784240722656,780.3255615234375,,,,,,,,,,1657641,13805
1786083346,21819167,,,,,5,-1496.6414794921875,1031.5194091796875,-791.2377319335938,0.0031830943189561367,-0.08105935901403427,-0.08041242510080338,0.9934550523757935,1,1657641,13805
1786083346,31120746,1,556.7086791992188,106.912353515625,791.2399291992188,,,,,,,,,,1657642,13805
1786083346,31120746,,,,,5,-1496.619384765625,1031.4970703125,-791.218017578125,0.0030828025192022324,-0.08097183704376221,-0.08042361587285995,0.9934616088867188,1,1657642,13805
1786083346,38914478,1,558.873779296875,109.39350891113281,799.78076171875,,,,,,,,,,1657643,13805
1786083346,38914478,,,,,5,-1496.6141357421875,1031.4654541015625,-791.2028198242188,0.002739759162068367,-0.0811953917145729,-0.07959987223148346,0.9935107827186584,1,1657643,13805
1786083346,46783935,1,558.5338745117188,109.33531951904297,808.7847900390625,,,,,,,,,,1657644,13805
1786083346,46783935,,,,,5,-1496.6519775390625,1031.4693603515625,-791.1980590820312,0.002878759754821658,-0.08128892630338669,-0.07957074791193008,0.99350506067276,1,1657644,13805
1786083346,55946733,1,558.7825927734375,108.3162612915039,818.599853515625,,,,,,,,,,1657645,13805
1786083346,55946733,,,,,5,-1496.6448974609375,1031.4915771484375,-791.2095947265625,0.003009531181305647,-0.08148937672376633,-0.08079521358013153,0.993389368057251,1,1657645,13805
1786083346,64020459,1,557.2726440429688,109.71195220947266,827.6886596679688,,,,,,,,,,1657646,13805
1786083346,64020459,,,,,5,-1496.61767578125,1031.435791015625,-791.1629028320312,0.0026986002922058105,-0.08117938041687012,-0.07999397069215775,0.9934804439544678,1,1657646,13805
1786083346,71688015,1,557.450439453125,108.9065933227539,837.3274536132812,,,,,,,,,,1657647,13805
1786083346,71688015,,,,,5,-1496.67529296875,1031.4232177734375,-791.2199096679688,0.003294563153758645,-0.08062819391489029,-0.08085394650697708,0.9934540390968323,1,1657647,13805
1786083346,81192519,1,557.1183471679688,109.46123504638672,846.4690551757812,,,,,,,,,,1657648,13805
1786083346,81192519,,,,,5,-1496.6527099609375,1031.45556640625,-791.1817626953125,0.0030402778647840023,-0.08077207207679749,-0.08014383912086487,0.9935007095336914,1,1657648,13805
1786083346,88843023,1,555.7265625,108.72608947753906,855.615966796875,,,,,,,,,,1657649,13805
1786083346,88843023,,,,,5,-1496.6390380859375,1031.4754638671875,-791.2421875,0.003517091041430831,-0.08063449710607529,-0.08048776537179947,0.9934824705123901,1,1657649,13805
1786083346,96583137,1,556.464599609375,109.55415344238281,864.8186645507812,,,,,,,,,,1657650,13805
1786083346,96583137,,,,,5,-1496.6361083984375,1031.4371337890625,-791.1506958007812,0.002974973525851965,-0.08114160597324371,-0.08084607869386673,0.9934138059616089,1,1657650,13805
1786083346,106144811,1,556.1358032226562,110.12330627441406,874.1671142578125,,,,,,,,,,1657651,13805
1786083346,106144811,,,,,5,-1496.6224365234375,1031.44921875,-791.1805419921875,0.0026524909771978855,-0.0811099037528038,-0.07838001847267151,0.9936150312423706,1,1657651,13805
1786083346,113671474,1,555.8177490234375,110.77485656738281,883.3018188476562,,,,,,,,,,1657652,13805
1786083346,113671474,,,,,5,-1496.6632080078125,1031.51171875,-791.2257080078125,0.002985594095662236,-0.08111654222011566,-0.0809095948934555,0.9934107065200806,1,1657652,13805
1786083346,122497812,1,555.3499755859375,111.40876007080078,891.6434326171875,,,,,,,,,,1657653,13805
1786083346,122497812,,,,,5,-1496.623046875,1031.495849609375,-791.2091674804688,0.0030965956393629313,-0.08112344145774841,-0.07978235185146332,0.9935010075569153,1,1657653,13805
1786083346,131003750,1,556.6828002929688,111.37948608398438,901.0239868164062,,,,,,,,,,1657654,13805
1786083346,131003750,,,,,5,-1496.6422119140625,1031.501708984375,-791.18212890625,0.0029612171929329634,-0.08140003681182861,-0.08149035274982452,0.993340015411377,1,1657654,13805
1786083346,138516560,1,556.0106201171875,111.05683135986328,910.38037109375,,,,,,,,,,1657655,13805
1786083346,138516560,,,,,5,-1496.6470947265625,1031.478515625,-791.20263671875,0.00300677795894444,-0.08117065578699112,-0.07958648353815079,0.9935130476951599,1,1657655,13805
1786083346,147751564,1,556.0465698242188,110.26656341552734,920.0783081054688,,,,,,,,,,1657656,13805
1786083346,147751564,,,,,5,-1496.6478271484375,1031.4744873046875,-791.2449340820312,0.003499136306345463,-0.08062925189733505,-0.07992862910032272,0.9935281276702881,1,1657656,13805
1786083346,155695947,1,556.1234741210938,110.61763000488281,928.303955078125,,,,,,,,,,1657657,13805
1786083346,155695947,,,,,5,-1496.6370849609375,1031.4837646484375,-791.1925048828125,0.0030726674012839794,-0.08109970390796661,-0.07945054769515991,0.9935295581817627,1,1657657,13805
1786083346,163351025,1,554.2576293945312,109.58866882324219,937.7687377929688,,,,,,,,,,1657658,13805
1786083346,163351025,,,,,5,-1496.6810302734375,1031.4556884765625,-791.1669921875,0.0027499855495989323,-0.08109129965305328,-0.08089980483055115,0.9934142231941223,1,1657658,13805
1786083346,172306707,1,554.1969604492188,110.4599609375,946.900146484375,,,,,,,,,,1657659,13805
1786083346,172306707,,,,,5,-1496.6510009765625,1031.5499267578125,-791.2435913085938,0.0028418293222784996,-0.08125779032707214,-0.0796830877661705,0.993498682975769,1,1657659,13805
1786083346,180497428,1,553.8741455078125,111.1283950805664,955.7299194335938,,,,,,,,,,1657660,13805
1786083346,180497428,,,,,5,-1496.6199951171875,1031.43359375,-791.189453125,0.0033804289996623993,-0.08097772300243378,-0.08049431443214417,0.9934545159339905,1,1657660,13805
1786083346,188323216,1,552.9677124023438,110.82324981689453,964.7132568359375,,,,,,,,,,1657661,13805
1786083346,188323216,,,,,5,-1496.62353515625,1031.498291015625,-791.2137451171875,0.0032590555492788553,-0.08123372495174408,-0.08066269010305405,0.9934202432632446,1,1657661,13805
1786083346,197775510,1,553.198974609375,111.75634002685547,972.7689819335938,,,,,,,,,,1657662,13805
1786083346,197775510,,,,,5,-1496.666259765625,1031.5198974609375,-791.2592163085938,0.0030181792099028826,-0.08061470091342926,-0.0796685591340065,0.9935517311096191,1,1657662,13805
1786083346,204711824,1,552.9129638671875,112.24488067626953,982.096435546875,,,,,,,,,,1657663,13805
1786083346,204711824,,,,,5,-1496.655517578125,1031.4632568359375,-791.1978149414062,0.002952665090560913,-0.08125821501016617,-0.08129682391881943,0.9933676719665527,1,1657663,13805
1786083346,214417654,1,552.9990844726562,110.92700958251953,991.1331176757812,,,,,,,,,,1657664,13805
1786083346,214417654,,,,,5,-1496.649658203125,1031.5008544921875,-791.2130737304688,0.0031310124322772026,-0.0808158740401268,-0.07976926863193512,0.9935268759727478,1,1657664,13805
1786083346,222288711,1,551.2368774414062,109.69744873046875,1000.7037963867188,,,,,,,,,,1657665,13805
1786083346,222288711,,,,,5,-1496.6226806640625,1031.4373779296875,-791.2169189453125,0.0030590358655899763,-0.08098496496677399,-0.08133286982774734,0.9933865666389465,1,1657665,13805
1786083346,230188625,1,554.0203247070312,110.4097900390625,1009.2540283203125,,,,,,,,,,1657666,13805
1786083346,230188625,,,,,5,-1496.6201171875,1031.4671630859375,-791.2342529296875,0.0031693601049482822,-0.08110480010509491,-0.08049088716506958,0.9934450387954712,1,1657666,13805
1786083346,239345696,1,552.0394287109375,110.3066635131836,1018.978759765625,,,,,,,,,,1657667,13805
1786083346,239345696,,,,,5,-1496.63671875,1031.499755859375,-791.1928100585938,0.002863541943952441,-0.0812208354473114,-0.079582080245018,0.9935097098350525,1,1657667,13805
1786083346,247573528,1,551.6604614257812,110.6195068359375,1028.0638427734375,,,,,,,,,,1657668,13805
1786083346,247573528,,,,,5,-1496.6148681640625,1031.4447021484375,-791.1982421875,0.002651497721672058,-0.08107657730579376,-0.07875671982765198,0.9935879111289978,1,1657668,13805
1786083346,255042413,1,551.1660766601562,111.04304504394531,1036.8504638671875,,,,,,,,,,1657669,13805
1786083346,255042413,,,,,5,-1496.62890625,1031.5003662109375,-791.235595703125,0.0029347732197493315,-0.08129321783781052,-0.08015900105237961,0.9934571385383606,1,1657669,13805
1786083346,264392172,1,550.6682739257812,110.20571899414062,1045.9517822265625,,,,,,,,,,1657670,13805
1786083346,264392172,,,,,5,-1496.6207275390625,1031.4971923828125,-791.2030639648438,0.0028305919840931892,-0.08115013688802719,-0.079726941883564,0.993503987789154,1,1657670,13805
1786083346,272096103,1,550.859619140625,111.30055236816406,1054.733642578125,,,,,,,,,,1657671,13805
1786083346,272096103,,,,,5,-1496.6578369140625,1031.400390625,-791.1815795898438,0.002953729359433055,-0.08055412024259567,-0.07960627228021622,0.9935618042945862,1,1657671,13805
1786083346,279922211,1,549.527587890625,110.61128234863281,1063.8968505859375,,,,,,,,,,1657672,13805
1786083346,279922211,,,,,5,-1496.6175537109375,1031.480712890625,-791.2308349609375,0.0033020994160324335,-0.08108004182577133,-0.08009141683578491,0.9934789538383484,1,1657672,13805
1786083346,289559482,1,549.1049194335938,110.89347076416016,1072.6036376953125,,,,,,,,,,1657673,13805
1786083346,289559482,,,,,5,-1496.6370849609375,1031.4808349609375,-791.1611938476562,0.0028764628805220127,-0.08126833289861679,-0.07981991022825241,0.9934866428375244,1,1657673,13805
1786083346,296928296,1,548.573486328125,111.41769409179688,1080.962646484375,,,,,,,,,,1657674,13805
1786083346,296928296,,,,,5,-1496.6070556640625,1031.4520263671875,-791.18359375,0.0029461742378771305,-0.08112851530313492,-0.08034241944551468,0.9934558272361755,1,1657674,13805
1786083346,306225749,1,548.0975952148438,111.74292755126953,1090.200927734375,,,,,,,,,,1657675,13805
1786083346,306225749,,,,,5,-1496.6588134765625,1031.481689453125,-791.2796020507812,0.003477471647784114,-0.08086756616830826,-0.08081530034542084,0.9934371113777161,1,1657675,13805
1786083346,314947729,1,547.306640625,110.66517639160156,1099.831298828125,,,,,,,,,,1657676,13805
1786083346,314947729,,,,,5,-1496.662109375,1031.4486083984375,-791.1569213867188,0.002550426870584488,-0.08124695718288422,-0.07978662103414536,0.9934921264648438,1,1657676,13805
1786083346,321783588,1,547.3621215820312,111.4216079711914,1107.6866455078125,,,,,,,,,,1657677,13805
1786083346,321783588,,,,,5,-1496.6689453125,1031.4866943359375,-791.264892578125,0.003129849210381508,-0.08076675981283188,-0.08029855042695999,0.9934883117675781,1,1657677,13805
1786083346,330953200,1,546.3306884765625,112.34214782714844,1114.20166015625,,,,,,,,,,1657678,13805
1786083346,330953200,,,,,5,-1496.660888671875,1031.4918212890625,-791.2589111328125,0.0037324849981814623,-0.08097787201404572,-0.08152593672275543,0.9933691620826721,1,1657678,13805
1786083346,339188966,1,543.6801147460938,114.69055938720703,1114.1630859375,,,,,,,,,,1657679,13805
1786083346,339188966,,,,,5,-1496.651611328125,1031.53759765625,-791.2330932617188,0.0024159352760761976,-0.08113709837198257,-0.0783318355679512,0.9936171174049377,1,1657679,13805
1786083346,346788219,1,540.2102661132812,117.39002227783203,1109.95556640625,,,,,,,,,,1657680,13805
1786083346,346788219,,,,,5,-1496.6400146484375,1031.49560546875,-791.20263671875,0.0031505103688687086,-0.08129050582647324,-0.07997928559780121,0.9934712052345276,1,1657680,13805
1786083346,356102659,1,539.4708862304688,119.13395690917969,1104.9271240234375,,,,,,,,,,1657681,13805
1786083346,356102659,,,,,5,-1496.6248779296875,1031.4796142578125,-791.2020263671875,0.0028046739753335714,-0.08133907616138458,-0.07928904891014099,0.9935237169265747,1,1657681,13805
1786083346,364308576,1,536.856689453125,120.25276947021484,1099.8385009765625,,,,,,,,,,1657682,13805
1786083346,364308576,,,,,5,-1496.6285400390625,1031.4896240234375,-791.2195434570312,0.002902586478739977,-0.08116141706705093,-0.07961108535528183,0.9935120344161987,1,1657682,13805
1786083346,371722531,1,534.1787719726562,121.09891510009766,1095.9642333984375,,,,,,,,,,1657683,13805
1786083346,371722531,,,,,5,-1496.6220703125,1031.442626953125,-791.2240600585938,0.003399567911401391,-0.08097682148218155,-0.08024146407842636,0.9934750199317932,1,1657683,13805
1786083346,381121622,1,530.8546752929688,120.45478820800781,1090.337890625,,,,,,,,,,1657684,13805
1786083346,381121622,,,,,5,-1496.6414794921875,1031.4832763671875,-791.2433471679688,0.002728745574131608,-0.0813102200627327,-0.08056723326444626,0.993423342704773,1,1657684,13805
1786083346,388721290,1,528.1944580078125,120.10881042480469,1084.7003173828125,,,,,,,,,,1657685,13805
1786083346,388721290,,,,,5,-1496.6805419921875,1031.4959716796875,-791.1903686523438,0.0029452901799231768,-0.0814187079668045,-0.0811929702758789,0.9933629631996155,1,1657685,13805
1786083346,396958560,1,525.2686767578125,118.43345642089844,1079.6527099609375,,,,,,,,,,1657686,13805
1786083346,396958560,,,,,5,-1496.6348876953125,1031.4486083984375,-791.2210083007812,0.0030351639725267887,-0.08102615177631378,-0.08006375283002853,0.9934863448143005,1,1657686,13805
1786083346,405900325,1,522.1882934570312,118.40528106689453,1075.17236328125,,,,,,,,,,1657687,13805
1786083346,405900325,,,,,5,-1496.63671875,1031.409423828125,-791.1693725585938,0.003111732192337513,-0.0809788852930069,-0.08059392124414444,0.9934471845626831,1,1657687,13805
1786083346,414135930,1,519.1502685546875,115.01425170898438,1069.5263671875,,,,,,,,,,1657688,13806
1786083346,414135930,,,,,5,-1496.6129150390625,1031.4866943359375,-791.2466430664062,0.003393622348085046,-0.08105502277612686,-0.08021463453769684,0.9934707283973694,1,1657688,13806
1786083346,421477839,1,516.2769775390625,110.54643249511719,1064.84375,,,,,,,,,,1657689,13806
1786083346,421477839,,,,,5,-1496.6177978515625,1031.488525390625,-791.2650756835938,0.0036055915988981724,-0.08099203556776047,-0.08086419850587845,0.9934226274490356,1,1657689,13806
1786083346,431142880,1,513.322998046875,107.1284408569336,1060.4927978515625,,,,,,,,,,1657690,13806
1786083346,431142880,,,,,5,-1496.6002197265625,1031.4586181640625,-791.21875,0.003355050925165415,-0.08100509643554688,-0.08062168955802917,0.9934419989585876,1,1657690,13806
1786083346,438431874,1,511.148681640625,107.89793395996094,1057.162109375,,,,,,,,,,1657691,13806
1786083346,438431874,,,,,5,-1496.6422119140625,1031.4222412109375,-791.1819458007812,0.003073969390243292,-0.08102954179048538,-0.08075731247663498,0.9934298992156982,1,1657691,13806
1786083346,447720529,1,508.2861022949219,110.1222152709961,1055.681640625,,,,,,,,,,1657692,13806
1786083346,447720529,,,,,5,-1496.6414794921875,1031.4088134765625,-791.1930541992188,0.0033386617433279753,-0.08108671754598618,-0.08135848492383957,0.9933752417564392,1,1657692,13806
1786083346,455464353,1,505.8681335449219,111.87245178222656,1053.8297119140625,,,,,,,,,,1657693,13806
1786083346,455464353,,,,,5,-1496.6285400390625,1031.491943359375,-791.2060546875,0.003091071732342243,-0.08136927336454391,-0.08012142032384872,0.9934534430503845,1,1657693,13806
1786083346,463429466,1,503.63482666015625,113.44688415527344,1051.713134765625,,,,,,,,,,1657694,13806
1786083346,463429466,,,,,5,-1496.6507568359375,1031.4610595703125,-791.18505859375,0.002731064334511757,-0.0813618153333664,-0.08004271239042282,0.9934616088867188,1,1657694,13806
1786083346,472837483,1,501.4335021972656,113.8582763671875,1050.04736328125,,,,,,,,,,1657695,13806
1786083346,472837483,,,,,5,-1496.619140625,1031.4498291015625,-791.2518310546875,0.00336183188483119,-0.08103195577859879,-0.08016568422317505,0.9934766888618469,1,1657695,13806
1786083346,480411718,1,499.3454895019531,114.00933074951172,1048.2581787109375,,,,,,,,,,1657696,13806
1786083346,480411718,,,,,5,-1496.6302490234375,1031.4544677734375,-791.2242431640625,0.002967115957289934,-0.08114415407180786,-0.07966595143079758,0.9935088753700256,1,1657696,13806
1786083346,488231524,1,496.6328125,112.9095687866211,1046.9984130859375,,,,,,,,,,1657697,13806
1786083346,488231524,,,,,5,-1496.6292724609375,1031.4659423828125,-791.2329711914062,0.0034742269199341536,-0.08099061995744705,-0.08039673417806625,0.993461012840271,1,1657697,13806
1786083346,497698566,1,494.3243408203125,111.45838928222656,1045.0919189453125,,,,,,,,,,1657698,13806
1786083346,497698566,,,,,5,-1496.6790771484375,1031.487548828125,-791.2372436523438,0.003196271602064371,-0.08089945465326309,-0.08010116219520569,0.9934932589530945,1,1657698,13806
1786083346,505185782,1,492.0223693847656,109.59949493408203,1043.34619140625,,,,,,,,,,1657699,13806
1786083346,505185782,,,,,5,-1496.6727294921875,1031.4398193359375,-791.2467041015625,0.00264625228010118,-0.08109864592552185,-0.08012644946575165,0.9934766292572021,1,1657699,13806
1786083346,514436942,1,489.2061462402344,107.89324188232422,1041.9205322265625,,,,,,,,,,1657700,13806
1786083346,514436942,,,,,5,-1496.677978515625,1031.5142822265625,-791.2420043945312,0.0029494978953152895,-0.08116082847118378,-0.07983983308076859,0.9934936761856079,1,1657700,13806
1786083346,522704444,1,487.3899841308594,108.35704803466797,1040.5548095703125,,,,,,,,,,1657701,13806
1786083346,522704444,,,,,5,-1496.6513671875,1031.4315185546875,-791.183349609375,0.0029889866709709167,-0.08083432167768478,-0.08032078295946121,0.9934813976287842,1,1657701,13806
1786083346,530148247,1,484.872314453125,110.3377914428711,1038.37548828125,,,,,,,,,,1657702,13806
1786083346,530148247,,,,,5,-1496.627197265625,1031.4488525390625,-791.26123046875,0.0032198478002101183,-0.08079902827739716,-0.07913023978471756,0.9935792088508606,1,1657702,13806
1786083346,539480571,1,482.6510314941406,111.39397430419922,1036.2861328125,,,,,,,,,,1657703,13806
1786083346,539480571,,,,,5,-1496.6370849609375,1031.4827880859375,-791.2542724609375,0.003238630248233676,-0.08111187070608139,-0.08020026236772537,0.9934677481651306,1,1657703,13806
1786083346,547621704,1,481.0120544433594,111.85719299316406,1034.698974609375,,,,,,,,,,1657704,13806
1786083346,547621704,,,,,5,-1496.6405029296875,1031.4437255859375,-791.2200927734375,0.0032038255594670773,-0.08109667152166367,-0.08040788769721985,0.9934523105621338,1,1657704,13806
1786083346,555172777,1,478.77239990234375,110.19808959960938,1034.06298828125,,,,,,,,,,1657705,13806
1786083346,555172777,,,,,5,-1496.6600341796875,1031.4881591796875,-791.1991577148438,0.00268172868527472,-0.08110877871513367,-0.0792621374130249,0.9935449361801147,1,1657705,13806
1786083346,564336119,1,476.4732666015625,110.08878326416016,1031.8052978515625,,,,,,,,,,1657706,13806
1786083346,564336119,,,,,5,-1496.62451171875,1031.464111328125,-791.2774658203125,0.003118758322671056,-0.08122684806585312,-0.08024322241544724,0.9934552907943726,1,1657706,13806
1786083346,572515642,1,473.8869934082031,108.94985961914062,1030.673095703125,,,,,,,,,,1657707,13806
1786083346,572515642,,,,,5,-1496.6363525390625,1031.4805908203125,-791.2175903320312,0.0027441000565886497,-0.08111884444952011,-0.07947283238172531,0.9935271739959717,1,1657707,13806
1786083346,580051551,1,470.96881103515625,109.4384994506836,1028.803955078125,,,,,,,,,,1657708,13806
1786083346,580051551,,,,,5,-1496.6217041015625,1031.469970703125,-791.2400512695312,0.003243040759116411,-0.08115820586681366,-0.08030816912651062,0.9934552311897278,1,1657708,13806
1786083346,589311445,1,471.14453125,108.89388275146484,1026.8399658203125,,,,,,,,,,1657709,13806
1786083346,589311445,,,,,5,-1496.6287841796875,1031.448486328125,-791.2183837890625,0.0030424471478909254,-0.08118875324726105,-0.07975746691226959,0.9934977889060974,1,1657709,13806
1786083346,597458017,1,466.82904052734375,110.52154541015625,1025.34912109375,,,,,,,,,,1657710,13806
1786083346,597458017,,,,,5,-1496.6534423828125,1031.4736328125,-791.2250366210938,0.0031542936339974403,-0.08050546050071716,-0.07849319279193878,0.9936537146568298,1,1657710,13806
1786083346,604933268,1,464.1147766113281,110.05618286132812,1024.27001953125,,,,,,,,,,1657711,13806
1786083346,604933268,,,,,5,-1496.5928955078125,1031.440673828125,-791.23974609375,0.0027895362582057714,-0.08095734566450119,-0.07874752581119537,0.9935981035232544,1,1657711,13806
1786083346,614437229,1,462.1459045410156,109.18885040283203,1022.734619140625,,,,,,,,,,1657712,13806
1786083346,614437229,,,,,5,-1496.6346435546875,1031.4627685546875,-791.16650390625,0.0024136861320585012,-0.0811234712600708,-0.08005646616220474,0.9934808015823364,1,1657712,13806
1786083346,621919807,1,459.25457763671875,110.0650863647461,1021.230712890625,,,,,,,,,,1657713,13806
1786083346,621919807,,,,,5,-1496.6766357421875,1031.526611328125,-791.2435913085938,0.0030838241800665855,-0.08112295717000961,-0.08075174689292908,0.9934226274490356,1,1657713,13806
1786083346,631109158,1,457.0486755371094,110.33800506591797,1019.5783081054688,,,,,,,,,,1657714,13806
1786083346,631109158,,,,,5,-1496.6138916015625,1031.4710693359375,-791.2050170898438,0.002781872870400548,-0.08122558891773224,-0.07931940257549286,0.9935305714607239,1,1657714,13806
1786083346,639298983,1,454.8360900878906,110.59883880615234,1017.7598876953125,,,,,,,,,,1657715,13806
1786083346,639298983,,,,,5,-1496.68701171875,1031.4534912109375,-791.2013549804688,0.002716190181672573,-0.08121843636035919,-0.07908592373132706,0.9935499429702759,1,1657715,13806
1786083346,647118533,1,452.5367736816406,111.12495422363281,1016.4629516601562,,,,,,,,,,1657716,13806
1786083346,647118533,,,,,5,-1496.65087890625,1031.4783935546875,-791.22607421875,0.003230022732168436,-0.08107329905033112,-0.08021450787782669,0.9934698343276978,1,1657716,13806
1786083346,654841627,1,451.59478759765625,111.08367156982422,1014.3882446289062,,,,,,,,,,1657717,13806
1786083346,654841627,,,,,5,-1496.6202392578125,1031.4656982421875,-791.2337036132812,0.003204611362889409,-0.08119221031665802,-0.08056895434856415,0.993431568145752,1,1657717,13806
1786083346,664191642,1,450.42474365234375,110.94170379638672,1012.4783325195312,,,,,,,,,,1657718,13806
1786083346,664191642,,,,,5,-1496.6546630859375,1031.45947265625,-791.227783203125,0.0031443301122635603,-0.08140257000923157,-0.0812499076128006,0.9933590888977051,1,1657718,13806
1786083346,672844583,1,446.5701904296875,110.31717681884766,1011.62255859375,,,,,,,,,,1657719,13806
1786083346,672844583,,,,,5,-1496.6688232421875,1031.4720458984375,-791.2372436523438,0.003079613670706749,-0.08064582198858261,-0.0792778879404068,0.9935803413391113,1,1657719,13806
1786083346,681045317,1,443.9110412597656,110.33717346191406,1010.180908203125,,,,,,,,,,1657720,13806
1786083346,681045317,,,,,5,-1496.6376953125,1031.5093994140625,-791.2024536132812,0.0025346558541059494,-0.08128795027732849,-0.07887978851795197,0.9935610294342041,1,1657720,13806
1786083346,691303810,1,441.2485046386719,110.79864501953125,1008.2784423828125,,,,,,,,,,1657721,13806
1786083346,691303810,,,,,5,-1496.6063232421875,1031.46044921875,-791.2450561523438,0.003305278019979596,-0.08066052198410034,-0.07965943962335587,0.9935479164123535,1,1657721,13806
1786083346,696699581,1,439.2364807128906,110.50688934326172,1007.23583984375,,,,,,,,,,1657722,13806
1786083346,696699581,,,,,5,-1496.674072265625,1031.4578857421875,-791.2422485351562,0.003190255258232355,-0.0805901512503624,-0.07931534945964813,0.9935814738273621,1,1657722,13806
1786083346,706221489,1,437.0739440917969,110.12472534179688,1005.5625610351562,,,,,,,,,,1657723,13806
1786083346,706221489,,,,,5,-1496.644287109375,1031.4373779296875,-791.2276000976562,0.0029561282135546207,-0.08103937655687332,-0.07910535484552383,0.9935624003410339,1,1657723,13806
1786083346,714197224,1,435.250732421875,110.27122497558594,1003.8147583007812,,,,,,,,,,1657724,13806
1786083346,714197224,,,,,5,-1496.6103515625,1031.4168701171875,-791.1964721679688,0.0029103399720042944,-0.08092406392097473,-0.07913143187761307,0.9935697913169861,1,1657724,13806
1786083346,722477074,1,432.8216247558594,110.14966583251953,1002.4964599609375,,,,,,,,,,1657725,13806
1786083346,722477074,,,,,5,-1496.618408203125,1031.403076171875,-791.1747436523438,0.0028664672281593084,-0.0809503048658371,-0.0794031023979187,0.9935462474822998,1,1657725,13806
1786083346,729453507,1,431.5017395019531,109.60843658447266,1000.8469848632812,,,,,,,,,,1657726,13806
1786083346,729453507,,,,,5,-1496.6446533203125,1031.4984130859375,-791.22216796875,0.002657273318618536,-0.08124160021543503,-0.0792151540517807,0.9935379028320312,1,1657726,13806
1786083346,738136904,1,429.23797607421875,109.5164566040039,999.490966796875,,,,,,,,,,1657727,13806
1786083346,738136904,,,,,5,-1496.6279296875,1031.4610595703125,-791.2318725585938,0.0029674239922314882,-0.08114048838615417,-0.07972452044487,0.9935046434402466,1,1657727,13806
1786083346,746626655,1,427.1686706542969,109.81703186035156,997.0869140625,,,,,,,,,,1657728,13806
1786083346,746626655,,,,,5,-1496.6650390625,1031.4788818359375,-791.2386474609375,0.003291197819635272,-0.0806785374879837,-0.07993002980947495,0.9935246706008911,1,1657728,13806
1786083346,756331397,1,425.0365295410156,110.55219268798828,994.6949462890625,,,,,,,,,,1657729,13806
1786083346,756331397,,,,,5,-1496.6929931640625,1031.517333984375,-791.2412109375,0.0030216032173484564,-0.08131254464387894,-0.08073431998491287,0.9934089183807373,1,1657729,13806
1786083346,763411963,1,415.8305358886719,171.5880584716797,904.6555786132812,,,,,,,,,,1657730,13806
1786083346,763411963,,,,,5,-1496.6781005859375,1031.4193115234375,-791.2106323242188,0.0031639502849429846,-0.08084788918495178,-0.08038393408060074,0.9934746623039246,1,1657730,13806
1786083346,772663283,1,420.8343811035156,109.66957092285156,992.0822143554688,,,,,,,,,,1657731,13806
1786083346,772663283,,,,,5,-1496.6632080078125,1031.494140625,-791.2246704101562,0.0029999560210853815,-0.08139204978942871,-0.08068879693746567,0.9934060573577881,1,1657731,13806
1786083346,780955963,1,418.9107360839844,110.43412017822266,989.2095336914062,,,,,,,,,,1657732,13806
1786083346,780955963,,,,,5,-1496.63916015625,1031.509033203125,-791.2260131835938,0.0029850387945771217,-0.08111802488565445,-0.079694002866745,0.9935087561607361,1,1657732,13806
1786083346,788356481,1,470.2746276855469,168.29940795898438,908.8733520507812,,,,,,,,,,1657733,13806
1786083346,788356481,,,,,5,-1496.6282958984375,1031.4837646484375,-791.2745971679688,0.003062943695113063,-0.08124206215143204,-0.07944952696561813,0.9935179352760315,1,1657733,13806
1786083346,797641232,1,414.7054748535156,110.43846130371094,986.5934448242188,,,,,,,,,,1657734,13806
1786083346,797641232,,,,,5,-1496.6341552734375,1031.485595703125,-791.3443603515625,0.003386002965271473,-0.0805627629160881,-0.08033112436532974,0.9935014247894287,1,1657734,13806
1786083346,805404348,1,413.29803466796875,110.31714630126953,983.8191528320312,,,,,,,,,,1657735,13806
1786083346,805404348,,,,,5,-1496.6103515625,1031.4647216796875,-791.28369140625,0.003497451078146696,-0.08083731681108475,-0.08050453662872314,0.9934647679328918,1,1657735,13806
1786083346,813311812,1,410.9913635253906,110.70186614990234,982.7159423828125,,,,,,,,,,1657736,13806
1786083346,813311812,,,,,5,-1496.6343994140625,1031.4691162109375,-791.2698364257812,0.00292696594260633,-0.08084088563919067,-0.07969962060451508,0.9935311675071716,1,1657736,13806
1786083346,822592372,1,409.19989013671875,110.17947387695312,980.9923095703125,,,,,,,,,,1657737,13806
1786083346,822592372,,,,,5,-1496.6610107421875,1031.4698486328125,-791.3181762695312,0.003097032429650426,-0.0808802992105484,-0.08010175824165344,0.9934950470924377,1,1657737,13806
1786083346,830814701,1,406.8006286621094,109.81900024414062,980.0742797851562,,,,,,,,,,1657738,13806
1786083346,830814701,,,,,5,-1496.6402587890625,1031.4339599609375,-791.2945556640625,0.003286678111180663,-0.08068368583917618,-0.08025075495243073,0.9934983849525452,1,1657738,13806
1786083346,838172063,1,404.97052001953125,109.74737548828125,978.134033203125,,,,,,,,,,1657739,13806
1786083346,838172063,,,,,5,-1496.643798828125,1031.5145263671875,-791.2960205078125,0.0031680024694651365,-0.08080562204122543,-0.08026347309350967,0.9934877753257751,1,1657739,13806
1786083346,847753700,1,404.1590576171875,111.45364379882812,976.2380981445312,,,,,,,,,,1657740,13806
1786083346,847753700,,,,,5,-1496.640869140625,1031.5157470703125,-791.2745361328125,0.0025212529581040144,-0.08058249205350876,-0.0783592164516449,0.9936598539352417,1,1657740,13806
1786083346,855142349,1,401.8898010253906,110.31692504882812,974.2999877929688,,,,,,,,,,1657741,13806
1786083346,855142349,,,,,5,-1496.6380615234375,1031.42333984375,-791.252685546875,0.002966274507343769,-0.081027090549469,-0.08081835508346558,0.9934254884719849,1,1657741,13806
1786083346,864365068,1,399.79937744140625,109.88345336914062,971.845458984375,,,,,,,,,,1657742,13806
1786083346,864365068,,,,,5,-1496.6630859375,1031.4610595703125,-791.3016357421875,0.0033909203484654427,-0.08031301945447922,-0.07964824140071869,0.9935765266418457,1,1657742,13806
1786083346,872177899,1,398.5883483886719,108.10199737548828,972.4139404296875,,,,,,,,,,1657743,13806
1786083346,872177899,,,,,5,-1496.608154296875,1031.4517822265625,-791.3080444335938,0.003172073047608137,-0.08076070249080658,-0.07958241552114487,0.9935462474822998,1,1657743,13806
1786083346,880046461,1,398.22320556640625,113.35411834716797,968.7260131835938,,,,,,,,,,1657744,13806
1786083346,880046461,,,,,5,-1496.6881103515625,1031.4822998046875,-791.33935546875,0.0033508953638374805,-0.08036689460277557,-0.07977810502052307,0.9935619235038757,1,1657744,13806
1786083346,889289047,1,394.7646484375,111.04903411865234,967.5501708984375,,,,,,,,,,1657745,13806
1786083346,889289047,,,,,5,-1496.60888671875,1031.4393310546875,-791.2869262695312,0.0029829777777194977,-0.0808849185705185,-0.07952453941106796,0.993541419506073,1,1657745,13806
1786083346,897578719,1,392.8623046875,111.36026000976562,966.2076416015625,,,,,,,,,,1657746,13806
1786083346,897578719,,,,,5,-1496.62841796875,1031.5084228515625,-791.3038940429688,0.0030613322742283344,-0.08081646263599396,-0.08037334680557251,0.993478536605835,1,1657746,13806
1786083346,904954444,1,391.1522216796875,110.38858795166016,964.0474853515625,,,,,,,,,,1657747,13806
1786083346,904954444,,,,,5,-1496.6488037109375,1031.508544921875,-791.28271484375,0.002859695814549923,-0.08116219192743301,-0.08048724383115768,0.9934415817260742,1,1657747,13806
1786083346,914243194,1,389.2932434082031,110.66838836669922,962.9584350585938,,,,,,,,,,1657748,13806
1786083346,914243194,,,,,5,-1496.65576171875,1031.5263671875,-791.31982421875,0.0027764267288148403,-0.08094330877065659,-0.0795302763581276,0.9935367703437805,1,1657748,13806
1786083346,922400515,1,387.65142822265625,109.93144989013672,960.952392578125,,,,,,,,,,1657749,13806
1786083346,922400515,,,,,5,-1496.6160888671875,1031.47216796875,-791.2882690429688,0.0034740660339593887,-0.08072242885828018,-0.08034516125917435,0.9934870600700378,1,1657749,13806
1786083346,929862650,1,385.8365478515625,111.13582611083984,959.377685546875,,,,,,,,,,1657750,13806
1786083346,929862650,,,,,5,-1496.65625,1031.520751953125,-791.27587890625,0.0031451715622097254,-0.08087832480669022,-0.08086758852005005,0.9934330582618713,1,1657750,13806
1786083346,939206043,1,383.8426513671875,111.7233657836914,957.4960327148438,,,,,,,,,,1657751,13806
1786083346,939206043,,,,,5,-1496.70703125,1031.4652099609375,-791.287353515625,0.0031042315531522036,-0.08049936592578888,-0.08081222325563431,0.9934684634208679,1,1657751,13806
1786083346,946989506,1,382.5428466796875,111.07325744628906,956.1918334960938,,,,,,,,,,1657752,13806
1786083346,946989506,,,,,5,-1496.6756591796875,1031.482177734375,-791.2696533203125,0.0027254412416368723,-0.08091509342193604,-0.08112019300460815,0.9934107661247253,1,1657752,13806
1786083346,954856627,1,379.6565246582031,109.63809967041016,954.0301513671875,,,,,,,,,,1657753,13806
1786083346,954856627,,,,,5,-1496.644775390625,1031.3963623046875,-791.2607421875,0.002791790524497628,-0.08083710819482803,-0.08090055733919144,0.9934347867965698,1,1657753,13806
1786083346,964110986,1,378.1730041503906,108.38776397705078,952.2396240234375,,,,,,,,,,1657754,13806
1786083346,964110986,,,,,5,-1496.6136474609375,1031.4622802734375,-791.2861938476562,0.003404197981581092,-0.08052077889442444,-0.07999548316001892,0.9935319423675537,1,1657754,13806
1786083346,971819044,1,377.4766845703125,111.39640808105469,950.8955078125,,,,,,,,,,1657755,13806
1786083346,971819044,,,,,5,-1496.6365966796875,1031.430419921875,-791.2648315429688,0.0028617647476494312,-0.08079592883586884,-0.07968518137931824,0.9935361742973328,1,1657755,13806
1786083346,981127342,1,375.5218200683594,110.14541625976562,949.8143920898438,,,,,,,,,,1657756,13806
1786083346,981127342,,,,,5,-1496.623046875,1031.419189453125,-791.2579956054688,0.003009649459272623,-0.08074803650379181,-0.08091597259044647,0.9934401512145996,1,1657756,13806
1786083346,988746205,1,374.0160217285156,108.98796081542969,946.8343505859375,,,,,,,,,,1657757,13806
1786083346,988746205,,,,,5,-1496.6387939453125,1031.4556884765625,-791.2953491210938,0.0032621154095977545,-0.08066247403621674,-0.0801088735461235,0.9935116171836853,1,1657757,13806
1786083346,997226870,1,371.97613525390625,111.16748809814453,946.1719970703125,,,,,,,,,,1657758,13806
1786083346,997226870,,,,,5,-1496.6207275390625,1031.44921875,-791.3126220703125,0.0031435152050107718,-0.08082785457372665,-0.08083312958478928,0.9934399724006653,1,1657758,13806
1786083347,6005255,1,369.5541687011719,110.5941390991211,944.060791015625,,,,,,,,,,1657759,13806
1786083347,6005255,,,,,5,-1496.6561279296875,1031.4896240234375,-791.2940673828125,0.0029393977019935846,-0.08068854361772537,-0.08007508516311646,0.993513286113739,1,1657759,13806
1786083347,14227303,1,367.9631042480469,109.86935424804688,942.9740600585938,,,,,,,,,,1657760,13806
1786083347,14227303,,,,,5,-1496.6156005859375,1031.4407958984375,-791.28955078125,0.0033427588641643524,-0.08088192343711853,-0.08093591034412384,0.9934266209602356,1,1657760,13806
1786083347,21576703,1,367.09063720703125,110.51961517333984,940.9773559570312,,,,,,,,,,1657761,13806
1786083347,21576703,,,,,5,-1496.704345703125,1031.4967041015625,-791.3181762695312,0.0030501470901072025,-0.08062616735696793,-0.08026077598333359,0.9935029745101929,1,1657761,13806
1786083347,31160172,1,366.0804748535156,109.7812728881836,940.346435546875,,,,,,,,,,1657762,13806
1786083347,31160172,,,,,5,-1496.63671875,1031.4200439453125,-791.2431640625,0.0030561937019228935,-0.08081356436014175,-0.0810561329126358,0.9934232234954834,1,1657762,13806
1786083347,39215765,1,363.8484191894531,110.54367065429688,937.9908447265625,,,,,,,,,,1657763,13806
1786083347,39215765,,,,,5,-1496.6688232421875,1031.46142578125,-791.2979125976562,0.003487377194687724,-0.08059370517730713,-0.08087173849344254,0.9934546947479248,1,1657763,13806
1786083347,46921493,1,362.4010314941406,111.52933502197266,937.1517333984375,,,,,,,,,,1657764,13806
1786083347,46921493,,,,,5,-1496.621337890625,1031.3883056640625,-791.275634765625,0.002926093991845846,-0.08054347336292267,-0.08116129785776138,0.9934369921684265,1,1657764,13806
1786083347,55871327,1,361.0684814453125,111.82376861572266,935.3026733398438,,,,,,,,,,1657765,13806
1786083347,55871327,,,,,5,-1496.5946044921875,1031.4468994140625,-791.2828979492188,0.003081135218963027,-0.08085429668426514,-0.0800933837890625,0.9934978485107422,1,1657765,13806
1786083347,63675015,1,359.66180419921875,111.93120574951172,933.525390625,,,,,,,,,,1657766,13806
1786083347,63675015,,,,,5,-1496.6934814453125,1031.45703125,-791.2828979492188,0.002460783114656806,-0.08102136850357056,-0.08039554208517075,0.9934616684913635,1,1657766,13806
1786083347,71390053,1,357.8053283691406,112.26146697998047,931.552734375,,,,,,,,,,1657767,13806
1786083347,71390053,,,,,5,-1496.6353759765625,1031.4576416015625,-791.2787475585938,0.0027097014244645834,-0.08092769235372543,-0.08002268522977829,0.993498682975769,1,1657767,13806
1786083347,80649026,1,356.79681396484375,110.96913146972656,930.7008666992188,,,,,,,,,,1657768,13806
1786083347,80649026,,,,,5,-1496.6409912109375,1031.4853515625,-791.2619018554688,0.0029361688066273928,-0.08105558156967163,-0.08054681867361069,0.9934453368186951,1,1657768,13806
1786083347,88303823,1,355.0153503417969,111.60582733154297,929.3989868164062,,,,,,,,,,1657769,13806
1786083347,88303823,,,,,5,-1496.6221923828125,1031.4581298828125,-791.298828125,0.0032078649383038282,-0.0808035135269165,-0.0811321809887886,0.9934173226356506,1,1657769,13806
1786083347,97669810,1,353.1856689453125,111.89986419677734,927.2407836914062,,,,,,,,,,1657770,13806
1786083347,97669810,,,,,5,-1496.6717529296875,1031.4176025390625,-791.2506713867188,0.0029466499108821154,-0.08069413155317307,-0.08084698766469955,0.9934502243995667,1,1657770,13806
1786083347,105392942,1,351.72796630859375,112.09545135498047,925.738525390625,,,,,,,,,,1657771,13806
1786083347,105392942,,,,,5,-1496.6590576171875,1031.441650390625,-791.2506103515625,0.0031448379158973694,-0.08075842261314392,-0.08080997318029404,0.9934473633766174,1,1657771,13806
1786083347,113235756,1,350.7763366699219,110.29228210449219,924.3943481445312,,,,,,,,,,1657772,13806
1786083347,113235756,,,,,5,-1496.6883544921875,1031.4173583984375,-791.283203125,0.0032245146576315165,-0.08029834181070328,-0.08066381514072418,0.9934963583946228,1,1657772,13806
1786083347,122744747,1,348.7109680175781,111.9339370727539,922.6023559570312,,,,,,,,,,1657773,13806
1786083347,122744747,,,,,5,-1496.6695556640625,1031.5101318359375,-791.2777709960938,0.0031983961816877127,-0.08110698312520981,-0.08072742819786072,0.9934255480766296,1,1657773,13806
1786083347,130789046,1,347.2560729980469,111.76242065429688,921.1515502929688,,,,,,,,,,1657774,13806
1786083347,130789046,,,,,5,-1496.6771240234375,1031.4866943359375,-791.2744140625,0.002755186753347516,-0.08097460865974426,-0.079897440969944,0.9935049414634705,1,1657774,13806
1786083347,138156875,1,344.7879333496094,110.88268280029297,919.7335205078125,,,,,,,,,,1657775,13806
1786083347,138156875,,,,,5,-1496.6392822265625,1031.46728515625,-791.306396484375,0.0032560888212174177,-0.08064894378185272,-0.07984279096126556,0.9935342073440552,1,1657775,13806
1786083347,147439746,1,343.2259826660156,110.730224609375,918.209228515625,,,,,,,,,,1657776,13806
1786083347,147439746,,,,,5,-1496.6146240234375,1031.4451904296875,-791.2639770507812,0.0031364522874355316,-0.08094118535518646,-0.0802018940448761,0.9934819340705872,1,1657776,13806
1786083347,155294845,1,342.2043151855469,111.35356903076172,916.7825317382812,,,,,,,,,,1657777,13806
1786083347,155294845,,,,,5,-1496.6448974609375,1031.5078125,-791.2911987304688,0.0029838155023753643,-0.08089835196733475,-0.0798603743314743,0.993513286113739,1,1657777,13806
1786083347,163134204,1,340.44085693359375,111.52556610107422,915.572265625,,,,,,,,,,1657778,13806
1786083347,163134204,,,,,5,-1496.690673828125,1031.4451904296875,-791.2939453125,0.003239099169149995,-0.08037913590669632,-0.08107414841651917,0.9934564232826233,1,1657778,13806
1786083347,172414868,1,339.1397399902344,111.16653442382812,914.6063842773438,,,,,,,,,,1657779,13806
1786083347,172414868,,,,,5,-1496.690673828125,1031.5013427734375,-791.3153686523438,0.0031058352906256914,-0.08056734502315521,-0.07976027578115463,0.9935479760169983,1,1657779,13806
1786083347,180558375,1,337.5151062011719,111.31602478027344,913.0607299804688,,,,,,,,,,1657780,13806
1786083347,180558375,,,,,5,-1496.6204833984375,1031.5115966796875,-791.291259765625,0.00301920878700912,-0.08117140829563141,-0.08028462529182434,0.9934567809104919,1,1657780,13806
1786083347,188091474,1,336.13995361328125,110.7449722290039,911.2234497070312,,,,,,,,,,1657781,13806
1786083347,188091474,,,,,5,-1496.6695556640625,1031.471923828125,-791.29736328125,0.0028561579529196024,-0.0804477259516716,-0.079654261469841,0.9935668706893921,1,1657781,13806
1786083347,197433275,1,334.3794860839844,110.83917236328125,909.8970336914062,,,,,,,,,,1657782,13806
1786083347,197433275,,,,,5,-1496.652099609375,1031.45849609375,-791.3677978515625,0.0028742202557623386,-0.08039115369319916,-0.07929190993309021,0.9936003088951111,1,1657782,13806
1786083347,205004604,1,333.1805419921875,111.18106079101562,908.1660766601562,,,,,,,,,,1657783,13806
1786083347,205004604,,,,,5,-1496.7310791015625,1031.4515380859375,-791.4247436523438,0.0031348937191069126,-0.07977127283811569,-0.08002254366874695,0.9935910105705261,1,1657783,13806
1786083347,214165874,1,331.49627685546875,111.18501281738281,906.48193359375,,,,,,,,,,1657784,13806
1786083347,214165874,,,,,5,-1496.7174072265625,1031.4295654296875,-791.3301391601562,0.002617856254801154,-0.08020269125699997,-0.0800667479634285,0.9935542941093445,1,1657784,13806
1786083347,222155947,1,328.866943359375,109.12250518798828,906.113037109375,,,,,,,,,,1657785,13806
1786083347,222155947,,,,,5,-1496.7049560546875,1031.46484375,-791.4307250976562,0.003430330893024802,-0.07998177409172058,-0.08067123591899872,0.9935207962989807,1,1657785,13806
1786083347,229929627,1,327.1465148925781,109.41136169433594,904.87646484375,,,,,,,,,,1657786,13806
1786083347,229929627,,,,,5,-1496.6763916015625,1031.4578857421875,-791.4046020507812,0.0033702063374221325,-0.0804382935166359,-0.08035760372877121,0.9935094714164734,1,1657786,13806
1786083347,239201365,1,326.59002685546875,110.90785217285156,902.4613647460938,,,,,,,,,,1657787,13806
1786083347,239201365,,,,,5,-1496.6651611328125,1031.443359375,-791.41162109375,0.0031138986814767122,-0.08027523010969162,-0.08009234815835953,0.99354487657547,1,1657787,13806
1786083347,247204811,1,325.0076599121094,110.92850494384766,900.961669921875,,,,,,,,,,1657788,13806
1786083347,247204811,,,,,5,-1496.7633056640625,1031.4918212890625,-791.3893432617188,0.0027578689623624086,-0.0801062136888504,-0.0796210765838623,0.9935973882675171,1,1657788,13806
1786083347,254819682,1,323.2051696777344,110.4617919921875,899.260986328125,,,,,,,,,,1657789,13806
1786083347,254819682,,,,,5,-1496.7034912109375,1031.4451904296875,-791.4172973632812,0.0031922683119773865,-0.08053860068321228,-0.08154641836881638,0.9934051036834717,1,1657789,13806
1786083347,264350267,1,321.62335205078125,110.62432861328125,898.0044555664062,,,,,,,,,,1657790,13806
1786083347,264350267,,,,,5,-1496.693603515625,1031.4696044921875,-791.4169921875,0.0031856342684477568,-0.07990940660238266,-0.07987938076257706,0.9935912489891052,1,1657790,13806
1786083347,271763524,1,319.92535400390625,110.47608184814453,896.6267700195312,,,,,,,,,,1657791,13806
1786083347,271763524,,,,,5,-1496.7581787109375,1031.4854736328125,-791.380615234375,0.0028528564143925905,-0.08018992096185684,-0.07915161550045013,0.9936279058456421,1,1657791,13806
1786083347,279811887,1,318.08837890625,109.84577941894531,895.8529663085938,,,,,,,,,,1657792,13806
1786083347,279811887,,,,,5,-1496.7252197265625,1031.4566650390625,-791.2815551757812,0.0030034619849175215,-0.0801953598856926,-0.0806356742978096,0.9935078024864197,1,1657792,13806
1786083347,288837190,1,316.4311828613281,110.00506591796875,893.7508544921875,,,,,,,,,,1657793,13806
1786083347,288837190,,,,,5,-1496.673828125,1031.420166015625,-791.3285522460938,0.002793275285512209,-0.08063547313213348,-0.08093847334384918,0.99344801902771,1,1657793,13806
1786083347,296929638,1,315.05230712890625,110.74951171875,891.293701171875,,,,,,,,,,1657794,13806
1786083347,296929638,,,,,5,-1496.6876220703125,1031.4403076171875,-791.4019165039062,0.0028504717629402876,-0.07980068773031235,-0.07887623459100723,0.9936811923980713,1,1657794,13806
1786083347,305497328,1,312.5066223144531,110.22723388671875,889.9696044921875,,,,,,,,,,1657795,13806
1786083347,305497328,,,,,5,-1496.6883544921875,1031.4544677734375,-791.4135131835938,0.0036005249712616205,-0.07993680983781815,-0.08093494176864624,0.9935023188591003,1,1657795,13806
1786083347,313841489,1,311.3989562988281,108.98279571533203,889.0222778320312,,,,,,,,,,1657796,13806
1786083347,313841489,,,,,5,-1496.7198486328125,1031.4466552734375,-791.3751831054688,0.0026382822543382645,-0.08001691102981567,-0.0796331912279129,0.9936040639877319,1,1657796,13806
1786083347,321689198,1,309.7757873535156,110.1114730834961,887.6825561523438,,,,,,,,,,1657797,13806
1786083347,321689198,,,,,5,-1496.6832275390625,1031.4398193359375,-791.376953125,0.002717979485169053,-0.08061427623033524,-0.0793667584657669,0.99357670545578,1,1657797,13806
1786083347,331109379,1,307.8601989746094,109.94615936279297,886.3869018554688,,,,,,,,,,1657798,13806
1786083347,331109379,,,,,5,-1496.6910400390625,1031.4111328125,-791.308349609375,0.0027479990385472775,-0.08044880628585815,-0.08041153848171234,0.9935060143470764,1,1657798,13806
1786083347,339080673,1,306.30682373046875,109.40090942382812,884.8930053710938,,,,,,,,,,1657799,13806
1786083347,339080673,,,,,5,-1496.7025146484375,1031.4197998046875,-791.3046264648438,0.0026742422487586737,-0.08026145398616791,-0.08029438555240631,0.9935309886932373,1,1657799,13806
1786083347,346480205,1,304.7408752441406,110.51219940185547,883.1791381835938,,,,,,,,,,1657800,13806
1786083347,346480205,,,,,5,-1496.6829833984375,1031.4556884765625,-791.341552734375,0.002754521556198597,-0.08070632070302963,-0.07987557351589203,0.993528425693512,1,1657800,13806
1786083347,356059387,1,303.1078186035156,109.66961669921875,882.0331420898438,,,,,,,,,,1657801,13806
1786083347,356059387,,,,,5,-1496.732666015625,1031.4100341796875,-791.3253784179688,0.0024586354847997427,-0.08032145351171494,-0.07979387789964676,0.9935670495033264,1,1657801,13806
1786083347,363865282,1,301.5860290527344,109.57528686523438,880.40380859375,,,,,,,,,,1657802,13806
1786083347,363865282,,,,,5,-1496.651123046875,1031.405029296875,-791.3558349609375,0.00305930501781404,-0.08040044456720352,-0.0798085480928421,0.9935576915740967,1,1657802,13806
1786083347,371511857,1,300.3612365722656,109.63241577148438,879.0535888671875,,,,,,,,,,1657803,13806
1786083347,371511857,,,,,5,-1496.7022705078125,1031.4332275390625,-791.4133911132812,0.0032517097424715757,-0.07987499237060547,-0.08020200580358505,0.9935678243637085,1,1657803,13806
1786083347,380832991,1,297.8174133300781,109.2501220703125,877.8038330078125,,,,,,,,,,1657804,13806
1786083347,380832991,,,,,5,-1496.7008056640625,1031.4544677734375,-791.3943481445312,0.0032942695543169975,-0.07993604242801666,-0.08044872432947159,0.9935428500175476,1,1657804,13806
1786083347,388811259,1,296.5904846191406,109.70812225341797,876.408203125,,,,,,,,,,1657805,13806
1786083347,388811259,,,,,5,-1496.7093505859375,1031.4329833984375,-791.3349609375,0.002657973440364003,-0.08073842525482178,-0.08089502155780792,0.9934436082839966,1,1657805,13806
1786083347,396431920,1,295.3249206542969,109.66266632080078,875.1139526367188,,,,,,,,,,1657806,13806
1786083347,396431920,,,,,5,-1496.6705322265625,1031.4654541015625,-791.4134521484375,0.0035600902047008276,-0.08068345487117767,-0.08129610121250153,0.9934125542640686,1,1657806,13806
1786083347,405345220,1,293.49249267578125,109.20623779296875,873.8672485351562,,,,,,,,,,1657807,13806
1786083347,405345220,,,,,5,-1496.6585693359375,1031.416015625,-791.336669921875,0.0030358333606272936,-0.08057481795549393,-0.08128140866756439,0.9934242963790894,1,1657807,13806
1786083347,413298086,1,291.41290283203125,109.7088394165039,871.732421875,,,,,,,,,,1657808,13807
1786083347,413298086,,,,,5,-1496.66845703125,1031.4302978515625,-791.3770751953125,0.003098788671195507,-0.08037052303552628,-0.0798017829656601,0.9935605525970459,1,1657808,13807
1786083347,422266252,1,290.2603454589844,109.46952056884766,871.2859497070312,,,,,,,,,,1657809,13807
1786083347,422266252,,,,,5,-1496.72900390625,1031.51416015625,-791.361572265625,0.0029383604414761066,-0.08005260676145554,-0.08005517721176147,0.9935664534568787,1,1657809,13807
1786083347,430904644,1,288.423583984375,108.62660217285156,870.4638671875,,,,,,,,,,1657810,13807
1786083347,430904644,,,,,5,-1496.6715087890625,1031.448974609375,-791.4161376953125,0.0032316716387867928,-0.0798654556274414,-0.08035382628440857,0.9935564398765564,1,1657810,13807
1786083347,438192108,1,287.2281494140625,108.9379653930664,868.8949584960938,,,,,,,,,,1657811,13807
1786083347,438192108,,,,,5,-1496.6593017578125,1031.4569091796875,-791.3976440429688,0.003346023615449667,-0.08057783544063568,-0.08123952150344849,0.9934265613555908,1,1657811,13807
1786083347,447486369,1,285.8346252441406,107.77334594726562,867.7149658203125,,,,,,,,,,1657812,13807
1786083347,447486369,,,,,5,-1496.6861572265625,1031.41796875,-791.3574829101562,0.003114056307822466,-0.08014392107725143,-0.08147001266479492,0.9934434294700623,1,1657812,13807
1786083347,455799146,1,284.39752197265625,108.3148422241211,866.793212890625,,,,,,,,,,1657813,13807
1786083347,455799146,,,,,5,-1496.6881103515625,1031.4261474609375,-791.3656616210938,0.003249533474445343,-0.08021007478237152,-0.08162520080804825,0.9934248328208923,1,1657813,13807
1786083347,463253449,1,282.66351318359375,109.29894256591797,864.9708862304688,,,,,,,,,,1657814,13807
1786083347,463253449,,,,,5,-1496.6629638671875,1031.4530029296875,-791.3611450195312,0.0031679878011345863,-0.0804188996553421,-0.08026951551437378,0.9935187697410583,1,1657814,13807
1786083347,472404545,1,281.5897216796875,108.7998046875,865.5130004882812,,,,,,,,,,1657815,13807
1786083347,472404545,,,,,5,-1496.6572265625,1031.4566650390625,-791.3619995117188,0.0032932120375335217,-0.08053293824195862,-0.08096188306808472,0.9934529662132263,1,1657815,13807
1786083347,480821104,1,280.81402587890625,108.82569122314453,864.1107788085938,,,,,,,,,,1657816,13807
1786083347,480821104,,,,,5,-1496.641845703125,1031.4183349609375,-791.3577270507812,0.003226070199161768,-0.08042880892753601,-0.07984821498394012,0.9935516715049744,1,1657816,13807
1786083347,488607004,1,280.5138244628906,107.27719116210938,864.4436645507812,,,,,,,,,,1657817,13807
1786083347,488607004,,,,,5,-1496.658447265625,1031.4169921875,-791.3645629882812,0.003131244098767638,-0.08049966394901276,-0.0802064761519432,0.9935174584388733,1,1657817,13807
1786083347,497357688,1,278.5921325683594,108.93057250976562,863.2923583984375,,,,,,,,,,1657818,13807
1786083347,497357688,,,,,5,-1496.685791015625,1031.459716796875,-791.4016723632812,0.0031343114096671343,-0.0807310938835144,-0.08076117932796478,0.993453860282898,1,1657818,13807
1786083347,505203125,1,277.583251953125,108.8264389038086,862.6585693359375,,,,,,,,,,1657819,13807
1786083347,505203125,,,,,5,-1496.6373291015625,1031.4097900390625,-791.3720703125,0.0029028626158833504,-0.08038455992937088,-0.07897961884737015,0.9936257004737854,1,1657819,13807
1786083347,512971558,1,276.77386474609375,109.40733337402344,862.1751708984375,,,,,,,,,,1657820,13807
1786083347,512971558,,,,,5,-1496.6962890625,1031.4403076171875,-791.3375854492188,0.002607684815302491,-0.08063831180334091,-0.08052649348974228,0.9934818744659424,1,1657820,13807
1786083347,522213927,1,275.9787902832031,109.2681655883789,861.9169921875,,,,,,,,,,1657821,13807
1786083347,522213927,,,,,5,-1496.7005615234375,1031.4437255859375,-791.3657836914062,0.0023557336535304785,-0.08039988577365875,-0.07837071269750595,0.9936742186546326,1,1657821,13807
1786083347,529884368,1,274.9351501464844,108.60789489746094,861.6976318359375,,,,,,,,,,1657822,13807
1786083347,529884368,,,,,5,-1496.7315673828125,1031.4798583984375,-791.392578125,0.003017791546881199,-0.08017667382955551,-0.08069157600402832,0.9935046434402466,1,1657822,13807
1786083347,539444578,1,274.25579833984375,110.82417297363281,859.971923828125,,,,,,,,,,1657823,13807
1786083347,539444578,,,,,5,-1496.626953125,1031.3941650390625,-791.4078979492188,0.002825701842084527,-0.08023671805858612,-0.07942906767129898,0.9936020970344543,1,1657823,13807
1786083347,547275011,1,273.69183349609375,110.31293487548828,860.0480346679688,,,,,,,,,,1657824,13807
1786083347,547275011,,,,,5,-1496.7340087890625,1031.3980712890625,-791.40771484375,0.0032608446199446917,-0.07997788488864899,-0.08180815726518631,0.993428647518158,1,1657824,13807
1786083347,554883804,1,273.3446044921875,109.20718383789062,861.1015014648438,,,,,,,,,,1657825,13807
1786083347,554883804,,,,,5,-1496.6988525390625,1031.4266357421875,-791.4086303710938,0.0032734028063714504,-0.08015144616365433,-0.08136335015296936,0.9934511184692383,1,1657825,13807
1786083347,563949961,1,272.9186706542969,107.31631469726562,862.2249755859375,,,,,,,,,,1657826,13807
1786083347,563949961,,,,,5,-1496.6505126953125,1031.4056396484375,-791.3014526367188,0.0023824202362447977,-0.08108917623758316,-0.08143176138401031,0.9933719038963318,1,1657826,13807
1786083347,573191275,1,272.3800964355469,109.53361511230469,860.7554321289062,,,,,,,,,,1657827,13807
1786083347,573191275,,,,,5,-1496.6842041015625,1031.362060546875,-791.3684692382812,0.003013835521414876,-0.08024637401103973,-0.08213397115468979,0.9933807849884033,1,1657827,13807
1786083347,579792958,1,272.0321044921875,109.7088623046875,860.8969116210938,,,,,,,,,,1657828,13807
1786083347,579792958,,,,,5,-1496.6773681640625,1031.409423828125,-791.41259765625,0.002552489284425974,-0.08062546700239182,-0.0811447873711586,0.9934325814247131,1,1657828,13807
1786083347,589350449,1,271.5058898925781,109.3307876586914,861.2933349609375,,,,,,,,,,1657829,13807
1786083347,589350449,,,,,5,-1496.721435546875,1031.36376953125,-791.3701171875,0.0029244665056467056,-0.08061913400888443,-0.08271638303995132,0.9933026432991028,1,1657829,13807
1786083347,597362789,1,270.45404052734375,108.08158874511719,862.9948120117188,,,,,,,,,,1657830,13807
1786083347,597362789,,,,,5,-1496.666015625,1031.3194580078125,-791.3258056640625,0.002766083925962448,-0.08031464368104935,-0.08129934221506119,0.9934447407722473,1,1657830,13807
1786083347,604689219,1,270.25506591796875,108.10670471191406,863.3073120117188,,,,,,,,,,1657831,13807
1786083347,604689219,,,,,5,-1496.6865234375,1031.41357421875,-791.3585815429688,0.003208828391507268,-0.08071359992027283,-0.082678884267807,0.9932971596717834,1,1657831,13807
1786083347,613893518,1,270.7594299316406,109.15763092041016,862.3497924804688,,,,,,,,,,1657832,13807
1786083347,613893518,,,,,5,-1496.6727294921875,1031.3582763671875,-791.3844604492188,0.0030864898581057787,-0.0803138017654419,-0.0825638696551323,0.9933395981788635,1,1657832,13807
1786083347,621620297,1,269.9367980957031,108.13253784179688,863.8855590820312,,,,,,,,,,1657833,13807
1786083347,621620297,,,,,5,-1496.5640869140625,1031.390625,-791.2159423828125,0.0020407624542713165,-0.0818367600440979,-0.07962018996477127,0.9934582710266113,1,1657833,13807
1786083347,630829363,1,223.26080322265625,66.05256652832031,950.4989624023438,,,,,,,,,,1657834,13807
1786083347,630829363,,,,,5,-1496.628173828125,1031.4281005859375,-791.2623901367188,0.0036085168831050396,-0.0809515044093132,-0.08022181689739227,0.9934779405593872,1,1657834,13807
1786083347,638920275,1,269.70263671875,108.1348648071289,864.7556762695312,,,,,,,,,,1657835,13807
1786083347,638920275,,,,,5,-1496.6175537109375,1031.3709716796875,-791.2061767578125,0.002554834121838212,-0.0814841091632843,-0.0798453763127327,0.9934678673744202,1,1657835,13807
1786083347,646793258,1,270.2851257324219,109.103515625,863.8663330078125,,,,,,,,,,1657836,13807
1786083347,646793258,,,,,5,-1496.6297607421875,1031.4173583984375,-791.2462158203125,0.0024659479968249798,-0.08116036653518677,-0.07952167838811874,0.9935206770896912,1,1657836,13807
1786083347,655837116,1,270.361328125,109.21057891845703,864.8050537109375,,,,,,,,,,1657837,13807
1786083347,655837116,,,,,5,-1496.6346435546875,1031.4642333984375,-791.2748413085938,0.0023850477300584316,-0.08128393441438675,-0.07849172502756119,0.9935926198959351,1,1657837,13807
1786083347,663917407,1,270.5415954589844,109.286865234375,865.43408203125,,,,,,,,,,1657838,13807
1786083347,663917407,,,,,5,-1496.6478271484375,1031.436767578125,-791.2987670898438,0.00290087703615427,-0.08120108395814896,-0.07950035482645035,0.9935178160667419,1,1657838,13807
1786083347,671459368,1,270.6445007324219,109.35971069335938,865.8309936523438,,,,,,,,,,1657839,13807
1786083347,671459368,,,,,5,-1496.6011962890625,1031.4205322265625,-791.2960815429688,0.002786173252388835,-0.08111859112977982,-0.07970106601715088,0.9935087561607361,1,1657839,13807
1786083347,680818029,1,270.88525390625,109.26348876953125,866.6452026367188,,,,,,,,,,1657840,13807
1786083347,680818029,,,,,5,-1496.6595458984375,1031.4888916015625,-791.29638671875,0.002767695114016533,-0.08129802346229553,-0.07966449856758118,0.9934970736503601,1,1657840,13807
1786083347,688519214,1,271.3204040527344,109.43690490722656,866.8921508789062,,,,,,,,,,1657841,13807
1786083347,688519214,,,,,5,-1496.6343994140625,1031.4407958984375,-791.2738647460938,0.003036543959751725,-0.08115594834089279,-0.07939331978559494,0.9935297966003418,1,1657841,13807
1786083347,696410880,1,271.23394775390625,109.0072021484375,868.3479614257812,,,,,,,,,,1657842,13807
1786083347,696410880,,,,,5,-1496.6707763671875,1031.4002685546875,-791.2540283203125,0.002948911627754569,-0.08122290670871735,-0.07962915301322937,0.9935056567192078,1,1657842,13807
1786083347,705747786,1,271.6891784667969,109.05908203125,869.12255859375,,,,,,,,,,1657843,13807
1786083347,705747786,,,,,5,-1496.6385498046875,1031.4403076171875,-791.2861938476562,0.0025810785591602325,-0.08118326961994171,-0.07889040559530258,0.9935688376426697,1,1657843,13807
1786083347,713786807,1,272.0179748535156,108.96417999267578,869.9008178710938,,,,,,,,,,1657844,13807
1786083347,713786807,,,,,5,-1496.6732177734375,1031.41796875,-791.2926635742188,0.0028725345619022846,-0.08116286247968674,-0.07938016206026077,0.9935305714607239,1,1657844,13807
1786083347,721359736,1,272.4496765136719,108.91741943359375,870.7854614257812,,,,,,,,,,1657845,13807
1786083347,721359736,,,,,5,-1496.6473388671875,1031.4324951171875,-791.2525634765625,0.0024651610292494297,-0.0810515359044075,-0.07900981605052948,0.9935703873634338,1,1657845,13807
1786083347,730788043,1,272.9705810546875,109.23222351074219,871.472900390625,,,,,,,,,,1657846,13807
1786083347,730788043,,,,,5,-1496.6397705078125,1031.4056396484375,-791.2601928710938,0.002380447229370475,-0.08119135349988937,-0.07839640974998474,0.9936076402664185,1,1657846,13807
1786083347,738200724,1,273.4759826660156,109.12178802490234,871.8784790039062,,,,,,,,,,1657847,13807
1786083347,738200724,,,,,5,-1496.6021728515625,1031.4124755859375,-791.27685546875,0.003300307085737586,-0.0811268761754036,-0.08049038797616959,0.9934430122375488,1,1657847,13807
1786083347,747515652,1,273.8944396972656,109.17393493652344,873.3685913085938,,,,,,,,,,1657848,13807
1786083347,747515652,,,,,5,-1496.638671875,1031.4708251953125,-791.2469482421875,0.002346993889659643,-0.08122871816158295,-0.0780932754278183,0.9936286211013794,1,1657848,13807
1786083347,755222660,1,274.50860595703125,109.04901123046875,874.02685546875,,,,,,,,,,1657849,13807
1786083347,755222660,,,,,5,-1496.7020263671875,1031.4031982421875,-791.3363647460938,0.0031487252563238144,-0.08018317073583603,-0.08090166747570038,0.9934867024421692,1,1657849,13807
1786083347,763141967,1,275.18780517578125,107.15753936767578,875.4148559570312,,,,,,,,,,1657850,13807
1786083347,763141967,,,,,5,-1496.65234375,1031.389892578125,-791.239990234375,0.0027786106802523136,-0.08119282871484756,-0.0799911618232727,0.9934794902801514,1,1657850,13807
1786083347,772604857,1,275.83197021484375,108.97986602783203,875.9925537109375,,,,,,,,,,1657851,13807
1786083347,772604857,,,,,5,-1496.7176513671875,1031.4871826171875,-791.2953491210938,0.0024651139974594116,-0.08118775486946106,-0.07826320081949234,0.993618369102478,1,1657851,13807
1786083347,780592691,1,276.68804931640625,108.50868225097656,876.9848022460938,,,,,,,,,,1657852,13807
1786083347,780592691,,,,,5,-1496.6234130859375,1031.372802734375,-791.2161254882812,0.002464456483721733,-0.08095032721757889,-0.07908672839403152,0.993572473526001,1,1657852,13807
1786083347,788074763,1,277.5242919921875,108.65789794921875,877.2470092773438,,,,,,,,,,1657853,13807
1786083347,788074763,,,,,5,-1496.6607666015625,1031.414306640625,-791.22509765625,0.0025968581903725863,-0.08137261867523193,-0.0801217332482338,0.9934546947479248,1,1657853,13807
1786083347,797324842,1,278.1607666015625,109.73532104492188,877.7700805664062,,,,,,,,,,1657854,13807
1786083347,797324842,,,,,5,-1496.6444091796875,1031.4197998046875,-791.2526245117188,0.002554166130721569,-0.08117743581533432,-0.0798061341047287,0.9934961199760437,1,1657854,13807
1786083347,804527912,1,278.9288635253906,108.56844329833984,879.3829345703125,,,,,,,,,,1657855,13807
1786083347,804527912,,,,,5,-1496.6314697265625,1031.4371337890625,-791.2799072265625,0.0028552061412483454,-0.08097478002309799,-0.07859070599079132,0.9936087727546692,1,1657855,13807
1786083347,812977679,1,279.87274169921875,108.87218475341797,880.1398315429688,,,,,,,,,,1657856,13807
1786083347,812977679,,,,,5,-1496.6666259765625,1031.454833984375,-791.2275390625,0.0024815441574901342,-0.08131241053342819,-0.0785728245973587,0.993583619594574,1,1657856,13807
1786083347,823074779,1,280.79345703125,109.4133071899414,881.4688110351562,,,,,,,,,,1657857,13807
1786083347,823074779,,,,,5,-1496.6578369140625,1031.4544677734375,-791.2369995117188,0.0023883539251983166,-0.0813019722700119,-0.0785343125462532,0.9935877919197083,1,1657857,13807
1786083347,830164309,1,281.6706848144531,109.88858795166016,880.5733032226562,,,,,,,,,,1657858,13807
1786083347,830164309,,,,,5,-1496.64794921875,1031.4422607421875,-791.2755126953125,0.003277417505159974,-0.08113246411085129,-0.08008663356304169,0.9934752583503723,1,1657858,13807
1786083347,837929606,1,282.7554626464844,108.97013092041016,882.8199462890625,,,,,,,,,,1657859,13807
1786083347,837929606,,,,,5,-1496.6475830078125,1031.4407958984375,-791.3194580078125,0.003026501042768359,-0.08118905127048492,-0.07953376322984695,0.9935157299041748,1,1657859,13807
1786083347,847343997,1,283.5647888183594,109.73692321777344,883.0034790039062,,,,,,,,,,1657860,13807
1786083347,847343997,,,,,5,-1496.6365966796875,1031.4464111328125,-791.2914428710938,0.002887813141569495,-0.08106037974357605,-0.07883979380130768,0.9935819506645203,1,1657860,13807
1786083347,854882694,1,283.9488220214844,107.64923095703125,886.6693115234375,,,,,,,,,,1657861,13807
1786083347,854882694,,,,,5,-1496.6279296875,1031.431884765625,-791.2766723632812,0.002627273090183735,-0.08106586337089539,-0.07840774953365326,0.9936164617538452,1,1657861,13807
1786083347,864159327,1,285.7527160644531,109.04466247558594,885.3601684570312,,,,,,,,,,1657862,13807
1786083347,864159327,,,,,5,-1496.630859375,1031.4642333984375,-791.3038330078125,0.002905725035816431,-0.08103103190660477,-0.07900139689445496,0.9935714602470398,1,1657862,13807
1786083347,872537112,1,286.30340576171875,109.44441223144531,886.1987915039062,,,,,,,,,,1657863,13807
1786083347,872537112,,,,,5,-1496.6220703125,1031.4517822265625,-791.2921752929688,0.0029552665073424578,-0.0811130627989769,-0.07917158305644989,0.9935510158538818,1,1657863,13807
1786083347,879723258,1,287.609375,109.60173034667969,886.9183349609375,,,,,,,,,,1657864,13807
1786083347,879723258,,,,,5,-1496.635986328125,1031.4542236328125,-791.2764892578125,0.0029812732245773077,-0.08112360537052155,-0.07923395931720734,0.9935452342033386,1,1657864,13807
1786083347,888800228,1,288.5448303222656,109.4868392944336,887.7063598632812,,,,,,,,,,1657865,13807
1786083347,888800228,,,,,5,-1496.641845703125,1031.4486083984375,-791.262939453125,0.003182818414643407,-0.08106701076030731,-0.07967992126941681,0.9935135245323181,1,1657865,13807
1786083347,897329815,1,288.73553466796875,109.02644348144531,888.5509643554688,,,,,,,,,,1657866,13807
1786083347,897329815,,,,,5,-1496.6351318359375,1031.486328125,-791.3130493164062,0.002902192296460271,-0.08120971918106079,-0.07949047535657883,0.9935178756713867,1,1657866,13807
1786083347,904661493,1,289.5887451171875,109.44170379638672,889.3268432617188,,,,,,,,,,1657867,13807
1786083347,904661493,,,,,5,-1496.6708984375,1031.511962890625,-791.2814331054688,0.002610286232084036,-0.08141566812992096,-0.07954602688550949,0.9934974312782288,1,1657867,13807
1786083347,914148473,1,291.2403259277344,109.72913360595703,889.90771484375,,,,,,,,,,1657868,13807
1786083347,914148473,,,,,5,-1496.70068359375,1031.4322509765625,-791.2814331054688,0.00290717207826674,-0.08100935071706772,-0.07951294630765915,0.9935324788093567,1,1657868,13807
1786083347,921595162,1,292.03173828125,110.12804412841797,890.5938720703125,,,,,,,,,,1657869,13807
1786083347,921595162,,,,,5,-1496.6529541015625,1031.4383544921875,-791.2826538085938,0.0028315125964581966,-0.08085957169532776,-0.07924880087375641,0.9935659766197205,1,1657869,13807
1786083347,930839706,1,292.8395080566406,109.90637969970703,891.3347778320312,,,,,,,,,,1657870,13807
1786083347,930839706,,,,,5,-1496.6424560546875,1031.4676513671875,-791.2335815429688,0.0028637005016207695,-0.08115491271018982,-0.07996593415737152,0.9934843182563782,1,1657870,13807
1786083347,938710354,1,293.1458740234375,109.66590881347656,892.3838500976562,,,,,,,,,,1657871,13807
1786083347,938710354,,,,,5,-1496.6751708984375,1031.4586181640625,-791.3057861328125,0.0031897807493805885,-0.08063390851020813,-0.07928093522787094,0.9935805797576904,1,1657871,13807
1786083347,946531381,1,294.40936279296875,110.33190155029297,891.7677001953125,,,,,,,,,,1657872,13807
1786083347,946531381,,,,,5,-1496.6829833984375,1031.4996337890625,-791.2770385742188,0.0026014146860688925,-0.08131483197212219,-0.08005740493535995,0.9934645891189575,1,1657872,13807
1786083347,954514640,1,295.3099670410156,110.13472747802734,893.352294921875,,,,,,,,,,1657873,13807
1786083347,954514640,,,,,5,-1496.6566162109375,1031.39697265625,-791.2192993164062,0.0025833873078227043,-0.08120974153280258,-0.07955142855644226,0.9935138821601868,1,1657873,13807
1786083347,964128245,1,295.92144775390625,110.6201171875,893.1541137695312,,,,,,,,,,1657874,13807
1786083347,964128245,,,,,5,-1496.66015625,1031.4891357421875,-791.2575073242188,0.002512826817110181,-0.08108438551425934,-0.07850629836320877,0.9936073422431946,1,1657874,13807
1786083347,971508710,1,296.4850158691406,110.19841766357422,895.4557495117188,,,,,,,,,,1657875,13807
1786083347,971508710,,,,,5,-1496.6763916015625,1031.4222412109375,-791.2024536132812,0.002219058573246002,-0.08145905286073685,-0.07994367927312851,0.993462860584259,1,1657875,13807
1786083347,980826261,1,298.1479797363281,110.65396881103516,895.2254638671875,,,,,,,,,,1657876,13807
1786083347,980826261,,,,,5,-1496.6346435546875,1031.4921875,-791.3186645507812,0.0024897849652916193,-0.08094578981399536,-0.0769554078578949,0.9937400817871094,1,1657876,13807
1786083347,988502205,1,297.67718505859375,109.81266021728516,895.4390258789062,,,,,,,,,,1657877,13807
1786083347,988502205,,,,,5,-1496.6419677734375,1031.452880859375,-791.2987670898438,0.002793882740661502,-0.08101530373096466,-0.07895448803901672,0.9935768842697144,1,1657877,13807
1786083347,996415177,1,299.03240966796875,109.56641387939453,897.6047973632812,,,,,,,,,,1657878,13807
1786083347,996415177,,,,,5,-1496.6568603515625,1031.4217529296875,-791.2833862304688,0.002630198374390602,-0.08131314069032669,-0.08011741936206818,0.993459939956665,1,1657878,13807
1786083348,6002264,1,300.48779296875,110.16165161132812,897.2610473632812,,,,,,,,,,1657879,13807
1786083348,6002264,,,,,5,-1496.6627197265625,1031.4534912109375,-791.2842407226562,0.0027527541387826204,-0.08080114424228668,-0.07890497893095016,0.9935983419418335,1,1657879,13807
1786083348,12319959,1,301.21099853515625,109.88899230957031,898.0287475585938,,,,,,,,,,1657880,13807
1786083348,12319959,,,,,5,-1496.671875,1031.4437255859375,-791.3208618164062,0.002364280866459012,-0.08095119893550873,-0.07908868044614792,0.993572473526001,1,1657880,13807
1786083348,21335192,1,301.9348449707031,109.9399642944336,898.5866088867188,,,,,,,,,,1657881,13807
1786083348,21335192,,,,,5,-1496.6767578125,1031.4598388671875,-791.2598266601562,0.0027557900175452232,-0.08105240017175674,-0.07903070002794266,0.9935677647590637,1,1657881,13807
1786083348,30714111,1,302.75555419921875,109.87528991699219,899.2726440429688,,,,,,,,,,1657882,13807
1786083348,30714111,,,,,5,-1496.6473388671875,1031.4400634765625,-791.220458984375,0.0024510296061635017,-0.08138081431388855,-0.07904376834630966,0.9935407042503357,1,1657882,13807
1786083348,38646093,1,303.7564392089844,109.1150894165039,899.0648803710938,,,,,,,,,,1657883,13807
1786083348,38646093,,,,,5,-1496.65234375,1031.4287109375,-791.2789916992188,0.0027544039767235518,-0.08086886256933212,-0.07896342873573303,0.9935880899429321,1,1657883,13807
1786083348,46264297,1,304.6200866699219,110.32149505615234,900.2655639648438,,,,,,,,,,1657884,13807
1786083348,46264297,,,,,5,-1496.638671875,1031.3883056640625,-791.2415161132812,0.0025338486302644014,-0.08128060400485992,-0.07959616929292679,0.9935045838356018,1,1657884,13807
1786083348,55748501,1,304.7445983886719,109.1620864868164,901.2880859375,,,,,,,,,,1657885,13807
1786083348,55748501,,,,,5,-1496.6337890625,1031.4459228515625,-791.2385864257812,0.002281318185850978,-0.08131685107946396,-0.07954701781272888,0.9935062527656555,1,1657885,13807
1786083348,63546117,1,305.0376892089844,108.39705657958984,902.4204711914062,,,,,,,,,,1657886,13807
1786083348,63546117,,,,,5,-1496.6380615234375,1031.429443359375,-791.2704467773438,0.002803343115374446,-0.08092986047267914,-0.07873280346393585,0.993601381778717,1,1657886,13807
1786083348,71210133,1,305.6912536621094,108.88787078857422,902.307373046875,,,,,,,,,,1657887,13807
1786083348,71210133,,,,,5,-1496.620361328125,1031.4019775390625,-791.2601928710938,0.002781950170174241,-0.08107507228851318,-0.07868430018424988,0.9935933947563171,1,1657887,13807
1786083348,80771663,1,306.6185607910156,108.9470443725586,903.0316772460938,,,,,,,,,,1657888,13807
1786083348,80771663,,,,,5,-1496.669189453125,1031.425048828125,-791.2695922851562,0.00273955543525517,-0.08081169426441193,-0.07935228198766708,0.993561863899231,1,1657888,13807
1786083348,88142824,1,307.3153076171875,108.86884307861328,903.3884887695312,,,,,,,,,,1657889,13807
1786083348,88142824,,,,,5,-1496.642333984375,1031.485595703125,-791.256103515625,0.0024294815957546234,-0.08123917132616043,-0.07851170748472214,0.9935945868492126,1,1657889,13807
1786083348,97402349,1,307.6434631347656,108.29537963867188,904.3408203125,,,,,,,,,,1657890,13807
1786083348,97402349,,,,,5,-1496.6588134765625,1031.425537109375,-791.24169921875,0.002979961456730962,-0.08120381087064743,-0.07926461100578308,0.9935361742973328,1,1657890,13807
1786083348,105757873,1,308.2923889160156,107.2554702758789,904.222412109375,,,,,,,,,,1657891,13807
1786083348,105757873,,,,,5,-1496.6656494140625,1031.4208984375,-791.2652587890625,0.0027201345656067133,-0.08098023384809494,-0.07859930396080017,0.9936079978942871,1,1657891,13807
1786083348,112969458,1,308.8133544921875,108.26129150390625,905.4268188476562,,,,,,,,,,1657892,13807
1786083348,112969458,,,,,5,-1496.6248779296875,1031.413330078125,-791.2403564453125,0.002478873124346137,-0.08148904144763947,-0.07904992252588272,0.9935312867164612,1,1657892,13807
1786083348,123011764,1,310.5351257324219,109.49256896972656,905.0049438476562,,,,,,,,,,1657893,13807
1786083348,123011764,,,,,5,-1496.633544921875,1031.444580078125,-791.2098999023438,0.002802429487928748,-0.08109314739704132,-0.07888078689575195,0.9935762882232666,1,1657893,13807
1786083348,130572863,1,312.9974060058594,110.75123596191406,905.015380859375,,,,,,,,,,1657894,13807
1786083348,130572863,,,,,5,-1496.6378173828125,1031.4937744140625,-791.1649169921875,0.0027815585490316153,-0.08149050176143646,-0.07924675196409225,0.9935148358345032,1,1657894,13807
1786083348,137944344,1,313.2652282714844,110.81755828857422,905.5086059570312,,,,,,,,,,1657895,13807
1786083348,137944344,,,,,5,-1496.6298828125,1031.46435546875,-791.2020874023438,0.0026390727143734694,-0.08106721192598343,-0.07899505645036697,0.9935696721076965,1,1657895,13807
1786083348,147280681,1,313.7818603515625,110.2711181640625,905.8404541015625,,,,,,,,,,1657896,13807
1786083348,147280681,,,,,5,-1496.6639404296875,1031.41796875,-791.2120361328125,0.0029103264678269625,-0.08121833205223083,-0.08126815408468246,0.9933732748031616,1,1657896,13807
1786083348,154864270,1,314.5980529785156,110.74797058105469,906.7198486328125,,,,,,,,,,1657897,13807
1786083348,154864270,,,,,5,-1496.60546875,1031.4857177734375,-791.1974487304688,0.0029744619969278574,-0.0810784101486206,-0.07918262481689453,0.9935528635978699,1,1657897,13807
1786083348,162880999,1,315.0452880859375,110.69867706298828,907.1198120117188,,,,,,,,,,1657898,13807
1786083348,162880999,,,,,5,-1496.6514892578125,1031.4803466796875,-791.2431640625,0.0032055422198027372,-0.0812118798494339,-0.08053360134363174,0.9934327006340027,1,1657898,13807
1786083348,171976212,1,315.586181640625,110.9943618774414,907.6260986328125,,,,,,,,,,1657899,13807
1786083348,171976212,,,,,5,-1496.6444091796875,1031.4866943359375,-791.1962280273438,0.0028984434902668,-0.08139310777187347,-0.07980379462242126,0.9934777021408081,1,1657899,13807
1786083348,179764710,1,316.2693176269531,110.73938751220703,907.9117431640625,,,,,,,,,,1657900,13807
1786083348,179764710,,,,,5,-1496.628173828125,1031.478759765625,-791.2168579101562,0.003425971604883671,-0.08132945001125336,-0.0806589275598526,0.9934122562408447,1,1657900,13807
1786083348,188730323,1,316.7650451660156,110.00686645507812,907.90771484375,,,,,,,,,,1657901,13807
1786083348,188730323,,,,,5,-1496.604736328125,1031.4591064453125,-791.2219848632812,0.0032145758159458637,-0.08100714534521103,-0.0800347626209259,0.9934897422790527,1,1657901,13807
1786083348,197190174,1,317.3760681152344,110.91242218017578,909.0066528320312,,,,,,,,,,1657902,13807
1786083348,197190174,,,,,5,-1496.6414794921875,1031.4661865234375,-791.2269897460938,0.0032648122869431973,-0.08099383115768433,-0.08006375283002853,0.9934882521629333,1,1657902,13807
1786083348,204903235,1,317.9381103515625,110.37963104248047,909.4644775390625,,,,,,,,,,1657903,13807
1786083348,204903235,,,,,5,-1496.5042724609375,1031.4844970703125,-791.0844116210938,0.0024499299470335245,-0.08264018595218658,-0.07822950929403305,0.9935011863708496,1,1657903,13807
1786083348,213883117,1,318.3419494628906,110.66677856445312,909.8345336914062,,,,,,,,,,1657904,13807
1786083348,213883117,,,,,5,-1496.5465087890625,1031.5272216796875,-791.1103515625,0.002848104340955615,-0.08206190913915634,-0.07784470915794373,0.9935783743858337,1,1657904,13807
1786083348,222012074,1,318.8450012207031,110.68632507324219,910.195556640625,,,,,,,,,,1657905,13807
1786083348,222012074,,,,,5,-1496.583984375,1031.4378662109375,-791.1695556640625,0.003205392975360155,-0.08190517872571945,-0.08013372868299484,0.9934081435203552,1,1657905,13807
1786083348,229644642,1,319.0198974609375,110.32846069335938,910.6702270507812,,,,,,,,,,1657906,13807
1786083348,229644642,,,,,5,-1496.5938720703125,1031.3983154296875,-791.1481323242188,0.0027132960967719555,-0.0817127525806427,-0.07949039340019226,0.9934771656990051,1,1657906,13807
1786083348,238720308,1,319.7203369140625,110.16793823242188,909.7943725585938,,,,,,,,,,1657907,13807
1786083348,238720308,,,,,5,-1496.6083984375,1031.4837646484375,-791.2037353515625,0.003324209013953805,-0.08124236762523651,-0.0797279104590416,0.9934948086738586,1,1657907,13807
1786083348,246683866,1,320.6060485839844,110.66244506835938,911.40869140625,,,,,,,,,,1657908,13807
1786083348,246683866,,,,,5,-1496.6175537109375,1031.5048828125,-791.2261962890625,0.0034461980685591698,-0.08114080131053925,-0.080128513276577,0.9934703707695007,1,1657908,13807
1786083348,254565685,1,320.9339904785156,110.76541137695312,911.5977783203125,,,,,,,,,,1657909,13807
1786083348,254565685,,,,,5,-1496.55859375,1031.5037841796875,-791.1689453125,0.0027531441301107407,-0.0816754475235939,-0.07914312928915024,0.9935079216957092,1,1657909,13807
1786083348,263708662,1,321.5160217285156,111.1038818359375,911.8605346679688,,,,,,,,,,1657910,13807
1786083348,263708662,,,,,5,-1496.5999755859375,1031.4482421875,-791.1771850585938,0.003121974179521203,-0.08168578892946243,-0.07949093729257584,0.9934780597686768,1,1657910,13807
1786083348,271482348,1,321.9509582519531,111.32396697998047,912.2318725585938,,,,,,,,,,1657911,13807
1786083348,271482348,,,,,5,-1496.57666015625,1031.464599609375,-791.1875,0.002822868525981903,-0.08178824186325073,-0.0792144238948822,0.9934927225112915,1,1657911,13807
1786083348,280715479,1,322.5496520996094,111.1536865234375,912.5845336914062,,,,,,,,,,1657912,13807
1786083348,280715479,,,,,5,-1496.5679931640625,1031.455078125,-791.1822509765625,0.0031326347962021828,-0.0814892053604126,-0.07913161814212799,0.9935229420661926,1,1657912,13807
1786083348,288831607,1,322.91290283203125,110.84886169433594,913.2282104492188,,,,,,,,,,1657913,13807
1786083348,288831607,,,,,5,-1496.6292724609375,1031.492431640625,-791.1471557617188,0.003010256914421916,-0.08140039443969727,-0.07992357760667801,0.9934671521186829,1,1657913,13807
1786083348,296488426,1,323.2475891113281,111.05315399169922,913.6038818359375,,,,,,,,,,1657914,13807
1786083348,296488426,,,,,5,-1496.625732421875,1031.4906005859375,-791.2413940429688,0.0033251079730689526,-0.08124016225337982,-0.07989104837179184,0.9934819340705872,1,1657914,13807
1786083348,304419960,1,324.38226318359375,109.4013442993164,914.74951171875,,,,,,,,,,1657915,13807
1786083348,304419960,,,,,5,-1496.630126953125,1031.501708984375,-791.20458984375,0.0033945608884096146,-0.08115936070680618,-0.07973481714725494,0.9935008883476257,1,1657915,13807
1786083348,313696536,1,324.1607666015625,111.05668640136719,914.06787109375,,,,,,,,,,1657916,13807
1786083348,313696536,,,,,5,-1496.5916748046875,1031.453369140625,-791.1720581054688,0.0030266069807112217,-0.08159919083118439,-0.07910051941871643,0.993516743183136,1,1657916,13807
1786083348,321397727,1,324.5761413574219,111.09111022949219,914.0250244140625,,,,,,,,,,1657917,13807
1786083348,321397727,,,,,5,-1496.606201171875,1031.4908447265625,-791.15771484375,0.0030915283132344484,-0.0816745012998581,-0.07989843189716339,0.9934465289115906,1,1657917,13807
1786083348,330725555,1,324.962646484375,111.34942626953125,914.656494140625,,,,,,,,,,1657918,13807
1786083348,330725555,,,,,5,-1496.6519775390625,1031.5164794921875,-791.154052734375,0.00277639739215374,-0.08126074075698853,-0.0789516270160675,0.9935570955276489,1,1657918,13807
1786083348,338063444,1,325.2008361816406,111.2451400756836,915.0439453125,,,,,,,,,,1657919,13807
1786083348,338063444,,,,,5,-1496.60546875,1031.486083984375,-791.134765625,0.0027665395755320787,-0.08182987570762634,-0.07865573465824127,0.9935337901115417,1,1657919,13807
1786083348,346312116,1,325.6282653808594,111.43705749511719,915.2923583984375,,,,,,,,,,1657920,13807
1786083348,346312116,,,,,5,-1496.57080078125,1031.4351806640625,-791.1580200195312,0.002961594145745039,-0.08167505264282227,-0.07857697457075119,0.9935522079467773,1,1657920,13807
1786083348,355766088,1,325.95135498046875,111.24758911132812,915.6116333007812,,,,,,,,,,1657921,13807
1786083348,355766088,,,,,5,-1496.5633544921875,1031.4775390625,-791.143310546875,0.0029712447430938482,-0.08162718266248703,-0.07927502691745758,0.9935007095336914,1,1657921,13807
1786083348,363323859,1,326.0682067871094,111.3623046875,915.8059692382812,,,,,,,,,,1657922,13807
1786083348,363323859,,,,,5,-1496.5838623046875,1031.4576416015625,-791.1286010742188,0.0028528107795864344,-0.0817897692322731,-0.0795598030090332,0.9934648871421814,1,1657922,13807
1786083348,371263551,1,326.63763427734375,111.39523315429688,915.72265625,,,,,,,,,,1657923,13807
1786083348,371263551,,,,,5,-1496.615234375,1031.4998779296875,-791.1324462890625,0.0027073577512055635,-0.08173258602619171,-0.07944581657648087,0.9934792518615723,1,1657923,13807
1786083348,380728305,1,326.8853759765625,111.19799041748047,916.5638427734375,,,,,,,,,,1657924,13807
1786083348,380728305,,,,,5,-1496.6669921875,1031.4569091796875,-791.1442260742188,0.003192145610228181,-0.08078175783157349,-0.07965167611837387,0.9935388565063477,1,1657924,13807
1786083348,388409981,1,327.4944763183594,111.10208892822266,916.5435180664062,,,,,,,,,,1657925,13807
1786083348,388409981,,,,,5,-1496.54541015625,1031.5074462890625,-791.1583251953125,0.0027844267897307873,-0.08224749565124512,-0.0784912034869194,0.9935123324394226,1,1657925,13807
1786083348,396069934,1,327.35162353515625,111.38520812988281,917.258544921875,,,,,,,,,,1657926,13807
1786083348,396069934,,,,,5,-1496.5985107421875,1031.5067138671875,-791.1868286132812,0.0029573021456599236,-0.08173549920320511,-0.08040335029363632,0.9934012293815613,1,1657926,13807
1786083348,405826359,1,327.5304260253906,111.3144760131836,917.3690185546875,,,,,,,,,,1657927,13807
1786083348,405826359,,,,,5,-1496.507080078125,1031.4124755859375,-791.1466674804688,0.00265030306763947,-0.0819336324930191,-0.07860217243432999,0.9935298562049866,1,1657927,13807
1786083348,413131521,1,327.7252197265625,111.46317291259766,917.48876953125,,,,,,,,,,1657928,13808
1786083348,413131521,,,,,5,-1496.563720703125,1031.4678955078125,-791.2086791992188,0.0032538308296352625,-0.08131609857082367,-0.07907072454690933,0.9935415983200073,1,1657928,13808
1786083348,421234341,1,327.83258056640625,111.00132751464844,917.9677734375,,,,,,,,,,1657929,13808
1786083348,421234341,,,,,5,-1496.5902099609375,1031.4666748046875,-791.1219482421875,0.0026191812939941883,-0.08205396682024002,-0.07982644438743591,0.9934223294258118,1,1657929,13808
1786083348,430524354,1,327.95758056640625,111.01766967773438,918.2379150390625,,,,,,,,,,1657930,13808
1786083348,430524354,,,,,5,-1496.5426025390625,1031.5093994140625,-791.164794921875,0.0028599570505321026,-0.08213280141353607,-0.07869736105203629,0.9935052990913391,1,1657930,13808
1786083348,438213804,1,328.1131896972656,111.0677490234375,918.212158203125,,,,,,,,,,1657931,13808
1786083348,438213804,,,,,5,-1496.56982421875,1031.4683837890625,-791.1580810546875,0.003070953767746687,-0.08169803023338318,-0.07833050191402435,0.9935694932937622,1,1657931,13808
1786083348,447294941,1,328.30218505859375,110.84467315673828,918.4329223632812,,,,,,,,,,1657932,13808
1786083348,447294941,,,,,5,-1496.9432373046875,1031.7451171875,-791.0955810546875,0.006781672593206167,-0.07957608997821808,-0.08736518025398254,0.992969810962677,1,1657932,13808
1786083348,455334384,1,328.10516357421875,111.00563049316406,919.578369140625,,,,,,,,,,1657933,13808
1786083348,455334384,,,,,5,-1496.5484619140625,1031.4539794921875,-791.1991577148438,0.0025182897225022316,-0.08201457560062408,-0.07843377441167831,0.9935367703437805,1,1657933,13808
1786083348,463137566,1,328.2215881347656,110.94467163085938,919.8995361328125,,,,,,,,,,1657934,13808
1786083348,463137566,,,,,5,-1496.530029296875,1031.4124755859375,-791.2034301757812,0.0015722125535830855,-0.08244016021490097,-0.07631362974643707,0.9936686158180237,1,1657934,13808
1786083348,472130533,1,328.3091125488281,110.58769989013672,920.0089111328125,,,,,,,,,,1657935,13808
1786083348,472130533,,,,,5,-1496.4427490234375,1031.3804931640625,-791.111328125,0.001789931789971888,-0.08303225785493851,-0.076205775141716,0.9936271905899048,1,1657935,13808
1786083348,480420858,1,328.520751953125,110.8451919555664,920.3740844726562,,,,,,,,,,1657936,13808
1786083348,480420858,,,,,5,-1496.5794677734375,1031.3846435546875,-791.2183837890625,0.0019906731322407722,-0.08153679221868515,-0.07605162262916565,0.9937623739242554,1,1657936,13808
1786083348,488316049,1,328.96624755859375,111.27728271484375,919.9290161132812,,,,,,,,,,1657937,13808
1786083348,488316049,,,,,5,-1496.6409912109375,1031.3785400390625,-791.188720703125,0.002739934017881751,-0.0809803307056427,-0.07863470166921616,0.9936052560806274,1,1657937,13808
1786083348,497359851,1,328.5817565917969,110.47772216796875,920.5604858398438,,,,,,,,,,1657938,13808
1786083348,497359851,,,,,5,-1496.7113037109375,1031.437255859375,-791.1961669921875,0.003050699597224593,-0.08105644583702087,-0.07957076281309128,0.9935235381126404,1,1657938,13808
1786083348,504990820,1,329.08148193359375,111.17076110839844,920.03076171875,,,,,,,,,,1657939,13808
1786083348,504990820,,,,,5,-1496.6644287109375,1031.4202880859375,-791.265625,0.002286063041538,-0.08124617487192154,-0.07811643183231354,0.9936255216598511,1,1657939,13808
1786083348,512839591,1,328.81060791015625,110.92813110351562,920.9835205078125,,,,,,,,,,1657940,13808
1786083348,512839591,,,,,5,-1496.6954345703125,1031.396728515625,-791.230712890625,0.0026330621913075447,-0.08107736706733704,-0.07974492758512497,0.99350905418396,1,1657940,13808
1786083348,521909274,1,328.74652099609375,110.92514038085938,921.1970825195312,,,,,,,,,,1657941,13808
1786083348,521909274,,,,,5,-1496.8155517578125,1031.44091796875,-791.1818237304688,0.0024326706770807505,-0.08160124719142914,-0.0795251876115799,0.9934842586517334,1,1657941,13808
1786083348,529749727,1,328.7897644042969,111.0496826171875,921.499267578125,,,,,,,,,,1657942,13808
1786083348,529749727,,,,,5,-1496.8572998046875,1031.52490234375,-791.1759033203125,0.0027775485068559647,-0.08177721500396729,-0.08133456110954285,0.9933224320411682,1,1657942,13808
1786083348,537669456,1,328.7769470214844,111.03313446044922,921.5974731445312,,,,,,,,,,1657943,13808
1786083348,537669456,,,,,5,-1496.7659912109375,1031.3853759765625,-791.2113037109375,0.002392780501395464,-0.08146175742149353,-0.07804367691278458,0.9936133623123169,1,1657943,13808
1786083348,547442997,1,328.71673583984375,111.20308685302734,921.7194213867188,,,,,,,,,,1657944,13808
1786083348,547442997,,,,,5,-1496.777587890625,1031.39306640625,-791.1773071289062,0.0026852842420339584,-0.08160112053155899,-0.08142536878585815,0.9933297634124756,1,1657944,13808
1786083348,554643833,1,329.0122375488281,111.42048645019531,921.0037841796875,,,,,,,,,,1657945,13808
1786083348,554643833,,,,,5,-1496.7454833984375,1031.4351806640625,-791.2105712890625,0.002682800404727459,-0.08151446282863617,-0.07888256758451462,0.9935420751571655,1,1657945,13808
1786083348,563794136,1,328.8377380371094,111.70194244384766,921.1177368164062,,,,,,,,,,1657946,13808
1786083348,563794136,,,,,5,-1496.783935546875,1031.445068359375,-791.1806030273438,0.002997334348037839,-0.08126191049814224,-0.0801742672920227,0.9934583902359009,1,1657946,13808
1786083348,571567502,1,328.8927001953125,111.39104461669922,921.3004760742188,,,,,,,,,,1657947,13808
1786083348,571567502,,,,,5,-1496.7896728515625,1031.4010009765625,-791.17724609375,0.002404517726972699,-0.08168555796146393,-0.08089666813611984,0.9933666586875916,1,1657947,13808
1786083348,579658164,1,329.03741455078125,110.62423706054688,921.9512329101562,,,,,,,,,,1657948,13808
1786083348,579658164,,,,,5,-1496.8267822265625,1031.4364013671875,-791.1226806640625,0.0023417265620082617,-0.0814930871129036,-0.08121529966592789,0.9933565855026245,1,1657948,13808
1786083348,588619171,1,328.6115417480469,111.48291778564453,921.4467163085938,,,,,,,,,,1657949,13808
1786083348,588619171,,,,,5,-1496.771728515625,1031.4464111328125,-791.192138671875,0.002834242070093751,-0.08134324103593826,-0.07944009453058243,0.9935111999511719,1,1657949,13808
1786083348,596963563,1,328.5476989746094,111.4549560546875,921.545654296875,,,,,,,,,,1657950,13808
1786083348,596963563,,,,,5,-1496.75927734375,1031.4515380859375,-791.1964721679688,0.002795486943796277,-0.08151373267173767,-0.07967577129602432,0.9934784173965454,1,1657950,13808
1786083348,604841510,1,328.52471923828125,111.51688385009766,921.2186889648438,,,,,,,,,,1657951,13808
1786083348,604841510,,,,,5,-1496.7493896484375,1031.441650390625,-791.2059326171875,0.002964972285553813,-0.08123046904802322,-0.07935471832752228,0.9935268759727478,1,1657951,13808
1786083348,613752257,1,328.3175048828125,111.33039093017578,921.6792602539062,,,,,,,,,,1657952,13808
1786083348,613752257,,,,,5,-1496.80810546875,1031.457275390625,-791.1976928710938,0.0029850066639482975,-0.08146263659000397,-0.08093483000993729,0.9933803677558899,1,1657952,13808
1786083348,621412723,1,328.6184387207031,111.2461929321289,921.6839599609375,,,,,,,,,,1657953,13808
1786083348,621412723,,,,,5,-1496.8125,1031.3944091796875,-791.1818237304688,0.0019892153795808554,-0.08148038387298584,-0.07903382927179337,0.9935343861579895,1,1657953,13808
1786083348,630671223,1,327.2525634765625,110.72818756103516,923.2115478515625,,,,,,,,,,1657954,13808
1786083348,630671223,,,,,5,-1496.7672119140625,1031.4393310546875,-791.2490234375,0.002846760908141732,-0.0809713825583458,-0.078971728682518,0.9935789108276367,1,1657954,13808
1786083348,638498207,1,327.9595031738281,110.47708129882812,922.1347045898438,,,,,,,,,,1657955,13808
1786083348,638498207,,,,,5,-1496.7110595703125,1031.39501953125,-791.2239990234375,0.002081072423607111,-0.08155949413776398,-0.07813985645771027,0.993598461151123,1,1657955,13808
1786083348,646649303,1,327.2414855957031,110.58125305175781,922.6727294921875,,,,,,,,,,1657956,13808
1786083348,646649303,,,,,5,-1496.7840576171875,1031.45263671875,-791.2196655273438,0.00303285731934011,-0.08127052336931229,-0.08027409762144089,0.9934495091438293,1,1657956,13808
1786083348,655894687,1,327.0810241699219,110.88655090332031,922.5443725585938,,,,,,,,,,1657957,13808
1786083348,655894687,,,,,5,-1496.7164306640625,1031.434814453125,-791.2379760742188,0.0026706652715802193,-0.08148852735757828,-0.07898763567209244,0.9935357570648193,1,1657957,13808
1786083348,662250389,1,327.0754699707031,111.10002899169922,922.4169311523438,,,,,,,,,,1657958,13808
1786083348,662250389,,,,,5,-1496.7108154296875,1031.3756103515625,-791.232666015625,0.001366857555694878,-0.08203725516796112,-0.07692107558250427,0.9936553835868835,1,1657958,13808
1786083348,671239036,1,326.77386474609375,111.0458755493164,922.457275390625,,,,,,,,,,1657959,13808
1786083348,671239036,,,,,5,-1496.765380859375,1031.3804931640625,-791.2101440429688,0.0018131477991119027,-0.08134808391332626,-0.07802514731884003,0.9936253428459167,1,1657959,13808
1786083348,680598952,1,326.5379638671875,110.96459197998047,922.3432006835938,,,,,,,,,,1657960,13808
1786083348,680598952,,,,,5,-1496.73486328125,1031.389404296875,-791.1989135742188,0.002024219138547778,-0.08143698424100876,-0.07687850296497345,0.9937069416046143,1,1657960,13808
1786083348,688173711,1,326.2521667480469,111.04228210449219,922.269775390625,,,,,,,,,,1657961,13808
1786083348,688173711,,,,,5,-1496.6981201171875,1031.3751220703125,-791.2536010742188,0.002043455606326461,-0.08163661509752274,-0.07785899937152863,0.9936142563819885,1,1657961,13808
1786083348,696186217,1,326.1385498046875,110.73929595947266,922.5121459960938,,,,,,,,,,1657962,13808
1786083348,696186217,,,,,5,-1496.7388916015625,1031.3896484375,-791.24267578125,0.0021269142162054777,-0.08169808238744736,-0.07825645804405212,0.993577778339386,1,1657962,13808
1786083348,705539414,1,325.8751220703125,111.04352569580078,922.276123046875,,,,,,,,,,1657963,13808
1786083348,705539414,,,,,5,-1496.8043212890625,1031.401611328125,-791.2157592773438,0.0023093638010323048,-0.0816497653722763,-0.08015233278274536,0.9934302568435669,1,1657963,13808
1786083348,713165008,1,325.572021484375,110.89093780517578,922.3152465820312,,,,,,,,,,1657964,13808
1786083348,713165008,,,,,5,-1496.7440185546875,1031.3572998046875,-791.2275390625,0.0017330852570012212,-0.0816102921962738,-0.0785386934876442,0.9935634732246399,1,1657964,13808
1786083348,721151025,1,325.53533935546875,111.02297973632812,922.406494140625,,,,,,,,,,1657965,13808
1786083348,721151025,,,,,5,-1496.7518310546875,1031.451904296875,-791.2196044921875,0.0020222277380526066,-0.08178460597991943,-0.07899324595928192,0.9935125708580017,1,1657965,13808
1786083348,730504478,1,324.89556884765625,110.97733306884766,922.158447265625,,,,,,,,,,1657966,13808
1786083348,730504478,,,,,5,-1496.721435546875,1031.365966796875,-791.2353515625,0.002120284829288721,-0.08137480914592743,-0.07713542878627777,0.9936920404434204,1,1657966,13808
1786083348,738062185,1,324.7579040527344,110.8852767944336,922.0343627929688,,,,,,,,,,1657967,13808
1786083348,738062185,,,,,5,-1496.6976318359375,1031.433837890625,-791.1277465820312,0.0027790453750640154,-0.08180754631757736,-0.07747453451156616,0.9936283826828003,1,1657967,13808
1786083348,747464746,1,324.5614929199219,110.88715362548828,921.8604125976562,,,,,,,,,,1657968,13808
1786083348,747464746,,,,,5,-1496.808349609375,1031.4849853515625,-791.1493530273438,0.0020835630130022764,-0.08177544921636581,-0.07872936129570007,0.9935341477394104,1,1657968,13808
1786083348,754068002,1,324.350341796875,111.03572082519531,921.994384765625,,,,,,,,,,1657969,13808
1786083348,754068002,,,,,5,-1496.7711181640625,1031.4798583984375,-791.1251220703125,0.0021354868076741695,-0.08188612759113312,-0.07830019295215607,0.9935588240623474,1,1657969,13808
1786083348,763002519,1,324.05877685546875,111.18004608154297,922.0469360351562,,,,,,,,,,1657970,13808
1786083348,763002519,,,,,5,-1496.757080078125,1031.489990234375,-791.1068725585938,0.00271667935885489,-0.08199237287044525,-0.07829070091247559,0.9935492873191833,1,1657970,13808
1786083348,772200426,1,323.7978820800781,110.76197814941406,922.0624389648438,,,,,,,,,,1657971,13808
1786083348,772200426,,,,,5,-1496.7918701171875,1031.279541015625,-791.1199340820312,0.0010149413719773293,-0.0815788134932518,-0.07365190982818604,0.9939413070678711,1,1657971,13808
1786083348,780378747,1,323.54193115234375,110.97636413574219,921.9656982421875,,,,,,,,,,1657972,13808
1786083348,780378747,,,,,5,-1496.7760009765625,1031.6820068359375,-791.099365234375,0.004779170732945204,-0.08217970281839371,-0.08238250017166138,0.9931951761245728,1,1657972,13808
1786083348,787832192,1,323.3146667480469,110.66239166259766,921.80078125,,,,,,,,,,1657973,13808
1786083348,787832192,,,,,5,-1496.8779296875,1031.5997314453125,-791.0519409179688,0.004256786312907934,-0.0813763290643692,-0.083265520632267,0.9931901693344116,1,1657973,13808
1786083348,797223332,1,323.2207946777344,110.7358627319336,921.439697265625,,,,,,,,,,1657974,13808
1786083348,797223332,,,,,5,-1496.740478515625,1031.7127685546875,-791.1511840820312,0.005334465764462948,-0.08196479082107544,-0.08366475254297256,0.9931029677391052,1,1657974,13808
1786083348,804792780,1,322.8334045410156,110.92892456054688,921.2005615234375,,,,,,,,,,1657975,13808
1786083348,804792780,,,,,5,-1496.8492431640625,1031.666259765625,-791.1159057617188,0.004832270555198193,-0.08197744190692902,-0.08366340398788452,0.9931045770645142,1,1657975,13808
1786083348,812847996,1,322.40673828125,110.95562744140625,921.6321411132812,,,,,,,,,,1657976,13808
1786083348,812847996,,,,,5,-1496.6678466796875,1031.861328125,-790.9695434570312,0.005485190078616142,-0.0839681401848793,-0.08347135782241821,0.9929510951042175,1,1657976,13808
1786083348,821758839,1,322.0637512207031,110.97462463378906,921.569580078125,,,,,,,,,,1657977,13808
1786083348,821758839,,,,,5,-1497.0350341796875,1031.978759765625,-790.9624633789062,0.006374091375619173,-0.0816560909152031,-0.09053748100996017,0.9925193786621094,1,1657977,13808
1786083348,829746487,1,321.76788330078125,110.60594177246094,921.415283203125,,,,,,,,,,1657978,13808
1786083348,829746487,,,,,5,-1497.0487060546875,1031.7449951171875,-790.9057006835938,0.00558581855148077,-0.08169814944267273,-0.08896798640489578,0.9926625490188599,1,1657978,13808
1786083348,837699808,1,321.40826416015625,110.97681427001953,921.3253784179688,,,,,,,,,,1657979,13808
1786083348,837699808,,,,,5,-1497.2010498046875,1032.039794921875,-790.9075317382812,0.008102214895188808,-0.08160693943500519,-0.09586320072412491,0.9920106530189514,1,1657979,13808
1786083348,847205031,1,321.3017272949219,111.16702270507812,921.2655639648438,,,,,,,,,,1657980,13808
1786083348,847205031,,,,,5,-1497.1075439453125,1032.01318359375,-790.876953125,0.00847766175866127,-0.0815565288066864,-0.09916945546865463,0.9916865229606628,1,1657980,13808
1786083348,854685221,1,320.9892272949219,111.1363296508789,921.0291137695312,,,,,,,,,,1657981,13808
1786083348,854685221,,,,,5,-1497.006591796875,1031.908935546875,-790.8997192382812,0.007648457773029804,-0.0820455402135849,-0.09348920732736588,0.9922045469284058,1,1657981,13808
1786083348,864001948,1,321.1473693847656,110.97981262207031,920.4234008789062,,,,,,,,,,1657982,13808
1786083348,864001948,,,,,5,-1497.104248046875,1031.957763671875,-790.9434814453125,0.007769457995891571,-0.08167450875043869,-0.09440434724092484,0.9921475052833557,1,1657982,13808
1786083348,871168680,1,320.7725524902344,111.3022689819336,920.29052734375,,,,,,,,,,1657983,13808
1786083348,871168680,,,,,5,-1497.1378173828125,1031.9176025390625,-790.9301147460938,0.007603184785693884,-0.08141373097896576,-0.09429857134819031,0.9921802878379822,1,1657983,13808
1786083348,879691107,1,319.58245849609375,110.99292755126953,921.11376953125,,,,,,,,,,1657984,13808
1786083348,879691107,,,,,5,-1497.1336669921875,1031.96337890625,-790.934326171875,0.007958639413118362,-0.08139724284410477,-0.09439392387866974,0.9921698570251465,1,1657984,13808
1786083348,888802316,1,319.3690185546875,110.6093521118164,921.213623046875,,,,,,,,,,1657985,13808
1786083348,888802316,,,,,5,-1496.91650390625,1031.7747802734375,-791.023193359375,0.006632978096604347,-0.08200439810752869,-0.08874291181564331,0.9926509261131287,1,1657985,13808
1786083348,896707073,1,319.5498352050781,110.85929107666016,919.7488403320312,,,,,,,,,,1657986,13808
1786083348,896707073,,,,,5,-1497.0218505859375,1031.9102783203125,-790.9324340820312,0.00744627695530653,-0.08202329277992249,-0.09297619760036469,0.9922561645507812,1,1657986,13808
1786083348,904866231,1,319.9739685058594,109.72257995605469,920.23779296875,,,,,,,,,,1657987,13808
1786083348,904866231,,,,,5,-1497.2486572265625,1032.0018310546875,-790.892822265625,0.007913238368928432,-0.08127747476100922,-0.0979498028755188,0.9918352961540222,1,1657987,13808
1786083348,913878041,1,319.14825439453125,110.916015625,919.489501953125,,,,,,,,,,1657988,13808
1786083348,913878041,,,,,5,-1497.05078125,1031.9102783203125,-790.92236328125,0.006789295934140682,-0.08190856128931046,-0.0925489217042923,0.9923101663589478,1,1657988,13808
1786083348,921602554,1,318.9096374511719,106.88202667236328,920.4466552734375,,,,,,,,,,1657989,13808
1786083348,921602554,,,,,5,-1497.024658203125,1031.85791015625,-790.9950561523438,0.00741322198882699,-0.08141355961561203,-0.09114609658718109,0.9924762845039368,1,1657989,13808
1786083348,929453117,1,319.0490417480469,109.96497344970703,920.160888671875,,,,,,,,,,1657990,13808
1786083348,929453117,,,,,5,-1497.1007080078125,1032.0372314453125,-790.9195556640625,0.007995683699846268,-0.08209428936243057,-0.09625368565320969,0.9919334053993225,1,1657990,13808
1786083348,939104256,1,317.3182678222656,109.20069122314453,919.5464477539062,,,,,,,,,,1657991,13808
1786083348,939104256,,,,,5,-1497.0120849609375,1031.8448486328125,-790.89404296875,0.006341379135847092,-0.081929050385952,-0.08982166647911072,0.9925621747970581,1,1657991,13808
1786083348,945367372,1,317.4271240234375,109.71468353271484,919.26953125,,,,,,,,,,1657992,13808
1786083348,945367372,,,,,5,-1496.3350830078125,1031.5289306640625,-791.41845703125,0.005188430193811655,-0.0804629996418953,-0.08035058528184891,0.9935001730918884,1,1657992,13808
1786083348,955715491,1,317.1734619140625,109.61837768554688,919.0609130859375,,,,,,,,,,1657993,13808
1786083348,955715491,,,,,5,-1496.572265625,1031.6402587890625,-791.2376708984375,0.005110191181302071,-0.08103171736001968,-0.08242116123437881,0.9932847023010254,1,1657993,13808
1786083348,964007863,1,316.8902282714844,109.5896224975586,918.949462890625,,,,,,,,,,1657994,13808
1786083348,964007863,,,,,5,-1496.637451171875,1031.587890625,-791.1829833984375,0.005679192952811718,-0.0816977322101593,-0.08366548269987106,0.9931229948997498,1,1657994,13808
1786083348,970343026,1,317.2764892578125,110.90445709228516,918.685546875,,,,,,,,,,1657995,13808
1786083348,970343026,,,,,5,-1496.754638671875,1031.583251953125,-791.1769409179688,0.005698485299944878,-0.08098116517066956,-0.08596926927566528,0.9929848313331604,1,1657995,13808
1786083348,980672109,1,316.98223876953125,110.89773559570312,918.514404296875,,,,,,,,,,1657996,13808
1786083348,980672109,,,,,5,-1496.7391357421875,1031.6341552734375,-791.1630249023438,0.005266587249934673,-0.08139655739068985,-0.08372846990823746,0.993144690990448,1,1657996,13808
1786083348,988464317,1,316.7603454589844,111.0348129272461,918.4091796875,,,,,,,,,,1657997,13808
1786083348,988464317,,,,,5,-1496.7371826171875,1031.61865234375,-791.1939697265625,0.0058980886824429035,-0.0811183974146843,-0.08445987850427628,0.9931020140647888,1,1657997,13808
1786083348,996219767,1,316.4020080566406,111.03766632080078,918.3213500976562,,,,,,,,,,1657998,13808
1786083348,996219767,,,,,5,-1496.7703857421875,1031.6546630859375,-791.2132568359375,0.006127928849309683,-0.08113778382539749,-0.0852900967001915,0.9930281043052673,1,1657998,13808
1786083349,5398802,1,316.1317443847656,110.78568267822266,918.1497192382812,,,,,,,,,,1657999,13808
1786083349,5398802,,,,,5,-1496.7796630859375,1031.533935546875,-791.1886596679688,0.0051024011336266994,-0.08106458932161331,-0.08508391678333282,0.9930576086044312,1,1657999,13808
1786083349,13318570,1,315.8556823730469,110.89494323730469,917.9299926757812,,,,,,,,,,1658000,13808
1786083349,13318570,,,,,5,-1496.6539306640625,1031.60888671875,-791.1967163085938,0.0055542318150401115,-0.08171598613262177,-0.08342529088258743,0.9931423664093018,1,1658000,13808
1786083349,21095780,1,315.6712341308594,110.7544174194336,917.8280639648438,,,,,,,,,,1658001,13808
1786083349,21095780,,,,,5,-1496.7410888671875,1031.6441650390625,-791.2225952148438,0.005265331827104092,-0.0813024714589119,-0.08413390070199966,0.9931181073188782,1,1658001,13808
1786083349,30485712,1,315.0513000488281,110.03642272949219,917.6112670898438,,,,,,,,,,1658002,13808
1786083349,30485712,,,,,5,-1496.6385498046875,1031.696044921875,-791.2823486328125,0.005658406298607588,-0.08122148364782333,-0.08571832627058029,0.9929871559143066,1,1658002,13808
1786083349,38143688,1,314.6775207519531,109.80552673339844,917.2919311523438,,,,,,,,,,1658003,13808
1786083349,38143688,,,,,5,-1496.64404296875,1031.6600341796875,-791.292236328125,0.006195406895130873,-0.08136138319969177,-0.08591406047344208,0.9929556250572205,1,1658003,13808
1786083349,46054561,1,314.8039855957031,109.60590362548828,918.0465698242188,,,,,,,,,,1658004,13808
1786083349,46054561,,,,,5,-1496.69921875,1031.5958251953125,-791.2399291992188,0.0055900318548083305,-0.08108935505151749,-0.08542544394731522,0.9930235743522644,1,1658004,13808
1786083349,55057517,1,314.59991455078125,109.6254653930664,917.8331298828125,,,,,,,,,,1658005,13808
1786083349,55057517,,,,,5,-1496.728759765625,1031.6605224609375,-791.2608642578125,0.006023077759891748,-0.08107294887304306,-0.08466745913028717,0.9930872321128845,1,1658005,13808
1786083349,62930448,1,314.3154296875,109.58842468261719,917.7030639648438,,,,,,,,,,1658006,13808
1786083349,62930448,,,,,5,-1496.7093505859375,1031.7127685546875,-791.2445068359375,0.00551608158275485,-0.08141180127859116,-0.08458273112773895,0.9930697083473206,1,1658006,13808
1786083349,70878336,1,313.6670227050781,110.8314437866211,916.813232421875,,,,,,,,,,1658007,13808
1786083349,70878336,,,,,5,-1496.658447265625,1031.644287109375,-791.2551879882812,0.005901486147195101,-0.08187191188335419,-0.08486130833625793,0.9930059313774109,1,1658007,13808
1786083349,79955769,1,313.4928894042969,111.04486083984375,916.498046875,,,,,,,,,,1658008,13808
1786083349,79955769,,,,,5,-1496.697509765625,1031.621826171875,-791.2442626953125,0.005801390390843153,-0.08120012283325195,-0.08554383367300034,0.9930030703544617,1,1658008,13808
1786083349,87905257,1,312.9881591796875,110.93180084228516,916.5055541992188,,,,,,,,,,1658009,13808
1786083349,87905257,,,,,5,-1496.686279296875,1031.638427734375,-791.1716918945312,0.0049954247660934925,-0.08153417706489563,-0.08359793573617935,0.9931458830833435,1,1658009,13808
1786083349,97222374,1,313.0028991699219,111.06143188476562,916.083984375,,,,,,,,,,1658010,13808
1786083349,97222374,,,,,5,-1496.7042236328125,1031.657470703125,-791.233642578125,0.00536993145942688,-0.08131953328847885,-0.08470770716667175,0.9930674433708191,1,1658010,13808
1786083349,104741601,1,312.7131652832031,110.96634674072266,915.9183959960938,,,,,,,,,,1658011,13808
1786083349,104741601,,,,,5,-1496.7183837890625,1031.6728515625,-791.2310791015625,0.0053483243100345135,-0.0813494473695755,-0.08349849283695221,0.9931674003601074,1,1658011,13808
1786083349,112721705,1,312.19171142578125,110.49687194824219,915.9318237304688,,,,,,,,,,1658012,13808
1786083349,112721705,,,,,5,-1496.6285400390625,1031.569091796875,-791.2052001953125,0.005698362831026316,-0.08156277984380722,-0.08464555442333221,0.9930509328842163,1,1658012,13808
1786083349,121914085,1,311.78863525390625,110.43212890625,915.4674072265625,,,,,,,,,,1658013,13808
1786083349,121914085,,,,,5,-1496.6446533203125,1031.6204833984375,-791.21728515625,0.005672641564160585,-0.08172119408845901,-0.08406449109315872,0.9930873513221741,1,1658013,13808
1786083349,129681027,1,311.56939697265625,110.47701263427734,915.4081420898438,,,,,,,,,,1658014,13808
1786083349,129681027,,,,,5,-1496.6136474609375,1031.6251220703125,-791.2844848632812,0.005453619174659252,-0.08155596256256104,-0.08390459418296814,0.9931158423423767,1,1658014,13808
1786083349,137697602,1,311.68011474609375,110.77235412597656,915.0677490234375,,,,,,,,,,1658015,13808
1786083349,137697602,,,,,5,-1496.64892578125,1031.5994873046875,-791.2317504882812,0.005705826450139284,-0.08168233186006546,-0.0849701315164566,0.9930134415626526,1,1658015,13808
1786083349,147215246,1,311.4100036621094,110.7288589477539,914.8936767578125,,,,,,,,,,1658016,13808
1786083349,147215246,,,,,5,-1496.7740478515625,1031.5272216796875,-791.1890258789062,0.0051662917248904705,-0.08096206188201904,-0.08519242703914642,0.9930563569068909,1,1658016,13808
1786083349,154570705,1,311.1058654785156,110.7145767211914,914.6397705078125,,,,,,,,,,1658017,13808
1786083349,154570705,,,,,5,-1496.395263671875,1031.712890625,-791.243896484375,0.00609245803207159,-0.08306550234556198,-0.08135419338941574,0.9931991696357727,1,1658017,13808
1786083349,163811297,1,310.9036865234375,110.7531509399414,914.3505859375,,,,,,,,,,1658018,13808
1786083349,163811297,,,,,5,-1496.466796875,1031.668701171875,-791.2493896484375,0.00584071222692728,-0.0826541930437088,-0.08172725141048431,0.9932042956352234,1,1658018,13808
1786083349,171721019,1,310.38116455078125,111.32160186767578,913.8555908203125,,,,,,,,,,1658019,13808
1786083349,171721019,,,,,5,-1496.5269775390625,1031.7122802734375,-791.2670288085938,0.006049368996173143,-0.08251361548900604,-0.08317331224679947,0.9930947422981262,1,1658019,13808
1786083349,179666988,1,310.1239013671875,111.1814193725586,913.6170043945312,,,,,,,,,,1658020,13808
1786083349,179666988,,,,,5,-1496.630126953125,1031.6141357421875,-791.2550048828125,0.00577030424028635,-0.08209553360939026,-0.0846034362912178,0.9930102825164795,1,1658020,13808
1786083349,187523155,1,309.966552734375,111.13770294189453,913.57666015625,,,,,,,,,,1658021,13808
1786083349,187523155,,,,,5,-1496.61962890625,1031.63916015625,-791.2304077148438,0.0056045870296657085,-0.08172369003295898,-0.0842687264084816,0.9930703639984131,1,1658021,13808
1786083349,197043998,1,309.651123046875,111.09244537353516,912.9857177734375,,,,,,,,,,1658022,13808
1786083349,197043998,,,,,5,-1496.6768798828125,1031.610595703125,-791.2709350585938,0.005735230632126331,-0.08112915605306625,-0.08530048280954361,0.9930301904678345,1,1658022,13808
1786083349,204431865,1,309.40069580078125,110.98551940917969,912.74365234375,,,,,,,,,,1658023,13808
1786083349,204431865,,,,,5,-1496.6920166015625,1031.5673828125,-791.2493286132812,0.005289905704557896,-0.08097533136606216,-0.08461673557758331,0.9931036829948425,1,1658023,13808
1786083349,213825955,1,308.9966735839844,111.07405090332031,912.2659301757812,,,,,,,,,,1658024,13808
1786083349,213825955,,,,,5,-1496.651123046875,1031.59619140625,-791.30029296875,0.0056565916165709496,-0.08123236149549484,-0.08463626354932785,0.9930791258811951,1,1658024,13808
1786083349,221333409,1,309.1332092285156,111.2991714477539,912.00732421875,,,,,,,,,,1658025,13808
1786083349,221333409,,,,,5,-1496.6597900390625,1031.613525390625,-791.30126953125,0.005647154990583658,-0.08131131529808044,-0.08477984368801117,0.9930604100227356,1,1658025,13808
1786083349,229477377,1,308.82025146484375,111.03022003173828,911.4274291992188,,,,,,,,,,1658026,13808
1786083349,229477377,,,,,5,-1496.7359619140625,1031.5926513671875,-791.2194213867188,0.004767363891005516,-0.08117280155420303,-0.0843002200126648,0.9931172728538513,1,1658026,13808
1786083349,238463472,1,308.8035583496094,111.04679107666016,911.7750244140625,,,,,,,,,,1658027,13808
1786083349,238463472,,,,,5,-1496.657470703125,1031.622802734375,-791.2830200195312,0.00600128248333931,-0.08133888244628906,-0.08561311662197113,0.9929846525192261,1,1658027,13808
1786083349,246315992,1,308.1263732910156,110.76702880859375,911.1278076171875,,,,,,,,,,1658028,13808
1786083349,246315992,,,,,5,-1496.68701171875,1031.6348876953125,-791.289306640625,0.005314749665558338,-0.08118218928575516,-0.08466938138008118,0.9930822253227234,1,1658028,13808
1786083349,254364016,1,307.80145263671875,110.83271026611328,910.9758911132812,,,,,,,,,,1658029,13808
1786083349,254364016,,,,,5,-1496.684326171875,1031.638916015625,-791.320556640625,0.005915171466767788,-0.08132772892713547,-0.08546319603919983,0.9929989576339722,1,1658029,13808
1786083349,263707590,1,307.5446472167969,110.6951675415039,910.7464599609375,,,,,,,,,,1658030,13808
1786083349,263707590,,,,,5,-1496.6033935546875,1031.4951171875,-791.1677856445312,0.004541235510259867,-0.08163855969905853,-0.08267160505056381,0.9932169914245605,1,1658030,13808
1786083349,271216611,1,307.3251953125,110.84376525878906,910.3652954101562,,,,,,,,,,1658031,13808
1786083349,271216611,,,,,5,-1496.5921630859375,1031.4779052734375,-791.1979370117188,0.003963282331824303,-0.08158145099878311,-0.08069513738155365,0.9933867454528809,1,1658031,13808
1786083349,279332426,1,307.02777099609375,110.67279052734375,910.0049438476562,,,,,,,,,,1658032,13808
1786083349,279332426,,,,,5,-1496.60498046875,1031.49609375,-791.1553955078125,0.0037900996394455433,-0.08168817311525345,-0.08131126314401627,0.9933284521102905,1,1658032,13808
1786083349,288274277,1,306.7509460449219,110.61833953857422,909.634033203125,,,,,,,,,,1658033,13808
1786083349,288274277,,,,,5,-1496.6658935546875,1031.4871826171875,-791.1823120117188,0.0032672323286533356,-0.08177979290485382,-0.08032567799091339,0.9934028387069702,1,1658033,13808
1786083349,296215799,1,306.4757995605469,110.67526245117188,909.247314453125,,,,,,,,,,1658034,13808
1786083349,296215799,,,,,5,-1496.505859375,1031.454833984375,-791.4833984375,0.003874341957271099,-0.081507109105587,-0.08072897791862488,0.9933903813362122,1,1658034,13808
1786083349,305748543,1,306.1944274902344,110.61636352539062,908.8564453125,,,,,,,,,,1658035,13808
1786083349,305748543,,,,,5,-1496.6624755859375,1031.4578857421875,-791.1593627929688,0.0031944967340677977,-0.08139944076538086,-0.07978060841560364,0.9934781789779663,1,1658035,13808
1786083349,312230810,1,305.2920227050781,109.86714935302734,908.6888427734375,,,,,,,,,,1658036,13808
1786083349,312230810,,,,,5,-1496.5828857421875,1031.46484375,-791.4000854492188,0.003700345754623413,-0.08116637170314789,-0.08089154213666916,0.9934056997299194,1,1658036,13808
1786083349,321069454,1,305.0528564453125,110.09171295166016,908.3042602539062,,,,,,,,,,1658037,13808
1786083349,321069454,,,,,5,-1496.5660400390625,1031.424072265625,-791.3336181640625,0.0034302447456866503,-0.08096874505281448,-0.07925710827112198,0.9935545921325684,1,1658037,13808
1786083349,330479284,1,305.54425048828125,110.95309448242188,907.7284545898438,,,,,,,,,,1658038,13808
1786083349,330479284,,,,,5,-1496.6109619140625,1031.4012451171875,-791.2551879882812,0.0032707378268241882,-0.08144395053386688,-0.08127105981111526,0.9933534860610962,1,1658038,13808
1786083349,337960248,1,305.3822021484375,110.9419174194336,907.3090209960938,,,,,,,,,,1658039,13808
1786083349,337960248,,,,,5,-1496.6385498046875,1031.4085693359375,-791.2433471679688,0.003536492818966508,-0.08088817447423935,-0.08081236481666565,0.9934355020523071,1,1658039,13808
1786083349,346004561,1,304.6495361328125,110.06330871582031,907.2509765625,,,,,,,,,,1658040,13808
1786083349,346004561,,,,,5,-1496.692626953125,1031.4544677734375,-791.2955932617188,0.003399719251319766,-0.08109045028686523,-0.07996265590190887,0.9934881329536438,1,1658040,13808
1786083349,355579758,1,304.37139892578125,110.01757049560547,906.6046752929688,,,,,,,,,,1658041,13808
1786083349,355579758,,,,,5,-1496.6439208984375,1031.4176025390625,-791.2454223632812,0.00363132799975574,-0.08151349425315857,-0.0810006856918335,0.9933686852455139,1,1658041,13808
1786083349,362966602,1,304.2159118652344,109.9671630859375,906.2684326171875,,,,,,,,,,1658042,13808
1786083349,362966602,,,,,5,-1496.6802978515625,1031.4312744140625,-791.260498046875,0.0036574476398527622,-0.08123224228620529,-0.08006925135850906,0.9934671521186829,1,1658042,13808
1786083349,370938420,1,304.6645812988281,110.84660339355469,905.6500854492188,,,,,,,,,,1658043,13808
1786083349,370938420,,,,,5,-1496.6627197265625,1031.4212646484375,-791.2291259765625,0.0036486457102000713,-0.08135548233985901,-0.08070095628499985,0.9934057593345642,1,1658043,13808
1786083349,380298439,1,303.8642578125,109.74846649169922,905.4046630859375,,,,,,,,,,1658044,13808
1786083349,380298439,,,,,5,-1496.5755615234375,1031.4671630859375,-791.3553466796875,0.003180460073053837,-0.08029903471469879,-0.07923001050949097,0.9936119318008423,1,1658044,13808
1786083349,387927238,1,302.839599609375,108.6695785522461,905.45458984375,,,,,,,,,,1658045,13808
1786083349,387927238,,,,,5,-1496.6527099609375,1031.474853515625,-791.2337036132812,0.002881738357245922,-0.0817192941904068,-0.08046972751617432,0.9933972954750061,1,1658045,13808
1786083349,395898865,1,302.6698303222656,108.76045227050781,905.125732421875,,,,,,,,,,1658046,13808
1786083349,395898865,,,,,5,-1496.5557861328125,1031.4449462890625,-791.2413940429688,0.0028815725818276405,-0.08058364689350128,-0.07972974330186844,0.9935497045516968,1,1658046,13808
1786083349,404385660,1,302.893798828125,109.38090515136719,904.3946533203125,,,,,,,,,,1658047,13808
1786083349,404385660,,,,,5,-1496.57421875,1031.4783935546875,-791.2272338867188,0.0025371455121785402,-0.08070134371519089,-0.07846248149871826,0.9936419725418091,1,1658047,13808
1786083349,412863305,1,302.81451416015625,109.6399154663086,903.9049072265625,,,,,,,,,,1658048,13809
1786083349,412863305,,,,,5,-1496.6102294921875,1031.429443359375,-791.24267578125,0.003112196223810315,-0.08051954954862595,-0.08094508945941925,0.9934560060501099,1,1658048,13809
1786083349,422150510,1,302.6144714355469,109.6601333618164,903.496826171875,,,,,,,,,,1658049,13809
1786083349,422150510,,,,,5,-1496.60009765625,1031.4510498046875,-791.2705078125,0.0031995235476642847,-0.08030032366514206,-0.0793895497918129,0.9935989379882812,1,1658049,13809
1786083349,430241883,1,301.9910583496094,109.1343994140625,903.5804443359375,,,,,,,,,,1658050,13809
1786083349,430241883,,,,,5,-1496.662353515625,1031.4217529296875,-791.2325439453125,0.0031735640950500965,-0.08060267567634583,-0.08060555905103683,0.9934767484664917,1,1658050,13809
1786083349,437711745,1,302.2013244628906,109.31642150878906,902.4608764648438,,,,,,,,,,1658051,13809
1786083349,437711745,,,,,5,-1496.5615234375,1031.44189453125,-791.215087890625,0.0030172511469572783,-0.08092372864484787,-0.07929893583059311,0.9935562014579773,1,1658051,13809
1786083349,447202932,1,302.94378662109375,109.97494506835938,901.8641967773438,,,,,,,,,,1658052,13809
1786083349,447202932,,,,,5,-1496.6373291015625,1031.5015869140625,-791.23828125,0.002841158537194133,-0.08079314231872559,-0.07939175516366959,0.9935598969459534,1,1658052,13809
1786083349,454749543,1,302.9985046386719,110.08116149902344,901.4992065429688,,,,,,,,,,1658053,13809
1786083349,454749543,,,,,5,-1496.6103515625,1031.3997802734375,-791.1974487304688,0.00282607926055789,-0.08092422783374786,-0.07973118126392365,0.993522047996521,1,1658053,13809
1786083349,462754666,1,302.89849853515625,110.27948760986328,900.9766845703125,,,,,,,,,,1658054,13809
1786083349,462754666,,,,,5,-1496.6217041015625,1031.4378662109375,-791.24365234375,0.0029965618159621954,-0.08094696700572968,-0.07905501127243042,0.9935737252235413,1,1658054,13809
1786083349,472067400,1,302.716552734375,110.2067642211914,900.4454956054688,,,,,,,,,,1658055,13809
1786083349,472067400,,,,,5,-1496.6241455078125,1031.468017578125,-791.2643432617188,0.0034510265104472637,-0.08073433488607407,-0.07961161434650421,0.9935451745986938,1,1658055,13809
1786083349,479651858,1,302.9984436035156,110.5799789428711,899.8785400390625,,,,,,,,,,1658056,13809
1786083349,479651858,,,,,5,-1496.6826171875,1031.4888916015625,-791.2438354492188,0.003131013596430421,-0.08093704283237457,-0.08020228147506714,0.993482232093811,1,1658056,13809
1786083349,487544752,1,302.4316711425781,110.4652328491211,899.4908447265625,,,,,,,,,,1658057,13809
1786083349,487544752,,,,,5,-1496.6575927734375,1031.496826171875,-791.1929931640625,0.0029020269867032766,-0.08129008114337921,-0.08096393942832947,0.993392288684845,1,1658057,13809
1786083349,497237265,1,301.5671081542969,109.463623046875,899.3473510742188,,,,,,,,,,1658058,13809
1786083349,497237265,,,,,5,-1496.6092529296875,1031.454345703125,-791.1905517578125,0.0030572828836739063,-0.08114277571439743,-0.0802512988448143,0.9934616684913635,1,1658058,13809
1786083349,503545655,1,301.33099365234375,109.77549743652344,898.1990966796875,,,,,,,,,,1658059,13809
1786083349,503545655,,,,,5,-1496.6572265625,1031.4808349609375,-791.1990966796875,0.0029701802413910627,-0.08103473484516144,-0.08007296174764633,0.993485152721405,1,1658059,13809
1786083349,513873242,1,301.291748046875,109.34717559814453,898.4298095703125,,,,,,,,,,1658060,13809
1786083349,513873242,,,,,5,-1496.6077880859375,1031.4290771484375,-791.2603759765625,0.0029654952231794596,-0.08115962892770767,-0.07939951121807098,0.9935290813446045,1,1658060,13809
1786083349,520492532,1,301.1048583984375,109.3288803100586,898.12841796875,,,,,,,,,,1658061,13809
1786083349,520492532,,,,,5,-1496.6619873046875,1031.4842529296875,-791.24658203125,0.0030600540339946747,-0.08106916397809982,-0.07975137233734131,0.993507981300354,1,1658061,13809
1786083349,529526071,1,301.9211730957031,110.3649673461914,897.240478515625,,,,,,,,,,1658062,13809
1786083349,529526071,,,,,5,-1496.651123046875,1031.46875,-791.255859375,0.003204736392945051,-0.08081945031881332,-0.07988215237855911,0.993517279624939,1,1658062,13809
1786083349,537719275,1,301.705322265625,110.35160827636719,896.7635498046875,,,,,,,,,,1658063,13809
1786083349,537719275,,,,,5,-1496.664794921875,1031.4852294921875,-791.2171630859375,0.002877259161323309,-0.08130525052547455,-0.07985242456197739,0.9934810996055603,1,1658063,13809
1786083349,546592214,1,301.6722412109375,110.1702651977539,896.3606567382812,,,,,,,,,,1658064,13809
1786083349,546592214,,,,,5,-1496.633056640625,1031.460205078125,-791.2190551757812,0.003150827484205365,-0.0811406597495079,-0.08101590722799301,0.9933995008468628,1,1658064,13809
1786083349,554362035,1,301.5523681640625,109.99385833740234,895.8446044921875,,,,,,,,,,1658065,13809
1786083349,554362035,,,,,5,-1496.6419677734375,1031.482177734375,-791.18310546875,0.0028478438034653664,-0.08114904910326004,-0.0791492611169815,0.9935502409934998,1,1658065,13809
1786083349,563770970,1,301.5656433105469,109.06643676757812,894.7942504882812,,,,,,,,,,1658066,13809
1786083349,563770970,,,,,5,-1496.63232421875,1031.4158935546875,-791.1619262695312,0.0032943561673164368,-0.08095679432153702,-0.08112595975399017,0.9934051036834717,1,1658066,13809
1786083349,571590218,1,301.3004455566406,109.24078369140625,894.43798828125,,,,,,,,,,1658067,13809
1786083349,571590218,,,,,5,-1496.649658203125,1031.5206298828125,-791.2673950195312,0.002850176068022847,-0.08091852813959122,-0.0793997272849083,0.9935490489006042,1,1658067,13809
1786083349,579321264,1,301.82220458984375,110.46390533447266,894.772216796875,,,,,,,,,,1658068,13809
1786083349,579321264,,,,,5,-1496.6138916015625,1031.48828125,-791.2144775390625,0.0027574992273002863,-0.08107435703277588,-0.0793064534664154,0.9935439825057983,1,1658068,13809
1786083349,588465400,1,301.3475646972656,110.17052459716797,894.0811767578125,,,,,,,,,,1658069,13809
1786083349,588465400,,,,,5,-1496.625244140625,1031.471435546875,-791.212158203125,0.0028310997877269983,-0.08116205036640167,-0.07954802364110947,0.9935173392295837,1,1658069,13809
1786083349,596276650,1,300.7667541503906,109.564453125,893.7402954101562,,,,,,,,,,1658070,13809
1786083349,596276650,,,,,5,-1496.6021728515625,1031.4617919921875,-791.2191772460938,0.00338683626614511,-0.08099307864904404,-0.08002287149429321,0.9934913516044617,1,1658070,13809
1786083349,604138000,1,301.3840026855469,109.91290283203125,893.1297607421875,,,,,,,,,,1658071,13809
1786083349,604138000,,,,,5,-1496.6341552734375,1031.414794921875,-791.2024536132812,0.0029907329007983208,-0.08124104142189026,-0.08041764050722122,0.9934404492378235,1,1658071,13809
1786083349,613942101,1,301.503662109375,109.64965057373047,893.1861572265625,,,,,,,,,,1658072,13809
1786083349,613942101,,,,,5,-1496.6334228515625,1031.4251708984375,-791.1915893554688,0.0029410331044346094,-0.0811939463019371,-0.08016286045312881,0.9934649467468262,1,1658072,13809
1786083349,620114013,1,300.55169677734375,108.68583679199219,893.0294189453125,,,,,,,,,,1658073,13809
1786083349,620114013,,,,,5,-1496.5989990234375,1031.4317626953125,-791.2228393554688,0.002877275226637721,-0.0811421200633049,-0.07893380522727966,0.9935678243637085,1,1658073,13809
1786083349,630464123,1,301.09661865234375,109.82530212402344,892.4228515625,,,,,,,,,,1658074,13809
1786083349,630464123,,,,,5,-1496.62451171875,1031.4573974609375,-791.1762084960938,0.002544586779549718,-0.08116888254880905,-0.08017464727163315,0.9934671521186829,1,1658074,13809
1786083349,638190850,1,300.9980163574219,109.82646942138672,891.73046875,,,,,,,,,,1658075,13809
1786083349,638190850,,,,,5,-1496.6688232421875,1031.454833984375,-791.190673828125,0.0028259700629860163,-0.08082620054483414,-0.08016384392976761,0.9934952855110168,1,1658075,13809
1786083349,646134963,1,300.936767578125,109.86128997802734,891.287841796875,,,,,,,,,,1658076,13809
1786083349,646134963,,,,,5,-1496.6644287109375,1031.4481201171875,-791.2213134765625,0.003279508091509342,-0.08070965856313705,-0.08015987277030945,0.9935036301612854,1,1658076,13809
1786083349,655673434,1,301.0344543457031,109.75405883789062,890.8223876953125,,,,,,,,,,1658077,13809
1786083349,655673434,,,,,5,-1496.6033935546875,1031.41455078125,-791.2036743164062,0.0030958084389567375,-0.08091181516647339,-0.07911654561758041,0.9935715198516846,1,1658077,13809
1786083349,662157653,1,300.9988098144531,109.72476959228516,890.482177734375,,,,,,,,,,1658078,13809
1786083349,662157653,,,,,5,-1496.6529541015625,1031.4561767578125,-791.2203369140625,0.0031595760956406593,-0.08116962015628815,-0.08174397051334381,0.9933375120162964,1,1658078,13809
1786083349,670957970,1,301.2768249511719,109.86225891113281,890.1196899414062,,,,,,,,,,1658079,13809
1786083349,670957970,,,,,5,-1496.6163330078125,1031.4652099609375,-791.2466430664062,0.00321582262404263,-0.0811878964304924,-0.08000702410936356,0.9934771656990051,1,1658079,13809
1786083349,680693480,1,301.69818115234375,110.29622650146484,889.6873168945312,,,,,,,,,,1658080,13809
1786083349,680693480,,,,,5,-1496.6451416015625,1031.4822998046875,-791.2113647460938,0.002709917025640607,-0.08128327876329422,-0.07987093180418015,0.9934818148612976,1,1658080,13809
1786083349,688090976,1,301.23681640625,109.47810363769531,889.2219848632812,,,,,,,,,,1658081,13809
1786083349,688090976,,,,,5,-1496.659423828125,1031.43798828125,-791.2318725585938,0.003109857439994812,-0.08117948472499847,-0.08123869448900223,0.9933783411979675,1,1658081,13809
1786083349,695876217,1,300.60491943359375,109.32377624511719,888.9943237304688,,,,,,,,,,1658082,13809
1786083349,695876217,,,,,5,-1496.6124267578125,1031.4600830078125,-791.2346801757812,0.003306176047772169,-0.08121548593044281,-0.08053505420684814,0.9934320449829102,1,1658082,13809
1786083349,705416447,1,301.2492370605469,110.3512954711914,888.5508422851562,,,,,,,,,,1658083,13809
1786083349,705416447,,,,,5,-1496.655029296875,1031.4912109375,-791.2195434570312,0.0029571957420557737,-0.08072766661643982,-0.07998104393482208,0.9935175776481628,1,1658083,13809
1786083349,712879592,1,301.3707580566406,110.48273468017578,888.1110229492188,,,,,,,,,,1658084,13809
1786083349,712879592,,,,,5,-1496.6575927734375,1031.4749755859375,-791.2421264648438,0.003264673287048936,-0.08102983981370926,-0.08064788579940796,0.9934382438659668,1,1658084,13809
1786083349,720814491,1,301.4039306640625,110.28996276855469,887.5878295898438,,,,,,,,,,1658085,13809
1786083349,720814491,,,,,5,-1496.637939453125,1031.479248046875,-791.1964111328125,0.0029344058129936457,-0.08099022507667542,-0.0796852558851242,0.9935200214385986,1,1658085,13809
1786083349,730282579,1,301.2401428222656,109.7361068725586,887.2984008789062,,,,,,,,,,1658086,13809
1786083349,730282579,,,,,5,-1496.61865234375,1031.421142578125,-791.260986328125,0.0032633724622428417,-0.0807620957493782,-0.08062108606100082,0.993462085723877,1,1658086,13809
1786083349,737814283,1,301.2388916015625,109.56177520751953,887.0841064453125,,,,,,,,,,1658087,13809
1786083349,737814283,,,,,5,-1496.63671875,1031.42138671875,-791.2468872070312,0.0031829201616346836,-0.08109486103057861,-0.08115751296281815,0.9933916330337524,1,1658087,13809
1786083349,746096456,1,301.0865783691406,109.65369415283203,886.4664916992188,,,,,,,,,,1658088,13809
1786083349,746096456,,,,,5,-1496.6248779296875,1031.457275390625,-791.2471923828125,0.00309614185243845,-0.08113916218280792,-0.07951521128416061,0.9935210347175598,1,1658088,13809
1786083349,754768869,1,301.26776123046875,109.9184799194336,886.0338134765625,,,,,,,,,,1658089,13809
1786083349,754768869,,,,,5,-1496.6043701171875,1031.4483642578125,-791.2311401367188,0.0030943381134420633,-0.08120591938495636,-0.08031653612852097,0.9934511184692383,1,1658089,13809
1786083349,762723028,1,301.3744812011719,109.66246795654297,885.5182495117188,,,,,,,,,,1658090,13809
1786083349,762723028,,,,,5,-1496.63671875,1031.4461669921875,-791.2070922851562,0.003033171873539686,-0.08101366460323334,-0.08067771047353745,0.9934378862380981,1,1658090,13809
1786083349,771675340,1,301.0787048339844,109.16967010498047,885.5012817382812,,,,,,,,,,1658091,13809
1786083349,771675340,,,,,5,-1496.6331787109375,1031.4830322265625,-791.1885375976562,0.002762800781056285,-0.0811985656619072,-0.07945531606674194,0.9935219883918762,1,1658091,13809
1786083349,779950987,1,301.7665100097656,109.72602081298828,885.0484008789062,,,,,,,,,,1658092,13809
1786083349,779950987,,,,,5,-1496.62109375,1031.4544677734375,-791.2345581054688,0.0030012428760528564,-0.08109843730926514,-0.07943332940340042,0.9935312271118164,1,1658092,13809
1786083349,787579307,1,301.18048095703125,109.8979263305664,884.5189819335938,,,,,,,,,,1658093,13809
1786083349,787579307,,,,,5,-1496.6854248046875,1031.506591796875,-791.2550048828125,0.0031234310008585453,-0.08083338290452957,-0.07999125868082047,0.9935077428817749,1,1658093,13809
1786083349,796933535,1,301.0293273925781,108.98391723632812,883.565673828125,,,,,,,,,,1658094,13809
1786083349,796933535,,,,,5,-1496.656494140625,1031.4774169921875,-791.1830444335938,0.002895904239267111,-0.08124645054340363,-0.08042965084314346,0.9934393167495728,1,1658094,13809
1786083349,804538660,1,300.9822082519531,108.86903381347656,883.0921630859375,,,,,,,,,,1658095,13809
1786083349,804538660,,,,,5,-1496.659423828125,1031.39892578125,-791.1871948242188,0.0029358421452343464,-0.08125166594982147,-0.08015584945678711,0.9934608936309814,1,1658095,13809
1786083349,812487188,1,301.1314392089844,109.87294006347656,883.2023315429688,,,,,,,,,,1658096,13809
1786083349,812487188,,,,,5,-1496.669921875,1031.4598388671875,-791.1710815429688,0.0027157205622643232,-0.0812593623995781,-0.08075858652591705,0.9934120774269104,1,1658096,13809
1786083349,822065137,1,301.23931884765625,109.31535339355469,883.0457153320312,,,,,,,,,,1658097,13809
1786083349,822065137,,,,,5,-1496.614501953125,1031.4500732421875,-791.2054443359375,0.0034125454258173704,-0.08118975162506104,-0.0806875005364418,0.9934213161468506,1,1658097,13809
1786083349,829602983,1,301.105712890625,108.39579010009766,882.08203125,,,,,,,,,,1658098,13809
