timestamp_sec,timestamp_nanosec,marker_id,x,y,z,rigid_id,rx,ry,rz,qx,qy,qz,qw,is_track,source_frame_id,source_timestamp
1786088913,498114731,1,105.28804779052734,106.1937484741211,-389.78204345703125,,,,,,,,,,2325741,19372
1786088913,498114731,,,,,5,-1497.201416015625,1030.530029296875,-792.3038940429688,-0.00033961207373067737,-0.07660748809576035,-0.0761808529496193,0.9941467046737671,1,2325741,19372
1786088913,507148088,1,105.16602325439453,105.74848175048828,-389.5875549316406,,,,,,,,,,2325742,19372
1786088913,507148088,,,,,5,-1497.2093505859375,1030.450927734375,-792.263916015625,-0.00019195626373402774,-0.07666630297899246,-0.07662953436374664,0.994107723236084,1,2325742,19372
1786088913,515055888,1,105.01971435546875,105.43627166748047,-389.4134216308594,,,,,,,,,,2325743,19372
1786088913,515055888,,,,,5,-1497.2020263671875,1030.4783935546875,-792.2854614257812,-0.0003552247944753617,-0.07672195881605148,-0.07635131478309631,0.994124710559845,1,2325743,19372
1786088913,523415120,1,105.75872039794922,106.1388168334961,-389.5946350097656,,,,,,,,,,2325744,19372
1786088913,523415120,,,,,5,-1497.2098388671875,1030.4573974609375,-792.2799682617188,-2.6118172172573395e-05,-0.07658776640892029,-0.07655884325504303,0.9941191077232361,1,2325744,19372
1786088913,532180760,1,105.78945922851562,106.18834686279297,-389.5075378417969,,,,,,,,,,2325745,19372
1786088913,532180760,,,,,5,-1497.1881103515625,1030.4661865234375,-792.2566528320312,-0.00034540111664682627,-0.07671613991260529,-0.07614285498857498,0.9941412210464478,1,2325745,19372
1786088913,540218386,1,105.20804595947266,105.55904388427734,-389.5511474609375,,,,,,,,,,2325746,19372
1786088913,540218386,,,,,5,-1497.1922607421875,1030.4833984375,-792.2589111328125,-0.0005203410983085632,-0.0767068937420845,-0.07611985504627228,0.9941436052322388,1,2325746,19372
1786088913,547997352,1,105.21770477294922,105.467529296875,-389.5365905761719,,,,,,,,,,2325747,19372
1786088913,547997352,,,,,5,-1497.1943359375,1030.4613037109375,-792.2879028320312,-0.0003390226629562676,-0.07670238614082336,-0.07649949938058853,0.994114875793457,1,2325747,19372
1786088913,557134327,1,105.27400207519531,105.59586334228516,-389.5786437988281,,,,,,,,,,2325748,19372
1786088913,557134327,,,,,5,-1497.199462890625,1030.431884765625,-792.28369140625,1.2998147212783806e-05,-0.07661335915327072,-0.07660722732543945,0.994113564491272,1,2325748,19372
1786088913,565008910,1,105.84349060058594,106.2144775390625,-389.48870849609375,,,,,,,,,,2325749,19372
1786088913,565008910,,,,,5,-1497.208984375,1030.469970703125,-792.2880249023438,-0.00044350879034027457,-0.07668551802635193,-0.07582788169384003,0.994167685508728,1,2325749,19372
1786088913,574200254,1,104.8891830444336,105.24866485595703,-389.443603515625,,,,,,,,,,2325750,19372
1786088913,574200254,,,,,5,-1497.2119140625,1030.481201171875,-792.277099609375,-0.00028914405265823007,-0.07664001733064651,-0.07670599967241287,0.9941038489341736,1,2325750,19372
1786088913,582040020,1,105.22915649414062,105.57113647460938,-389.5169982910156,,,,,,,,,,2325751,19372
1786088913,582040020,,,,,5,-1497.2039794921875,1030.46826171875,-792.2889404296875,-0.00041862178477458656,-0.07669653743505478,-0.07584244012832642,0.9941656589508057,1,2325751,19372
1786088913,590104751,1,105.80744171142578,106.2358627319336,-389.5415344238281,,,,,,,,,,2325752,19372
1786088913,590104751,,,,,5,-1497.2099609375,1030.4725341796875,-792.3052978515625,-0.0004952528397552669,-0.07669594138860703,-0.07613584399223328,0.9941432476043701,1,2325752,19372
1786088913,597813251,1,105.79582977294922,106.20462799072266,-389.58135986328125,,,,,,,,,,2325753,19372
1786088913,597813251,,,,,5,-1497.195556640625,1030.4476318359375,-792.2808837890625,-0.0004976564086973667,-0.07670748233795166,-0.07591992616653442,0.9941588640213013,1,2325753,19372
1786088913,607349402,1,105.86238861083984,106.04090118408203,-389.5870056152344,,,,,,,,,,2325754,19372
1786088913,607349402,,,,,5,-1497.1944580078125,1030.4830322265625,-792.270263671875,-0.00034052360570058227,-0.07664913684129715,-0.07637960463762283,0.9941282272338867,1,2325754,19372
1786088913,614909995,1,105.26213073730469,105.59032440185547,-389.6279602050781,,,,,,,,,,2325755,19372
1786088913,614909995,,,,,5,-1497.201416015625,1030.4837646484375,-792.2809448242188,-0.000326659093843773,-0.0767349898815155,-0.07625621557235718,0.9941310882568359,1,2325755,19372
1786088913,623968313,1,105.21237182617188,105.65528869628906,-389.5690612792969,,,,,,,,,,2325756,19372
1786088913,623968313,,,,,5,-1497.198486328125,1030.4378662109375,-792.2353515625,0.0001627220626687631,-0.0766511932015419,-0.0770130455493927,0.9940792322158813,1,2325756,19372
1786088913,631810735,1,105.77923583984375,106.21971130371094,-389.5777587890625,,,,,,,,,,2325757,19372
1786088913,631810735,,,,,5,-1497.22900390625,1030.4930419921875,-792.2347412109375,-0.00033612671541050076,-0.07661273330450058,-0.07610436528921127,0.9941521286964417,1,2325757,19372
1786088913,640367283,1,105.81360626220703,106.10556030273438,-389.44580078125,,,,,,,,,,2325758,19372
1786088913,640367283,,,,,5,-1497.180908203125,1030.45703125,-792.2738647460938,-0.0003562568745110184,-0.07648666948080063,-0.07587945461273193,0.9941790699958801,1,2325758,19372
1786088913,647303128,1,105.83840942382812,106.22833251953125,-389.456298828125,,,,,,,,,,2325759,19372
1786088913,647303128,,,,,5,-1497.228515625,1030.450439453125,-792.2611083984375,-0.00036340890801511705,-0.07671250402927399,-0.07603596895933151,0.9941496849060059,1,2325759,19372
1786088913,657058515,1,105.83598327636719,106.227783203125,-389.66015625,,,,,,,,,,2325760,19372
1786088913,657058515,,,,,5,-1497.185302734375,1030.440673828125,-792.29345703125,-0.00011667409125948325,-0.07654958218336105,-0.07595743983983994,0.9941681623458862,1,2325760,19372
1786088913,664674501,1,105.21562194824219,105.57528686523438,-389.5797119140625,,,,,,,,,,2325761,19372
1786088913,664674501,,,,,5,-1497.2115478515625,1030.4619140625,-792.2695922851562,-0.0003235945769120008,-0.07670386135578156,-0.07616797089576721,0.9941402077674866,1,2325761,19372
1786088913,673799220,1,105.81414031982422,106.10611724853516,-389.5748596191406,,,,,,,,,,2325762,19372
1786088913,673799220,,,,,5,-1497.2088623046875,1030.4627685546875,-792.2990112304688,-0.00038768068770878017,-0.07667770236730576,-0.07591070234775543,0.9941619634628296,1,2325762,19372
1786088913,681690444,1,105.77825164794922,106.22103881835938,-389.6018981933594,,,,,,,,,,2325763,19372
1786088913,681690444,,,,,5,-1497.21875,1030.509033203125,-792.25732421875,-7.422874477924779e-05,-0.07658135890960693,-0.07689692080020905,0.9940935969352722,1,2325763,19372
1786088913,690810427,1,105.19868469238281,105.5603256225586,-389.5422668457031,,,,,,,,,,2325764,19372
1786088913,690810427,,,,,5,-1497.214599609375,1030.4940185546875,-792.28369140625,-0.00018986417853739113,-0.0765310525894165,-0.07663044333457947,0.9941180944442749,1,2325764,19372
1786088913,698608624,1,105.26326751708984,105.60044860839844,-389.5346374511719,,,,,,,,,,2325765,19372
1786088913,698608624,,,,,5,-1497.22021484375,1030.4866943359375,-792.2470703125,-0.00022424002236220986,-0.07677356898784637,-0.07617952674627304,0.9941340088844299,1,2325765,19372
1786088913,707324183,1,105.80126190185547,106.13154602050781,-389.60101318359375,,,,,,,,,,2325766,19372
1786088913,707324183,,,,,5,-1497.2161865234375,1030.482177734375,-792.2692260742188,-0.0004554634797386825,-0.07675004005432129,-0.07542341947555542,0.9941934943199158,1,2325766,19372
1786088913,715596790,1,105.0432357788086,105.40758514404297,-389.4398498535156,,,,,,,,,,2325767,19372
1786088913,715596790,,,,,5,-1497.2032470703125,1030.4539794921875,-792.2601318359375,-0.000505527073983103,-0.07674675434827805,-0.0759890228509903,0.9941505789756775,1,2325767,19372
1786088913,723739506,1,105.22248840332031,105.53376007080078,-389.5240173339844,,,,,,,,,,2325768,19372
1786088913,723739506,,,,,5,-1497.211669921875,1030.4508056640625,-792.2901000976562,-9.002123260870576e-05,-0.07664532959461212,-0.07638367265462875,0.9941282272338867,1,2325768,19372
1786088913,731591497,1,105.82609558105469,106.24583435058594,-389.5773620605469,,,,,,,,,,2325769,19372
1786088913,731591497,,,,,5,-1497.2135009765625,1030.4661865234375,-792.2758178710938,-0.0004583867557812482,-0.07661104947328568,-0.0761599913239479,0.9941479563713074,1,2325769,19372
1786088913,740803545,1,104.96692657470703,105.34990692138672,-389.4629821777344,,,,,,,,,,2325770,19372
1786088913,740803545,,,,,5,-1497.203857421875,1030.4593505859375,-792.2782592773438,-0.00025721878046169877,-0.07679378241300583,-0.07667567580938339,0.9940943121910095,1,2325770,19372
1786088913,748496557,1,105.23546600341797,105.46231079101562,-389.5619201660156,,,,,,,,,,2325771,19372
1786088913,748496557,,,,,5,-1497.213134765625,1030.4542236328125,-792.2810668945312,-0.0006194381858222187,-0.07675294578075409,-0.07554604113101959,0.9941837787628174,1,2325771,19372
1786088913,756691594,1,105.26597595214844,105.58047485351562,-389.6042785644531,,,,,,,,,,2325772,19372
1786088913,756691594,,,,,5,-1497.215087890625,1030.470947265625,-792.2809448242188,-0.0003242507518734783,-0.07658334821462631,-0.07588491588830948,0.9941712021827698,1,2325772,19372
1786088913,765345648,1,105.27322387695312,105.62518310546875,-389.5220947265625,,,,,,,,,,2325773,19372
1786088913,765345648,,,,,5,-1497.21337890625,1030.4832763671875,-792.2667846679688,-0.00033739645732566714,-0.07657577842473984,-0.07642491906881332,0.9941303133964539,1,2325773,19372
1786088913,773720273,1,105.1981201171875,105.74420928955078,-389.4863586425781,,,,,,,,,,2325774,19372
1786088913,773720273,,,,,5,-1497.2413330078125,1030.4931640625,-792.2869873046875,-0.00024385616416111588,-0.07665040343999863,-0.07660804688930511,0.994110643863678,1,2325774,19372
1786088913,781433221,1,105.84149932861328,106.16099548339844,-389.5375671386719,,,,,,,,,,2325775,19372
1786088913,781433221,,,,,5,-1497.2174072265625,1030.4661865234375,-792.3024291992188,3.231444861739874e-05,-0.07664484530687332,-0.0773688554763794,0.9940521121025085,1,2325775,19372
1786088913,790424977,1,105.8243408203125,106.09821319580078,-389.57720947265625,,,,,,,,,,2325776,19372
1786088913,790424977,,,,,5,-1497.2147216796875,1030.4324951171875,-792.2763061523438,-0.0004918276681564748,-0.07663913071155548,-0.0761684849858284,0.9941450953483582,1,2325776,19372
1786088913,798333065,1,105.83993530273438,106.12916564941406,-389.552734375,,,,,,,,,,2325777,19372
1786088913,798333065,,,,,5,-1497.2286376953125,1030.47216796875,-792.2523803710938,-0.0005740279448218644,-0.07667646557092667,-0.07504919171333313,0.9942272901535034,1,2325777,19372
1786088913,807347190,1,105.81752014160156,106.20110321044922,-389.617431640625,,,,,,,,,,2325778,19372
1786088913,807347190,,,,,5,-1497.19287109375,1030.44287109375,-792.2811279296875,-4.988713158127211e-07,-0.0766725242137909,-0.07669102400541306,0.9941025972366333,1,2325778,19372
1786088913,815265358,1,104.93717193603516,105.3039779663086,-389.52545166015625,,,,,,,,,,2325779,19372
1786088913,815265358,,,,,5,-1497.19873046875,1030.4808349609375,-792.2969970703125,-0.000340411439538002,-0.07663999497890472,-0.07647975534200668,0.9941213130950928,1,2325779,19372
1786088913,823703535,1,105.02803802490234,105.12773895263672,-389.43212890625,,,,,,,,,,2325780,19372
1786088913,823703535,,,,,5,-1497.2010498046875,1030.439697265625,-792.2969970703125,-0.0004647030436899513,-0.07672156393527985,-0.07583997398614883,0.9941638112068176,1,2325780,19372
1786088913,831283969,1,105.28424835205078,105.65257263183594,-389.6289978027344,,,,,,,,,,2325781,19372
1786088913,831283969,,,,,5,-1497.2109375,1030.45166015625,-792.2967529296875,-0.0006578382453881204,-0.07672404497861862,-0.07560013234615326,0.9941818714141846,1,2325781,19372
1786088913,840293742,1,105.85197448730469,106.2002182006836,-389.5580749511719,,,,,,,,,,2325782,19372
1786088913,840293742,,,,,5,-1497.2210693359375,1030.4761962890625,-792.2462768554688,-0.0004193427157588303,-0.07668053358793259,-0.07583750784397125,0.9941672086715698,1,2325782,19372
1786088913,848158884,1,104.92630004882812,105.26701354980469,-389.42071533203125,,,,,,,,,,2325783,19372
1786088913,848158884,,,,,5,-1497.2022705078125,1030.4896240234375,-792.2716064453125,-0.0003112920094281435,-0.07662981003522873,-0.07674362510442734,0.9941017031669617,1,2325783,19372
1786088913,857188434,1,105.23946380615234,105.54670715332031,-389.6268005371094,,,,,,,,,,2325784,19372
1786088913,857188434,,,,,5,-1497.1990966796875,1030.458984375,-792.2888793945312,-0.0005747359246015549,-0.07670147716999054,-0.0756872370839119,0.9941770434379578,1,2325784,19372
1786088913,865100201,1,105.2068862915039,105.56364440917969,-389.7376403808594,,,,,,,,,,2325785,19372
1786088913,865100201,,,,,5,-1497.2171630859375,1030.4744873046875,-792.2660522460938,-0.0002647940127644688,-0.0766259953379631,-0.07639920711517334,0.9941284656524658,1,2325785,19372
1786088913,873578732,1,105.8530502319336,106.2062759399414,-389.62445068359375,,,,,,,,,,2325786,19372
1786088913,873578732,,,,,5,-1497.2091064453125,1030.466796875,-792.2400512695312,-0.00056942377705127,-0.07689019292593002,-0.07547087222337723,0.994178831577301,1,2325786,19372
1786088913,881549413,1,105.22132110595703,105.56076049804688,-389.4693298339844,,,,,,,,,,2325787,19372
1786088913,881549413,,,,,5,-1497.203125,1030.4588623046875,-792.2916259765625,-0.0003041009185835719,-0.07667533308267593,-0.076686330139637,0.9941025972366333,1,2325787,19372
1786088913,891096540,1,105.219482421875,105.61373901367188,-389.5615539550781,,,,,,,,,,2325788,19372
1786088913,891096540,,,,,5,-1497.1971435546875,1030.4583740234375,-792.2723999023438,-0.0006034887628629804,-0.07663511484861374,-0.07551829516887665,0.9941949248313904,1,2325788,19372
1786088913,898115907,1,105.22895050048828,105.5333251953125,-389.59173583984375,,,,,,,,,,2325789,19372
1786088913,898115907,,,,,5,-1497.1988525390625,1030.4609375,-792.26708984375,-0.0005550808273255825,-0.07673107832670212,-0.0758528932929039,0.9941620826721191,1,2325789,19372
1786088913,906596581,1,105.2191390991211,105.47069549560547,-389.5539245605469,,,,,,,,,,2325790,19372
1786088913,906596581,,,,,5,-1497.212646484375,1030.4461669921875,-792.2449340820312,-0.000452008651336655,-0.07681390643119812,-0.0758230984210968,0.9941579699516296,1,2325790,19372
1786088913,915427919,1,105.84785461425781,106.21587371826172,-389.6119689941406,,,,,,,,,,2325791,19372
1786088913,915427919,,,,,5,-1497.180908203125,1030.4578857421875,-792.28125,-0.000550792901776731,-0.07661371678113937,-0.07557781040668488,0.9941921234130859,1,2325791,19372
1786088913,923346118,1,105.8212890625,106.20111083984375,-389.4944763183594,,,,,,,,,,2325792,19372
1786088913,923346118,,,,,5,-1497.2274169921875,1030.4658203125,-792.2289428710938,-0.0004705048631876707,-0.07669010758399963,-0.07566016167402267,0.9941800236701965,1,2325792,19372
1786088913,932354547,1,105.21002960205078,105.58149719238281,-389.5447082519531,,,,,,,,,,2325793,19372
1786088913,932354547,,,,,5,-1497.1898193359375,1030.4605712890625,-792.290771484375,-0.0003891517990268767,-0.07676953822374344,-0.07604953646659851,0.9941442608833313,1,2325793,19372
1786088913,940426894,1,105.82177734375,106.1894760131836,-389.6875305175781,,,,,,,,,,2325794,19372
1786088913,940426894,,,,,5,-1497.2198486328125,1030.477294921875,-792.2097778320312,0.0002067518071271479,-0.07666121423244476,-0.07675051689147949,0.9940987825393677,1,2325794,19372
1786088913,948259748,1,105.81404876708984,106.22286224365234,-389.6864318847656,,,,,,,,,,2325795,19372
1786088913,948259748,,,,,5,-1497.2071533203125,1030.4833984375,-792.2678833007812,-0.0002892416960094124,-0.07671721279621124,-0.0764080211520195,0.9941207766532898,1,2325795,19372
1786088913,957388595,1,105.26531982421875,105.57255554199219,-389.59228515625,,,,,,,,,,2325796,19372
1786088913,957388595,,,,,5,-1497.2021484375,1030.4373779296875,-792.2868041992188,-0.00042562198359519243,-0.0767810121178627,-0.07625971734523773,0.9941272735595703,1,2325796,19372
1786088913,965223050,1,105.26470947265625,105.69358825683594,-389.57867431640625,,,,,,,,,,2325797,19372
1786088913,965223050,,,,,5,-1497.1878662109375,1030.4793701171875,-792.2703247070312,-0.00021765819110441953,-0.07675892859697342,-0.07693178951740265,0.9940772652626038,1,2325797,19372
1786088913,973401350,1,105.2413101196289,105.72701263427734,-389.4837646484375,,,,,,,,,,2325798,19372
1786088913,973401350,,,,,5,-1497.2113037109375,1030.508544921875,-792.23095703125,-0.0002198305883212015,-0.07670897245407104,-0.07663889229297638,0.9941036105155945,1,2325798,19372
1786088913,982256240,1,105.26945495605469,105.5158920288086,-389.5027160644531,,,,,,,,,,2325799,19372
1786088913,982256240,,,,,5,-1497.1956787109375,1030.4400634765625,-792.2471313476562,-0.0006159740732982755,-0.07654667645692825,-0.0753440111875534,0.9942150115966797,1,2325799,19372
1786088913,990442637,1,104.95684814453125,105.37671661376953,-389.441650390625,,,,,,,,,,2325800,19373
1786088913,990442637,,,,,5,-1497.208984375,1030.4696044921875,-792.2389526367188,-0.0006669003050774336,-0.0766666904091835,-0.0755104050040245,0.9941930770874023,1,2325800,19373
1786088913,998281540,1,105.24147033691406,105.59746551513672,-389.5663757324219,,,,,,,,,,2325801,19373
1786088913,998281540,,,,,5,-1497.1820068359375,1030.4429931640625,-792.2774047851562,-0.0005365179968066514,-0.07650154083967209,-0.07595328986644745,0.9941721558570862,1,2325801,19373
1786088914,7398066,1,105.23418426513672,105.64556121826172,-389.62237548828125,,,,,,,,,,2325802,19373
1786088914,7398066,,,,,5,-1497.215576171875,1030.4588623046875,-792.27197265625,-0.00037322455318644643,-0.07675372809171677,-0.07602107524871826,0.9941476583480835,1,2325802,19373
1786088914,15126631,1,105.73176574707031,106.06478881835938,-389.52203369140625,,,,,,,,,,2325803,19373
1786088914,15126631,,,,,5,-1497.1951904296875,1030.4490966796875,-792.2740478515625,-0.0006996396114118397,-0.07659972459077835,-0.07520952075719833,0.9942210912704468,1,2325803,19373
1786088914,23399365,1,105.8478012084961,106.21379089355469,-389.5809631347656,,,,,,,,,,2325804,19373
1786088914,23399365,,,,,5,-1497.2073974609375,1030.4776611328125,-792.2809448242188,-0.0004000833141617477,-0.0767085999250412,-0.07606332749128342,0.9941479563713074,1,2325804,19373
1786088914,32075532,1,105.81088256835938,106.1175308227539,-389.4993896484375,,,,,,,,,,2325805,19373
1786088914,32075532,,,,,5,-1497.18603515625,1030.4564208984375,-792.2892456054688,-0.00020717954612337053,-0.07671676576137543,-0.07672778517007828,0.9940962195396423,1,2325805,19373
1786088914,40468109,1,105.20596313476562,105.54988861083984,-389.6103515625,,,,,,,,,,2325806,19373
1786088914,40468109,,,,,5,-1497.1912841796875,1030.4639892578125,-792.2623901367188,-0.0003848971682600677,-0.07672709226608276,-0.07646636664867401,0.9941154718399048,1,2325806,19373
1786088914,48129664,1,104.92518615722656,105.31742858886719,-389.5963134765625,,,,,,,,,,2325807,19373
1786088914,48129664,,,,,5,-1497.22314453125,1030.5179443359375,-792.2174682617188,-0.00015553180128335953,-0.07675889879465103,-0.07663412392139435,0.9941003322601318,1,2325807,19373
1786088914,57244846,1,105.8292007446289,106.18852233886719,-389.6542663574219,,,,,,,,,,2325808,19373
1786088914,57244846,,,,,5,-1497.218505859375,1030.451904296875,-792.2864379882812,-0.00023151161440182477,-0.07659567892551422,-0.07688143849372864,0.994093656539917,1,2325808,19373
1786088914,64948642,1,105.21766662597656,105.5956039428711,-389.60198974609375,,,,,,,,,,2325809,19373
1786088914,64948642,,,,,5,-1497.1859130859375,1030.4671630859375,-792.2476806640625,-0.00040288257878273726,-0.07666926085948944,-0.07649625837802887,0.9941176772117615,1,2325809,19373
1786088914,74075761,1,105.26465606689453,105.56237030029297,-389.5357666015625,,,,,,,,,,2325810,19373
1786088914,74075761,,,,,5,-1497.214599609375,1030.4552001953125,-792.2861328125,-0.0005123306764289737,-0.07669003307819366,-0.07592259347438812,0.994159996509552,1,2325810,19373
1786088914,82198701,1,105.79521942138672,106.19025421142578,-389.689697265625,,,,,,,,,,2325811,19373
1786088914,82198701,,,,,5,-1497.21533203125,1030.4913330078125,-792.2399291992188,-0.00030786552815698087,-0.07664651423692703,-0.07655180245637894,0.9941151738166809,1,2325811,19373
1786088914,90142277,1,105.27056121826172,105.638916015625,-389.5048522949219,,,,,,,,,,2325812,19373
1786088914,90142277,,,,,5,-1497.1988525390625,1030.4588623046875,-792.2816162109375,-0.0004296279512345791,-0.07679183781147003,-0.07600434869527817,0.9941459894180298,1,2325812,19373
1786088914,98840044,1,105.29755401611328,105.59176635742188,-389.5144958496094,,,,,,,,,,2325813,19373
1786088914,98840044,,,,,5,-1497.1781005859375,1030.45166015625,-792.2596435546875,-0.00040006512426771224,-0.07665789872407913,-0.07585544139146805,0.9941676259040833,1,2325813,19373
1786088914,106835206,1,105.79510498046875,106.28811645507812,-389.5336608886719,,,,,,,,,,2325814,19373
1786088914,106835206,,,,,5,-1497.2572021484375,1030.4957275390625,-792.1876220703125,-0.00038001450593583286,-0.07667190581560135,-0.07621366530656815,0.9941390752792358,1,2325814,19373
1786088914,115140677,1,105.1399917602539,105.43074035644531,-389.54730224609375,,,,,,,,,,2325815,19373
1786088914,115140677,,,,,5,-1497.2039794921875,1030.4686279296875,-792.2522583007812,-0.0004137415671721101,-0.07675843685865402,-0.07613285630941391,0.9941387176513672,1,2325815,19373
1786088914,124027631,1,105.27425384521484,105.6412124633789,-389.6151428222656,,,,,,,,,,2325816,19373
1786088914,124027631,,,,,5,-1497.1668701171875,1030.4534912109375,-792.2261962890625,-0.00010025674419011921,-0.07675734162330627,-0.07669658958911896,0.9940955638885498,1,2325816,19373
1786088914,132079434,1,104.8749008178711,105.29438781738281,-389.5662536621094,,,,,,,,,,2325817,19373
1786088914,132079434,,,,,5,-1497.16552734375,1030.467529296875,-792.2516479492188,-0.0002551329671405256,-0.07676976174116135,-0.07652726769447327,0.994107723236084,1,2325817,19373
1786088914,140258631,1,104.98783874511719,105.32988739013672,-389.51202392578125,,,,,,,,,,2325818,19373
1786088914,140258631,,,,,5,-1497.2174072265625,1030.4757080078125,-792.2345581054688,-0.00034768294426612556,-0.07660838216543198,-0.0759442001581192,0.9941646456718445,1,2325818,19373
1786088914,147839416,1,105.1961441040039,105.50272369384766,-389.5272521972656,,,,,,,,,,2325819,19373
1786088914,147839416,,,,,5,-1497.1815185546875,1030.441650390625,-792.2615356445312,-0.0005772642907686532,-0.07654143869876862,-0.07543110102415085,0.994208812713623,1,2325819,19373
1786088914,157005736,1,104.97964477539062,105.33293914794922,-389.4656677246094,,,,,,,,,,2325820,19373
1786088914,157005736,,,,,5,-1497.228271484375,1030.4708251953125,-792.2460327148438,0.0002196535497205332,-0.07650123536586761,-0.07739423960447311,0.9940610527992249,1,2325820,19373
1786088914,164648858,1,105.26469421386719,105.64704132080078,-389.5340576171875,,,,,,,,,,2325821,19373
1786088914,164648858,,,,,5,-1497.204345703125,1030.4666748046875,-792.248046875,-0.0005593126406893134,-0.07671519368886948,-0.0761069506406784,0.9941439628601074,1,2325821,19373
1786088914,173742793,1,105.81703186035156,106.17346954345703,-389.5105285644531,,,,,,,,,,2325822,19373
1786088914,173742793,,,,,5,-1497.1904296875,1030.476806640625,-792.2819213867188,-0.00026183537556789815,-0.07659222185611725,-0.07597488164901733,0.9941636919975281,1,2325822,19373
1786088914,181067669,1,105.81587982177734,106.22885131835938,-389.5201416015625,,,,,,,,,,2325823,19373
1786088914,181067669,,,,,5,-1497.2010498046875,1030.4998779296875,-792.2538452148438,-0.00019709828484337777,-0.07661471515893936,-0.07667623460292816,0.9941080808639526,1,2325823,19373
1786088914,190717358,1,105.83155059814453,106.24601745605469,-389.5115051269531,,,,,,,,,,2325824,19373
1786088914,190717358,,,,,5,-1497.1884765625,1030.4710693359375,-792.25732421875,-2.3178574338089675e-05,-0.07643543183803558,-0.07694319635629654,0.9941014051437378,1,2325824,19373
1786088914,198571781,1,105.12374877929688,105.63219451904297,-389.6442565917969,,,,,,,,,,2325825,19373
1786088914,198571781,,,,,5,-1497.1802978515625,1030.4539794921875,-792.2607421875,-0.00034864863846451044,-0.07655030488967896,-0.07625988870859146,0.9941449761390686,1,2325825,19373
1786088914,207064392,1,105.79029846191406,106.14400482177734,-389.5849609375,,,,,,,,,,2325826,19373
1786088914,207064392,,,,,5,-1497.179931640625,1030.463623046875,-792.2880249023438,-0.00042200376628898084,-0.07675078511238098,-0.07610324025154114,0.9941415786743164,1,2325826,19373
1786088914,215636108,1,105.21117401123047,105.59468841552734,-389.57403564453125,,,,,,,,,,2325827,19373
1786088914,215636108,,,,,5,-1497.1962890625,1030.4378662109375,-792.2928466796875,-0.0003731982142198831,-0.07671776413917542,-0.07636957615613937,0.994123637676239,1,2325827,19373
1786088914,223672550,1,105.23790740966797,105.50030517578125,-389.6051025390625,,,,,,,,,,2325828,19373
1786088914,223672550,,,,,5,-1497.20751953125,1030.4559326171875,-792.2789306640625,6.77207499393262e-05,-0.07653052359819412,-0.07767550647258759,0.9940369725227356,1,2325828,19373
1786088914,231506429,1,105.17704772949219,105.53894805908203,-389.6311950683594,,,,,,,,,,2325829,19373
1786088914,231506429,,,,,5,-1497.197509765625,1030.458984375,-792.2838134765625,-0.00045688587124459445,-0.07671508938074112,-0.07603754103183746,0.9941492676734924,1,2325829,19373
1786088914,240614411,1,105.82083892822266,106.2400131225586,-389.5837707519531,,,,,,,,,,2325830,19373
1786088914,240614411,,,,,5,-1497.20849609375,1030.48828125,-792.2401733398438,-0.00015679349598940462,-0.07662159204483032,-0.07692164182662964,0.9940884709358215,1,2325830,19373
1786088914,248464098,1,105.76538848876953,106.04222106933594,-389.5406494140625,,,,,,,,,,2325831,19373
1786088914,248464098,,,,,5,-1497.1650390625,1030.4683837890625,-792.234130859375,-0.0005480801919475198,-0.07668998092412949,-0.07538718730211258,0.9942006468772888,1,2325831,19373
1786088914,256719840,1,104.94611358642578,105.361572265625,-389.4579772949219,,,,,,,,,,2325832,19373
1786088914,256719840,,,,,5,-1497.2197265625,1030.47314453125,-792.2863159179688,-0.00032398535404354334,-0.07668014615774155,-0.07640408724546432,0.9941239953041077,1,2325832,19373
1786088914,265399239,1,105.80221557617188,106.21089172363281,-389.51507568359375,,,,,,,,,,2325833,19373
1786088914,265399239,,,,,5,-1497.1943359375,1030.4619140625,-792.2800903320312,-0.0005801539518870413,-0.07669157534837723,-0.07602780312299728,0.994151771068573,1,2325833,19373
1786088914,273593636,1,105.80864715576172,106.23363494873047,-389.6720275878906,,,,,,,,,,2325834,19373
1786088914,273593636,,,,,5,-1497.1929931640625,1030.4608154296875,-792.2815551757812,-0.000596113852225244,-0.07665855437517166,-0.07547216862440109,0.9941965937614441,1,2325834,19373
1786088914,281604958,1,105.84074401855469,106.25564575195312,-389.4945068359375,,,,,,,,,,2325835,19373
1786088914,281604958,,,,,5,-1497.2117919921875,1030.477294921875,-792.2841186523438,-0.00036087099579162896,-0.07666218280792236,-0.07615016400814056,0.9941447973251343,1,2325835,19373
1786088914,290475048,1,105.81675720214844,106.15242004394531,-389.5105895996094,,,,,,,,,,2325836,19373
1786088914,290475048,,,,,5,-1497.2059326171875,1030.453125,-792.2905883789062,-0.00025669430033303797,-0.07670304924249649,-0.07672678679227829,0.9940973520278931,1,2325836,19373
1786088914,298534946,1,105.8041763305664,106.18838500976562,-389.51904296875,,,,,,,,,,2325837,19373
1786088914,298534946,,,,,5,-1497.18408203125,1030.4388427734375,-792.27587890625,-0.00023676123237237334,-0.0767054632306099,-0.07647576183080673,0.9941165447235107,1,2325837,19373
1786088914,307462861,1,105.73687744140625,106.05440521240234,-389.47113037109375,,,,,,,,,,2325838,19373
1786088914,307462861,,,,,5,-1497.1903076171875,1030.463134765625,-792.2722778320312,-0.0005168405477888882,-0.0766812115907669,-0.07608463615179062,0.9941484332084656,1,2325838,19373
1786088914,315284067,1,105.2547607421875,105.49715423583984,-389.4218444824219,,,,,,,,,,2325839,19373
1786088914,315284067,,,,,5,-1497.177490234375,1030.4857177734375,-792.2736206054688,-1.4278391972766258e-05,-0.0767924040555954,-0.07732081413269043,0.9940444827079773,1,2325839,19373
1786088914,323266717,1,105.81123352050781,106.20099639892578,-389.54449462890625,,,,,,,,,,2325840,19373
1786088914,323266717,,,,,5,-1497.206298828125,1030.4632568359375,-792.2775268554688,-0.0005490523180924356,-0.07668779790401459,-0.07569575309753418,0.9941774010658264,1,2325840,19373
1786088914,332300586,1,105.2688980102539,105.6131362915039,-389.4921569824219,,,,,,,,,,2325841,19373
1786088914,332300586,,,,,5,-1497.2005615234375,1030.4774169921875,-792.2490234375,-0.00036689735134132206,-0.07684807479381561,-0.07655493915081024,0.9940994381904602,1,2325841,19373
1786088914,340279555,1,105.33216094970703,106.06742858886719,-389.7427062988281,,,,,,,,,,2325842,19373
1786088914,340279555,,,,,5,-1497.207275390625,1030.5155029296875,-792.2843017578125,-0.0004034971643704921,-0.07678139954805374,-0.07568304240703583,0.9941713213920593,1,2325842,19373
1786088914,348294749,1,105.27725219726562,105.69463348388672,-389.5869140625,,,,,,,,,,2325843,19373
1786088914,348294749,,,,,5,-1497.208251953125,1030.4234619140625,-792.2994384765625,0.00012338123633526266,-0.07688841223716736,-0.07642938196659088,0.9941059947013855,1,2325843,19373
1786088914,357301769,1,105.16967010498047,105.5062026977539,-389.6353759765625,,,,,,,,,,2325844,19373
1786088914,357301769,,,,,5,-1497.2230224609375,1030.4163818359375,-792.2872314453125,0.0002568863856140524,-0.07678141444921494,-0.07654576003551483,0.994105339050293,1,2325844,19373
1786088914,365241954,1,105.22789001464844,105.58368682861328,-389.5372619628906,,,,,,,,,,2325845,19373
1786088914,365241954,,,,,5,-1497.2342529296875,1030.4088134765625,-792.2367553710938,0.0002609557122923434,-0.07695041596889496,-0.07720111310482025,0.9940415620803833,1,2325845,19373
1786088914,373340413,1,105.76162719726562,106.10466003417969,-389.5557556152344,,,,,,,,,,2325846,19373
1786088914,373340413,,,,,5,-1497.242431640625,1030.4461669921875,-792.2827758789062,-0.00012104112101951614,-0.07692747563123703,-0.07697796821594238,0.9940606951713562,1,2325846,19373
1786088914,382219975,1,105.74320983886719,106.07759857177734,-389.4638977050781,,,,,,,,,,2325847,19373
1786088914,382219975,,,,,5,-1497.2366943359375,1030.44189453125,-792.2439575195312,0.00014839723007753491,-0.07678700238466263,-0.07715313881635666,0.994057834148407,1,2325847,19373
1786088914,390384068,1,105.19783020019531,105.6231460571289,-389.69207763671875,,,,,,,,,,2325848,19373
1786088914,390384068,,,,,5,-1497.2088623046875,1030.4073486328125,-792.2494506835938,-2.0190675058984198e-05,-0.07703869789838791,-0.07645410299301147,0.9940925240516663,1,2325848,19373
1786088914,398153209,1,105.72908020019531,106.11538696289062,-389.5460205078125,,,,,,,,,,2325849,19373
1786088914,398153209,,,,,5,-1497.225830078125,1030.4388427734375,-792.2390747070312,-0.00013502873480319977,-0.07685686647891998,-0.07659167051315308,0.9940959811210632,1,2325849,19373
1786088914,407034051,1,105.76170349121094,106.1672134399414,-389.5347900390625,,,,,,,,,,2325850,19373
1786088914,407034051,,,,,5,-1497.24365234375,1030.439453125,-792.268798828125,-0.00038790691178292036,-0.0768570601940155,-0.07639530301094055,0.9941108822822571,1,2325850,19373
1786088914,414977404,1,105.76380157470703,106.09058380126953,-389.48406982421875,,,,,,,,,,2325851,19373
1786088914,414977404,,,,,5,-1497.2362060546875,1030.4385986328125,-792.2658081054688,-0.00024401595874223858,-0.07694827020168304,-0.07623749226331711,0.9941161274909973,1,2325851,19373
1786088914,423984968,1,104.97803497314453,105.4569320678711,-389.4283447265625,,,,,,,,,,2325852,19373
1786088914,423984968,,,,,5,-1497.2479248046875,1030.4365234375,-792.2782592773438,4.198737588012591e-05,-0.07697353512048721,-0.077313132584095,0.9940310120582581,1,2325852,19373
1786088914,431956961,1,104.96565246582031,105.32159423828125,-389.57257080078125,,,,,,,,,,2325853,19373
1786088914,431956961,,,,,5,-1497.23388671875,1030.4344482421875,-792.2576904296875,-6.241157734621083e-06,-0.07701052725315094,-0.0770692452788353,0.9940471649169922,1,2325853,19373
1786088914,440084445,1,104.94525146484375,105.24972534179688,-389.48846435546875,,,,,,,,,,2325854,19373
1786088914,440084445,,,,,5,-1497.2327880859375,1030.4368896484375,-792.2750854492188,-0.00010407863010186702,-0.07701699435710907,-0.07692749053239822,0.9940576553344727,1,2325854,19373
1786088914,449140619,1,105.75973510742188,106.13131713867188,-389.63934326171875,,,,,,,,,,2325855,19373
1786088914,449140619,,,,,5,-1497.2197265625,1030.4024658203125,-792.2976684570312,-0.00040076120058074594,-0.07706446200609207,-0.07629695534706116,0.994102418422699,1,2325855,19373
1786088914,457183429,1,105.8399887084961,106.2470703125,-389.5715026855469,,,,,,,,,,2325856,19373
1786088914,457183429,,,,,5,-1497.2601318359375,1030.457275390625,-792.2623901367188,0.00015922053717076778,-0.07705513387918472,-0.07721342891454697,0.9940323829650879,1,2325856,19373
1786088914,464993595,1,105.2306137084961,105.61441802978516,-389.5661926269531,,,,,,,,,,2325857,19373
1786088914,464993595,,,,,5,-1497.2418212890625,1030.4420166015625,-792.2439575195312,-0.0002585877664387226,-0.0769612193107605,-0.07581262290477753,0.9941474795341492,1,2325857,19373
1786088914,474015400,1,105.238525390625,105.58192443847656,-389.5934143066406,,,,,,,,,,2325858,19373
1786088914,474015400,,,,,5,-1497.2139892578125,1030.4427490234375,-792.255859375,-0.0002283860376337543,-0.07709476351737976,-0.07604968547821045,0.9941191673278809,1,2325858,19373
1786088914,481847550,1,105.1650390625,105.54481506347656,-389.5956115722656,,,,,,,,,,2325859,19373
1786088914,481847550,,,,,5,-1497.2474365234375,1030.423095703125,-792.3561401367188,0.00020428735297173262,-0.077072873711586,-0.07634688168764114,0.9940979480743408,1,2325859,19373
1786088914,490008507,1,105.70436096191406,106.11656951904297,-389.6553955078125,,,,,,,,,,2325860,19373
1786088914,490008507,,,,,5,-1497.177734375,1030.380126953125,-792.4026489257812,-0.00010293878585798666,-0.07715415209531784,-0.07466600835323334,0.9942194223403931,1,2325860,19373
1786088914,498804899,1,105.82772064208984,106.15106201171875,-389.5174865722656,,,,,,,,,,2325861,19373
1786088914,498804899,,,,,5,-1497.232666015625,1030.44287109375,-792.25537109375,7.691197970416397e-05,-0.0772300586104393,-0.0764549970626831,0.9940774440765381,1,2325861,19373
1786088914,507048033,1,104.95683288574219,105.23395538330078,-389.54412841796875,,,,,,,,,,2325862,19373
1786088914,507048033,,,,,5,-1497.2518310546875,1030.42138671875,-792.2723388671875,-0.0001390495744999498,-0.07714114338159561,-0.07607293128967285,0.9941137433052063,1,2325862,19373
1786088914,514780118,1,105.75969696044922,106.17068481445312,-389.61029052734375,,,,,,,,,,2325863,19373
1786088914,514780118,,,,,5,-1497.2578125,1030.4306640625,-792.2557983398438,5.665927346854005e-06,-0.07681633532047272,-0.07625589519739151,0.9941248297691345,1,2325863,19373
1786088914,523753250,1,105.75939178466797,106.082275390625,-389.5986633300781,,,,,,,,,,2325864,19373
1786088914,523753250,,,,,5,-1497.215087890625,1030.4320068359375,-792.2389526367188,-6.223122181836516e-05,-0.0772358775138855,-0.07664645463228226,0.9940622448921204,1,2325864,19373
1786088914,531703994,1,105.83890533447266,106.24757385253906,-389.5772399902344,,,,,,,,,,2325865,19373
1786088914,531703994,,,,,5,-1497.2867431640625,1030.4237060546875,-792.231689453125,9.462502202950418e-05,-0.07708631455898285,-0.07664564251899719,0.9940739870071411,1,2325865,19373
1786088914,540779304,1,105.82178497314453,106.23038482666016,-389.5662841796875,,,,,,,,,,2325866,19373
1786088914,540779304,,,,,5,-1497.2493896484375,1030.430419921875,-792.2727661132812,-0.0002576647966634482,-0.07703877240419388,-0.0758555680513382,0.9941383600234985,1,2325866,19373
1786088914,548776034,1,104.91463470458984,105.33031463623047,-389.51690673828125,,,,,,,,,,2325867,19373
1786088914,548776034,,,,,5,-1497.2523193359375,1030.4129638671875,-792.2716064453125,-0.0005549287307076156,-0.07697498053312302,-0.07541146129369736,0.9941768646240234,1,2325867,19373
1786088914,556885725,1,105.79615783691406,106.15135192871094,-389.6143798828125,,,,,,,,,,2325868,19373
1786088914,556885725,,,,,5,-1497.2564697265625,1030.4456787109375,-792.2495727539062,0.00043903960613533854,-0.07705267518758774,-0.07740654796361923,0.9940176010131836,1,2325868,19373
1786088914,564693651,1,105.04967498779297,105.38557434082031,-389.74346923828125,,,,,,,,,,2325869,19373
1786088914,564693651,,,,,5,-1497.278564453125,1030.4400634765625,-792.2506713867188,4.033319783047773e-05,-0.07695315033197403,-0.07671873271465302,0.9940786361694336,1,2325869,19373
1786088914,573597502,1,105.24410247802734,105.56271362304688,-389.55584716796875,,,,,,,,,,2325870,19373
1786088914,573597502,,,,,5,-1497.2568359375,1030.4461669921875,-792.2487182617188,6.542135815834627e-05,-0.07722119241952896,-0.07648579776287079,0.9940758347511292,1,2325870,19373
1786088914,581601399,1,105.0096206665039,105.44316101074219,-389.4476623535156,,,,,,,,,,2325871,19373
1786088914,581601399,,,,,5,-1497.243408203125,1030.41845703125,-792.2728881835938,2.635927558003459e-05,-0.07709629833698273,-0.0764438807964325,0.9940887689590454,1,2325871,19373
1786088914,590570659,1,104.94316101074219,105.34220886230469,-389.4725036621094,,,,,,,,,,2325872,19373
1786088914,590570659,,,,,5,-1497.2572021484375,1030.42919921875,-792.2642211914062,-4.2929284973070025e-05,-0.07713492214679718,-0.0764746442437172,0.9940835237503052,1,2325872,19373
1786088914,598500411,1,105.1822280883789,105.62934112548828,-389.6789245605469,,,,,,,,,,2325873,19373
1786088914,598500411,,,,,5,-1497.2607421875,1030.4222412109375,-792.2659912109375,-1.032829186442541e-05,-0.07709572464227676,-0.07657817006111145,0.994078516960144,1,2325873,19373
1786088914,606789114,1,105.75220489501953,106.1067123413086,-389.4538269042969,,,,,,,,,,2325874,19373
1786088914,606789114,,,,,5,-1497.2493896484375,1030.44775390625,-792.2511596679688,4.626427835319191e-05,-0.07710796594619751,-0.07643023133277893,0.994088888168335,1,2325874,19373
1786088914,615516514,1,105.12754821777344,105.70929718017578,-389.5439147949219,,,,,,,,,,2325875,19373
1786088914,615516514,,,,,5,-1497.2607421875,1030.445556640625,-792.2820434570312,0.00021137695875950158,-0.07716323435306549,-0.07685554027557373,0.9940518140792847,1,2325875,19373
1786088914,623506587,1,104.9200668334961,105.34844207763672,-389.449951171875,,,,,,,,,,2325876,19373
1786088914,623506587,,,,,5,-1497.251220703125,1030.425537109375,-792.296630859375,2.0133285943302326e-05,-0.07707291096448898,-0.07686497271060944,0.9940581321716309,1,2325876,19373
1786088914,631519253,1,104.94898986816406,105.23896789550781,-389.4567565917969,,,,,,,,,,2325877,19373
1786088914,631519253,,,,,5,-1497.236572265625,1030.4232177734375,-792.2637329101562,-0.00019561281078495085,-0.07713769376277924,-0.07583004236221313,0.9941325187683105,1,2325877,19373
1786088914,640739429,1,105.77506256103516,106.21066284179688,-389.6795959472656,,,,,,,,,,2325878,19373
1786088914,640739429,,,,,5,-1497.25,1030.4071044921875,-792.27734375,-0.0004200399271212518,-0.07711686193943024,-0.07562103122472763,0.9941500425338745,1,2325878,19373
1786088914,648498906,1,104.90959930419922,105.31369018554688,-389.60943603515625,,,,,,,,,,2325879,19373
1786088914,648498906,,,,,5,-1497.2484130859375,1030.42724609375,-792.2583618164062,-4.393720519146882e-05,-0.07709766179323196,-0.07632996141910553,0.9940974116325378,1,2325879,19373
1786088914,657546888,1,105.81290435791016,106.15267944335938,-389.6560974121094,,,,,,,,,,2325880,19373
1786088914,657546888,,,,,5,-1497.23828125,1030.4342041015625,-792.2645263671875,0.00033229103428311646,-0.07705830037593842,-0.07703207433223724,0.9940462112426758,1,2325880,19373
1786088914,665341405,1,105.78305053710938,106.16712951660156,-389.60345458984375,,,,,,,,,,2325881,19373
1786088914,665341405,,,,,5,-1497.2352294921875,1030.43994140625,-792.2598876953125,-1.3687708815268707e-05,-0.0770450159907341,-0.07666231691837311,0.9940760135650635,1,2325881,19373
1786088914,673645853,1,105.21310424804688,105.4852066040039,-389.6555480957031,,,,,,,,,,2325882,19373
1786088914,673645853,,,,,5,-1497.2474365234375,1030.4544677734375,-792.2704467773438,-6.293410024227342e-07,-0.07712461799383163,-0.07651697099208832,0.9940809607505798,1,2325882,19373
1786088914,681481683,1,105.80261993408203,106.24317932128906,-389.6008605957031,,,,,,,,,,2325883,19373
1786088914,681481683,,,,,5,-1497.2406005859375,1030.4263916015625,-792.2816162109375,-0.00019064542721025646,-0.07700510323047638,-0.0760035514831543,0.994129478931427,1,2325883,19373
1786088914,690726468,1,105.79570770263672,106.35311126708984,-389.6089172363281,,,,,,,,,,2325884,19373
1786088914,690726468,,,,,5,-1497.254150390625,1030.4088134765625,-792.2923583984375,3.5055476473644376e-05,-0.07719229906797409,-0.07687396556138992,0.9940481185913086,1,2325884,19373
1786088914,698329174,1,104.92572784423828,105.341064453125,-389.44793701171875,,,,,,,,,,2325885,19373
1786088914,698329174,,,,,5,-1497.2581787109375,1030.4349365234375,-792.2328491210938,-5.030285319662653e-05,-0.07718394696712494,-0.07629481703042984,0.9940934181213379,1,2325885,19373
1786088914,707351811,1,105.79724884033203,106.18030548095703,-389.5492858886719,,,,,,,,,,2325886,19373
1786088914,707351811,,,,,5,-1497.2818603515625,1030.406005859375,-792.24658203125,-0.00027771451277658343,-0.07720239460468292,-0.07556796073913574,0.9941474795341492,1,2325886,19373
1786088914,714666831,1,105.22814178466797,105.68089294433594,-389.64593505859375,,,,,,,,,,2325887,19373
1786088914,714666831,,,,,5,-1497.2850341796875,1030.4510498046875,-792.2444458007812,0.0003523286432027817,-0.077093206346035,-0.077059805393219,0.9940412640571594,1,2325887,19373
1786088914,723410615,1,105.20648956298828,105.6341781616211,-389.6390686035156,,,,,,,,,,2325888,19373
1786088914,723410615,,,,,5,-1497.2877197265625,1030.42529296875,-792.2567749023438,-0.0002153003733837977,-0.07717006653547287,-0.07573076337575912,0.9941375255584717,1,2325888,19373
1786088914,732148511,1,105.27515411376953,105.6277847290039,-389.625732421875,,,,,,,,,,2325889,19373
1786088914,732148511,,,,,5,-1497.2906494140625,1030.4388427734375,-792.2333374023438,0.00010718081466620788,-0.07700543850660324,-0.07636401802301407,0.9941019415855408,1,2325889,19373
1786088914,740173049,1,105.78376770019531,106.15412139892578,-389.6322021484375,,,,,,,,,,2325890,19373
1786088914,740173049,,,,,5,-1497.295166015625,1030.4393310546875,-792.2642211914062,8.96327182999812e-05,-0.07705850154161453,-0.07658153772354126,0.9940810799598694,1,2325890,19373
1786088914,748292308,1,105.78630828857422,106.18463897705078,-389.56878662109375,,,,,,,,,,2325891,19373
1786088914,748292308,,,,,5,-1497.2799072265625,1030.425048828125,-792.2399291992188,-0.0001158235318143852,-0.07713310420513153,-0.07613633573055267,0.9941094517707825,1,2325891,19373
1786088914,757295745,1,105.85801696777344,106.21283721923828,-389.5444641113281,,,,,,,,,,2325892,19373
1786088914,757295745,,,,,5,-1497.2840576171875,1030.427978515625,-792.2401733398438,-7.307511259568855e-05,-0.07679571211338043,-0.0762900859117508,0.9941239356994629,1,2325892,19373
1786088914,765037461,1,105.7575454711914,106.13941192626953,-389.62359619140625,,,,,,,,,,2325893,19373
1786088914,765037461,,,,,5,-1497.2801513671875,1030.4241943359375,-792.2548828125,-9.697095083538443e-05,-0.0771707072854042,-0.0758688673377037,0.9941269755363464,1,2325893,19373
1786088914,774179781,1,105.27401733398438,106.07478332519531,-389.8520202636719,,,,,,,,,,2325894,19373
1786088914,774179781,,,,,5,-1497.2440185546875,1030.45654296875,-792.2850952148438,-0.00039428245509043336,-0.07710281014442444,-0.07546242326498032,0.9941631555557251,1,2325894,19373
1786088914,782049660,1,105.7987289428711,106.10830688476562,-389.54071044921875,,,,,,,,,,2325895,19373
1786088914,782049660,,,,,5,-1497.2596435546875,1030.4036865234375,-792.2605590820312,0.0006305002607405186,-0.07700316607952118,-0.0778290182352066,0.9939882159233093,1,2325895,19373
1786088914,790214040,1,105.21330261230469,105.65071868896484,-389.6768493652344,,,,,,,,,,2325896,19373
1786088914,790214040,,,,,5,-1497.1654052734375,1030.556396484375,-792.3472900390625,0.0014391718432307243,-0.07759655267000198,-0.07894543558359146,0.9938532710075378,1,2325896,19373
1786088914,798920735,1,105.76614379882812,106.13097381591797,-389.5966491699219,,,,,,,,,,2325897,19373
1786088914,798920735,,,,,5,-1497.2947998046875,1030.4219970703125,-792.1937866210938,-0.0002902473497670144,-0.07703933119773865,-0.07595674693584442,0.994130551815033,1,2325897,19373
1786088914,807056507,1,105.24435424804688,105.62125396728516,-389.62286376953125,,,,,,,,,,2325898,19373
1786088914,807056507,,,,,5,-1497.3162841796875,1030.4088134765625,-792.201171875,-0.00034800489083863795,-0.0768328383564949,-0.07601282000541687,0.9941421747207642,1,2325898,19373
1786088914,814881521,1,105.74430084228516,106.12225341796875,-389.5797119140625,,,,,,,,,,2325899,19373
1786088914,814881521,,,,,5,-1497.308837890625,1030.4049072265625,-792.24072265625,-0.0003987397358287126,-0.07697909325361252,-0.07560508698225021,0.9941619634628296,1,2325899,19373
1786088914,823914943,1,105.86848449707031,106.23403930664062,-389.5404052734375,,,,,,,,,,2325900,19373
1786088914,823914943,,,,,5,-1497.2772216796875,1030.4154052734375,-792.2230224609375,-0.0002998572599608451,-0.07697049528360367,-0.07590443640947342,0.9941398501396179,1,2325900,19373
1786088914,831873047,1,105.21936798095703,105.44190979003906,-389.4992980957031,,,,,,,,,,2325901,19373
1786088914,831873047,,,,,5,-1497.3023681640625,1030.41259765625,-792.2207641601562,-0.0003975038998760283,-0.07684845477342606,-0.07551561295986176,0.994178831577301,1,2325901,19373
1786088914,840604383,1,105.14022827148438,105.47702026367188,-389.6430358886719,,,,,,,,,,2325902,19373
1786088914,840604383,,,,,5,-1497.2724609375,1030.4168701171875,-792.2033081054688,-0.000517079490236938,-0.07710567861795425,-0.074754998087883,0.9942163228988647,1,2325902,19373
1786088914,848076206,1,104.98100280761719,105.23455047607422,-389.53729248046875,,,,,,,,,,2325903,19373
1786088914,848076206,,,,,5,-1497.294189453125,1030.4241943359375,-792.1689453125,-0.0007619011448696256,-0.076835498213768,-0.07532288134098053,0.9941941499710083,1,2325903,19373
1786088914,857587684,1,105.77104949951172,106.19912719726562,-389.6110534667969,,,,,,,,,,2325904,19373
1786088914,857587684,,,,,5,-1497.2857666015625,1030.436279296875,-792.1883544921875,-0.0006080501480028033,-0.07663627713918686,-0.07589041441679001,0.9941665530204773,1,2325904,19373
1786088914,864873488,1,105.22164154052734,105.60370635986328,-389.5938415527344,,,,,,,,,,2325905,19373
1786088914,864873488,,,,,5,-1497.2757568359375,1030.4266357421875,-792.1787719726562,-0.0008208461222238839,-0.07669340074062347,-0.07514800876379013,0.9942184090614319,1,2325905,19373
1786088914,874137314,1,105.2188720703125,105.58204650878906,-389.6312255859375,,,,,,,,,,2325906,19373
1786088914,874137314,,,,,5,-1497.2679443359375,1030.4237060546875,-792.1786499023438,-0.0006329629104584455,-0.07658110558986664,-0.07505631446838379,0.9942340850830078,1,2325906,19373
1786088914,882052058,1,105.21678161621094,105.54928588867188,-389.76007080078125,,,,,,,,,,2325907,19373
1786088914,882052058,,,,,5,-1497.35595703125,1030.53076171875,-791.9354248046875,-0.0008205790654756129,-0.07643856853246689,-0.07760696113109589,0.994049072265625,1,2325907,19373
1786088914,890009618,1,105.19688415527344,105.49999237060547,-389.6649475097656,,,,,,,,,,2325908,19373
1786088914,890009618,,,,,5,-1497.2412109375,1030.5623779296875,-792.0709838867188,-0.0008291269768960774,-0.07628118991851807,-0.07871633023023605,0.9939739108085632,1,2325908,19373
1786088914,898746810,1,105.77102661132812,106.12970733642578,-389.5609130859375,,,,,,,,,,2325909,19373
1786088914,898746810,,,,,5,-1497.2818603515625,1030.428466796875,-792.19189453125,-0.0004947767010889947,-0.07675622403621674,-0.07564126700162888,0.9941763281822205,1,2325909,19373
1786088914,907089498,1,105.27513885498047,105.6053237915039,-389.53436279296875,,,,,,,,,,2325910,19373
1786088914,907089498,,,,,5,-1497.2822265625,1030.4339599609375,-792.1961669921875,-0.0006185969687066972,-0.07668940722942352,-0.07534324377775192,0.9942041039466858,1,2325910,19373
1786088914,914688588,1,105.79674530029297,106.19048309326172,-389.7035217285156,,,,,,,,,,2325911,19373
1786088914,914688588,,,,,5,-1497.3076171875,1030.4014892578125,-792.142822265625,-0.0007158867083489895,-0.07680316269397736,-0.07500866055488586,0.9942205548286438,1,2325911,19373
1786088914,923715481,1,105.79581451416016,106.1102294921875,-389.47296142578125,,,,,,,,,,2325912,19373
1786088914,923715481,,,,,5,-1497.3294677734375,1030.5394287109375,-791.9513549804688,-0.0007057699840515852,-0.0762924998998642,-0.07898754626512527,0.993951678276062,1,2325912,19373
1786088914,931845301,1,105.8421630859375,106.13310241699219,-389.52227783203125,,,,,,,,,,2325913,19373
1786088914,931845301,,,,,5,-1497.3328857421875,1030.4984130859375,-791.9948120117188,-0.0008032121695578098,-0.07654981315135956,-0.07727908343076706,0.994066059589386,1,2325913,19373
1786088914,940781504,1,105.17388916015625,105.50618743896484,-389.6490478515625,,,,,,,,,,2325914,19373
1786088914,940781504,,,,,5,-1497.257568359375,1030.439208984375,-792.1443481445312,-0.0007095221080817282,-0.07661622017621994,-0.07606373727321625,0.9941548109054565,1,2325914,19373
1786088914,948612470,1,105.19646453857422,105.48575592041016,-389.4872741699219,,,,,,,,,,2325915,19373
1786088914,948612470,,,,,5,-1497.2723388671875,1030.4547119140625,-792.1729736328125,-0.00021936219127383083,-0.07661961019039154,-0.07681389898061752,0.994097113609314,1,2325915,19373
1786088914,956820884,1,105.77483367919922,106.17096710205078,-389.7680969238281,,,,,,,,,,2325916,19373
1786088914,956820884,,,,,5,-1497.2457275390625,1030.4219970703125,-792.1840209960938,-0.0009898054413497448,-0.07672884315252304,-0.07502041012048721,0.9942251443862915,1,2325916,19373
1786088914,965646525,1,104.94514465332031,105.34478759765625,-389.5024719238281,,,,,,,,,,2325917,19373
1786088914,965646525,,,,,5,-1497.2723388671875,1030.423095703125,-792.1893920898438,-0.000711892091203481,-0.07670538127422333,-0.075338214635849,0.9942032098770142,1,2325917,19373
1786088914,973866235,1,105.2583236694336,105.61014556884766,-389.63128662109375,,,,,,,,,,2325918,19373
1786088914,973866235,,,,,5,-1497.2606201171875,1030.4373779296875,-792.1746826171875,-0.000739683979190886,-0.07672788947820663,-0.07537990063428879,0.9941983222961426,1,2325918,19373
1786088914,981842964,1,105.75994110107422,106.04974365234375,-389.5437927246094,,,,,,,,,,2325919,19373
1786088914,981842964,,,,,5,-1497.2586669921875,1030.4549560546875,-792.14501953125,-0.000764611060731113,-0.07659369707107544,-0.07544086128473282,0.9942038655281067,1,2325919,19373
1786088914,990623260,1,105.27164459228516,105.54866790771484,-389.55419921875,,,,,,,,,,2325920,19374
1786088914,990623260,,,,,5,-1497.2445068359375,1030.4349365234375,-792.1390991210938,-0.0006515631102956831,-0.0766584724187851,-0.0753532201051712,0.9942055940628052,1,2325920,19374
1786088914,998529780,1,105.26834106445312,105.5851058959961,-389.5574645996094,,,,,,,,,,2325921,19374
1786088914,998529780,,,,,5,-1497.2449951171875,1030.4515380859375,-792.1565551757812,-0.0005482935812324286,-0.07675652951002121,-0.07600191235542297,0.9941487908363342,1,2325921,19374
1786088915,7504608,1,105.8074951171875,106.1451416015625,-389.5526428222656,,,,,,,,,,2325922,19374
1786088915,7504608,,,,,5,-1497.1026611328125,1030.3935546875,-792.188232421875,-0.0009698605281300843,-0.07577399909496307,-0.07459517568349838,0.9943303465843201,1,2325922,19374
1786088915,15386743,1,105.19699096679688,105.54826354980469,-389.5971374511719,,,,,,,,,,2325923,19374
1786088915,15386743,,,,,5,-1497.45556640625,1030.8177490234375,-791.9151611328125,-0.0002579149731900543,-0.07670965790748596,-0.08686371892690659,0.9932624101638794,1,2325923,19374
1786088915,23593652,1,104.89057159423828,105.30304718017578,-389.5243835449219,,,,,,,,,,2325924,19374
1786088915,23593652,,,,,5,-1497.6263427734375,1030.7523193359375,-791.8463134765625,-0.00038385557127185166,-0.07767121493816376,-0.08499094843864441,0.993349552154541,1,2325924,19374
1786088915,32363356,1,105.26425170898438,105.60454559326172,-389.5477600097656,,,,,,,,,,2325925,19374
1786088915,32363356,,,,,5,-1497.5701904296875,1030.679931640625,-791.90576171875,-0.0004080910002812743,-0.07747326791286469,-0.08256474137306213,0.9935697317123413,1,2325925,19374
1786088915,40330805,1,105.12156677246094,105.5168228149414,-389.6329345703125,,,,,,,,,,2325926,19374
1786088915,40330805,,,,,5,-1497.6322021484375,1030.76123046875,-791.8518676757812,0.0001972386089619249,-0.07755863666534424,-0.0862523689866066,0.9932497143745422,1,2325926,19374
1786088915,48420816,1,105.24560546875,105.61609649658203,-389.56744384765625,,,,,,,,,,2325927,19374
1786088915,48420816,,,,,5,-1497.47509765625,1030.671142578125,-791.9120483398438,0.0005262314225547016,-0.07725764065980911,-0.0870734453201294,0.9932014346122742,1,2325927,19374
1786088915,57560896,1,105.22229766845703,105.64335632324219,-389.6334228515625,,,,,,,,,,2325928,19374
1786088915,57560896,,,,,5,-1497.427490234375,1030.64892578125,-791.9086303710938,-0.0013374531408771873,-0.07935436815023422,-0.0809348076581955,0.9935545325279236,1,2325928,19374
1786088915,65383958,1,105.20584869384766,105.63792419433594,-389.6849365234375,,,,,,,,,,2325929,19374
1786088915,65383958,,,,,5,-1497.8206787109375,1031.015869140625,-791.8310546875,0.0032636993564665318,-0.07667838782072067,-0.09203784912824631,0.9927934408187866,1,2325929,19374
1786088915,73587539,1,105.13431549072266,105.72176361083984,-389.5833740234375,,,,,,,,,,2325930,19374
1786088915,73587539,,,,,5,-1497.836669921875,1030.9671630859375,-791.8560180664062,0.0031143315136432648,-0.07666461914777756,-0.0920281782746315,0.992796003818512,1,2325930,19374
1786088915,82312826,1,105.72277069091797,106.06945037841797,-389.4905090332031,,,,,,,,,,2325931,19374
1786088915,82312826,,,,,5,-1497.78369140625,1030.99560546875,-791.872314453125,0.0032285735942423344,-0.07707829773426056,-0.09198326617479324,0.9927676916122437,1,2325931,19374
1786088915,90254899,1,105.08866119384766,105.79582977294922,-389.7850036621094,,,,,,,,,,2325932,19374
1786088915,90254899,,,,,5,-1497.8682861328125,1031.04443359375,-791.9014282226562,0.0030548227950930595,-0.07625367492437363,-0.0926399677991867,0.992770791053772,1,2325932,19374
1786088915,99223903,1,105.16312408447266,105.5160903930664,-389.67767333984375,,,,,,,,,,2325933,19374
1786088915,99223903,,,,,5,-1497.844970703125,1030.8724365234375,-791.8344116210938,0.002824014751240611,-0.07603348791599274,-0.09015906602144241,0.99301677942276,1,2325933,19374
1786088915,107279993,1,105.12187957763672,105.45262145996094,-389.7309875488281,,,,,,,,,,2325934,19374
1786088915,107279993,,,,,5,-1497.5784912109375,1030.6478271484375,-792.1497802734375,0.001131781842559576,-0.07612474262714386,-0.0819937139749527,0.9937206506729126,1,2325934,19374
1786088915,115155376,1,105.17871856689453,105.53826141357422,-389.5970153808594,,,,,,,,,,2325935,19374
1786088915,115155376,,,,,5,-1497.49951171875,1030.5771484375,-792.225341796875,0.0010784179903566837,-0.07623249292373657,-0.08072623610496521,0.9938162565231323,1,2325935,19374
1786088915,124285055,1,105.74259185791016,106.1422119140625,-389.6780700683594,,,,,,,,,,2325936,19374
1786088915,124285055,,,,,5,-1497.513916015625,1030.5970458984375,-792.193603515625,0.0011748230317607522,-0.07618870586156845,-0.08129242062568665,0.9937734007835388,1,2325936,19374
1786088915,132225080,1,105.46680450439453,105.71710205078125,-389.7203063964844,,,,,,,,,,2325937,19374
1786088915,132225080,,,,,5,-1497.5224609375,1030.5869140625,-792.224853515625,0.0009721133974380791,-0.07608700543642044,-0.08142348378896713,0.9937705397605896,1,2325937,19374
1786088915,140253778,1,106.06522369384766,106.3907470703125,-389.7519226074219,,,,,,,,,,2325938,19374
1786088915,140253778,,,,,5,-1497.511474609375,1030.5770263671875,-792.1937866210938,0.0012629427947103977,-0.07615763694047928,-0.08204451203346252,0.9937137961387634,1,2325938,19374
1786088915,149325088,1,105.14735412597656,105.56367492675781,-389.6093444824219,,,,,,,,,,2325939,19374
1786088915,149325088,,,,,5,-1497.4859619140625,1030.55908203125,-792.2058715820312,0.000965767540037632,-0.07601048797369003,-0.08022913336753845,0.9938735961914062,1,2325939,19374
1786088915,157444187,1,105.14966583251953,105.5672378540039,-389.7244873046875,,,,,,,,,,2325940,19374
1786088915,157444187,,,,,5,-1497.5341796875,1030.61962890625,-792.1250610351562,0.001163321896456182,-0.07608639448881149,-0.08128879219293594,0.993781566619873,1,2325940,19374
1786088915,165029645,1,105.21595764160156,105.60010528564453,-389.6549072265625,,,,,,,,,,2325941,19374
1786088915,165029645,,,,,5,-1497.5013427734375,1030.6407470703125,-792.1421508789062,0.0014196105767041445,-0.07613418251276016,-0.08187173306941986,0.9937297105789185,1,2325941,19374
1786088915,174203549,1,105.22696685791016,105.5600357055664,-389.593994140625,,,,,,,,,,2325942,19374
1786088915,174203549,,,,,5,-1497.453125,1030.5831298828125,-792.2398071289062,0.0011737089371308684,-0.07605402916669846,-0.08163774013519287,0.9937554001808167,1,2325942,19374
1786088915,182138293,1,105.79114532470703,106.13215637207031,-389.660888671875,,,,,,,,,,2325943,19374
1786088915,182138293,,,,,5,-1497.4444580078125,1030.5892333984375,-792.2581176757812,0.0012154849246144295,-0.07615290582180023,-0.08153127133846283,0.9937565326690674,1,2325943,19374
1786088915,190219280,1,104.80879211425781,105.3344955444336,-389.5850830078125,,,,,,,,,,2325944,19374
1786088915,190219280,,,,,5,-1497.4678955078125,1030.63232421875,-792.2337036132812,0.0014456678181886673,-0.07616171985864639,-0.08228036761283875,0.9936937689781189,1,2325944,19374
1786088915,198936855,1,105.25225830078125,105.54708862304688,-389.5468444824219,,,,,,,,,,2325945,19374
1786088915,198936855,,,,,5,-1497.4683837890625,1030.6287841796875,-792.2138061523438,0.0011780839413404465,-0.07603232562541962,-0.08188709616661072,0.9937365055084229,1,2325945,19374
1786088915,207077875,1,105.77352905273438,106.200927734375,-389.60809326171875,,,,,,,,,,2325946,19374
1786088915,207077875,,,,,5,-1497.428466796875,1030.58837890625,-792.2432861328125,0.001043044961988926,-0.07603691518306732,-0.08080469071865082,0.99382483959198,1,2325946,19374
1786088915,215797723,1,105.2084732055664,105.64360046386719,-389.6960754394531,,,,,,,,,,2325947,19374
1786088915,215797723,,,,,5,-1497.4730224609375,1030.597900390625,-792.2074584960938,0.0010126777924597263,-0.0760699212551117,-0.08056308329105377,0.9938419461250305,1,2325947,19374
1786088915,223857941,1,105.82939147949219,106.17090606689453,-389.5644836425781,,,,,,,,,,2325948,19374
1786088915,223857941,,,,,5,-1497.40673828125,1030.5599365234375,-792.211181640625,0.0010467940010130405,-0.0758243128657341,-0.08075063675642014,0.993845522403717,1,2325948,19374
1786088915,231823054,1,105.71965789794922,106.07681274414062,-389.58502197265625,,,,,,,,,,2325949,19374
1786088915,231823054,,,,,5,-1497.4346923828125,1030.6126708984375,-792.23291015625,0.0013636007206514478,-0.07613270729780197,-0.08156664669513702,0.9937549829483032,1,2325949,19374
1786088915,240940157,1,105.21708679199219,105.61268615722656,-389.51934814453125,,,,,,,,,,2325950,19374
1786088915,240940157,,,,,5,-1497.466552734375,1030.6378173828125,-792.2276000976562,0.001296602189540863,-0.0761084035038948,-0.08206141740083694,0.9937161207199097,1,2325950,19374
1786088915,248402988,1,105.18242645263672,105.5208969116211,-389.66143798828125,,,,,,,,,,2325951,19374
1786088915,248402988,,,,,5,-1497.4500732421875,1030.6138916015625,-792.207763671875,0.001159450737759471,-0.07610660791397095,-0.08085104823112488,0.9938156604766846,1,2325951,19374
1786088915,256973712,1,105.85552215576172,106.01472473144531,-389.5746765136719,,,,,,,,,,2325952,19374
1786088915,256973712,,,,,5,-1497.4608154296875,1030.5804443359375,-792.2656860351562,0.0009661354124546051,-0.07611901313066483,-0.08085986226797104,0.9938141703605652,1,2325952,19374
1786088915,266103647,1,105.17398071289062,105.50823211669922,-389.6523132324219,,,,,,,,,,2325953,19374
1786088915,266103647,,,,,5,-1497.48583984375,1030.6231689453125,-792.228759765625,0.0013594316551461816,-0.07612720131874084,-0.0823703482747078,0.9936890006065369,1,2325953,19374
1786088915,273818163,1,105.74278259277344,106.07437133789062,-389.48944091796875,,,,,,,,,,2325954,19374
1786088915,273818163,,,,,5,-1497.4742431640625,1030.5870361328125,-792.2078247070312,0.0011949308682233095,-0.07610633969306946,-0.08127684891223907,0.9937809705734253,1,2325954,19374
1786088915,281768844,1,105.81883239746094,106.17837524414062,-389.5140686035156,,,,,,,,,,2325955,19374
1786088915,281768844,,,,,5,-1498.213134765625,1031.1766357421875,-791.9624633789062,0.00456739729270339,-0.0776771828532219,-0.0991189256310463,0.9920286536216736,1,2325955,19374
1786088915,290648182,1,105.14352416992188,105.47770690917969,-389.7312927246094,,,,,,,,,,2325956,19374
1786088915,290648182,,,,,5,-1497.46826171875,1030.59130859375,-792.2302856445312,0.0011401803931221366,-0.07613376528024673,-0.08121241629123688,0.9937841296195984,1,2325956,19374
1786088915,298531917,1,105.76367950439453,106.19808959960938,-389.513671875,,,,,,,,,,2325957,19374
1786088915,298531917,,,,,5,-1497.4915771484375,1030.5784912109375,-792.1995239257812,0.0013216790976002812,-0.07617690414190292,-0.0816512480378151,0.9937447309494019,1,2325957,19374
1786088915,306798604,1,105.74259185791016,105.99725341796875,-389.5533752441406,,,,,,,,,,2325958,19374
1786088915,306798604,,,,,5,-1498.202880859375,1031.130859375,-791.9812622070312,0.0046077752485871315,-0.07763036340475082,-0.0993550568819046,0.9920085072517395,1,2325958,19374
1786088915,315658838,1,105.81974029541016,106.24624633789062,-389.58685302734375,,,,,,,,,,2325959,19374
1786088915,315658838,,,,,5,-1497.466552734375,1030.563232421875,-792.2332763671875,0.0012913239188492298,-0.07598692923784256,-0.08128444850444794,0.9937893152236938,1,2325959,19374
1786088915,323833043,1,105.27294158935547,105.63137817382812,-389.50146484375,,,,,,,,,,2325960,19374
1786088915,323833043,,,,,5,-1497.4725341796875,1030.582763671875,-792.2140502929688,0.0012287996942177415,-0.07619048655033112,-0.08146645128726959,0.9937589168548584,1,2325960,19374
1786088915,331961615,1,104.91722106933594,105.29198455810547,-389.57568359375,,,,,,,,,,2325961,19374
1786088915,331961615,,,,,5,-1497.4832763671875,1030.6055908203125,-792.2333374023438,0.0010416435543447733,-0.0759463906288147,-0.08164200931787491,0.9937634468078613,1,2325961,19374
1786088915,341031676,1,104.9012680053711,105.30692291259766,-389.5272216796875,,,,,,,,,,2325962,19374
1786088915,341031676,,,,,5,-1497.492431640625,1030.5997314453125,-792.2346801757812,0.0010173965711146593,-0.07603736966848373,-0.08133642375469208,0.9937815070152283,1,2325962,19374
1786088915,348672911,1,105.7276382446289,106.00824737548828,-389.4627990722656,,,,,,,,,,2325963,19374
1786088915,348672911,,,,,5,-1497.4608154296875,1030.5987548828125,-792.2218627929688,0.0011619838187471032,-0.07601885497570038,-0.0814884826540947,0.9937703013420105,1,2325963,19374
1786088915,357805406,1,105.27719116210938,105.58106994628906,-389.56732177734375,,,,,,,,,,2325964,19374
1786088915,357805406,,,,,5,-1497.4892578125,1030.5802001953125,-792.235107421875,0.0010576714994385839,-0.07608287036418915,-0.08080753684043884,0.9938211441040039,1,2325964,19374
1786088915,365848440,1,104.9135513305664,105.37222290039062,-389.43017578125,,,,,,,,,,2325965,19374
1786088915,365848440,,,,,5,-1497.458251953125,1030.599853515625,-792.23876953125,0.0012339685345068574,-0.07613275945186615,-0.08155142515897751,0.9937563538551331,1,2325965,19374
1786088915,373729200,1,105.23526000976562,105.68016815185547,-389.61932373046875,,,,,,,,,,2325966,19374
1786088915,373729200,,,,,5,-1497.9722900390625,1030.5196533203125,-792.1675415039062,0.0011707633966580033,-0.07324422150850296,-0.08923117816448212,0.9933134913444519,1,2325966,19374
1786088915,381744297,1,105.22977447509766,105.59366607666016,-389.541259765625,,,,,,,,,,2325967,19374
1786088915,381744297,,,,,5,-1497.3712158203125,1030.556884765625,-792.29248046875,0.0009912220994010568,-0.07592607289552689,-0.079646535217762,0.9939268827438354,1,2325967,19374
1786088915,390634804,1,105.2681655883789,105.47075653076172,-389.5977478027344,,,,,,,,,,2325968,19374
1786088915,390634804,,,,,5,-1497.2451171875,1030.546142578125,-792.3527221679688,0.0008876360370777547,-0.07614611834287643,-0.07827704399824142,0.9940189719200134,1,2325968,19374
1786088915,398464522,1,105.17756652832031,105.60008239746094,-389.5657653808594,,,,,,,,,,2325969,19374
1786088915,398464522,,,,,5,-1498.0838623046875,1031.189208984375,-792.0379638671875,0.004831402096897364,-0.07839640229940414,-0.09815211594104767,0.9920669794082642,1,2325969,19374
1786088915,407442742,1,105.8255386352539,106.09864807128906,-389.5311279296875,,,,,,,,,,2325970,19374
1786088915,407442742,,,,,5,-1497.364990234375,1030.60693359375,-792.3017578125,0.0011852704919874668,-0.07664015144109726,-0.08025605976581573,0.9938228726387024,1,2325970,19374
1786088915,416281408,1,105.15628051757812,105.510498046875,-389.6329040527344,,,,,,,,,,2325971,19374
1786088915,416281408,,,,,5,-1497.3841552734375,1030.6107177734375,-792.3064575195312,0.001337489578872919,-0.07640984654426575,-0.0807030126452446,0.9938041567802429,1,2325971,19374
1786088915,423507914,1,105.83290100097656,106.26591491699219,-389.553955078125,,,,,,,,,,2325972,19374
1786088915,423507914,,,,,5,-1497.3720703125,1030.603759765625,-792.3109130859375,0.0015160016482695937,-0.07652081549167633,-0.08165891468524933,0.9937173128128052,1,2325972,19374
1786088915,432366772,1,104.94603729248047,105.31344604492188,-389.4935302734375,,,,,,,,,,2325973,19374
1786088915,432366772,,,,,5,-1497.4676513671875,1030.6207275390625,-792.2526245117188,0.0008445737767033279,-0.07649393379688263,-0.07862143963575363,0.993965208530426,1,2325973,19374
1786088915,440847991,1,105.81342315673828,106.19243621826172,-389.536376953125,,,,,,,,,,2325974,19374
1786088915,440847991,,,,,5,-1497.3531494140625,1030.6484375,-792.3030395507812,0.0015904793981462717,-0.07649243623018265,-0.08161269873380661,0.9937232136726379,1,2325974,19374
1786088915,448236517,1,105.77877807617188,106.16375732421875,-389.5460205078125,,,,,,,,,,2325975,19374
1786088915,448236517,,,,,5,-1497.317138671875,1030.67236328125,-792.3231201171875,0.0020397300831973553,-0.07653690129518509,-0.08319294452667236,0.993587851524353,1,2325975,19374
1786088915,457702170,1,105.22804260253906,105.66059112548828,-389.6817932128906,,,,,,,,,,2325976,19374
1786088915,457702170,,,,,5,-1497.25390625,1030.440673828125,-792.2818603515625,-0.0009828087640926242,-0.07745394855737686,-0.07591905444860458,0.9941007494926453,1,2325976,19374
1786088915,465365165,1,105.7389144897461,106.05875396728516,-389.45538330078125,,,,,,,,,,2325977,19374
1786088915,465365165,,,,,5,-1497.265625,1030.345703125,-792.2785034179688,-0.0017827287083491683,-0.07689040154218674,-0.07342831045389175,0.9943304657936096,1,2325977,19374
1786088915,474336697,1,105.13829803466797,105.54558563232422,-389.6033630371094,,,,,,,,,,2325978,19374
1786088915,474336697,,,,,5,-1497.307373046875,1030.3690185546875,-792.297119140625,-0.001396212144754827,-0.07692775130271912,-0.07506637275218964,0.9942057728767395,1,2325978,19374
1786088915,482329746,1,105.17610168457031,105.49100494384766,-389.6567687988281,,,,,,,,,,2325979,19374
1786088915,482329746,,,,,5,-1497.394775390625,1030.3870849609375,-792.2758178710938,-0.0011039366945624352,-0.07740757614374161,-0.07614050805568695,0.9940873384475708,1,2325979,19374
1786088915,490356204,1,105.75843048095703,106.24678802490234,-389.57501220703125,,,,,,,,,,2325980,19374
1786088915,490356204,,,,,5,-1497.370361328125,1030.30029296875,-792.2662353515625,-0.001688708201982081,-0.07579170167446136,-0.07508908957242966,0.9942909479141235,1,2325980,19374
1786088915,499121717,1,105.58343505859375,105.89734649658203,-389.7478942871094,,,,,,,,,,2325981,19374
1786088915,499121717,,,,,5,-1497.209228515625,1030.383056640625,-792.2967529296875,-0.001768859219737351,-0.07710613310337067,-0.07224791496992111,0.9944002032279968,1,2325981,19374
1786088915,507336626,1,105.19682312011719,105.56178283691406,-389.62115478515625,,,,,,,,,,2325982,19374
1786088915,507336626,,,,,5,-1497.265869140625,1030.3529052734375,-792.30517578125,-0.001560275792144239,-0.07666833698749542,-0.07309471815824509,0.994372546672821,1,2325982,19374
1786088915,515599921,1,105.85948181152344,106.21011352539062,-389.5179748535156,,,,,,,,,,2325983,19374
1786088915,515599921,,,,,5,-1497.1839599609375,1030.3177490234375,-792.2976684570312,-0.0019393300171941519,-0.077146977186203,-0.07244301587343216,0.9943824410438538,1,2325983,19374
1786088915,524050515,1,105.73894500732422,106.07616424560547,-389.489013671875,,,,,,,,,,2325984,19374
1786088915,524050515,,,,,5,-1497.209228515625,1030.316650390625,-792.2945556640625,-0.001969254110008478,-0.07676871865987778,-0.07317067682743073,0.9943584203720093,1,2325984,19374
1786088915,532193487,1,104.93083190917969,105.20260620117188,-389.50628662109375,,,,,,,,,,2325985,19374
1786088915,532193487,,,,,5,-1497.208251953125,1030.3236083984375,-792.30126953125,-0.002008798299357295,-0.07685177028179169,-0.07251196354627609,0.9944002032279968,1,2325985,19374
1786088915,540503854,1,105.79515838623047,106.15501403808594,-389.6370849609375,,,,,,,,,,2325986,19374
1786088915,540503854,,,,,5,-1497.2117919921875,1030.3670654296875,-792.3035278320312,-0.0015838840045034885,-0.07696907967329025,-0.07297282665967941,0.9943581223487854,1,2325986,19374
1786088915,548149665,1,105.20056915283203,105.58734893798828,-389.52716064453125,,,,,,,,,,2325987,19374
1786088915,548149665,,,,,5,-1497.363525390625,1030.497314453125,-792.1967163085938,-2.201900315412786e-05,-0.0763273537158966,-0.07595675438642502,0.9941853284835815,1,2325987,19374
1786088915,557078156,1,105.21414947509766,105.65382385253906,-389.57733154296875,,,,,,,,,,2325988,19374
1786088915,557078156,,,,,5,-1497.1912841796875,1030.4891357421875,-792.2888793945312,-0.00022600711963605136,-0.07691333442926407,-0.07634878903627396,0.9941102266311646,1,2325988,19374
1786088915,565056613,1,104.95891571044922,105.30618286132812,-389.49725341796875,,,,,,,,,,2325989,19374
1786088915,565056613,,,,,5,-1497.1883544921875,1030.4803466796875,-792.2327270507812,-0.0005698070744983852,-0.076980359852314,-0.07535794377326965,0.9941806197166443,1,2325989,19374
1786088915,573941744,1,105.19649505615234,105.5660171508789,-389.5509338378906,,,,,,,,,,2325990,19374
1786088915,573941744,,,,,5,-1497.1903076171875,1030.5096435546875,-792.2515869140625,2.408548789389897e-05,-0.07682736217975616,-0.07707583904266357,0.9940608143806458,1,2325990,19374
1786088915,581949705,1,105.76204681396484,106.18746185302734,-389.5767517089844,,,,,,,,,,2325991,19374
1786088915,581949705,,,,,5,-1497.1798095703125,1030.4581298828125,-792.2702026367188,-0.0004828831006307155,-0.07698450982570648,-0.07570124417543411,0.994154155254364,1,2325991,19374
1786088915,590966806,1,105.7640380859375,106.26763916015625,-389.5833435058594,,,,,,,,,,2325992,19374
1786088915,590966806,,,,,5,-1497.169921875,1030.477783203125,-792.2069702148438,-0.00014865343109704554,-0.07711144536733627,-0.07652045041322708,0.9940816760063171,1,2325992,19374
1786088915,598728619,1,105.19780731201172,105.60872650146484,-389.5046691894531,,,,,,,,,,2325993,19374
1786088915,598728619,,,,,5,-1497.1514892578125,1030.496337890625,-792.2513427734375,-0.00029700197046622634,-0.07699379324913025,-0.07595576345920563,0.9941340088844299,1,2325993,19374
1786088915,607012746,1,104.9466552734375,105.342529296875,-389.4571228027344,,,,,,,,,,2325994,19374
1786088915,607012746,,,,,5,-1497.1842041015625,1030.4708251953125,-792.287841796875,-0.0006329657626338303,-0.07706256955862045,-0.0749840959906578,0.9942023158073425,1,2325994,19374
1786088915,615782066,1,104.91824340820312,105.31350708007812,-389.4913635253906,,,,,,,,,,2325995,19374
1786088915,615782066,,,,,5,-1497.159423828125,1030.504150390625,-792.2468872070312,-0.0005075130029581487,-0.07687689363956451,-0.07589509338140488,0.9941476583480835,1,2325995,19374
1786088915,623836172,1,105.76426696777344,106.21736907958984,-389.54083251953125,,,,,,,,,,2325996,19374
1786088915,623836172,,,,,5,-1497.16748046875,1030.4881591796875,-792.2391967773438,-0.00047887139953672886,-0.07710371166467667,-0.07555188238620758,0.9941563010215759,1,2325996,19374
1786088915,631788869,1,104.86235046386719,105.26318359375,-389.5650634765625,,,,,,,,,,2325997,19374
1786088915,631788869,,,,,5,-1497.190673828125,1030.4486083984375,-792.2760009765625,-0.0005971339414827526,-0.07715629041194916,-0.07504229992628098,0.9941907525062561,1,2325997,19374
1786088915,640873619,1,105.19617462158203,105.51496124267578,-389.6389465332031,,,,,,,,,,2325998,19374
1786088915,640873619,,,,,5,-1497.1881103515625,1030.4853515625,-792.2640991210938,-0.0003655340406112373,-0.07688383758068085,-0.07592777907848358,0.9941446185112,1,2325998,19374
1786088915,649082577,1,105.22209167480469,105.66157531738281,-389.6219787597656,,,,,,,,,,2325999,19374
1786088915,649082577,,,,,5,-1497.2027587890625,1030.50634765625,-792.2426147460938,-0.00015406677266582847,-0.07684936374425888,-0.07644176483154297,0.9941080212593079,1,2325999,19374
1786088915,657025833,1,104.87942504882812,105.15371704101562,-389.6289367675781,,,,,,,,,,2326000,19374
1786088915,657025833,,,,,5,-1497.171142578125,1030.4852294921875,-792.2543334960938,-0.00028589434805326164,-0.0770595446228981,-0.07588990777730942,0.9941339492797852,1,2326000,19374
1786088915,665691471,1,104.89950561523438,105.31990814208984,-389.56744384765625,,,,,,,,,,2326001,19374
1786088915,665691471,,,,,5,-1497.184814453125,1030.462646484375,-792.2442016601562,-0.0004697350668720901,-0.07706978917121887,-0.07530612498521805,0.9941776394844055,1,2326001,19374
1786088915,673704393,1,105.2127914428711,105.5595703125,-389.65869140625,,,,,,,,,,2326002,19374
1786088915,673704393,,,,,5,-1497.1802978515625,1030.463134765625,-792.255615234375,-0.0005369872669689357,-0.07692121714353561,-0.0755908340215683,0.9941675066947937,1,2326002,19374
1786088915,682617300,1,105.61644744873047,105.87609100341797,-389.84552001953125,,,,,,,,,,2326003,19374
1786088915,682617300,,,,,5,-1497.2113037109375,1030.501220703125,-792.267822265625,-0.00013206058065406978,-0.0770258903503418,-0.07621726393699646,0.9941115975379944,1,2326003,19374
1786088915,690629486,1,105.21504211425781,105.55619049072266,-389.54736328125,,,,,,,,,,2326004,19374
1786088915,690629486,,,,,5,-1497.16845703125,1030.458251953125,-792.2575073242188,-0.0005761051434092224,-0.07701709866523743,-0.07510817795991898,0.9941965341567993,1,2326004,19374
1786088915,698468260,1,105.80905151367188,106.24630737304688,-389.5707092285156,,,,,,,,,,2326005,19374
1786088915,698468260,,,,,5,-1497.18212890625,1030.4560546875,-792.2709350585938,-0.0006707407301291823,-0.0769791230559349,-0.07505792379379272,0.9942032098770142,1,2326005,19374
1786088915,707573362,1,105.26700592041016,105.54934692382812,-389.51092529296875,,,,,,,,,,2326006,19374
1786088915,707573362,,,,,5,-1497.1573486328125,1030.4632568359375,-792.2562255859375,-0.00045148181379772723,-0.07697694003582001,-0.07605892419815063,0.9941274523735046,1,2326006,19374
1786088915,715644557,1,105.23871612548828,105.6109619140625,-389.5330810546875,,,,,,,,,,2326007,19374
1786088915,715644557,,,,,5,-1497.1680908203125,1030.4449462890625,-792.2367553710938,-0.00038076768396422267,-0.07694777101278305,-0.07587241381406784,0.9941439628601074,1,2326007,19374
1786088915,723761065,1,105.24150085449219,105.63504028320312,-389.5962219238281,,,,,,,,,,2326008,19374
1786088915,723761065,,,,,5,-1497.1812744140625,1030.488037109375,-792.2587280273438,-0.0003729817981366068,-0.0769541934132576,-0.07556062936782837,0.9941673278808594,1,2326008,19374
1786088915,732418351,1,104.99221801757812,105.35310363769531,-389.45257568359375,,,,,,,,,,2326009,19374
1786088915,732418351,,,,,5,-1497.1883544921875,1030.47509765625,-792.2532958984375,-0.0003481578314676881,-0.07695630192756653,-0.07548431307077408,0.9941729307174683,1,2326009,19374
1786088915,740740655,1,105.28822326660156,105.64227294921875,-389.5147399902344,,,,,,,,,,2326010,19374
1786088915,740740655,,,,,5,-1497.18359375,1030.468017578125,-792.2547607421875,-0.00035308205406181514,-0.07697242498397827,-0.07596238702535629,0.9941351413726807,1,2326010,19374
1786088915,748750184,1,105.23246002197266,105.5422592163086,-389.6389465332031,,,,,,,,,,2326011,19374
1786088915,748750184,,,,,5,-1497.2127685546875,1030.4739990234375,-792.2542114257812,-0.0004899565828964114,-0.07689869403839111,-0.07522387057542801,0.9941970109939575,1,2326011,19374
1786088915,757428783,1,105.1875228881836,105.64342498779297,-389.6430969238281,,,,,,,,,,2326012,19374
1786088915,757428783,,,,,5,-1497.187744140625,1030.47705078125,-792.2738647460938,-0.00043734305654652417,-0.07706999778747559,-0.07539946585893631,0.9941704273223877,1,2326012,19374
1786088915,765263973,1,105.77482604980469,106.18191528320312,-389.5933837890625,,,,,,,,,,2326013,19374
1786088915,765263973,,,,,5,-1497.185546875,1030.4761962890625,-792.2369995117188,-0.00044752308167517185,-0.07693666219711304,-0.07578767836093903,0.99415123462677,1,2326013,19374
1786088915,774550903,1,105.78569030761719,106.15459442138672,-389.52105712890625,,,,,,,,,,2326014,19374
1786088915,774550903,,,,,5,-1497.158203125,1030.4730224609375,-792.2388916015625,-0.0003494760312605649,-0.07715845108032227,-0.07571298629045486,0.9941397905349731,1,2326014,19374
1786088915,781773762,1,104.90206146240234,105.26056671142578,-389.4347229003906,,,,,,,,,,2326015,19374
1786088915,781773762,,,,,5,-1497.1656494140625,1030.4803466796875,-792.23779296875,-0.0002385225088801235,-0.07698475569486618,-0.07603004574775696,0.9941291213035583,1,2326015,19374
1786088915,790478761,1,105.7515640258789,106.0792007446289,-389.6742248535156,,,,,,,,,,2326016,19374
1786088915,790478761,,,,,5,-1497.080810546875,1030.4686279296875,-792.1393432617188,-0.0006554598803631961,-0.07820005714893341,-0.07456961274147034,0.9941447377204895,1,2326016,19374
1786088915,798350687,1,105.28306579589844,105.55148315429688,-389.59552001953125,,,,,,,,,,2326017,19374
1786088915,798350687,,,,,5,-1497.2076416015625,1030.4959716796875,-792.2620849609375,-0.00016216850781347603,-0.07666230946779251,-0.07624805718660355,0.9941372871398926,1,2326017,19374
1786088915,807364684,1,105.1328353881836,105.72720336914062,-389.6458435058594,,,,,,,,,,2326018,19374
1786088915,807364684,,,,,5,-1497.192138671875,1030.4600830078125,-792.266845703125,-0.0002497247769497335,-0.07664183527231216,-0.0765794888138771,0.9941133856773376,1,2326018,19374
1786088915,815179042,1,105.76667022705078,106.0691146850586,-389.6236267089844,,,,,,,,,,2326019,19374
1786088915,815179042,,,,,5,-1497.2000732421875,1030.4747314453125,-792.3019409179688,-0.000507727381773293,-0.07677185535430908,-0.07524269819259644,0.9942052960395813,1,2326019,19374
1786088915,824255824,1,105.18771362304688,105.48678588867188,-389.640869140625,,,,,,,,,,2326020,19374
1786088915,824255824,,,,,5,-1497.1968994140625,1030.47509765625,-792.2994995117188,-0.000483582669403404,-0.07682578265666962,-0.07555416971445084,0.9941776990890503,1,2326020,19374
1786088915,832296555,1,105.17135620117188,105.55392456054688,-389.6316223144531,,,,,,,,,,2326021,19374
1786088915,832296555,,,,,5,-1497.2076416015625,1030.5091552734375,-792.2783813476562,5.346870966604911e-05,-0.07661975175142288,-0.07657404989004135,0.9941154718399048,1,2326021,19374
1786088915,840470215,1,105.76769256591797,106.11866760253906,-389.6007385253906,,,,,,,,,,2326022,19374
1786088915,840470215,,,,,5,-1497.417236328125,1030.5135498046875,-792.4033203125,0.00027919275453314185,-0.07461908459663391,-0.07725360989570618,0.9942151308059692,1,2326022,19374
1786088915,849110285,1,104.91712188720703,105.32266235351562,-389.59014892578125,,,,,,,,,,2326023,19374
1786088915,849110285,,,,,5,-1497.2498779296875,1030.466552734375,-792.3228759765625,-0.0009475399274379015,-0.07671435922384262,-0.07368598878383636,0.9943260550498962,1,2326023,19374
1786088915,857140903,1,105.24183654785156,105.63450622558594,-389.5896911621094,,,,,,,,,,2326024,19374
1786088915,857140903,,,,,5,-1497.1806640625,1030.437255859375,-792.2976684570312,-0.000504483818076551,-0.07662682235240936,-0.07528787851333618,0.9942131638526917,1,2326024,19374
1786088915,865321476,1,105.8058853149414,106.14417266845703,-389.5704040527344,,,,,,,,,,2326025,19374
1786088915,865321476,,,,,5,-1497.2100830078125,1030.456298828125,-792.2980346679688,-0.0003133894642814994,-0.07673034071922302,-0.07612372934818268,0.9941415786743164,1,2326025,19374
1786088915,874255503,1,105.81096649169922,106.16189575195312,-389.515869140625,,,,,,,,,,2326026,19374
1786088915,874255503,,,,,5,-1497.1920166015625,1030.4339599609375,-792.299072265625,-0.0003580766497179866,-0.07676878571510315,-0.07607334852218628,0.9941425323486328,1,2326026,19374
1786088915,882211496,1,105.18673706054688,105.53225708007812,-389.5993957519531,,,,,,,,,,2326027,19374
1786088915,882211496,,,,,5,-1497.194580078125,1030.4710693359375,-792.3092651367188,-0.00033951265504583716,-0.07674913108348846,-0.0759340226650238,0.9941546320915222,1,2326027,19374
1786088915,890247906,1,105.27237701416016,105.68069458007812,-389.6042785644531,,,,,,,,,,2326028,19374
1786088915,890247906,,,,,5,-1497.1529541015625,1030.4622802734375,-792.2445068359375,8.032462937990203e-05,-0.07688387483358383,-0.07749251276254654,0.9940240979194641,1,2326028,19374
1786088915,899210958,1,105.15330505371094,105.5366439819336,-389.6645202636719,,,,,,,,,,2326029,19374
1786088915,899210958,,,,,5,-1497.212158203125,1030.44921875,-792.27880859375,4.999273005523719e-05,-0.07678601145744324,-0.0769902914762497,0.9940705895423889,1,2326029,19374
1786088915,907046468,1,105.22435760498047,105.64432525634766,-389.6318664550781,,,,,,,,,,2326030,19374
1786088915,907046468,,,,,5,-1497.2120361328125,1030.4554443359375,-792.2987060546875,-0.00030639409669674933,-0.07662306725978851,-0.07603757828474045,0.9941565990447998,1,2326030,19374
1786088915,915925550,1,106.0826644897461,106.4278564453125,-389.8403015136719,,,,,,,,,,2326031,19374
1786088915,915925550,,,,,5,-1497.2322998046875,1030.4398193359375,-792.3119506835938,-0.0004802732728421688,-0.07659956067800522,-0.07612480968236923,0.9941515326499939,1,2326031,19374
1786088915,923948008,1,105.2261734008789,105.56319427490234,-389.5628356933594,,,,,,,,,,2326032,19374
1786088915,923948008,,,,,5,-1497.2064208984375,1030.4342041015625,-792.3076171875,-0.0003976433363277465,-0.0764303207397461,-0.07625474035739899,0.9941545724868774,1,2326032,19374
1786088915,931794687,1,105.19977569580078,105.62482452392578,-389.64703369140625,,,,,,,,,,2326033,19374
1786088915,931794687,,,,,5,-1497.265869140625,1030.4583740234375,-792.3349609375,-0.001095056300982833,-0.07651643455028534,-0.07346798479557037,0.9943573474884033,1,2326033,19374
1786088915,940906670,1,105.82949829101562,106.20704650878906,-389.4752197265625,,,,,,,,,,2326034,19374
1786088915,940906670,,,,,5,-1497.2080078125,1030.42431640625,-792.3087768554688,-0.0004908262635581195,-0.07641185075044632,-0.07595198601484299,0.9941792488098145,1,2326034,19374
1786088915,948832166,1,105.22350311279297,105.56092834472656,-389.5496520996094,,,,,,,,,,2326035,19374
1786088915,948832166,,,,,5,-1497.242431640625,1030.4456787109375,-792.2653198242188,-0.0006380153354257345,-0.07649695873260498,-0.07537861913442612,0.99421626329422,1,2326035,19374
1786088915,957154341,1,105.21699523925781,105.58354949951172,-389.5257873535156,,,,,,,,,,2326036,19374
1786088915,957154341,,,,,5,-1497.2103271484375,1030.450927734375,-792.3162841796875,-0.0004486212565097958,-0.07659740746021271,-0.07615981996059418,0.9941490292549133,1,2326036,19374
1786088915,965172799,1,105.29180145263672,105.63555908203125,-389.5632629394531,,,,,,,,,,2326037,19374
1786088915,965172799,,,,,5,-1497.2000732421875,1030.437744140625,-792.3074340820312,-0.0004675659292843193,-0.0766824260354042,-0.07625358551740646,0.9941352605819702,1,2326037,19374
1786088915,973859782,1,105.25416564941406,105.62483215332031,-389.4934387207031,,,,,,,,,,2326038,19374
1786088915,973859782,,,,,5,-1497.204833984375,1030.4320068359375,-792.3261108398438,-0.0007428693934343755,-0.07658736407756805,-0.07556679099798203,0.9941948652267456,1,2326038,19374
1786088915,981967905,1,105.8178939819336,106.17695617675781,-389.50616455078125,,,,,,,,,,2326039,19374
1786088915,981967905,,,,,5,-1497.2412109375,1030.4881591796875,-792.2998657226562,3.289078449597582e-05,-0.07645589858293533,-0.07742992043495178,0.9940618872642517,1,2326039,19374
1786088915,990875948,1,104.95978546142578,105.34133911132812,-389.45513916015625,,,,,,,,,,2326040,19375
1786088915,990875948,,,,,5,-1497.2193603515625,1030.4349365234375,-792.3092651367188,-0.0005235883872956038,-0.07645343244075775,-0.07616041600704193,0.9941600561141968,1,2326040,19375
1786088915,998679170,1,105.21321868896484,105.56526947021484,-389.6300964355469,,,,,,,,,,2326041,19375
1786088915,998679170,,,,,5,-1497.2320556640625,1030.433349609375,-792.3112182617188,-0.0003249265719205141,-0.07646427303552628,-0.07656105607748032,0.9941284656524658,1,2326041,19375
1786088916,7042786,1,104.8827896118164,105.31433868408203,-389.5046691894531,,,,,,,,,,2326042,19375
1786088916,7042786,,,,,5,-1497.2030029296875,1030.4453125,-792.3096313476562,-0.0003792222705669701,-0.07653740048408508,-0.07610681653022766,0.9941578507423401,1,2326042,19375
1786088916,15762217,1,105.1747055053711,105.53819274902344,-389.69122314453125,,,,,,,,,,2326043,19375
1786088916,15762217,,,,,5,-1497.2183837890625,1030.463134765625,-792.2400512695312,-0.0003465332556515932,-0.0768270269036293,-0.07651384174823761,0.9941042065620422,1,2326043,19375
1786088916,23840900,1,104.92028045654297,105.31144714355469,-389.44561767578125,,,,,,,,,,2326044,19375
1786088916,23840900,,,,,5,-1497.2113037109375,1030.4764404296875,-792.1615600585938,-0.0001886701356852427,-0.077120341360569,-0.0771232470870018,0.9940344095230103,1,2326044,19375
1786088916,31739804,1,105.74573516845703,106.19052124023438,-389.5622863769531,,,,,,,,,,2326045,19375
1786088916,31739804,,,,,5,-1497.2237548828125,1030.455078125,-792.3397827148438,-0.0002946646709460765,-0.07639925926923752,-0.07639102637767792,0.9941465258598328,1,2326045,19375
1786088916,40805610,1,105.20525360107422,105.5624008178711,-389.54815673828125,,,,,,,,,,2326046,19375
1786088916,40805610,,,,,5,-1497.22607421875,1030.465087890625,-792.3446655273438,-0.00032134042703546584,-0.07632844895124435,-0.07633081078529358,0.9941567778587341,1,2326046,19375
1786088916,48698689,1,105.19525909423828,105.68583679199219,-389.5759582519531,,,,,,,,,,2326047,19375
1786088916,48698689,,,,,5,-1497.21923828125,1030.4866943359375,-792.3472900390625,-0.0002791392616927624,-0.0762799009680748,-0.07638422399759293,0.9941563010215759,1,2326047,19375
1786088916,57885521,1,105.7550048828125,106.14688110351562,-389.6441955566406,,,,,,,,,,2326048,19375
1786088916,57885521,,,,,5,-1497.2276611328125,1030.4827880859375,-792.3385620117188,-0.0002636031713336706,-0.07635053247213364,-0.07628808915615082,0.994158148765564,1,2326048,19375
1786088916,65602853,1,105.76820373535156,106.16690063476562,-389.5349426269531,,,,,,,,,,2326049,19375
1786088916,65602853,,,,,5,-1497.2174072265625,1030.4383544921875,-792.3566284179688,-0.0005179757135920227,-0.07641137391328812,-0.07582186162471771,0.9941890239715576,1,2326049,19375
1786088916,73831715,1,105.74169921875,106.13641357421875,-389.6156921386719,,,,,,,,,,2326050,19375
1786088916,73831715,,,,,5,-1497.2181396484375,1030.4666748046875,-792.336181640625,-0.0003357967652846128,-0.07629293203353882,-0.07625499367713928,0.9941652417182922,1,2326050,19375
1786088916,81568791,1,105.15835571289062,105.5177993774414,-389.5774841308594,,,,,,,,,,2326051,19375
1786088916,81568791,,,,,5,-1497.2421875,1030.5029296875,-792.3349609375,2.1131096218596213e-05,-0.07620325684547424,-0.07689087092876434,0.9941231608390808,1,2326051,19375
1786088916,90567940,1,105.21156311035156,105.64630126953125,-389.6824951171875,,,,,,,,,,2326052,19375
1786088916,90567940,,,,,5,-1497.2161865234375,1030.4801025390625,-792.3300170898438,-0.00018485114560462534,-0.07634908705949783,-0.07675967365503311,0.9941221475601196,1,2326052,19375
1786088916,98522973,1,105.20669555664062,105.36841583251953,-389.5631408691406,,,,,,,,,,2326053,19375
1786088916,98522973,,,,,5,-1497.2318115234375,1030.47900390625,-792.3379516601562,-0.00019988877465948462,-0.07627703249454498,-0.07649187743663788,0.994148313999176,1,2326053,19375
1786088916,107487560,1,105.2160873413086,105.62265014648438,-389.46893310546875,,,,,,,,,,2326054,19375
1786088916,107487560,,,,,5,-1497.224853515625,1030.4552001953125,-792.3392944335938,-0.00038851069984957576,-0.07631281018257141,-0.07598859816789627,0.9941840767860413,1,2326054,19375
1786088916,115447297,1,105.19477081298828,105.74154663085938,-389.4837951660156,,,,,,,,,,2326055,19375
1786088916,115447297,,,,,5,-1497.244140625,1030.467041015625,-792.3019409179688,-0.0003922780742868781,-0.07640024274587631,-0.07565538585186005,0.9942026734352112,1,2326055,19375
1786088916,123831970,1,104.92613983154297,105.3419189453125,-389.4189758300781,,,,,,,,,,2326056,19375
1786088916,123831970,,,,,5,-1497.2283935546875,1030.4755859375,-792.3453979492188,-0.00041928657446987927,-0.07635709643363953,-0.07589719444513321,0.994187593460083,1,2326056,19375
1786088916,132540937,1,105.7554702758789,106.17688751220703,-389.5227966308594,,,,,,,,,,2326057,19375
1786088916,132540937,,,,,5,-1497.2200927734375,1030.466552734375,-792.3386840820312,-0.00037414237158373,-0.07632981240749359,-0.07614577561616898,0.9941707253456116,1,2326057,19375
1786088916,140622916,1,105.77689361572266,106.16754150390625,-389.54071044921875,,,,,,,,,,2326058,19375
1786088916,140622916,,,,,5,-1497.2369384765625,1030.462646484375,-792.321044921875,-0.0004352753749117255,-0.07630114257335663,-0.0762496292591095,0.9941649436950684,1,2326058,19375
1786088916,148379481,1,104.82968139648438,105.28131103515625,-389.596435546875,,,,,,,,,,2326059,19375
1786088916,148379481,,,,,5,-1497.2249755859375,1030.4517822265625,-792.3247680664062,-0.00039384892443194985,-0.0762496143579483,-0.07603728771209717,0.9941851496696472,1,2326059,19375
1786088916,157446663,1,105.78626251220703,106.10730743408203,-389.5707092285156,,,,,,,,,,2326060,19375
1786088916,157446663,,,,,5,-1497.2288818359375,1030.47314453125,-792.3257446289062,-0.00017124017176683992,-0.07622426003217697,-0.0765642523765564,0.9941467642784119,1,2326060,19375
1786088916,165231196,1,104.8742904663086,105.31024169921875,-389.4671936035156,,,,,,,,,,2326061,19375
1786088916,165231196,,,,,5,-1497.219970703125,1030.4730224609375,-792.3004760742188,-9.084795601665974e-05,-0.07634669542312622,-0.07637865841388702,0.9941515922546387,1,2326061,19375
1786088916,174262473,1,105.1893310546875,105.58021545410156,-389.565185546875,,,,,,,,,,2326062,19375
1786088916,174262473,,,,,5,-1497.2110595703125,1030.4364013671875,-792.3195190429688,-0.00032737714354880154,-0.07614168524742126,-0.07574449479579926,0.9942157864570618,1,2326062,19375
1786088916,182356996,1,105.22350311279297,105.60983276367188,-389.53887939453125,,,,,,,,,,2326063,19375
1786088916,182356996,,,,,5,-1497.221435546875,1030.479248046875,-792.354736328125,-0.00020348193356767297,-0.0763431191444397,-0.07623495906591415,0.994162917137146,1,2326063,19375
1786088916,190380414,1,105.8169937133789,106.15132141113281,-389.51824951171875,,,,,,,,,,2326064,19375
1786088916,190380414,,,,,5,-1497.2166748046875,1030.4703369140625,-792.3231201171875,-0.0002827744174282998,-0.07632796466350555,-0.07620362192392349,0.9941665530204773,1,2326064,19375
1786088916,199082373,1,105.50322723388672,105.8370590209961,-389.85809326171875,,,,,,,,,,2326065,19375
1786088916,199082373,,,,,5,-1497.2288818359375,1030.4635009765625,-792.3344116210938,-0.00041649493505246937,-0.07622860372066498,-0.07625117897987366,0.9941703677177429,1,2326065,19375
1786088916,207231938,1,105.18213653564453,105.61119842529297,-389.57501220703125,,,,,,,,,,2326066,19375
1786088916,207231938,,,,,5,-1497.2166748046875,1030.4737548828125,-792.3345947265625,-0.00014717274461872876,-0.07627600431442261,-0.07680405676364899,0.9941242337226868,1,2326066,19375
1786088916,215100184,1,105.234375,105.59245300292969,-389.52801513671875,,,,,,,,,,2326067,19375
1786088916,215100184,,,,,5,-1497.2218017578125,1030.4593505859375,-792.347900390625,-0.0002972278743982315,-0.07632411271333694,-0.07612507790327072,0.9941728115081787,1,2326067,19375
1786088916,224244392,1,105.63396453857422,106.07965087890625,-389.5144958496094,,,,,,,,,,2326068,19375
1786088916,224244392,,,,,5,-1497.2186279296875,1030.4658203125,-792.3466186523438,-0.0003145896771457046,-0.07630941271781921,-0.07610142230987549,0.9941757917404175,1,2326068,19375
1786088916,232138239,1,105.82221221923828,106.15424346923828,-389.5836486816406,,,,,,,,,,2326069,19375
1786088916,232138239,,,,,5,-1497.2279052734375,1030.4427490234375,-792.3414306640625,0.00017316112644039094,-0.07627945393323898,-0.07682549953460693,0.9941223859786987,1,2326069,19375
1786088916,241104587,1,104.96559143066406,105.33454895019531,-389.45013427734375,,,,,,,,,,2326070,19375
1786088916,241104587,,,,,5,-1497.212646484375,1030.4246826171875,-792.32666015625,8.52611701702699e-05,-0.07620645314455032,-0.07670527696609497,0.9941372275352478,1,2326070,19375
1786088916,249070404,1,105.75514221191406,106.23053741455078,-389.506591796875,,,,,,,,,,2326071,19375
1786088916,249070404,,,,,5,-1497.22900390625,1030.470947265625,-792.3253173828125,-0.0002597142884042114,-0.07630220055580139,-0.07639630138874054,0.9941536784172058,1,2326071,19375
1786088916,257410884,1,105.71930694580078,106.12061309814453,-389.62646484375,,,,,,,,,,2326072,19375
1786088916,257410884,,,,,5,-1497.2283935546875,1030.43994140625,-792.3455200195312,-0.0002366981643717736,-0.07630550861358643,-0.0763731524348259,0.9941551685333252,1,2326072,19375
1786088916,265230778,1,105.20529174804688,105.55928802490234,-389.56256103515625,,,,,,,,,,2326073,19375
1786088916,265230778,,,,,5,-1497.22314453125,1030.4351806640625,-792.3361206054688,-6.27043264103122e-05,-0.0763792172074318,-0.07663492858409882,0.9941294193267822,1,2326073,19375
1786088916,274050115,1,105.21519470214844,105.57342529296875,-389.5986328125,,,,,,,,,,2326074,19375
1786088916,274050115,,,,,5,-1497.2296142578125,1030.4654541015625,-792.3223876953125,-0.0003609853738453239,-0.07645884156227112,-0.07635755091905594,0.9941446185112,1,2326074,19375
1786088916,281915738,1,105.71717071533203,106.05276489257812,-389.5374450683594,,,,,,,,,,2326075,19375
1786088916,281915738,,,,,5,-1497.22412109375,1030.4735107421875,-792.3558959960938,-0.0001873042929219082,-0.07627774775028229,-0.07649599015712738,0.9941478371620178,1,2326075,19375
1786088916,290892678,1,105.7629623413086,106.14301300048828,-389.5338134765625,,,,,,,,,,2326076,19375
1786088916,290892678,,,,,5,-1497.2261962890625,1030.4658203125,-792.3482666015625,-0.00011168517812620848,-0.07633301615715027,-0.0764692947268486,0.9941457509994507,1,2326076,19375
1786088916,298942112,1,104.99118041992188,105.16062927246094,-389.50433349609375,,,,,,,,,,2326077,19375
1786088916,298942112,,,,,5,-1497.2357177734375,1030.4808349609375,-792.3191528320312,-0.00011641420860541984,-0.0763130858540535,-0.0765959843993187,0.9941375255584717,1,2326077,19375
1786088916,307537477,1,105.23992919921875,105.56890869140625,-389.5478820800781,,,,,,,,,,2326078,19375
1786088916,307537477,,,,,5,-1497.2137451171875,1030.4652099609375,-792.3095092773438,-0.00015520554734393954,-0.07658546417951584,-0.076495461165905,0.9941243529319763,1,2326078,19375
1786088916,314467210,1,105.9964599609375,106.61463928222656,-389.7574462890625,,,,,,,,,,2326079,19375
1786088916,314467210,,,,,5,-1497.209716796875,1030.4622802734375,-792.3262329101562,-0.0002851618337444961,-0.076636902987957,-0.07643626630306244,0.9941248297691345,1,2326079,19375
1786088916,323869151,1,105.17811584472656,105.65776824951172,-389.6818542480469,,,,,,,,,,2326080,19375
1786088916,323869151,,,,,5,-1497.2093505859375,1030.471435546875,-792.3074340820312,-0.0002423613768769428,-0.07652509212493896,-0.07632960379123688,0.9941416382789612,1,2326080,19375
1786088916,331699349,1,105.75774383544922,106.16614532470703,-389.6755676269531,,,,,,,,,,2326081,19375
1786088916,331699349,,,,,5,-1497.204345703125,1030.44921875,-792.3082885742188,-0.0003074592968914658,-0.07651546597480774,-0.0761353150010109,0.9941571950912476,1,2326081,19375
1786088916,340818212,1,104.8740463256836,105.28923797607422,-389.54901123046875,,,,,,,,,,2326082,19375
1786088916,340818212,,,,,5,-1497.20947265625,1030.4527587890625,-792.3046264648438,-0.0004545390547718853,-0.07655246555805206,-0.07593563944101334,0.9941695928573608,1,2326082,19375
1786088916,348722907,1,105.18698120117188,105.59132385253906,-389.56146240234375,,,,,,,,,,2326083,19375
1786088916,348722907,,,,,5,-1497.2098388671875,1030.43798828125,-792.2984008789062,-0.0001647618191782385,-0.0764654353260994,-0.0760762020945549,0.9941656589508057,1,2326083,19375
1786088916,357017338,1,104.976806640625,105.31526947021484,-389.48046875,,,,,,,,,,2326084,19375
1786088916,357017338,,,,,5,-1497.215576171875,1030.4632568359375,-792.2897338867188,-0.0005034686764702201,-0.07655832916498184,-0.07569744437932968,0.9941872954368591,1,2326084,19375
1786088916,365716001,1,105.20594024658203,105.62886810302734,-389.61065673828125,,,,,,,,,,2326085,19375
1786088916,365716001,,,,,5,-1497.19091796875,1030.473388671875,-792.2725830078125,-0.00034302216954529285,-0.07657720893621445,-0.07567479461431503,0.9941877126693726,1,2326085,19375
1786088916,373912094,1,105.23699951171875,105.66987609863281,-389.6217956542969,,,,,,,,,,2326086,19375
1786088916,373912094,,,,,5,-1497.2042236328125,1030.4598388671875,-792.2939453125,2.9019740395597182e-05,-0.07642670720815659,-0.07649700343608856,0.994136393070221,1,2326086,19375
1786088916,381681075,1,105.8309326171875,106.2051773071289,-389.5190734863281,,,,,,,,,,2326087,19375
1786088916,381681075,,,,,5,-1497.203369140625,1030.463623046875,-792.2852783203125,-0.00042414647759869695,-0.07645410299301147,-0.07597141712903976,0.9941744804382324,1,2326087,19375
1786088916,390715073,1,105.84041595458984,106.45597076416016,-389.6938781738281,,,,,,,,,,2326088,19375
1786088916,390715073,,,,,5,-1497.21875,1030.5191650390625,-792.3157348632812,-0.0002880605752579868,-0.07647916674613953,-0.07576995342969894,0.9941880106925964,1,2326088,19375
1786088916,398685529,1,105.1579818725586,105.64933013916016,-389.7119140625,,,,,,,,,,2326089,19375
1786088916,398685529,,,,,5,-1497.2288818359375,1030.4764404296875,-792.2651977539062,-0.0005692814593203366,-0.0765685960650444,-0.07531958818435669,0.9942151308059692,1,2326089,19375
1786088916,407652581,1,105.17933654785156,105.61426544189453,-389.7170715332031,,,,,,,,,,2326090,19375
1786088916,407652581,,,,,5,-1497.17626953125,1030.4962158203125,-792.3143920898438,-0.00016821616736706346,-0.07654650509357452,-0.07640477269887924,0.994134247303009,1,2326090,19375
1786088916,415526844,1,105.76567077636719,106.17005157470703,-389.6112365722656,,,,,,,,,,2326091,19375
1786088916,415526844,,,,,5,-1497.234130859375,1030.4864501953125,-792.2776489257812,-0.000574253557715565,-0.07664158940315247,-0.07500191777944565,0.9942336082458496,1,2326091,19375
1786088916,423951326,1,105.22181701660156,105.53173828125,-389.5240478515625,,,,,,,,,,2326092,19375
1786088916,423951326,,,,,5,-1497.1920166015625,1030.467041015625,-792.27294921875,-0.00033515971153974533,-0.07665813714265823,-0.07617678493261337,0.9941430687904358,1,2326092,19375
1786088916,432584228,1,105.76483154296875,106.11322784423828,-389.59912109375,,,,,,,,,,2326093,19375
1786088916,432584228,,,,,5,-1497.1917724609375,1030.4671630859375,-792.3124389648438,-7.227210880955681e-05,-0.07653842121362686,-0.07697941362857819,0.9940904974937439,1,2326093,19375
1786088916,440584157,1,105.19251251220703,105.54231262207031,-389.52685546875,,,,,,,,,,2326094,19375
1786088916,440584157,,,,,5,-1497.2060546875,1030.4722900390625,-792.3031616210938,-0.00046255195047706366,-0.07659511268138885,-0.07572410255670547,0.9941824674606323,1,2326094,19375
1786088916,448547158,1,105.75534057617188,106.14932250976562,-389.6103210449219,,,,,,,,,,2326095,19375
1786088916,448547158,,,,,5,-1497.1826171875,1030.509033203125,-792.34228515625,-0.0003176333848387003,-0.07657670974731445,-0.07596062123775482,0.9941659569740295,1,2326095,19375
1786088916,457497761,1,105.17176055908203,105.52595520019531,-389.6172790527344,,,,,,,,,,2326096,19375
1786088916,457497761,,,,,5,-1497.2220458984375,1030.4700927734375,-792.3081665039062,-0.0005426847492344677,-0.07655062526464462,-0.07522963732481003,0.9942234754562378,1,2326096,19375
1786088916,465439706,1,105.80651092529297,106.19436645507812,-389.63714599609375,,,,,,,,,,2326097,19375
1786088916,465439706,,,,,5,-1497.200927734375,1030.464111328125,-792.2850952148438,-0.0003398220578674227,-0.07646553963422775,-0.07616719603538513,0.9941586256027222,1,2326097,19375
1786088916,473803002,1,105.75263214111328,106.19168853759766,-389.5371398925781,,,,,,,,,,2326098,19375
1786088916,473803002,,,,,5,-1497.2010498046875,1030.5037841796875,-792.3075561523438,-0.00031721056438982487,-0.07663651555776596,-0.07553938031196594,0.9941933751106262,1,2326098,19375
1786088916,482454848,1,105.77617645263672,106.22345733642578,-389.54803466796875,,,,,,,,,,2326099,19375
1786088916,482454848,,,,,5,-1497.229248046875,1030.5130615234375,-792.2575073242188,-0.0006528557278215885,-0.0766085758805275,-0.07466621696949005,0.9942613840103149,1,2326099,19375
1786088916,490565948,1,105.14740753173828,105.56802368164062,-389.5218811035156,,,,,,,,,,2326100,19375
1786088916,490565948,,,,,5,-1497.2027587890625,1030.483642578125,-792.2993774414062,-0.00037029082886874676,-0.0764012411236763,-0.0755724161863327,0.9942089319229126,1,2326100,19375
1786088916,498473491,1,105.2662582397461,105.49867248535156,-389.6828918457031,,,,,,,,,,2326101,19375
1786088916,498473491,,,,,5,-1497.2235107421875,1030.5115966796875,-792.3151245117188,-0.0004999396041966975,-0.07642577588558197,-0.07575701177120209,0.9941929578781128,1,2326101,19375
1786088916,507480416,1,105.29256439208984,106.00859832763672,-389.9355773925781,,,,,,,,,,2326102,19375
1786088916,507480416,,,,,5,-1497.195068359375,1030.5487060546875,-792.3416137695312,-0.000921021040994674,-0.07631517201662064,-0.07391572743654251,0.9943398237228394,1,2326102,19375
1786088916,515297814,1,105.18011474609375,105.671630859375,-389.627197265625,,,,,,,,,,2326103,19375
1786088916,515297814,,,,,5,-1497.2325439453125,1030.4853515625,-792.3143920898438,-0.0008081076084636152,-0.07653097063302994,-0.07455865293741226,0.9942752122879028,1,2326103,19375
1786088916,524357828,1,105.71990966796875,106.12052154541016,-389.5706787109375,,,,,,,,,,2326104,19375
1786088916,524357828,,,,,5,-1497.2088623046875,1030.4808349609375,-792.2980346679688,-0.0005730733391828835,-0.07656123489141464,-0.07513988763093948,0.9942293763160706,1,2326104,19375
1786088916,532245403,1,105.21459197998047,105.66419982910156,-389.59051513671875,,,,,,,,,,2326105,19375
1786088916,532245403,,,,,5,-1497.2020263671875,1030.4866943359375,-792.3031005859375,-0.0006543035851791501,-0.07651513069868088,-0.07502283155918121,0.9942415952682495,1,2326105,19375
1786088916,540554042,1,105.21964263916016,105.55863189697266,-389.58367919921875,,,,,,,,,,2326106,19375
1786088916,540554042,,,,,5,-1497.2001953125,1030.500732421875,-792.3023681640625,-0.000602549989707768,-0.07654008269309998,-0.07498279958963394,0.994242787361145,1,2326106,19375
1786088916,548142316,1,105.16587829589844,105.46882629394531,-389.5562438964844,,,,,,,,,,2326107,19375
1786088916,548142316,,,,,5,-1497.197265625,1030.4791259765625,-792.3008422851562,-0.0006130684050731361,-0.0766000896692276,-0.07475173473358154,0.9942556023597717,1,2326107,19375
1786088916,557253851,1,105.56183624267578,106.16666412353516,-389.5230407714844,,,,,,,,,,2326108,19375
1786088916,557253851,,,,,5,-1497.2236328125,1030.4737548828125,-792.3198852539062,-0.0007163083646446466,-0.07651985436677933,-0.0748135894536972,0.9942570924758911,1,2326108,19375
1786088916,565089041,1,104.87580108642578,105.33023071289062,-389.4802551269531,,,,,,,,,,2326109,19375
1786088916,565089041,,,,,5,-1497.2158203125,1030.4820556640625,-792.2650756835938,-0.0004467105900403112,-0.07657613605260849,-0.07564707100391388,0.9941897988319397,1,2326109,19375
1786088916,574311874,1,105.21138763427734,105.62053680419922,-389.5404357910156,,,,,,,,,,2326110,19375
1786088916,574311874,,,,,5,-1497.1927490234375,1030.505126953125,-792.3021850585938,-0.0005550290807150304,-0.07676700502634048,-0.0749654769897461,0.9942265748977661,1,2326110,19375
1786088916,582287131,1,105.75375366210938,106.10482788085938,-389.5303039550781,,,,,,,,,,2326111,19375
1786088916,582287131,,,,,5,-1497.203125,1030.4781494140625,-792.2888793945312,-0.00043106445809826255,-0.07660035043954849,-0.0756070613861084,0.99419105052948,1,2326111,19375
1786088916,591069347,1,105.72086334228516,106.26368713378906,-389.486572265625,,,,,,,,,,2326112,19375
1786088916,591069347,,,,,5,-1497.21533203125,1030.471923828125,-792.3230590820312,-0.0007777672726660967,-0.07645520567893982,-0.07453934848308563,0.994282603263855,1,2326112,19375
1786088916,599010492,1,105.14339447021484,105.53829956054688,-389.6291809082031,,,,,,,,,,2326113,19375
1786088916,599010492,,,,,5,-1497.2056884765625,1030.48046875,-792.2886962890625,-0.0005260791513137519,-0.07651767134666443,-0.07509037852287292,0.994236409664154,1,2326113,19375
1786088916,607199481,1,105.77281188964844,106.1393814086914,-389.5932312011719,,,,,,,,,,2326114,19375
1786088916,607199481,,,,,5,-1497.2061767578125,1030.492431640625,-792.3114624023438,-0.0004675943055190146,-0.07639061659574509,-0.07523547857999802,0.9942352771759033,1,2326114,19375
1786088916,615212018,1,105.67304992675781,106.09407043457031,-389.547607421875,,,,,,,,,,2326115,19375
1786088916,615212018,,,,,5,-1497.2069091796875,1030.4898681640625,-792.2947387695312,-0.0005250015528872609,-0.07657843828201294,-0.07516659796237946,0.9942260384559631,1,2326115,19375
1786088916,624253856,1,105.75753784179688,106.1414566040039,-389.54730224609375,,,,,,,,,,2326116,19375
1786088916,624253856,,,,,5,-1497.2181396484375,1030.500732421875,-792.3084716796875,-0.0003522661281749606,-0.07626549154520035,-0.07543832808732986,0.9942295551300049,1,2326116,19375
1786088916,632105142,1,105.2192153930664,105.55138397216797,-389.602294921875,,,,,,,,,,2326117,19375
1786088916,632105142,,,,,5,-1497.2144775390625,1030.4676513671875,-792.3204345703125,-0.00033095775870606303,-0.07655341923236847,-0.07612978667020798,0.994154691696167,1,2326117,19375
1786088916,641176644,1,105.14729309082031,105.54656219482422,-389.6368103027344,,,,,,,,,,2326118,19375
1786088916,641176644,,,,,5,-1497.2237548828125,1030.504150390625,-792.23974609375,-0.0002528493641875684,-0.07665277272462845,-0.07564285397529602,0.9941843152046204,1,2326118,19375
1786088916,648904472,1,105.75035095214844,106.08848571777344,-389.5719299316406,,,,,,,,,,2326119,19375
1786088916,648904472,,,,,5,-1497.2109375,1030.4970703125,-792.3046875,-0.0005740110646001995,-0.07663904130458832,-0.0750982016324997,0.9942264556884766,1,2326119,19375
1786088916,657493181,1,105.15148162841797,105.59056091308594,-389.6621398925781,,,,,,,,,,2326120,19375
1786088916,657493181,,,,,5,-1497.2435302734375,1030.5008544921875,-792.27734375,-0.000541619723662734,-0.07641825824975967,-0.07548452913761139,0.9942142367362976,1,2326120,19375
1786088916,665250738,1,105.15325927734375,105.55158233642578,-389.56939697265625,,,,,,,,,,2326121,19375
1786088916,665250738,,,,,5,-1497.212890625,1030.505859375,-792.3054809570312,-0.000483005860587582,-0.0765126422047615,-0.07556184381246567,0.9942012429237366,1,2326121,19375
1786088916,674316768,1,105.17933654785156,105.64322662353516,-389.6068115234375,,,,,,,,,,2326122,19375
1786088916,674316768,,,,,5,-1497.2225341796875,1030.5068359375,-792.2863159179688,-0.0004786542849615216,-0.07653611898422241,-0.07548809796571732,0.9942049384117126,1,2326122,19375
1786088916,681948978,1,104.8558578491211,105.31261444091797,-389.47698974609375,,,,,,,,,,2326123,19375
1786088916,681948978,,,,,5,-1497.2242431640625,1030.5067138671875,-792.3065795898438,-0.0003803325234912336,-0.0766061320900917,-0.07538086920976639,0.9942077398300171,1,2326123,19375
1786088916,690874461,1,105.1997299194336,105.56299591064453,-389.5329284667969,,,,,,,,,,2326124,19375
1786088916,690874461,,,,,5,-1497.2061767578125,1030.4713134765625,-792.3040161132812,-8.012622856767848e-05,-0.07631166279315948,-0.07580234110355377,0.9941983819007874,1,2326124,19375
1786088916,698744788,1,105.23636627197266,105.60254669189453,-389.48406982421875,,,,,,,,,,2326125,19375
1786088916,698744788,,,,,5,-1497.1920166015625,1030.50732421875,-792.2576293945312,-0.0005765763344243169,-0.07691925019025803,-0.07485629618167877,0.9942231774330139,1,2326125,19375
1786088916,707977445,1,105.16265106201172,105.60055541992188,-389.6384582519531,,,,,,,,,,2326126,19375
1786088916,707977445,,,,,5,-1497.2156982421875,1030.4954833984375,-792.2738647460938,-0.0006399991107173264,-0.07654900848865509,-0.07509040087461472,0.994234025478363,1,2326126,19375
1786088916,715657817,1,105.19171142578125,105.59965515136719,-389.5158996582031,,,,,,,,,,2326127,19375
1786088916,715657817,,,,,5,-1497.2469482421875,1030.5169677734375,-792.3274536132812,-0.0003517520963214338,-0.0764521062374115,-0.0759984478354454,0.9941726922988892,1,2326127,19375
1786088916,723601585,1,105.7530517578125,106.15422058105469,-389.6201477050781,,,,,,,,,,2326128,19375
1786088916,723601585,,,,,5,-1497.2261962890625,1030.4864501953125,-792.3077392578125,-0.0006684776744805276,-0.0765332505106926,-0.0751570537686348,0.9942301511764526,1,2326128,19375
1786088916,732613438,1,105.23310852050781,105.61333465576172,-389.5392150878906,,,,,,,,,,2326129,19375
1786088916,732613438,,,,,5,-1497.2286376953125,1030.5213623046875,-792.2976684570312,-0.00010468228720128536,-0.07626676559448242,-0.0765315443277359,0.9941459894180298,1,2326129,19375
1786088916,740589815,1,105.09784698486328,105.52861022949219,-389.6700439453125,,,,,,,,,,2326130,19375
1786088916,740589815,,,,,5,-1497.2032470703125,1030.4871826171875,-792.2850341796875,-0.0007301371661014855,-0.07655958086252213,-0.07486085593700409,0.9942503571510315,1,2326130,19375
1786088916,748560304,1,105.74261474609375,106.14183807373047,-389.5029296875,,,,,,,,,,2326131,19375
1786088916,748560304,,,,,5,-1497.233642578125,1030.502685546875,-792.2880249023438,-0.0003643303061835468,-0.0764874815940857,-0.07568759471178055,0.9941935539245605,1,2326131,19375
1786088916,757687711,1,105.77486419677734,106.12263488769531,-389.5408630371094,,,,,,,,,,2326132,19375
1786088916,757687711,,,,,5,-1497.1927490234375,1030.4658203125,-792.3002319335938,-0.0006475961417891085,-0.07656904309988022,-0.0753302201628685,0.9942142963409424,1,2326132,19375
1786088916,765589078,1,105.15664672851562,105.70540618896484,-389.540283203125,,,,,,,,,,2326133,19375
1786088916,765589078,,,,,5,-1497.1915283203125,1030.489990234375,-792.2490234375,-0.0004549345758277923,-0.07692157477140427,-0.07513634860515594,0.9942018985748291,1,2326133,19375
1786088916,773703122,1,105.83168029785156,106.09375762939453,-389.6577453613281,,,,,,,,,,2326134,19375
1786088916,773703122,,,,,5,-1497.21533203125,1030.494873046875,-792.2962036132812,-0.0006356894155032933,-0.0766001045703888,-0.0749010220170021,0.994244396686554,1,2326134,19375
1786088916,782484730,1,105.1609115600586,105.5486831665039,-389.6216125488281,,,,,,,,,,2326135,19375
1786088916,782484730,,,,,5,-1497.21484375,1030.487060546875,-792.2808837890625,-0.0006310386233963072,-0.07670339941978455,-0.07483363151550293,0.99424147605896,1,2326135,19375
1786088916,790824698,1,105.72217559814453,106.12165832519531,-389.5687561035156,,,,,,,,,,2326136,19375
1786088916,790824698,,,,,5,-1497.2098388671875,1030.456787109375,-792.2987060546875,-0.0006625020760111511,-0.0765356570482254,-0.07515557110309601,0.9942300915718079,1,2326136,19375
1786088916,798471597,1,105.73812103271484,106.14827728271484,-389.57830810546875,,,,,,,,,,2326137,19375
1786088916,798471597,,,,,5,-1497.2205810546875,1030.4906005859375,-792.2986450195312,-0.000590729177929461,-0.0766368880867958,-0.07503263652324677,0.9942315816879272,1,2326137,19375
1786088916,807463161,1,105.13035583496094,105.638671875,-389.6336975097656,,,,,,,,,,2326138,19375
1786088916,807463161,,,,,5,-1497.197509765625,1030.476318359375,-792.2808837890625,-0.0005370189901441336,-0.0764879658818245,-0.07481328397989273,0.9942595958709717,1,2326138,19375
1786088916,815480947,1,105.76532745361328,106.15497589111328,-389.5028076171875,,,,,,,,,,2326139,19375
1786088916,815480947,,,,,5,-1497.204345703125,1030.4813232421875,-792.3275756835938,-0.0005009673186577857,-0.07648389786481857,-0.07502167671918869,0.9942442774772644,1,2326139,19375
1786088916,824513600,1,105.73298645019531,106.13579559326172,-389.48223876953125,,,,,,,,,,2326140,19375
1786088916,824513600,,,,,5,-1497.2078857421875,1030.4842529296875,-792.2805786132812,-0.0005419080844148993,-0.07653526961803436,-0.07508935779333115,0.9942352175712585,1,2326140,19375
1786088916,832430072,1,105.16050720214844,105.57919311523438,-389.68841552734375,,,,,,,,,,2326141,19375
1786088916,832430072,,,,,5,-1497.2281494140625,1030.4866943359375,-792.3490600585938,-0.0006995355361141264,-0.07655208557844162,-0.07503128796815872,0.9942381381988525,1,2326141,19375
1786088916,840717111,1,105.78194427490234,106.19055938720703,-389.5324401855469,,,,,,,,,,2326142,19375
1786088916,840717111,,,,,5,-1497.2330322265625,1030.4814453125,-792.3394775390625,-0.000715878268238157,-0.0766444057226181,-0.0745338499546051,0.9942684769630432,1,2326142,19375
1786088916,847856288,1,105.8074722290039,106.17572021484375,-389.5018005371094,,,,,,,,,,2326143,19375
1786088916,847856288,,,,,5,-1497.220703125,1030.4903564453125,-792.3150634765625,-0.0006066458881832659,-0.0766700729727745,-0.07500050961971283,0.9942314624786377,1,2326143,19375
1786088916,857598331,1,105.75959014892578,106.14287567138672,-389.54974365234375,,,,,,,,,,2326144,19375
1786088916,857598331,,,,,5,-1497.2298583984375,1030.5203857421875,-792.2810668945312,-0.000337152392603457,-0.07657124102115631,-0.07556315511465073,0.9941966533660889,1,2326144,19375
1786088916,865495666,1,105.74088287353516,106.15676879882812,-389.51971435546875,,,,,,,,,,2326145,19375
1786088916,865495666,,,,,5,-1497.2293701171875,1030.5087890625,-792.3001098632812,-0.0003511113754939288,-0.0764845684170723,-0.07565239816904068,0.9941964149475098,1,2326145,19375
1786088916,874382173,1,105.75022888183594,106.17123413085938,-389.5653381347656,,,,,,,,,,2326146,19375
1786088916,874382173,,,,,5,-1497.2113037109375,1030.4886474609375,-792.30322265625,-0.0006367400055751204,-0.07655853033065796,-0.07500416785478592,0.994239866733551,1,2326146,19375
1786088916,882299061,1,105.77259826660156,106.2337875366211,-389.56781005859375,,,,,,,,,,2326147,19375
1786088916,882299061,,,,,5,-1497.2279052734375,1030.5218505859375,-792.3204956054688,-0.00032621785067021847,-0.07662175595760345,-0.07555754482746124,0.9941931366920471,1,2326147,19375
1786088916,890406384,1,105.29438781738281,105.56049346923828,-389.5570983886719,,,,,,,,,,2326148,19375
1786088916,890406384,,,,,5,-1497.200439453125,1030.479248046875,-792.2965698242188,-0.0008430626476183534,-0.07666822522878647,-0.0746280774474144,0.9942593574523926,1,2326148,19375
1786088916,899288699,1,105.188720703125,105.5697250366211,-389.5816955566406,,,,,,,,,,2326149,19375
1786088916,899288699,,,,,5,-1497.177978515625,1030.488525390625,-792.2681884765625,-0.0005968821933493018,-0.07650748640298843,-0.07456821948289871,0.9942765235900879,1,2326149,19375
1786088916,907529849,1,105.74298858642578,106.13317108154297,-389.6117248535156,,,,,,,,,,2326150,19375
1786088916,907529849,,,,,5,-1497.2041015625,1030.48046875,-792.2916870117188,-0.0006956325960345566,-0.07660867273807526,-0.07478880137205124,0.9942520260810852,1,2326150,19375
1786088916,915216556,1,105.74710083007812,106.07299041748047,-389.5233459472656,,,,,,,,,,2326151,19375
1786088916,915216556,,,,,5,-1497.1912841796875,1030.46142578125,-792.2858276367188,0.0001765670021995902,-0.07647541165351868,-0.0769759863615036,0.9940956830978394,1,2326151,19375
1786088916,924305818,1,105.14445495605469,105.56974792480469,-389.60760498046875,,,,,,,,,,2326152,19375
1786088916,924305818,,,,,5,-1497.207275390625,1030.4998779296875,-792.2783203125,-0.0005400958471000195,-0.07675575464963913,-0.07570317387580872,0.994171679019928,1,2326152,19375
1786088916,932268467,1,105.7359619140625,106.06409454345703,-389.6131896972656,,,,,,,,,,2326153,19375
1786088916,932268467,,,,,5,-1497.1646728515625,1030.436767578125,-792.2820434570312,-0.00045581170707009733,-0.07678329944610596,-0.0768410935997963,0.9940821528434753,1,2326153,19375
1786088916,940373391,1,105.75550079345703,106.12797546386719,-389.65228271484375,,,,,,,,,,2326154,19375
1786088916,940373391,,,,,5,-1497.2222900390625,1030.4854736328125,-792.3193359375,-0.0004007520619779825,-0.07656112313270569,-0.07604715973138809,0.9941604733467102,1,2326154,19375
1786088916,949141015,1,105.70735931396484,106.06045532226562,-389.4668884277344,,,,,,,,,,2326155,19375
1786088916,949141015,,,,,5,-1497.2144775390625,1030.5054931640625,-792.2977905273438,-0.0004211262858007103,-0.07655856758356094,-0.07519572973251343,0.9942253828048706,1,2326155,19375
1786088916,957426518,1,105.78755950927734,106.08366394042969,-389.5030822753906,,,,,,,,,,2326156,19375
1786088916,957426518,,,,,5,-1497.2147216796875,1030.51513671875,-792.2804565429688,-0.0005486124427989125,-0.07655419409275055,-0.07567060738801956,0.9941896796226501,1,2326156,19375
1786088916,965180906,1,105.76789093017578,106.17304992675781,-389.5532531738281,,,,,,,,,,2326157,19375
1786088916,965180906,,,,,5,-1497.214599609375,1030.4703369140625,-792.2649536132812,3.5756056604441255e-05,-0.07630548626184464,-0.07624620944261551,0.9941649436950684,1,2326157,19375
1786088916,974012980,1,105.74951934814453,106.23367309570312,-389.60821533203125,,,,,,,,,,2326158,19375
1786088916,974012980,,,,,5,-1497.2091064453125,1030.506591796875,-792.2938232421875,-0.000524500384926796,-0.07660356909036636,-0.07522276788949966,0.9942198395729065,1,2326158,19375
1786088916,982057134,1,105.21923828125,105.6856689453125,-389.555908203125,,,,,,,,,,2326159,19375
1786088916,982057134,,,,,5,-1497.177490234375,1030.4925537109375,-792.2802734375,-0.0006172079010866582,-0.07636239379644394,-0.07537342607975006,0.9942269325256348,1,2326159,19375
1786088916,990948121,1,105.75056457519531,106.11091613769531,-389.6200256347656,,,,,,,,,,2326160,19376
1786088916,990948121,,,,,5,-1497.215087890625,1030.488525390625,-792.3121948242188,-0.0005313506117090583,-0.07652644068002701,-0.07510649412870407,0.9942346215248108,1,2326160,19376
1786088916,998969682,1,105.2530288696289,105.95355987548828,-389.9400939941406,,,,,,,,,,2326161,19376
1786088916,998969682,,,,,5,-1497.1990966796875,1030.5462646484375,-792.3179931640625,-0.0007925784448161721,-0.07663312554359436,-0.07488341629505157,0.9942430257797241,1,2326161,19376
1786088917,7186768,1,105.17556762695312,105.53148651123047,-389.72393798828125,,,,,,,,,,2326162,19376
1786088917,7186768,,,,,5,-1497.2137451171875,1030.5052490234375,-792.2881469726562,-0.000640159472823143,-0.07653294503688812,-0.07498947530984879,0.9942429065704346,1,2326162,19376
1786088917,16092379,1,105.20516204833984,105.57247161865234,-389.556884765625,,,,,,,,,,2326163,19376
1786088917,16092379,,,,,5,-1497.212890625,1030.5208740234375,-792.2825317382812,-0.00043152744183316827,-0.07645399868488312,-0.07554073631763458,0.9942073225975037,1,2326163,19376
1786088917,24306648,1,105.74488067626953,106.10189819335938,-389.63641357421875,,,,,,,,,,2326164,19376
1786088917,24306648,,,,,5,-1497.2220458984375,1030.4984130859375,-792.3284301757812,-0.0005909132887609303,-0.07658704370260239,-0.0753147229552269,0.9942141175270081,1,2326164,19376
1786088917,31916810,1,105.2311019897461,105.62747192382812,-389.6651306152344,,,,,,,,,,2326165,19376
1786088917,31916810,,,,,5,-1497.220703125,1030.5113525390625,-792.2891845703125,-0.00046500464668497443,-0.07650091499090195,-0.07577446103096008,0.9941859245300293,1,2326165,19376
1786088917,41038137,1,105.6988754272461,106.02803802490234,-389.5892333984375,,,,,,,,,,2326166,19376
1786088917,41038137,,,,,5,-1497.203369140625,1030.4891357421875,-792.2960815429688,-0.00034538080217316747,-0.07661449909210205,-0.07598482817411423,0.9941611886024475,1,2326166,19376
1786088917,48915184,1,105.22570037841797,105.6331558227539,-389.59759521484375,,,,,,,,,,2326167,19376
1786088917,48915184,,,,,5,-1497.2015380859375,1030.4801025390625,-792.2794799804688,-0.0007508236449211836,-0.07663129270076752,-0.07480285316705704,0.9942492842674255,1,2326167,19376
1786088917,57206799,1,105.84691619873047,106.50582122802734,-389.9176330566406,,,,,,,,,,2326168,19376
1786088917,57206799,,,,,5,-1497.2005615234375,1030.5228271484375,-792.278564453125,-0.0006518441368825734,-0.0765356719493866,-0.0747164711356163,0.9942631125450134,1,2326168,19376
1786088917,65888054,1,105.2108383178711,105.56459045410156,-389.5734558105469,,,,,,,,,,2326169,19376
1786088917,65888054,,,,,5,-1497.2176513671875,1030.4605712890625,-792.2839965820312,-0.0007492074510082603,-0.07664507627487183,-0.07490744441747665,0.994240403175354,1,2326169,19376
1786088917,74271159,1,104.90601348876953,105.39330291748047,-389.4516906738281,,,,,,,,,,2326170,19376
1786088917,74271159,,,,,5,-1497.2144775390625,1030.511962890625,-792.2741088867188,-0.0004445237573236227,-0.07671112567186356,-0.07511093467473984,0.9942201375961304,1,2326170,19376
1786088917,82000523,1,105.20460510253906,105.61346435546875,-389.7085876464844,,,,,,,,,,2326171,19376
1786088917,82000523,,,,,5,-1497.2059326171875,1030.5013427734375,-792.2907104492188,-0.00048145759501494467,-0.07668869942426682,-0.07617306709289551,0.9941409230232239,1,2326171,19376
1786088917,90880661,1,105.75066375732422,106.20494842529297,-389.5403137207031,,,,,,,,,,2326172,19376
1786088917,90880661,,,,,5,-1497.2015380859375,1030.4964599609375,-792.2774658203125,-0.0006393543444573879,-0.07671757787466049,-0.07555003464221954,0.9941861033439636,1,2326172,19376
1786088917,99209589,1,105.12666320800781,105.5365982055664,-389.6640319824219,,,,,,,,,,2326173,19376
1786088917,99209589,,,,,5,-1497.2137451171875,1030.4676513671875,-792.2713623046875,-0.0008761059725657105,-0.07660343497991562,-0.0749058648943901,0.9942435622215271,1,2326173,19376
1786088917,108181985,1,105.26390838623047,105.5925521850586,-389.6214904785156,,,,,,,,,,2326174,19376
1786088917,108181985,,,,,5,-1497.2032470703125,1030.4842529296875,-792.3037109375,-0.0006884854519739747,-0.07683191448450089,-0.07518947124481201,0.9942047595977783,1,2326174,19376
1786088917,115883445,1,105.19514465332031,105.57896423339844,-389.5665283203125,,,,,,,,,,2326175,19376
1786088917,115883445,,,,,5,-1497.2298583984375,1030.4864501953125,-792.3024291992188,-0.0008049671305343509,-0.076748326420784,-0.0751757100224495,0.9942120909690857,1,2326175,19376
1786088917,124098386,1,105.0577163696289,105.63249969482422,-389.6471862792969,,,,,,,,,,2326176,19376
1786088917,124098386,,,,,5,-1497.2435302734375,1030.494873046875,-792.2556762695312,-0.00043029969674535096,-0.07666169106960297,-0.0755750760436058,0.994188666343689,1,2326176,19376
1786088917,131988362,1,105.22737121582031,105.5450210571289,-389.61102294921875,,,,,,,,,,2326177,19376
1786088917,131988362,,,,,5,-1497.2249755859375,1030.4884033203125,-792.2733154296875,-0.0005806171684525907,-0.07683520019054413,-0.07493463158607483,0.9942236542701721,1,2326177,19376
1786088917,141034743,1,105.74513244628906,106.08972930908203,-389.4401550292969,,,,,,,,,,2326178,19376
1786088917,141034743,,,,,5,-1497.1993408203125,1030.4605712890625,-792.2849731445312,-0.0008871396421454847,-0.07650434225797653,-0.07430237531661987,0.9942964315414429,1,2326178,19376
1786088917,149093746,1,105.2017593383789,105.66094970703125,-389.7034912109375,,,,,,,,,,2326179,19376
1786088917,149093746,,,,,5,-1497.2044677734375,1030.4605712890625,-792.3009643554688,-0.00039105856558308005,-0.0766681358218193,-0.0760684460401535,0.9941505193710327,1,2326179,19376
1786088917,157917147,1,105.60177612304688,106.2069320678711,-389.4305114746094,,,,,,,,,,2326180,19376
1786088917,157917147,,,,,5,-1497.1881103515625,1030.4556884765625,-792.2553100585938,-0.00046653029858134687,-0.07653677463531494,-0.07576107978820801,0.994184136390686,1,2326180,19376
1786088917,165738705,1,105.21334838867188,105.65582275390625,-389.5862121582031,,,,,,,,,,2326181,19376
1786088917,165738705,,,,,5,-1497.2149658203125,1030.496826171875,-792.24609375,-4.164262645645067e-05,-0.07655224949121475,-0.07694999128580093,0.9940917491912842,1,2326181,19376
1786088917,174275349,1,105.74391174316406,106.11309814453125,-389.5799255371094,,,,,,,,,,2326182,19376
1786088917,174275349,,,,,5,-1497.2012939453125,1030.4716796875,-792.2807006835938,-0.0004711138899438083,-0.07656419277191162,-0.07581105083227158,0.9941782355308533,1,2326182,19376
1786088917,182149644,1,105.70805358886719,106.11027526855469,-389.59820556640625,,,,,,,,,,2326183,19376
1786088917,182149644,,,,,5,-1497.214111328125,1030.45947265625,-792.3032836914062,-0.0005874964408576488,-0.07678938657045364,-0.07560178637504578,0.9941766858100891,1,2326183,19376
1786088917,190894195,1,105.1739501953125,105.66354370117188,-389.5904541015625,,,,,,,,,,2326184,19376
1786088917,190894195,,,,,5,-1497.2225341796875,1030.4791259765625,-792.2560424804688,-0.00034702738048508763,-0.07658916711807251,-0.07597960531711578,0.994163453578949,1,2326184,19376
1786088917,198603271,1,104.94261169433594,105.32437896728516,-389.4985046386719,,,,,,,,,,2326185,19376
1786088917,198603271,,,,,5,-1497.2113037109375,1030.4788818359375,-792.22900390625,-0.0004492967564146966,-0.07673171907663345,-0.07578881829977036,0.9941670894622803,1,2326185,19376
1786088917,207611060,1,105.76476287841797,106.35684204101562,-389.6170654296875,,,,,,,,,,2326186,19376
1786088917,207611060,,,,,5,-1497.2027587890625,1030.486083984375,-792.2581176757812,-0.00022443079797085375,-0.07680802792310715,-0.07650461047887802,0.9941064119338989,1,2326186,19376
1786088917,215783761,1,105.2325439453125,105.50675964355469,-389.55169677734375,,,,,,,,,,2326187,19376
1786088917,215783761,,,,,5,-1497.2420654296875,1030.4727783203125,-792.2379760742188,0.0001644321164349094,-0.0766667053103447,-0.0774918794631958,0.9940407872200012,1,2326187,19376
1786088917,224582233,1,105.20060729980469,105.58236694335938,-389.5470275878906,,,,,,,,,,2326188,19376
1786088917,224582233,,,,,5,-1497.225341796875,1030.5025634765625,-792.2796020507812,-6.986455991864204e-05,-0.07649432122707367,-0.07709887623786926,0.9940845966339111,1,2326188,19376
1786088917,232495953,1,105.70033264160156,105.98339080810547,-389.5850830078125,,,,,,,,,,2326189,19376
1786088917,232495953,,,,,5,-1497.2005615234375,1030.48046875,-792.2685546875,-0.0002880335960071534,-0.07680615782737732,-0.07631527632474899,0.9941210746765137,1,2326189,19376
1786088917,240738831,1,105.10893249511719,105.75750732421875,-389.60833740234375,,,,,,,,,,2326190,19376
1786088917,240738831,,,,,5,-1497.2149658203125,1030.48779296875,-792.2608642578125,-0.0002762788790278137,-0.07670163363218307,-0.07669133692979813,0.9941001534461975,1,2326190,19376
1786088917,248636679,1,105.68264770507812,106.04972839355469,-389.64215087890625,,,,,,,,,,2326191,19376
1786088917,248636679,,,,,5,-1497.2047119140625,1030.4710693359375,-792.247802734375,-0.00019908892863895744,-0.07678630948066711,-0.07687298208475113,0.9940795302391052,1,2326191,19376
1786088917,257680916,1,105.7764663696289,106.191162109375,-389.61767578125,,,,,,,,,,2326192,19376
1786088917,257680916,,,,,5,-1497.189453125,1030.4613037109375,-792.2767333984375,-0.00012458520359359682,-0.07674992829561234,-0.07684802263975143,0.9940844178199768,1,2326192,19376
1786088917,265560587,1,105.0979995727539,105.52115631103516,-389.6588439941406,,,,,,,,,,2326193,19376
1786088917,265560587,,,,,5,-1497.2410888671875,1030.4920654296875,-792.2333374023438,-0.0004721438745036721,-0.07657139003276825,-0.07597079128026962,0.9941654801368713,1,2326193,19376
1786088917,274622425,1,105.09449005126953,105.64081573486328,-389.6938171386719,,,,,,,,,,2326194,19376
1786088917,274622425,,,,,5,-1497.207275390625,1030.4720458984375,-792.2578735351562,-0.0003641239309217781,-0.07656750082969666,-0.07623369991779327,0.9941457509994507,1,2326194,19376
1786088917,282299244,1,105.7217788696289,106.17799377441406,-389.5987854003906,,,,,,,,,,2326195,19376
1786088917,282299244,,,,,5,-1497.213623046875,1030.4697265625,-792.2340698242188,-0.00016626754950266331,-0.07675890624523163,-0.0766635313630104,0.9940980076789856,1,2326195,19376
1786088917,290514026,1,104.88687133789062,105.29925537109375,-389.5826721191406,,,,,,,,,,2326196,19376
1786088917,290514026,,,,,5,-1497.2144775390625,1030.5133056640625,-792.2333374023438,-0.00017301704792771488,-0.07660611718893051,-0.07618170976638794,0.9941467642784119,1,2326196,19376
1786088917,299235025,1,105.23471069335938,105.56356811523438,-389.561767578125,,,,,,,,,,2326197,19376
1786088917,299235025,,,,,5,-1497.21728515625,1030.4779052734375,-792.2886962890625,-0.00036381094832904637,-0.07666897773742676,-0.0762452781200409,0.9941370487213135,1,2326197,19376
1786088917,307549297,1,105.18411254882812,105.53270721435547,-389.6011657714844,,,,,,,,,,2326198,19376
1786088917,307549297,,,,,5,-1497.204345703125,1030.4520263671875,-792.2966918945312,-0.00045879368553869426,-0.07675903290510178,-0.07588154077529907,0.9941578507423401,1,2326198,19376
1786088917,315427880,1,105.12061309814453,105.78711700439453,-389.55731201171875,,,,,,,,,,2326199,19376
1786088917,315427880,,,,,5,-1497.2008056640625,1030.484130859375,-792.2649536132812,-0.00039275584276765585,-0.076701819896698,-0.07632274180650711,0.9941284656524658,1,2326199,19376
1786088917,324253425,1,105.16706848144531,105.65186309814453,-389.6098327636719,,,,,,,,,,2326200,19376
1786088917,324253425,,,,,5,-1497.21826171875,1030.465576171875,-792.2384643554688,-0.0004248208715580404,-0.076779805123806,-0.0757332518696785,0.9941675662994385,1,2326200,19376
1786088917,332214378,1,104.8242416381836,105.18360900878906,-389.6147155761719,,,,,,,,,,2326201,19376
1786088917,332214378,,,,,5,-1497.2083740234375,1030.4840087890625,-792.2615356445312,-0.00031732526258565485,-0.07664410024881363,-0.076640784740448,0.9941084384918213,1,2326201,19376
1786088917,341397562,1,105.14067840576172,105.50556945800781,-389.52880859375,,,,,,,,,,2326202,19376
1786088917,341397562,,,,,5,-1497.2191162109375,1030.489501953125,-792.2289428710938,-0.00013284286251291633,-0.07645786553621292,-0.07589906454086304,0.9941797852516174,1,2326202,19376
1786088917,349084557,1,105.16626739501953,105.78258514404297,-389.6521301269531,,,,,,,,,,2326203,19376
1786088917,349084557,,,,,5,-1497.2183837890625,1030.450439453125,-792.2811889648438,-0.00041415132000111043,-0.07673535495996475,-0.07645965367555618,0.99411541223526,1,2326203,19376
1786088917,357392173,1,105.14375305175781,105.60990142822266,-389.5799255371094,,,,,,,,,,2326204,19376
1786088917,357392173,,,,,5,-1497.1971435546875,1030.4759521484375,-792.2623901367188,-0.0004162744735367596,-0.07671346515417099,-0.0762510672211647,0.9941331744194031,1,2326204,19376
1786088917,366102804,1,105.11211395263672,105.47970581054688,-389.677490234375,,,,,,,,,,2326205,19376
1786088917,366102804,,,,,5,-1497.207275390625,1030.471435546875,-792.280029296875,-0.00023376602621283382,-0.07671388983726501,-0.07670455425977707,0.9940982460975647,1,2326205,19376
1786088917,374703641,1,105.75360107421875,106.14761352539062,-389.6363220214844,,,,,,,,,,2326206,19376
1786088917,374703641,,,,,5,-1497.1810302734375,1030.4539794921875,-792.2575073242188,-0.0002808179415296763,-0.07666778564453125,-0.07695121318101883,0.9940826892852783,1,2326206,19376
1786088917,382417837,1,105.15816497802734,105.53218841552734,-389.6041259765625,,,,,,,,,,2326207,19376
1786088917,382417837,,,,,5,-1497.198974609375,1030.4622802734375,-792.2532348632812,-0.00050737225683406,-0.07657386362552643,-0.07591769844293594,0.9941692352294922,1,2326207,19376
1786088917,391043922,1,105.75782775878906,106.15267181396484,-389.7085266113281,,,,,,,,,,2326208,19376
1786088917,391043922,,,,,5,-1497.2054443359375,1030.4578857421875,-792.27099609375,-0.0005908610764890909,-0.07669445127248764,-0.07567878067493439,0.994178295135498,1,2326208,19376
1786088917,398970826,1,105.17002868652344,105.49593353271484,-389.639892578125,,,,,,,,,,2326209,19376
1786088917,398970826,,,,,5,-1497.193359375,1030.451416015625,-792.2793579101562,-0.0008328465628437698,-0.07677360624074936,-0.07517615705728531,0.9942100644111633,1,2326209,19376
1786088917,407332138,1,102.95311737060547,103.57530212402344,-390.7532043457031,,,,,,,,,,2326210,19376
1786088917,407332138,,,,,5,-1497.190673828125,1030.4736328125,-792.2574462890625,-0.00019366186461411417,-0.07665297389030457,-0.0765555202960968,0.9941145181655884,1,2326210,19376
1786088917,416094547,1,105.4281234741211,105.22315979003906,-389.5661315917969,,,,,,,,,,2326211,19376
1786088917,416094547,,,,,5,-1497.21923828125,1030.4774169921875,-792.2904663085938,-0.0003973381535615772,-0.07670371234416962,-0.07604799419641495,0.9941494464874268,1,2326211,19376
1786088917,424239407,1,106.23066711425781,105.8563003540039,-389.5099792480469,,,,,,,,,,2326212,19376
1786088917,424239407,,,,,5,-1497.2265625,1030.4901123046875,-792.2677612304688,-0.0003720874374266714,-0.07662072777748108,-0.07624297589063644,0.9941409230232239,1,2326212,19376
1786088917,431985827,1,106.41849517822266,106.0546646118164,-389.5668029785156,,,,,,,,,,2326213,19376
1786088917,431985827,,,,,5,-1497.1920166015625,1030.5296630859375,-792.2984008789062,-0.000691157067194581,-0.0765611082315445,-0.07533478736877441,0.9942145347595215,1,2326213,19376
1786088917,441082162,1,104.5383071899414,103.72772216796875,-390.3562927246094,,,,,,,,,,2326214,19376
1786088917,441082162,,,,,5,-1497.2047119140625,1030.462158203125,-792.3121337890625,-0.00023027359566185623,-0.07666359841823578,-0.07699836790561676,0.9940794110298157,1,2326214,19376
1786088917,448807782,1,105.69393157958984,106.25757598876953,-389.5945739746094,,,,,,,,,,2326215,19376
1786088917,448807782,,,,,5,-1497.1697998046875,1030.4442138671875,-792.24462890625,-0.00038692529778927565,-0.07667180150747299,-0.07591341435909271,0.9941622018814087,1,2326215,19376
1786088917,457839283,1,105.11711120605469,105.55208587646484,-389.76055908203125,,,,,,,,,,2326216,19376
1786088917,457839283,,,,,5,-1497.2020263671875,1030.4649658203125,-792.2785034179688,-0.00024001157726161182,-0.07665420323610306,-0.07691503316164017,0.9940865635871887,1,2326216,19376
1786088917,465739947,1,104.49321746826172,104.67253112792969,-391.1205139160156,,,,,,,,,,2326217,19376
1786088917,465739947,,,,,5,-1497.189208984375,1030.4752197265625,-792.2540893554688,-0.00039312796434387565,-0.07673289626836777,-0.0762830525636673,0.9941291809082031,1,2326217,19376
1786088917,474105259,1,104.49840545654297,104.59131622314453,-391.1316833496094,,,,,,,,,,2326218,19376
1786088917,474105259,,,,,5,-1497.2003173828125,1030.470947265625,-792.2504272460938,-0.0006089842063374817,-0.07665956765413284,-0.07586899399757385,0.9941664338111877,1,2326218,19376
1786088917,481918977,1,104.55023956298828,104.76507568359375,-391.0316467285156,,,,,,,,,,2326219,19376
1786088917,481918977,,,,,5,-1497.191162109375,1030.4569091796875,-792.2630004882812,-0.00035410322016105056,-0.07671914994716644,-0.07642697542905807,0.9941192269325256,1,2326219,19376
1786088917,491105041,1,104.57469940185547,104.82123565673828,-390.9605407714844,,,,,,,,,,2326220,19376
1786088917,491105041,,,,,5,-1497.189453125,1030.4888916015625,-792.2658081054688,-0.0002729418920353055,-0.07672146707773209,-0.07688597589731216,0.9940836429595947,1,2326220,19376
1786088917,498714979,1,103.72756958007812,104.23377990722656,-390.98333740234375,,,,,,,,,,2326221,19376
1786088917,498714979,,,,,5,-1497.215576171875,1030.5001220703125,-792.2515258789062,-0.0001071133156074211,-0.07660485059022903,-0.07718069106340408,0.9940698146820068,1,2326221,19376
1786088917,507904755,1,104.68734741210938,105.01178741455078,-390.9176940917969,,,,,,,,,,2326222,19376
1786088917,507904755,,,,,5,-1497.20703125,1030.4742431640625,-792.2926025390625,-0.0003607781254686415,-0.07677403837442398,-0.07615069299936295,0.9941361546516418,1,2326222,19376
1786088917,515702697,1,104.7359619140625,105.02652740478516,-390.8321533203125,,,,,,,,,,2326223,19376
1786088917,515702697,,,,,5,-1497.2210693359375,1030.5125732421875,-792.2908325195312,-9.302878606831655e-05,-0.07661697268486023,-0.07701237499713898,0.994081974029541,1,2326223,19376
1786088917,523899494,1,105.12200927734375,105.41352081298828,-389.72247314453125,,,,,,,,,,2326224,19376
1786088917,523899494,,,,,5,-1497.203857421875,1030.4434814453125,-792.284423828125,-0.0007924522506073117,-0.07671002298593521,-0.07520686089992523,0.9942126870155334,1,2326224,19376
1786088917,532594989,1,105.04861450195312,105.45613861083984,-389.9053039550781,,,,,,,,,,2326225,19376
1786088917,532594989,,,,,5,-1497.2200927734375,1030.47998046875,-792.2738647460938,-0.0003763837448786944,-0.07682862132787704,-0.0758407860994339,0.9941555261611938,1,2326225,19376
1786088917,541407158,1,105.05892181396484,105.64311981201172,-389.71441650390625,,,,,,,,,,2326226,19376
1786088917,541407158,,,,,5,-1497.202880859375,1030.4486083984375,-792.2930908203125,-0.0002444672863930464,-0.076637864112854,-0.07684502005577087,0.9940931797027588,1,2326226,19376
1786088917,548636161,1,105.74104309082031,106.18116760253906,-389.63275146484375,,,,,,,,,,2326227,19376
1786088917,548636161,,,,,5,-1497.2158203125,1030.476318359375,-792.2693481445312,-0.00012471029185689986,-0.07678008079528809,-0.07677213102579117,0.9940879940986633,1,2326227,19376
1786088917,557923283,1,105.12763977050781,105.50467681884766,-389.81121826171875,,,,,,,,,,2326228,19376
1786088917,557923283,,,,,5,-1497.203125,1030.458984375,-792.2887573242188,-0.0005344420787878335,-0.07672349363565445,-0.07575281709432602,0.9941704273223877,1,2326228,19376
1786088917,565415970,1,105.71588134765625,106.12698364257812,-389.6077575683594,,,,,,,,,,2326229,19376
1786088917,565415970,,,,,5,-1497.199951171875,1030.4774169921875,-792.2565307617188,-0.00031150877475738525,-0.07665058970451355,-0.07606679201126099,0.9941521286964417,1,2326229,19376
1786088917,574525521,1,105.13041687011719,105.54820251464844,-389.76080322265625,,,,,,,,,,2326230,19376
1786088917,574525521,,,,,5,-1497.219970703125,1030.4998779296875,-792.258056640625,-0.00021574326092377305,-0.07676038891077042,-0.07508157938718796,0.9942185282707214,1,2326230,19376
1786088917,582482026,1,105.74980163574219,106.13558959960938,-389.47381591796875,,,,,,,,,,2326231,19376
1786088917,582482026,,,,,5,-1497.2001953125,1030.4644775390625,-792.2858276367188,-0.00021470835781656206,-0.07672924548387527,-0.0765916258096695,0.9941058158874512,1,2326231,19376
1786088917,590723656,1,105.9049072265625,106.12178039550781,-389.28912353515625,,,,,,,,,,2326232,19376
1786088917,590723656,,,,,5,-1497.220458984375,1030.462646484375,-792.2294921875,-0.00023898626386653632,-0.07675891369581223,-0.07639995962381363,0.9941182732582092,1,2326232,19376
1786088917,598447356,1,105.5103988647461,105.44426727294922,-389.03765869140625,,,,,,,,,,2326233,19376
1786088917,598447356,,,,,5,-1497.2255859375,1030.469482421875,-792.2235107421875,-0.000605640874709934,-0.07671326398849487,-0.07529466599225998,0.994205892086029,1,2326233,19376
1786088917,607667885,1,106.27882385253906,106.40287017822266,-388.4695129394531,,,,,,,,,,2326234,19376
1786088917,607667885,,,,,5,-1497.209716796875,1030.467529296875,-792.2634887695312,-0.00023820713977329433,-0.0767132118344307,-0.07640969753265381,0.9941209554672241,1,2326234,19376
1786088917,615602629,1,106.4410171508789,106.45417785644531,-387.93310546875,,,,,,,,,,2326235,19376
1786088917,615602629,,,,,5,-1497.1961669921875,1030.464111328125,-792.2515869140625,-0.00046839582500979304,-0.0767507329583168,-0.07613590359687805,0.9941390156745911,1,2326235,19376
1786088917,624448719,1,104.80574798583984,104.69412231445312,-389.9091491699219,,,,,,,,,,2326236,19376
1786088917,624448719,,,,,5,-1497.2174072265625,1030.466796875,-792.2381591796875,-0.00028733364888466895,-0.07667354494333267,-0.07637982070446014,0.9941263198852539,1,2326236,19376
1786088917,632544170,1,105.1001968383789,105.39319610595703,-389.8804016113281,,,,,,,,,,2326237,19376
1786088917,632544170,,,,,5,-1497.1883544921875,1030.465576171875,-792.253662109375,-0.00022922296193428338,-0.07665549963712692,-0.07697011530399323,0.9940822124481201,1,2326237,19376
1786088917,640608932,1,105.07587432861328,105.30230712890625,-389.7835693359375,,,,,,,,,,2326238,19376
1786088917,640608932,,,,,5,-1497.2078857421875,1030.477783203125,-792.2854614257812,-0.00038366159424185753,-0.07667049765586853,-0.07615622878074646,0.9941437244415283,1,2326238,19376
1786088917,649250218,1,105.75115203857422,105.83887481689453,-389.61273193359375,,,,,,,,,,2326239,19376
1786088917,649250218,,,,,5,-1497.2108154296875,1030.43310546875,-792.2731323242188,-0.0003790487826336175,-0.07671074569225311,-0.07663597911596298,0.9941036701202393,1,2326239,19376
1786088917,657471496,1,105.2518081665039,105.1357421875,-389.84906005859375,,,,,,,,,,2326240,19376
1786088917,657471496,,,,,5,-1497.177734375,1030.4312744140625,-792.279541015625,-0.0009325395803898573,-0.07684384286403656,-0.07483886182308197,0.9942300319671631,1,2326240,19376
1786088917,665540707,1,105.23157501220703,105.16926574707031,-389.9407043457031,,,,,,,,,,2326241,19376
1786088917,665540707,,,,,5,-1497.2030029296875,1030.461669921875,-792.2725219726562,-0.00032618435216136277,-0.07662386447191238,-0.07638691365718842,0.9941295981407166,1,2326241,19376
1786088917,674436589,1,105.8477554321289,105.97759246826172,-389.709228515625,,,,,,,,,,2326242,19376
1786088917,674436589,,,,,5,-1497.2012939453125,1030.4530029296875,-792.3032836914062,-0.0004642233543563634,-0.07677024602890015,-0.07632831484079361,0.9941227436065674,1,2326242,19376
1786088917,682272548,1,105.83674621582031,106.02532958984375,-389.7365417480469,,,,,,,,,,2326243,19376
1786088917,682272548,,,,,5,-1497.2091064453125,1030.4759521484375,-792.2925415039062,-0.0003246204287279397,-0.07674789428710938,-0.07632243633270264,0.9941250085830688,1,2326243,19376
1786088917,691447668,1,105.7958984375,105.95405578613281,-389.69793701171875,,,,,,,,,,2326244,19376
1786088917,691447668,,,,,5,-1497.2059326171875,1030.4749755859375,-792.292724609375,-0.0003906514903064817,-0.07674232125282288,-0.07632949948310852,0.9941248893737793,1,2326244,19376
1786088917,699331691,1,105.82252502441406,105.85801696777344,-389.61041259765625,,,,,,,,,,2326245,19376
1786088917,699331691,,,,,5,-1497.231689453125,1030.490478515625,-792.2757568359375,-0.00019315503595862538,-0.07656653970479965,-0.07674988359212875,0.994106113910675,1,2326245,19376
1786088917,707484295,1,105.1761474609375,105.0951919555664,-389.9204406738281,,,,,,,,,,2326246,19376
1786088917,707484295,,,,,5,-1497.1795654296875,1030.4769287109375,-792.276611328125,-0.00021782876865472645,-0.07666166871786118,-0.0767422467470169,0.9940993189811707,1,2326246,19376
1786088917,715502657,1,105.83850860595703,105.90817260742188,-389.6050720214844,,,,,,,,,,2326247,19376
1786088917,715502657,,,,,5,-1497.1995849609375,1030.462890625,-792.2758178710938,-0.0003503839543554932,-0.07669046521186829,-0.07653845101594925,0.9941127896308899,1,2326247,19376
1786088917,724459373,1,105.8355484008789,105.9085693359375,-389.7828063964844,,,,,,,,,,2326248,19376
1786088917,724459373,,,,,5,-1497.2044677734375,1030.4833984375,-792.2634887695312,-0.00024100499285850674,-0.07672826200723648,-0.07653528451919556,0.9941102266311646,1,2326248,19376
1786088917,732007325,1,105.68504333496094,106.0623550415039,-389.47747802734375,,,,,,,,,,2326249,19376
1786088917,732007325,,,,,5,-1497.19921875,1030.4866943359375,-792.2775268554688,-0.00034872154355980456,-0.07671090215444565,-0.07619769126176834,0.9941374063491821,1,2326249,19376
1786088917,741261519,1,105.18841552734375,105.12126922607422,-389.8862609863281,,,,,,,,,,2326250,19376
1786088917,741261519,,,,,5,-1497.21337890625,1030.46337890625,-792.2789306640625,-0.0003131045959889889,-0.07668602466583252,-0.07669976353645325,0.9941008687019348,1,2326250,19376
1786088917,749111397,1,105.16280364990234,105.00275421142578,-389.9125061035156,,,,,,,,,,2326251,19376
1786088917,749111397,,,,,5,-1497.2149658203125,1030.4658203125,-792.2776489257812,-0.0005489122704602778,-0.07671672105789185,-0.07587288320064545,0.9941616654396057,1,2326251,19376
1786088917,757351300,1,105.8116683959961,105.93667602539062,-389.67388916015625,,,,,,,,,,2326252,19376
1786088917,757351300,,,,,5,-1497.216796875,1030.4984130859375,-792.2658081054688,-0.00019913077994715422,-0.07664413005113602,-0.07675322145223618,0.9940998554229736,1,2326252,19376
1786088917,765939816,1,105.19847869873047,105.14728546142578,-389.8793640136719,,,,,,,,,,2326253,19376
1786088917,765939816,,,,,5,-1497.183837890625,1030.4715576171875,-792.2296752929688,-0.0004205941513646394,-0.07672405987977982,-0.07610185444355011,0.9941436648368835,1,2326253,19376
1786088917,774180166,1,105.09318542480469,105.00350952148438,-389.9508972167969,,,,,,,,,,2326254,19376
1786088917,774180166,,,,,5,-1497.21337890625,1030.470947265625,-792.2571411132812,-0.00029560347320511937,-0.07683529704809189,-0.0768725723028183,0.9940758943557739,1,2326254,19376
1786088917,782167935,1,104.16276550292969,104.33033752441406,-391.3648376464844,,,,,,,,,,2326255,19376
1786088917,782167935,,,,,5,-1497.1959228515625,1030.458251953125,-792.312255859375,-0.0003197656769771129,-0.07670233398675919,-0.0767226591706276,0.9940977096557617,1,2326255,19376
1786088917,791167116,1,104.20928192138672,104.36611938476562,-391.35577392578125,,,,,,,,,,2326256,19376
1786088917,791167116,,,,,5,-1497.1710205078125,1030.4764404296875,-792.264892578125,3.996972009190358e-05,-0.07659566402435303,-0.07723595201969147,0.9940662980079651,1,2326256,19376
1786088917,799261639,1,105.20365905761719,105.44978332519531,-390.8370666503906,,,,,,,,,,2326257,19376
1786088917,799261639,,,,,5,-1497.1763916015625,1030.4803466796875,-792.25537109375,-0.00021189820836298168,-0.07649789750576019,-0.07621775567531586,0.9941523671150208,1,2326257,19376
1786088917,808032464,1,104.57720947265625,104.66912078857422,-390.5696105957031,,,,,,,,,,2326258,19376
1786088917,808032464,,,,,5,-1497.207275390625,1030.4525146484375,-792.2695922851562,-0.0005157090490683913,-0.076654352247715,-0.07571820914745331,0.9941783547401428,1,2326258,19376
1786088917,815895046,1,105.30040740966797,105.62086486816406,-390.16119384765625,,,,,,,,,,2326259,19376
1786088917,815895046,,,,,5,-1497.2225341796875,1030.4837646484375,-792.2853393554688,-0.00038773802225477993,-0.07675088942050934,-0.07588367909193039,0.9941583275794983,1,2326259,19376
1786088917,824161413,1,104.9275131225586,105.14994049072266,-390.2541809082031,,,,,,,,,,2326260,19376
1786088917,824161413,,,,,5,-1497.2115478515625,1030.4759521484375,-792.2725830078125,-0.00023899515508674085,-0.0766984224319458,-0.07675012201070786,0.9940959215164185,1,2326260,19376
1786088917,832128350,1,104.90030670166016,105.235595703125,-389.8424377441406,,,,,,,,,,2326261,19376
1786088917,832128350,,,,,5,-1497.2098388671875,1030.4859619140625,-792.2570190429688,-0.00034358768607489765,-0.07667859643697739,-0.07627075910568237,0.9941343069076538,1,2326261,19376
1786088917,841063305,1,105.70645141601562,105.9524154663086,-389.85980224609375,,,,,,,,,,2326262,19376
1786088917,841063305,,,,,5,-1497.209716796875,1030.4798583984375,-792.2957763671875,-0.0003731375909410417,-0.07672033458948135,-0.07617434114217758,0.9941384792327881,1,2326262,19376
1786088917,848870975,1,105.76785278320312,105.9070816040039,-389.7391357421875,,,,,,,,,,2326263,19376
1786088917,848870975,,,,,5,-1497.2158203125,1030.4549560546875,-792.2841796875,-0.0004571191093418747,-0.07670088112354279,-0.07609996944665909,0.9941457509994507,1,2326263,19376
1786088917,858171889,1,105.82513427734375,105.9736328125,-389.6519470214844,,,,,,,,,,2326264,19376
1786088917,858171889,,,,,5,-1497.185546875,1030.4610595703125,-792.2698364257812,-0.0007245786837302148,-0.07681597769260406,-0.07555118203163147,0.9941784739494324,1,2326264,19376
1786088917,866043464,1,105.30402374267578,105.47022247314453,-389.7010498046875,,,,,,,,,,2326265,19376
1786088917,866043464,,,,,5,-1497.21337890625,1030.4737548828125,-792.2291259765625,-0.0004559179360512644,-0.07678410410881042,-0.07576179504394531,0.9941651225090027,1,2326265,19376
1786088917,873816637,1,105.77825164794922,105.97676849365234,-389.6098937988281,,,,,,,,,,2326266,19376
1786088917,873816637,,,,,5,-1497.2056884765625,1030.4739990234375,-792.240234375,-0.00047313800314441323,-0.07678341120481491,-0.0760008841753006,0.9941468834877014,1,2326266,19376
1786088917,882653959,1,105.85556030273438,106.06401824951172,-389.6620178222656,,,,,,,,,,2326267,19376
1786088917,882653959,,,,,5,-1497.1881103515625,1030.480712890625,-792.2626342773438,-0.0001761455205269158,-0.0766814649105072,-0.07708576321601868,0.9940713047981262,1,2326267,19376
1786088917,890876356,1,105.2610855102539,105.3996353149414,-389.6203918457031,,,,,,,,,,2326268,19376
1786088917,890876356,,,,,5,-1497.2188720703125,1030.44873046875,-792.2481689453125,-0.00047303998144343495,-0.07666906714439392,-0.07594616711139679,0.9941598773002625,1,2326268,19376
1786088917,898851933,1,105.21089172363281,105.53132629394531,-389.5610656738281,,,,,,,,,,2326269,19376
1786088917,898851933,,,,,5,-1497.1893310546875,1030.452392578125,-792.2818603515625,-0.00038779579335823655,-0.0766839012503624,-0.07641804963350296,0.9941225647926331,1,2326269,19376
1786088917,907901579,1,105.27921295166016,105.36851501464844,-389.6449890136719,,,,,,,,,,2326270,19376
1786088917,907901579,,,,,5,-1497.2005615234375,1030.43505859375,-792.2611083984375,-0.0005792225711047649,-0.07673949003219604,-0.07611256092786789,0.9941416382789612,1,2326270,19376
1786088917,914981683,1,105.2464828491211,105.32610321044922,-389.5791320800781,,,,,,,,,,2326271,19376
1786088917,914981683,,,,,5,-1497.1884765625,1030.48974609375,-792.268798828125,-0.0002428437292110175,-0.07668310403823853,-0.07683800905942917,0.9940903186798096,1,2326271,19376
1786088917,924457000,1,105.8048095703125,106.03128814697266,-389.5798034667969,,,,,,,,,,2326272,19376
1786088917,924457000,,,,,5,-1497.2169189453125,1030.471923828125,-792.2832641601562,-0.0003832088259514421,-0.07668878883123398,-0.0761905238032341,0.9941396713256836,1,2326272,19376
1786088917,932475458,1,105.77642822265625,106.00450897216797,-389.666748046875,,,,,,,,,,2326273,19376
1786088917,932475458,,,,,5,-1497.1754150390625,1030.4647216796875,-792.24951171875,-0.0005842341925017536,-0.07677782326936722,-0.07550641894340515,0.9941848516464233,1,2326273,19376
1786088917,940836739,1,104.99207305908203,105.00687408447266,-389.5586853027344,,,,,,,,,,2326274,19376
1786088917,940836739,,,,,5,-1497.1746826171875,1030.4300537109375,-792.2755737304688,-0.0009311449248343706,-0.0767989531159401,-0.07512518763542175,0.9942118525505066,1,2326274,19376
1786088917,948716026,1,105.28712463378906,105.65506744384766,-390.00128173828125,,,,,,,,,,2326275,19376
1786088917,948716026,,,,,5,-1497.200439453125,1030.5206298828125,-792.2973022460938,-0.000866287446115166,-0.07669120281934738,-0.07490649074316025,0.9942367076873779,1,2326275,19376
1786088917,957853289,1,105.79161071777344,105.95848083496094,-389.6783752441406,,,,,,,,,,2326276,19376
1786088917,957853289,,,,,5,-1497.2171630859375,1030.46630859375,-792.272705078125,-0.0002922189887613058,-0.07674477249383926,-0.07622627168893814,0.9941325783729553,1,2326276,19376
1786088917,965778753,1,105.70201110839844,106.07131958007812,-389.63885498046875,,,,,,,,,,2326277,19376
1786088917,965778753,,,,,5,-1497.1888427734375,1030.4583740234375,-792.2499389648438,-0.0003636683104559779,-0.07653482258319855,-0.07610350847244263,0.9941582083702087,1,2326277,19376
1786088917,973636344,1,105.19175720214844,105.17908477783203,-389.8003845214844,,,,,,,,,,2326278,19376
1786088917,973636344,,,,,5,-1497.189453125,1030.4761962890625,-792.251953125,-0.00020552215573843569,-0.07671374082565308,-0.07706195116043091,0.9940706491470337,1,2326278,19376
1786088917,982358975,1,105.72061157226562,105.78797912597656,-389.8443298339844,,,,,,,,,,2326279,19376
1786088917,982358975,,,,,5,-1497.1971435546875,1030.4813232421875,-792.2686157226562,-0.00027395732467994094,-0.07669083774089813,-0.07544326782226562,0.9941964745521545,1,2326279,19376
1786088917,990625598,1,105.69374084472656,105.67567443847656,-389.9101257324219,,,,,,,,,,2326280,19377
1786088917,990625598,,,,,5,-1497.214599609375,1030.496337890625,-792.2512817382812,-1.1573097253858577e-05,-0.07666733115911484,-0.07745642960071564,0.9940435290336609,1,2326280,19377
1786088917,999468199,1,105.07796478271484,105.08717346191406,-390.1527099609375,,,,,,,,,,2326281,19377
1786088917,999468199,,,,,5,-1497.202392578125,1030.4796142578125,-792.2643432617188,-0.00023495730420108885,-0.07661700993776321,-0.07697141170501709,0.9940851330757141,1,2326281,19377
1786088918,7843688,1,105.7471923828125,106.1343765258789,-390.3608703613281,,,,,,,,,,2326282,19377
1786088918,7843688,,,,,5,-1497.176025390625,1030.5169677734375,-792.3009643554688,-0.00041914216126315296,-0.07658184319734573,-0.07625612616539001,0.9941428899765015,1,2326282,19377
1786088918,15703038,1,105.63561248779297,105.90911865234375,-389.9498596191406,,,,,,,,,,2326283,19377
1786088918,15703038,,,,,5,-1497.1898193359375,1030.462890625,-792.25732421875,-0.0006858097040094435,-0.07672785222530365,-0.0752558559179306,0.9942077398300171,1,2326283,19377
1786088918,24426694,1,105.58475494384766,105.84349822998047,-390.02447509765625,,,,,,,,,,2326284,19377
1786088918,24426694,,,,,5,-1497.2042236328125,1030.476806640625,-792.2761840820312,-0.0002846313000191003,-0.07665528357028961,-0.07654400169849396,0.9941151142120361,1,2326284,19377
1786088918,32398911,1,106.10027313232422,104.37577819824219,-390.552490234375,,,,,,,,,,2326285,19377
1786088918,32398911,,,,,5,-1497.2369384765625,1030.5084228515625,-792.2275390625,7.757791900075972e-05,-0.07662824541330338,-0.07706984877586365,0.994076669216156,1,2326285,19377
1786088918,40909058,1,104.8917465209961,104.28378295898438,-391.3984680175781,,,,,,,,,,2326286,19377
1786088918,40909058,,,,,5,-1497.190673828125,1030.4451904296875,-792.2880859375,-0.0003997046733275056,-0.07669468969106674,-0.07642745971679688,0.9941210150718689,1,2326286,19377
1786088918,49344388,1,105.51473236083984,104.27876281738281,-391.9696960449219,,,,,,,,,,2326287,19377
1786088918,49344388,,,,,5,-1497.188720703125,1030.44287109375,-792.2680053710938,-0.00039399703382514417,-0.0765337124466896,-0.07612007856369019,0.994157075881958,1,2326287,19377
1786088918,57759525,1,105.61097717285156,103.07189178466797,-393.0383605957031,,,,,,,,,,2326288,19377
1786088918,57759525,,,,,5,-1497.207275390625,1030.4627685546875,-792.2763671875,-0.0004439209005795419,-0.07669039070606232,-0.07592958956956863,0.994159460067749,1,2326288,19377
1786088918,65642012,1,105.67945098876953,105.9781265258789,-389.7955017089844,,,,,,,,,,2326289,19377
1786088918,65642012,,,,,5,-1497.1981201171875,1030.48193359375,-792.2530517578125,-0.0004994341870769858,-0.07670089602470398,-0.07600522041320801,0.994152843952179,1,2326289,19377
1786088918,74250017,1,105.63273620605469,106.04505157470703,-389.3940124511719,,,,,,,,,,2326290,19377
1786088918,74250017,,,,,5,-1497.1854248046875,1030.486572265625,-792.2694702148438,-0.0003031000087503344,-0.07672944664955139,-0.07636600732803345,0.9941230416297913,1,2326290,19377
1786088918,82517440,1,105.61453247070312,105.96180725097656,-389.1108703613281,,,,,,,,,,2326291,19377
1786088918,82517440,,,,,5,-1497.2103271484375,1030.4786376953125,-792.2755126953125,-0.00011304901272524148,-0.07668959349393845,-0.07700396329164505,0.9940770864486694,1,2326291,19377
1786088918,90598779,1,104.63726043701172,104.50579833984375,-388.6722412109375,,,,,,,,,,2326292,19377
1786088918,90598779,,,,,5,-1497.1883544921875,1030.451904296875,-792.2705688476562,-0.0006689600995741785,-0.07678650319576263,-0.07529032230377197,0.9942005276679993,1,2326292,19377
1786088918,99133631,1,105.53105163574219,106.20491790771484,-388.2025146484375,,,,,,,,,,2326293,19377
1786088918,99133631,,,,,5,-1497.2144775390625,1030.4659423828125,-792.25244140625,0.00026567475288175046,-0.07650472968816757,-0.07724273204803467,0.994072675704956,1,2326293,19377
1786088918,107402397,1,105.828125,105.50418853759766,-390.7762145996094,,,,,,,,,,2326294,19377
1786088918,107402397,,,,,5,-1497.2147216796875,1030.493896484375,-792.262939453125,-0.00010016788291977718,-0.076575867831707,-0.07698366045951843,0.994087278842926,1,2326294,19377
1786088918,116070691,1,105.16204833984375,104.61658477783203,-391.3709716796875,,,,,,,,,,2326295,19377
1786088918,116070691,,,,,5,-1497.2159423828125,1030.4754638671875,-792.2975463867188,-4.824535790248774e-05,-0.07657147943973541,-0.07736429572105408,0.9940581321716309,1,2326295,19377
1786088918,124290305,1,105.1604232788086,104.80491638183594,-391.3941345214844,,,,,,,,,,2326296,19377
1786088918,124290305,,,,,5,-1497.1883544921875,1030.4761962890625,-792.2539672851562,-0.0004713104572147131,-0.0768105760216713,-0.07625491917133331,0.994125247001648,1,2326296,19377
1786088918,132197081,1,104.85393524169922,104.96255493164062,-390.70037841796875,,,,,,,,,,2326297,19377
1786088918,132197081,,,,,5,-1497.1959228515625,1030.4725341796875,-792.2667846679688,-0.0004187888407614082,-0.07682803273200989,-0.07585602253675461,0.9941543936729431,1,2326297,19377
1786088918,141937684,1,105.29374694824219,103.02687072753906,-391.4307556152344,,,,,,,,,,2326298,19377
1786088918,141937684,,,,,5,-1497.20263671875,1030.48046875,-792.2615356445312,-0.00024448352633044124,-0.07668829709291458,-0.07662686705589294,0.9941062331199646,1,2326298,19377
1786088918,149373250,1,105.40799713134766,104.8349838256836,-391.64501953125,,,,,,,,,,2326299,19377
1786088918,149373250,,,,,5,-1497.203125,1030.46435546875,-792.2807006835938,-0.0003089524689130485,-0.07674095034599304,-0.07622182369232178,0.9941332340240479,1,2326299,19377
1786088918,157210488,1,105.9442367553711,101.96196746826172,-392.1868896484375,,,,,,,,,,2326300,19377
1786088918,157210488,,,,,5,-1497.1988525390625,1030.4627685546875,-792.2836303710938,-0.00021746692073065788,-0.07669913023710251,-0.07677382230758667,0.9940939545631409,1,2326300,19377
1786088918,165865662,1,105.99366760253906,106.14054107666016,-391.2303771972656,,,,,,,,,,2326301,19377
1786088918,165865662,,,,,5,-1497.1929931640625,1030.4666748046875,-792.2632446289062,-0.00020837339980062097,-0.07666037976741791,-0.07663041353225708,0.9941082000732422,1,2326301,19377
1786088918,174368642,1,105.97132873535156,106.23497772216797,-391.1306457519531,,,,,,,,,,2326302,19377
1786088918,174368642,,,,,5,-1497.19384765625,1030.459716796875,-792.2482299804688,-4.449475818546489e-05,-0.07674488425254822,-0.07719434797763824,0.9940579533576965,1,2326302,19377
1786088918,182314362,1,105.32264709472656,105.2102279663086,-391.5464172363281,,,,,,,,,,2326303,19377
1786088918,182314362,,,,,5,-1497.1851806640625,1030.4759521484375,-792.2600708007812,-0.0004303157329559326,-0.07665760815143585,-0.07623546570539474,0.9941385388374329,1,2326303,19377
1786088918,191192292,1,105.8991928100586,106.40435791015625,-391.20050048828125,,,,,,,,,,2326304,19377
1786088918,191192292,,,,,5,-1497.1962890625,1030.4566650390625,-792.2348022460938,-0.00027400461840443313,-0.07657361775636673,-0.0761978030204773,0.9941480159759521,1,2326304,19377
1786088918,198811030,1,104.58934020996094,105.10624694824219,-390.4481201171875,,,,,,,,,,2326305,19377
1786088918,198811030,,,,,5,-1497.1962890625,1030.4715576171875,-792.2735595703125,-0.00013581071107182652,-0.07674039155244827,-0.0766594186425209,0.9940997958183289,1,2326305,19377
1786088918,207885540,1,105.29667663574219,106.55228424072266,-389.85699462890625,,,,,,,,,,2326306,19377
1786088918,207885540,,,,,5,-1497.2113037109375,1030.4608154296875,-792.2484741210938,-0.00037360069109126925,-0.07659104466438293,-0.07612639665603638,0.9941520690917969,1,2326306,19377
1786088918,215907550,1,104.51066589355469,105.29521179199219,-390.5147399902344,,,,,,,,,,2326307,19377
1786088918,215907550,,,,,5,-1497.208984375,1030.5050048828125,-792.262451171875,-0.0001225788873853162,-0.07652868330478668,-0.07689616084098816,0.9940978288650513,1,2326307,19377
1786088918,224353408,1,105.24442291259766,106.24017333984375,-389.9934997558594,,,,,,,,,,2326308,19377
1786088918,224353408,,,,,5,-1497.22216796875,1030.46875,-792.2687377929688,-6.74293187330477e-05,-0.07647617906332016,-0.07745472341775894,0.9940584897994995,1,2326308,19377
1786088918,232281432,1,104.46100616455078,105.28620910644531,-390.1864318847656,,,,,,,,,,2326309,19377
1786088918,232281432,,,,,5,-1497.2037353515625,1030.49267578125,-792.2756958007812,-0.0003087016229983419,-0.07684512436389923,-0.07639126479625702,0.9941122531890869,1,2326309,19377
1786088918,240960575,1,105.28561401367188,106.51692962646484,-390.2611083984375,,,,,,,,,,2326310,19377
1786088918,240960575,,,,,5,-1497.1771240234375,1030.5101318359375,-792.3010864257812,-0.0005003957776352763,-0.0766911432147026,-0.07586263120174408,0.9941644668579102,1,2326310,19377
1786088918,248690131,1,105.18999481201172,106.47064971923828,-389.80975341796875,,,,,,,,,,2326311,19377
1786088918,248690131,,,,,5,-1497.1973876953125,1030.4427490234375,-792.2510375976562,-0.0002538255648687482,-0.07673409581184387,-0.07666601985692978,0.9940996170043945,1,2326311,19377
1786088918,257901476,1,104.35125732421875,105.35468292236328,-390.3033752441406,,,,,,,,,,2326312,19377
1786088918,257901476,,,,,5,-1497.2012939453125,1030.4832763671875,-792.27001953125,-0.0002989382774103433,-0.0765630304813385,-0.076618492603302,0.994116485118866,1,2326312,19377
1786088918,265696441,1,105.13916015625,106.76358795166016,-389.6703796386719,,,,,,,,,,2326313,19377
1786088918,265696441,,,,,5,-1497.2000732421875,1030.486572265625,-792.2675170898438,-0.0004520669172052294,-0.07678694278001785,-0.07641426473855972,0.994114875793457,1,2326313,19377
1786088918,273941175,1,104.35599517822266,105.39586639404297,-390.1855163574219,,,,,,,,,,2326314,19377
1786088918,273941175,,,,,5,-1497.1995849609375,1030.469970703125,-792.3146362304688,-0.000278133200481534,-0.07671502232551575,-0.07630033046007156,0.9941292405128479,1,2326314,19377
1786088918,282717504,1,104.35267639160156,105.35115814208984,-390.3936767578125,,,,,,,,,,2326315,19377
1786088918,282717504,,,,,5,-1497.21142578125,1030.4737548828125,-792.3120727539062,-0.00031755599775351584,-0.07672880589962006,-0.07646350562572479,0.9941156506538391,1,2326315,19377
1786088918,290822683,1,105.38485717773438,106.74198150634766,-390.22442626953125,,,,,,,,,,2326316,19377
1786088918,290822683,,,,,5,-1497.1864013671875,1030.4808349609375,-792.251953125,-0.00030745999538339674,-0.07653078436851501,-0.07616999745368958,0.9941533803939819,1,2326316,19377
1786088918,298798164,1,104.2930908203125,105.29029846191406,-390.2001953125,,,,,,,,,,2326317,19377
1786088918,298798164,,,,,5,-1497.1976318359375,1030.4759521484375,-792.2572631835938,-0.00046732788905501366,-0.07672049105167389,-0.0761537104845047,0.9941400289535522,1,2326317,19377
1786088918,308035237,1,104.24748229980469,105.29584503173828,-389.9486083984375,,,,,,,,,,2326318,19377
1786088918,308035237,,,,,5,-1497.2156982421875,1030.47802734375,-792.2642822265625,-1.8821709090843797e-05,-0.0766754075884819,-0.07730734348297119,0.9940544962882996,1,2326318,19377
1786088918,315744985,1,104.23419952392578,105.57160186767578,-390.1272888183594,,,,,,,,,,2326319,19377
1786088918,315744985,,,,,5,-1497.1829833984375,1030.457763671875,-792.2939453125,-0.00024320563534274697,-0.07665721327066422,-0.07673107832670212,0.9941006302833557,1,2326319,19377
1786088918,324708421,1,104.21519470214844,105.60285186767578,-390.0679016113281,,,,,,,,,,2326320,19377
1786088918,324708421,,,,,5,-1497.2095947265625,1030.480712890625,-792.2854614257812,-0.00020586542086675763,-0.07662156224250793,-0.07670831680297852,0.9941050410270691,1,2326320,19377
1786088918,332511259,1,104.2184829711914,105.68147277832031,-389.6911315917969,,,,,,,,,,2326321,19377
1786088918,332511259,,,,,5,-1497.2137451171875,1030.5086669921875,-792.2694091796875,-1.7044407286448404e-05,-0.0766029879450798,-0.07701639831066132,0.9940826892852783,1,2326321,19377
1786088918,340681079,1,104.1021728515625,105.90233612060547,-389.8736877441406,,,,,,,,,,2326322,19377
1786088918,340681079,,,,,5,-1497.218505859375,1030.4697265625,-792.2813720703125,-0.00043978512985631824,-0.0765676498413086,-0.07632097601890564,0.9941388964653015,1,2326322,19377
1786088918,349414143,1,104.7796630859375,107.73053741455078,-389.4632873535156,,,,,,,,,,2326323,19377
1786088918,349414143,,,,,5,-1497.1971435546875,1030.4945068359375,-792.3253784179688,-0.0006991669069975615,-0.07657314091920853,-0.07471716403961182,0.9942601919174194,1,2326323,19377
1786088918,357683229,1,103.98070526123047,106.11853790283203,-389.5711364746094,,,,,,,,,,2326324,19377
1786088918,357683229,,,,,5,-1497.205322265625,1030.4605712890625,-792.262939453125,-4.0657912904862314e-05,-0.07671713829040527,-0.07713235169649124,0.99406498670578,1,2326324,19377
1786088918,365564149,1,104.67098236083984,107.40797424316406,-388.7646484375,,,,,,,,,,2326325,19377
1786088918,365564149,,,,,5,-1497.2198486328125,1030.4798583984375,-792.2567138671875,-0.00017221343296114355,-0.07661943137645721,-0.076814204454422,0.9940971732139587,1,2326325,19377
1786088918,374890535,1,103.7764663696289,106.4442367553711,-389.1890563964844,,,,,,,,,,2326326,19377
1786088918,374890535,,,,,5,-1497.198486328125,1030.4488525390625,-792.3032836914062,-0.0005824391846545041,-0.07671686261892319,-0.07589077949523926,0.9941603541374207,1,2326326,19377
1786088918,382416504,1,102.80561828613281,106.38651275634766,-389.27001953125,,,,,,,,,,2326327,19377
1786088918,382416504,,,,,5,-1497.2109375,1030.4857177734375,-792.2672729492188,-0.0003984239010605961,-0.0766848623752594,-0.07644686102867126,0.9941202402114868,1,2326327,19377
1786088918,390606837,1,104.32733917236328,107.97398376464844,-388.3352966308594,,,,,,,,,,2326328,19377
1786088918,390606837,,,,,5,-1497.198486328125,1030.483642578125,-792.2509765625,-0.0001476828329032287,-0.07660354673862457,-0.0767836645245552,0.9941006898880005,1,2326328,19377
1786088918,399499967,1,104.2753677368164,107.92211151123047,-388.0191345214844,,,,,,,,,,2326329,19377
1786088918,399499967,,,,,5,-1497.180419921875,1030.4627685546875,-792.25,-0.0003977782907895744,-0.07671700417995453,-0.0765027180314064,0.9941135048866272,1,2326329,19377
1786088918,407556186,1,104.2217025756836,108.2044677734375,-387.8963317871094,,,,,,,,,,2326330,19377
1786088918,407556186,,,,,5,-1497.1995849609375,1030.502197265625,-792.2428588867188,-0.0002450704632792622,-0.07658383995294571,-0.07670789211988449,0.9941080808639526,1,2326330,19377
1786088918,415497042,1,103.28226470947266,107.17810821533203,-388.5118103027344,,,,,,,,,,2326331,19377
1786088918,415497042,,,,,5,-1497.184814453125,1030.48046875,-792.2393798828125,-0.00036566221388056874,-0.07650808990001678,-0.07625320553779602,0.994148850440979,1,2326331,19377
1786088918,424247194,1,103.2288818359375,107.34777069091797,-388.82794189453125,,,,,,,,,,2326332,19377
1786088918,424247194,,,,,5,-1497.1937255859375,1030.46630859375,-792.281982421875,-0.00020593505178112537,-0.07662397623062134,-0.07681228220462799,0.9940968155860901,1,2326332,19377
1786088918,432333461,1,103.14949798583984,107.54230499267578,-388.7138671875,,,,,,,,,,2326333,19377
1786088918,432333461,,,,,5,-1497.193359375,1030.4605712890625,-792.2750854492188,-0.0005452982150018215,-0.07680254429578781,-0.07566003501415253,0.9941713213920593,1,2326333,19377
1786088918,441194879,1,103.0891342163086,107.75587463378906,-388.5253601074219,,,,,,,,,,2326334,19377
1786088918,441194879,,,,,5,-1497.2208251953125,1030.46240234375,-792.268310546875,-8.288005483336747e-05,-0.07662469148635864,-0.07731083035469055,0.9940581321716309,1,2326334,19377
1786088918,448577101,1,103.8729019165039,108.6601791381836,-387.4952087402344,,,,,,,,,,2326335,19377
1786088918,448577101,,,,,5,-1497.205810546875,1030.469482421875,-792.2555541992188,-0.00041300427983514965,-0.07676979154348373,-0.07616457343101501,0.9941354393959045,1,2326335,19377
1786088918,457320468,1,102.91166687011719,107.81649017333984,-388.567138671875,,,,,,,,,,2326336,19377
1786088918,457320468,,,,,5,-1497.216552734375,1030.4677734375,-792.2479858398438,-0.0005239523015916348,-0.07667185366153717,-0.07615114003419876,0.9941439628601074,1,2326336,19377
1786088918,466241727,1,102.90959167480469,107.81623840332031,-388.2198181152344,,,,,,,,,,2326337,19377
1786088918,466241727,,,,,5,-1497.200927734375,1030.4488525390625,-792.2608032226562,-0.0003005547041539103,-0.07674825191497803,-0.07671266049146652,0.994094967842102,1,2326337,19377
1786088918,474304058,1,102.79051208496094,108.42671966552734,-388.373291015625,,,,,,,,,,2326338,19377
1786088918,474304058,,,,,5,-1497.193359375,1030.465576171875,-792.2723999023438,-0.00044258954585529864,-0.07678874582052231,-0.07649239152669907,0.9941087365150452,1,2326338,19377
1786088918,482399893,1,102.91963195800781,107.61846160888672,-388.2550354003906,,,,,,,,,,2326339,19377
1786088918,482399893,,,,,5,-1497.1959228515625,1030.4725341796875,-792.2727661132812,-0.0002498189569450915,-0.07668440043926239,-0.07690107822418213,0.9940853118896484,1,2326339,19377
1786088918,491130077,1,102.8364486694336,107.92133331298828,-388.2731018066406,,,,,,,,,,2326340,19377
1786088918,491130077,,,,,5,-1497.1737060546875,1030.447021484375,-792.281494140625,-0.0006609465344808996,-0.07671252638101578,-0.07575865834951401,0.9941707253456116,1,2326340,19377
1786088918,499248760,1,103.52027893066406,109.74236297607422,-387.5382080078125,,,,,,,,,,2326341,19377
1786088918,499248760,,,,,5,-1497.1971435546875,1030.5428466796875,-792.2702026367188,-0.0005567727494053543,-0.07665100693702698,-0.0749891847372055,0.9942337870597839,1,2326341,19377
1786088918,508125731,1,103.44194793701172,109.88878631591797,-387.5654602050781,,,,,,,,,,2326342,19377
1786088918,508125731,,,,,5,-1497.19140625,1030.5123291015625,-792.2987670898438,-0.0004097204655408859,-0.07667124271392822,-0.07623966783285141,0.994137167930603,1,2326342,19377
1786088918,515948345,1,103.41015625,109.19989013671875,-386.6482238769531,,,,,,,,,,2326343,19377
1786088918,515948345,,,,,5,-1497.203125,1030.4769287109375,-792.25146484375,-0.00039240033947862685,-0.07663993537425995,-0.07640888541936874,0.9941266775131226,1,2326343,19377
1786088918,524245624,1,105.0263900756836,106.58563995361328,-390.0128479003906,,,,,,,,,,2326344,19377
1786088918,524245624,,,,,5,-1497.206787109375,1030.4456787109375,-792.2573852539062,-6.095384378568269e-05,-0.07652201503515244,-0.07717833667993546,0.9940763711929321,1,2326344,19377
1786088918,532392116,1,102.64456176757812,109.01712799072266,-386.15716552734375,,,,,,,,,,2326345,19377
1786088918,532392116,,,,,5,-1497.212158203125,1030.4755859375,-792.2831420898438,-0.0004419584583956748,-0.07665494084358215,-0.07625263184309006,0.9941375255584717,1,2326345,19377
1786088918,541343264,1,102.6469955444336,109.13944244384766,-385.77001953125,,,,,,,,,,2326346,19377
1786088918,541343264,,,,,5,-1497.2242431640625,1030.491943359375,-792.2653198242188,-0.00023014134785626084,-0.0767475813627243,-0.07699702680110931,0.9940729737281799,1,2326346,19377
1786088918,549250839,1,102.663330078125,109.4324722290039,-384.95208740234375,,,,,,,,,,2326347,19377
1786088918,549250839,,,,,5,-1497.1884765625,1030.435546875,-792.2645874023438,-0.00045583947212435305,-0.07678959518671036,-0.07651534676551819,0.9941068887710571,1,2326347,19377
1786088918,558155586,1,102.44568634033203,110.9556655883789,-385.6192932128906,,,,,,,,,,2326348,19377
1786088918,558155586,,,,,5,-1497.1737060546875,1030.478515625,-792.2779541015625,-0.00018332550826016814,-0.07668522745370865,-0.07696519792079926,0.9940803050994873,1,2326348,19377
1786088918,566091098,1,102.28678894042969,106.2967529296875,-383.87530517578125,,,,,,,,,,2326349,19377
1786088918,566091098,,,,,5,-1497.188232421875,1030.4530029296875,-792.2792358398438,-0.00025195852504111826,-0.0767705887556076,-0.07673099637031555,0.994091808795929,1,2326349,19377
1786088918,573977394,1,104.74437713623047,106.42616271972656,-387.2521667480469,,,,,,,,,,2326350,19377
1786088918,573977394,,,,,5,-1497.209228515625,1030.4854736328125,-792.2562866210938,-0.00044522384996525943,-0.07678160071372986,-0.07615499943494797,0.9941352009773254,1,2326350,19377
1786088918,582728218,1,102.68771362304688,109.62801361083984,-384.34796142578125,,,,,,,,,,2326351,19377
1786088918,582728218,,,,,5,-1497.2239990234375,1030.49462890625,-792.2687377929688,-0.00014770000416319817,-0.07666335999965668,-0.07711859047412872,0.9940701127052307,1,2326351,19377
1786088918,590988216,1,100.66719818115234,113.37576293945312,-380.75299072265625,,,,,,,,,,2326352,19377
1786088918,590988216,,,,,5,-1497.2139892578125,1030.4930419921875,-792.26953125,-6.624815341638168e-06,-0.0766056701540947,-0.07746480405330658,0.9940476417541504,1,2326352,19377
1786088918,598853455,1,98.81328582763672,112.6507797241211,-381.68829345703125,,,,,,,,,,2326353,19377
1786088918,598853455,,,,,5,-1497.188232421875,1030.46826171875,-792.23046875,-0.0005422980757430196,-0.07677812874317169,-0.07579784095287323,0.9941625595092773,1,2326353,19377
1786088918,607851931,1,98.7093734741211,112.48223876953125,-381.4322509765625,,,,,,,,,,2326354,19377
1786088918,607851931,,,,,5,-1497.21533203125,1030.4647216796875,-792.2440185546875,-0.00022634318156633526,-0.07661721855401993,-0.07677728682756424,0.994100034236908,1,2326354,19377
1786088918,615581744,1,99.71429443359375,113.52548217773438,-380.8615417480469,,,,,,,,,,2326355,19377
1786088918,615581744,,,,,5,-1497.2039794921875,1030.4801025390625,-792.2850952148438,-0.0002984983439091593,-0.07656806707382202,-0.07697316259145737,0.9940885901451111,1,2326355,19377
1786088918,624747903,1,100.1421890258789,107.65177154541016,-385.0090637207031,,,,,,,,,,2326356,19377
1786088918,624747903,,,,,5,-1497.2086181640625,1030.448974609375,-792.2645874023438,-0.00038733272231183946,-0.07674439251422882,-0.07607324421405792,0.9941443204879761,1,2326356,19377
1786088918,632598742,1,100.06980895996094,107.92105102539062,-384.6787109375,,,,,,,,,,2326357,19377
1786088918,632598742,,,,,5,-1497.1998291015625,1030.4520263671875,-792.2981567382812,-0.0002536955289542675,-0.07670373469591141,-0.07666999846696854,0.9941016435623169,1,2326357,19377
1786088918,640741010,1,101.30687713623047,108.85371398925781,-383.5570373535156,,,,,,,,,,2326358,19377
1786088918,640741010,,,,,5,-1497.2003173828125,1030.47021484375,-792.2839965820312,-0.00018066108168568462,-0.07670183479785919,-0.07708480209112167,0.9940697550773621,1,2326358,19377
1786088918,649711710,1,99.74043273925781,107.91729736328125,-384.54034423828125,,,,,,,,,,2326359,19377
1786088918,649711710,,,,,5,-1497.1844482421875,1030.4735107421875,-792.2553100585938,-0.0005354871973395348,-0.07685545086860657,-0.07588526606559753,0.9941501021385193,1,2326359,19377
1786088918,657754328,1,101.74528503417969,105.02283477783203,-385.9693908691406,,,,,,,,,,2326360,19377
1786088918,657754328,,,,,5,-1497.220703125,1030.48583984375,-792.25732421875,2.4198143364628777e-06,-0.0766603946685791,-0.07760883122682571,0.9940322041511536,1,2326360,19377
1786088918,665698993,1,101.66178894042969,104.92892456054688,-386.2601318359375,,,,,,,,,,2326361,19377
1786088918,665698993,,,,,5,-1497.193603515625,1030.485107421875,-792.2764892578125,-0.00024456175742670894,-0.07663903385400772,-0.07732709497213364,0.9940558075904846,1,2326361,19377
1786088918,673904078,1,102.14131927490234,104.9931869506836,-386.1098327636719,,,,,,,,,,2326362,19377
1786088918,673904078,,,,,5,-1497.2103271484375,1030.4412841796875,-792.2846069335938,-0.0005102336290292442,-0.07665715366601944,-0.0764608234167099,0.9941213130950928,1,2326362,19377
1786088918,682470963,1,102.47251892089844,106.8323974609375,-385.20367431640625,,,,,,,,,,2326363,19377
1786088918,682470963,,,,,5,-1497.1864013671875,1030.4208984375,-792.2750244140625,-0.000662057485897094,-0.07668223232030869,-0.07610515505075455,0.9941465854644775,1,2326363,19377
1786088918,690615567,1,100.83817291259766,107.7183837890625,-384.7716979980469,,,,,,,,,,2326364,19377
1786088918,690615567,,,,,5,-1497.20849609375,1030.473388671875,-792.2594604492188,-0.0003806737659033388,-0.07671986520290375,-0.07660473883152008,0.9941054582595825,1,2326364,19377
1786088918,699424696,1,100.5888442993164,107.45689392089844,-384.5712585449219,,,,,,,,,,2326365,19377
1786088918,699424696,,,,,5,-1497.2191162109375,1030.49462890625,-792.2266235351562,-0.00011075289512518793,-0.07669084519147873,-0.07644634693861008,0.9941198825836182,1,2326365,19377
1786088918,707844921,1,100.16210174560547,106.99642944335938,-385.42144775390625,,,,,,,,,,2326366,19377
1786088918,707844921,,,,,5,-1497.2210693359375,1030.4842529296875,-792.2767944335938,-0.0003246498527005315,-0.07674198597669601,-0.07695670425891876,0.9940764904022217,1,2326366,19377
1786088918,715868851,1,99.70115661621094,107.26990509033203,-385.1152648925781,,,,,,,,,,2326367,19377
1786088918,715868851,,,,,5,-1497.21337890625,1030.476806640625,-792.271728515625,-0.00034980528289452195,-0.07671234756708145,-0.07626895606517792,0.9941319227218628,1,2326367,19377
1786088918,724418231,1,99.81533813476562,107.20616149902344,-385.2589111328125,,,,,,,,,,2326368,19377
1786088918,724418231,,,,,5,-1497.203125,1030.4686279296875,-792.2960205078125,-0.0002519256668165326,-0.07670559734106064,-0.07719989120960236,0.9940605759620667,1,2326368,19377
1786088918,732474226,1,101.46764373779297,105.21458435058594,-385.85247802734375,,,,,,,,,,2326369,19377
1786088918,732474226,,,,,5,-1497.207763671875,1030.4718017578125,-792.2687377929688,-0.000442225718870759,-0.07682561874389648,-0.07616391032934189,0.9941311478614807,1,2326369,19377
1786088918,741284027,1,101.3178939819336,104.36597442626953,-386.7368469238281,,,,,,,,,,2326370,19377
1786088918,741284027,,,,,5,-1497.2008056640625,1030.5029296875,-792.2784423828125,-0.0003374062944203615,-0.07667267322540283,-0.07596847414970398,0.9941578507423401,1,2326370,19377
1786088918,749614138,1,101.66914367675781,104.29846954345703,-387.4290466308594,,,,,,,,,,2326371,19377
1786088918,749614138,,,,,5,-1497.2060546875,1030.4588623046875,-792.3009643554688,-0.00026474412879906595,-0.07673566043376923,-0.07678165286779404,0.9940906763076782,1,2326371,19377
1786088918,757810455,1,100.82748413085938,106.84257507324219,-386.3378601074219,,,,,,,,,,2326372,19377
1786088918,757810455,,,,,5,-1497.1907958984375,1030.4512939453125,-792.2650756835938,-0.00029732033726759255,-0.07673592865467072,-0.0764562264084816,0.9941157102584839,1,2326372,19377
1786088918,765439978,1,101.89696502685547,104.65978240966797,-387.6436767578125,,,,,,,,,,2326373,19377
1786088918,765439978,,,,,5,-1497.1961669921875,1030.4781494140625,-792.2553100585938,-0.00035684206523001194,-0.07669065147638321,-0.07623440027236938,0.9941362142562866,1,2326373,19377
1786088918,774800029,1,102.12117004394531,105.82632446289062,-385.36956787109375,,,,,,,,,,2326374,19377
1786088918,774800029,,,,,5,-1497.1986083984375,1030.4578857421875,-792.2971801757812,-0.0002910393523052335,-0.07668634504079819,-0.07649587839841843,0.994116485118866,1,2326374,19377
1786088918,782434224,1,102.53266906738281,108.79289245605469,-386.32305908203125,,,,,,,,,,2326375,19377
1786088918,782434224,,,,,5,-1497.1820068359375,1030.4815673828125,-792.2716674804688,-0.0003401220601517707,-0.07663902640342712,-0.07631273567676544,0.9941340088844299,1,2326375,19377
1786088918,791392348,1,102.9185562133789,107.95552825927734,-386.7362365722656,,,,,,,,,,2326376,19377
1786088918,791392348,,,,,5,-1497.2039794921875,1030.4691162109375,-792.2701416015625,-0.0003862213052343577,-0.07669378817081451,-0.07663104683160782,0.9941054582595825,1,2326376,19377
1786088918,799654458,1,103.40275573730469,108.61154174804688,-387.0820617675781,,,,,,,,,,2326377,19377
1786088918,799654458,,,,,5,-1497.2039794921875,1030.4671630859375,-792.2787475585938,-0.00028694994398392737,-0.07665348052978516,-0.0767335370182991,0.9941006302833557,1,2326377,19377
1786088918,807332557,1,103.28466033935547,108.43955993652344,-387.2550048828125,,,,,,,,,,2326378,19377
1786088918,807332557,,,,,5,-1497.1905517578125,1030.51611328125,-792.3236694335938,-0.000140975127578713,-0.07687453180551529,-0.07590080797672272,0.994147539138794,1,2326378,19377
1786088918,816117142,1,104.33883666992188,108.48810577392578,-387.83758544921875,,,,,,,,,,2326379,19377
1786088918,816117142,,,,,5,-1497.2196044921875,1030.5107421875,-792.2803955078125,-8.610306394984946e-06,-0.07655740529298782,-0.07711567729711533,0.994078516960144,1,2326379,19377
1786088918,824384468,1,104.54659271240234,108.93248748779297,-388.0022277832031,,,,,,,,,,2326380,19377
1786088918,824384468,,,,,5,-1497.20947265625,1030.480712890625,-792.2427368164062,-0.0003360165865160525,-0.07676934450864792,-0.07591769099235535,0.9941543340682983,1,2326380,19377
1786088918,832521296,1,104.84539794921875,108.90593719482422,-388.0617980957031,,,,,,,,,,2326381,19377
1786088918,832521296,,,,,5,-1497.2017822265625,1030.4703369140625,-792.2540893554688,-6.557515007443726e-05,-0.07674203813076019,-0.0773613378405571,0.9940451979637146,1,2326381,19377
1786088918,841303065,1,104.92417907714844,108.10639953613281,-387.3000183105469,,,,,,,,,,2326382,19377
1786088918,841303065,,,,,5,-1497.2052001953125,1030.4847412109375,-792.2982788085938,-9.570929250912741e-05,-0.07672460377216339,-0.07732993364334106,0.9940489530563354,1,2326382,19377
1786088918,848955948,1,105.37488555908203,107.5135726928711,-387.60992431640625,,,,,,,,,,2326383,19377
1786088918,848955948,,,,,5,-1497.2103271484375,1030.4608154296875,-792.2848510742188,-0.0004269215860404074,-0.07676727324724197,-0.07683815807104111,0.9940837025642395,1,2326383,19377
1786088918,858154172,1,105.69889068603516,107.79617309570312,-387.4909362792969,,,,,,,,,,2326384,19377
1786088918,858154172,,,,,5,-1497.191162109375,1030.4495849609375,-792.2616577148438,-0.00029590007034130394,-0.07668738812208176,-0.07643112540245056,0.994121253490448,1,2326384,19377
1786088918,866069108,1,105.50263214111328,105.41423034667969,-387.2218933105469,,,,,,,,,,2326385,19377
1786088918,866069108,,,,,5,-1497.210205078125,1030.4818115234375,-792.2828979492188,-0.00040326541056856513,-0.07670046389102936,-0.07639417052268982,0.994123101234436,1,2326385,19377
1786088918,874138639,1,106.53106689453125,106.79532623291016,-389.3969421386719,,,,,,,,,,2326386,19377
1786088918,874138639,,,,,5,-1497.2252197265625,1030.540771484375,-792.3115844726562,-0.0005832971655763686,-0.07640477269887924,-0.07606064528226852,0.9941713809967041,1,2326386,19377
1786088918,882195465,1,107.15628051757812,106.06854248046875,-388.41595458984375,,,,,,,,,,2326387,19377
1786088918,882195465,,,,,5,-1497.2069091796875,1030.5179443359375,-792.2628784179688,-8.852155588101596e-05,-0.076655812561512,-0.0770803689956665,0.9940736889839172,1,2326387,19377
1786088918,891052275,1,106.70569610595703,107.52763366699219,-388.09112548828125,,,,,,,,,,2326388,19377
1786088918,891052275,,,,,5,-1497.2191162109375,1030.4791259765625,-792.2770385742188,-0.000361454498488456,-0.07654871046543121,-0.0763525664806366,0.9941380620002747,1,2326388,19377
1786088918,899160398,1,108.09527587890625,105.4378890991211,-390.5429382324219,,,,,,,,,,2326389,19377
1786088918,899160398,,,,,5,-1497.1971435546875,1030.48046875,-792.2910766601562,-0.00047324906336143613,-0.07660283893346786,-0.0760103389620781,0.9941600561141968,1,2326389,19377
1786088918,908019096,1,108.25798034667969,105.47490692138672,-390.7416687011719,,,,,,,,,,2326390,19377
1786088918,908019096,,,,,5,-1497.225830078125,1030.4993896484375,-792.2846069335938,-3.260986341047101e-05,-0.07672218978404999,-0.07758878171443939,0.9940289258956909,1,2326390,19377
1786088918,915758637,1,108.38684844970703,105.49099731445312,-390.8771057128906,,,,,,,,,,2326391,19377
1786088918,915758637,,,,,5,-1497.1846923828125,1030.498291015625,-792.2703247070312,-0.0005370165454223752,-0.07670556753873825,-0.07647066563367844,0.9941167831420898,1,2326391,19377
1786088918,924034956,1,107.0182876586914,108.044921875,-388.8536376953125,,,,,,,,,,2326392,19377
1786088918,924034956,,,,,5,-1497.1949462890625,1030.460693359375,-792.2669677734375,-0.0006106618675403297,-0.07667015492916107,-0.07574126124382019,0.9941753149032593,1,2326392,19377
1786088918,932697010,1,107.14049530029297,107.83354187011719,-388.97442626953125,,,,,,,,,,2326393,19377
1786088918,932697010,,,,,5,-1497.1966552734375,1030.4779052734375,-792.275390625,-0.00013292665244080126,-0.07680132985115051,-0.07732418179512024,0.9940435290336609,1,2326393,19377
1786088918,941020849,1,107.26595306396484,107.64701843261719,-389.29595947265625,,,,,,,,,,2326394,19377
1786088918,941020849,,,,,5,-1497.2049560546875,1030.4515380859375,-792.2732543945312,-0.0004124343686271459,-0.07672059535980225,-0.07643107324838638,0.9941186904907227,1,2326394,19377
1786088918,948882664,1,107.47282409667969,107.66390991210938,-389.2114562988281,,,,,,,,,,2326395,19377
1786088918,948882664,,,,,5,-1497.1800537109375,1030.4688720703125,-792.22509765625,-0.0002945861197076738,-0.07692328095436096,-0.07625456899404526,0.9941166639328003,1,2326395,19377
1786088918,958054168,1,107.60414123535156,107.5510482788086,-389.5680847167969,,,,,,,,,,2326396,19377
1786088918,958054168,,,,,5,-1497.2139892578125,1030.4608154296875,-792.283203125,-0.0004947896813973784,-0.076790452003479,-0.07593617588281631,0.9941511154174805,1,2326396,19377
1786088918,966528571,1,106.99225616455078,104.38319396972656,-391.0909118652344,,,,,,,,,,2326397,19377
1786088918,966528571,,,,,5,-1497.2032470703125,1030.4456787109375,-792.2811279296875,-0.0003762640699278563,-0.07676602154970169,-0.07661332190036774,0.9941011667251587,1,2326397,19377
1786088918,973886056,1,106.88751983642578,106.98184204101562,-390.5897521972656,,,,,,,,,,2326398,19377
1786088918,973886056,,,,,5,-1497.2122802734375,1030.4716796875,-792.2407836914062,-2.7233531000092626e-05,-0.07663992792367935,-0.07730845361948013,0.9940571188926697,1,2326398,19377
1786088918,982211815,1,107.698974609375,107.88274383544922,-389.7577819824219,,,,,,,,,,2326399,19377
1786088918,982211815,,,,,5,-1497.2156982421875,1030.499267578125,-792.2814331054688,-0.0002586989139672369,-0.0766579881310463,-0.07730523496866226,0.994055986404419,1,2326399,19377
1786088918,990971759,1,108.7102279663086,105.71781921386719,-392.358154296875,,,,,,,,,,2326400,19378
1786088918,990971759,,,,,5,-1497.20947265625,1030.4752197265625,-792.268310546875,-0.00022738314874004573,-0.07677211612462997,-0.07707735151052475,0.9940649271011353,1,2326400,19378
1786088918,998797157,1,106.9587173461914,107.87289428710938,-391.0926513671875,,,,,,,,,,2326401,19378
1786088918,998797157,,,,,5,-1497.20361328125,1030.453369140625,-792.2561645507812,-0.0004473085282370448,-0.07671836763620377,-0.07685552537441254,0.9940861463546753,1,2326401,19378
1786088919,7863763,1,107.88121795654297,107.82579803466797,-390.3511962890625,,,,,,,,,,2326402,19378
1786088919,7863763,,,,,5,-1497.2127685546875,1030.443359375,-792.2813110351562,-0.0007285589817911386,-0.07679528743028641,-0.07553205639123917,0.9941815137863159,1,2326402,19378
1786088919,15709258,1,107.83357238769531,107.4771499633789,-390.8034362792969,,,,,,,,,,2326403,19378
1786088919,15709258,,,,,5,-1497.22265625,1030.489013671875,-792.2677612304688,-0.00016711591160856187,-0.07668180763721466,-0.07690538465976715,0.9940852522850037,1,2326403,19378
1786088919,24624789,1,107.90474700927734,107.55171203613281,-390.6835021972656,,,,,,,,,,2326404,19378
1786088919,24624789,,,,,5,-1497.1910400390625,1030.4822998046875,-792.2625122070312,-0.0002944665029644966,-0.07667385041713715,-0.07660072296857834,0.9941093325614929,1,2326404,19378
1786088919,32638158,1,108.07132720947266,107.47406005859375,-390.8620910644531,,,,,,,,,,2326405,19378
1786088919,32638158,,,,,5,-1497.224853515625,1030.4725341796875,-792.2653198242188,-9.061034506885335e-05,-0.07660573720932007,-0.07696907967329025,0.9940861463546753,1,2326405,19378
1786088919,40805387,1,108.06424713134766,108.12908935546875,-390.6692199707031,,,,,,,,,,2326406,19378
1786088919,40805387,,,,,5,-1497.1922607421875,1030.4786376953125,-792.2514038085938,-0.0003610078420024365,-0.07671645283699036,-0.07640101760625839,0.9941213726997375,1,2326406,19378
1786088919,49550355,1,108.31102752685547,107.67093658447266,-391.3424377441406,,,,,,,,,,2326407,19378
1786088919,49550355,,,,,5,-1497.203369140625,1030.518798828125,-792.3239135742188,-0.0003232963790651411,-0.07655665278434753,-0.07646515220403671,0.9941287636756897,1,2326407,19378
1786088919,57642670,1,108.361572265625,107.4509048461914,-390.76885986328125,,,,,,,,,,2326408,19378
1786088919,57642670,,,,,5,-1497.2061767578125,1030.482421875,-792.2577514648438,-0.0001083672686945647,-0.07678373157978058,-0.07682953029870987,0.9940832257270813,1,2326408,19378
1786088919,65826283,1,107.80863952636719,106.53229522705078,-391.6183166503906,,,,,,,,,,2326409,19378
1786088919,65826283,,,,,5,-1497.213134765625,1030.479736328125,-792.2932739257812,-0.0003308779268991202,-0.07666327804327011,-0.07651608437299728,0.9941166639328003,1,2326409,19378
1786088919,74731190,1,107.84091186523438,106.60979461669922,-391.3357849121094,,,,,,,,,,2326410,19378
1786088919,74731190,,,,,5,-1497.1881103515625,1030.4638671875,-792.2514038085938,-0.0002702133497223258,-0.0766148716211319,-0.07632317394018173,0.9941352009773254,1,2326410,19378
1786088919,83036469,1,108.04449462890625,106.53189849853516,-391.4228210449219,,,,,,,,,,2326411,19378
1786088919,83036469,,,,,5,-1497.2076416015625,1030.4632568359375,-792.25048828125,-0.0002966847678180784,-0.07681575417518616,-0.0768563449382782,0.9940785765647888,1,2326411,19378
1786088919,91531384,1,109.23149108886719,104.26556396484375,-393.3951110839844,,,,,,,,,,2326412,19378
1786088919,91531384,,,,,5,-1497.1943359375,1030.4725341796875,-792.2844848632812,-0.00011961928976234049,-0.07663599401712418,-0.07725624740123749,0.9940615892410278,1,2326412,19378
1786088919,99307309,1,109.34484100341797,104.28070068359375,-393.3414611816406,,,,,,,,,,2326413,19378
1786088919,99307309,,,,,5,-1497.20263671875,1030.444580078125,-792.2771606445312,-0.0004080607322975993,-0.07671894133090973,-0.0766327977180481,0.9941033124923706,1,2326413,19378
1786088919,107483338,1,109.56199645996094,105.07418060302734,-392.7027587890625,,,,,,,,,,2326414,19378
1786088919,107483338,,,,,5,-1497.2130126953125,1030.470703125,-792.2555541992188,-0.00016131279699038714,-0.07666148990392685,-0.07704275846481323,0.9940762519836426,1,2326414,19378
1786088919,116266642,1,109.53728485107422,104.17056274414062,-393.62335205078125,,,,,,,,,,2326415,19378
1786088919,116266642,,,,,5,-1497.1898193359375,1030.4544677734375,-792.2576293945312,-0.00031923854839988053,-0.07669281214475632,-0.07685087621212006,0.9940885901451111,1,2326415,19378
1786088919,124347053,1,108.98101806640625,104.2251205444336,-392.3409423828125,,,,,,,,,,2326416,19378
1786088919,124347053,,,,,5,-1497.2005615234375,1030.4669189453125,-792.2651977539062,-0.0004827986122108996,-0.07670587301254272,-0.07630705088376999,0.9941293597221375,1,2326416,19378
1786088919,133046996,1,110.39373779296875,101.59624481201172,-393.0644226074219,,,,,,,,,,2326417,19378
1786088919,133046996,,,,,5,-1497.1756591796875,1030.433349609375,-792.283447265625,-0.00023836374748498201,-0.07675564289093018,-0.07717384397983551,0.9940586686134338,1,2326417,19378
1786088919,141289874,1,110.51513671875,101.4735107421875,-392.8572082519531,,,,,,,,,,2326418,19378
1786088919,141289874,,,,,5,-1497.217041015625,1030.4827880859375,-792.248779296875,-0.00021592926350422204,-0.07660311460494995,-0.07650332152843475,0.9941222667694092,1,2326418,19378
1786088919,149195434,1,110.593994140625,101.90274047851562,-392.87579345703125,,,,,,,,,,2326419,19378
1786088919,149195434,,,,,5,-1497.1951904296875,1030.4749755859375,-792.2637939453125,-0.00017857969214674085,-0.07679025083780289,-0.07740812003612518,0.9940378069877625,1,2326419,19378
1786088919,157631724,1,110.70451354980469,101.93585968017578,-392.90008544921875,,,,,,,,,,2326420,19378
1786088919,157631724,,,,,5,-1497.190185546875,1030.4683837890625,-792.2413330078125,-0.0006304168491624296,-0.07706041634082794,-0.07531853765249252,0.9941772818565369,1,2326420,19378
1786088919,165653510,1,110.81102752685547,101.91426086425781,-393.073974609375,,,,,,,,,,2326421,19378
1786088919,165653510,,,,,5,-1497.2003173828125,1030.4744873046875,-792.2655639648438,-0.00044130702735856175,-0.07677507400512695,-0.07604409754276276,0.9941441416740417,1,2326421,19378
1786088919,174663954,1,110.86279296875,101.93443298339844,-393.1116027832031,,,,,,,,,,2326422,19378
1786088919,174663954,,,,,5,-1497.2073974609375,1030.4715576171875,-792.2723388671875,-0.000283725414192304,-0.07671961933374405,-0.07638410478830338,0.9941224455833435,1,2326422,19378
1786088919,182320933,1,109.33692932128906,107.87635803222656,-391.42132568359375,,,,,,,,,,2326423,19378
1786088919,182320933,,,,,5,-1497.1973876953125,1030.4642333984375,-792.2560424804688,-0.0004758743743877858,-0.0766957625746727,-0.07594699412584305,0.9941577315330505,1,2326423,19378
1786088919,191738330,1,110.0522689819336,108.0513687133789,-391.2184753417969,,,,,,,,,,2326424,19378
1786088919,191738330,,,,,5,-1497.2215576171875,1030.491455078125,-792.2636108398438,-0.00016304402379319072,-0.07654762268066406,-0.07687098532915115,0.9940982460975647,1,2326424,19378
1786088919,199168104,1,110.17679595947266,108.33847045898438,-391.045654296875,,,,,,,,,,2326425,19378
1786088919,199168104,,,,,5,-1497.192626953125,1030.4820556640625,-792.2813720703125,-0.00037604282260872424,-0.07673041522502899,-0.0764211118221283,0.9941187500953674,1,2326425,19378
1786088919,208431098,1,110.2098159790039,108.00325012207031,-391.6640319824219,,,,,,,,,,2326426,19378
1786088919,208431098,,,,,5,-1497.2109375,1030.4578857421875,-792.2794189453125,-0.0005909272003918886,-0.07676318287849426,-0.0757962018251419,0.9941639304161072,1,2326426,19378
1786088919,216088653,1,110.22754669189453,108.00686645507812,-391.8392028808594,,,,,,,,,,2326427,19378
1786088919,216088653,,,,,5,-1497.1953125,1030.4769287109375,-792.25537109375,-0.0004668298061005771,-0.07671400159597397,-0.07631274312734604,0.9941283464431763,1,2326427,19378
1786088919,224434637,1,110.01031494140625,108.92479705810547,-391.866455078125,,,,,,,,,,2326428,19378
1786088919,224434637,,,,,5,-1497.198974609375,1030.473388671875,-792.2565307617188,-0.0005063165444880724,-0.07672479003667831,-0.07604093849658966,0.994148313999176,1,2326428,19378
1786088919,232461799,1,109.35254669189453,107.94435119628906,-392.89984130859375,,,,,,,,,,2326429,19378
1786088919,232461799,,,,,5,-1497.1929931640625,1030.44140625,-792.2699584960938,-0.00019208829326089472,-0.0767674371600151,-0.07667974382638931,0.9940959811210632,1,2326429,19378
1786088919,241200366,1,110.7081527709961,104.69156646728516,-394.912109375,,,,,,,,,,2326430,19378
1786088919,241200366,,,,,5,-1497.2099609375,1030.463623046875,-792.2737426757812,-0.00044454727321863174,-0.07672493904829025,-0.07604941725730896,0.9941476583480835,1,2326430,19378
1786088919,249372395,1,110.94789123535156,101.69731903076172,-394.5456848144531,,,,,,,,,,2326431,19378
1786088919,249372395,,,,,5,-1497.201904296875,1030.4783935546875,-792.2593994140625,-0.0001231895003002137,-0.07662293314933777,-0.07733965665102005,0.9940561056137085,1,2326431,19378
1786088919,258187988,1,111.16764831542969,102.71182250976562,-395.3824768066406,,,,,,,,,,2326432,19378
1786088919,258187988,,,,,5,-1497.1949462890625,1030.4666748046875,-792.2587280273438,-0.00048682044143788517,-0.07676216214895248,-0.0759817510843277,0.994149923324585,1,2326432,19378
1786088919,266263535,1,110.92730712890625,101.9117202758789,-395.0590515136719,,,,,,,,,,2326433,19378
1786088919,266263535,,,,,5,-1497.1982421875,1030.4486083984375,-792.2973022460938,-0.0004979748046025634,-0.07663335651159286,-0.07603485882282257,0.9941558241844177,1,2326433,19378
1786088919,274353162,1,111.11876678466797,103.13389587402344,-395.70574951171875,,,,,,,,,,2326434,19378
1786088919,274353162,,,,,5,-1497.2113037109375,1030.5035400390625,-792.2525634765625,-0.00030648161191493273,-0.07667320221662521,-0.076616071164608,0.9941082000732422,1,2326434,19378
1786088919,282859373,1,111.09803009033203,103.19705200195312,-396.0171813964844,,,,,,,,,,2326435,19378
1786088919,282859373,,,,,5,-1497.1939697265625,1030.494384765625,-792.2621459960938,-0.00031328032491728663,-0.07672110944986343,-0.07654930651187897,0.9941096305847168,1,2326435,19378
1786088919,291073707,1,111.19124603271484,103.20574951171875,-396.2524719238281,,,,,,,,,,2326436,19378
1786088919,291073707,,,,,5,-1497.1795654296875,1030.4896240234375,-792.2664794921875,-0.0003170078853145242,-0.0768018364906311,-0.07651940733194351,0.9941055774688721,1,2326436,19378
1786088919,299246344,1,109.66366577148438,108.82191467285156,-394.4549255371094,,,,,,,,,,2326437,19378
1786088919,299246344,,,,,5,-1497.2010498046875,1030.4739990234375,-792.2950439453125,-0.00038386721280403435,-0.07677443325519562,-0.07601764798164368,0.9941462874412537,1,2326437,19378
1786088919,307967375,1,109.77398681640625,108.94739532470703,-394.61962890625,,,,,,,,,,2326438,19378
1786088919,307967375,,,,,5,-1497.2060546875,1030.465576171875,-792.2789306640625,-0.0005585941835306585,-0.07672661542892456,-0.07585172355175018,0.9941626191139221,1,2326438,19378
1786088919,316020969,1,109.86148834228516,109.0449447631836,-394.72869873046875,,,,,,,,,,2326439,19378
1786088919,316020969,,,,,5,-1497.196533203125,1030.5174560546875,-792.3062744140625,0.00011937898671021685,-0.07683724164962769,-0.07634875923395157,0.9941161274909973,1,2326439,19378
1786088919,324922740,1,109.92601776123047,109.1707534790039,-394.8236999511719,,,,,,,,,,2326440,19378
1786088919,324922740,,,,,5,-1497.1865234375,1030.5106201171875,-792.2742309570312,-0.00036100877332501113,-0.07662995904684067,-0.07654567062854767,0.9941169619560242,1,2326440,19378
1786088919,332806667,1,110.01732635498047,109.97578430175781,-394.89398193359375,,,,,,,,,,2326441,19378
1786088919,332806667,,,,,5,-1497.2060546875,1030.4359130859375,-792.2965087890625,-0.0003493974218145013,-0.07683136314153671,-0.07640541344881058,0.9941121935844421,1,2326441,19378
1786088919,341163884,1,110.1247787475586,110.67896270751953,-395.068359375,,,,,,,,,,2326442,19378
1786088919,341163884,,,,,5,-1497.216064453125,1030.481201171875,-792.2672729492188,-0.0001682838046690449,-0.07671106606721878,-0.07666771858930588,0.9941012263298035,1,2326442,19378
1786088919,349152325,1,110.89373779296875,111.52748107910156,-394.47393798828125,,,,,,,,,,2326443,19378
1786088919,349152325,,,,,5,-1497.197998046875,1030.4669189453125,-792.2695922851562,-0.00039612429100088775,-0.07672272622585297,-0.07621407508850098,0.9941352605819702,1,2326443,19378
1786088919,357866732,1,111.12966918945312,111.30967712402344,-394.6684265136719,,,,,,,,,,2326444,19378
1786088919,357866732,,,,,5,-1497.2174072265625,1030.5126953125,-792.2822265625,-4.9163925723405555e-05,-0.07658190280199051,-0.07721975445747375,0.9940685629844666,1,2326444,19378
1786088919,365817061,1,117.80938720703125,123.20864868164062,-378.48614501953125,,,,,,,,,,2326445,19378
1786088919,365817061,,,,,5,-1497.207763671875,1030.4969482421875,-792.2705078125,2.08768005904858e-06,-0.07663008570671082,-0.07764844596385956,0.9940313696861267,1,2326445,19378
1786088919,374788145,1,111.6363754272461,113.19734954833984,-394.1564025878906,,,,,,,,,,2326446,19378
1786088919,374788145,,,,,5,-1497.2017822265625,1030.4417724609375,-792.28466796875,-0.00033965689362958074,-0.0767589658498764,-0.07663687318563461,0.9940998554229736,1,2326446,19378
1786088919,382690952,1,111.3337173461914,113.28187561035156,-394.5579833984375,,,,,,,,,,2326447,19378
1786088919,382690952,,,,,5,-1497.2060546875,1030.4898681640625,-792.263671875,-0.00018522086611483246,-0.07667922228574753,-0.07738209515810013,0.9940484166145325,1,2326447,19378
1786088919,391172907,1,111.58113861083984,115.58473205566406,-394.54815673828125,,,,,,,,,,2326448,19378
1786088919,391172907,,,,,5,-1497.20703125,1030.482421875,-792.3050537109375,-0.0002849210286512971,-0.07682190090417862,-0.07539040595293045,0.9941903352737427,1,2326448,19378
1786088919,399487754,1,112.00767517089844,116.30694580078125,-394.7563781738281,,,,,,,,,,2326449,19378
1786088919,399487754,,,,,5,-1497.1884765625,1030.4580078125,-792.2619018554688,-0.00026504616835154593,-0.07671438157558441,-0.07679645717144012,0.9940910339355469,1,2326449,19378
1786088919,407698504,1,114.29450225830078,117.31275177001953,-395.9812927246094,,,,,,,,,,2326450,19378
1786088919,407698504,,,,,5,-1497.2080078125,1030.4285888671875,-792.2901000976562,-0.0004284064343664795,-0.07672998309135437,-0.07633674144744873,0.9941251873970032,1,2326450,19378
1786088919,415770659,1,113.59154510498047,121.8896255493164,-394.10589599609375,,,,,,,,,,2326451,19378
1786088919,415770659,,,,,5,-1497.211669921875,1030.466796875,-792.2604370117188,-0.00026744898059405386,-0.07679004967212677,-0.07634742558002472,0.9941197633743286,1,2326451,19378
1786088919,424627180,1,114.39884185791016,120.75825500488281,-396.5055847167969,,,,,,,,,,2326452,19378
1786088919,424627180,,,,,5,-1497.201171875,1030.438720703125,-792.27880859375,-0.0003337182570248842,-0.07669268548488617,-0.07663455605506897,0.9941052794456482,1,2326452,19378
1786088919,432742152,1,114.65306091308594,124.1058578491211,-396.4427490234375,,,,,,,,,,2326453,19378
1786088919,432742152,,,,,5,-1497.2122802734375,1030.434814453125,-792.2957763671875,-0.0003698247892316431,-0.0765819251537323,-0.07660065591335297,0.9941164255142212,1,2326453,19378
1786088919,441441679,1,115.05393981933594,127.39415740966797,-396.3622131347656,,,,,,,,,,2326454,19378
1786088919,441441679,,,,,5,-1497.21533203125,1030.45654296875,-792.28173828125,-0.0005254841526038945,-0.07675907015800476,-0.07600881904363632,0.9941481351852417,1,2326454,19378
1786088919,449227492,1,115.24815368652344,133.41537475585938,-397.0901184082031,,,,,,,,,,2326455,19378
1786088919,449227492,,,,,5,-1497.2039794921875,1030.504638671875,-792.3115234375,-0.0008168944041244686,-0.07666825503110886,-0.07500940561294556,0.9942307472229004,1,2326455,19378
1786088919,457510211,1,115.58068084716797,136.33396911621094,-396.88409423828125,,,,,,,,,,2326456,19378
1786088919,457510211,,,,,5,-1497.2178955078125,1030.4278564453125,-792.2801513671875,-0.00040900762542150915,-0.07679829746484756,-0.07638980448246002,0.994115948677063,1,2326456,19378
1786088919,466202250,1,114.75983428955078,143.60906982421875,-395.1352233886719,,,,,,,,,,2326457,19378
1786088919,466202250,,,,,5,-1497.199462890625,1030.4560546875,-792.2689208984375,-0.0003904611221514642,-0.07677420973777771,-0.07608713209629059,0.9941409826278687,1,2326457,19378
1786088919,474457288,1,114.40786743164062,150.66458129882812,-393.82855224609375,,,,,,,,,,2326458,19378
1786088919,474457288,,,,,5,-1497.1978759765625,1030.471923828125,-792.2939453125,-0.000533167039975524,-0.07661674916744232,-0.07581370323896408,0.9941740036010742,1,2326458,19378
1786088919,482583268,1,115.41492462158203,152.4025115966797,-395.39019775390625,,,,,,,,,,2326459,19378
1786088919,482583268,,,,,5,-1497.23193359375,1030.45947265625,-792.2700805664062,-0.0003253053582739085,-0.07662481814622879,-0.07664559781551361,0.9941096305847168,1,2326459,19378
1786088919,491661746,1,116.56477355957031,156.33531188964844,-397.9433288574219,,,,,,,,,,2326460,19378
1786088919,491661746,,,,,5,-1497.236572265625,1030.4674072265625,-792.2991943359375,-6.625940295634791e-05,-0.07651067525148392,-0.07765109091997147,0.9940404295921326,1,2326460,19378
1786088919,499425671,1,115.9634780883789,163.00123596191406,-396.4136047363281,,,,,,,,,,2326461,19378
1786088919,499425671,,,,,5,-1497.1951904296875,1030.4608154296875,-792.2652587890625,-0.00037085835356265306,-0.07672560960054398,-0.07643208652734756,0.9941182732582092,1,2326461,19378
1786088919,507599364,1,117.2938232421875,168.115234375,-398.5317077636719,,,,,,,,,,2326462,19378
1786088919,507599364,,,,,5,-1497.211181640625,1030.4588623046875,-792.2874145507812,-0.0004175835638307035,-0.07662010937929153,-0.07589534670114517,0.9941675066947937,1,2326462,19378
1786088919,515000562,1,117.52588653564453,175.59054565429688,-399.6377258300781,,,,,,,,,,2326463,19378
1786088919,515000562,,,,,5,-1497.1864013671875,1030.49951171875,-792.3026123046875,-0.0007570437155663967,-0.07667866349220276,-0.07536744326353073,0.9942029118537903,1,2326463,19378
1786088919,524300868,1,118.16645050048828,179.418701171875,-399.7906494140625,,,,,,,,,,2326464,19378
1786088919,524300868,,,,,5,-1497.22412109375,1030.435791015625,-792.2929077148438,-0.0007244059233926237,-0.07677756994962692,-0.07578983157873154,0.9941632747650146,1,2326464,19378
1786088919,532288509,1,117.42308044433594,189.2901153564453,-399.60321044921875,,,,,,,,,,2326465,19378
1786088919,532288509,,,,,5,-1497.1903076171875,1030.440185546875,-792.2763061523438,-0.0002301794447703287,-0.07673267275094986,-0.0769689753651619,0.9940763711929321,1,2326465,19378
1786088919,541286922,1,118.23717498779297,196.12423706054688,-399.8350524902344,,,,,,,,,,2326466,19378
1786088919,541286922,,,,,5,-1497.2064208984375,1030.4549560546875,-792.2930297851562,-0.00026537987287156284,-0.07657857239246368,-0.07677178829908371,0.9941034913063049,1,2326466,19378
1786088919,548974525,1,117.13054656982422,203.7764129638672,-402.0683898925781,,,,,,,,,,2326467,19378
1786088919,548974525,,,,,5,-1497.1878662109375,1030.4876708984375,-792.3192138671875,-0.0012002323055639863,-0.07670922577381134,-0.07411646842956543,0.9942941665649414,1,2326467,19378
1786088919,558023051,1,120.18134307861328,209.19869995117188,-403.2283020019531,,,,,,,,,,2326468,19378
1786088919,558023051,,,,,5,-1497.2152099609375,1030.4842529296875,-792.2968139648438,-0.0003471063682809472,-0.0766356959939003,-0.07621720433235168,0.9941418170928955,1,2326468,19378
1786088919,565876545,1,120.76107788085938,217.00131225585938,-404.29412841796875,,,,,,,,,,2326469,19378
1786088919,565876545,,,,,5,-1497.196044921875,1030.4730224609375,-792.278564453125,-0.0004776075074914843,-0.07671502977609634,-0.07620459049940109,0.9941365718841553,1,2326469,19378
1786088919,574518119,1,121.01251220703125,224.93264770507812,-405.95037841796875,,,,,,,,,,2326470,19378
1786088919,574518119,,,,,5,-1497.2039794921875,1030.457763671875,-792.2754516601562,-0.0005879924283362925,-0.07671649008989334,-0.07567707449197769,0.9941766858100891,1,2326470,19378
1786088919,582222587,1,121.76290130615234,232.47181701660156,-405.9691162109375,,,,,,,,,,2326471,19378
1786088919,582222587,,,,,5,-1497.2196044921875,1030.4605712890625,-792.291015625,-0.00023628420603927225,-0.07657627016305923,-0.07672274112701416,0.9941074252128601,1,2326471,19378
1786088919,591239176,1,122.0582504272461,241.5615692138672,-407.39776611328125,,,,,,,,,,2326472,19378
1786088919,591239176,,,,,5,-1497.2193603515625,1030.4605712890625,-792.27490234375,-0.00035036468761973083,-0.0767684131860733,-0.07604200392961502,0.994144856929779,1,2326472,19378
1786088919,598994749,1,122.5417251586914,250.25909423828125,-408.235595703125,,,,,,,,,,2326473,19378
1786088919,598994749,,,,,5,-1497.2332763671875,1030.4818115234375,-792.2872314453125,-0.0004493009182624519,-0.07679951190948486,-0.07550857961177826,0.9941831827163696,1,2326473,19378
1786088919,608163661,1,122.91473388671875,259.354736328125,-409.76458740234375,,,,,,,,,,2326474,19378
1786088919,608163661,,,,,5,-1497.2032470703125,1030.4779052734375,-792.2517700195312,-0.0002420531091047451,-0.07677918672561646,-0.07665879279375076,0.9940966963768005,1,2326474,19378
1786088919,615786687,1,123.51405334472656,268.136962890625,-410.9534606933594,,,,,,,,,,2326475,19378
1786088919,615786687,,,,,5,-1497.2166748046875,1030.490966796875,-792.26318359375,-0.00034106706152670085,-0.07666298747062683,-0.07632460445165634,0.994131326675415,1,2326475,19378
1786088919,624956431,1,124.1280517578125,276.4581604003906,-411.9708251953125,,,,,,,,,,2326476,19378
1786088919,624956431,,,,,5,-1497.2137451171875,1030.4512939453125,-792.2631225585938,-0.000597513047978282,-0.07670941948890686,-0.07569615542888641,0.9941756725311279,1,2326476,19378
1786088919,632718435,1,124.82032775878906,289.52947998046875,-407.57391357421875,,,,,,,,,,2326477,19378
1786088919,632718435,,,,,5,-1497.1976318359375,1030.4488525390625,-792.2786865234375,-0.0005018371157348156,-0.07648071646690369,-0.07599058747291565,0.9941708445549011,1,2326477,19378
1786088919,641048227,1,124.99917602539062,296.881591796875,-414.6084289550781,,,,,,,,,,2326478,19378
1786088919,641048227,,,,,5,-1497.2264404296875,1030.4903564453125,-792.2675170898438,-0.0001185421206173487,-0.07663667947053909,-0.07695352286100388,0.9940849542617798,1,2326478,19378
1786088919,648899290,1,124.31793975830078,308.8840026855469,-414.41436767578125,,,,,,,,,,2326479,19378
1786088919,648899290,,,,,5,-1497.184814453125,1030.447998046875,-792.2692260742188,-0.0003397706605028361,-0.07670087367296219,-0.07641925662755966,0.994121253490448,1,2326479,19378
1786088919,657933895,1,125.96913146972656,316.969482421875,-417.63330078125,,,,,,,,,,2326480,19378
1786088919,657933895,,,,,5,-1497.2042236328125,1030.4735107421875,-792.2589111328125,-0.00039477497921325266,-0.07678234577178955,-0.076321542263031,0.9941224455833435,1,2326480,19378
1786088919,665731805,1,126.53308868408203,327.5057678222656,-419.3663330078125,,,,,,,,,,2326481,19378
1786088919,665731805,,,,,5,-1497.2034912109375,1030.507080078125,-792.2890014648438,-0.0007509387214668095,-0.07663396000862122,-0.07519803941249847,0.9942193031311035,1,2326481,19378
1786088919,674980622,1,127.0558853149414,337.2307434082031,-420.591796875,,,,,,,,,,2326482,19378
1786088919,674980622,,,,,5,-1497.205810546875,1030.4510498046875,-792.2918090820312,-0.0005640417221002281,-0.07676056027412415,-0.07580362260341644,0.9941636919975281,1,2326482,19378
1786088919,682609792,1,127.54399871826172,348.42041015625,-421.77496337890625,,,,,,,,,,2326483,19378
1786088919,682609792,,,,,5,-1497.1962890625,1030.4454345703125,-792.2764282226562,-0.0006546281510964036,-0.07657752931118011,-0.07536449283361435,0.994210958480835,1,2326483,19378
1786088919,690834750,1,127.94998168945312,359.2402648925781,-423.04608154296875,,,,,,,,,,2326484,19378
1786088919,690834750,,,,,5,-1497.202392578125,1030.47021484375,-792.2916870117188,-0.000383807229809463,-0.07667764276266098,-0.07598704099655151,0.9941560626029968,1,2326484,19378
1786088919,699703688,1,127.07205963134766,372.08990478515625,-423.1864318847656,,,,,,,,,,2326485,19378
1786088919,699703688,,,,,5,-1497.2008056640625,1030.434814453125,-792.27490234375,-0.00020082644186913967,-0.07670489698648453,-0.07635980099439621,0.9941255450248718,1,2326485,19378
1786088919,707914534,1,127.41571044921875,383.2389221191406,-424.59844970703125,,,,,,,,,,2326486,19378
1786088919,707914534,,,,,5,-1497.1993408203125,1030.4560546875,-792.2953491210938,-0.00021456995455082506,-0.07666878402233124,-0.07687719166278839,0.994088351726532,1,2326486,19378
1786088919,715684027,1,128.09979248046875,393.4337158203125,-425.5169677734375,,,,,,,,,,2326487,19378
1786088919,715684027,,,,,5,-1497.212890625,1030.4703369140625,-792.26025390625,-0.0005913749919272959,-0.07656996697187424,-0.07586277276277542,0.9941737651824951,1,2326487,19378
1786088919,724845546,1,129.5973358154297,402.5786437988281,-428.84149169921875,,,,,,,,,,2326488,19378
1786088919,724845546,,,,,5,-1497.211669921875,1030.470703125,-792.2999877929688,-0.0004071741714142263,-0.07676779478788376,-0.07616463303565979,0.9941354990005493,1,2326488,19378
1786088919,732497373,1,128.81231689453125,415.7984619140625,-428.30426025390625,,,,,,,,,,2326489,19378
1786088919,732497373,,,,,5,-1497.1663818359375,1030.4296875,-792.2706909179688,-0.0004172956105321646,-0.07657159864902496,-0.07621243596076965,0.9941470623016357,1,2326489,19378
1786088919,741380327,1,130.07766723632812,426.6864013671875,-432.2008972167969,,,,,,,,,,2326490,19378
1786088919,741380327,,,,,5,-1497.2235107421875,1030.455322265625,-792.29150390625,-0.00036504329182207584,-0.07666362076997757,-0.07629037648439407,0.9941339492797852,1,2326490,19378
1786088919,749447938,1,130.35067749023438,439.41015625,-434.2244873046875,,,,,,,,,,2326491,19378
1786088919,749447938,,,,,5,-1497.1878662109375,1030.49951171875,-792.3221435546875,-0.0007257538381963968,-0.07677176594734192,-0.075098916888237,0.9942160844802856,1,2326491,19378
1786088919,757576702,1,130.9394073486328,449.02587890625,-434.7486877441406,,,,,,,,,,2326492,19378
1786088919,757576702,,,,,5,-1497.2161865234375,1030.421875,-792.2769775390625,-0.00038715649861842394,-0.07672381401062012,-0.07638897001743317,0.9941217303276062,1,2326492,19378
1786088919,766411816,1,131.47299194335938,461.8371887207031,-436.8800048828125,,,,,,,,,,2326493,19378
1786088919,766411816,,,,,5,-1497.218017578125,1030.4537353515625,-792.294677734375,-0.000269412063062191,-0.07668551802635193,-0.07618316262960434,0.9941405653953552,1,2326493,19378
1786088919,774395201,1,131.81967163085938,473.67999267578125,-438.2568359375,,,,,,,,,,2326494,19378
1786088919,774395201,,,,,5,-1497.1910400390625,1030.436279296875,-792.2877807617188,-0.000745628320146352,-0.07679227739572525,-0.07554960250854492,0.9941803216934204,1,2326494,19378
1786088919,782666047,1,132.4480438232422,485.26190185546875,-439.0957946777344,,,,,,,,,,2326495,19378
1786088919,782666047,,,,,5,-1497.2110595703125,1030.4791259765625,-792.2853393554688,-0.0002608154318295419,-0.07665155082941055,-0.07632280141115189,0.9941324591636658,1,2326495,19378
1786088919,791226499,1,132.90054321289062,498.38079833984375,-440.4618225097656,,,,,,,,,,2326496,19378
1786088919,791226499,,,,,5,-1497.1971435546875,1030.4658203125,-792.2888793945312,-0.0002936471428256482,-0.07669893652200699,-0.07627135515213013,0.9941326975822449,1,2326496,19378
1786088919,799168796,1,133.94015502929688,511.66015625,-435.39447021484375,,,,,,,,,,2326497,19378
1786088919,799168796,,,,,5,-1497.1951904296875,1030.4564208984375,-792.2699584960938,-0.00040077188168652356,-0.07674435526132584,-0.07587359100580215,0.9941595792770386,1,2326497,19378
1786088919,808243754,1,135.1453399658203,528.4457397460938,-433.92681884765625,,,,,,,,,,2326498,19378
1786088919,808243754,,,,,5,-1497.2098388671875,1030.4530029296875,-792.2887573242188,-0.0004955360200256109,-0.07674288749694824,-0.07576753199100494,0.9941677451133728,1,2326498,19378
1786088919,816100801,1,135.40733337402344,536.8115844726562,-438.1141052246094,,,,,,,,,,2326499,19378
1786088919,816100801,,,,,5,-1497.1881103515625,1030.435791015625,-792.2682495117188,-0.0007908907136879861,-0.076764777302742,-0.07520322501659393,0.9942087531089783,1,2326499,19378
1786088919,824366175,1,135.70751953125,549.4169311523438,-446.08123779296875,,,,,,,,,,2326500,19378
1786088919,824366175,,,,,5,-1497.2142333984375,1030.448486328125,-792.2664184570312,-0.0003698978398460895,-0.07674761861562729,-0.0761624351143837,0.9941373467445374,1,2326500,19378
1786088919,832503931,1,136.55062866210938,562.2688598632812,-447.5887756347656,,,,,,,,,,2326501,19378
1786088919,832503931,,,,,5,-1497.2056884765625,1030.4774169921875,-792.2575073242188,-0.00030387076549232006,-0.07682455331087112,-0.07632933557033539,0.9941185712814331,1,2326501,19378
1786088919,841332772,1,137.7115020751953,574.66943359375,-442.8785705566406,,,,,,,,,,2326502,19378
1786088919,841332772,,,,,5,-1497.2147216796875,1030.470703125,-792.2966918945312,-0.00037124103982932866,-0.07668793201446533,-0.07609224319458008,0.9941472411155701,1,2326502,19378
1786088919,849228924,1,137.87448120117188,581.1880493164062,-451.015625,,,,,,,,,,2326503,19378
1786088919,849228924,,,,,5,-1497.1934814453125,1030.4456787109375,-792.2599487304688,-0.0003903858596459031,-0.07662584632635117,-0.0755537748336792,0.9941930770874023,1,2326503,19378
1786088919,858307882,1,142.20486450195312,584.5455322265625,-465.2156066894531,,,,,,,,,,2326504,19378
1786088919,858307882,,,,,5,-1497.20703125,1030.4775390625,-792.2745971679688,-0.00028453933191485703,-0.07673086225986481,-0.07631160318851471,0.9941271543502808,1,2326504,19378
1786088919,866249538,1,143.39657592773438,596.6814575195312,-468.0277404785156,,,,,,,,,,2326505,19378
1786088919,866249538,,,,,5,-1497.204345703125,1030.459228515625,-792.2626342773438,-0.0002787985431496054,-0.07681655138731003,-0.07690204679965973,0.9940751194953918,1,2326505,19378
1786088919,874424287,1,143.8079833984375,611.31884765625,-467.7457275390625,,,,,,,,,,2326506,19378
1786088919,874424287,,,,,5,-1497.20947265625,1030.4769287109375,-792.2667236328125,-0.0003966940857935697,-0.07673711329698563,-0.07629773765802383,0.9941276907920837,1,2326506,19378
1786088919,882949283,1,144.43605041503906,624.1785888671875,-468.2889404296875,,,,,,,,,,2326507,19378
1786088919,882949283,,,,,5,-1497.2122802734375,1030.4803466796875,-792.2566528320312,-0.0003128744720015675,-0.07668878138065338,-0.07651614397764206,0.9941146969795227,1,2326507,19378
1786088919,891566728,1,145.68870544433594,635.9692993164062,-471.3161926269531,,,,,,,,,,2326508,19378
1786088919,891566728,,,,,5,-1497.2152099609375,1030.469482421875,-792.3017578125,-0.00037083899951539934,-0.07670363038778305,-0.07642556726932526,0.9941205382347107,1,2326508,19378
1786088919,899202906,1,146.52708435058594,648.415771484375,-471.8785095214844,,,,,,,,,,2326509,19378
1786088919,899202906,,,,,5,-1497.1920166015625,1030.4449462890625,-792.2701416015625,-0.0005479282699525356,-0.07659078389406204,-0.07561911642551422,0.9941907525062561,1,2326509,19378
1786088919,908178407,1,147.23997497558594,661.2221069335938,-473.4737854003906,,,,,,,,,,2326510,19378
1786088919,908178407,,,,,5,-1497.1971435546875,1030.501708984375,-792.3269653320312,-0.0001176297664642334,-0.07663489133119583,-0.07578571885824203,0.9941747188568115,1,2326510,19378
1786088919,916092830,,,,,5,-1497.21484375,1030.4632568359375,-792.2955932617188,-0.000624840846285224,-0.07674651592969894,-0.075544573366642,0.9941843748092651,1,2326511,19378
1786088919,924176089,1,145.4793243408203,708.7387084960938,-449.8318176269531,,,,,,,,,,2326512,19378
1786088919,924176089,,,,,5,-1497.20654296875,1030.4686279296875,-792.2966918945312,-0.00036153607652522624,-0.07673323899507523,-0.07637064158916473,0.9941224455833435,1,2326512,19378
1786088919,932790623,1,147.59873962402344,723.5452880859375,-448.2123718261719,,,,,,,,,,2326513,19378
1786088919,932790623,,,,,5,-1497.2275390625,1030.4718017578125,-792.28173828125,-0.00033342267852276564,-0.07661374658346176,-0.07671378552913666,0.9941052794456482,1,2326513,19378
1786088919,941109662,1,147.17855834960938,732.6915283203125,-453.25714111328125,,,,,,,,,,2326514,19378
1786088919,941109662,,,,,5,-1497.2288818359375,1030.4779052734375,-792.2680053710938,-0.00048697448801249266,-0.07671109586954117,-0.07549917697906494,0.9941906332969666,1,2326514,19378
1786088919,949029238,1,148.31393432617188,745.4220581054688,-453.39739990234375,,,,,,,,,,2326515,19378
1786088919,949029238,,,,,5,-1497.215087890625,1030.4481201171875,-792.2762451171875,-0.0006121517508290708,-0.07667538523674011,-0.07561559975147247,0.9941844940185547,1,2326515,19378
1786088919,958035843,1,150.62045288085938,758.5951538085938,-451.5843200683594,,,,,,,,,,2326516,19378
1786088919,958035843,,,,,5,-1497.2027587890625,1030.46435546875,-792.3011474609375,-0.00037701695691794157,-0.07671744376420975,-0.07643502950668335,0.9941186308860779,1,2326516,19378
1786088919,966005724,1,152.46047973632812,773.2152709960938,-451.2162170410156,,,,,,,,,,2326517,19378
1786088919,966005724,,,,,5,-1497.21044921875,1030.48388671875,-792.2765502929688,-0.00024681445211172104,-0.07660452276468277,-0.07671370357275009,0.9941059350967407,1,2326517,19378
1786088919,974568960,1,150.85150146484375,780.7559204101562,-457.61590576171875,,,,,,,,,,2326518,19378
1786088919,974568960,,,,,5,-1497.2103271484375,1030.4630126953125,-792.2964477539062,-0.0003185864770784974,-0.07670455425977707,-0.07625947892665863,0.9941332340240479,1,2326518,19378
1786088919,982685788,1,151.84576416015625,791.5447998046875,-459.2518005371094,,,,,,,,,,2326519,19378
1786088919,982685788,,,,,5,-1497.2147216796875,1030.4971923828125,-792.2661743164062,-0.0001364145427942276,-0.07677780091762543,-0.07677678763866425,0.9940876960754395,1,2326519,19378
1786088919,991156670,1,152.55963134765625,803.3348999023438,-460.21014404296875,,,,,,,,,,2326520,19379
1786088919,991156670,,,,,5,-1497.2220458984375,1030.459716796875,-792.2911376953125,-0.0006399212870746851,-0.07654007524251938,-0.0758381113409996,0.9941778779029846,1,2326520,19379
1786088919,999004597,1,158.42808532714844,919.9718627929688,-479.2745361328125,,,,,,,,,,2326521,19379
1786088919,999004597,,,,,5,-1497.2322998046875,1030.4957275390625,-792.2557373046875,-0.00018680896027944982,-0.07658686488866806,-0.07641276717185974,0.9941304922103882,1,2326521,19379
1786088920,8026946,1,156.67494201660156,829.656982421875,-456.1546936035156,,,,,,,,,,2326522,19379
1786088920,8026946,,,,,5,-1497.2054443359375,1030.4569091796875,-792.2926635742188,-0.0005062192212790251,-0.07670072466135025,-0.07595759630203247,0.9941564798355103,1,2326522,19379
1786088920,15881816,1,157.55239868164062,840.2169799804688,-456.8332214355469,,,,,,,,,,2326523,19379
1786088920,15881816,,,,,5,-1497.193359375,1030.4432373046875,-792.2877197265625,-0.0003827001783065498,-0.0766921415925026,-0.07662418484687805,0.994106113910675,1,2326523,19379
1786088920,24899557,1,158.0439910888672,850.1250610351562,-457.8700866699219,,,,,,,,,,2326524,19379
1786088920,24899557,,,,,5,-1497.2098388671875,1030.481201171875,-792.28271484375,-0.0002783407107926905,-0.07676763832569122,-0.07658381015062332,0.9941033720970154,1,2326524,19379
1786088920,32811997,1,74.64859771728516,788.8684692382812,-440.7754821777344,,,,,,,,,,2326525,19379
1786088920,32811997,,,,,5,-1497.2086181640625,1030.46435546875,-792.2841186523438,-0.0003295651695225388,-0.07663041353225708,-0.07648316025733948,0.9941216707229614,1,2326525,19379
1786088920,41227230,1,157.2434844970703,864.9705200195312,-466.9420471191406,,,,,,,,,,2326526,19379
1786088920,41227230,,,,,5,-1497.2117919921875,1030.4212646484375,-792.263427734375,-0.0006574247381649911,-0.07667560875415802,-0.07615773379802704,0.994143009185791,1,2326526,19379
1786088920,48577931,,,,,5,-1497.2060546875,1030.449951171875,-792.2946166992188,-0.0004706702602561563,-0.07666076719760895,-0.07614444196224213,0.9941453337669373,1,2326527,19379
1786088920,58075105,,,,,5,-1497.1907958984375,1030.453369140625,-792.2740478515625,-0.0004526876728050411,-0.07685083150863647,-0.07629206776618958,0.9941192865371704,1,2326528,19379
1786088920,65732564,,,,,5,-1497.210205078125,1030.4376220703125,-792.2845458984375,-0.000750341743696481,-0.07670503854751587,-0.0754312127828598,0.9941960573196411,1,2326529,19379
1786088920,74894244,1,159.75831604003906,904.4832153320312,-465.3900146484375,,,,,,,,,,2326530,19379
1786088920,74894244,,,,,5,-1497.2069091796875,1030.436279296875,-792.2888793945312,-0.000653517956379801,-0.07671873271465302,-0.07585641741752625,0.9941627979278564,1,2326530,19379
1786088920,82670809,1,159.13279724121094,912.9061889648438,-464.48870849609375,,,,,,,,,,2326531,19379
1786088920,82670809,,,,,5,-1497.1956787109375,1030.469482421875,-792.2764282226562,-0.00028225095593370497,-0.07682441920042038,-0.07651999592781067,0.9941038489341736,1,2326531,19379
1786088920,91763880,1,161.16773986816406,920.703125,-466.91278076171875,,,,,,,,,,2326532,19379
1786088920,91763880,,,,,5,-1497.2076416015625,1030.4432373046875,-792.2845458984375,-0.00043496093712747097,-0.0766562819480896,-0.07596517354249954,0.9941594004631042,1,2326532,19379
1786088920,99524572,1,165.04049682617188,927.037109375,-468.2240905761719,,,,,,,,,,2326533,19379
1786088920,99524572,,,,,5,-1497.205810546875,1030.4541015625,-792.2960815429688,-0.00026698922738432884,-0.0766884908080101,-0.07681231945753098,0.9940918684005737,1,2326533,19379
1786088920,107615448,1,163.4492645263672,936.7474975585938,-465.04266357421875,,,,,,,,,,2326534,19379
1786088920,107615448,,,,,5,-1497.2249755859375,1030.4959716796875,-792.2643432617188,-0.0002578491112217307,-0.07651475071907043,-0.07657180726528168,0.9941238164901733,1,2326534,19379
1786088920,116448385,1,164.47181701660156,943.9119262695312,-465.3431701660156,,,,,,,,,,2326535,19379
1786088920,116448385,,,,,5,-1497.203125,1030.4556884765625,-792.2949829101562,-0.00026798679027706385,-0.07670246809720993,-0.07657507061958313,0.994109034538269,1,2326535,19379
1786088920,124571165,1,165.76690673828125,949.2950439453125,-468.33843994140625,,,,,,,,,,2326536,19379
1786088920,124571165,,,,,5,-1497.1893310546875,1030.4581298828125,-792.2454833984375,-0.00033146404894068837,-0.07674325257539749,-0.0763968750834465,0.9941197037696838,1,2326536,19379
1786088920,132626775,1,162.75535583496094,946.1840209960938,-482.0719909667969,,,,,,,,,,2326537,19379
1786088920,132626775,,,,,5,-1497.2158203125,1030.4591064453125,-792.2621459960938,-0.0005993079394102097,-0.0766875296831131,-0.07558287680149078,0.9941861033439636,1,2326537,19379
1786088920,141757990,1,163.96527099609375,955.449951171875,-481.11053466796875,,,,,,,,,,2326538,19379
1786088920,141757990,,,,,5,-1497.2276611328125,1030.450439453125,-792.2792358398438,-0.0006750087486580014,-0.07671284675598145,-0.0757545754313469,0.9941709041595459,1,2326538,19379
1786088920,149638654,1,162.88092041015625,958.4412231445312,-485.853515625,,,,,,,,,,2326539,19379
1786088920,149638654,,,,,5,-1497.1944580078125,1030.4295654296875,-792.2725219726562,9.262777894036844e-05,-0.07667455822229385,-0.07704667001962662,0.9940747618675232,1,2326539,19379
1786088920,157981054,1,165.11412048339844,966.1492919921875,-482.72467041015625,,,,,,,,,,2326540,19379
1786088920,157981054,,,,,5,-1497.176025390625,1030.453369140625,-792.25927734375,-0.00013845828652847558,-0.07664117962121964,-0.07667231559753418,0.9941063523292542,1,2326540,19379
1786088920,166102361,1,164.10633850097656,966.0011596679688,-489.2811584472656,,,,,,,,,,2326541,19379
1786088920,166102361,,,,,5,-1497.1944580078125,1030.4603271484375,-792.2775268554688,-0.0001035882014548406,-0.07674345374107361,-0.07705877721309662,0.9940685629844666,1,2326541,19379
1786088920,174683134,1,165.98316955566406,976.0444946289062,-484.6943359375,,,,,,,,,,2326542,19379
1786088920,174683134,,,,,5,-1497.1873779296875,1030.4525146484375,-792.2574462890625,-0.0003884264442604035,-0.0766998827457428,-0.07660990208387375,0.9941065907478333,1,2326542,19379
1786088920,182596150,1,165.9642791748047,978.9158325195312,-486.8623352050781,,,,,,,,,,2326543,19379
1786088920,182596150,,,,,5,-1497.2099609375,1030.4583740234375,-792.2761840820312,-0.00020048508304171264,-0.07671793550252914,-0.0766400545835495,0.9941028356552124,1,2326543,19379
1786088920,191519553,1,165.24061584472656,980.0166015625,-492.88446044921875,,,,,,,,,,2326544,19379
1786088920,191519553,,,,,5,-1497.2161865234375,1030.453125,-792.2858276367188,-0.0005692642880603671,-0.07676257193088531,-0.07588563859462738,0.9941572546958923,1,2326544,19379
1786088920,199534202,1,167.0332794189453,989.2937622070312,-487.69989013671875,,,,,,,,,,2326545,19379
1786088920,199534202,,,,,5,-1497.2154541015625,1030.4461669921875,-792.28759765625,-0.0004607041191775352,-0.07670797407627106,-0.07606083899736404,0.9941481351852417,1,2326545,19379
1786088920,208619529,1,165.8834228515625,988.0228271484375,-494.5275573730469,,,,,,,,,,2326546,19379
1786088920,208619529,,,,,5,-1497.198974609375,1030.4671630859375,-792.248779296875,-0.00015142645861487836,-0.07665609568357468,-0.07690668851137161,0.9940870404243469,1,2326546,19379
1786088920,216929416,1,166.1314697265625,994.9339599609375,-493.9169616699219,,,,,,,,,,2326547,19379
1786088920,216929416,,,,,5,-1497.1785888671875,1030.4388427734375,-792.2677001953125,-0.0004392660630401224,-0.07690177112817764,-0.07615453749895096,0.9941259026527405,1,2326547,19379
1786088920,224326774,1,166.4028778076172,999.0693969726562,-493.9863586425781,,,,,,,,,,2326548,19379
1786088920,224326774,,,,,5,-1497.2197265625,1030.5025634765625,-792.2623291015625,-9.610012784833089e-05,-0.07650642842054367,-0.07725392282009125,0.9940716624259949,1,2326548,19379
1786088920,233407620,1,172.4026641845703,1009.0980224609375,-483.0783386230469,,,,,,,,,,2326549,19379
1786088920,233407620,,,,,5,-1497.2034912109375,1030.4307861328125,-792.2584838867188,-0.000331991323037073,-0.07653811573982239,-0.07692146301269531,0.994094967842102,1,2326549,19379
1786088920,241976584,1,167.21896362304688,1005.3439331054688,-496.0500793457031,,,,,,,,,,2326550,19379
1786088920,241976584,,,,,5,-1497.2088623046875,1030.4725341796875,-792.2545166015625,-0.0003228583373129368,-0.07654328644275665,-0.07656056433916092,0.9941225647926331,1,2326550,19379
1786088920,249330102,1,167.78501892089844,1007.6776733398438,-498.24365234375,,,,,,,,,,2326551,19379
1786088920,249330102,,,,,5,-1497.2147216796875,1030.468017578125,-792.2665405273438,-0.00021954708790872246,-0.07665017247200012,-0.07665303349494934,0.9941072463989258,1,2326551,19379
1786088920,258419204,1,169.18882751464844,1013.6172485351562,-494.67620849609375,,,,,,,,,,2326552,19379
1786088920,258419204,,,,,5,-1497.2125244140625,1030.4393310546875,-792.2776489257812,-0.000630114518571645,-0.07659685611724854,-0.07559000700712204,0.9941924810409546,1,2326552,19379
1786088920,266076919,1,168.748046875,1014.939697265625,-499.6492004394531,,,,,,,,,,2326553,19379
1786088920,266076919,,,,,5,-1497.213134765625,1030.4522705078125,-792.2804565429688,-0.00038691857480444014,-0.07672489434480667,-0.07626369595527649,0.9941312670707703,1,2326553,19379
1786088920,274360118,,,,,5,-1497.2205810546875,1030.4681396484375,-792.2094116210938,-0.0002455100475344807,-0.07668399065732956,-0.07586316764354706,0.9941650629043579,1,2326554,19379
1786088920,282953562,,,,,5,-1497.2196044921875,1030.4781494140625,-792.2557983398438,-0.00025473517598584294,-0.07659619301557541,-0.0765061154961586,0.9941226243972778,1,2326555,19379
1786088920,291340699,1,170.08810424804688,1025.71142578125,-501.6559753417969,,,,,,,,,,2326556,19379
1786088920,291340699,,,,,5,-1497.2210693359375,1030.4541015625,-792.2643432617188,-0.0006627985276281834,-0.07668083906173706,-0.07572439312934875,0.9941756725311279,1,2326556,19379
1786088920,299306772,1,169.793701171875,1028.74755859375,-501.43634033203125,,,,,,,,,,2326557,19379
1786088920,299306772,,,,,5,-1497.2093505859375,1030.43310546875,-792.2919311523438,-0.0007737524574622512,-0.07666213065385818,-0.07550179213285446,0.9941940307617188,1,2326557,19379
1786088920,308153278,1,170.89231872558594,1035.2410888671875,-501.29852294921875,,,,,,,,,,2326558,19379
1786088920,308153278,,,,,5,-1497.211181640625,1030.4637451171875,-792.2763061523438,-0.0005695592262782156,-0.076700359582901,-0.0759495347738266,0.994157075881958,1,2326558,19379
1786088920,316008500,1,171.3606719970703,1036.375732421875,-503.3757629394531,,,,,,,,,,2326559,19379
1786088920,316008500,,,,,5,-1497.1884765625,1030.449462890625,-792.2672119140625,-0.0003123014757875353,-0.07661866396665573,-0.07592984288930893,0.9941650032997131,1,2326559,19379
1786088920,324944768,1,171.08656311035156,1039.1326904296875,-502.9131774902344,,,,,,,,,,2326560,19379
1786088920,324944768,,,,,5,-1497.213134765625,1030.46435546875,-792.2744140625,-0.0003633857413660735,-0.07663534581661224,-0.07624015212059021,0.9941399693489075,1,2326560,19379
1786088920,333064155,1,171.54685974121094,1042.587890625,-503.2183837890625,,,,,,,,,,2326561,19379
1786088920,333064155,,,,,5,-1497.2093505859375,1030.4498291015625,-792.2681274414062,-0.0006731126341037452,-0.07673535495996475,-0.0760170966386795,0.9941491484642029,1,2326561,19379
1786088920,341199191,1,172.00660705566406,1045.360107421875,-503.58807373046875,,,,,,,,,,2326562,19379
1786088920,341199191,,,,,5,-1497.196533203125,1030.4527587890625,-792.2760620117188,-0.0004764752520713955,-0.0767860934138298,-0.07582829892635345,0.9941598176956177,1,2326562,19379
1786088920,349728347,1,172.667724609375,1051.7802734375,-503.9805603027344,,,,,,,,,,2326563,19379
1786088920,349728347,,,,,5,-1497.2164306640625,1030.499267578125,-792.2503662109375,-0.0002711952256504446,-0.0767228901386261,-0.07647701352834702,0.9941150546073914,1,2326563,19379
1786088920,358013402,1,172.12667846679688,1043.4515380859375,-506.87139892578125,,,,,,,,,,2326564,19379
1786088920,358013402,,,,,5,-1497.1771240234375,1030.454345703125,-792.2509155273438,-0.0003657332272268832,-0.07669125497341156,-0.07644261419773102,0.9941201210021973,1,2326564,19379
1786088920,365775727,1,172.51390075683594,1046.60302734375,-507.2532653808594,,,,,,,,,,2326565,19379
1786088920,365775727,,,,,5,-1497.22314453125,1030.447509765625,-792.2811279296875,-0.00033090103534050286,-0.07662499696016312,-0.07680774480104446,0.9940972328186035,1,2326565,19379
1786088920,374868861,1,172.88148498535156,1049.8326416015625,-507.4253845214844,,,,,,,,,,2326566,19379
1786088920,374868861,,,,,5,-1497.1824951171875,1030.4365234375,-792.2589721679688,-0.0003893765388056636,-0.07677897810935974,-0.07635656744241714,0.9941200017929077,1,2326566,19379
1786088920,382732948,1,173.24058532714844,1052.941650390625,-507.6302795410156,,,,,,,,,,2326567,19379
1786088920,382732948,,,,,5,-1497.2188720703125,1030.474365234375,-792.284423828125,-0.0002810240548569709,-0.0766831710934639,-0.07645248621702194,0.9941200017929077,1,2326567,19379
1786088920,390691053,,,,,5,-1497.1966552734375,1030.429443359375,-792.2850952148438,-0.0003535773721523583,-0.076665498316288,-0.07660003006458282,0.9941101670265198,1,2326568,19379
1786088920,399562327,,,,,5,-1497.2283935546875,1030.4783935546875,-792.2821655273438,-0.00011098610411863774,-0.07651243358850479,-0.07707863301038742,0.9940847754478455,1,2326569,19379
1786088920,408242653,,,,,5,-1497.216064453125,1030.43359375,-792.2699584960938,-0.00018403641297481954,-0.07672546803951263,-0.07689657807350159,0.9940824508666992,1,2326570,19379
1786088920,415873680,,,,,5,-1497.2174072265625,1030.4744873046875,-792.2643432617188,2.356371987843886e-05,-0.07661230862140656,-0.07707669585943222,0.9940773844718933,1,2326571,19379
1786088920,424591543,,,,,5,-1497.2205810546875,1030.4459228515625,-792.2841186523438,-0.00016537912597414106,-0.07653341442346573,-0.0770828127861023,0.9940828680992126,1,2326572,19379
1786088920,432589424,,,,,5,-1497.2025146484375,1030.476806640625,-792.2340087890625,-0.00029826592071913183,-0.07645641267299652,-0.07632323354482651,0.9941474199295044,1,2326573,19379
1786088920,441401433,,,,,5,-1497.2310791015625,1030.48583984375,-792.2460327148438,-5.8679215726442635e-05,-0.07658282667398453,-0.07662743330001831,0.9941143989562988,1,2326574,19379
1786088920,449676792,1,173.95278930664062,1090.58447265625,-509.2878112792969,,,,,,,,,,2326575,19379
1786088920,449676792,,,,,5,-1497.211181640625,1030.4661865234375,-792.2701416015625,-0.00017443453543819487,-0.07673586159944534,-0.07694374024868011,0.9940780997276306,1,2326575,19379
1786088920,457819220,1,174.12965393066406,1094.7467041015625,-508.37017822265625,,,,,,,,,,2326576,19379
1786088920,457819220,,,,,5,-1497.2120361328125,1030.4642333984375,-792.27783203125,-0.00025024963542819023,-0.07659018039703369,-0.07676590234041214,0.9941031336784363,1,2326576,19379
1786088920,466586940,1,174.1563262939453,1098.658935546875,-507.36773681640625,,,,,,,,,,2326577,19379
1786088920,466586940,,,,,5,-1497.2069091796875,1030.44580078125,-792.2938842773438,-0.000231442681979388,-0.07665833085775375,-0.07676248252391815,0.9940980672836304,1,2326577,19379
1786088920,474583670,1,176.11927795410156,1102.6741943359375,-503.784423828125,,,,,,,,,,2326578,19379
1786088920,474583670,,,,,5,-1497.217529296875,1030.484619140625,-792.2633666992188,-0.00028793554520234466,-0.07673962414264679,-0.0764186754822731,0.9941182732582092,1,2326578,19379
1786088920,482657841,1,173.9486541748047,1106.795654296875,-504.9054870605469,,,,,,,,,,2326579,19379
1786088920,482657841,,,,,5,-1497.2113037109375,1030.4779052734375,-792.280517578125,9.822716674534604e-05,-0.07668431848287582,-0.07727345079183578,0.9940564632415771,1,2326579,19379
1786088920,491561595,1,173.34385681152344,1109.219482421875,-503.927734375,,,,,,,,,,2326580,19379
1786088920,491561595,,,,,5,-1497.22265625,1030.4710693359375,-792.2680053710938,-0.00012711774616036564,-0.0766884833574295,-0.07678666710853577,0.9940938353538513,1,2326580,19379
1786088920,499330576,1,172.9321746826172,1113.3204345703125,-502.5328674316406,,,,,,,,,,2326581,19379
1786088920,499330576,,,,,5,-1497.2073974609375,1030.4559326171875,-792.26806640625,-0.0005227138753980398,-0.0767151415348053,-0.0759497731924057,0.9941560626029968,1,2326581,19379
1786088920,508283324,1,174.30860900878906,1116.4720458984375,-498.81414794921875,,,,,,,,,,2326582,19379
1786088920,508283324,,,,,5,-1497.2117919921875,1030.4635009765625,-792.2562255859375,-0.0004904000670649111,-0.07663211971521378,-0.07629694044589996,0.994135856628418,1,2326582,19379
1786088920,516136403,1,171.68692016601562,1123.1912841796875,-499.266357421875,,,,,,,,,,2326583,19379
1786088920,516136403,,,,,5,-1497.2073974609375,1030.4129638671875,-792.296875,-0.0006693319883197546,-0.07670286297798157,-0.07569722831249237,0.9941761493682861,1,2326583,19379
1786088920,524555700,1,172.83274841308594,1124.2574462890625,-496.0562438964844,,,,,,,,,,2326584,19379
1786088920,524555700,,,,,5,-1497.2056884765625,1030.4439697265625,-792.2670288085938,-9.636148024583235e-05,-0.07668189704418182,-0.07707543671131134,0.9940720796585083,1,2326584,19379
1786088920,532567246,1,177.4904327392578,1136.0394287109375,-479.7050476074219,,,,,,,,,,2326585,19379
1786088920,532567246,,,,,5,-1497.20703125,1030.4559326171875,-792.2850341796875,-0.000540427106898278,-0.07682082802057266,-0.07584305107593536,0.9941559433937073,1,2326585,19379
1786088920,541485113,1,178.0563201904297,1139.7830810546875,-477.1918640136719,,,,,,,,,,2326586,19379
1786088920,541485113,,,,,5,-1497.1856689453125,1030.437255859375,-792.267578125,-0.0005696422886103392,-0.0768621489405632,-0.07601023465394974,0.9941400289535522,1,2326586,19379
1786088920,549412337,,,,,5,-1497.1959228515625,1030.444580078125,-792.267578125,-0.0004581072134897113,-0.07666629552841187,-0.07642429322004318,0.9941233992576599,1,2326587,19379
1786088920,558457438,,,,,5,-1497.2000732421875,1030.4359130859375,-792.2777709960938,-0.0003201694053132087,-0.07676316052675247,-0.07644251734018326,0.9941145777702332,1,2326588,19379
1786088920,566251956,1,170.8919219970703,1141.761474609375,-480.1568298339844,,,,,,,,,,2326589,19379
1786088920,566251956,,,,,5,-1497.2032470703125,1030.4732666015625,-792.2455444335938,-0.00013258411490824074,-0.07646112889051437,-0.07654118537902832,0.9941303133964539,1,2326589,19379
1786088920,574340591,1,168.74658203125,1134.0040283203125,-486.1887512207031,,,,,,,,,,2326590,19379
1786088920,574340591,,,,,5,-1497.18408203125,1030.4466552734375,-792.25439453125,-0.00034445172059349716,-0.0766233429312706,-0.07636278122663498,0.9941315054893494,1,2326590,19379
1786088920,582537708,1,166.5495147705078,1124.3692626953125,-489.02471923828125,,,,,,,,,,2326591,19379
1786088920,582537708,,,,,5,-1497.1849365234375,1030.4442138671875,-792.2752075195312,-0.00034753777435980737,-0.07694952934980392,-0.07612757384777069,0.9941243529319763,1,2326591,19379
1786088920,591415510,,,,,5,-1497.1932373046875,1030.4498291015625,-792.2526245117188,-0.00028074270812794566,-0.07667316496372223,-0.07649330794811249,0.9941176772117615,1,2326592,19379
1786088920,599192684,1,164.28701782226562,1136.1019287109375,-483.30303955078125,,,,,,,,,,2326593,19379
1786088920,599192684,,,,,5,-1497.2105712890625,1030.4691162109375,-792.2860107421875,-0.0005203807377256453,-0.07668393105268478,-0.07616664469242096,0.9941418170928955,1,2326593,19379
1786088920,608302714,1,163.2635498046875,1133.2547607421875,-481.61187744140625,,,,,,,,,,2326594,19379
1786088920,608302714,,,,,5,-1497.213623046875,1030.4169921875,-792.2665405273438,1.3879614471079549e-06,-0.07658236473798752,-0.07698215544223785,0.9940869808197021,1,2326594,19379
1786088920,616117776,1,162.80389404296875,1128.9290771484375,-479.215576171875,,,,,,,,,,2326595,19379
1786088920,616117776,,,,,5,-1497.21240234375,1030.4443359375,-792.2813720703125,-0.00045534572564065456,-0.07673639804124832,-0.07624270021915436,0.9941320419311523,1,2326595,19379
1786088920,624244332,1,161.24822998046875,1125.6849365234375,-478.4479064941406,,,,,,,,,,2326596,19379
1786088920,624244332,,,,,5,-1497.2064208984375,1030.4891357421875,-792.2673950195312,-0.00021387777815107256,-0.0766674056649208,-0.07628042995929718,0.9941344261169434,1,2326596,19379
1786088920,632866353,1,161.0961151123047,1121.0675048828125,-476.4767761230469,,,,,,,,,,2326597,19379
1786088920,632866353,,,,,5,-1497.2056884765625,1030.4559326171875,-792.2942504882812,-0.0005488618626259267,-0.0765891745686531,-0.07599449902772903,0.9941622018814087,1,2326597,19379
1786088920,641239794,1,160.8031768798828,1115.872314453125,-474.5210876464844,,,,,,,,,,2326598,19379
1786088920,641239794,,,,,5,-1497.2149658203125,1030.490478515625,-792.2335815429688,-0.00027151632821187377,-0.07658959925174713,-0.0765424594283104,0.9941202402114868,1,2326598,19379
1786088920,649313549,1,160.14747619628906,1107.626220703125,-474.24700927734375,,,,,,,,,,2326599,19379
1786088920,649313549,,,,,5,-1497.220947265625,1030.4837646484375,-792.2469482421875,-0.00010729690256994218,-0.07669605314731598,-0.07655327022075653,0.9941113591194153,1,2326599,19379
1786088920,658304537,1,158.62026977539062,1102.473876953125,-471.7163391113281,,,,,,,,,,2326600,19379
1786088920,658304537,,,,,5,-1497.2064208984375,1030.48876953125,-792.25927734375,-0.00019117770716547966,-0.07671751827001572,-0.07641848176717758,0.9941200613975525,1,2326600,19379
1786088920,665722856,1,157.69024658203125,1095.1334228515625,-470.08709716796875,,,,,,,,,,2326601,19379
1786088920,665722856,,,,,5,-1497.20556640625,1030.4197998046875,-792.2833862304688,-0.00039941660361364484,-0.0766390860080719,-0.07651408761739731,0.9941186308860779,1,2326601,19379
1786088920,674948441,1,156.90869140625,1086.901123046875,-468.828125,,,,,,,,,,2326602,19379
1786088920,674948441,,,,,5,-1497.209228515625,1030.4642333984375,-792.269287109375,-0.00041061811498366296,-0.0767277181148529,-0.07613755762577057,0.9941406846046448,1,2326602,19379
1786088920,682950770,1,156.5413055419922,1079.1595458984375,-466.89093017578125,,,,,,,,,,2326603,19379
1786088920,682950770,,,,,5,-1497.1932373046875,1030.4752197265625,-792.288330078125,-0.00026528589660301805,-0.07670832425355911,-0.07695724815130234,0.9940791130065918,1,2326603,19379
1786088920,691188528,1,155.73587036132812,1069.89404296875,-465.4014587402344,,,,,,,,,,2326604,19379
1786088920,691188528,,,,,5,-1497.2054443359375,1030.4559326171875,-792.257568359375,-0.0002910796320065856,-0.07665691524744034,-0.07681626826524734,0.9940940141677856,1,2326604,19379
1786088920,699156137,1,154.72579956054688,1059.8226318359375,-463.8952331542969,,,,,,,,,,2326605,19379
1786088920,699156137,,,,,5,-1497.21435546875,1030.4871826171875,-792.2814331054688,-0.00014765793457627296,-0.07659484446048737,-0.0770924836397171,0.9940774440765381,1,2326605,19379
1786088920,708059092,1,153.16836547851562,1048.903076171875,-462.32818603515625,,,,,,,,,,2326606,19379
1786088920,708059092,,,,,5,-1497.205322265625,1030.4530029296875,-792.2703857421875,-0.0005734664155170321,-0.07669661939144135,-0.07553991675376892,0.994188666343689,1,2326606,19379
1786088920,715741095,1,152.2601776123047,1037.153564453125,-460.59503173828125,,,,,,,,,,2326607,19379
1786088920,715741095,,,,,5,-1497.1907958984375,1030.4378662109375,-792.2689819335938,-0.0002732293796725571,-0.07636948674917221,-0.07625804096460342,0.9941591620445251,1,2326607,19379
1786088920,724878358,1,151.53895568847656,1024.990478515625,-459.0456237792969,,,,,,,,,,2326608,19379
1786088920,724878358,,,,,5,-1497.2005615234375,1030.4591064453125,-792.27197265625,-0.00040374379022978246,-0.07676961272954941,-0.07614035904407501,0.9941373467445374,1,2326608,19379
1786088920,732765613,1,150.40960693359375,1012.191162109375,-457.4559020996094,,,,,,,,,,2326609,19379
1786088920,732765613,,,,,5,-1497.19287109375,1030.4580078125,-792.2678833007812,-0.00010972601012326777,-0.0766640454530716,-0.07698294520378113,0.9940806031227112,1,2326609,19379
1786088920,740926890,1,149.6243896484375,999.5880126953125,-455.02447509765625,,,,,,,,,,2326610,19379
1786088920,740926890,,,,,5,-1497.1771240234375,1030.4483642578125,-792.2554321289062,-0.0004166380094829947,-0.07661460340023041,-0.07578016817569733,0.9941766858100891,1,2326610,19379
1786088920,749481006,1,147.91714477539062,984.7725830078125,-453.4110412597656,,,,,,,,,,2326611,19379
1786088920,749481006,,,,,5,-1497.197509765625,1030.4522705078125,-792.2604370117188,-0.0004873551370110363,-0.0766432136297226,-0.07594002783298492,0.9941623210906982,1,2326611,19379
1786088920,757867727,1,147.41807556152344,971.244873046875,-451.5938720703125,,,,,,,,,,2326612,19379
1786088920,757867727,,,,,5,-1497.1806640625,1030.4512939453125,-792.2658081054688,-0.00036917926627211273,-0.07672387361526489,-0.0763164758682251,0.9941273331642151,1,2326612,19379
1786088920,766819675,1,145.81002807617188,954.9605712890625,-450.8377685546875,,,,,,,,,,2326613,19379
1786088920,766819675,,,,,5,-1497.1907958984375,1030.45458984375,-792.2489624023438,-0.0003391111094970256,-0.07667955011129379,-0.07656300812959671,0.9941117763519287,1,2326613,19379
1786088920,775295581,1,145.1623992919922,939.7550048828125,-448.53167724609375,,,,,,,,,,2326614,19379
1786088920,775295581,,,,,5,-1497.2032470703125,1030.479248046875,-792.2725830078125,-0.0002189150982303545,-0.07677891105413437,-0.07672414928674698,0.9940916895866394,1,2326614,19379
1786088920,782901167,1,144.31210327148438,924.1402587890625,-446.4180603027344,,,,,,,,,,2326615,19379
1786088920,782901167,,,,,5,-1497.1875,1030.4564208984375,-792.2479858398438,-0.000330038252286613,-0.07666323333978653,-0.07669697701931,0.9941025972366333,1,2326615,19379
1786088920,791773369,1,143.12802124023438,905.8505859375,-444.79925537109375,,,,,,,,,,2326616,19379
1786088920,791773369,,,,,5,-1497.2066650390625,1030.4339599609375,-792.279541015625,-0.0003902051830664277,-0.07675988227128983,-0.07634380459785461,0.9941223859786987,1,2326616,19379
1786088920,799430636,1,141.54331970214844,888.4063720703125,-444.0077209472656,,,,,,,,,,2326617,19379
1786088920,799430636,,,,,5,-1497.183349609375,1030.4556884765625,-792.24755859375,-0.00023275602143257856,-0.07689948379993439,-0.07663004845380783,0.9940895438194275,1,2326617,19379
1786088920,807849581,1,141.12103271484375,870.3414916992188,-440.3633728027344,,,,,,,,,,2326618,19379
1786088920,807849581,,,,,5,-1497.1893310546875,1030.4569091796875,-792.2567749023438,-0.00018519988225307316,-0.07665378600358963,-0.07689489424228668,0.9940881729125977,1,2326618,19379
1786088920,816039051,1,139.76348876953125,851.1878051757812,-440.2223205566406,,,,,,,,,,2326619,19379
1786088920,816039051,,,,,5,-1497.2000732421875,1030.44775390625,-792.2469482421875,-0.00035784291685558856,-0.07669167220592499,-0.0766170471906662,0.9941067099571228,1,2326619,19379
1786088920,824563566,1,138.84295654296875,831.4569091796875,-438.292236328125,,,,,,,,,,2326620,19379
1786088920,824563566,,,,,5,-1497.1883544921875,1030.45703125,-792.2539672851562,-0.00010804728663060814,-0.0767054408788681,-0.07709836214780807,0.9940685033798218,1,2326620,19379
1786088920,832827244,1,137.0836181640625,810.0610961914062,-436.8031311035156,,,,,,,,,,2326621,19379
1786088920,832827244,,,,,5,-1497.2210693359375,1030.47216796875,-792.2704467773438,-0.0003188398841302842,-0.07661176472902298,-0.07651151716709137,0.9941209554672241,1,2326621,19379
1786088920,840896679,1,136.42752075195312,790.1344604492188,-434.80902099609375,,,,,,,,,,2326622,19379
1786088920,840896679,,,,,5,-1497.20556640625,1030.482177734375,-792.2477416992188,-0.0003087888180743903,-0.07665476948022842,-0.0763498842716217,0.9941300749778748,1,2326622,19379
1786088920,849364138,1,134.8881378173828,767.2767333984375,-433.2394714355469,,,,,,,,,,2326623,19379
1786088920,849364138,,,,,5,-1497.1719970703125,1030.4151611328125,-792.2824096679688,-0.0005145418108440936,-0.07702266424894333,-0.07704202830791473,0.9940481185913086,1,2326623,19379
1786088920,858442584,1,134.13194274902344,744.92724609375,-431.4184875488281,,,,,,,,,,2326624,19379
1786088920,858442584,,,,,5,-1497.2149658203125,1030.4849853515625,-792.2095336914062,-0.00039809936424717307,-0.07675372809171677,-0.07594607025384903,0.9941532611846924,1,2326624,19379
1786088920,866227853,1,132.6326904296875,721.5407104492188,-429.81585693359375,,,,,,,,,,2326625,19379
1786088920,866227853,,,,,5,-1497.19775390625,1030.4462890625,-792.2798461914062,-0.00025655815261416137,-0.0766219049692154,-0.07659180462360382,0.9941139817237854,1,2326625,19379
1786088920,874638350,1,131.67489624023438,698.4624633789062,-427.35919189453125,,,,,,,,,,2326626,19379
1786088920,874638350,,,,,5,-1497.2261962890625,1030.4384765625,-792.2283935546875,-0.0005623384495265782,-0.07659334689378738,-0.07514888048171997,0.9942261576652527,1,2326626,19379
1786088920,882336866,1,131.0757293701172,674.65966796875,-425.86395263671875,,,,,,,,,,2326627,19379
1786088920,882336866,,,,,5,-1497.1983642578125,1030.47216796875,-792.3062744140625,-0.0003631871659308672,-0.07679373025894165,-0.0753825455904007,0.9941931366920471,1,2326627,19379
1786088920,891299822,1,129.37918090820312,648.2680053710938,-424.4443359375,,,,,,,,,,2326628,19379
1786088920,891299822,,,,,5,-1497.2083740234375,1030.4554443359375,-792.2824096679688,-0.0005741505301557481,-0.07674617320299149,-0.07569339871406555,0.9941731095314026,1,2326628,19379
1786088920,899458986,1,128.86199951171875,623.42578125,-422.4122314453125,,,,,,,,,,2326629,19379
1786088920,899458986,,,,,5,-1497.204345703125,1030.4383544921875,-792.2409057617188,-0.00036980657023377717,-0.07659739255905151,-0.07607796788215637,0.9941552877426147,1,2326629,19379
1786088920,908018095,1,127.08259582519531,596.0687255859375,-420.9232482910156,,,,,,,,,,2326630,19379
1786088920,908018095,,,,,5,-1497.1907958984375,1030.4556884765625,-792.2345581054688,-0.00016436282021459192,-0.07672964781522751,-0.07673808187246323,0.9940944314002991,1,2326630,19379
1786088920,916275629,1,126.40348052978516,568.9581298828125,-419.2345275878906,,,,,,,,,,2326631,19379
1786088920,916275629,,,,,5,-1497.1881103515625,1030.4844970703125,-792.2554321289062,-0.0002472260675858706,-0.07661601155996323,-0.0764763280749321,0.9941234588623047,1,2326631,19379
1786088920,924076227,1,125.29631805419922,541.124755859375,-417.5365905761719,,,,,,,,,,2326632,19379
1786088920,924076227,,,,,5,-1497.1868896484375,1030.451904296875,-792.2813110351562,-0.0003669056750368327,-0.0767330527305603,-0.0766737312078476,0.9940990805625916,1,2326632,19379
1786088920,933056655,1,123.64905548095703,512.2703857421875,-415.9353332519531,,,,,,,,,,2326633,19379
1786088920,933056655,,,,,5,-1497.1888427734375,1030.4464111328125,-792.2571411132812,-0.00030431614140979946,-0.07687119394540787,-0.07656684517860413,0.9940966963768005,1,2326633,19379
1786088920,941107497,1,122.48674011230469,483.3151550292969,-413.89678955078125,,,,,,,,,,2326634,19379
1786088920,941107497,,,,,5,-1497.2047119140625,1030.45751953125,-792.281982421875,-0.0002910937473643571,-0.07679453492164612,-0.07636924088001251,0.994117796421051,1,2326634,19379
1786088920,949913938,1,26.926307678222656,400.6043395996094,-478.4444274902344,,,,,,,,,,2326635,19379
1786088920,949913938,,,,,5,-1497.2015380859375,1030.4774169921875,-792.2601928710938,-0.0002711918787099421,-0.07668804377317429,-0.07660843431949615,0.9941076040267944,1,2326635,19379
1786088920,958393845,1,121.02626037597656,424.5238342285156,-410.223388671875,,,,,,,,,,2326636,19379
1786088920,958393845,,,,,5,-1497.2220458984375,1030.4837646484375,-792.2595825195312,-3.595766975195147e-05,-0.0766124427318573,-0.07727086544036865,0.9940622448921204,1,2326636,19379
1786088920,966095144,1,119.41215515136719,393.6690979003906,-409.8583068847656,,,,,,,,,,2326637,19379
1786088920,966095144,,,,,5,-1497.2125244140625,1030.5335693359375,-792.301513671875,-0.0005830768495798111,-0.0766340121626854,-0.07534857839345932,0.9942079782485962,1,2326637,19379
1786088920,975077621,1,118.2551498413086,361.6131286621094,-407.680908203125,,,,,,,,,,2326638,19379
1786088920,975077621,,,,,5,-1497.218994140625,1030.472900390625,-792.2355346679688,-0.0002488544851075858,-0.07648373395204544,-0.07647289335727692,0.9941338300704956,1,2326638,19379
1786088920,983304179,1,117.16557312011719,328.67449951171875,-405.9414367675781,,,,,,,,,,2326639,19379
1786088920,983304179,,,,,5,-1497.2010498046875,1030.466064453125,-792.2426147460938,-0.0004457171307876706,-0.0766853466629982,-0.07640990614891052,0.9941230416297913,1,2326639,19379
1786088920,991190922,1,116.196533203125,296.5332946777344,-404.13232421875,,,,,,,,,,2326640,19380
1786088920,991190922,,,,,5,-1497.221435546875,1030.4755859375,-792.2435913085938,-0.00019504052761476487,-0.0766233503818512,-0.07674474269151688,0.9941021203994751,1,2326640,19380
1786088920,999311910,1,115.54345703125,262.63250732421875,-401.65594482421875,,,,,,,,,,2326641,19380
1786088920,999311910,,,,,5,-1497.2259521484375,1030.4771728515625,-792.2854614257812,-0.00016711493663024157,-0.07660593092441559,-0.07663460820913315,0.994111955165863,1,2326641,19380
1786088921,8267281,1,114.26268768310547,228.7870330810547,-400.1814270019531,,,,,,,,,,2326642,19380
1786088921,8267281,,,,,5,-1497.2288818359375,1030.480712890625,-792.2569580078125,-0.00046880857553333044,-0.07671190053224564,-0.0756373330950737,0.9941800832748413,1,2326642,19380
1786088921,15860067,1,113.15838623046875,193.71133422851562,-398.4085693359375,,,,,,,,,,2326643,19380
1786088921,15860067,,,,,5,-1497.2005615234375,1030.470703125,-792.2542724609375,-0.0002749202831182629,-0.07661207765340805,-0.07642225921154022,0.9941278696060181,1,2326643,19380
1786088921,25064179,1,111.90048217773438,158.1483917236328,-396.7909240722656,,,,,,,,,,2326644,19380
1786088921,25064179,,,,,5,-1497.2308349609375,1030.4871826171875,-792.2267456054688,-0.00016957409388851374,-0.0766293928027153,-0.07646575570106506,0.9941231608390808,1,2326644,19380
1786088921,33029388,1,110.87881469726562,121.94499206542969,-394.8241882324219,,,,,,,,,,2326645,19380
1786088921,33029388,,,,,5,-1497.2177734375,1030.47802734375,-792.2522583007812,-0.00023130979388952255,-0.07666242867708206,-0.07657097280025482,0.9941125512123108,1,2326645,19380
1786088921,41476014,1,110.46509552001953,85.99702453613281,-393.8939208984375,,,,,,,,,,2326646,19380
1786088921,41476014,,,,,5,-1497.1806640625,1030.479248046875,-792.2421264648438,-0.0004842586349695921,-0.07669118046760559,-0.07618900388479233,0.9941394925117493,1,2326646,19380
1786088921,49546377,1,109.32012939453125,94.37289428710938,-392.1430969238281,,,,,,,,,,2326647,19380
1786088921,49546377,,,,,5,-1497.2252197265625,1030.489501953125,-792.2471923828125,-5.0153073971159756e-05,-0.07669108361005783,-0.07706048339605331,0.9940724968910217,1,2326647,19380
1786088921,56929399,1,108.75039672851562,116.1821060180664,-390.96337890625,,,,,,,,,,2326648,19380
1786088921,56929399,,,,,5,-1497.1910400390625,1030.4395751953125,-792.2748413085938,-0.0003529028908815235,-0.07666903734207153,-0.07678381353616714,0.9940956234931946,1,2326648,19380
1786088921,65977508,1,107.3248519897461,139.68292236328125,-388.80633544921875,,,,,,,,,,2326649,19380
1786088921,65977508,,,,,5,-1497.2088623046875,1030.4647216796875,-792.2695922851562,-0.0002622464671730995,-0.07662420719861984,-0.07698557525873184,0.9940834045410156,1,2326649,19380
1786088921,75147732,1,106.18785858154297,161.5581817626953,-387.1031799316406,,,,,,,,,,2326650,19380
1786088921,75147732,,,,,5,-1497.18798828125,1030.4398193359375,-792.2406616210938,-0.00020564101578202099,-0.07660851627588272,-0.07723183929920197,0.9940655827522278,1,2326650,19380
1786088921,82968266,1,105.548095703125,182.71412658691406,-385.2312316894531,,,,,,,,,,2326651,19380
1786088921,82968266,,,,,5,-1497.222900390625,1030.4681396484375,-792.2798461914062,-0.0003046249912586063,-0.07662370800971985,-0.07626630365848541,0.9941389560699463,1,2326651,19380
1786088921,91533582,1,104.20807647705078,202.51019287109375,-383.36602783203125,,,,,,,,,,2326652,19380
1786088921,91533582,,,,,5,-1497.1890869140625,1030.436279296875,-792.2704467773438,-0.0005806198460049927,-0.07653579860925674,-0.0752812847495079,0.9942205548286438,1,2326652,19380
1786088921,98545237,1,103.68643188476562,222.73825073242188,-380.9195556640625,,,,,,,,,,2326653,19380
1786088921,98545237,,,,,5,-1497.207763671875,1030.4925537109375,-792.2973022460938,-0.000488485733512789,-0.07670636475086212,-0.075887031853199,0.9941615462303162,1,2326653,19380
1786088921,107628803,1,102.30208587646484,241.39988708496094,-379.96209716796875,,,,,,,,,,2326654,19380
1786088921,107628803,,,,,5,-1497.22119140625,1030.4974365234375,-792.2733764648438,-0.0005334704765118659,-0.07658936083316803,-0.07577443867921829,0.9941790103912354,1,2326654,19380
1786088921,116360010,1,100.74749755859375,260.1788635253906,-378.2035217285156,,,,,,,,,,2326655,19380
1786088921,116360010,,,,,5,-1497.2186279296875,1030.4830322265625,-792.2520751953125,-0.0006623917142860591,-0.07670853286981583,-0.07526246458292007,0.9942087531089783,1,2326655,19380
1786088921,124922479,1,99.88148498535156,278.19805908203125,-376.09295654296875,,,,,,,,,,2326656,19380
1786088921,124922479,,,,,5,-1497.214599609375,1030.4818115234375,-792.2174682617188,-0.000789838784839958,-0.07682337611913681,-0.07471291720867157,0.9942411780357361,1,2326656,19380
1786088921,133022378,1,99.85802459716797,294.8807678222656,-374.65570068359375,,,,,,,,,,2326657,19380
1786088921,133022378,,,,,5,-1497.2269287109375,1030.545166015625,-792.2940673828125,-0.0008574264356866479,-0.07651875168085098,-0.074652299284935,0.9942691326141357,1,2326657,19380
1786088921,140687805,1,98.01992797851562,311.5204772949219,-372.48651123046875,,,,,,,,,,2326658,19380
1786088921,140687805,,,,,5,-1497.1932373046875,1030.5045166015625,-792.3099975585938,-0.0004661624552682042,-0.07668308168649673,-0.0748487114906311,0.9942418932914734,1,2326658,19380
1786088921,149727402,1,97.2978286743164,327.3851013183594,-370.4695129394531,,,,,,,,,,2326659,19380
1786088921,149727402,,,,,5,-1497.1990966796875,1030.458984375,-792.2694091796875,-0.0006624356610700488,-0.07657328248023987,-0.07492870837450027,0.994244396686554,1,2326659,19380
1786088921,157925576,1,95.83885192871094,342.3356628417969,-368.7784118652344,,,,,,,,,,2326660,19380
1786088921,157925576,,,,,5,-1497.1920166015625,1030.425048828125,-792.3132934570312,-0.0008924728026613593,-0.0766482725739479,-0.07539750635623932,0.9942028522491455,1,2326660,19380
1786088921,166005603,1,95.64910125732422,356.76214599609375,-365.72515869140625,,,,,,,,,,2326661,19380
1786088921,166005603,,,,,5,-1497.2230224609375,1030.5013427734375,-792.2801513671875,-0.00034907954977825284,-0.07667164504528046,-0.07600633800029755,0.9941551089286804,1,2326661,19380
1786088921,174823660,1,94.6982650756836,369.588134765625,-363.8131408691406,,,,,,,,,,2326662,19380
1786088921,174823660,,,,,5,-1497.2274169921875,1030.4393310546875,-792.2899780273438,-0.0005923372227698565,-0.07653338462114334,-0.07606784999370575,0.9941609501838684,1,2326662,19380
1786088921,182889286,1,93.09825897216797,383.2383728027344,-362.1053771972656,,,,,,,,,,2326663,19380
1786088921,182889286,,,,,5,-1497.1981201171875,1030.456298828125,-792.2581787109375,-0.0004460841591935605,-0.07664616405963898,-0.0761583149433136,0.994145393371582,1,2326663,19380
1786088921,191780465,1,92.54969787597656,395.3905944824219,-360.0836486816406,,,,,,,,,,2326664,19380
1786088921,191780465,,,,,5,-1497.21337890625,1030.4752197265625,-792.265380859375,-0.0007061109063215554,-0.0766337662935257,-0.07528398931026459,0.9942126870155334,1,2326664,19380
1786088921,199712745,1,91.19983673095703,407.77764892578125,-357.8089904785156,,,,,,,,,,2326665,19380
1786088921,199712745,,,,,5,-1497.2122802734375,1030.5137939453125,-792.2734375,-0.0002783399831969291,-0.0767090916633606,-0.0759008526802063,0.9941602349281311,1,2326665,19380
1786088921,207916678,1,90.07035064697266,418.4775085449219,-356.20880126953125,,,,,,,,,,2326666,19380
1786088921,207916678,,,,,5,-1497.222412109375,1030.466796875,-792.2764282226562,-0.00032333709532395005,-0.07657674700021744,-0.07612532377243042,0.9941533803939819,1,2326666,19380
1786088921,215199474,1,89.53278350830078,426.9150085449219,-354.7110595703125,,,,,,,,,,2326667,19380
1786088921,215199474,,,,,5,-1497.2315673828125,1030.4674072265625,-792.291259765625,-0.0007930398569442332,-0.07652758061885834,-0.07474841922521591,0.9942613244056702,1,2326667,19380
1786088921,224582502,1,88.61614227294922,438.4732666015625,-352.6029357910156,,,,,,,,,,2326668,19380
1786088921,224582502,,,,,5,-1497.21240234375,1030.5010986328125,-792.2831420898438,-0.0007262206636369228,-0.0765431746840477,-0.07499118149280548,0.9942418932914734,1,2326668,19380
1786088921,233250060,1,86.69891357421875,446.240234375,-349.93292236328125,,,,,,,,,,2326669,19380
1786088921,233250060,,,,,5,-1497.2198486328125,1030.4835205078125,-792.3118896484375,-0.0007642764830961823,-0.0764535591006279,-0.07511097192764282,0.9942396879196167,1,2326669,19380
1786088921,241461354,1,85.79312896728516,455.6532287597656,-348.6234130859375,,,,,,,,,,2326670,19380
1786088921,241461354,,,,,5,-1497.2266845703125,1030.5250244140625,-792.2759399414062,-0.00013435946311801672,-0.07647807896137238,-0.0763501301407814,0.9941436648368835,1,2326670,19380
1786088921,249560741,1,84.4196548461914,461.01141357421875,-345.8177490234375,,,,,,,,,,2326671,19380
1786088921,249560741,,,,,5,-1497.212158203125,1030.4564208984375,-792.2843017578125,-0.00039069331251084805,-0.07650662958621979,-0.07593259960412979,0.9941734671592712,1,2326671,19380
1786088921,257411484,1,84.97193908691406,469.2613220214844,-342.3575134277344,,,,,,,,,,2326672,19380
1786088921,257411484,,,,,5,-1497.2125244140625,1030.5045166015625,-792.2734375,-0.0005311648128554225,-0.07651592046022415,-0.07612983882427216,0.9941575527191162,1,2326672,19380
1786088921,266605004,1,82.97562408447266,475.4668884277344,-340.88873291015625,,,,,,,,,,2326673,19380
1786088921,266605004,,,,,5,-1497.2149658203125,1030.4774169921875,-792.2929077148438,-0.00034805465838871896,-0.07660366594791412,-0.07579467445611954,0.9941765666007996,1,2326673,19380
1786088921,274500099,1,81.28005981445312,481.32073974609375,-340.3227844238281,,,,,,,,,,2326674,19380
1786088921,274500099,,,,,5,-1497.223388671875,1030.4852294921875,-792.2933959960938,-0.0006175606977194548,-0.07660433650016785,-0.07489021122455597,0.9942448139190674,1,2326674,19380
1786088921,283040327,1,79.24817657470703,484.9529113769531,-338.4120178222656,,,,,,,,,,2326675,19380
1786088921,283040327,,,,,5,-1497.22265625,1030.482421875,-792.3270263671875,-0.000546187802683562,-0.07654152810573578,-0.07513736933469772,0.9942311644554138,1,2326675,19380
1786088921,291401320,1,78.92528533935547,490.19891357421875,-336.650634765625,,,,,,,,,,2326676,19380
1786088921,291401320,,,,,5,-1497.2291259765625,1030.4906005859375,-792.2926025390625,-0.00020760961342602968,-0.07655703276395798,-0.07613339275121689,0.9941542148590088,1,2326676,19380
1786088921,299413185,1,77.33685302734375,493.8014221191406,-334.43218994140625,,,,,,,,,,2326677,19380
1786088921,299413185,,,,,5,-1497.222412109375,1030.5037841796875,-792.3034057617188,-0.0004306660557631403,-0.07643920928239822,-0.07563404738903046,0.9942014217376709,1,2326677,19380
1786088921,308341324,1,76.66693115234375,497.44305419921875,-332.79986572265625,,,,,,,,,,2326678,19380
1786088921,308341324,,,,,5,-1497.224853515625,1030.503662109375,-792.2804565429688,-0.00041528235306032,-0.07642897218465805,-0.07584568858146667,0.9941859841346741,1,2326678,19380
1786088921,316263204,1,75.44196319580078,498.61077880859375,-331.04315185546875,,,,,,,,,,2326679,19380
1786088921,316263204,,,,,5,-1497.1956787109375,1030.49267578125,-792.2874145507812,-0.0005256170989014208,-0.07676350325345993,-0.07509790360927582,0.9942169189453125,1,2326679,19380
1786088921,324534723,1,74.20782470703125,501.3988037109375,-328.85675048828125,,,,,,,,,,2326680,19380
1786088921,324534723,,,,,5,-1497.2279052734375,1030.4954833984375,-792.3077392578125,-0.00018841643759515136,-0.07660675048828125,-0.07627339661121368,0.9941396117210388,1,2326680,19380
1786088921,333160168,1,73.34700775146484,501.66986083984375,-327.0220642089844,,,,,,,,,,2326681,19380
1786088921,333160168,,,,,5,-1497.2415771484375,1030.4989013671875,-792.304443359375,-0.00034540894557721913,-0.07652123272418976,-0.0756731778383255,0.9941920638084412,1,2326681,19380
1786088921,341105825,1,72.73656463623047,502.16815185546875,-324.82000732421875,,,,,,,,,,2326682,19380
1786088921,341105825,,,,,5,-1497.2315673828125,1030.4873046875,-792.30908203125,-0.0006294181803241372,-0.07663882523775101,-0.07509658485651016,0.9942266345024109,1,2326682,19380
1786088921,349872745,1,71.16785430908203,502.5345458984375,-323.19036865234375,,,,,,,,,,2326683,19380
1786088921,349872745,,,,,5,-1497.225830078125,1030.4814453125,-792.3092651367188,-0.0006946256035007536,-0.07654928416013718,-0.07490269839763641,0.9942480325698853,1,2326683,19380
1786088921,358179656,1,69.2777099609375,501.0416564941406,-321.1192626953125,,,,,,,,,,2326684,19380
1786088921,358179656,,,,,5,-1497.2255859375,1030.5003662109375,-792.2924194335938,-0.00037733674980700016,-0.076480932533741,-0.07591172307729721,0.9941770434379578,1,2326684,19380
1786088921,365927965,1,68.35002899169922,499.4699401855469,-318.9605712890625,,,,,,,,,,2326685,19380
1786088921,365927965,,,,,5,-1497.2054443359375,1030.478759765625,-792.255859375,-0.0003901780291926116,-0.07653120160102844,-0.07553666830062866,0.99420166015625,1,2326685,19380
1786088921,375053772,1,67.5621566772461,497.0140686035156,-317.10003662109375,,,,,,,,,,2326686,19380
1786088921,375053772,,,,,5,-1497.1781005859375,1030.464111328125,-792.2780151367188,-0.0005164270987734199,-0.0767768919467926,-0.07576462626457214,0.9941653609275818,1,2326686,19380
1786088921,383152647,1,62.68209457397461,487.384521484375,-313.4189147949219,,,,,,,,,,2326687,19380
1786088921,383152647,,,,,5,-1497.2196044921875,1030.48779296875,-792.2774658203125,0.00019602084648795426,-0.07656934857368469,-0.07742221653461456,0.9940537810325623,1,2326687,19380
1786088921,390880411,1,62.18904495239258,485.1883850097656,-311.66497802734375,,,,,,,,,,2326688,19380
1786088921,390880411,,,,,5,-1497.2078857421875,1030.4600830078125,-792.2850952148438,-0.00041821447666734457,-0.07652384787797928,-0.075649693608284,0.9941936135292053,1,2326688,19380
1786088921,400027787,1,61.42036819458008,483.2200927734375,-310.63458251953125,,,,,,,,,,2326689,19380
1786088921,400027787,,,,,5,-1497.2142333984375,1030.4296875,-792.2853393554688,-0.00020344057702459395,-0.07656434923410416,-0.07668718695640564,0.9941110610961914,1,2326689,19380
1786088921,407993156,1,61.48633575439453,476.4683532714844,-308.16705322265625,,,,,,,,,,2326690,19380
1786088921,407993156,,,,,5,-1497.216552734375,1030.4615478515625,-792.2916259765625,-0.000358504184987396,-0.07663892954587936,-0.07601287215948105,0.9941571354866028,1,2326690,19380
1786088921,416392965,1,60.029483795166016,472.0321960449219,-306.96209716796875,,,,,,,,,,2326691,19380
1786088921,416392965,,,,,5,-1497.1983642578125,1030.4520263671875,-792.28076171875,-0.00019042969506699592,-0.07660484313964844,-0.07662792503833771,0.9941125512123108,1,2326691,19380
1786088921,424015959,1,60.07139205932617,466.5284423828125,-305.157470703125,,,,,,,,,,2326692,19380
1786088921,424015959,,,,,5,-1497.2044677734375,1030.4423828125,-792.278564453125,-0.0007035500602796674,-0.07668065279722214,-0.0749385878443718,0.9942352175712585,1,2326692,19380
1786088921,433027684,1,59.29303741455078,458.8238525390625,-303.0445251464844,,,,,,,,,,2326693,19380
1786088921,433027684,,,,,5,-1497.2222900390625,1030.4710693359375,-792.30126953125,-0.000436909293057397,-0.07653870433568954,-0.07608462125062943,0.9941593408584595,1,2326693,19380
1786088921,441881454,1,58.988582611083984,452.4732666015625,-300.65411376953125,,,,,,,,,,2326694,19380
1786088921,441881454,,,,,5,-1497.230224609375,1030.4901123046875,-792.2822875976562,-0.00020061271789018065,-0.0764821320772171,-0.07633370906114578,0.9941446781158447,1,2326694,19380
1786088921,450129068,1,56.3221321105957,444.5906677246094,-298.9202575683594,,,,,,,,,,2326695,19380
1786088921,450129068,,,,,5,-1497.2034912109375,1030.4505615234375,-792.2860717773438,-0.000591261952649802,-0.07667186111211777,-0.07545477151870728,0.9941969513893127,1,2326695,19380
1786088921,458443947,1,56.39118576049805,436.79083251953125,-296.9202575683594,,,,,,,,,,2326696,19380
1786088921,458443947,,,,,5,-1497.21923828125,1030.4615478515625,-792.2836303710938,-0.0003746607690118253,-0.07650995999574661,-0.07620217651128769,0.9941524267196655,1,2326696,19380
1786088921,465818585,1,54.76533508300781,424.684326171875,-294.24432373046875,,,,,,,,,,2326697,19380
1786088921,465818585,,,,,5,-1497.2298583984375,1030.46533203125,-792.2855224609375,-8.755516319070011e-05,-0.07651309669017792,-0.07677441090345383,0.9941083192825317,1,2326697,19380
1786088921,474971432,1,54.37820816040039,417.1483459472656,-293.1748046875,,,,,,,,,,2326698,19380
1786088921,474971432,,,,,5,-1497.2120361328125,1030.4306640625,-792.274169921875,-0.00016901364142540842,-0.07648171484470367,-0.0760212242603302,0.9941685795783997,1,2326698,19380
1786088921,482950977,1,53.32670211791992,406.31109619140625,-291.4973449707031,,,,,,,,,,2326699,19380
1786088921,482950977,,,,,5,-1497.21875,1030.4495849609375,-792.1940307617188,-0.0003031795204151422,-0.07674291729927063,-0.07699458301067352,0.9940735697746277,1,2326699,19380
1786088921,491916205,1,51.862239837646484,394.3694763183594,-289.42987060546875,,,,,,,,,,2326700,19380
1786088921,491916205,,,,,5,-1497.209716796875,1030.4246826171875,-792.2525634765625,-0.0004975365591235459,-0.07685773819684982,-0.07670243084430695,0.9940871596336365,1,2326700,19380
1786088921,499970312,1,50.18115997314453,381.2335205078125,-286.9911804199219,,,,,,,,,,2326701,19380
1786088921,499970312,,,,,5,-1497.1927490234375,1030.4422607421875,-792.2769775390625,-0.0004541626258287579,-0.07667075097560883,-0.07633800059556961,0.9941297173500061,1,2326701,19380
1786088921,508097508,1,48.957149505615234,367.675048828125,-284.5981750488281,,,,,,,,,,2326702,19380
1786088921,508097508,,,,,5,-1497.2054443359375,1030.462890625,-792.2824096679688,-0.00047250837087631226,-0.07676374912261963,-0.07612856477499008,0.9941387176513672,1,2326702,19380
1786088921,515860280,1,48.30957794189453,355.124755859375,-283.3960266113281,,,,,,,,,,2326703,19380
1786088921,515860280,,,,,5,-1497.1907958984375,1030.4630126953125,-792.2435913085938,-0.0004348592192400247,-0.07666467130184174,-0.07612812519073486,0.9941462874412537,1,2326703,19380
1786088921,524990024,1,46.79024124145508,340.1885681152344,-281.46417236328125,,,,,,,,,,2326704,19380
1786088921,524990024,,,,,5,-1497.2156982421875,1030.4464111328125,-792.2931518554688,-0.0005696399020962417,-0.07668857276439667,-0.07583048939704895,0.9941670894622803,1,2326704,19380
1786088921,533336328,1,44.534175872802734,324.6175842285156,-280.0247802734375,,,,,,,,,,2326705,19380
1786088921,533336328,,,,,5,-1497.2020263671875,1030.45654296875,-792.2423095703125,-0.0007480735657736659,-0.07682400196790695,-0.07510749995708466,0.9942114353179932,1,2326705,19380
1786088921,541840811,1,43.47801208496094,308.22076416015625,-276.4637451171875,,,,,,,,,,2326706,19380
1786088921,541840811,,,,,5,-1497.2059326171875,1030.4661865234375,-792.2423706054688,-0.0005011678440496325,-0.07665105909109116,-0.07624662667512894,0.9941381812095642,1,2326706,19380
1786088921,549682753,1,42.74741744995117,292.4183654785156,-274.6952819824219,,,,,,,,,,2326707,19380
1786088921,549682753,,,,,5,-1497.2076416015625,1030.456787109375,-792.2782592773438,-0.0004917611368000507,-0.07675930112600327,-0.07595311850309372,0.994152307510376,1,2326707,19380
1786088921,557912255,1,41.9719123840332,275.92071533203125,-272.95196533203125,,,,,,,,,,2326708,19380
1786088921,557912255,,,,,5,-1497.1832275390625,1030.4818115234375,-792.2462158203125,-0.00040191717562265694,-0.0767241045832634,-0.07683943212032318,0.9940869808197021,1,2326708,19380
1786088921,567383061,1,40.51387405395508,257.4129638671875,-270.3608703613281,,,,,,,,,,2326709,19380
1786088921,567383061,,,,,5,-1497.1947021484375,1030.4705810546875,-792.25927734375,-0.0004034447483718395,-0.07667607069015503,-0.07646094262599945,0.9941198229789734,1,2326709,19380
1786088921,574658912,1,37.777408599853516,238.4283447265625,-270.26470947265625,,,,,,,,,,2326710,19380
1786088921,574658912,,,,,5,-1497.1693115234375,1030.439453125,-792.2568969726562,-0.000322404463076964,-0.07683528959751129,-0.07645368576049805,0.9941080808639526,1,2326710,19380
1786088921,583392968,1,37.768131256103516,220.8046875,-267.6531066894531,,,,,,,,,,2326711,19380
1786088921,583392968,,,,,5,-1497.2158203125,1030.4622802734375,-792.26953125,-0.0005195082630962133,-0.07659924030303955,-0.07586497068405151,0.9941714406013489,1,2326711,19380
1786088921,591615237,1,36.0524787902832,200.03256225585938,-264.9346618652344,,,,,,,,,,2326712,19380
1786088921,591615237,,,,,5,-1497.183349609375,1030.4383544921875,-792.2737426757812,-0.00028071540873497725,-0.07658416032791138,-0.07629594206809998,0.9941397309303284,1,2326712,19380
1786088921,599819939,1,35.37222671508789,180.031005859375,-262.8633117675781,,,,,,,,,,2326713,19380
1786088921,599819939,,,,,5,-1497.1923828125,1030.4691162109375,-792.2536010742188,-0.00042457773815840483,-0.07670993357896805,-0.07623220235109329,0.994134783744812,1,2326713,19380
1786088921,607633753,1,33.3212890625,158.06298828125,-260.27899169921875,,,,,,,,,,2326714,19380
1786088921,607633753,,,,,5,-1497.2021484375,1030.4666748046875,-792.2557983398438,-0.0004971752059645951,-0.07669319957494736,-0.07586333900690079,0.9941642880439758,1,2326714,19380
1786088921,616881578,1,32.42066955566406,137.35250854492188,-259.3968200683594,,,,,,,,,,2326715,19380
1786088921,616881578,,,,,5,-1497.1895751953125,1030.4520263671875,-792.2572021484375,-0.0003225206455681473,-0.07675157487392426,-0.07675342261791229,0.9940915107727051,1,2326715,19380
1786088921,624657407,1,30.774375915527344,114.26732635498047,-256.8044738769531,,,,,,,,,,2326716,19380
1786088921,624657407,,,,,5,-1497.201416015625,1030.460205078125,-792.2606201171875,-0.0005013495683670044,-0.07679537683725357,-0.07611382007598877,0.9941372871398926,1,2326716,19380
1786088921,633395687,1,29.792295455932617,94.9441909790039,-255.30670166015625,,,,,,,,,,2326717,19380
1786088921,633395687,,,,,5,-1497.19677734375,1030.4315185546875,-792.260986328125,-0.00015374131908174604,-0.07660656422376633,-0.07635918259620667,0.9941331148147583,1,2326717,19380
1786088921,641202780,1,29.303895950317383,98.58255767822266,-253.91616821289062,,,,,,,,,,2326718,19380
1786088921,641202780,,,,,5,-1497.2000732421875,1030.4541015625,-792.2600708007812,-0.0005141968722455204,-0.0765870213508606,-0.07600472867488861,0.9941616654396057,1,2326718,19380
1786088921,649728032,1,29.058401107788086,113.51861572265625,-251.76092529296875,,,,,,,,,,2326719,19380
1786088921,649728032,,,,,5,-1497.2255859375,1030.451904296875,-792.2272338867188,-0.0004502871015574783,-0.07679982483386993,-0.07548025995492935,0.9941853284835815,1,2326719,19380
1786088921,658384294,1,28.524707794189453,128.28225708007812,-250.85037231445312,,,,,,,,,,2326720,19380
1786088921,658384294,,,,,5,-1497.19873046875,1030.4500732421875,-792.2609252929688,-0.0003061690367758274,-0.07674553245306015,-0.0767543837428093,0.9940919280052185,1,2326720,19380
1786088921,666232444,1,28.009305953979492,142.54783630371094,-249.222900390625,,,,,,,,,,2326721,19380
1786088921,666232444,,,,,5,-1497.2025146484375,1030.442626953125,-792.2470092773438,-0.00031518610194325447,-0.07669960707426071,-0.0764848068356514,0.9941162467002869,1,2326721,19380
1786088921,675398188,1,27.670421600341797,155.8819580078125,-247.04940795898438,,,,,,,,,,2326722,19380
1786088921,675398188,,,,,5,-1497.1859130859375,1030.4420166015625,-792.2658081054688,-0.0006261011003516614,-0.07684662193059921,-0.0758882537484169,0.9941504597663879,1,2326722,19380
1786088921,683150593,1,26.989967346191406,168.1748504638672,-244.7985076904297,,,,,,,,,,2326723,19380
1786088921,683150593,,,,,5,-1497.2147216796875,1030.4327392578125,-792.2899780273438,-0.0005551339709199965,-0.07653553038835526,-0.07652563601732254,0.9941256642341614,1,2326723,19380
1786088921,692067820,1,25.55109977722168,179.86846923828125,-244.08583068847656,,,,,,,,,,2326724,19380
1786088921,692067820,,,,,5,-1497.1912841796875,1030.4443359375,-792.2534790039062,-0.0004403127823024988,-0.07666818797588348,-0.07658376544713974,0.9941109418869019,1,2326724,19380
1786088921,699962307,1,21.90481185913086,188.2968292236328,-243.02027893066406,,,,,,,,,,2326725,19380
1786088921,699962307,,,,,5,-1497.2255859375,1030.4647216796875,-792.2579956054688,-0.00032087572617456317,-0.07677756249904633,-0.0758664682507515,0.994157612323761,1,2326725,19380
1786088921,709258838,1,25.5228214263916,201.25621032714844,-240.0373992919922,,,,,,,,,,2326726,19380
1786088921,709258838,,,,,5,-1497.2086181640625,1030.4696044921875,-792.2592163085938,-0.00048825281555764377,-0.07671694457530975,-0.07625366002321243,0.9941326379776001,1,2326726,19380
1786088921,716019799,1,24.526559829711914,211.83221435546875,-238.9163055419922,,,,,,,,,,2326727,19380
1786088921,716019799,,,,,5,-1497.2010498046875,1030.4647216796875,-792.248046875,-0.00040416306001134217,-0.07674719393253326,-0.07650765776634216,0.9941107034683228,1,2326727,19380
1786088921,725600271,1,24.74274444580078,222.170654296875,-237.0327911376953,,,,,,,,,,2326728,19380
1786088921,725600271,,,,,5,-1497.1912841796875,1030.424560546875,-792.2748413085938,-0.0005817582714371383,-0.07685989141464233,-0.07590785622596741,0.9941480755805969,1,2326728,19380
1786088921,733205633,1,24.513248443603516,230.42303466796875,-235.7899627685547,,,,,,,,,,2326729,19380
1786088921,733205633,,,,,5,-1497.2113037109375,1030.459716796875,-792.274169921875,-0.0005295050796121359,-0.07673878222703934,-0.0759340450167656,0.9941553473472595,1,2326729,19380
1786088921,741065848,1,24.109586715698242,238.9091033935547,-234.3450927734375,,,,,,,,,,2326730,19380
1786088921,741065848,,,,,5,-1497.189453125,1030.4298095703125,-792.2897338867188,-0.0004609359020832926,-0.07682213187217712,-0.0760747492313385,0.994138240814209,1,2326730,19380
1786088921,749829120,1,23.71753692626953,246.37313842773438,-232.1150665283203,,,,,,,,,,2326731,19380
1786088921,749829120,,,,,5,-1497.2122802734375,1030.452880859375,-792.2902221679688,-0.00041123703704215586,-0.07677649706602097,-0.07606396079063416,0.9941425919532776,1,2326731,19380
1786088921,758098782,1,23.381162643432617,253.0327606201172,-230.70724487304688,,,,,,,,,,2326732,19380
1786088921,758098782,,,,,5,-1497.2122802734375,1030.4674072265625,-792.2603759765625,-0.0004281026776880026,-0.07678932696580887,-0.07611679285764694,0.9941376447677612,1,2326732,19380
1786088921,766069847,1,22.59697723388672,258.4764709472656,-228.88270568847656,,,,,,,,,,2326733,19380
1786088921,766069847,,,,,5,-1497.2161865234375,1030.458984375,-792.2593994140625,-0.000456454319646582,-0.07676587998867035,-0.0761159211397171,0.9941393733024597,1,2326733,19380
1786088921,775031011,1,21.84864044189453,263.78472900390625,-227.38278198242188,,,,,,,,,,2326734,19380
1786088921,775031011,,,,,5,-1497.204833984375,1030.4503173828125,-792.2774047851562,-0.0005126616451889277,-0.07668410241603851,-0.07573847472667694,0.9941745400428772,1,2326734,19380
1786088921,783087966,1,20.975751876831055,269.02386474609375,-226.1031951904297,,,,,,,,,,2326735,19380
1786088921,783087966,,,,,5,-1497.2083740234375,1030.4578857421875,-792.26318359375,-0.0005111410864628851,-0.07673008739948273,-0.07566316425800323,0.9941766858100891,1,2326735,19380
1786088921,791257082,1,20.398164749145508,271.8547058105469,-224.35044860839844,,,,,,,,,,2326736,19380
1786088921,791257082,,,,,5,-1497.2271728515625,1030.4671630859375,-792.2587890625,-0.00010390392708359286,-0.07663857191801071,-0.07716408371925354,0.9940686225891113,1,2326736,19380
1786088921,799895008,1,20.76102066040039,275.3665466308594,-223.02279663085938,,,,,,,,,,2326737,19380
1786088921,799895008,,,,,5,-1497.204345703125,1030.4608154296875,-792.2491455078125,-0.00032619532430544496,-0.0767018049955368,-0.07597118616104126,0.9941554069519043,1,2326737,19380
1786088921,808275329,1,20.237764358520508,277.3662109375,-221.19183349609375,,,,,,,,,,2326738,19380
1786088921,808275329,,,,,5,-1497.2196044921875,1030.464111328125,-792.2803955078125,-0.00042433274211362004,-0.07651673257350922,-0.07648313790559769,0.9941304326057434,1,2326738,19380
1786088921,816113367,1,18.9324893951416,279.63555908203125,-219.5156707763672,,,,,,,,,,2326739,19380
1786088921,816113367,,,,,5,-1497.21875,1030.4853515625,-792.2481079101562,-0.0002233618579339236,-0.07659731060266495,-0.07659299671649933,0.9941158294677734,1,2326739,19380
1786088921,824710396,1,17.496614456176758,280.3801574707031,-217.5507049560547,,,,,,,,,,2326740,19380
1786088921,824710396,,,,,5,-1497.2071533203125,1030.4500732421875,-792.287841796875,-0.00040540160262025893,-0.07673173397779465,-0.0762118548154831,0.9941346645355225,1,2326740,19380
1786088921,833038428,1,17.662158966064453,281.35992431640625,-216.202880859375,,,,,,,,,,2326741,19380
1786088921,833038428,,,,,5,-1497.207275390625,1030.515380859375,-792.3099365234375,-0.0006678788922727108,-0.07669966667890549,-0.07515448331832886,0.994217574596405,1,2326741,19380
1786088921,841084790,1,17.840167999267578,283.0047912597656,-214.67813110351562,,,,,,,,,,2326742,19380
1786088921,841084790,,,,,5,-1497.2083740234375,1030.4700927734375,-792.2443237304688,-0.00037433981196954846,-0.07669655978679657,-0.0760536640882492,0.9941495060920715,1,2326742,19380
1786088921,853017403,1,16.260356903076172,281.7104187011719,-212.77853393554688,,,,,,,,,,2326743,19380
1786088921,853017403,,,,,5,-1497.2269287109375,1030.4569091796875,-792.2647705078125,0.0002177232236135751,-0.07656648755073547,-0.07700720429420471,0.9940862059593201,1,2326743,19380
1786088921,858165758,1,16.54726791381836,279.72491455078125,-211.03851318359375,,,,,,,,,,2326744,19380
1786088921,858165758,,,,,5,-1497.245361328125,1030.478515625,-792.2597045898438,-0.0002451825712341815,-0.07668604701757431,-0.07609403133392334,0.9941473007202148,1,2326744,19380
1786088921,865822256,1,16.067476272583008,277.748046875,-209.58334350585938,,,,,,,,,,2326745,19380
1786088921,865822256,,,,,5,-1497.205078125,1030.455810546875,-792.2625122070312,-0.000495129672344774,-0.07670757174491882,-0.0759887546300888,0.9941535592079163,1,2326745,19380
1786088921,874756796,1,15.420150756835938,275.1661071777344,-207.625,,,,,,,,,,2326746,19380
1786088921,874756796,,,,,5,-1497.192138671875,1030.481201171875,-792.27978515625,-0.00025604027905501425,-0.07665664702653885,-0.07654459774494171,0.9941149950027466,1,2326746,19380
1786088921,882918328,1,14.54100513458252,271.53662109375,-206.08380126953125,,,,,,,,,,2326747,19380
1786088921,882918328,,,,,5,-1497.2142333984375,1030.4798583984375,-792.2410888671875,-0.00019468992832116783,-0.07684613764286041,-0.07641590386629105,0.9941102862358093,1,2326747,19380
1786088921,891829123,1,13.73925495147705,268.6583251953125,-204.3678741455078,,,,,,,,,,2326748,19380
1786088921,891829123,,,,,5,-1497.2099609375,1030.4708251953125,-792.2726440429688,-7.629644824191928e-05,-0.07676205039024353,-0.0766480341553688,0.9940988421440125,1,2326748,19380
1786088921,899674106,1,11.480327606201172,260.4151916503906,-201.8900146484375,,,,,,,,,,2326749,19380
1786088921,899674106,,,,,5,-1497.2261962890625,1030.4700927734375,-792.2892456054688,-0.000325592904118821,-0.07666244357824326,-0.07622543722391129,0.9941391348838806,1,2326749,19380
1786088921,908010554,1,12.948795318603516,258.3104553222656,-200.9799041748047,,,,,,,,,,2326750,19380
1786088921,908010554,,,,,5,-1497.2139892578125,1030.4642333984375,-792.2897338867188,-0.00047728759818710387,-0.07680157572031021,-0.07616753876209259,0.9941326379776001,1,2326750,19380
1786088921,916885796,1,13.07267951965332,253.55604553222656,-200.0666046142578,,,,,,,,,,2326751,19380
1786088921,916885796,,,,,5,-1497.2314453125,1030.4725341796875,-792.27783203125,-0.00038886413676664233,-0.07676242291927338,-0.07560790330171585,0.9941785335540771,1,2326751,19380
1786088921,924883101,1,12.230304718017578,246.59237670898438,-197.57919311523438,,,,,,,,,,2326752,19380
1786088921,924883101,,,,,5,-1497.1737060546875,1030.525146484375,-792.2836303710938,-0.0007405432406812906,-0.07670119404792786,-0.07527435570955276,0.9942083358764648,1,2326752,19380
1786088921,932953368,1,11.26722240447998,239.4163360595703,-196.3090057373047,,,,,,,,,,2326753,19380
1786088921,932953368,,,,,5,-1497.20703125,1030.474853515625,-792.30029296875,-0.0004199346003588289,-0.07674074172973633,-0.07650942355394363,0.9941110610961914,1,2326753,19380
1786088921,941718944,1,10.819757461547852,230.259033203125,-193.84347534179688,,,,,,,,,,2326754,19380
1786088921,941718944,,,,,5,-1497.2073974609375,1030.473876953125,-792.2838134765625,-0.00032894351170398295,-0.0766606256365776,-0.07656236737966537,0.9941133260726929,1,2326754,19380
1786088921,949644600,1,10.02886962890625,222.00863647460938,-192.29852294921875,,,,,,,,,,2326755,19380
1786088921,949644600,,,,,5,-1497.2200927734375,1030.4619140625,-792.27001953125,-0.0003563625505194068,-0.0767742246389389,-0.07657977938652039,0.9941031336784363,1,2326755,19380
1786088921,958475681,1,9.214482307434082,213.03280639648438,-190.83148193359375,,,,,,,,,,2326756,19380
1786088921,958475681,,,,,5,-1497.2191162109375,1030.4661865234375,-792.2601928710938,-0.0003366925229784101,-0.07673235237598419,-0.07646026462316513,0.9941155910491943,1,2326756,19380
1786088921,966543484,1,8.437975883483887,202.73471069335938,-188.93850708007812,,,,,,,,,,2326757,19380
1786088921,966543484,,,,,5,-1497.1998291015625,1030.4683837890625,-792.2736206054688,-0.0002519868721719831,-0.07673624157905579,-0.0760207250714302,0.9941490888595581,1,2326757,19380
1786088921,974813019,1,7.725394248962402,192.02651977539062,-187.12353515625,,,,,,,,,,2326758,19380
1786088921,974813019,,,,,5,-1497.2093505859375,1030.45751953125,-792.2667846679688,-0.00046559629845432937,-0.0766516923904419,-0.0763046145439148,0.9941337704658508,1,2326758,19380
1786088921,982402028,1,7.266030311584473,180.55006408691406,-185.6458282470703,,,,,,,,,,2326759,19380
1786088921,982402028,,,,,5,-1497.224365234375,1030.4666748046875,-792.2470092773438,-9.534320997772738e-05,-0.07657980173826218,-0.07700324058532715,0.9940854907035828,1,2326759,19380
1786088921,991445018,1,7.391524791717529,167.986328125,-182.64657592773438,,,,,,,,,,2326760,19381
1786088921,991445018,,,,,5,-1497.2086181640625,1030.467529296875,-792.2797241210938,-0.00046986472443677485,-0.07663048803806305,-0.07582815736532211,0.9941718578338623,1,2326760,19381
1786088921,999525525,1,6.634731292724609,156.1544952392578,-181.86178588867188,,,,,,,,,,2326761,19381
1786088921,999525525,,,,,5,-1497.196533203125,1030.468994140625,-792.2614135742188,-0.0004185239668004215,-0.07672091573476791,-0.07643746584653854,0.9941182136535645,1,2326761,19381
1786088922,9046827,1,5.66757869720459,144.36538696289062,-181.3866729736328,,,,,,,,,,2326762,19381
1786088922,9046827,,,,,5,-1497.1776123046875,1030.4461669921875,-792.2734375,-0.00048950279597193,-0.07662533223628998,-0.07609190791845322,0.9941521286964417,1,2326762,19381
1786088922,16368344,1,5.331751346588135,129.38540649414062,-179.8721923828125,,,,,,,,,,2326763,19381
1786088922,16368344,,,,,5,-1497.2049560546875,1030.4678955078125,-792.2985229492188,-0.00028560927603393793,-0.07670482248067856,-0.07656542211771011,0.9941096901893616,1,2326763,19381
1786088922,25311267,1,4.797184944152832,115.47320556640625,-177.67552185058594,,,,,,,,,,2326764,19381
1786088922,25311267,,,,,5,-1497.2091064453125,1030.4486083984375,-792.2691040039062,-0.0005065423902124166,-0.07673698663711548,-0.07592594623565674,0.9941560626029968,1,2326764,19381
1786088922,33323869,1,3.2330167293548584,99.47518157958984,-175.91073608398438,,,,,,,,,,2326765,19381
1786088922,33323869,,,,,5,-1497.213134765625,1030.5020751953125,-792.26904296875,-0.00017256573482882231,-0.07663830369710922,-0.0767618790268898,0.9940996170043945,1,2326765,19381
1786088922,41338615,1,2.7793171405792236,98.44233703613281,-174.78594970703125,,,,,,,,,,2326766,19381
1786088922,41338615,,,,,5,-1497.2081298828125,1030.4583740234375,-792.2723999023438,-0.00037409417564049363,-0.07681099325418472,-0.07641799002885818,0.9941126704216003,1,2326766,19381
1786088922,50168768,1,1.3343358039855957,108.16069030761719,-173.20437622070312,,,,,,,,,,2326767,19381
1786088922,50168768,,,,,5,-1497.203125,1030.5096435546875,-792.3165893554688,-0.0008790618740022182,-0.07674162834882736,-0.0749276652932167,0.9942312836647034,1,2326767,19381
1786088922,58207578,1,0.7773415446281433,118.46800994873047,-171.39450073242188,,,,,,,,,,2326768,19381
1786088922,58207578,,,,,5,-1497.2320556640625,1030.4710693359375,-792.2692260742188,-0.00038721764576621354,-0.07660873979330063,-0.0764109194278717,0.9941288828849792,1,2326768,19381
1786088922,66483385,1,-1.1189645528793335,127.46819305419922,-170.36756896972656,,,,,,,,,,2326769,19381
1786088922,66483385,,,,,5,-1497.1988525390625,1030.4393310546875,-792.288818359375,-0.00034451732062734663,-0.07676081359386444,-0.07668256759643555,0.9940962791442871,1,2326769,19381
1786088922,74189325,1,-1.7430882453918457,136.79190063476562,-169.00425720214844,,,,,,,,,,2326770,19381
1786088922,74189325,,,,,5,-1497.1976318359375,1030.4437255859375,-792.2555541992188,-0.00027408392634242773,-0.07673421502113342,-0.07681573927402496,0.9940880537033081,1,2326770,19381
1786088922,83436990,1,-2.77799654006958,145.80816650390625,-168.05715942382812,,,,,,,,,,2326771,19381
1786088922,83436990,,,,,5,-1497.1986083984375,1030.464599609375,-792.2886962890625,-0.00043816916877403855,-0.07669302821159363,-0.07632111012935638,0.9941292405128479,1,2326771,19381
1786088922,91315125,1,-2.9595584869384766,154.4988250732422,-167.15455627441406,,,,,,,,,,2326772,19381
1786088922,91315125,,,,,5,-1497.2039794921875,1030.4930419921875,-792.23828125,-0.00034461403265595436,-0.07671653479337692,-0.07621678709983826,0.9941354990005493,1,2326772,19381
1786088922,100230080,1,-5.051392555236816,160.02586364746094,-165.72975158691406,,,,,,,,,,2326773,19381
1786088922,100230080,,,,,5,-1497.1907958984375,1030.4580078125,-792.2522583007812,-0.0003008971980307251,-0.07679842412471771,-0.07678474485874176,0.994085431098938,1,2326773,19381
1786088922,108300283,1,-5.999883651733398,166.6402130126953,-164.64593505859375,,,,,,,,,,2326774,19381
1786088922,108300283,,,,,5,-1497.2000732421875,1030.5208740234375,-792.3103637695312,-0.0005184935289435089,-0.07674591988325119,-0.07549496740102768,0.994188129901886,1,2326774,19381
1786088922,116080432,1,-7.507788181304932,171.25372314453125,-162.78689575195312,,,,,,,,,,2326775,19381
1786088922,116080432,,,,,5,-1497.201171875,1030.485595703125,-792.2467041015625,-9.284394036512822e-05,-0.07644332200288773,-0.07692021876573563,0.9941024780273438,1,2326775,19381
1786088922,125179007,1,-8.702827453613281,175.93775939941406,-161.72442626953125,,,,,,,,,,2326776,19381
1786088922,125179007,,,,,5,-1497.2064208984375,1030.44677734375,-792.284912109375,-0.00018766669381875545,-0.07670477777719498,-0.07697737962007523,0.9940779209136963,1,2326776,19381
1786088922,133289402,1,-9.87978458404541,180.16989135742188,-160.40151977539062,,,,,,,,,,2326777,19381
1786088922,133289402,,,,,5,-1497.2025146484375,1030.4354248046875,-792.2798461914062,-0.00043815429671667516,-0.07672407478094101,-0.07631390541791916,0.9941273927688599,1,2326777,19381
1786088922,141744636,1,-11.12407112121582,183.75323486328125,-158.98326110839844,,,,,,,,,,2326778,19381
1786088922,141744636,,,,,5,-1497.1923828125,1030.4561767578125,-792.2587890625,-0.00035951644531451166,-0.07669971138238907,-0.07656189799308777,0.9941102862358093,1,2326778,19381
1786088922,150034235,1,-11.685423851013184,186.65721130371094,-157.67959594726562,,,,,,,,,,2326779,19381
1786088922,150034235,,,,,5,-1497.2008056640625,1030.468505859375,-792.28271484375,-0.00020382521324791014,-0.07681737095117569,-0.07652714848518372,0.9941038489341736,1,2326779,19381
1786088922,158476957,1,-12.442378997802734,189.27145385742188,-156.81051635742188,,,,,,,,,,2326780,19381
1786088922,158476957,,,,,5,-1497.2152099609375,1030.4857177734375,-792.2570190429688,-0.0001802165643312037,-0.07671502232551575,-0.07573041319847107,0.994172990322113,1,2326780,19381
1786088922,166109744,1,-13.86694049835205,190.83493041992188,-155.29002380371094,,,,,,,,,,2326781,19381
1786088922,166109744,,,,,5,-1497.1741943359375,1030.431640625,-792.3112182617188,-0.0004027407558169216,-0.0768439993262291,-0.0769316554069519,0.9940706491470337,1,2326781,19381
1786088922,174871256,1,-14.713706970214844,191.2825469970703,-154.13621520996094,,,,,,,,,,2326782,19381
1786088922,174871256,,,,,5,-1497.156494140625,1030.43310546875,-792.3035888671875,-0.0006601291825063527,-0.07714854180812836,-0.07617438584566116,0.9941051602363586,1,2326782,19381
1786088922,182662605,1,-16.230209350585938,191.4202117919922,-152.71926879882812,,,,,,,,,,2326783,19381
1786088922,182662605,,,,,5,-1497.2108154296875,1030.4442138671875,-792.276611328125,-0.000426539103500545,-0.07665270566940308,-0.07569488883018494,0.9941802620887756,1,2326783,19381
1786088922,191338868,1,-18.370573043823242,188.26803588867188,-151.7288818359375,,,,,,,,,,2326784,19381
1786088922,191338868,,,,,5,-1497.1695556640625,1030.4228515625,-792.3057861328125,-0.0003866016340907663,-0.07688036561012268,-0.07676945626735687,0.9940803050994873,1,2326784,19381
1786088922,199822390,1,-19.22431182861328,187.06573486328125,-148.5955047607422,,,,,,,,,,2326785,19381
1786088922,199822390,,,,,5,-1497.212890625,1030.4373779296875,-792.2697143554688,-3.119217944913544e-05,-0.07653014361858368,-0.07618237286806107,0.9941525459289551,1,2326785,19381
1786088922,208314361,1,-19.653440475463867,188.43966674804688,-149.29510498046875,,,,,,,,,,2326786,19381
1786088922,208314361,,,,,5,-1497.2178955078125,1030.450439453125,-792.2772827148438,-0.00026027802960015833,-0.07660587877035141,-0.07658308744430542,0.994115948677063,1,2326786,19381
1786088922,215710471,1,-21.972200393676758,183.07577514648438,-149.0775909423828,,,,,,,,,,2326787,19381
1786088922,215710471,,,,,5,-1497.2174072265625,1030.4759521484375,-792.2896118164062,-0.00047091892338357866,-0.076609767973423,-0.07592975348234177,0.9941656589508057,1,2326787,19381
1786088922,224869207,1,-21.472858428955078,182.4934844970703,-146.25450134277344,,,,,,,,,,2326788,19381
1786088922,224869207,,,,,5,-1497.2259521484375,1030.433349609375,-792.28076171875,0.00026998150860890746,-0.07649597525596619,-0.07717995345592499,0.9940781593322754,1,2326788,19381
1786088922,233196598,1,-23.277545928955078,176.78428649902344,-144.2836151123047,,,,,,,,,,2326789,19381
1786088922,233196598,,,,,5,-1497.187744140625,1030.4381103515625,-792.2874755859375,-0.000413299014326185,-0.07673092186450958,-0.07587742805480957,0.9941604733467102,1,2326789,19381
1786088922,240560676,1,-24.659870147705078,173.9727020263672,-143.59542846679688,,,,,,,,,,2326790,19381
1786088922,240560676,,,,,5,-1497.2239990234375,1030.458251953125,-792.2706909179688,-0.0004178955568931997,-0.07659392058849335,-0.07565353810787201,0.9941879510879517,1,2326790,19381
1786088922,249855414,1,-25.779569625854492,168.72608947753906,-142.81918334960938,,,,,,,,,,2326791,19381
1786088922,249855414,,,,,5,-1497.2220458984375,1030.442626953125,-792.32373046875,-0.0002666634100023657,-0.07648999989032745,-0.07572571933269501,0.9941905736923218,1,2326791,19381
1786088922,258206070,1,-27.2719783782959,161.2002410888672,-140.7783203125,,,,,,,,,,2326792,19381
1786088922,258206070,,,,,5,-1497.2164306640625,1030.4476318359375,-792.33056640625,-5.026784037909238e-06,-0.07629337161779404,-0.07679733633995056,0.9941234588623047,1,2326792,19381
1786088922,265458593,1,-29.1608829498291,153.48268127441406,-140.88046264648438,,,,,,,,,,2326793,19381
1786088922,265458593,,,,,5,-1497.2210693359375,1030.4033203125,-792.3370361328125,-0.00010749330249382183,-0.07637174427509308,-0.07644025981426239,0.994144856929779,1,2326793,19381
1786088922,274838869,1,-29.60140037536621,148.0549774169922,-138.5259552001953,,,,,,,,,,2326794,19381
1786088922,274838869,,,,,5,-1497.233642578125,1030.40234375,-792.3309936523438,-2.3804966986062936e-05,-0.07633161544799805,-0.07596186548471451,0.9941847324371338,1,2326794,19381
1786088922,282922736,1,-30.998821258544922,140.64248657226562,-137.2235107421875,,,,,,,,,,2326795,19381
1786088922,282922736,,,,,5,-1497.2069091796875,1030.4134521484375,-792.3352661132812,-0.0007638324750587344,-0.0765404924750328,-0.07497387379407883,0.9942433834075928,1,2326795,19381
1786088922,291582614,1,-32.28912353515625,132.2944793701172,-135.86862182617188,,,,,,,,,,2326796,19381
1786088922,291582614,,,,,5,-1497.216552734375,1030.4554443359375,-792.3536987304688,-0.00019793010142166167,-0.07626832276582718,-0.07677090167999268,0.9941273927688599,1,2326796,19381
1786088922,299641713,1,-33.72582244873047,123.1540298461914,-134.2904052734375,,,,,,,,,,2326797,19381
1786088922,299641713,,,,,5,-1497.2366943359375,1030.444580078125,-792.3442993164062,-0.000378294731490314,-0.0763697475194931,-0.0757138580083847,0.9942006468772888,1,2326797,19381
1786088922,308532731,1,-34.40851974487305,113.42327117919922,-133.30198669433594,,,,,,,,,,2326798,19381
1786088922,308532731,,,,,5,-1497.246337890625,1030.4600830078125,-792.3501586914062,-0.00015584997890982777,-0.07619607448577881,-0.07683636993169785,0.9941279292106628,1,2326798,19381
1786088922,316461843,1,-37.351539611816406,99.88240814208984,-129.48260498046875,,,,,,,,,,2326799,19381
1786088922,316461843,,,,,5,-1497.229736328125,1030.467529296875,-792.3292846679688,7.726112380623817e-05,-0.07631520926952362,-0.07708659768104553,0.9940994381904602,1,2326799,19381
1786088922,324947158,1,-36.12924575805664,103.22624206542969,-130.95166015625,,,,,,,,,,2326800,19381
1786088922,324947158,,,,,5,-1497.2362060546875,1030.458984375,-792.3597412109375,-8.692455594427884e-05,-0.07635554671287537,-0.07618463784456253,0.9941657781600952,1,2326800,19381
1786088922,333365047,1,-37.57914733886719,109.7341537475586,-130.16058349609375,,,,,,,,,,2326801,19381
1786088922,333365047,,,,,5,-1497.263427734375,1030.4788818359375,-792.3480224609375,6.140744517324492e-05,-0.07623137533664703,-0.07730192691087723,0.9940891265869141,1,2326801,19381
1786088922,341523988,1,-38.91082763671875,116.19218444824219,-128.43191528320312,,,,,,,,,,2326802,19381
1786088922,341523988,,,,,5,-1497.2164306640625,1030.43310546875,-792.3663940429688,-0.0004698918492067605,-0.07638880610466003,-0.0756220743060112,0.9942061305046082,1,2326802,19381
1786088922,350236859,1,-40.21885299682617,122.322509765625,-127.46080780029297,,,,,,,,,,2326803,19381
1786088922,350236859,,,,,5,-1497.20556640625,1030.4234619140625,-792.3280029296875,2.4032928195083514e-05,-0.07624590396881104,-0.0766005590558052,0.9941422939300537,1,2326803,19381
1786088922,358510298,1,-40.63945770263672,126.65623474121094,-126.26763916015625,,,,,,,,,,2326804,19381
1786088922,358510298,,,,,5,-1497.2276611328125,1030.47216796875,-792.3402099609375,-0.00016968624549917877,-0.07626540213823318,-0.0764886662364006,0.9941494464874268,1,2326804,19381
1786088922,366412401,1,-42.31681442260742,129.5628662109375,-124.04549407958984,,,,,,,,,,2326805,19381
1786088922,366412401,,,,,5,-1497.2113037109375,1030.4501953125,-792.3379516601562,-0.0002565237518865615,-0.07629140466451645,-0.07581311464309692,0.9941990971565247,1,2326805,19381
1786088922,374392298,1,-42.70344924926758,135.4853973388672,-124.1987533569336,,,,,,,,,,2326806,19381
1786088922,374392298,,,,,5,-1497.2215576171875,1030.4522705078125,-792.306640625,3.644900061772205e-05,-0.07622243463993073,-0.07647907733917236,0.9941534399986267,1,2326806,19381
1786088922,383249876,1,-44.501773834228516,139.06236267089844,-123.25264739990234,,,,,,,,,,2326807,19381
1786088922,383249876,,,,,5,-1497.2449951171875,1030.4486083984375,-792.3347778320312,-0.0002739566843956709,-0.07603465020656586,-0.07565233111381531,0.9942309856414795,1,2326807,19381
1786088922,391169612,1,-45.39482879638672,142.01791381835938,-121.98350524902344,,,,,,,,,,2326808,19381
1786088922,391169612,,,,,5,-1497.2332763671875,1030.4622802734375,-792.3307495117188,-0.0003363237192388624,-0.0763109102845192,-0.07667769491672516,0.9941312670707703,1,2326808,19381
1786088922,400225882,1,-47.522926330566406,142.7198944091797,-120.73561096191406,,,,,,,,,,2326809,19381
1786088922,400225882,,,,,5,-1497.237060546875,1030.4559326171875,-792.359619140625,-0.00015756464563310146,-0.07632845640182495,-0.07630333304405212,0.9941587448120117,1,2326809,19381
1786088922,408475160,1,-48.49543762207031,143.02235412597656,-120.3576431274414,,,,,,,,,,2326810,19381
1786088922,408475160,,,,,5,-1497.2166748046875,1030.490966796875,-792.3576049804688,-0.00037000919110141695,-0.07630583643913269,-0.07540635019540787,0.9942288994789124,1,2326810,19381
1786088922,416103850,1,-49.03514862060547,145.43418884277344,-118.86149597167969,,,,,,,,,,2326811,19381
1786088922,416103850,,,,,5,-1497.2005615234375,1030.4658203125,-792.3558349609375,-2.1675801690435037e-05,-0.07642032951116562,-0.07691767811775208,0.9941043853759766,1,2326811,19381
1786088922,425212281,1,-49.936363220214844,144.5137481689453,-118.39630126953125,,,,,,,,,,2326812,19381
1786088922,425212281,,,,,5,-1497.2236328125,1030.4696044921875,-792.3377685546875,-0.0004766691126860678,-0.07626421004533768,-0.07636387646198273,0.994158923625946,1,2326812,19381
1786088922,433249587,1,-51.34322738647461,143.20481872558594,-117.18012237548828,,,,,,,,,,2326813,19381
1786088922,433249587,,,,,5,-1497.21435546875,1030.4556884765625,-792.35205078125,-0.000440732081187889,-0.07646843045949936,-0.07604401558637619,0.9941678047180176,1,2326813,19381
1786088922,441098762,1,-52.3043098449707,142.97657775878906,-115.45560455322266,,,,,,,,,,2326814,19381
1786088922,441098762,,,,,5,-1497.2130126953125,1030.4451904296875,-792.3485717773438,-0.0005588567000813782,-0.07639025151729584,-0.07589662075042725,0.9941850900650024,1,2326814,19381
1786088922,450008117,1,-53.45064926147461,140.43406677246094,-114.71050262451172,,,,,,,,,,2326815,19381
1786088922,450008117,,,,,5,-1497.2308349609375,1030.4632568359375,-792.3526611328125,-0.0001391679688822478,-0.07634492963552475,-0.07655885070562363,0.9941380023956299,1,2326815,19381
1786088922,458238226,1,-54.21010208129883,137.4008331298828,-112.7686538696289,,,,,,,,,,2326816,19381
1786088922,458238226,,,,,5,-1497.2420654296875,1030.466796875,-792.3515014648438,-0.0002238354500150308,-0.07631900161504745,-0.0766950249671936,0.9941293001174927,1,2326816,19381
1786088922,466146474,1,-54.347816467285156,135.37139892578125,-112.38351440429688,,,,,,,,,,2326817,19381
1786088922,466146474,,,,,5,-1497.2320556640625,1030.454345703125,-792.3446655273438,-0.00036740806535817683,-0.07632420212030411,-0.07604506611824036,0.9941789507865906,1,2326817,19381
1786088922,475039989,1,-56.503421783447266,130.9718780517578,-110.53734588623047,,,,,,,,,,2326818,19381
1786088922,475039989,,,,,5,-1497.2259521484375,1030.457763671875,-792.3595581054688,-0.00025732541689649224,-0.07647378742694855,-0.07628190517425537,0.9941492676734924,1,2326818,19381
1786088922,483156016,1,-57.28693389892578,125.47285461425781,-109.52942657470703,,,,,,,,,,2326819,19381
1786088922,483156016,,,,,5,-1497.2130126953125,1030.455810546875,-792.3331909179688,-0.00022863956110086292,-0.07641731202602386,-0.07673636078834534,0.9941186904907227,1,2326819,19381
1786088922,491240075,1,-57.847923278808594,120.91976928710938,-109.13024139404297,,,,,,,,,,2326820,19381
1786088922,491240075,,,,,5,-1497.24951171875,1030.482177734375,-792.3402709960938,-0.0002082275168504566,-0.07645417004823685,-0.07632704824209213,0.9941472411155701,1,2326820,19381
1786088922,499870609,1,-60.49946212768555,113.31090545654297,-107.40028381347656,,,,,,,,,,2326821,19381
1786088922,499870609,,,,,5,-1497.2301025390625,1030.48193359375,-792.3640747070312,-0.00024074240354821086,-0.07637549191713333,-0.07649525254964828,0.9941403865814209,1,2326821,19381
1786088922,508020845,1,-61.935787200927734,106.74065399169922,-107.15469360351562,,,,,,,,,,2326822,19381
1786088922,508020845,,,,,5,-1497.2274169921875,1030.44677734375,-792.3370361328125,-0.0003607401449698955,-0.07647043466567993,-0.07603529095649719,0.9941684603691101,1,2326822,19381
1786088922,516717556,1,-62.58159637451172,106.281005859375,-105.9317855834961,,,,,,,,,,2326823,19381
1786088922,516717556,,,,,5,-1497.244873046875,1030.47265625,-792.3445434570312,-0.00020495025091804564,-0.07635121047496796,-0.07661823183298111,0.9941328167915344,1,2326823,19381
1786088922,524846672,1,-62.66435623168945,110.034423828125,-105.09110260009766,,,,,,,,,,2326824,19381
1786088922,524846672,,,,,5,-1497.2203369140625,1030.461181640625,-792.3291015625,-0.00022166362032294273,-0.07638569176197052,-0.07645034044981003,0.994143009185791,1,2326824,19381
1786088922,533231121,1,-65.1845703125,113.2720947265625,-103.90485382080078,,,,,,,,,,2326825,19381
1786088922,533231121,,,,,5,-1497.211669921875,1030.4713134765625,-792.3238525390625,-0.00018957753491122276,-0.07658286392688751,-0.07662604004144669,0.994114339351654,1,2326825,19381
1786088922,540698240,1,-65.26649475097656,117.54847717285156,-103.66851043701172,,,,,,,,,,2326826,19381
1786088922,540698240,,,,,5,-1497.2398681640625,1030.4423828125,-792.3336791992188,-0.0003264743136242032,-0.07635772973299026,-0.0759943351149559,0.9941802024841309,1,2326826,19381
1786088922,550014067,1,-67.00605010986328,119.92467498779297,-102.30011749267578,,,,,,,,,,2326827,19381
1786088922,550014067,,,,,5,-1497.2305908203125,1030.452880859375,-792.3423461914062,-0.00020054560445714742,-0.0764792338013649,-0.07655317336320877,0.9941279888153076,1,2326827,19381
1786088922,557928234,1,-68.42401885986328,122.19212341308594,-101.4100112915039,,,,,,,,,,2326828,19381
1786088922,557928234,,,,,5,-1497.240478515625,1030.4578857421875,-792.3578491210938,-0.00014331353304442018,-0.07639272511005402,-0.07650484889745712,0.9941384196281433,1,2326828,19381
1786088922,566625009,1,-69.20166015625,123.93838500976562,-100.81851196289062,,,,,,,,,,2326829,19381
1786088922,566625009,,,,,5,-1497.2142333984375,1030.4525146484375,-792.3406372070312,-0.00029964177520014346,-0.0765465646982193,-0.07617929577827454,0.9941515326499939,1,2326829,19381
1786088922,575024242,1,-70.92164611816406,124.19090270996094,-99.62376403808594,,,,,,,,,,2326830,19381
1786088922,575024242,,,,,5,-1497.2303466796875,1030.4598388671875,-792.3426513671875,-2.8848065994679928e-05,-0.07643219083547592,-0.07669907808303833,0.9941202998161316,1,2326830,19381
1786088922,582979531,1,-71.94075775146484,124.31260681152344,-98.83642578125,,,,,,,,,,2326831,19381
1786088922,582979531,,,,,5,-1497.213134765625,1030.4556884765625,-792.3432006835938,-0.00023947132285684347,-0.07646150141954422,-0.07617983967065811,0.9941580891609192,1,2326831,19381
1786088922,591716146,1,-73.35999298095703,123.75807189941406,-98.14155578613281,,,,,,,,,,2326832,19381
1786088922,591716146,,,,,5,-1497.2401123046875,1030.4442138671875,-792.3556518554688,-0.00019751713261939585,-0.07649475336074829,-0.07618847489356995,0.9941548109054565,1,2326832,19381
1786088922,599784877,1,-74.5687255859375,122.26914978027344,-97.11476135253906,,,,,,,,,,2326833,19381
1786088922,599784877,,,,,5,-1497.2303466796875,1030.4725341796875,-792.3165283203125,-0.00013319938443601131,-0.07644615322351456,-0.07626187801361084,0.9941529035568237,1,2326833,19381
1786088922,608067276,1,-75.69688415527344,121.1413345336914,-96.7265853881836,,,,,,,,,,2326834,19381
1786088922,608067276,,,,,5,-1497.2440185546875,1030.4542236328125,-792.3485107421875,-0.00015663878002669662,-0.07642371207475662,-0.07653217762708664,0.9941339492797852,1,2326834,19381
1786088922,616585231,1,-76.28971099853516,118.37152862548828,-95.90131378173828,,,,,,,,,,2326835,19381
1786088922,616585231,,,,,5,-1497.2410888671875,1030.4854736328125,-792.374267578125,-0.00012978403537999839,-0.07628905773162842,-0.076112762093544,0.9941763877868652,1,2326835,19381
1786088922,624624586,1,-78.04149627685547,115.72624206542969,-94.92040252685547,,,,,,,,,,2326836,19381
1786088922,624624586,,,,,5,-1497.2314453125,1030.4600830078125,-792.3441772460938,-5.646392673952505e-05,-0.07638166844844818,-0.07684716582298279,0.9941127896308899,1,2326836,19381
1786088922,633510932,1,-78.8646011352539,111.4698257446289,-94.2269515991211,,,,,,,,,,2326837,19381
1786088922,633510932,,,,,5,-1497.2225341796875,1030.4892578125,-792.3478393554688,-0.00015443601296283305,-0.07618878036737442,-0.07615180313587189,0.9941810965538025,1,2326837,19381
1786088922,641451468,1,-80.58688354492188,108.62464141845703,-92.99617004394531,,,,,,,,,,2326838,19381
1786088922,641451468,,,,,5,-1497.2523193359375,1030.4801025390625,-792.3607177734375,-4.9832931836135685e-05,-0.07628696411848068,-0.07668572664260864,0.9941325783729553,1,2326838,19381
1786088922,649735275,1,-81.43097686767578,109.46104431152344,-92.34022521972656,,,,,,,,,,2326839,19381
1786088922,649735275,,,,,5,-1497.216552734375,1030.4676513671875,-792.3469848632812,-6.173372094053775e-05,-0.07634427398443222,-0.0767558291554451,0.9941228032112122,1,2326839,19381
1786088922,657302588,1,-83.23542022705078,111.51953125,-91.1731948852539,,,,,,,,,,2326840,19381
1786088922,657302588,,,,,5,-1497.2470703125,1030.475341796875,-792.3202514648438,-3.7998583138687536e-05,-0.07632087916135788,-0.07658078521490097,0.9941380620002747,1,2326840,19381
1786088922,666295273,1,-84.78135681152344,113.55349731445312,-90.43761444091797,,,,,,,,,,2326841,19381
1786088922,666295273,,,,,5,-1497.2393798828125,1030.4351806640625,-792.3489379882812,-0.0005982983275316656,-0.0763368308544159,-0.07582581043243408,0.9941946268081665,1,2326841,19381
1786088922,675455768,1,-85.63600158691406,115.25218200683594,-90.50901794433594,,,,,,,,,,2326842,19381
1786088922,675455768,,,,,5,-1497.2318115234375,1030.5247802734375,-792.404296875,-0.000607941416092217,-0.07636749744415283,-0.07487445324659348,0.9942643046379089,1,2326842,19381
1786088922,683435058,1,-87.76012420654297,115.16492462158203,-89.28009796142578,,,,,,,,,,2326843,19381
1786088922,683435058,,,,,5,-1497.227783203125,1030.46533203125,-792.3502807617188,-0.0004341157618910074,-0.07641458511352539,-0.07572440803050995,0.994196355342865,1,2326843,19381
1786088922,691269544,1,-88.88396453857422,116.04022216796875,-88.05020141601562,,,,,,,,,,2326844,19381
1786088922,691269544,,,,,5,-1497.228759765625,1030.4549560546875,-792.3380737304688,-0.00028316458337940276,-0.07640578597784042,-0.07617837190628052,0.994162380695343,1,2326844,19381
1786088922,700142194,1,-90.55402374267578,115.40338134765625,-87.08734130859375,,,,,,,,,,2326845,19381
1786088922,700142194,,,,,5,-1497.2147216796875,1030.4381103515625,-792.3258666992188,7.148841541493312e-05,-0.0763600617647171,-0.07677537947893143,0.9941199421882629,1,2326845,19381
1786088922,708330447,1,-91.62201690673828,114.58226013183594,-86.59809875488281,,,,,,,,,,2326846,19381
1786088922,708330447,,,,,5,-1497.2025146484375,1030.4146728515625,-792.3065795898438,-0.00018988645751960576,-0.07627811282873154,-0.07591039687395096,0.9941927790641785,1,2326846,19381
1786088922,715760221,1,-93.03388214111328,112.98899841308594,-85.78694152832031,,,,,,,,,,2326847,19381
1786088922,715760221,,,,,5,-1497.2254638671875,1030.4547119140625,-792.2099609375,-0.0004977919743396342,-0.0769834890961647,-0.07589738070964813,0.9941392540931702,1,2326847,19381
1786088922,725410711,1,-94.1766586303711,109.93769836425781,-84.59313201904297,,,,,,,,,,2326848,19381
1786088922,725410711,,,,,5,-1497.2347412109375,1030.4688720703125,-792.3283081054688,-5.09845012857113e-05,-0.07636599987745285,-0.07672126591205597,0.9941236972808838,1,2326848,19381
1786088922,733458609,1,-95.4441909790039,108.61090850830078,-84.26717376708984,,,,,,,,,,2326849,19381
1786088922,733458609,,,,,5,-1497.21337890625,1030.4154052734375,-792.31982421875,-0.00015492555394303054,-0.07655700296163559,-0.07647447288036346,0.9941280484199524,1,2326849,19381
1786088922,741171845,1,-97.39521789550781,109.91919708251953,-83.03084564208984,,,,,,,,,,2326850,19381
1786088922,741171845,,,,,5,-1497.2138671875,1030.4046630859375,-792.3007202148438,-0.00016529524873476475,-0.07636981457471848,-0.07638691365718842,0.9941492080688477,1,2326850,19381
1786088922,750123025,1,-98.18301391601562,111.16350555419922,-82.4946060180664,,,,,,,,,,2326851,19381
1786088922,750123025,,,,,5,-1497.223876953125,1030.415771484375,-792.3121948242188,-0.0005791853764094412,-0.07644499838352203,-0.07577310502529144,0.9941902160644531,1,2326851,19381
1786088922,758316430,1,-101.33949279785156,110.90178680419922,-81.48982238769531,,,,,,,,,,2326852,19381
1786088922,758316430,,,,,5,-1497.2215576171875,1030.4442138671875,-792.3201904296875,-0.0002000306994887069,-0.07656292617321014,-0.07702205330133438,0.994085431098938,1,2326852,19381
1786088922,767371387,1,-104.11924743652344,109.90210723876953,-80.23938751220703,,,,,,,,,,2326853,19381
1786088922,767371387,,,,,5,-1497.2113037109375,1030.4384765625,-792.2907104492188,-0.00036759613431058824,-0.07655316591262817,-0.07650809735059738,0.9941257238388062,1,2326853,19381
1786088922,775084335,1,-102.72613525390625,112.4595718383789,-80.03343200683594,,,,,,,,,,2326854,19381
1786088922,775084335,,,,,5,-1497.2149658203125,1030.400634765625,-792.3043823242188,-0.0003065941855311394,-0.07652383297681808,-0.0762677863240242,0.994146466255188,1,2326854,19381
1786088922,783267500,1,-103.84325408935547,111.59038543701172,-78.80815887451172,,,,,,,,,,2326855,19381
1786088922,783267500,,,,,5,-1497.1971435546875,1030.408203125,-792.30712890625,-0.00018098470172844827,-0.07641749083995819,-0.07682958245277405,0.9941114187240601,1,2326855,19381
1786088922,791667981,1,-105.35130310058594,110.75569915771484,-77.93309020996094,,,,,,,,,,2326856,19381
1786088922,791667981,,,,,5,-1497.2222900390625,1030.4559326171875,-792.3319702148438,-0.0003409725031815469,-0.07653854042291641,-0.07636362314224243,0.9941380023956299,1,2326856,19381
1786088922,798916696,1,-106.4622802734375,110.23287200927734,-77.11155700683594,,,,,,,,,,2326857,19381
1786088922,798916696,,,,,5,-1497.201171875,1030.4739990234375,-792.3312377929688,-0.00038963014958426356,-0.07665988802909851,-0.07666068524122238,0.9941057562828064,1,2326857,19381
1786088922,808035111,1,-108.12922668457031,110.73892211914062,-76.28104400634766,,,,,,,,,,2326858,19381
1786088922,808035111,,,,,5,-1497.1951904296875,1030.4486083984375,-792.314453125,-0.0004843809292651713,-0.07644501328468323,-0.07631279528141022,0.9941490888595581,1,2326858,19381
1786088922,816858928,1,-109.39997100830078,111.52779388427734,-75.66256713867188,,,,,,,,,,2326859,19381
1786088922,816858928,,,,,5,-1497.23681640625,1030.452880859375,-792.3236694335938,-0.0004372125549707562,-0.07653412222862244,-0.07625532150268555,0.9941466450691223,1,2326859,19381
1786088922,825241905,1,-110.52644348144531,111.86612701416016,-74.75411987304688,,,,,,,,,,2326860,19381
1786088922,825241905,,,,,5,-1497.2225341796875,1030.4576416015625,-792.3232421875,-0.000311119802063331,-0.07652930170297623,-0.07633550465106964,0.9941408634185791,1,2326860,19381
1786088922,833277739,1,-111.84750366210938,111.98493194580078,-74.0223388671875,,,,,,,,,,2326861,19381
1786088922,833277739,,,,,5,-1497.2176513671875,1030.4364013671875,-792.3229370117188,-0.0004021585627924651,-0.07653417438268661,-0.07614647597074509,0.9941549897193909,1,2326861,19381
1786088922,841207011,1,-112.97834777832031,111.09860229492188,-73.3198471069336,,,,,,,,,,2326862,19381
1786088922,841207011,,,,,5,-1497.2303466796875,1030.4429931640625,-792.3096923828125,0.00018196880409959704,-0.07651187479496002,-0.07719583064317703,0.9940757751464844,1,2326862,19381
1786088922,849963563,1,-114.93492889404297,110.7093734741211,-72.18870544433594,,,,,,,,,,2326863,19381
1786088922,849963563,,,,,5,-1497.224853515625,1030.441650390625,-792.3082885742188,-0.0005166573100723326,-0.07656745612621307,-0.07621166855096817,0.9941473007202148,1,2326863,19381
1786088922,858170537,1,-116.01609802246094,111.71147918701172,-71.97698211669922,,,,,,,,,,2326864,19381
1786088922,858170537,,,,,5,-1497.2425537109375,1030.4365234375,-792.3226928710938,-0.00018630469276104122,-0.07645941525697708,-0.07610105723142624,0.9941642880439758,1,2326864,19381
1786088922,866018783,1,-117.24734497070312,111.65599822998047,-70.92425537109375,,,,,,,,,,2326865,19381
1786088922,866018783,,,,,5,-1497.2293701171875,1030.462890625,-792.3143310546875,-0.00012289408186916262,-0.076390840113163,-0.07702691853046417,0.9940982460975647,1,2326865,19381
1786088922,875053325,1,-120.68881225585938,111.18598175048828,-69.5489501953125,,,,,,,,,,2326866,19381
1786088922,875053325,,,,,5,-1497.2376708984375,1030.4422607421875,-792.3264770507812,-3.2093332265503705e-05,-0.07647302001714706,-0.07716142386198044,0.994081437587738,1,2326866,19381
1786088922,883183880,1,-119.47163391113281,112.65856170654297,-69.26063537597656,,,,,,,,,,2326867,19381
1786088922,883183880,,,,,5,-1497.2261962890625,1030.4208984375,-792.3237915039062,0.0002253793936688453,-0.07632952183485031,-0.0775952860713005,0.9940586686134338,1,2326867,19381
1786088922,890813467,1,-121.74736785888672,111.9604263305664,-68.59616088867188,,,,,,,,,,2326868,19381
1786088922,890813467,,,,,5,-1497.301513671875,1030.4622802734375,-792.349853515625,0.00048745053936727345,-0.07549085468053818,-0.07704965770244598,0.9941650032997131,1,2326868,19381
1786088922,899951082,1,-122.72146606445312,111.46591186523438,-68.13452911376953,,,,,,,,,,2326869,19381
1786088922,899951082,,,,,5,-1497.208740234375,1030.430419921875,-792.3056640625,-0.00016711199714336544,-0.07662252336740494,-0.07650063931941986,0.9941210150718689,1,2326869,19381
1786088922,908300426,1,-123.0845718383789,111.92227172851562,-66.42863464355469,,,,,,,,,,2326870,19381
1786088922,908300426,,,,,5,-1497.2288818359375,1030.436767578125,-792.2977905273438,6.677820056211203e-05,-0.07658331841230392,-0.07699228823184967,0.9940860867500305,1,2326870,19381
1786088922,915670200,1,-125.35521697998047,112.0645751953125,-67.13385772705078,,,,,,,,,,2326871,19381
1786088922,915670200,,,,,5,-1497.1865234375,1030.43212890625,-792.2958374023438,-0.0003784616419579834,-0.07679922133684158,-0.07598596811294556,0.9941467046737671,1,2326871,19381
1786088922,924940617,1,-125.69139099121094,112.0320816040039,-65.06452178955078,,,,,,,,,,2326872,19381
1786088922,924940617,,,,,5,-1497.2171630859375,1030.4271240234375,-792.2992553710938,0.0002287512324983254,-0.0765049085021019,-0.0773153230547905,0.9940670132637024,1,2326872,19381
1786088922,933287337,1,-125.44526672363281,113.08821868896484,-63.67499542236328,,,,,,,,,,2326873,19381
1786088922,933287337,,,,,5,-1497.208984375,1030.4344482421875,-792.299072265625,-0.000398631818825379,-0.07677657902240753,-0.07627708464860916,0.9941262006759644,1,2326873,19381
1786088922,940761241,1,-128.84835815429688,112.32819366455078,-64.92670440673828,,,,,,,,,,2326874,19381
1786088922,940761241,,,,,5,-1497.2103271484375,1030.4283447265625,-792.3068237304688,-0.0005928308819420636,-0.07677051424980164,-0.0757644772529602,0.9941657185554504,1,2326874,19381
1786088922,950003306,1,-130.3215789794922,112.28697967529297,-64.44993591308594,,,,,,,,,,2326875,19381
1786088922,950003306,,,,,5,-1497.2056884765625,1030.435546875,-792.3102416992188,-0.000173383581568487,-0.0766640231013298,-0.0772053673863411,0.9940633773803711,1,2326875,19381
1786088922,957974243,1,-129.8594207763672,112.99191284179688,-62.399810791015625,,,,,,,,,,2326876,19381
1786088922,957974243,,,,,5,-1497.2235107421875,1030.4534912109375,-792.2954711914062,-3.841605212073773e-05,-0.07663612812757492,-0.07693329453468323,0.9940866231918335,1,2326876,19381
1786088922,966759051,1,-132.9756622314453,112.44572448730469,-63.028804779052734,,,,,,,,,,2326877,19381
1786088922,966759051,,,,,5,-1497.2039794921875,1030.416015625,-792.294189453125,-0.00014423290849663317,-0.07663457095623016,-0.07644135504961014,0.9941246509552002,1,2326877,19381
1786088922,974975561,1,-133.86216735839844,112.47137451171875,-61.791175842285156,,,,,,,,,,2326878,19381
1786088922,974975561,,,,,5,-1497.1912841796875,1030.43017578125,-792.279296875,-1.3826734175381716e-05,-0.07664815336465836,-0.07652788609266281,0.9941169023513794,1,2326878,19381
1786088922,982704445,1,-141.21578979492188,108.505859375,-62.92123031616211,,,,,,,,,,2326879,19381
1786088922,982704445,,,,,5,-1497.2044677734375,1030.422607421875,-792.3202514648438,-0.00046863252646289766,-0.07684125751256943,-0.07589959353208542,0.9941501617431641,1,2326879,19381
1786088922,991662537,1,-140.1221466064453,109.99195861816406,-61.65713119506836,,,,,,,,,,2326880,19382
1786088922,991662537,,,,,5,-1497.223876953125,1030.4608154296875,-792.3003540039062,-0.0001353044790448621,-0.07650016248226166,-0.0771101638674736,0.9940833449363708,1,2326880,19382
1786088922,999801765,1,-141.77880859375,108.62710571289062,-58.794837951660156,,,,,,,,,,2326881,19382
1786088922,999801765,,,,,5,-1497.1824951171875,1030.4383544921875,-792.2750854492188,-0.0004913734155707061,-0.07669071108102798,-0.07587067782878876,0.9941638708114624,1,2326881,19382
1786088923,8362249,1,-139.54165649414062,111.81060028076172,-59.65789794921875,,,,,,,,,,2326882,19382
1786088923,8362249,,,,,5,-1497.1815185546875,1030.4227294921875,-792.3021850585938,-0.0005452664336189628,-0.07688345015048981,-0.075669065117836,0.9941644072532654,1,2326882,19382
1786088923,16561895,1,-140.98095703125,111.76677703857422,-59.02043914794922,,,,,,,,,,2326883,19382
1786088923,16561895,,,,,5,-1497.1978759765625,1030.5089111328125,-792.3576049804688,-0.0006601764471270144,-0.07675406336784363,-0.07539496570825577,0.9941951036453247,1,2326883,19382
1786088923,24810245,1,-141.51039123535156,112.96798706054688,-59.05931091308594,,,,,,,,,,2326884,19382
1786088923,24810245,,,,,5,-1497.1912841796875,1030.4398193359375,-792.3292846679688,-0.0005321469507180154,-0.07681229710578918,-0.07595563679933548,0.9941480755805969,1,2326884,19382
1786088923,33464587,1,-142.11314392089844,112.53331756591797,-56.6875114440918,,,,,,,,,,2326885,19382
1786088923,33464587,,,,,5,-1497.198486328125,1030.4505615234375,-792.3170166015625,-0.000291676027700305,-0.0766739621758461,-0.07642105221748352,0.9941232204437256,1,2326885,19382
1786088923,41870540,1,-145.54969787597656,112.01377868652344,-56.935821533203125,,,,,,,,,,2326886,19382
1786088923,41870540,,,,,5,-1497.1951904296875,1030.419677734375,-792.3048095703125,-0.0007810231763869524,-0.07677654176950455,-0.07547292113304138,0.9941874742507935,1,2326886,19382
1786088923,49691298,1,-145.3042449951172,112.77509307861328,-56.41408157348633,,,,,,,,,,2326887,19382
1786088923,49691298,,,,,5,-1497.1920166015625,1030.427001953125,-792.3004760742188,-0.0005483299610204995,-0.07664524763822556,-0.07575014978647232,0.9941766262054443,1,2326887,19382
1786088923,58626221,1,-147.62364196777344,112.26969909667969,-55.68075942993164,,,,,,,,,,2326888,19382
1786088923,58626221,,,,,5,-1497.2020263671875,1030.4320068359375,-792.3179321289062,-0.0004992701578885317,-0.07677668333053589,-0.07601871341466904,0.9941459894180298,1,2326888,19382
1786088923,66618055,1,-147.86912536621094,113.11742401123047,-55.09318542480469,,,,,,,,,,2326889,19382
1786088923,66618055,,,,,5,-1497.2021484375,1030.449462890625,-792.3046264648438,-0.00018485459440853447,-0.07663187384605408,-0.07679788768291473,0.9940972924232483,1,2326889,19382
1786088923,75090857,1,-149.26522827148438,112.4599609375,-54.77412796020508,,,,,,,,,,2326890,19382
1786088923,75090857,,,,,5,-1497.1990966796875,1030.4375,-792.3041381835938,-0.00046830816427245736,-0.07674551010131836,-0.07590396702289581,0.9941571354866028,1,2326890,19382
1786088923,82414742,1,-149.822021484375,112.4162826538086,-54.17156219482422,,,,,,,,,,2326891,19382
1786088923,82414742,,,,,5,-1497.19921875,1030.4188232421875,-792.3065795898438,-0.0006622585351578891,-0.07677170634269714,-0.07562507688999176,0.9941762685775757,1,2326891,19382
1786088923,91533988,1,-151.13247680664062,113.02362060546875,-53.39931106567383,,,,,,,,,,2326892,19382
1786088923,91533988,,,,,5,-1497.2275390625,1030.4398193359375,-792.3355102539062,-0.0002584303147159517,-0.07651077955961227,-0.07703638821840286,0.9940882921218872,1,2326892,19382
1786088923,102140784,1,-151.5748748779297,113.26531219482422,-53.12035369873047,,,,,,,,,,2326893,19382
1786088923,102140784,,,,,5,-1497.2249755859375,1030.455322265625,-792.2948608398438,-0.00023991195484995842,-0.07669460028409958,-0.07665764540433884,0.9941033124923706,1,2326893,19382
1786088923,108331911,1,-153.15513610839844,112.63317108154297,-52.09917449951172,,,,,,,,,,2326894,19382
1786088923,108331911,,,,,5,-1497.20947265625,1030.461669921875,-792.3248291015625,-0.00028717247187159956,-0.07687253504991531,-0.07631415128707886,0.9941160082817078,1,2326894,19382
1786088923,116401089,1,-155.75343322753906,110.66546630859375,-50.401981353759766,,,,,,,,,,2326895,19382
1786088923,116401089,,,,,5,-1497.16162109375,1030.491943359375,-792.2365112304688,0.00011573569645406678,-0.07675778120756149,-0.07737205177545547,0.9940431118011475,1,2326895,19382
1786088923,125234827,1,-155.5919952392578,110.68560791015625,-48.9199104309082,,,,,,,,,,2326896,19382
1786088923,125234827,,,,,5,-1497.2015380859375,1030.4970703125,-792.2146606445312,7.524430111516267e-05,-0.07656645029783249,-0.07782731205224991,0.9940223693847656,1,2326896,19382
1786088923,133258789,1,-156.7511444091797,112.363037109375,-49.66891098022461,,,,,,,,,,2326897,19382
1786088923,133258789,,,,,5,-1497.2132568359375,1030.481689453125,-792.29833984375,-0.0003087272052653134,-0.07679228484630585,-0.07589641213417053,0.9941542148590088,1,2326897,19382
1786088923,141520227,1,-157.0960235595703,113.31627655029297,-49.125240325927734,,,,,,,,,,2326898,19382
1786088923,141520227,,,,,5,-1497.2005615234375,1030.48388671875,-792.2574462890625,-0.0001965390401892364,-0.07664983719587326,-0.07615157961845398,0.9941457509994507,1,2326898,19382
1786088923,150135400,1,-157.8204803466797,112.46798706054688,-47.916038513183594,,,,,,,,,,2326899,19382
1786088923,150135400,,,,,5,-1497.2374267578125,1030.489013671875,-792.2936401367188,-0.0001132909455918707,-0.07656514644622803,-0.07653932273387909,0.9941224455833435,1,2326899,19382
1786088923,158341286,1,-160.1251983642578,112.77493286132812,-47.76911544799805,,,,,,,,,,2326900,19382
1786088923,158341286,,,,,5,-1497.2032470703125,1030.4700927734375,-792.2819213867188,-0.00036925211315974593,-0.07679552584886551,-0.0759306475520134,0.99415123462677,1,2326900,19382
1786088923,166205117,1,-161.28395080566406,112.45143127441406,-46.82579040527344,,,,,,,,,,2326901,19382
1786088923,166205117,,,,,5,-1497.1971435546875,1030.5064697265625,-792.253173828125,2.864292764570564e-05,-0.07670461386442184,-0.07675569504499435,0.9940950274467468,1,2326901,19382
1786088923,175096743,1,-161.02587890625,113.24087524414062,-45.78833770751953,,,,,,,,,,2326902,19382
1786088923,175096743,,,,,5,-1497.2095947265625,1030.470947265625,-792.2667846679688,-0.00019918727048207074,-0.07677885890007019,-0.0762731283903122,0.9941264986991882,1,2326902,19382
1786088923,183275876,1,-163.1610107421875,112.98165893554688,-45.67938232421875,,,,,,,,,,2326903,19382
1786088923,183275876,,,,,5,-1497.1851806640625,1030.4896240234375,-792.2570190429688,-0.00021094494150020182,-0.07675718516111374,-0.07611119002103806,0.9941405653953552,1,2326903,19382
1786088923,190894038,1,-163.30580139160156,112.95919036865234,-44.93832015991211,,,,,,,,,,2326904,19382
1786088923,190894038,,,,,5,-1497.21630859375,1030.4783935546875,-792.2836303710938,-0.00040693674236536026,-0.0767582505941391,-0.07584664970636368,0.9941605925559998,1,2326904,19382
1786088923,200032293,1,-164.1382598876953,113.24555206298828,-43.9253044128418,,,,,,,,,,2326905,19382
1786088923,200032293,,,,,5,-1497.1943359375,1030.472900390625,-792.2774047851562,-0.0004492865991778672,-0.07686569541692734,-0.07609782367944717,0.9941329956054688,1,2326905,19382
1786088923,208533352,1,-165.16824340820312,113.9444808959961,-43.28014373779297,,,,,,,,,,2326906,19382
1786088923,208533352,,,,,5,-1497.205322265625,1030.4581298828125,-792.2615966796875,-0.00047201025881804526,-0.07685134559869766,-0.07567129284143448,0.9941667318344116,1,2326906,19382
1786088923,215739443,1,-166.5730438232422,113.43356323242188,-42.66939163208008,,,,,,,,,,2326907,19382
1786088923,215739443,,,,,5,-1497.2239990234375,1030.437255859375,-792.3119506835938,-0.0002681155747268349,-0.07660317420959473,-0.07640223950147629,0.9941299557685852,1,2326907,19382
1786088923,225177000,1,-167.3936767578125,113.67459106445312,-42.25699234008789,,,,,,,,,,2326908,19382
1786088923,225177000,,,,,5,-1497.2127685546875,1030.4849853515625,-792.2438354492188,-0.0005211003590375185,-0.07666419446468353,-0.07464239746332169,0.9942589998245239,1,2326908,19382
1786088923,233195393,1,-168.79779052734375,113.47042846679688,-41.25809097290039,,,,,,,,,,2326909,19382
1786088923,233195393,,,,,5,-1497.17431640625,1030.410888671875,-792.2991943359375,-0.00046145444503054023,-0.07673845440149307,-0.07656235247850418,0.9941073656082153,1,2326909,19382
1786088923,241324317,1,-169.98326110839844,113.77372741699219,-40.42380142211914,,,,,,,,,,2326910,19382
1786088923,241324317,,,,,5,-1497.1998291015625,1030.4755859375,-792.2680053710938,-0.0004207043384667486,-0.07681766897439957,-0.07573643326759338,0.9941643476486206,1,2326910,19382
1786088923,249559803,1,-172.64157104492188,111.76226043701172,-40.71504592895508,,,,,,,,,,2326911,19382
1786088923,249559803,,,,,5,-1497.196533203125,1030.443115234375,-792.2745971679688,-0.0004939851351082325,-0.07691741734743118,-0.07575106620788574,0.9941554665565491,1,2326911,19382
1786088923,258313955,1,-172.0255126953125,114.0824203491211,-39.088687896728516,,,,,,,,,,2326912,19382
1786088923,258313955,,,,,5,-1497.2093505859375,1030.4515380859375,-792.3016967773438,-0.0002359998325118795,-0.07678870856761932,-0.07641773670911789,0.9941145181655884,1,2326912,19382
1786088923,265656016,1,-172.225341796875,114.194580078125,-39.30799102783203,,,,,,,,,,2326913,19382
1786088923,265656016,,,,,5,-1497.2274169921875,1030.4677734375,-792.3041381835938,-0.0006605179514735937,-0.07666682451963425,-0.0758042186498642,0.9941707253456116,1,2326913,19382
1786088923,276999274,1,-173.46717834472656,113.76644134521484,-38.53510284423828,,,,,,,,,,2326914,19382
1786088923,276999274,,,,,5,-1497.2216796875,1030.4588623046875,-792.2919921875,-0.0005696658045053482,-0.07643712311983109,-0.07542317360639572,0.9942175149917603,1,2326914,19382
1786088923,283083742,1,-176.31996154785156,111.79339599609375,-38.0666389465332,,,,,,,,,,2326915,19382
1786088923,283083742,,,,,5,-1497.1895751953125,1030.4459228515625,-792.2938842773438,-0.00046644581016153097,-0.07672218233346939,-0.07648150622844696,0.9941146373748779,1,2326915,19382
1786088923,291766309,1,-175.57244873046875,113.51319885253906,-37.22384262084961,,,,,,,,,,2326916,19382
1786088923,291766309,,,,,5,-1497.1953125,1030.4827880859375,-792.2904052734375,-0.00044612452620640397,-0.0767378881573677,-0.07578738778829575,0.9941666722297668,1,2326916,19382
1786088923,300315049,1,-176.34542846679688,113.68354034423828,-36.5266227722168,,,,,,,,,,2326917,19382
1786088923,300315049,,,,,5,-1497.2139892578125,1030.4803466796875,-792.2796630859375,-0.0005448284209705889,-0.0766570195555687,-0.0758235827088356,0.9941700100898743,1,2326917,19382
1786088923,307835353,1,-177.5271759033203,113.68012237548828,-36.05039596557617,,,,,,,,,,2326918,19382
1786088923,307835353,,,,,5,-1497.2042236328125,1030.4803466796875,-792.2615966796875,-0.00013307720655575395,-0.07677746564149857,-0.07691359519958496,0.994077205657959,1,2326918,19382
1786088923,316708611,1,-177.9800262451172,114.1165771484375,-35.73987579345703,,,,,,,,,,2326919,19382
1786088923,316708611,,,,,5,-1497.161376953125,1030.478515625,-792.248779296875,-0.00021243919036351144,-0.07665838301181793,-0.07595399022102356,0.9941601753234863,1,2326919,19382
1786088923,325102628,1,-179.13291931152344,113.7548599243164,-34.90178680419922,,,,,,,,,,2326920,19382
1786088923,325102628,,,,,5,-1497.1817626953125,1030.4718017578125,-792.27685546875,-0.0003202581137884408,-0.07690179347991943,-0.07616791874170303,0.9941249489784241,1,2326920,19382
1786088923,332639029,1,-179.94204711914062,113.7789077758789,-34.21699523925781,,,,,,,,,,2326921,19382
1786088923,332639029,,,,,5,-1497.173828125,1030.4425048828125,-792.2452392578125,-1.611695552128367e-05,-0.0765707939863205,-0.07726847380399704,0.9940655827522278,1,2326921,19382
1786088923,341521919,1,-180.71282958984375,113.49776458740234,-33.35360336303711,,,,,,,,,,2326922,19382
1786088923,341521919,,,,,5,-1497.1903076171875,1030.457275390625,-792.2979736328125,-0.0005043839337304235,-0.07676100730895996,-0.07566536217927933,0.9941741228103638,1,2326922,19382
1786088923,350646894,1,-181.7438201904297,113.7721939086914,-32.977230072021484,,,,,,,,,,2326923,19382
1786088923,350646894,,,,,5,-1497.1649169921875,1030.4676513671875,-792.2508544921875,-0.00032181089045479894,-0.07673943042755127,-0.07603880017995834,0.9941474199295044,1,2326923,19382
1786088923,358599047,1,-182.4576873779297,114.16867065429688,-32.400474548339844,,,,,,,,,,2326924,19382
1786088923,358599047,,,,,5,-1497.1920166015625,1030.4271240234375,-792.2860717773438,9.97226670733653e-05,-0.07659289240837097,-0.07685193419456482,0.9940962791442871,1,2326924,19382
1786088923,366718402,1,-183.18946838378906,114.27079772949219,-31.823204040527344,,,,,,,,,,2326925,19382
1786088923,366718402,,,,,5,-1497.2171630859375,1030.461181640625,-792.29052734375,-0.0001713981619104743,-0.07658107578754425,-0.07688829302787781,0.9940943121910095,1,2326925,19382
1786088923,374869311,1,-184.320556640625,114.0091552734375,-31.583646774291992,,,,,,,,,,2326926,19382
1786088923,374869311,,,,,5,-1497.2078857421875,1030.4378662109375,-792.2870483398438,-0.0004986047279089689,-0.07674349099397659,-0.07570187747478485,0.9941727519035339,1,2326926,19382
1786088923,382309901,1,-184.64718627929688,113.6947250366211,-30.279699325561523,,,,,,,,,,2326927,19382
1786088923,382309901,,,,,5,-1497.1903076171875,1030.4437255859375,-792.2764282226562,-0.0002888866583816707,-0.07676650583744049,-0.07644230127334595,0.994114339351654,1,2326927,19382
1786088923,391504254,1,-186.6598358154297,112.7433853149414,-29.70693588256836,,,,,,,,,,2326928,19382
1786088923,391504254,,,,,5,-1497.216796875,1030.4801025390625,-792.300048828125,-0.00029942160472273827,-0.07668114453554153,-0.07626540213823318,0.9941346049308777,1,2326928,19382
1786088923,400255877,1,-186.08303833007812,114.55786895751953,-29.795703887939453,,,,,,,,,,2326929,19382
1786088923,400255877,,,,,5,-1497.1868896484375,1030.48046875,-792.2620849609375,-0.0002717366151046008,-0.07693563401699066,-0.07619116455316544,0.9941205978393555,1,2326929,19382
1786088923,408421154,1,-186.44349670410156,114.2168197631836,-28.609373092651367,,,,,,,,,,2326930,19382
1786088923,408421154,,,,,5,-1497.1888427734375,1030.4622802734375,-792.2682495117188,-0.00012922121095471084,-0.07680851221084595,-0.07659540325403214,0.9940993189811707,1,2326930,19382
1786088923,416861956,1,-187.1181182861328,114.22622680664062,-27.96878433227539,,,,,,,,,,2326931,19382
1786088923,416861956,,,,,5,-1497.189697265625,1030.463134765625,-792.2743530273438,-0.0005675962893292308,-0.07668647915124893,-0.07557867467403412,0.9941864609718323,1,2326931,19382
1786088923,425314854,1,-188.16781616210938,114.00829315185547,-27.0321102142334,,,,,,,,,,2326932,19382
1786088923,425314854,,,,,5,-1497.19873046875,1030.4244384765625,-792.2761840820312,-0.000518650864250958,-0.07670170813798904,-0.07507237792015076,0.9942235946655273,1,2326932,19382
1786088923,434150320,1,-189.29444885253906,113.78250885009766,-26.501848220825195,,,,,,,,,,2326933,19382
1786088923,434150320,,,,,5,-1497.2056884765625,1030.4425048828125,-792.2763061523438,0.000299368635751307,-0.07656565308570862,-0.07761519402265549,0.994038999080658,1,2326933,19382
1786088923,441675872,1,-189.80282592773438,114.03012084960938,-26.01325035095215,,,,,,,,,,2326934,19382
1786088923,441675872,,,,,5,-1497.203857421875,1030.4422607421875,-792.2914428710938,0.0002608420036267489,-0.07647065073251724,-0.07700499892234802,0.9940937161445618,1,2326934,19382
1786088923,449312338,1,-189.84646606445312,114.39700317382812,-25.443742752075195,,,,,,,,,,2326935,19382
1786088923,449312338,,,,,5,-1497.186767578125,1030.46875,-792.2911376953125,2.1822270355187356e-06,-0.07670969516038895,-0.0770936831831932,0.994068443775177,1,2326935,19382
1786088923,458158716,1,-191.26768493652344,112.45053100585938,-23.09488868713379,,,,,,,,,,2326936,19382
1786088923,458158716,,,,,5,-1497.18359375,1030.460205078125,-792.27099609375,-0.00024988618679344654,-0.07688234001398087,-0.07668017596006393,0.9940871000289917,1,2326936,19382
1786088923,467018470,1,-191.7554931640625,114.19377136230469,-23.593149185180664,,,,,,,,,,2326937,19382
1786088923,467018470,,,,,5,-1497.2193603515625,1030.49853515625,-792.3048095703125,-4.885055750492029e-05,-0.07669726759195328,-0.07673874497413635,0.9940968751907349,1,2326937,19382
1786088923,475259812,1,-191.7351837158203,112.90054321289062,-22.16005516052246,,,,,,,,,,2326938,19382
1786088923,475259812,,,,,5,-1497.2083740234375,1030.48486328125,-792.2823486328125,-0.0002814368053805083,-0.0767325833439827,-0.07593172788619995,0.9941561222076416,1,2326938,19382
1786088923,483423969,1,-192.10226440429688,113.99855041503906,-22.069562911987305,,,,,,,,,,2326939,19382
1786088923,483423969,,,,,5,-1497.2049560546875,1030.4627685546875,-792.300537109375,-0.000277395942248404,-0.07682811468839645,-0.07597797363996506,0.9941452145576477,1,2326939,19382
1786088923,491345592,1,-193.4258575439453,113.08692169189453,-20.25791358947754,,,,,,,,,,2326940,19382
1786088923,491345592,,,,,5,-1497.2142333984375,1030.508544921875,-792.3338012695312,-0.0008314145961776376,-0.0766952633857727,-0.07457633316516876,0.9942612648010254,1,2326940,19382
1786088923,500107105,1,-193.9814453125,113.04436492919922,-19.671977996826172,,,,,,,,,,2326941,19382
1786088923,500107105,,,,,5,-1497.1832275390625,1030.4617919921875,-792.2496948242188,-0.00013279147970024496,-0.07692046463489532,-0.07647585868835449,0.9940997958183289,1,2326941,19382
1786088923,508247645,1,-194.7962646484375,112.8541259765625,-19.46826171875,,,,,,,,,,2326942,19382
1786088923,508247645,,,,,5,-1497.1827392578125,1030.4718017578125,-792.2735595703125,-0.00023832979786675423,-0.07689330726861954,-0.07632934302091599,0.9941133260726929,1,2326942,19382
1786088923,516960324,1,-195.8096160888672,113.4539794921875,-18.862987518310547,,,,,,,,,,2326943,19382
1786088923,516960324,,,,,5,-1497.1396484375,1030.4561767578125,-792.2328491210938,-0.0009183022193610668,-0.07757110893726349,-0.07496605068445206,0.9941638708114624,1,2326943,19382
1786088923,525315588,1,-195.68580627441406,112.9181137084961,-18.002426147460938,,,,,,,,,,2326944,19382
1786088923,525315588,,,,,5,-1497.1807861328125,1030.4620361328125,-792.2243041992188,-0.00035052362363785505,-0.07707984000444412,-0.07583644241094589,0.9941364526748657,1,2326944,19382
1786088923,533344318,1,-196.24583435058594,113.81455993652344,-17.603384017944336,,,,,,,,,,2326945,19382
1786088923,533344318,,,,,5,-1497.176513671875,1030.475830078125,-792.25732421875,-0.0002633024414535612,-0.0770895853638649,-0.07607458531856537,0.9941174983978271,1,2326945,19382
1786088923,541733279,1,-197.49119567871094,111.1040267944336,-15.735876083374023,,,,,,,,,,2326946,19382
1786088923,541733279,,,,,5,-1497.2041015625,1030.4482421875,-792.2698364257812,-1.1086161066486966e-05,-0.07684116065502167,-0.07621847838163376,0.9941257834434509,1,2326946,19382
1786088923,550199713,1,-199.22584533691406,110.58020782470703,-14.81889820098877,,,,,,,,,,2326947,19382
1786088923,550199713,,,,,5,-1497.1658935546875,1030.432861328125,-792.2511596679688,-0.0005112285143695772,-0.07710901647806168,-0.0754898190498352,0.9941604733467102,1,2326947,19382
1786088923,558430431,1,-199.51722717285156,110.69554901123047,-13.943897247314453,,,,,,,,,,2326948,19382
1786088923,558430431,,,,,5,-1497.1907958984375,1030.49267578125,-792.2190551757812,-0.0005142200388945639,-0.07721776515245438,-0.07496125996112823,0.9941920638084412,1,2326948,19382
1786088923,565759692,1,-199.50506591796875,111.58494567871094,-13.933476448059082,,,,,,,,,,2326949,19382
1786088923,565759692,,,,,5,-1497.16552734375,1030.4776611328125,-792.2399291992188,-0.0005185057525523007,-0.07705854624509811,-0.07544277608394623,0.9941681027412415,1,2326949,19382
1786088923,575287298,1,-199.385986328125,112.82923126220703,-13.639899253845215,,,,,,,,,,2326950,19382
1786088923,575287298,,,,,5,-1497.1790771484375,1030.454833984375,-792.2626953125,-0.0005081775598227978,-0.0769406408071518,-0.07595474272966385,0.9941381812095642,1,2326950,19382
1786088923,583300412,1,-199.76698303222656,111.83081817626953,-12.863924026489258,,,,,,,,,,2326951,19382
1786088923,583300412,,,,,5,-1497.168212890625,1030.4443359375,-792.2675170898438,-0.0004424474900588393,-0.0770668089389801,-0.07593855261802673,0.9941295981407166,1,2326951,19382
1786088923,590868493,1,-200.2636260986328,112.693359375,-12.822893142700195,,,,,,,,,,2326952,19382
1786088923,590868493,,,,,5,-1497.1839599609375,1030.4578857421875,-792.24267578125,-0.00017629571084398776,-0.07680462300777435,-0.0767088457942009,0.9940909147262573,1,2326952,19382
1786088923,600003836,1,-201.68862915039062,111.38986206054688,-12.020224571228027,,,,,,,,,,2326953,19382
1786088923,600003836,,,,,5,-1497.19287109375,1030.45458984375,-792.2567749023438,-0.0006389065529219806,-0.07705818116664886,-0.0751742422580719,0.9941883087158203,1,2326953,19382
1786088923,608030998,1,-201.86697387695312,111.65741729736328,-11.545021057128906,,,,,,,,,,2326954,19382
1786088923,608030998,,,,,5,-1497.1990966796875,1030.4674072265625,-792.2498779296875,-0.0005397545173764229,-0.07699748873710632,-0.07547164708375931,0.9941705465316772,1,2326954,19382
1786088923,616745214,1,-202.17312622070312,111.7320327758789,-11.274972915649414,,,,,,,,,,2326955,19382
1786088923,616745214,,,,,5,-1497.195556640625,1030.4554443359375,-792.2504272460938,-0.0005929568433202803,-0.07689934968948364,-0.07500697672367096,0.9942132830619812,1,2326955,19382
1786088923,625074781,1,-201.9412078857422,112.05596923828125,-10.976616859436035,,,,,,,,,,2326956,19382
1786088923,625074781,,,,,5,-1497.1812744140625,1030.432861328125,-792.2587280273438,-0.0007947747362777591,-0.07698391377925873,-0.0745503380894661,0.994240939617157,1,2326956,19382
1786088923,632821842,1,-202.53392028808594,112.1212158203125,-10.603534698486328,,,,,,,,,,2326957,19382
1786088923,632821842,,,,,5,-1497.1619873046875,1030.4453125,-792.2620849609375,-0.00039575627306476235,-0.07707206159830093,-0.07600293308496475,0.9941242933273315,1,2326957,19382
1786088923,641592538,1,-202.29815673828125,113.18798828125,-10.48233699798584,,,,,,,,,,2326958,19382
1786088923,641592538,,,,,5,-1497.1881103515625,1030.459228515625,-792.2542724609375,-0.0003283022961113602,-0.07693210989236832,-0.07575075328350067,0.9941543936729431,1,2326958,19382
1786088923,650823115,1,-202.97193908691406,112.68868255615234,-10.225312232971191,,,,,,,,,,2326959,19382
1786088923,650823115,,,,,5,-1497.1787109375,1030.4276123046875,-792.2451782226562,-0.0004567243158817291,-0.07682478427886963,-0.07600711286067963,0.9941430687904358,1,2326959,19382
1786088923,657697455,1,-203.03236389160156,112.77459716796875,-9.957733154296875,,,,,,,,,,2326960,19382
1786088923,657697455,,,,,5,-1497.172119140625,1030.43505859375,-792.2653198242188,-0.0007428686367347836,-0.07717015594244003,-0.07485537230968475,0.9942036867141724,1,2326960,19382
1786088923,666666875,1,-203.4741668701172,112.98382568359375,-9.79144287109375,,,,,,,,,,2326961,19382
1786088923,666666875,,,,,5,-1497.1962890625,1030.4803466796875,-792.2699584960938,-0.0004343462351243943,-0.07701345533132553,-0.07539080828428268,0.994175374507904,1,2326961,19382
1786088923,675005115,1,-203.75460815429688,113.30329895019531,-9.884635925292969,,,,,,,,,,2326962,19382
1786088923,675005115,,,,,5,-1497.1728515625,1030.4705810546875,-792.2496337890625,-0.0004683836887124926,-0.07708001881837845,-0.07571776211261749,0.994145393371582,1,2326962,19382
1786088923,682470890,1,-203.90553283691406,113.32842254638672,-9.718695640563965,,,,,,,,,,2326963,19382
1786088923,682470890,,,,,5,-1497.1868896484375,1030.4630126953125,-792.2763671875,-0.0005919807008467615,-0.0770530179142952,-0.07506269961595535,0.9941972494125366,1,2326963,19382
1786088923,691507511,1,-204.10633850097656,112.72346496582031,-9.530463218688965,,,,,,,,,,2326964,19382
1786088923,691507511,,,,,5,-1497.1844482421875,1030.46435546875,-792.2734375,-0.0005619958974421024,-0.07712538540363312,-0.07519889622926712,0.9941812753677368,1,2326964,19382
1786088923,700405634,1,-204.34495544433594,112.8666000366211,-9.584094047546387,,,,,,,,,,2326965,19382
1786088923,700405634,,,,,5,-1497.1824951171875,1030.4730224609375,-792.26513671875,-0.0005144032184034586,-0.07697035372257233,-0.07534182816743851,0.9941824674606323,1,2326965,19382
1786088923,708523582,1,-204.93568420410156,112.14961242675781,-9.458195686340332,,,,,,,,,,2326966,19382
1786088923,708523582,,,,,5,-1497.19091796875,1030.5098876953125,-792.2593383789062,-0.00011385403922758996,-0.07694482058286667,-0.07635138928890228,0.9941075444221497,1,2326966,19382
1786088923,716764284,1,-204.46180725097656,114.29167175292969,-10.408568382263184,,,,,,,,,,2326967,19382
1786088923,716764284,,,,,5,-1497.1806640625,1030.465576171875,-792.2647094726562,-0.0005624935729429126,-0.07705280929803848,-0.07531270384788513,0.9941782355308533,1,2326967,19382
1786088923,724953849,1,-204.75062561035156,114.32209014892578,-10.496917724609375,,,,,,,,,,2326968,19382
1786088923,724953849,,,,,5,-1497.1824951171875,1030.470458984375,-792.2539672851562,-0.00031988584669306874,-0.07708899676799774,-0.07602185010910034,0.9941216111183167,1,2326968,19382
1786088923,732288454,1,-204.87704467773438,114.61323547363281,-10.624815940856934,,,,,,,,,,2326969,19382
1786088923,732288454,,,,,5,-1497.18603515625,1030.4625244140625,-792.2620849609375,-0.0004514159809332341,-0.07685662806034088,-0.07511013746261597,0.9942089319229126,1,2326969,19382
1786088923,741632153,1,-205.12167358398438,114.5953369140625,-10.696934700012207,,,,,,,,,,2326970,19382
1786088923,741632153,,,,,5,-1497.1995849609375,1030.4578857421875,-792.276123046875,-0.0005111973732709885,-0.07702090591192245,-0.07566367834806442,0.994154155254364,1,2326970,19382
1786088923,749253227,1,-205.23451232910156,114.34427642822266,-10.904195785522461,,,,,,,,,,2326971,19382
1786088923,749253227,,,,,5,-1497.1956787109375,1030.4630126953125,-792.2498168945312,-0.00015733229520265013,-0.0768456980586052,-0.07661198824644089,0.9940952062606812,1,2326971,19382
1786088923,758496604,1,-205.50778198242188,114.51231384277344,-11.27266788482666,,,,,,,,,,2326972,19382
1786088923,758496604,,,,,5,-1497.1707763671875,1030.4349365234375,-792.241455078125,-0.00021544596529565752,-0.07697312533855438,-0.07577216625213623,0.9941497445106506,1,2326972,19382
1786088923,766730778,1,-205.22308349609375,114.54821014404297,-11.410859107971191,,,,,,,,,,2326973,19382
1786088923,766730778,,,,,5,-1497.1744384765625,1030.5015869140625,-792.2229614257812,-0.0001555141934659332,-0.07712384313344955,-0.0755559429526329,0.9941544532775879,1,2326973,19382
1786088923,774309419,1,-205.5434112548828,114.61579895019531,-11.62026309967041,,,,,,,,,,2326974,19382
1786088923,774309419,,,,,5,-1497.2230224609375,1030.5101318359375,-792.2200927734375,9.14662959985435e-05,-0.07665359228849411,-0.07581261545419693,0.9941713809967041,1,2326974,19382
1786088923,782901264,1,-205.71107482910156,114.59442901611328,-11.862407684326172,,,,,,,,,,2326975,19382
1786088923,782901264,,,,,5,-1497.1917724609375,1030.4595947265625,-792.26123046875,-0.0006562037160620093,-0.0769626572728157,-0.07536056637763977,0.9941816329956055,1,2326975,19382
1786088923,791680441,1,-205.89166259765625,114.41981506347656,-12.006545066833496,,,,,,,,,,2326976,19382
1786088923,791680441,,,,,5,-1497.1585693359375,1030.4193115234375,-792.2656860351562,-0.0004605425929185003,-0.07683012634515762,-0.07522628456354141,0.9942021369934082,1,2326976,19382
1786088923,799285578,1,-206.21234130859375,114.4222412109375,-12.486246109008789,,,,,,,,,,2326977,19382
1786088923,799285578,,,,,5,-1497.169921875,1030.4415283203125,-792.2278442382812,-0.0001349963858956471,-0.07691719383001328,-0.07612238079309464,0.9941272735595703,1,2326977,19382
1786088923,808415482,1,-206.86595153808594,114.1534652709961,-12.779250144958496,,,,,,,,,,2326978,19382
1786088923,808415482,,,,,5,-1497.20458984375,1030.47900390625,-792.2569580078125,-0.00042242981726303697,-0.07705078274011612,-0.07580696046352386,0.9941409826278687,1,2326978,19382
1786088923,816327025,1,-207.07421875,114.02850341796875,-13.22966480255127,,,,,,,,,,2326979,19382
1786088923,816327025,,,,,5,-1497.1968994140625,1030.466796875,-792.25439453125,-0.00042633467819541693,-0.07689496874809265,-0.07546988129615784,0.9941786527633667,1,2326979,19382
1786088923,825292221,1,-207.07020568847656,114.07424926757812,-13.770641326904297,,,,,,,,,,2326980,19382
1786088923,825292221,,,,,5,-1497.1890869140625,1030.45947265625,-792.2527465820312,-0.0004878095060121268,-0.07706515491008759,-0.07569420337677002,0.9941483736038208,1,2326980,19382
1786088923,833357656,1,-206.8772735595703,114.91938781738281,-14.7185697555542,,,,,,,,,,2326981,19382
1786088923,833357656,,,,,5,-1497.153564453125,1030.4678955078125,-792.2394409179688,7.492840086342767e-05,-0.07692405581474304,-0.07784565538167953,0.9939932823181152,1,2326981,19382
1786088923,841017419,1,-207.16140747070312,113.9384765625,-14.421441078186035,,,,,,,,,,2326982,19382
1786088923,841017419,,,,,5,-1497.181884765625,1030.4725341796875,-792.24560546875,-0.00011659236770356074,-0.07682959735393524,-0.07677152752876282,0.9940841794013977,1,2326982,19382
1786088923,850221467,1,-207.68682861328125,114.08257293701172,-15.198122024536133,,,,,,,,,,2326983,19382
1786088923,850221467,,,,,5,-1497.1142578125,1030.5025634765625,-792.2333374023438,-0.0005345243844203651,-0.07769667357206345,-0.07455409318208694,0.9941854476928711,1,2326983,19382
1786088923,858411704,1,-207.92323303222656,114.0335693359375,-15.730061531066895,,,,,,,,,,2326984,19382
1786088923,858411704,,,,,5,-1497.3018798828125,1030.6112060546875,-792.2584228515625,0.0008984454907476902,-0.07581483572721481,-0.07878977805376053,0.9940038323402405,1,2326984,19382
1786088923,866871515,1,-208.3193817138672,113.68702697753906,-15.848062515258789,,,,,,,,,,2326985,19382
1786088923,866871515,,,,,5,-1497.572509765625,1030.7113037109375,-792.2177124023438,0.002542490139603615,-0.07449758797883987,-0.08380541205406189,0.9936902523040771,1,2326985,19382
1786088923,875363870,1,-208.1333465576172,113.6667709350586,-16.20684814453125,,,,,,,,,,2326986,19382
1786088923,875363870,,,,,5,-1497.2054443359375,1030.3277587890625,-792.3001708984375,-0.0013734207022935152,-0.07666880637407303,-0.07428862899541855,0.9942842125892639,1,2326986,19382
1786088923,883397112,1,-208.56219482421875,114.10072326660156,-17.370737075805664,,,,,,,,,,2326987,19382
1786088923,883397112,,,,,5,-1497.1998291015625,1030.3453369140625,-792.291015625,-0.0015619915211573243,-0.07669700682163239,-0.07413291931152344,0.9942934513092041,1,2326987,19382
1786088923,891062891,1,-208.67706298828125,114.07466888427734,-17.959228515625,,,,,,,,,,2326988,19382
1786088923,891062891,,,,,5,-1497.2415771484375,1030.384033203125,-792.2911987304688,-0.0014156680554151535,-0.07664600759744644,-0.07431674748659134,0.9942837953567505,1,2326988,19382
1786088923,900525184,1,-208.85302734375,114.1763687133789,-18.665359497070312,,,,,,,,,,2326989,19382
1786088923,900525184,,,,,5,-1497.208251953125,1030.3221435546875,-792.3062744140625,-0.0014827995328232646,-0.07659316807985306,-0.07355772703886032,0.9943442940711975,1,2326989,19382
1786088923,908495033,1,-208.7069549560547,114.13784790039062,-18.57518768310547,,,,,,,,,,2326990,19382
1786088923,908495033,,,,,5,-1497.21240234375,1030.3399658203125,-792.2936401367188,-0.0017862592358142138,-0.07680331915616989,-0.07339063286781311,0.9943398833274841,1,2326990,19382
1786088923,915814917,1,-208.9017333984375,114.10530090332031,-19.120325088500977,,,,,,,,,,2326991,19382
1786088923,915814917,,,,,5,-1497.208251953125,1030.359375,-792.2948608398438,-0.0016203620471060276,-0.07673943787813187,-0.07366044819355011,0.9943252205848694,1,2326991,19382
1786088923,925375037,1,-209.56150817871094,113.89986419677734,-20.05826759338379,,,,,,,,,,2326992,19382
1786088923,925375037,,,,,5,-1497.2093505859375,1030.3519287109375,-792.3004150390625,-0.0016476368764415383,-0.07676900923252106,-0.07411668449640274,0.9942889213562012,1,2326992,19382
1786088923,933467576,1,-210.94003295898438,112.83808898925781,-20.477588653564453,,,,,,,,,,2326993,19382
1786088923,933467576,,,,,5,-1497.199951171875,1030.3607177734375,-792.28076171875,-0.0018212563591077924,-0.07689960300922394,-0.07309376448392868,0.994354248046875,1,2326993,19382
1786088923,941503026,1,-211.2615966796875,112.78263854980469,-21.121675491333008,,,,,,,,,,2326994,19382
1786088923,941503026,,,,,5,-1497.2529296875,1030.3902587890625,-792.2713012695312,-0.002031248528510332,-0.0767238512635231,-0.07213970273733139,0.9944370985031128,1,2326994,19382
1786088923,950215737,1,-210.3773193359375,113.92697143554688,-21.687171936035156,,,,,,,,,,2326995,19382
1786088923,950215737,,,,,5,-1497.2493896484375,1030.3453369140625,-792.3107299804688,-0.0019179396331310272,-0.0767512395977974,-0.07288428395986557,0.9943808913230896,1,2326995,19382
1786088923,963126769,1,-209.9396209716797,113.14387512207031,-21.044429779052734,,,,,,,,,,2326996,19382
1786088923,963126769,,,,,5,-1497.1951904296875,1030.2822265625,-792.2650146484375,-0.0013084483798593283,-0.07670538127422333,-0.0747520700097084,0.994246780872345,1,2326996,19382
1786088923,966150347,1,-211.40208435058594,112.48184967041016,-22.04890251159668,,,,,,,,,,2326997,19382
1786088923,966150347,,,,,5,-1497.2586669921875,1030.3436279296875,-792.307861328125,-0.0015267375856637955,-0.0766289159655571,-0.07384014874696732,0.9943205118179321,1,2326997,19382
1786088923,975367932,1,-211.3780517578125,113.46723175048828,-23.261878967285156,,,,,,,,,,2326998,19382
1786088923,975367932,,,,,5,-1497.2646484375,1030.374267578125,-792.3026733398438,-0.0014873312320560217,-0.07652737200260162,-0.07368841767311096,0.9943397045135498,1,2326998,19382
1786088923,983306900,1,-211.5649871826172,113.98390197753906,-23.596229553222656,,,,,,,,,,2326999,19382
1786088923,983306900,,,,,5,-1497.2630615234375,1030.2945556640625,-792.31787109375,-0.0014749111142009497,-0.07660270482301712,-0.0734793022274971,0.9943493604660034,1,2326999,19382
1786088923,992145501,1,-211.88475036621094,113.79495239257812,-23.939023971557617,,,,,,,,,,2327000,19383
1786088923,992145501,,,,,5,-1497.2623291015625,1030.3814697265625,-792.2619018554688,-0.001657975954003632,-0.07681877166032791,-0.07307050377130508,0.994362473487854,1,2327000,19383
1786088924,328506,1,-212.02047729492188,113.84801483154297,-24.69654083251953,,,,,,,,,,2327001,19383
1786088924,328506,,,,,5,-1497.2601318359375,1030.27880859375,-792.3057861328125,-0.0018154375720769167,-0.07664541900157928,-0.07267917692661285,0.9944043159484863,1,2327001,19383
1786088924,8377109,1,-212.5196533203125,113.4377670288086,-25.106117248535156,,,,,,,,,,2327002,19383
1786088924,8377109,,,,,5,-1497.2518310546875,1030.357177734375,-792.3021850585938,-0.001363478833809495,-0.07647687941789627,-0.07392016053199768,0.9943264722824097,1,2327002,19383
1786088924,15798659,1,-212.890625,113.38377380371094,-25.27139663696289,,,,,,,,,,2327003,19383
1786088924,15798659,,,,,5,-1497.26171875,1030.3309326171875,-792.3034057617188,-0.0019215188222005963,-0.076639823615551,-0.07296503335237503,0.9943835735321045,1,2327003,19383
1786088924,25365594,1,-213.1442413330078,113.70755767822266,-25.448657989501953,,,,,,,,,,2327004,19383
1786088924,25365594,,,,,5,-1497.79638671875,1030.6234130859375,-792.1643676757812,-0.0011325245723128319,-0.07904981076717377,-0.08309544622898102,0.9934006929397583,1,2327004,19383
1786088924,33042798,1,-213.45584106445312,113.9171371459961,-25.797508239746094,,,,,,,,,,2327005,19383
1786088924,33042798,,,,,5,-1497.3177490234375,1030.3641357421875,-792.3043212890625,-0.0017180623253807425,-0.07707136869430542,-0.07430535554885864,0.9942513704299927,1,2327005,19383
1786088924,41968505,1,-213.93360900878906,113.82428741455078,-26.22890853881836,,,,,,,,,,2327006,19383
1786088924,41968505,,,,,5,-1497.3035888671875,1030.32861328125,-792.295166015625,-0.001718407147563994,-0.07694418728351593,-0.07410547882318497,0.9942761063575745,1,2327006,19383
1786088924,50187895,1,-214.2802276611328,113.72465515136719,-26.091629028320312,,,,,,,,,,2327007,19383
1786088924,50187895,,,,,5,-1497.327392578125,1030.3885498046875,-792.28466796875,-0.0013885325752198696,-0.07687605917453766,-0.07567891478538513,0.9941633343696594,1,2327007,19383
1786088924,58123663,1,-214.78367614746094,113.65924835205078,-26.371187210083008,,,,,,,,,,2327008,19383
1786088924,58123663,,,,,5,-1497.298828125,1030.33740234375,-792.308349609375,-0.001975961495190859,-0.0769469290971756,-0.07335058599710464,0.9943313598632812,1,2327008,19383
1786088924,66832438,1,-214.94972229003906,113.6316909790039,-26.69759750366211,,,,,,,,,,2327009,19383
1786088924,66832438,,,,,5,-1497.3531494140625,1030.3780517578125,-792.2479858398438,-0.0018289735307916999,-0.07699069380760193,-0.07426340878009796,0.9942606091499329,1,2327009,19383
1786088924,75046163,1,-215.6357421875,113.69596862792969,-26.63054084777832,,,,,,,,,,2327010,19383
1786088924,75046163,,,,,5,-1497.302001953125,1030.409423828125,-792.308349609375,-0.0013851216062903404,-0.07691341638565063,-0.07572699338197708,0.9941568970680237,1,2327010,19383
1786088924,83826364,1,-216.22598266601562,113.83658599853516,-26.905132293701172,,,,,,,,,,2327011,19383
1786088924,83826364,,,,,5,-1497.317626953125,1030.3271484375,-792.2752075195312,-0.0014247627696022391,-0.07688203454017639,-0.07541466504335403,0.9941829442977905,1,2327011,19383
1786088924,91859254,1,-216.61532592773438,113.78166198730469,-27.134021759033203,,,,,,,,,,2327012,19383
1786088924,91859254,,,,,5,-1497.2906494140625,1030.3494873046875,-792.2628784179688,-0.0015769244637340307,-0.07688978314399719,-0.07551217079162598,0.9941746592521667,1,2327012,19383
1786088924,99897008,1,-217.0129852294922,113.84140014648438,-27.08118438720703,,,,,,,,,,2327013,19383
1786088924,99897008,,,,,5,-1497.2830810546875,1030.3240966796875,-792.3046875,-0.0018107841024175286,-0.07678573578596115,-0.07397980988025665,0.9942975044250488,1,2327013,19383
1786088924,108755770,1,-217.34024047851562,114.10607147216797,-27.248632431030273,,,,,,,,,,2327014,19383
1786088924,108755770,,,,,5,-1497.22119140625,1030.3311767578125,-792.2968139648438,-0.002157192910090089,-0.07775792479515076,-0.07349497824907303,0.9942572116851807,1,2327014,19383
1786088924,116976600,1,-217.74044799804688,114.73843383789062,-27.19876480102539,,,,,,,,,,2327015,19383
1786088924,116976600,,,,,5,-1497.8597412109375,1030.716552734375,-792.0695190429688,-0.001005698461085558,-0.08007466048002243,-0.08557151257991791,0.9931084513664246,1,2327015,19383
1786088924,125614845,1,-218.36695861816406,114.50813293457031,-26.954153060913086,,,,,,,,,,2327016,19383
1786088924,125614845,,,,,5,-1497.324462890625,1030.390869140625,-792.2874755859375,-0.0016538803465664387,-0.07703962177038193,-0.07484088093042374,0.9942137598991394,1,2327016,19383
1786088924,133644439,1,-218.88267517089844,114.60606384277344,-26.97962188720703,,,,,,,,,,2327017,19383
1786088924,133644439,,,,,5,-1497.9041748046875,1030.711181640625,-792.0462036132812,-0.0008657602011226118,-0.07947999238967896,-0.0861835852265358,0.993103563785553,1,2327017,19383
1786088924,141906198,1,-219.1709442138672,112.8232192993164,-27.11456298828125,,,,,,,,,,2327018,19383
1786088924,141906198,,,,,5,-1497.3133544921875,1030.392578125,-792.3071899414062,-0.0015858376864343882,-0.07696262001991272,-0.07440338283777237,0.9942527413368225,1,2327018,19383
1786088924,150175156,1,-219.7946319580078,113.94096374511719,-26.699176788330078,,,,,,,,,,2327019,19383
1786088924,150175156,,,,,5,-1497.3128662109375,1030.375244140625,-792.2496948242188,-0.001766718691214919,-0.07709658145904541,-0.07358747720718384,0.9943027496337891,1,2327019,19383
1786088924,157565858,1,-219.5137176513672,114.1839599609375,-27.053922653198242,,,,,,,,,,2327020,19383
1786088924,157565858,,,,,5,-1497.3138427734375,1030.3695068359375,-792.2816772460938,-0.0017363430233672261,-0.0771157294511795,-0.0747678279876709,0.9942132234573364,1,2327020,19383
1786088924,167292029,1,-220.57382202148438,112.91879272460938,-27.015945434570312,,,,,,,,,,2327021,19383
1786088924,167292029,,,,,5,-1497.2705078125,1030.355224609375,-792.2941284179688,-0.001836250303313136,-0.07708285748958588,-0.07399218529462814,0.9942736029624939,1,2327021,19383
1786088924,175001104,1,-221.04689025878906,112.868408203125,-26.998220443725586,,,,,,,,,,2327022,19383
1786088924,175001104,,,,,5,-1497.3197021484375,1030.3538818359375,-792.2721557617188,-0.0015581942861899734,-0.07700899988412857,-0.07459554076194763,0.9942346811294556,1,2327022,19383
1786088924,182336445,1,-221.8873291015625,114.347412109375,-26.482824325561523,,,,,,,,,,2327023,19383
1786088924,182336445,,,,,5,-1497.2730712890625,1030.380126953125,-792.2623291015625,-0.0018174070864915848,-0.07733659446239471,-0.07418748736381531,0.9942394495010376,1,2327023,19383
1786088924,191931861,1,-221.86610412597656,114.91523742675781,-26.877717971801758,,,,,,,,,,2327024,19383
1786088924,191931861,,,,,5,-1497.2783203125,1030.3822021484375,-792.2515869140625,-0.0016581095987930894,-0.07727527618408203,-0.0751347690820694,0.9941732287406921,1,2327024,19383
1786088924,199255490,1,-222.2393341064453,115.0874252319336,-26.872678756713867,,,,,,,,,,2327025,19383
1786088924,199255490,,,,,5,-1497.302001953125,1030.39501953125,-792.2846069335938,-0.0018805323634296656,-0.07708690315485,-0.0746469646692276,0.9942243099212646,1,2327025,19383
1786088924,208539572,1,-223.46609497070312,114.29180908203125,-26.113130569458008,,,,,,,,,,2327026,19383
1786088924,208539572,,,,,5,-1497.3046875,1030.3968505859375,-792.2929077148438,-0.001491791452281177,-0.07690490037202835,-0.07502684742212296,0.9942103624343872,1,2327026,19383
1786088924,217585057,1,-223.56320190429688,114.54058074951172,-26.142093658447266,,,,,,,,,,2327027,19383
1786088924,217585057,,,,,5,-1497.2967529296875,1030.374755859375,-792.2545776367188,-0.0016288674669340253,-0.07707633823156357,-0.07502230256795883,0.9941973090171814,1,2327027,19383
1786088924,224517926,1,-224.12936401367188,114.2734603881836,-25.906661987304688,,,,,,,,,,2327028,19383
1786088924,224517926,,,,,5,-1497.3182373046875,1030.375,-792.2445068359375,-0.0018486478365957737,-0.07718422263860703,-0.07373643666505814,0.9942846894264221,1,2327028,19383
1786088924,234144287,1,-223.91650390625,114.25550079345703,-26.18834686279297,,,,,,,,,,2327029,19383
1786088924,234144287,,,,,5,-1497.9112548828125,1030.720947265625,-792.0501098632812,-0.0009506134665571153,-0.0794900581240654,-0.08589152246713638,0.9931278824806213,1,2327029,19383
1786088924,241805874,1,-224.3822021484375,113.76692199707031,-26.207002639770508,,,,,,,,,,2327030,19383
1786088924,241805874,,,,,5,-1497.2567138671875,1030.3470458984375,-792.2865600585938,-0.001860716030932963,-0.07690039277076721,-0.07311341166496277,0.9943526983261108,1,2327030,19383
1786088924,249319970,1,-225.05348205566406,114.44662475585938,-26.307844161987305,,,,,,,,,,2327031,19383
1786088924,249319970,,,,,5,-1497.3099365234375,1030.3878173828125,-792.2854614257812,-0.001800862024538219,-0.0771227478981018,-0.07460889965295792,0.9942244291305542,1,2327031,19383
1786088924,258836248,1,-225.35430908203125,114.59127807617188,-26.102563858032227,,,,,,,,,,2327032,19383
1786088924,258836248,,,,,5,-1497.2713623046875,1030.3363037109375,-792.29833984375,-0.0019075407180935144,-0.07731416821479797,-0.07390106469392776,0.9942623376846313,1,2327032,19383
1786088924,266433578,1,-226.1187744140625,113.17765808105469,-25.48045539855957,,,,,,,,,,2327033,19383
1786088924,266433578,,,,,5,-1497.3070068359375,1030.3697509765625,-792.2894897460938,-0.0015623701037839055,-0.07716605812311172,-0.07540088146924973,0.99416184425354,1,2327033,19383
1786088924,275322612,1,-226.46217346191406,113.26927947998047,-25.423904418945312,,,,,,,,,,2327034,19383
1786088924,275322612,,,,,5,-1497.3218994140625,1030.3416748046875,-792.2981567382812,-0.001956830034032464,-0.07719339430332184,-0.0735149085521698,0.9943002462387085,1,2327034,19383
1786088924,283690421,1,-226.24618530273438,113.31036376953125,-25.73042106628418,,,,,,,,,,2327035,19383
1786088924,283690421,,,,,5,-1497.3148193359375,1030.3775634765625,-792.2793579101562,-0.0018355890642851591,-0.07706115394830704,-0.07438583672046661,0.9942458868026733,1,2327035,19383
1786088924,291139524,1,-226.6746826171875,113.35883331298828,-25.651945114135742,,,,,,,,,,2327036,19383
1786088924,291139524,,,,,5,-1497.3262939453125,1030.3841552734375,-792.3092651367188,-0.0015905563486739993,-0.07692582905292511,-0.07443375140428543,0.9942532777786255,1,2327036,19383
1786088924,300590937,1,-227.77125549316406,112.72102355957031,-24.935760498046875,,,,,,,,,,2327037,19383
1786088924,300590937,,,,,5,-1497.363525390625,1030.395751953125,-792.2313232421875,-0.0014918926171958447,-0.0769290179014206,-0.07562508434057236,0.9941632151603699,1,2327037,19383
1786088924,308331182,1,-228.0063934326172,113.07717895507812,-24.590009689331055,,,,,,,,,,2327038,19383
1786088924,308331182,,,,,5,-1497.3846435546875,1030.379150390625,-792.2395629882812,-0.0014241792960092425,-0.07685112208127975,-0.07676269859075546,0.9940821528434753,1,2327038,19383
1786088924,315930623,1,-228.3518524169922,112.82814025878906,-24.63898277282715,,,,,,,,,,2327039,19383
1786088924,315930623,,,,,5,-1497.34521484375,1030.3487548828125,-792.2308959960938,-0.0020233409013599157,-0.0769294798374176,-0.07447060942649841,0.9942494630813599,1,2327039,19383
1786088924,325538392,1,-228.0487823486328,113.41532897949219,-24.912569046020508,,,,,,,,,,2327040,19383
1786088924,325538392,,,,,5,-1497.9586181640625,1030.6829833984375,-792.0243530273438,-0.0010194092756137252,-0.07942383736371994,-0.08630061149597168,0.993097722530365,1,2327040,19383
1786088924,333122537,1,-229.12879943847656,112.96260070800781,-24.255922317504883,,,,,,,,,,2327041,19383
1786088924,333122537,,,,,5,-1497.3153076171875,1030.35693359375,-792.2504272460938,-0.0019288723124191165,-0.07720471918582916,-0.07371553033590317,0.9942845106124878,1,2327041,19383
1786088924,342578910,1,-228.71603393554688,113.34010314941406,-24.52688217163086,,,,,,,,,,2327042,19383
1786088924,342578910,,,,,5,-1497.3919677734375,1030.39453125,-792.22705078125,-0.0012851180508732796,-0.07688261568546295,-0.07616975903511047,0.9941256046295166,1,2327042,19383
1786088924,350282130,1,-228.9501190185547,113.45048522949219,-24.443180084228516,,,,,,,,,,2327043,19383
1786088924,350282130,,,,,5,-1498.0526123046875,1030.7105712890625,-791.8775634765625,0.0025388309732079506,-0.07295053452253342,-0.08482593297958374,0.9937184453010559,1,2327043,19383
1786088924,358917240,1,-229.88450622558594,112.89061737060547,-24.1312198638916,,,,,,,,,,2327044,19383
1786088924,358917240,,,,,5,-1497.295166015625,1030.6812744140625,-792.2786865234375,0.002475589280948043,-0.07663285732269287,-0.08544527739286423,0.993388295173645,1,2327044,19383
1786088924,367452635,1,-230.45033264160156,113.91946411132812,-23.593481063842773,,,,,,,,,,2327045,19383
1786088924,367452635,,,,,5,-1497.3909912109375,1030.676025390625,-792.2136840820312,0.0017555431695654988,-0.07680848985910416,-0.08239797502756119,0.9936336874961853,1,2327045,19383
1786088924,375527126,1,-230.9987335205078,113.76101684570312,-23.644744873046875,,,,,,,,,,2327046,19383
1786088924,375527126,,,,,5,-1497.3826904296875,1030.6695556640625,-792.2088623046875,0.0015746884746477008,-0.0767902359366417,-0.08204114437103271,0.9936649799346924,1,2327046,19383
1786088924,382931652,1,-230.76177978515625,113.67558288574219,-23.24071502685547,,,,,,,,,,2327047,19383
1786088924,382931652,,,,,5,-1497.7591552734375,1031.051513671875,-791.9089965820312,0.0035829786211252213,-0.07687755674123764,-0.09380928426980972,0.9926111102104187,1,2327047,19383
1786088924,391901360,1,-230.60498046875,114.67156219482422,-23.32101058959961,,,,,,,,,,2327048,19383
1786088924,391901360,,,,,5,-1497.7908935546875,1031.0533447265625,-791.83984375,0.0037954910658299923,-0.07687044143676758,-0.09362971037626266,0.9926277995109558,1,2327048,19383
1786088924,400027020,1,-231.47328186035156,113.5953598022461,-23.10210418701172,,,,,,,,,,2327049,19383
1786088924,400027020,,,,,5,-1497.826416015625,1030.9884033203125,-791.8604125976562,0.004055530298501253,-0.07692267745733261,-0.09464305639266968,0.992526650428772,1,2327049,19383
1786088924,407743904,1,-231.37652587890625,113.5371322631836,-22.778886795043945,,,,,,,,,,2327050,19383
1786088924,407743904,,,,,5,-1497.8177490234375,1030.788330078125,-792.1221313476562,0.0035476863849908113,-0.07803086191415787,-0.0896170511841774,0.9929085373878479,1,2327050,19383
1786088924,417303896,1,-231.82830810546875,112.86763000488281,-22.034793853759766,,,,,,,,,,2327051,19383
1786088924,417303896,,,,,5,-1497.2979736328125,1030.5303955078125,-792.2433471679688,0.0016067882534116507,-0.07709041982889175,-0.07999907433986664,0.9938081502914429,1,2327051,19383
1786088924,425578870,1,-231.30482482910156,113.78144836425781,-23.039644241333008,,,,,,,,,,2327052,19383
1786088924,425578870,,,,,5,-1497.3292236328125,1030.5166015625,-792.2359008789062,0.001323938718996942,-0.0767165869474411,-0.07927058637142181,0.9938958883285522,1,2327052,19383
1786088924,432822497,1,-232.03143310546875,113.03099822998047,-22.580251693725586,,,,,,,,,,2327053,19383
1786088924,432822497,,,,,5,-1497.3587646484375,1030.5264892578125,-792.2509765625,0.0013923634542152286,-0.07664775848388672,-0.07968422770500183,0.9938681721687317,1,2327053,19383
1786088924,441944688,1,-232.14517211914062,113.34776306152344,-22.457454681396484,,,,,,,,,,2327054,19383
1786088924,441944688,,,,,5,-1497.323486328125,1030.556396484375,-792.1986083984375,0.0014532818458974361,-0.07708481699228287,-0.07950756698846817,0.9938482642173767,1,2327054,19383
1786088924,450037899,1,-232.3009490966797,113.41536712646484,-22.416738510131836,,,,,,,,,,2327055,19383
1786088924,450037899,,,,,5,-1497.334228515625,1030.5665283203125,-792.274658203125,0.0014093018835410476,-0.07682820409536362,-0.07988648861646652,0.993837833404541,1,2327055,19383
1786088924,458735122,1,-232.51585388183594,113.24128723144531,-22.36188507080078,,,,,,,,,,2327056,19383
1786088924,458735122,,,,,5,-1497.3433837890625,1030.5208740234375,-792.2564086914062,0.0017227112548425794,-0.07678109407424927,-0.07975457608699799,0.9938515424728394,1,2327056,19383
1786088924,466856078,1,-232.69911193847656,113.00177764892578,-22.317975997924805,,,,,,,,,,2327057,19383
1786088924,466856078,,,,,5,-1497.337890625,1030.5313720703125,-792.2503662109375,0.0012535809073597193,-0.07675915211439133,-0.07930087298154831,0.9938903450965881,1,2327057,19383
1786088924,474550721,1,-232.27166748046875,113.52019500732422,-22.48429298400879,,,,,,,,,,2327058,19383
1786088924,474550721,,,,,5,-1497.3314208984375,1030.531005859375,-792.2385864257812,0.0015718782087787986,-0.07694240659475327,-0.08014397323131561,0.9938080310821533,1,2327058,19383
1786088924,484626051,1,-232.99990844726562,113.26499938964844,-21.989673614501953,,,,,,,,,,2327059,19383
1786088924,484626051,,,,,5,-1497.2750244140625,1030.55908203125,-792.2188720703125,0.0014358136104419827,-0.07729841768741608,-0.07902108877897263,0.9938706159591675,1,2327059,19383
1786088924,493192807,1,-233.01548767089844,113.28843688964844,-21.979459762573242,,,,,,,,,,2327060,19383
1786088924,493192807,,,,,5,-1497.3519287109375,1030.529541015625,-792.2462158203125,0.001244750339537859,-0.07681891322135925,-0.07921795547008514,0.9938923716545105,1,2327060,19383
1786088924,499417918,1,-232.48739624023438,113.50188446044922,-22.40735626220703,,,,,,,,,,2327061,19383
1786088924,499417918,,,,,5,-1497.2994384765625,1030.5556640625,-792.2376098632812,0.001379246823489666,-0.07675167918205261,-0.07938477396965027,0.9938840866088867,1,2327061,19383
1786088924,508421163,1,-233.27320861816406,113.00022888183594,-22.04776382446289,,,,,,,,,,2327062,19383
1786088924,508421163,,,,,5,-1497.3289794921875,1030.568359375,-792.2459106445312,0.0013683921424672008,-0.07669200748205185,-0.07990948855876923,0.9938465356826782,1,2327062,19383
1786088924,517209428,1,-232.577392578125,113.55332946777344,-22.298742294311523,,,,,,,,,,2327063,19383
1786088924,517209428,,,,,5,-1497.3275146484375,1030.5423583984375,-792.2412109375,0.001700035179965198,-0.07687732577323914,-0.08068442344665527,0.993769109249115,1,2327063,19383
1786088924,524503808,1,-233.44613647460938,112.94866943359375,-21.865808486938477,,,,,,,,,,2327064,19383
1786088924,524503808,,,,,5,-1497.34228515625,1030.576416015625,-792.2408447265625,0.0017423396930098534,-0.07686717808246613,-0.08002250641584396,0.9938233494758606,1,2327064,19383
1786088924,533734161,1,-233.27711486816406,113.09457397460938,-21.687341690063477,,,,,,,,,,2327065,19383
1786088924,533734161,,,,,5,-1497.3477783203125,1030.53955078125,-792.2756958007812,0.001401200657710433,-0.07690365612506866,-0.07955420017242432,0.9938586950302124,1,2327065,19383
1786088924,541929486,1,-233.38368225097656,113.21276092529297,-21.69492530822754,,,,,,,,,,2327066,19383
1786088924,541929486,,,,,5,-1497.3331298828125,1030.5489501953125,-792.2696533203125,0.0013466462260112166,-0.07678525149822235,-0.07937857508659363,0.9938819408416748,1,2327066,19383
1786088924,549663938,1,-233.40789794921875,113.18977355957031,-21.601886749267578,,,,,,,,,,2327067,19383
1786088924,549663938,,,,,5,-1497.344482421875,1030.5384521484375,-792.2778930664062,0.001426140428520739,-0.07692861557006836,-0.07967077195644379,0.9938473701477051,1,2327067,19383
1786088924,558620014,1,-233.4168243408203,113.21078491210938,-21.6467342376709,,,,,,,,,,2327068,19383
1786088924,558620014,,,,,5,-1497.3455810546875,1030.522216796875,-792.2948608398438,0.0014006305718794465,-0.07678855955600739,-0.08009277284145355,0.993824303150177,1,2327068,19383
1786088924,566513573,1,-233.33644104003906,113.22845458984375,-21.5350341796875,,,,,,,,,,2327069,19383
1786088924,566513573,,,,,5,-1497.3345947265625,1030.53662109375,-792.275146484375,0.0013732127845287323,-0.07685773074626923,-0.07952921092510223,0.9938642382621765,1,2327069,19383
1786088924,575632148,1,-233.32359313964844,113.06404876708984,-21.473949432373047,,,,,,,,,,2327070,19383
1786088924,575632148,,,,,5,-1497.35595703125,1030.5098876953125,-792.2582397460938,0.0014381747459992766,-0.0768703818321228,-0.07984533905982971,0.9938377737998962,1,2327070,19383
1786088924,583884914,1,-233.3555450439453,113.18635559082031,-21.487762451171875,,,,,,,,,,2327071,19383
1786088924,583884914,,,,,5,-1497.3436279296875,1030.5316162109375,-792.2787475585938,0.0013495810562744737,-0.07683158665895462,-0.07947472482919693,0.9938706159591675,1,2327071,19383
1786088924,591316417,1,-233.35499572753906,113.20618438720703,-21.525671005249023,,,,,,,,,,2327072,19383
1786088924,591316417,,,,,5,-1497.3427734375,1030.53564453125,-792.255126953125,0.001314675435423851,-0.07683303207159042,-0.0794224962592125,0.9938747882843018,1,2327072,19383
1786088924,601216927,1,-233.28485107421875,113.0845947265625,-21.474063873291016,,,,,,,,,,2327073,19383
1786088924,601216927,,,,,5,-1497.157470703125,1030.6116943359375,-792.3331298828125,0.00170182588044554,-0.07784552127122879,-0.07738246768712997,0.9939563870429993,1,2327073,19383
1786088924,608647149,1,-233.29542541503906,113.107421875,-21.573637008666992,,,,,,,,,,2327074,19383
1786088924,608647149,,,,,5,-1497.2294921875,1030.5418701171875,-792.3140258789062,0.0019060244085267186,-0.07710838317871094,-0.0785636380314827,0.9939207434654236,1,2327074,19383
1786088924,616073980,1,-233.23094177246094,113.13777923583984,-21.57408332824707,,,,,,,,,,2327075,19383
1786088924,616073980,,,,,5,-1497.3145751953125,1030.516357421875,-792.2952270507812,0.0013936978066340089,-0.07670100033283234,-0.07878542691469193,0.9939355850219727,1,2327075,19383
1786088924,626055291,1,-233.17767333984375,113.18965911865234,-21.519821166992188,,,,,,,,,,2327076,19383
1786088924,626055291,,,,,5,-1497.309326171875,1030.5250244140625,-792.3016967773438,0.001362267299555242,-0.07672889530658722,-0.07875566184520721,0.993935763835907,1,2327076,19383
1786088924,634443708,1,-233.12193298339844,112.97795867919922,-21.561494827270508,,,,,,,,,,2327077,19383
1786088924,634443708,,,,,5,-1497.316162109375,1030.567138671875,-792.2968139648438,0.0016967670526355505,-0.07690053433179855,-0.07971211522817612,0.9938457608222961,1,2327077,19383
1786088924,641341216,1,-233.06199645996094,113.0843276977539,-21.66373634338379,,,,,,,,,,2327078,19383
1786088924,641341216,,,,,5,-1497.230712890625,1030.6357421875,-792.3090209960938,0.002346961759030819,-0.07686402648687363,-0.08183512836694717,0.9936746954917908,1,2327078,19383
1786088924,650398126,1,-232.93856811523438,113.10121154785156,-21.70802116394043,,,,,,,,,,2327079,19383
1786088924,650398126,,,,,5,-1497.2559814453125,1030.5634765625,-792.3389282226562,0.0016335458494722843,-0.07702293246984482,-0.07985801249742508,0.9938247203826904,1,2327079,19383
1786088924,658636812,1,-232.84986877441406,113.14461517333984,-21.67776107788086,,,,,,,,,,2327080,19383
1786088924,658636812,,,,,5,-1497.27978515625,1030.5760498046875,-792.324462890625,0.001813275390304625,-0.07688695192337036,-0.08015154302120209,0.9938111901283264,1,2327080,19383
1786088924,666018586,1,-232.14788818359375,113.39872741699219,-22.12220573425293,,,,,,,,,,2327081,19383
1786088924,666018586,,,,,5,-1497.29345703125,1030.5577392578125,-792.331787109375,0.0014989038463681936,-0.07678373903036118,-0.07958004623651505,0.9938657283782959,1,2327081,19383
1786088924,675944216,1,-232.58131408691406,113.12200927734375,-21.65528106689453,,,,,,,,,,2327082,19383
1786088924,675944216,,,,,5,-1497.274658203125,1030.5606689453125,-792.3004760742188,0.0017174449749290943,-0.07679066061973572,-0.07968202978372574,0.99385666847229,1,2327082,19383
1786088924,683525289,1,-232.5258026123047,113.12384796142578,-21.764602661132812,,,,,,,,,,2327083,19383
1786088924,683525289,,,,,5,-1497.267822265625,1030.5404052734375,-792.2880249023438,0.0020746709778904915,-0.07664018869400024,-0.08022153377532959,0.9938242435455322,1,2327083,19383
1786088924,691040058,1,-232.40115356445312,113.15605926513672,-21.86431312561035,,,,,,,,,,2327084,19383
1786088924,691040058,,,,,5,-1497.250732421875,1030.4322509765625,-792.2440185546875,2.4691698854439892e-05,-0.07712213695049286,-0.07606804370880127,0.9941156506538391,1,2327084,19383
1786088924,700355660,1,-231.83065795898438,113.53282928466797,-22.170541763305664,,,,,,,,,,2327085,19383
1786088924,700355660,,,,,5,-1497.250244140625,1030.4232177734375,-792.254638671875,-0.00014995617675594985,-0.07701441645622253,-0.07611626386642456,0.9941202998161316,1,2327085,19383
1786088924,708743053,1,-231.56411743164062,113.49430084228516,-22.335554122924805,,,,,,,,,,2327086,19383
1786088924,708743053,,,,,5,-1497.270751953125,1030.401123046875,-792.2561645507812,0.0003896965936291963,-0.07701079547405243,-0.07659947127103806,0.9940832257270813,1,2327086,19383
1786088924,715852021,1,-231.6455078125,114.2010726928711,-22.20696449279785,,,,,,,,,,2327087,19383
1786088924,715852021,,,,,5,-1497.263916015625,1030.4105224609375,-792.2623901367188,-0.00017595227109268308,-0.07705511897802353,-0.07598709315061569,0.9941270351409912,1,2327087,19383
1786088924,725443085,1,-231.52670288085938,114.09734344482422,-22.315935134887695,,,,,,,,,,2327088,19383
1786088924,725443085,,,,,5,-1497.2431640625,1030.4525146484375,-792.2928466796875,-2.5239471142413095e-05,-0.0769086703658104,-0.07541544735431671,0.9941818714141846,1,2327088,19383
1786088924,732815611,1,-231.63812255859375,113.29167175292969,-22.081811904907227,,,,,,,,,,2327089,19383
1786088924,732815611,,,,,5,-1497.26953125,1030.42626953125,-792.2791137695312,-4.9135967856273055e-05,-0.07705659419298172,-0.07635385543107986,0.9940987825393677,1,2327089,19383
1786088924,741907497,1,-231.55328369140625,113.38123321533203,-22.152265548706055,,,,,,,,,,2327090,19383
1786088924,741907497,,,,,5,-1497.27734375,1030.4317626953125,-792.2833862304688,9.134677384281531e-05,-0.07691702246665955,-0.07689760625362396,0.9940677285194397,1,2327090,19383
1786088924,751335934,1,-231.31814575195312,113.36099243164062,-22.043577194213867,,,,,,,,,,2327091,19383
1786088924,751335934,,,,,5,-1497.1796875,1030.4866943359375,-792.2440795898438,-0.0010626543080434203,-0.0764293298125267,-0.07477451860904694,0.9942666888237,1,2327091,19383
1786088924,757780378,1,-231.19090270996094,113.23602294921875,-22.041040420532227,,,,,,,,,,2327092,19383
1786088924,757780378,,,,,5,-1497.1773681640625,1030.4857177734375,-792.2298583984375,-0.0008508554310537875,-0.07634969055652618,-0.07464849203824997,0.9942824244499207,1,2327092,19383
1786088924,767203022,1,-231.07955932617188,113.36593627929688,-22.057769775390625,,,,,,,,,,2327093,19383
1786088924,767203022,,,,,5,-1497.235595703125,1030.4788818359375,-792.2726440429688,-0.00038006354589015245,-0.07654029130935669,-0.07579679042100906,0.9941811561584473,1,2327093,19383
1786088924,776041816,1,-230.9087677001953,113.28926086425781,-22.142541885375977,,,,,,,,,,2327094,19383
1786088924,776041816,,,,,5,-1497.2449951171875,1030.4375,-792.2765502929688,-0.00012815857189707458,-0.07657187432050705,-0.07578963786363602,0.9941793084144592,1,2327094,19383
1786088924,784429081,1,-230.73268127441406,113.12394714355469,-22.35910987854004,,,,,,,,,,2327095,19383
1786088924,784429081,,,,,5,-1497.2181396484375,1030.444580078125,-792.2727661132812,-0.00048009215970523655,-0.07681336998939514,-0.07557476311922073,0.9941769242286682,1,2327095,19383
1786088924,791985418,1,-230.58792114257812,113.39421081542969,-22.415861129760742,,,,,,,,,,2327096,19383
1786088924,791985418,,,,,5,-1497.2003173828125,1030.4361572265625,-792.2412109375,-0.0005852184840478003,-0.07702944427728653,-0.07558492571115494,0.9941594004631042,1,2327096,19383
1786088924,800793234,1,-230.64825439453125,113.05262756347656,-22.331640243530273,,,,,,,,,,2327097,19383
1786088924,800793234,,,,,5,-1497.2398681640625,1030.48291015625,-792.2744140625,-0.00012593166320584714,-0.07667726278305054,-0.07612408697605133,0.9941458106040955,1,2327097,19383
1786088924,808951887,1,-230.44627380371094,113.72503662109375,-22.32456398010254,,,,,,,,,,2327098,19383
1786088924,808951887,,,,,5,-1497.2174072265625,1030.4320068359375,-792.2706298828125,-0.0006373769720084965,-0.07674293965101242,-0.07512211054563522,0.9942166209220886,1,2327098,19383
1786088924,817040042,1,-230.24705505371094,113.7473373413086,-22.094039916992188,,,,,,,,,,2327099,19383
1786088924,817040042,,,,,5,-1497.2156982421875,1030.4561767578125,-792.2678833007812,-0.00028665392892435193,-0.07689331471920013,-0.07609249651432037,0.9941314458847046,1,2327099,19383
1786088924,824932193,1,-230.1541748046875,113.70942687988281,-22.2734432220459,,,,,,,,,,2327100,19383
1786088924,824932193,,,,,5,-1497.126953125,1030.5355224609375,-792.2571411132812,-0.0005527901812456548,-0.0762898176908493,-0.07791566103696823,0.9940364956855774,1,2327100,19383
1786088924,832855353,1,-230.05453491210938,113.5218276977539,-22.497406005859375,,,,,,,,,,2327101,19383
1786088924,832855353,,,,,5,-1497.1341552734375,1030.537109375,-792.2546997070312,-0.0005587260820902884,-0.07644826173782349,-0.07728852331638336,0.9940732717514038,1,2327101,19383
1786088924,842147052,1,-229.98318481445312,114.02557373046875,-22.249977111816406,,,,,,,,,,2327102,19383
1786088924,842147052,,,,,5,-1497.1650390625,1030.51025390625,-792.2886352539062,-0.0002599645231384784,-0.07648897171020508,-0.07755658775568008,0.9940494298934937,1,2327102,19383
1786088924,849592730,1,-229.79270935058594,114.3940658569336,-22.466190338134766,,,,,,,,,,2327103,19383
1786088924,849592730,,,,,5,-1497.1922607421875,1030.470703125,-792.30322265625,-0.0005505752633325756,-0.07671289145946503,-0.0762750431895256,0.9941312670707703,1,2327103,19383
1786088924,858725898,1,-229.46131896972656,113.7350845336914,-22.46145248413086,,,,,,,,,,2327104,19383
1786088924,858725898,,,,,5,-1497.2021484375,1030.4793701171875,-792.28125,-0.0003014307876583189,-0.07669093459844589,-0.07615091651678085,0.9941425323486328,1,2327104,19383
1786088924,866915047,1,-228.93972778320312,114.3897705078125,-22.71047019958496,,,,,,,,,,2327105,19383
1786088924,866915047,,,,,5,-1497.1878662109375,1030.4583740234375,-792.3013305664062,-0.0005175622063688934,-0.07686174660921097,-0.07588426768779755,0.9941496849060059,1,2327105,19383
1786088924,874942177,1,-228.52076721191406,113.72693634033203,-22.88395881652832,,,,,,,,,,2327106,19383
1786088924,874942177,,,,,5,-1497.1890869140625,1030.4676513671875,-792.2853393554688,-0.0004285492468625307,-0.07677115499973297,-0.07630869746208191,0.994124174118042,1,2327106,19383
1786088924,883715337,1,-228.6817626953125,114.19314575195312,-22.90582847595215,,,,,,,,,,2327107,19383
1786088924,883715337,,,,,5,-1497.2178955078125,1030.4422607421875,-792.254638671875,-6.465919432230294e-05,-0.07655201107263565,-0.07673414796590805,0.9941084980964661,1,2327107,19383
1786088924,892395439,1,-228.58087158203125,114.60035705566406,-23.15721321105957,,,,,,,,,,2327108,19383
1786088924,892395439,,,,,5,-1497.2093505859375,1030.4549560546875,-792.2510375976562,-0.0005076004308648407,-0.07657652348279953,-0.07617118954658508,0.9941498041152954,1,2327108,19383
1786088924,900575340,1,-228.89222717285156,114.10408020019531,-22.75784683227539,,,,,,,,,,2327109,19383
1786088924,900575340,,,,,5,-1497.2000732421875,1030.4754638671875,-792.2499389648438,-0.0004707199987024069,-0.07655535638332367,-0.07571125030517578,0.9941866397857666,1,2327109,19383
1786088924,908775881,1,-228.3206787109375,113.1693115234375,-22.718097686767578,,,,,,,,,,2327110,19383
1786088924,908775881,,,,,5,-1497.2103271484375,1030.4627685546875,-792.2906494140625,-0.0006324790883809328,-0.0766369104385376,-0.07591285556554794,0.9941648244857788,1,2327110,19383
1786088924,916565247,1,-228.22584533691406,113.09654998779297,-22.727739334106445,,,,,,,,,,2327111,19383
1786088924,916565247,,,,,5,-1497.208251953125,1030.4769287109375,-792.2664794921875,-0.00019802784663625062,-0.076739102602005,-0.0765804722905159,0.994105875492096,1,2327111,19383
1786088924,925686414,1,-227.59068298339844,113.38261413574219,-23.10464859008789,,,,,,,,,,2327112,19383
1786088924,925686414,,,,,5,-1497.2100830078125,1030.4642333984375,-792.2959594726562,-0.0004512982559390366,-0.07681509107351303,-0.0762515738606453,0.9941251277923584,1,2327112,19383
1786088924,933619334,1,-228.00184631347656,113.03987884521484,-22.830108642578125,,,,,,,,,,2327113,19383
1786088924,933619334,,,,,5,-1497.2230224609375,1030.4979248046875,-792.273681640625,-3.808117253356613e-05,-0.07666108757257462,-0.0771607831120491,0.9940669536590576,1,2327113,19383
1786088924,941228376,1,-227.9328155517578,113.06980895996094,-22.818880081176758,,,,,,,,,,2327114,19383
1786088924,941228376,,,,,5,-1497.207763671875,1030.4864501953125,-792.2677612304688,-0.0003733835183084011,-0.07675248384475708,-0.07619818300008774,0.9941341280937195,1,2327114,19383
1786088924,952096328,1,-227.8248748779297,113.05259704589844,-22.811323165893555,,,,,,,,,,2327115,19383
1786088924,952096328,,,,,5,-1497.212890625,1030.4632568359375,-792.2843017578125,-0.0006046925554983318,-0.0766998678445816,-0.07603494822978973,0.9941505789756775,1,2327115,19383
1786088924,958435490,1,-227.7571258544922,113.08501434326172,-22.7558536529541,,,,,,,,,,2327116,19383
1786088924,958435490,,,,,5,-1497.1922607421875,1030.458740234375,-792.2728271484375,-0.0003349335165694356,-0.0767379030585289,-0.0762326568365097,0.9941325783729553,1,2327116,19383
1786088924,967173193,1,-227.18655395507812,113.52246856689453,-23.04060935974121,,,,,,,,,,2327117,19383
1786088924,967173193,,,,,5,-1497.211181640625,1030.4849853515625,-792.2861328125,-0.0003251044254284352,-0.0766938328742981,-0.07653027772903442,0.9941130876541138,1,2327117,19383
1786088924,975765742,1,-227.55014038085938,113.27933502197266,-22.926725387573242,,,,,,,,,,2327118,19383
1786088924,975765742,,,,,5,-1497.2099609375,1030.467529296875,-792.271240234375,-0.0004370451206341386,-0.07679279893636703,-0.07626760005950928,0.9941257238388062,1,2327118,19383
1786088924,983858922,1,-227.49200439453125,113.29139709472656,-22.73448371887207,,,,,,,,,,2327119,19383
1786088924,983858922,,,,,5,-1497.1751708984375,1030.43505859375,-792.2487182617188,-0.00011584880849113688,-0.07660430669784546,-0.07645612955093384,0.9941257834434509,1,2327119,19383
1786088924,991331161,1,-227.45462036132812,112.99430084228516,-23.03894805908203,,,,,,,,,,2327120,19384
1786088924,991331161,,,,,5,-1497.2161865234375,1030.4820556640625,-792.2672729492188,-0.00019365556363482028,-0.07664994895458221,-0.07660535722970963,0.9941108226776123,1,2327120,19384
1786088925,406087,1,-227.28782653808594,112.63108825683594,-23.109413146972656,,,,,,,,,,2327121,19384
1786088925,406087,,,,,5,-1497.21923828125,1030.49169921875,-792.3050537109375,0.00010967707930831239,-0.07662787288427353,-0.07718697190284729,0.9940676093101501,1,2327121,19384
1786088925,8947947,1,-227.1780548095703,113.00692749023438,-23.006704330444336,,,,,,,,,,2327122,19384
1786088925,8947947,,,,,5,-1497.1964111328125,1030.455810546875,-792.2794799804688,6.273755570873618e-05,-0.0766742080450058,-0.07676762342453003,0.9940963983535767,1,2327122,19384
1786088925,17040134,1,-227.2612762451172,112.79571533203125,-22.970197677612305,,,,,,,,,,2327123,19384
1786088925,17040134,,,,,5,-1497.2137451171875,1030.4744873046875,-792.2913818359375,-0.00034601695369929075,-0.07669885456562042,-0.0765252634882927,0.9941132664680481,1,2327123,19384
1786088925,25720812,1,-227.01678466796875,113.03556823730469,-23.227256774902344,,,,,,,,,,2327124,19384
1786088925,25720812,,,,,5,-1497.2412109375,1030.46484375,-792.2892456054688,-0.00012429429625626653,-0.07662960886955261,-0.07660370320081711,0.994112491607666,1,2327124,19384
1786088925,33897257,1,-227.03221130371094,112.91716766357422,-23.097476959228516,,,,,,,,,,2327125,19384
1786088925,33897257,,,,,5,-1497.220703125,1030.4815673828125,-792.2823486328125,-0.0002434128400636837,-0.07671864330768585,-0.0764019787311554,0.9941210746765137,1,2327125,19384
1786088925,41258870,1,-227.05795288085938,112.8119125366211,-22.979623794555664,,,,,,,,,,2327126,19384
1786088925,41258870,,,,,5,-1497.2147216796875,1030.49072265625,-792.2560424804688,-6.388008478097618e-05,-0.07652158290147781,-0.07659813016653061,0.9941213726997375,1,2327126,19384
1786088925,50900623,1,-227.04763793945312,112.96672058105469,-22.970815658569336,,,,,,,,,,2327127,19384
1786088925,50900623,,,,,5,-1497.1966552734375,1030.4852294921875,-792.2699584960938,-0.0005110047641210258,-0.07671535015106201,-0.07588737457990646,0.9941607117652893,1,2327127,19384
1786088925,58733414,1,-226.90032958984375,113.07009887695312,-22.965974807739258,,,,,,,,,,2327128,19384
1786088925,58733414,,,,,5,-1497.198974609375,1030.477783203125,-792.2529296875,-0.00044619612162932754,-0.07673127949237823,-0.07618207484483719,0.9941370487213135,1,2327128,19384
1786088925,65920335,1,-227.18553161621094,113.58617401123047,-23.01268768310547,,,,,,,,,,2327129,19384
1786088925,65920335,,,,,5,-1497.1956787109375,1030.4462890625,-792.2516479492188,-0.0005990799400024116,-0.07653077691793442,-0.07526689022779465,0.994222104549408,1,2327129,19384
1786088925,75434278,1,-226.87876892089844,112.99186706542969,-22.8902530670166,,,,,,,,,,2327130,19384
1786088925,75434278,,,,,5,-1497.1707763671875,1030.4403076171875,-792.2574462890625,-0.0008799309725873172,-0.07668878883123398,-0.07482778280973434,0.9942428469657898,1,2327130,19384
1786088925,83901832,1,-226.91278076171875,112.94075012207031,-22.888832092285156,,,,,,,,,,2327131,19384
1786088925,83901832,,,,,5,-1497.2215576171875,1030.4720458984375,-792.25341796875,0.0002745465899351984,-0.07655248045921326,-0.07737350463867188,0.9940588474273682,1,2327131,19384
1786088925,91832736,1,-226.72457885742188,113.20054626464844,-22.82478141784668,,,,,,,,,,2327132,19384
1786088925,91832736,,,,,5,-1497.2003173828125,1030.4818115234375,-792.2643432617188,-0.00020301002950873226,-0.07679236680269241,-0.07658983767032623,0.9941010475158691,1,2327132,19384
1786088925,100704490,1,-226.77999877929688,113.2008285522461,-22.788898468017578,,,,,,,,,,2327133,19384
1786088925,100704490,,,,,5,-1497.2099609375,1030.4696044921875,-792.273193359375,-0.00022608294966630638,-0.07658147066831589,-0.07655949145555496,0.9941197037696838,1,2327133,19384
1786088925,107983958,1,-226.95372009277344,113.25023651123047,-22.808637619018555,,,,,,,,,,2327134,19384
1786088925,107983958,,,,,5,-1497.1768798828125,1030.4290771484375,-792.2670288085938,-0.0004226665187161416,-0.07664472609758377,-0.0755593404173851,0.9941912293434143,1,2327134,19384
1786088925,117265800,1,-227.0548858642578,113.69129943847656,-22.907634735107422,,,,,,,,,,2327135,19384
1786088925,117265800,,,,,5,-1497.2030029296875,1030.4754638671875,-792.27197265625,-8.754040027270094e-05,-0.07666467130184174,-0.0768289864063263,0.9940924048423767,1,2327135,19384
1786088925,125345059,1,-226.62425231933594,113.18309783935547,-22.778413772583008,,,,,,,,,,2327136,19384
1786088925,125345059,,,,,5,-1497.1881103515625,1030.4859619140625,-792.2734375,-0.00022446706134360284,-0.07675435394048691,-0.07636560499668121,0.9941211938858032,1,2327136,19384
1786088925,133068215,1,-227.13511657714844,114.14600372314453,-22.747854232788086,,,,,,,,,,2327137,19384
1786088925,133068215,,,,,5,-1497.2259521484375,1030.4915771484375,-792.2904663085938,-0.00012304872507229447,-0.07660514116287231,-0.07689180970191956,0.9940921664237976,1,2327137,19384
1786088925,142191878,1,-226.98385620117188,113.75849914550781,-22.831621170043945,,,,,,,,,,2327138,19384
1786088925,142191878,,,,,5,-1497.2030029296875,1030.4765625,-792.2667236328125,-0.0002495709341019392,-0.07672472298145294,-0.07663215696811676,0.9941030144691467,1,2327138,19384
1786088925,150161439,1,-227.02804565429688,114.00301361083984,-22.519527435302734,,,,,,,,,,2327139,19384
1786088925,150161439,,,,,5,-1497.18603515625,1030.4578857421875,-792.2775268554688,-0.00021014588128309697,-0.07675237953662872,-0.0765204206109047,0.9941093921661377,1,2327139,19384
1786088925,159042217,1,-227.070556640625,113.90074157714844,-22.829265594482422,,,,,,,,,,2327140,19384
1786088925,159042217,,,,,5,-1497.2086181640625,1030.4432373046875,-792.2805786132812,-0.000326523237163201,-0.07684290409088135,-0.07613012939691544,0.9941324591636658,1,2327140,19384
1786088925,166994658,1,-227.04461669921875,113.94579315185547,-22.52825164794922,,,,,,,,,,2327141,19384
1786088925,166994658,,,,,5,-1497.207763671875,1030.46435546875,-792.2722778320312,-0.000348414178006351,-0.07677000761032104,-0.07647321373224258,0.9941116571426392,1,2327141,19384
1786088925,175251616,1,-226.9021759033203,112.70975494384766,-22.598134994506836,,,,,,,,,,2327142,19384
1786088925,175251616,,,,,5,-1497.2047119140625,1030.4862060546875,-792.2804565429688,-0.00024742624373175204,-0.07675974071025848,-0.0765228420495987,0.9941086769104004,1,2327142,19384
1786088925,183824837,1,-227.1842498779297,113.95677185058594,-22.667268753051758,,,,,,,,,,2327143,19384
1786088925,183824837,,,,,5,-1497.2144775390625,1030.4462890625,-792.242431640625,-0.0006106705986894667,-0.07682473212480545,-0.07537384331226349,0.9941912889480591,1,2327143,19384
1786088925,191844798,1,-227.29014587402344,113.76366424560547,-22.472265243530273,,,,,,,,,,2327144,19384
1786088925,191844798,,,,,5,-1497.2027587890625,1030.4544677734375,-792.2990112304688,-0.00047787028597667813,-0.07683734595775604,-0.07585091143846512,0.9941540956497192,1,2327144,19384
1786088925,200674984,1,-227.2890167236328,113.91120147705078,-22.47563362121582,,,,,,,,,,2327145,19384
1786088925,200674984,,,,,5,-1497.2000732421875,1030.4852294921875,-792.2594604492188,-0.0003069291706196964,-0.07681328803300858,-0.0763561874628067,0.9941173791885376,1,2327145,19384
1786088925,208609344,1,-226.79595947265625,114.44481658935547,-22.95237922668457,,,,,,,,,,2327146,19384
1786088925,208609344,,,,,5,-1497.2294921875,1030.422607421875,-792.2581176757812,-0.00017822824884206057,-0.07668718695640564,-0.07606503367424011,0.9941494464874268,1,2327146,19384
1786088925,217614093,1,-227.42709350585938,113.66117858886719,-22.42613410949707,,,,,,,,,,2327147,19384
1786088925,217614093,,,,,5,-1497.224853515625,1030.4593505859375,-792.2948608398438,-0.0004317966813687235,-0.0767558291554451,-0.07571756839752197,0.9941707253456116,1,2327147,19384
1786088925,225133917,1,-227.41029357910156,113.94998931884766,-22.362695693969727,,,,,,,,,,2327148,19384
1786088925,225133917,,,,,5,-1497.2249755859375,1030.4501953125,-792.2857666015625,-0.0004881508066318929,-0.0768219456076622,-0.07632410526275635,0.9941191077232361,1,2327148,19384
1786088925,234011527,1,-227.4661407470703,113.771728515625,-22.53050422668457,,,,,,,,,,2327149,19384
1786088925,234011527,,,,,5,-1497.2288818359375,1030.47509765625,-792.2687377929688,-0.0003353966458234936,-0.07659425586462021,-0.07660762965679169,0.994114875793457,1,2327149,19384
1786088925,241488279,1,-227.52316284179688,113.7851333618164,-22.574321746826172,,,,,,,,,,2327150,19384
1786088925,241488279,,,,,5,-1497.2120361328125,1030.4549560546875,-792.2962036132812,-0.00024026409664656967,-0.0766981989145279,-0.07691128551959991,0.9940834045410156,1,2327150,19384
1786088925,250641446,1,-227.5556640625,113.72549438476562,-22.481191635131836,,,,,,,,,,2327151,19384
1786088925,250641446,,,,,5,-1497.1961669921875,1030.416015625,-792.2714233398438,-0.00010181208926951513,-0.07662903517484665,-0.07654925435781479,0.9941167831420898,1,2327151,19384
1786088925,259687924,1,-227.61001586914062,113.8463363647461,-22.509538650512695,,,,,,,,,,2327152,19384
1786088925,259687924,,,,,5,-1497.2152099609375,1030.4644775390625,-792.2763061523438,-0.00017615569231566042,-0.07661734521389008,-0.07686610519886017,0.9940931797027588,1,2327152,19384
1786088925,266628153,1,-227.13693237304688,114.36369323730469,-22.932668685913086,,,,,,,,,,2327153,19384
1786088925,266628153,,,,,5,-1497.1900634765625,1030.4234619140625,-792.3040771484375,-0.0008418131619691849,-0.07690305262804031,-0.07535289973020554,0.9941867589950562,1,2327153,19384
1786088925,275545092,1,-227.6530303955078,113.77253723144531,-22.470230102539062,,,,,,,,,,2327154,19384
1786088925,275545092,,,,,5,-1497.2073974609375,1030.407958984375,-792.2581787109375,-6.107972149038687e-05,-0.07660354673862457,-0.07667438685894012,0.994109034538269,1,2327154,19384
1786088925,283841475,1,-227.7881317138672,113.83657836914062,-22.434919357299805,,,,,,,,,,2327155,19384
1786088925,283841475,,,,,5,-1497.187255859375,1030.441162109375,-792.2789306640625,-0.00039190001552924514,-0.07660850882530212,-0.07660733908414841,0.9941137433052063,1,2327155,19384
1786088925,291377491,1,-227.9171142578125,112.4940185546875,-21.409717559814453,,,,,,,,,,2327156,19384
1786088925,291377491,,,,,5,-1497.208984375,1030.4251708984375,-792.257080078125,-0.00022743245062883943,-0.0766226276755333,-0.0760500431060791,0.9941555261611938,1,2327156,19384
1786088925,300694182,1,-227.2515869140625,114.36759185791016,-22.842256546020508,,,,,,,,,,2327157,19384
1786088925,300694182,,,,,5,-1497.1971435546875,1030.482666015625,-792.2803344726562,-0.0008528929320164025,-0.0764891654253006,-0.07491715252399445,0.994251549243927,1,2327157,19384
1786088925,309397997,1,-227.96510314941406,113.99703979492188,-22.40386962890625,,,,,,,,,,2327158,19384
1786088925,309397997,,,,,5,-1497.2008056640625,1030.4774169921875,-792.2836303710938,-0.0005671547842212021,-0.07676874846220016,-0.07587587088346481,0.9941573739051819,1,2327158,19384
1786088925,316389171,1,-227.75341796875,113.73921203613281,-22.432022094726562,,,,,,,,,,2327159,19384
1786088925,316389171,,,,,5,-1497.1937255859375,1030.434326171875,-792.2828979492188,-0.0003829537017736584,-0.07676565647125244,-0.07645156979560852,0.9941136837005615,1,2327159,19384
1786088925,325486434,1,-227.40528869628906,114.33003234863281,-23.079946517944336,,,,,,,,,,2327160,19384
1786088925,325486434,,,,,5,-1497.2073974609375,1030.4373779296875,-792.2649536132812,5.776240868726745e-05,-0.076649010181427,-0.07705585658550262,0.9940760731697083,1,2327160,19384
1786088925,334119367,1,-227.90335083007812,113.86612701416016,-22.591808319091797,,,,,,,,,,2327161,19384
1786088925,334119367,,,,,5,-1497.19921875,1030.4600830078125,-792.2774047851562,-0.0003555858856998384,-0.07675860822200775,-0.0765111893415451,0.9941096901893616,1,2327161,19384
1786088925,343023666,1,-227.46311950683594,114.32586669921875,-22.99114990234375,,,,,,,,,,2327162,19384
1786088925,343023666,,,,,5,-1497.2205810546875,1030.4520263671875,-792.2911376953125,-0.0003995402075815946,-0.07669557631015778,-0.07611943036317825,0.9941444993019104,1,2327162,19384
1786088925,350916393,1,-227.1829376220703,113.16593170166016,-22.785743713378906,,,,,,,,,,2327163,19384
1786088925,350916393,,,,,5,-1497.1964111328125,1030.4661865234375,-792.3037109375,-0.00031046499498188496,-0.0767308697104454,-0.07653452455997467,0.9941099882125854,1,2327163,19384
1786088925,358197909,1,-227.92506408691406,114.03216552734375,-22.686439514160156,,,,,,,,,,2327164,19384
1786088925,358197909,,,,,5,-1497.2171630859375,1030.4754638671875,-792.2875366210938,-0.00034642408718355,-0.0766257718205452,-0.07641486078500748,0.9941272139549255,1,2327164,19384
1786088925,367325092,1,-227.14907836914062,113.22561645507812,-22.776988983154297,,,,,,,,,,2327165,19384
1786088925,367325092,,,,,5,-1497.182861328125,1030.4320068359375,-792.2828369140625,-0.0008023645495995879,-0.0767250508069992,-0.07468178868293762,0.9942511320114136,1,2327165,19384
1786088925,375182395,1,-227.34413146972656,113.11846923828125,-22.81996726989746,,,,,,,,,,2327166,19384
1786088925,375182395,,,,,5,-1497.2109375,1030.4586181640625,-792.287841796875,-0.0005771687137894332,-0.07673998177051544,-0.0754510685801506,0.9941920042037964,1,2327166,19384
1786088925,383131507,1,-227.5739288330078,114.30879211425781,-23.11250877380371,,,,,,,,,,2327167,19384
1786088925,383131507,,,,,5,-1497.202392578125,1030.48681640625,-792.2604370117188,-0.00048196507850661874,-0.07667681574821472,-0.07591714709997177,0.9941613674163818,1,2327167,19384
1786088925,392125952,1,-227.39361572265625,113.10399627685547,-22.880945205688477,,,,,,,,,,2327168,19384
1786088925,392125952,,,,,5,-1497.222412109375,1030.4532470703125,-792.2694702148438,-0.0003573038266040385,-0.07667171210050583,-0.07642737776041031,0.9941228032112122,1,2327168,19384
1786088925,401271887,1,-227.8135986328125,112.84888458251953,-22.506591796875,,,,,,,,,,2327169,19384
1786088925,401271887,,,,,5,-1497.1817626953125,1030.425048828125,-792.2835693359375,-0.00047612591879442334,-0.07657737284898758,-0.07581114768981934,0.9941772222518921,1,2327169,19384
1786088925,408766847,1,-227.30105590820312,113.1623306274414,-22.95256996154785,,,,,,,,,,2327170,19384
1786088925,408766847,,,,,5,-1497.2056884765625,1030.4334716796875,-792.244873046875,-0.0001624137512408197,-0.07666672766208649,-0.07634237408638,0.9941298365592957,1,2327170,19384
1786088925,415936456,1,-227.36097717285156,113.18925476074219,-22.792417526245117,,,,,,,,,,2327171,19384
1786088925,415936456,,,,,5,-1497.1707763671875,1030.4205322265625,-792.3089599609375,-0.0007265425520017743,-0.07695183157920837,-0.07612542808055878,0.9941241145133972,1,2327171,19384
1786088925,425283580,1,-227.96202087402344,112.76459503173828,-22.454984664916992,,,,,,,,,,2327172,19384
1786088925,425283580,,,,,5,-1497.1868896484375,1030.4710693359375,-792.285400390625,-0.00035475677577778697,-0.07676835358142853,-0.07635501027107239,0.9941208958625793,1,2327172,19384
1786088925,432913934,1,-227.26715087890625,113.24705505371094,-22.74047088623047,,,,,,,,,,2327173,19384
1786088925,432913934,,,,,5,-1497.196044921875,1030.4454345703125,-792.255615234375,-0.0002702131459955126,-0.07660949230194092,-0.07697834819555283,0.9940850734710693,1,2327173,19384
1786088925,442397540,1,-227.87930297851562,112.8425064086914,-22.55721664428711,,,,,,,,,,2327174,19384
1786088925,442397540,,,,,5,-1497.169921875,1030.4720458984375,-792.2781372070312,-0.00036584693589247763,-0.0766376256942749,-0.07692055404186249,0.9940873384475708,1,2327174,19384
1786088925,450437054,1,-227.70510864257812,114.32894134521484,-23.20640754699707,,,,,,,,,,2327175,19384
1786088925,450437054,,,,,5,-1497.1502685546875,1030.5618896484375,-792.3126831054688,-0.0007901847711764276,-0.07647944986820221,-0.07571568340063095,0.9941918253898621,1,2327175,19384
1786088925,458110289,1,-227.3372344970703,113.09822845458984,-22.966856002807617,,,,,,,,,,2327176,19384
1786088925,458110289,,,,,5,-1497.1451416015625,1030.5255126953125,-792.2770385742188,-0.0004412250127643347,-0.07654181122779846,-0.0777093842625618,0.9940333366394043,1,2327176,19384
1786088925,467543686,1,-227.88487243652344,112.8343505859375,-22.598323822021484,,,,,,,,,,2327177,19384
1786088925,467543686,,,,,5,-1497.13720703125,1030.5301513671875,-792.281494140625,-0.00038232232327573,-0.07641184329986572,-0.07781721651554108,0.9940350651741028,1,2327177,19384
1786088925,474849810,1,-227.93289184570312,112.86442565917969,-22.594926834106445,,,,,,,,,,2327178,19384
1786088925,474849810,,,,,5,-1497.088134765625,1030.5113525390625,-792.2601928710938,-0.00020994164515286684,-0.07623007148504257,-0.07795362174510956,0.9940384030342102,1,2327178,19384
1786088925,483930240,1,-227.35691833496094,113.23094940185547,-23.029367446899414,,,,,,,,,,2327179,19384
1786088925,483930240,,,,,5,-1497.2176513671875,1030.43994140625,-792.2589111328125,-0.00033157385769300163,-0.07681340724229813,-0.0758662223815918,0.9941549897193909,1,2327179,19384
1786088925,492169822,1,-227.23800659179688,113.39425659179688,-22.814311981201172,,,,,,,,,,2327180,19384
1786088925,492169822,,,,,5,-1497.0745849609375,1030.6171875,-792.2474975585938,-0.0005964773590676486,-0.07616688311100006,-0.07959243655204773,0.9939131736755371,1,2327180,19384
1786088925,499712175,1,-227.41346740722656,113.1777114868164,-22.946521759033203,,,,,,,,,,2327181,19384
1786088925,499712175,,,,,5,-1497.218017578125,1030.43798828125,-792.2840576171875,-0.00045790508738718927,-0.07680395990610123,-0.07576719671487808,0.9941630959510803,1,2327181,19384
1786088925,508880447,1,-227.31056213378906,113.17945861816406,-22.991506576538086,,,,,,,,,,2327182,19384
1786088925,508880447,,,,,5,-1497.2086181640625,1030.489013671875,-792.239013671875,-0.0006485029589384794,-0.0766584649682045,-0.07545364648103714,0.9941980838775635,1,2327182,19384
1786088925,517625543,1,-227.91595458984375,112.83091735839844,-22.59192657470703,,,,,,,,,,2327183,19384
1786088925,517625543,,,,,5,-1497.1904296875,1030.4560546875,-792.252685546875,-0.0006889426149427891,-0.0766819566488266,-0.07578462362289429,0.9941710233688354,1,2327183,19384
1786088925,524698254,1,-227.3110809326172,113.23513793945312,-23.026756286621094,,,,,,,,,,2327184,19384
1786088925,524698254,,,,,5,-1497.1771240234375,1030.4920654296875,-792.2509155273438,-0.0008267390076071024,-0.07650288939476013,-0.07511276751756668,0.9942356944084167,1,2327184,19384
1786088925,534396424,1,-227.33444213867188,113.13825225830078,-22.938806533813477,,,,,,,,,,2327185,19384
1786088925,534396424,,,,,5,-1497.1666259765625,1030.4871826171875,-792.2394409179688,-0.0010594388004392385,-0.07636285573244095,-0.07496430724859238,0.9942574501037598,1,2327185,19384
1786088925,542137693,1,-227.3392333984375,113.22261810302734,-23.02027702331543,,,,,,,,,,2327186,19384
1786088925,542137693,,,,,5,-1497.248291015625,1030.43505859375,-792.2547607421875,-5.2941697504138574e-05,-0.07708754390478134,-0.07649494707584381,0.9940854907035828,1,2327186,19384
1786088925,549549931,1,-227.9268035888672,112.81591796875,-22.553407669067383,,,,,,,,,,2327187,19384
1786088925,549549931,,,,,5,-1497.2509765625,1030.4425048828125,-792.2650146484375,0.00016442465130239725,-0.07694344222545624,-0.07729365676641464,0.9940348863601685,1,2327187,19384
1786088925,559086850,1,-227.27044677734375,113.1457748413086,-22.997453689575195,,,,,,,,,,2327188,19384
1786088925,559086850,,,,,5,-1497.2554931640625,1030.4329833984375,-792.2896728515625,-0.0002234537387266755,-0.07707028836011887,-0.07635272294282913,0.9940978288650513,1,2327188,19384
1786088925,566928408,1,-227.2646484375,113.16346740722656,-22.98042106628418,,,,,,,,,,2327189,19384
1786088925,566928408,,,,,5,-1497.2607421875,1030.4334716796875,-792.26953125,-0.00010998240031767637,-0.07705751061439514,-0.07655152678489685,0.9940834641456604,1,2327189,19384
1786088925,574916401,1,-227.70904541015625,112.94461059570312,-22.473308563232422,,,,,,,,,,2327190,19384
1786088925,574916401,,,,,5,-1497.255126953125,1030.4217529296875,-792.2719116210938,-8.230171806644648e-05,-0.07700631022453308,-0.07644956558942795,0.9940953254699707,1,2327190,19384
1786088925,583655513,1,-227.73434448242188,112.89588165283203,-22.648433685302734,,,,,,,,,,2327191,19384
1786088925,583655513,,,,,5,-1497.2596435546875,1030.4476318359375,-792.2474365234375,0.00015622316277585924,-0.07696964591741562,-0.07678433507680893,0.9940723180770874,1,2327191,19384
1786088925,591555601,1,-227.71060180664062,112.92037200927734,-22.623722076416016,,,,,,,,,,2327192,19384
1786088925,591555601,,,,,5,-1497.2486572265625,1030.4486083984375,-792.2030639648438,-0.0002520131238270551,-0.07707858830690384,-0.07644667476415634,0.9940897822380066,1,2327192,19384
1786088925,600573726,1,-227.7419891357422,112.81222534179688,-22.65111541748047,,,,,,,,,,2327193,19384
1786088925,600573726,,,,,5,-1497.251953125,1030.431884765625,-792.2718505859375,-3.4669660635699984e-06,-0.0770639181137085,-0.07689774036407471,0.994056224822998,1,2327193,19384
1786088925,608548374,1,-227.66970825195312,113.09175109863281,-22.501819610595703,,,,,,,,,,2327194,19384
1786088925,608548374,,,,,5,-1497.2489013671875,1030.4324951171875,-792.272705078125,-5.410367975855479e-07,-0.07713247090578079,-0.07640238851308823,0.9940890669822693,1,2327194,19384
1786088925,617067002,1,-227.15806579589844,113.09595489501953,-22.949193954467773,,,,,,,,,,2327195,19384
1786088925,617067002,,,,,5,-1497.2562255859375,1030.412353515625,-792.25927734375,-0.00011985150922555476,-0.07711317390203476,-0.07651441544294357,0.9940820336341858,1,2327195,19384
1786088925,626100199,1,-227.77301025390625,112.97869110107422,-22.65952491760254,,,,,,,,,,2327196,19384
1786088925,626100199,,,,,5,-1497.2562255859375,1030.4300537109375,-792.2415161132812,-7.825430657248944e-05,-0.07706619054079056,-0.07612276822328568,0.9941157102584839,1,2327196,19384
1786088925,634216131,1,-227.72982788085938,112.9098892211914,-22.653409957885742,,,,,,,,,,2327197,19384
1786088925,634216131,,,,,5,-1497.2681884765625,1030.4444580078125,-792.2850341796875,9.808963659452274e-05,-0.07715044915676117,-0.07667920738458633,0.9940664172172546,1,2327197,19384
1786088925,641578000,1,-227.65399169921875,112.92340087890625,-22.570636749267578,,,,,,,,,,2327198,19384
1786088925,641578000,,,,,5,-1497.2645263671875,1030.4334716796875,-792.232177734375,0.0001531945017632097,-0.0770178884267807,-0.07662161439657211,0.9940811991691589,1,2327198,19384
1786088925,650915715,1,-227.6217041015625,113.0281753540039,-22.632293701171875,,,,,,,,,,2327199,19384
1786088925,650915715,,,,,5,-1497.281494140625,1030.4324951171875,-792.2619018554688,0.00010096399637404829,-0.07699545472860336,-0.07656744867563248,0.9940871000289917,1,2327199,19384
1786088925,659375045,1,-227.16366577148438,113.20093536376953,-22.904041290283203,,,,,,,,,,2327200,19384
1786088925,659375045,,,,,5,-1497.2799072265625,1030.4613037109375,-792.2675170898438,0.0001430201664334163,-0.07685194164514542,-0.07683361321687698,0.9940775632858276,1,2327200,19384
1786088925,667360638,1,-227.3444366455078,114.33209991455078,-23.092945098876953,,,,,,,,,,2327201,19384
1786088925,667360638,,,,,5,-1497.26171875,1030.4288330078125,-792.2664794921875,-0.00018912780797109008,-0.07713493704795837,-0.07602126151323318,0.9941181540489197,1,2327201,19384
1786088925,676175976,1,-227.10935974121094,113.1977767944336,-22.854820251464844,,,,,,,,,,2327202,19384
1786088925,676175976,,,,,5,-1497.2518310546875,1030.427490234375,-792.2728271484375,-0.00038425499224103987,-0.07705146074295044,-0.07563173770904541,0.9941542744636536,1,2327202,19384
1786088925,683649591,1,-227.50506591796875,113.18323516845703,-22.60501480102539,,,,,,,,,,2327203,19384
1786088925,683649591,,,,,5,-1497.2327880859375,1030.4061279296875,-792.2474365234375,-2.9923373858764535e-06,-0.07697825133800507,-0.07658225297927856,0.994087278842926,1,2327203,19384
1786088925,691263849,1,-226.96246337890625,113.12024688720703,-22.929920196533203,,,,,,,,,,2327204,19384
1786088925,691263849,,,,,5,-1497.2342529296875,1030.414794921875,-792.2543334960938,0.0001470112329116091,-0.07683508843183517,-0.07691261172294617,0.9940727949142456,1,2327204,19384
1786088925,700588444,1,-227.11497497558594,113.04084014892578,-22.932235717773438,,,,,,,,,,2327205,19384
1786088925,700588444,,,,,5,-1497.241455078125,1030.4202880859375,-792.2434692382812,-0.00035567968734540045,-0.07722686976194382,-0.07592970877885818,0.9941179752349854,1,2327205,19384
1786088925,708556309,1,-227.37875366210938,113.09848022460938,-22.670087814331055,,,,,,,,,,2327206,19384
1786088925,708556309,,,,,5,-1497.24609375,1030.423095703125,-792.25048828125,5.95815472479444e-05,-0.07716740667819977,-0.07652943581342697,0.994076669216156,1,2327206,19384
1786088925,717573953,1,-227.62762451171875,112.94768524169922,-22.541772842407227,,,,,,,,,,2327207,19384
1786088925,717573953,,,,,5,-1497.282470703125,1030.427001953125,-792.2382202148438,-0.00032941997051239014,-0.07699283212423325,-0.0756855383515358,0.9941548109054565,1,2327207,19384
1786088925,725435576,1,-227.8380584716797,113.84999084472656,-22.548728942871094,,,,,,,,,,2327208,19384
1786088925,725435576,,,,,5,-1497.245361328125,1030.3856201171875,-792.274658203125,0.00029482279205694795,-0.07705295085906982,-0.07696902006864548,0.9940515756607056,1,2327208,19384
1786088925,733006889,1,-227.35621643066406,114.28140258789062,-23.118837356567383,,,,,,,,,,2327209,19384
1786088925,733006889,,,,,5,-1497.2406005859375,1030.4990234375,-792.2889404296875,-0.0003020514559466392,-0.07702197134494781,-0.07530022412538528,0.994181752204895,1,2327209,19384
1786088925,742040983,1,-227.3326873779297,114.26246643066406,-23.069929122924805,,,,,,,,,,2327210,19384
1786088925,742040983,,,,,5,-1497.2691650390625,1030.44384765625,-792.2501831054688,-0.00010764219041448087,-0.07710786908864975,-0.07631474733352661,0.9940978288650513,1,2327210,19384
1786088925,750457240,1,-227.51463317871094,113.02276611328125,-22.572734832763672,,,,,,,,,,2327211,19384
1786088925,750457240,,,,,5,-1497.2347412109375,1030.4158935546875,-792.2786865234375,-0.0001797559525584802,-0.07706476747989655,-0.07593764364719391,0.9941299557685852,1,2327211,19384
1786088925,757904135,1,-227.84048461914062,113.80000305175781,-22.633737564086914,,,,,,,,,,2327212,19384
1786088925,757904135,,,,,5,-1497.2513427734375,1030.4412841796875,-792.2708740234375,0.00011012929462594911,-0.07714007049798965,-0.07661153376102448,0.994072437286377,1,2327212,19384
1786088925,767253850,1,-227.37037658691406,114.26464080810547,-23.051204681396484,,,,,,,,,,2327213,19384
1786088925,767253850,,,,,5,-1497.25,1030.442138671875,-792.280029296875,-9.209818381350487e-05,-0.07693712413311005,-0.07645338028669357,0.9941003322601318,1,2327213,19384
1786088925,775644603,1,-227.07272338867188,113.15960693359375,-22.803857803344727,,,,,,,,,,2327214,19384
1786088925,775644603,,,,,5,-1497.2698974609375,1030.4320068359375,-792.3025512695312,-0.00010876192391151562,-0.07702754437923431,-0.076278455555439,0.9941067695617676,1,2327214,19384
1786088925,782975592,1,-227.72625732421875,113.9708480834961,-22.676671981811523,,,,,,,,,,2327215,19384
1786088925,782975592,,,,,5,-1497.2679443359375,1030.459716796875,-792.2635498046875,0.00035918201319873333,-0.07708408683538437,-0.07723243534564972,0.9940285682678223,1,2327215,19384
1786088925,792144088,1,-227.74513244628906,113.7250747680664,-22.48876190185547,,,,,,,,,,2327216,19384
1786088925,792144088,,,,,5,-1497.2769775390625,1030.4620361328125,-792.2605590820312,0.0002644744818098843,-0.07700762152671814,-0.07693734019994736,0.9940574765205383,1,2327216,19384
1786088925,800072272,1,-227.76292419433594,113.80558013916016,-22.608308792114258,,,,,,,,,,2327217,19384
1786088925,800072272,,,,,5,-1497.2747802734375,1030.416015625,-792.2990112304688,-0.00021202619245741516,-0.07705623656511307,-0.07610612362623215,0.994117796421051,1,2327217,19384
1786088925,808813591,1,-227.84518432617188,113.80030059814453,-22.580608367919922,,,,,,,,,,2327218,19384
1786088925,808813591,,,,,5,-1497.2496337890625,1030.4310302734375,-792.2634887695312,-7.350312080234289e-05,-0.07711063325405121,-0.07623724639415741,0.9941034317016602,1,2327218,19384
1786088925,817134551,1,-227.80870056152344,113.83940124511719,-22.493104934692383,,,,,,,,,,2327219,19384
1786088925,817134551,,,,,5,-1497.2781982421875,1030.4544677734375,-792.29833984375,-1.1801911568909418e-05,-0.07707332819700241,-0.0765148177742958,0.9940850138664246,1,2327219,19384
1786088925,825066319,1,-228.0730438232422,113.5109634399414,-22.955595016479492,,,,,,,,,,2327220,19384
1786088925,825066319,,,,,5,-1497.245361328125,1030.4281005859375,-792.2523803710938,-0.00021654125885106623,-0.07688172906637192,-0.07594536989927292,0.9941436648368835,1,2327220,19384
1786088925,834114205,1,-227.83755493164062,113.6802978515625,-22.427852630615234,,,,,,,,,,2327221,19384
1786088925,834114205,,,,,5,-1497.2662353515625,1030.451904296875,-792.2589111328125,9.112467523664236e-05,-0.0769878402352333,-0.07688342779874802,0.9940632581710815,1,2327221,19384
1786088925,842345338,1,-227.37515258789062,114.26188659667969,-23.054306030273438,,,,,,,,,,2327222,19384
1786088925,842345338,,,,,5,-1497.2652587890625,1030.4493408203125,-792.2494506835938,4.4640430132858455e-05,-0.07699982076883316,-0.07659829407930374,0.9940844178199768,1,2327222,19384
1786088925,849923884,1,-226.97857666015625,113.18065643310547,-22.925554275512695,,,,,,,,,,2327223,19384
1786088925,849923884,,,,,5,-1497.272705078125,1030.4656982421875,-792.2658081054688,0.0003116003063041717,-0.0769447460770607,-0.0770702064037323,0.9940521121025085,1,2327223,19384
1786088925,858661523,1,-227.0933074951172,113.01992797851562,-22.936758041381836,,,,,,,,,,2327224,19384
1786088925,858661523,,,,,5,-1497.2532958984375,1030.44384765625,-792.2998657226562,-1.7388711057719775e-05,-0.0771498754620552,-0.07629786431789398,0.9940958619117737,1,2327224,19384
1786088925,867148630,1,-227.35401916503906,114.3995361328125,-22.784778594970703,,,,,,,,,,2327225,19384
1786088925,867148630,,,,,5,-1497.234619140625,1030.4222412109375,-792.2616577148438,-0.0003006992628797889,-0.07729966938495636,-0.07571301609277725,0.9941288828849792,1,2327225,19384
1786088925,874834698,1,-227.4655303955078,113.1186752319336,-22.540475845336914,,,,,,,,,,2327226,19384
1786088925,874834698,,,,,5,-1497.2401123046875,1030.4053955078125,-792.2532348632812,-0.00013852758274879307,-0.07691721618175507,-0.07632812857627869,0.9941115975379944,1,2327226,19384
1786088925,883971193,1,-227.50680541992188,113.04955291748047,-22.543397903442383,,,,,,,,,,2327227,19384
1786088925,883971193,,,,,5,-1497.254150390625,1030.444091796875,-792.2633056640625,-3.103783819824457e-05,-0.0769912376999855,-0.07659819722175598,0.9940850734710693,1,2327227,19384
1786088925,892008019,1,-227.5406951904297,113.01290130615234,-22.541791915893555,,,,,,,,,,2327228,19384
1786088925,892008019,,,,,5,-1497.2474365234375,1030.4033203125,-792.2684936523438,-7.005918450886384e-05,-0.07699009031057358,-0.07643112540245056,0.9940980076789856,1,2327228,19384
1786088925,899607077,1,-227.65145874023438,112.9056396484375,-22.53086280822754,,,,,,,,,,2327229,19384
1786088925,899607077,,,,,5,-1497.2523193359375,1030.45947265625,-792.2760009765625,2.0210269212839194e-05,-0.07694448530673981,-0.07694397866725922,0.9940619468688965,1,2327229,19384
